19.41648784,13.60147051,18.43908891,13.45362405,18.02775638,14.86606875,17.4642492,17.20465053,20.61552813,15.55634919,20.1246118,15.62049935,21.02379604,16.97056275,20.59126028,17.69180601,20.80865205,18.38477631,21.9544984,17.80449381,24.41311123,20,24.8394847,20,26.40075756,19.41648784,27.20294102,20,26.40075756,20.24845673,28.8444102,20.80865205,30,19.72308292,30,21.02379604,33.60059523,19.72308292,32.64965543,21.47091055,32.80243893,19.31320792,31.2409987,20.24845673,29.83286778,20.88061302,32.01562119,23.76972865,29.83286778,20.88061302,30.47950131,22.47220505
8.062257748,4.242640687,8.94427191,5,9.848857802,4.242640687,10,3.605551275,10.29563014,3.605551275,9.433981132,3.605551275,10.81665383,3.605551275,10.81665383,2.236067977,10,3.16227766,10.81665383,2.236067977,13.03840481,2,12.20655562,3.16227766,13.60147051,3,12.20655562,2.236067977,12.80624847,3.16227766,13.89244399,4.123105626,13.03840481,4.472135955,13.89244399,3.16227766,14.2126704,3.605551275,13.89244399,3.16227766,13.60147051,5,14.2126704,2.828427125,13,4.242640687,15.26433752,4.472135955,15.8113883,4.242640687,14.4222051,3.605551275
25.07987241,27.58622845,18.02775638,25.45584412,25.17935662,14.4222051,28.3019434,9.219544457,31.82766093,27.51363298,19.20937271,13.03840481,24.69817807,12.08304597,29.15475947,29.54657341,50.60632372,16.2788206,46.09772229,9.219544457,56.56854249,14.31782106,29.68164416,10.63014581,34.71310992,12.80624847,37.94733192,3.605551275,36.23534186,9.848857802,40.85339643,5.385164807,38.41874542,24.08318916,41.03656906,27.07397274,43.26661531,24.33105012,41.43669871,8.602325267,42.15447782,7.615773106,36.05551275,12.16552506,42.04759208,18.43908891,58.18075283,27.16615541,40.19950248,14.14213562,48.76474136,13.03840481
21.1896201,73.00684899,31.06444913,70.77428912,25.49509757,66.73080248,32.24903099,68.54195795,24.69817807,72.23572523,21.02379604,74.79304781,29,64.88451279,30.46309242,76.53757247,29.06888371,64.20280368,22.02271555,60.10823571,29.73213749,84.64632302,30.8058436,80.05623024,31.89043744,77.80102827,22.6715681,83.76156637,19.84943324,87.80091116,14.86606875,101.7889974,16.15549442,102.3034701,18.38477631,99.80981916,24.59674775,104.890419,19.23538406,96.20810777,19.31320792,90.90654542,23.02172887,95.52486587,29.27456234,78.81624198,24,102.3034701,31.04834939,94.84724561,32.38826948,94.36630755
11.18033989,3.605551275,11.66190379,3.16227766,13.03840481,2.828427125,13.45362405,2.236067977,13.03840481,2.236067977,13.45362405,2.828427125,13.45362405,2.236067977,15.62049935,0,7.615773106,3,12.04159458,5,16.2788206,5,14.86606875,2.236067977,14.14213562,1.414213562,15.55634919,2,14.86606875,3.16227766,17.69180601,3.605551275,18.38477631,4.472135955,15.62049935,5.830951895,17.69180601,4.242640687,13.45362405,5.656854249,15.62049935,6.403124237,17.02938637,6.403124237,14.4222051,5.830951895,15.62049935,8.94427191,14.86606875,8.062257748,15.62049935,7.615773106
7.810249676,21.02379604,8.94427191,21.47091055,6.708203932,22.82542442,6.32455532,21.63330765,6.32455532,24.41311123,6.08276253,26.62705391,4.123105626,27.80287755,4,27.80287755,1.414213562,28.42534081,2.236067977,29.83286778,2.828427125,33.42154993,3.16227766,33.9705755,2.828427125,35.60898763,2,33.60059523,3.16227766,34.20526275,3.605551275,37.20215048,6.32455532,37.01351105,6.32455532,36.05551275,8,38.01315562,10,35.80502758,9.055385138,36.05551275,9.219544457,36.61966685,8.544003745,33.28663395,10.81665383,37.21558813,8.485281374,34.13209633,9.219544457,34.66987165
80.32434251,25.01999201,89.05054744,14.14213562,84.07734534,28.28427125,89,22.20360331,72.9451849,24.8394847,94.41398202,19.20937271,87.36704184,18.43908891,81.84130986,20.51828453,89.88882022,22.02271555,72.34638899,37.16180835,104.6231332,37.20215048,85.60373824,34.71310992,110.3086579,36.67424164,120.6026534,35.4682957,117.4436035,29.15475947,141.5980226,26.30589288,131.4001522,26.07680962,118.6001686,29.06888371,127.4754878,22.20360331,110.6797181,35.05709629,111.8257573,29.27456234,120.4159458,29.41088234,101.5135459,29.06888371,117.0683561,33.06055051,111.8659913,32.28002478,102.8250942,41.0487515
14.2126704,17.11724277,15,15.29705854,15.62049935,16.76305461,15.62049935,16.4924225,17.80449381,18.38477631,21.21320344,17.4642492,17.69180601,17.88854382,19.20937271,17.88854382,22.02271555,19.41648784,20.61552813,20,22.02271555,25,21.40093456,22.6715681,20.80865205,24.08318916,22.20360331,25.49509757,22.82542442,25,22.36067977,27.58622845,21.9544984,26.90724809,23.2594067,27.65863337,23.76972865,29,22.84731932,28.31960452,20.88061302,28.31960452,23.08679276,26.87005769,24.04163056,26.17250466,27.20294102,28.31960452,24.73863375,25.45584412,26.2488095,26.17250466
4.472135955,7.615773106,4.472135955,7.615773106,4.472135955,8.544003745,2.236067977,8.062257748,3.16227766,8.602325267,3.16227766,8.485281374,3.16227766,10,2,9.219544457,2,10.63014581,0,10.81665383,1,13.45362405,2.236067977,12.04159458,2.236067977,11.40175425,2.828427125,12.80624847,4.472135955,12.80624847,4.472135955,14.2126704,3.605551275,13.45362405,4.123105626,13.03840481,3.605551275,13.60147051,5.099019514,13.60147051,5.099019514,13.03840481,5.385164807,11.40175425,5.099019514,12.52996409,5,13.41640786,4,13.03840481,4.123105626,13.03840481
8.544003745,5.099019514,8.94427191,3.16227766,9.433981132,4.123105626,9.433981132,4.123105626,10.81665383,4.123105626,10.29563014,3,11.40175425,3.16227766,10.29563014,3.16227766,11.40175425,3.16227766,12.80624847,3.605551275,14.2126704,1.414213562,13.45362405,1.414213562,14.86606875,1.414213562,14.86606875,2.236067977,13.45362405,2,14.2126704,2.236067977,15,1.414213562,14.4222051,3,14.86606875,2.236067977,13.45362405,3.16227766,14.2126704,2.828427125,13.45362405,2.236067977,13.03840481,3.605551275,14.4222051,4.472135955,14.2126704,3.16227766,12.80624847,4.472135955
6,7.810249676,5.385164807,7.810249676,7.071067812,8.485281374,6.32455532,6.708203932,5.385164807,7.071067812,4.242640687,8.485281374,5,10,5,8.602325267,4,9.219544457,3.605551275,14.31782106,7.211102551,14.76482306,8.485281374,11.66190379,6.32455532,10,7.280109889,11.40175425,8.062257748,11.66190379,8.062257748,13.89244399,8.94427191,11.66190379,8.544003745,11.18033989,9.486832981,12.08304597,8.246211251,11.18033989,8.246211251,11.70469991,6.32455532,10.77032961,4.472135955,11.70469991,6.08276253,12.36931688,7,11.40175425,5.099019514,11.70469991
13.15294644,20.80865205,10.19803903,22.02271555,13,22.47220505,10.04987562,24.04163056,10.04987562,24.20743687,10.19803903,27.01851217,10.04987562,25.61249695,10.44030651,27.65863337,8.062257748,28.42534081,10.77032961,27.65863337,11.18033989,34.71310992,9.899494937,33.24154028,12.72792206,34.05877273,12.72792206,33.42154993,14.2126704,34.20526275,16.2788206,37.20215048,16.40121947,34.20526275,16.2788206,35.80502758,18.60107524,36.40054945,18.86796226,34.40930107,18.86796226,34.13209633,17.49285568,31.06444913,16.55294536,32.75667871,16.15549442,36.35931793,15.5241747,32.75667871,14.56021978,35.35533906
6,6.403124237,6,7.810249676,7.071067812,7.071067812,5.099019514,7.810249676,6.32455532,7.810249676,5.385164807,8.485281374,7.211102551,8.485281374,5.830951895,9.219544457,5.656854249,10,5.656854249,9.433981132,6.403124237,12.04159458,7.071067812,10.63014581,7.810249676,11.40175425,8.062257748,10.81665383,9.219544457,11.66190379,9.219544457,13.03840481,9.219544457,11.18033989,9.433981132,12.08304597,9.433981132,10.29563014,9.433981132,11.18033989,10.81665383,10.77032961,9.433981132,10.77032961,8.062257748,10.77032961,8.94427191,10.77032961,8.94427191,11.40175425,8.544003745,10.77032961
8.485281374,8.062257748,9.219544457,8.062257748,10.63014581,7.071067812,10.63014581,7.071067812,10,7.071067812,10.63014581,6.708203932,11.3137085,7.615773106,11.3137085,6.708203932,11.3137085,7.211102551,12.80624847,8.062257748,13.60147051,9.219544457,12.72792206,8.602325267,12.04159458,8.602325267,12.20655562,10,14.2126704,9.433981132,13.60147051,11.3137085,13.03840481,12.04159458,13.60147051,10.63014581,13.03840481,12.04159458,12.52996409,10.63014581,12.52996409,11.3137085,12.52996409,10.63014581,13.41640786,11.40175425,13,10,13,10.81665383,13.41640786,10
21.9317122,8.246211251,23.76972865,9.219544457,22.84731932,8.062257748,24.18677324,9.848857802,25.05992817,8.544003745,25.55386468,9.433981132,24.69817807,8.94427191,27.29468813,9.433981132,26.07680962,10.81665383,26.92582404,9.899494937,30,11.40175425,29.41088234,10.63014581,31.40063694,11.40175425,32.20248438,8.602325267,33.01514804,8.485281374,35.80502758,10.29563014,35.60898763,9.219544457,35.51056181,10.29563014,36.40054945,7.615773106,35.60898763,9.219544457,35,9.219544457,35,9.219544457,33.60059523,10.19803903,37.20215048,12,34.20526275,12.04159458,35.60898763,12.04159458
9.899494937,28,8.062257748,21.09502311,12.64911064,29.83286778,17.02938637,25.23885893,22.02271555,27.80287755,4,26.57066051,11.40175425,27.65863337,10.44030651,25,26.07680962,17.2626765,21.9317122,42.72001873,20,44.72135955,21.54065923,28.65309756,25,42.63801121,19.23538406,28.17800561,9.899494937,24.18677324,22.47220505,39.92492956,19.02629759,51.31276644,20.80865205,44.68780594,16.1245155,37.53664876,24.33105012,29.12043956,15.62049935,34.92849839,15.62049935,29.73213749,18.24828759,31.144823,35.0142828,38.01315562,25.61249695,30.8058436,27.20294102,29.83286778
11.40175425,21.9544984,12.04159458,23.02172887,9.219544457,25.8069758,9.433981132,25.8069758,8.602325267,26.40075756,6.708203932,27.01851217,8.544003745,27.80287755,6.32455532,29.06888371,6,29.06888371,6.08276253,28.31960452,5,31.2409987,4.472135955,31.144823,5.830951895,33.30165161,5.830951895,33.42154993,7.071067812,32.80243893,9.219544457,34.82814953,7.810249676,33.42154993,7.810249676,34.20526275,10.63014581,34.20526275,10.29563014,33.60059523,11.18033989,34.20526275,10.77032961,31.6227766,8.246211251,32.44996148,9.055385138,36.05551275,10.04987562,35.22782991,8.062257748,35.80502758
21.9544984,10.63014581,23.02172887,9.219544457,26.07680962,8.485281374,27.20294102,7.211102551,25.8069758,7.071067812,27.01851217,5.656854249,28.60069929,5,28.60069929,4.242640687,27.80287755,3.605551275,29.41088234,4,32.80243893,4.123105626,31.2409987,3.605551275,31.2409987,3.16227766,32.20248438,4.123105626,33.42154993,5.385164807,33.83784863,4.123105626,35.60898763,5.385164807,34.13209633,4.123105626,35.80502758,5,34.40930107,8.062257748,34.13209633,7,33.01514804,8.246211251,32.44996148,7,34.40930107,8.544003745,34.40930107,8.94427191,34.40930107,10.81665383
15.29705854,17.80449381,14.14213562,17.80449381,17.11724277,17.20465053,17.08800749,19.20937271,16.15549442,20.51828453,17.72004515,20.51828453,17,22.02271555,18.35755975,22.02271555,18.86796226,22.02271555,18.60107524,22.8035085,22.8035085,23.43074903,22.02271555,23.02172887,22.02271555,23.02172887,23.43074903,23.85372088,23.60084744,23.85372088,27.01851217,24.69817807,26.2488095,22.82542442,25.8069758,24.16609195,27.80287755,25.05992817,26.17250466,22.84731932,27.58622845,22.84731932,24.75883681,23.76972865,22.02271555,23.76972865,25.61249695,26.92582404,24.04163056,25.63201124,24.08318916,26.57066051
4.472135955,10.81665383,5.099019514,10.29563014,5.099019514,10.29563014,4,11.40175425,4.123105626,11.66190379,3,12.80624847,3.605551275,12.80624847,3.16227766,13.03840481,4.472135955,17,2.828427125,17.4642492,2.236067977,16.40121947,2.236067977,14.86606875,1.414213562,15.62049935,2.236067977,16.2788206,1,15.8113883,2.236067977,18.60107524,2,15.8113883,2.236067977,16.64331698,2.236067977,17.20465053,2.236067977,16.64331698,3,15.8113883,3.16227766,16.64331698,1.414213562,15.8113883,4.472135955,17.49285568,2.236067977,15.26433752,3.605551275,16.64331698
11.70469991,24.59674775,13.41640786,23.70653918,14.76482306,23.76972865,11.66190379,22.82542442,15.23154621,27.78488798,13.45362405,25,13.45362405,31.38470965,10.63014581,25,23.40939982,32.75667871,11.66190379,34.98571137,9.848857802,35.51056181,13.89244399,32.55764119,14.31782106,32.80243893,12.64911064,33.42154993,14.14213562,36.61966685,15.8113883,37.80211634,12.04159458,37.20215048,11.18033989,38.41874542,13.03840481,37.80211634,14.14213562,35.80502758,15.13274595,37.44329045,17.02938637,32.20248438,15.13274595,35.80502758,17,37.20215048,19.10497317,33.01514804,19.10497317,33.01514804
18.78829423,6.32455532,19.41648784,6.708203932,21.47091055,5.099019514,22.20360331,6.08276253,25.23885893,3.16227766,23.60084744,1.414213562,24.08318916,2.236067977,26.40075756,1,32.64965543,13,25.61249695,8.062257748,28.60069929,7.071067812,28.42534081,5,29.83286778,4.123105626,29.20616373,3,30.8058436,4.472135955,32.20248438,5,30.8058436,5.830951895,31.90611227,5,32.01562119,7.071067812,31.6227766,8.062257748,29.68164416,8.602325267,28.01785145,9.899494937,27.45906044,8.94427191,31.38470965,10.29563014,31.6227766,10.29563014,31.6227766,10.77032961
8.485281374,8.246211251,8.485281374,8.062257748,9.899494937,8.246211251,9.219544457,7.280109889,11.3137085,8.246211251,9.899494937,8.544003745,9.899494937,9.848857802,9.899494937,9.486832981,10.63014581,10.29563014,11.40175425,8.94427191,11.40175425,11.40175425,12.04159458,10.63014581,12.20655562,10.81665383,11.66190379,10.81665383,10.81665383,11.40175425,12.52996409,12.80624847,10.29563014,14.2126704,12.08304597,12.04159458,11.18033989,13.45362405,10.77032961,12.80624847,10.44030651,12.04159458,11.18033989,13.45362405,11.70469991,12.04159458,13,12.04159458,12.08304597,12.04159458,13.41640786,10.63014581
24.69817807,8.485281374,24.41311123,8.602325267,26.07680962,6.403124237,26.40075756,5,26.62705391,5,29.20616373,5,30,2.236067977,29.41088234,3.605551275,30.23243292,2.236067977,32.20248438,2,35,3.605551275,33.60059523,2.828427125,34.20526275,3.16227766,33.60059523,5.385164807,34.40930107,4.472135955,38.01315562,5.385164807,35.80502758,6.32455532,36.89173349,6.32455532,37.44329045,7.071067812,35.80502758,8.062257748,35.22782991,7,33.28663395,8.062257748,33.28663395,6.08276253,36.35931793,7.280109889,34.66987165,9.848857802,34.98571137,9.433981132
9.055385138,22.36067977,9.055385138,21.9544984,9,25.05992817,8.062257748,25.23885893,7.071067812,25.23885893,7.280109889,26.62705391,6.708203932,27.20294102,6.32455532,27.20294102,6.403124237,29.41088234,5.385164807,28.60069929,5,32.80243893,5,32.01562119,4.242640687,32.64965543,4,34.40930107,4.123105626,34.13209633,5.099019514,35.80502758,4,35,5,35.22782991,5.385164807,37.01351105,4.472135955,35,6.708203932,34.40930107,5.830951895,33.60059523,7.280109889,32.44996148,10.19803903,35,10.04987562,32.80243893,10.44030651,34.40930107
21.47091055,9.219544457,23.85372088,9.219544457,24.69817807,7.211102551,26.62705391,6.708203932,26.40075756,6.403124237,25.8069758,5.656854249,28.60069929,5,29.20616373,3.605551275,28.42534081,3.605551275,31.2409987,3.605551275,33.60059523,2,33.42154993,1.414213562,32.64965543,0,34.40930107,3.16227766,33.60059523,2.828427125,37.80211634,4.242640687,36.23534186,4.123105626,34.40930107,4.472135955,37.20215048,5.830951895,34.40930107,8.246211251,34.66987165,7.071067812,33.83784863,6.32455532,34.66987165,5,37.73592453,5.830951895,36.61966685,8.062257748,36.05551275,6.403124237
21.63330765,12.08304597,21.40093456,9.486832981,22.20360331,12.16552506,23.34523506,8.246211251,24.8394847,9.219544457,27.01851217,9,25.49509757,9.055385138,27.20294102,9.055385138,28.42534081,8.544003745,26.2488095,9.219544457,31.2409987,11.18033989,30.61045573,10,32.01562119,10,32.20248438,11.40175425,31.40063694,12.04159458,33.60059523,14.2126704,32.80243893,14.14213562,32.44996148,12.72792206,33.60059523,14.14213562,31.6227766,14.4222051,32.75667871,14.4222051,31.90611227,14.4222051,30.88689042,12.52996409,34,12.08304597,32.75667871,11.40175425,35.84689666,10.77032961
10.77032961,22.47220505,8.544003745,23.60084744,10.19803903,24.69817807,7.071067812,23.43074903,9.055385138,25.23885893,10,27.01851217,9.219544457,26.2488095,8.246211251,27.01851217,8.544003745,27.80287755,8.94427191,29.41088234,7.615773106,32.80243893,7.071067812,32.64965543,7.071067812,31.2409987,9.899494937,32.20248438,10,32.80243893,9.899494937,35.80502758,11.40175425,35,11.40175425,33.83784863,12.80624847,34.66987165,14.76482306,32.44996148,13.89244399,33.28663395,14.76482306,32.44996148,12.36931688,30.88689042,11.04536102,35.84689666,9,34.66987165,11.04536102,35.84689666
19.10497317,16.03121954,21.21320344,15.13274595,21.26029163,17.11724277,23.34523506,15.29705854,23.34523506,14.86606875,25.45584412,17.72004515,24.04163056,16.55294536,25.49509757,14.31782106,26.17250466,16.64331698,27.65863337,15.8113883,29.83286778,19.41648784,29.06888371,17.69180601,27.80287755,20.51828453,29.41088234,20.51828453,28.01785145,19.10497317,30.23243292,23.34523506,29.68164416,24.04163056,30.52867504,21.9317122,29.68164416,23.34523506,28.65309756,22.6715681,29.52964612,22.8035085,29.06888371,23.60084744,29.54657341,21.26029163,31.78049716,22.02271555,30.41381265,20,30.87069808,21.63330765
19.41648784,13.60147051,19.6468827,15.8113883,20.24845673,16.40121947,19.6977156,16.64331698,20.24845673,17.69180601,21.9317122,19.20937271,21.09502311,17.69180601,21.09502311,19.10497317,22.47220505,19.10497317,24.41311123,17.69180601,27.20294102,21.26029163,26.2488095,20,26.17250466,21.63330765,27.01851217,20.80865205,28.31960452,21.63330765,32.55764119,20.59126028,30.41381265,21.09502311,29.06888371,20.61552813,33.24154028,21.02379604,30.41381265,20.59126028,31.144823,19.92485885,29,20.24845673,29,22.13594362,29.73213749,24.04163056,27.58622845,24.04163056,29,24.35159132
10.81665383,2.236067977,9.433981132,1.414213562,11.18033989,1.414213562,11.40175425,1,10.81665383,1.414213562,13.03840481,2.236067977,10.63014581,2.828427125,12.04159458,4.472135955,15.65247584,2.828427125,13.89244399,1.414213562,12.80624847,4.123105626,15.62049935,2.236067977,15.26433752,4.472135955,16.40121947,3,14.4222051,3.16227766,16.2788206,1.414213562,13.60147051,3.16227766,13.60147051,5.830951895,15.62049935,4.123105626,14.14213562,5.099019514,13.60147051,3.605551275,14.2126704,5,13.60147051,5.830951895,16.40121947,5.830951895,15,5,14.86606875,5.385164807
12.52996409,18.43908891,13.41640786,17.72004515,15,20.24845673,15.26433752,17.4642492,14.2126704,19.6977156,15.62049935,21.47091055,14.86606875,21.9544984,16.2788206,22.47220505,17.02938637,22.47220505,17.69180601,25.23885893,19.84943324,28.01785145,17.80449381,26.40075756,17.20465053,25.61249695,16.64331698,27.80287755,16.1245155,28.60069929,17,31.2409987,16.55294536,32.01562119,16.15549442,31.40063694,16.55294536,33.42154993,16.15549442,32.64965543,14.56021978,32.01562119,15.5241747,30.61045573,17.4642492,28.42534081,19.6468827,32.01562119,19.6468827,29.20616373,19.6468827,29.73213749
23.70653918,7.280109889,24.69817807,8.246211251,27.78488798,8.544003745,27.20294102,9,28.8444102,8.062257748,28.60069929,7.280109889,31.40063694,6.32455532,31.6227766,5.385164807,30.8058436,5,32.01562119,4.242640687,35.60898763,5,35.60898763,5,36.23534186,3.16227766,37.80211634,3,38.60051813,3.16227766,41.0487515,4.123105626,40.60788101,3.605551275,39.96248241,4.242640687,40.80441153,5,39.40812099,5.656854249,41.0487515,7.071067812,38.27531842,7.810249676,38.83297568,8.602325267,41.0487515,10,38.83297568,8.544003745,38.83297568,10.77032961
58.82176468,24.04163056,65.73431372,29.73213749,63.95310782,24.59674775,60.53924347,33.61547263,67.20119047,33.12099032,76.55063684,26.2488095,73.23933369,25.49509757,73.60027174,21.40093456,79.40403012,25.55386468,69.52697318,22.20360331,89.49860334,30.88689042,85.58621384,35.11409973,91.35097153,35.11409973,92.00543462,28.23118843,86.83317338,26.47640459,107.4150827,31.40063694,101.8282868,29.01723626,100.4041832,34.05877273,103.0776406,28.44292531,96.21330469,30.41381265,97.61659695,30.06659276,93.86160024,31.78049716,80.60397013,36.05551275,97.41663102,43.01162634,90.13878189,49.25444142,90.68627239,43.0464865
18.68154169,17.20465053,18.02775638,17.02938637,17.4642492,17.69180601,19.23538406,21.26029163,20.61552813,19.84943324,21.47091055,21.9317122,21.47091055,21.9317122,23.02172887,22.02271555,24.69817807,22.8035085,22.20360331,20.61552813,27.01851217,23.60084744,27.01851217,22.47220505,26.90724809,22.20360331,29.20616373,24.18677324,29.20616373,23.02172887,32.80243893,25.49509757,30.61045573,24.59674775,31.6227766,24.16609195,31.82766093,23.76972865,29.73213749,23.08679276,31.144823,25,27.65863337,24.35159132,29,25.29822128,30.41381265,26.92582404,27.65863337,26.92582404,27.58622845,28.86173938
22.84731932,13.92838828,15.26433752,22.20360331,24.18677324,25.96150997,11.40175425,32.55764119,34.20526275,21.02379604,22.02271555,23.02172887,22.36067977,14.2126704,31.95309062,29.96664813,28.86173938,44.29446918,24.41311123,7.071067812,45.31004304,17.69180601,38.01315562,23.08679276,54.67174773,23.32380758,34.525353,16.64331698,32.01562119,15.23154621,42.04759208,35.77708764,44.72135955,30,50.93132631,23.43074903,58.25804665,26.2488095,42.95346319,23.85372088,40.79215611,19.31320792,31.6227766,19.31320792,39.2173431,16.40121947,55.14526272,18.35755975,38.63935817,26.17250466,48.05205511,8.544003745
10.44030651,22.36067977,6.708203932,24.69817807,6.08276253,25.55386468,7.071067812,25.23885893,6,26.62705391,5,28.8444102,3.16227766,28.8444102,3.16227766,28.8444102,3.605551275,30.23243292,2.828427125,31.6227766,5,35.80502758,4.472135955,33.42154993,4.123105626,34.40930107,3.16227766,36.05551275,4.242640687,36.61966685,4.242640687,38.60051813,4.242640687,36.61966685,4.242640687,37.73592453,5.385164807,38.83297568,7.280109889,37.20215048,8.062257748,39.11521443,6.708203932,37.44329045,8.602325267,34.66987165,8.94427191,37.73592453,10.77032961,36.89173349,9.848857802,37.44329045
20.24845673,8.485281374,21.63330765,7.810249676,23.02172887,5.656854249,22.02271555,5,23.85372088,5.656854249,25,5.385164807,26.62705391,3.605551275,25.61249695,5.099019514,27.80287755,2,27.80287755,2,31.6227766,5.099019514,30.47950131,3.605551275,30.61045573,3.605551275,31.6227766,4.242640687,31.6227766,5.830951895,35.22782991,7.211102551,33.01514804,7.211102551,33.28663395,5.830951895,36.05551275,8.94427191,33.01514804,8.544003745,32.75667871,9.486832981,32.75667871,8.246211251,33.12099032,8.246211251,34.13209633,8.062257748,33.12099032,8.062257748,34.98571137,8.062257748
19.31320792,13,19.6977156,12.08304597,20.1246118,14.4222051,19.23538406,15.26433752,22.36067977,14.4222051,21.09502311,15,23.85372088,13.60147051,22.47220505,15,24.41311123,16.40121947,23.60084744,15.55634919,27.20294102,17.02938637,27.65863337,15.8113883,27.65863337,15.8113883,30,16.64331698,28.42534081,15.8113883,32.20248438,16.55294536,31.2409987,16.15549442,30.8058436,15.8113883,34.20526275,16.55294536,31.89043744,14.86606875,30.8058436,16.76305461,30.47950131,16.4924225,29.20616373,16.76305461,29.20616373,20.61552813,29.83286778,19.41648784,30.47950131,20.61552813
14.86606875,18,17.80449381,18.68154169,18.02775638,19.92485885,17.02938637,19.6977156,18.38477631,22.20360331,17.69180601,24.18677324,17.02938637,22.8035085,17.80449381,23.02172887,20.61552813,24.75883681,17.49285568,28.31960452,19.23538406,26.40075756,18.78829423,25.61249695,20.59126028,28.31960452,20.59126028,30.41381265,20.24845673,30.47950131,21.54065923,31.11269837,21.54065923,29.06888371,21.84032967,30.47950131,21.58703314,29,20.88061302,29,22.56102835,29.06888371,22.20360331,26.90724809,23.76972865,24.20743687,27.20294102,27.58622845,25.96150997,27.65863337,26.2488095,25.45584412
66.24198065,24.0208243,70.83078427,20.61552813,73.24616031,23.02172887,78.40918314,22.36067977,78.23042886,11.70469991,83.60023923,16.15549442,79.81227976,11.40175425,82.80096618,17.02938637,96.25487001,18.02775638,82.80096618,13.03840481,104.2017274,14.14213562,89.87213139,19.23538406,101.6710382,18.24828759,102.4158191,15,99.47864092,15.5241747,115.6762724,17.49285568,109.5536398,22.8035085,105.2093152,21.02379604,114.6342008,17.80449381,99.63934966,29.20616373,105.4371851,19.92485885,104.0432602,25.8069758,90.42676595,25.96150997,105.6882207,31.25699922,100.2646498,34.0147027,99.02019996,34.78505426
5,12.08304597,6,12.08304597,5.385164807,11.70469991,4.472135955,12.20655562,4.123105626,13.03840481,5.385164807,13.89244399,4.472135955,13.60147051,3.605551275,14.4222051,3.605551275,14.2126704,5,13.60147051,4.472135955,17.02938637,4.242640687,16.40121947,4.242640687,15.62049935,3.16227766,17.20465053,2,16.40121947,3.16227766,18.02775638,3,17.80449381,5,16.64331698,4,18.02775638,4,16.64331698,3,17.20465053,3.16227766,16.64331698,5,15.8113883,5,18.02775638,5.385164807,17.20465053,6,18.60107524
16.03121954,14.86606875,15.03329638,14.86606875,18.11077028,16.2788206,16.2788206,18.43908891,17.4642492,19.84943324,17.4642492,19.84943324,18.68154169,20.51828453,18.78829423,20.61552813,19.72308292,19.84943324,20.59126028,21.40093456,23.32380758,22.02271555,21.63330765,21.63330765,23.43074903,22.20360331,26.07680962,21.40093456,25.23885893,21.63330765,28.8444102,21.47091055,29.41088234,20.59126028,26.62705391,22.47220505,28.01785145,21.47091055,27.01851217,21.02379604,27.80287755,21.54065923,25.8069758,20.61552813,25.23885893,22.47220505,28.01785145,24.69817807,26.40075756,25.07987241,26.40075756,26
5.099019514,10.77032961,5.385164807,11.18033989,5.830951895,10.77032961,5.385164807,11.66190379,4.472135955,11.18033989,5.830951895,13.03840481,5.830951895,13.60147051,5,12.20655562,5.656854249,13.03840481,5.656854249,11.40175425,5.830951895,14.86606875,5,14.14213562,4.242640687,15,5.830951895,15,5,14.2126704,5.385164807,16.40121947,5.385164807,15.62049935,6.08276253,15,6.08276253,16.40121947,6.08276253,15,5.099019514,15.8113883,5.099019514,14.2126704,5.099019514,14.2126704,7.071067812,15,6.08276253,15.62049935,7.071067812,15.62049935
11.18033989,21.1896201,12.36931688,23.2594067,13,25.63201124,12.52996409,23.32380758,11.70469991,25.05992817,12.52996409,26.41968963,12.20655562,26.62705391,10,25.8069758,12.72792206,29.41088234,8.602325267,29.20616373,11.40175425,31.89043744,12.04159458,29.73213749,10.29563014,31.89043744,11.18033989,30.47950131,9.486832981,32.64965543,11.40175425,33.30165161,10.77032961,34.82814953,10.77032961,33.60059523,11.18033989,35.60898763,11.18033989,33.24154028,11.04536102,34.82814953,13.03840481,32.64965543,14.31782106,32.01562119,14.14213562,33.42154993,15.29705854,31.40063694,15.03329638,31.89043744
6.708203932,22.84731932,9.486832981,23.70653918,6.32455532,24.69817807,8.544003745,24.41311123,6.32455532,26.62705391,5.385164807,28.60069929,5.099019514,27.20294102,3,28.60069929,4.123105626,28.42534081,2,29.83286778,2.236067977,34.05877273,2.236067977,32.01562119,2.236067977,33.42154993,1.414213562,32.64965543,4,33.60059523,4.123105626,37.64306045,4.242640687,35.60898763,4.123105626,35,5.656854249,35.60898763,5.656854249,34.05877273,6.403124237,35.60898763,7.810249676,32.64965543,7.810249676,33.01514804,7.211102551,36.40054945,9.433981132,34.05877273,9.219544457,32.55764119
13,10.81665383,13,11.66190379,14.31782106,12.20655562,13.03840481,11.66190379,12.52996409,10,13.60147051,10.81665383,14.4222051,11.40175425,13.60147051,11.40175425,13.45362405,12.04159458,12.04159458,12.04159458,14.14213562,13.45362405,14.86606875,12.04159458,14.14213562,12.72792206,14.86606875,11.40175425,14.86606875,11.3137085,16.2788206,13.60147051,16.2788206,12.20655562,14.2126704,13.03840481,15.62049935,11.40175425,15.8113883,11.66190379,16.2788206,10.81665383,15.62049935,10.29563014,14.2126704,11.18033989,15.26433752,13.41640786,14.4222051,12.20655562,14.4222051,12.52996409
10.77032961,4.123105626,10.77032961,5.385164807,10.77032961,4.472135955,11.18033989,5.830951895,12.08304597,5,11.18033989,5,13,5.385164807,12.08304597,4.472135955,12.52996409,5,11.66190379,5,14.76482306,5,12.20655562,5,15,5,13.60147051,5,14.4222051,3.605551275,15.8113883,5,15.8113883,3.605551275,14.4222051,5,15.8113883,4.472135955,15.62049935,5.099019514,15.8113883,3.16227766,16.40121947,3.16227766,15.26433752,3.605551275,16.40121947,5.099019514,15.62049935,4.472135955,15.62049935,5.385164807
62.96824597,33.24154028,66.28725368,37.33630941,69.64194139,34.05877273,70.80254233,30,73.23933369,31.06444913,79.07591289,34.71310992,76.2758153,34.20526275,74.20242584,29.73213749,77.4209274,29.41088234,68.11754546,33.61547263,81.56592426,40.49691346,79.30952024,37.53664876,84.20213774,36.87817783,81.84130986,38.94868419,84.8763807,43.26661531,96.21330469,47.70744177,92.91393867,46.09772229,87.658428,46.69047012,91.04943712,47.42362281,86.21484791,44.55333882,88.23831367,48.16637832,87.4185335,47.50789408,84.59905437,41.72529209,95.18928511,44.55333882,93.81364506,45.22167622,91.02197537,42.20189569
20.80865205,19.92485885,21.63330765,19.6977156,22.8035085,21.02379604,23.60084744,20.24845673,24.08318916,21.09502311,24.20743687,22.47220505,22.8035085,22.20360331,22.627417,22.8035085,21.9317122,22.6715681,23.34523506,23.43074903,26.2488095,26.2488095,25.49509757,24.75883681,24.8394847,24.8394847,24.41311123,26.17250466,25.23885893,24.75883681,26.07680962,26.90724809,24.69817807,26.2488095,25.05992817,26.17250466,26.07680962,27.58622845,25.94224354,26.2488095,25.49509757,27.65863337,24.59674775,25.61249695,25.49509757,23.43074903,29.96664813,25.61249695,29.06888371,24.41311123,29.15475947,25
7.280109889,11.40175425,5.385164807,12.72792206,6.32455532,14.2126704,5.099019514,14.14213562,6.08276253,13.45362405,6,15.55634919,6.32455532,14.14213562,5.385164807,15.55634919,5,14.86606875,4.472135955,13.45362405,4.242640687,17.69180601,6.403124237,16.2788206,5,16.2788206,5,16.40121947,5.830951895,16.40121947,7.211102551,17.80449381,7.211102551,16.40121947,6.708203932,17.20465053,6.708203932,17.20465053,6.32455532,15.8113883,7.211102551,16.40121947,7.211102551,16.64331698,7.280109889,16.1245155,7.071067812,17.49285568,6.32455532,17.49285568,7.071067812,18.02775638
7,10.63014581,7.071067812,11.3137085,8.062257748,12.04159458,7.280109889,13.45362405,8.246211251,12.04159458,8.246211251,12.72792206,9.486832981,12.04159458,8.246211251,12.72792206,8.544003745,12.04159458,8.062257748,12.04159458,8.94427191,14.14213562,8.602325267,14.86606875,9.219544457,14.86606875,9.219544457,14.86606875,9.219544457,14.2126704,9.899494937,15.62049935,11.40175425,14.2126704,10.63014581,14.76482306,11.3137085,15,10.81665383,13.60147051,12.04159458,13.03840481,10.63014581,13.60147051,10,13.89244399,9.433981132,15.26433752,10.81665383,14.4222051,10,16.64331698
13.60147051,24.20743687,12.04159458,26.40075756,12.16552506,27.01851217,10,27.58622845,11.04536102,29.06888371,12.04159458,29.06888371,10.77032961,30.41381265,11.18033989,29.69848481,9.433981132,30.41381265,11.66190379,31.82766093,10.63014581,35.38361203,10.81665383,34.6554469,10.81665383,34.6554469,12.04159458,33.30165161,13.89244399,33.9705755,14.4222051,36.23534186,13.41640786,36.12478374,13.41640786,34.40930107,16.55294536,34.82814953,17.08800749,33.42154993,16.76305461,33.01514804,15.5241747,33.01514804,13.15294644,31.6227766,14,35.22782991,15,33.01514804,14.03566885,33.60059523
9.055385138,11.18033989,9.433981132,7.071067812,10.44030651,8.602325267,8.246211251,10.63014581,9.055385138,8.602325267,10.04987562,9.433981132,10.77032961,10.29563014,9,10.81665383,9.848857802,10.81665383,8.602325267,9.219544457,12.04159458,7.211102551,11.40175425,11.18033989,11.40175425,11.40175425,10.81665383,10.63014581,14.2126704,9.899494937,12.04159458,9.899494937,12.20655562,10.63014581,12.04159458,11.3137085,12.72792206,10.63014581,12.04159458,9.433981132,12.72792206,10,12.72792206,9.433981132,12.80624847,9.848857802,13.45362405,11.18033989,13.45362405,10.29563014,11.3137085,11.18033989
25.55386468,8.485281374,24.41311123,8.485281374,26.92582404,9.899494937,27.65863337,8.062257748,27.80287755,6.403124237,29.06888371,5,29.73213749,4.242640687,29.06888371,2.236067977,31.144823,3.16227766,30.41381265,1,33.9705755,1.414213562,32.55764119,2,33.24154028,4.123105626,33.9411255,4.123105626,34.6554469,5.099019514,36.06937759,5.385164807,35.35533906,6.32455532,34.6554469,6.32455532,36.06937759,8.94427191,33.9411255,9.433981132,33.9705755,10.81665383,32.52691193,10.81665383,29.06888371,12.04159458,33.30165161,12.72792206,33.9705755,13.60147051,33.9705755,14.2126704
13.03840481,5.830951895,13.60147051,5,15,5.830951895,14.14213562,3.605551275,14.2126704,4.472135955,14.86606875,4.472135955,15.55634919,4.123105626,14.86606875,2,16.2788206,4.123105626,16.2788206,1,17.69180601,2.236067977,16.97056275,2.236067977,17.69180601,3.16227766,18.38477631,3.16227766,16.2788206,3.605551275,19.10497317,4.123105626,17.69180601,5.099019514,17.02938637,4,17.69180601,5,16.2788206,5,17.02938637,5,16.40121947,6,15,5.099019514,18.60107524,6.403124237,18.43908891,6.32455532,17.20465053,6.403124237
2,11.18033989,2,10.44030651,3.16227766,12.08304597,7,12.20655562,4.123105626,12.20655562,5,13.60147051,4,12.80624847,4.123105626,12.80624847,3,15.62049935,3.16227766,14.2126704,3.605551275,16.2788206,2.236067977,14.14213562,2.828427125,14.14213562,3.16227766,14.86606875,2.236067977,14.14213562,3,16.97056275,3.16227766,16.2788206,4,14.86606875,3.16227766,15.55634919,4.472135955,14.86606875,3.605551275,15.55634919,4.472135955,14.14213562,5.385164807,14.14213562,6.08276253,14.14213562,5.385164807,15.55634919,6.08276253,14.14213562
16.03121954,18.43908891,14.03566885,18.38477631,14.31782106,20.51828453,14.31782106,21.26029163,15.8113883,20.51828453,13.92838828,24.04163056,14.31782106,22.6715681,14.76482306,22.627417,14.2126704,24.04163056,15.62049935,24.04163056,17.69180601,25.45584412,17.02938637,25.45584412,17.20465053,24.75883681,18.60107524,25.49509757,16.40121947,26.2488095,19.20937271,27.01851217,19.72308292,26.2488095,18.02775638,25.8069758,19.72308292,27.80287755,18.78829423,26.40075756,18.78829423,26.07680962,19.31320792,24.69817807,16.15549442,25.55386468,18.97366596,27.78488798,16.76305461,27.45906044,16.76305461,27.29468813
9.219544457,9.055385138,8.485281374,9.055385138,10.63014581,9.055385138,10.81665383,8.062257748,10.63014581,9.219544457,11.40175425,9.848857802,11.40175425,9.848857802,11.40175425,10.29563014,12.04159458,10.81665383,12.04159458,8.602325267,12.72792206,11.3137085,12.72792206,10.63014581,13.45362405,11.3137085,13.45362405,11.3137085,12.04159458,12.04159458,14.2126704,12.80624847,12.20655562,12.80624847,12.52996409,12.80624847,12.80624847,12.04159458,12.20655562,13.03840481,11.66190379,12.20655562,11.66190379,12.20655562,11.70469991,11.40175425,14.76482306,11.66190379,13.41640786,12.52996409,13.92838828,10.77032961
13.03840481,21.21320344,15,24.75883681,14.03566885,24.8394847,12,29,14.31782106,24.08318916,12.64911064,28.28427125,12.08304597,29,10.81665383,30.41381265,13.03840481,29,12.72792206,28.28427125,17.69180601,31.11269837,16.40121947,30.41381265,15,31.144823,16.40121947,30.47950131,16.1245155,29.83286778,19.41648784,32.01562119,17.88854382,30.61045573,17,30.23243292,19.31320792,31.40063694,19.6977156,30.23243292,18.38477631,29.68164416,17.08800749,28.8444102,15.8113883,29.68164416,17.4642492,31.76476035,16.03121954,29.68164416,16.03121954,31.6227766
11.18033989,6,11.70469991,7.071067812,13,6.08276253,12.52996409,7.615773106,13.03840481,7.071067812,13.60147051,7.280109889,15,6.708203932,14.86606875,6.403124237,14.86606875,7.810249676,14.14213562,5.656854249,16.2788206,7.071067812,16.2788206,5.656854249,16.97056275,5.830951895,17.69180601,6.32455532,17.69180601,5.385164807,17.69180601,5.385164807,17.69180601,5.099019514,17.02938637,7,16.97056275,7.071067812,16.97056275,7,16.97056275,7.071067812,16.97056275,7,16.2788206,8.062257748,16.2788206,10.04987562,17.02938637,8,15.55634919,10
8.062257748,11.40175425,8.94427191,11.18033989,9.433981132,11.70469991,10.29563014,10.81665383,8.94427191,12.52996409,9.219544457,12.20655562,8.602325267,13.03840481,8.602325267,12.80624847,9.219544457,13.45362405,9.219544457,13.45362405,9.899494937,14.14213562,8.485281374,14.86606875,9.219544457,14.86606875,8.602325267,14.14213562,8.602325267,14.86606875,9.433981132,16.2788206,9.433981132,15.62049935,8.544003745,14.86606875,9.848857802,14.86606875,9.486832981,14.2126704,9.486832981,14.86606875,8.246211251,14.86606875,10.19803903,12.80624847,11.40175425,13.45362405,10.19803903,14.2126704,11.40175425,13.60147051
11.40175425,8,11.40175425,8,12.04159458,8,13.45362405,7.071067812,12.80624847,8.246211251,13.45362405,7.615773106,12.72792206,8.062257748,14.14213562,8.062257748,13.45362405,7.810249676,13.45362405,7.211102551,15.55634919,9.219544457,13.45362405,9.899494937,14.14213562,9.219544457,13.60147051,9.433981132,14.4222051,9.433981132,15.62049935,10.81665383,14.4222051,10.81665383,14.76482306,8.602325267,13.60147051,9.433981132,13.03840481,9.848857802,13.89244399,9.433981132,13.41640786,8.94427191,14.31782106,7.615773106,15.65247584,8.246211251,14.76482306,9.486832981,15.26433752,9.219544457
12.04159458,22.47220505,13.03840481,24.18677324,12.04159458,27.78488798,12.64911064,26.40075756,12.36931688,25.8069758,10.44030651,29.20616373,9.848857802,29.73213749,8.602325267,30.47950131,8.485281374,30.41381265,7.810249676,30.41381265,8.062257748,34.6554469,7.615773106,31.82766093,8.062257748,32.55764119,8,33.24154028,8.062257748,31.82766093,10,33.24154028,11.18033989,33.9411255,11.04536102,32.64965543,10.04987562,33.9411255,12.36931688,31.144823,12.64911064,29.73213749,13.60147051,29,16.2788206,27.58622845,17.02938637,30.41381265,18.11077028,28.28427125,18.11077028,28.31960452
16.1245155,17.20465053,16.4924225,19.20937271,18.02775638,19.79898987,17,20.61552813,17.4642492,19.84943324,18.86796226,21.26029163,19.20937271,21.26029163,20.61552813,20.51828453,20.61552813,20.51828453,21.9317122,22.02271555,23.34523506,21.40093456,21.40093456,21.40093456,22.20360331,22.47220505,24.20743687,23.32380758,21.9317122,22.36067977,23.60084744,23.70653918,23.60084744,21.9317122,22.8035085,22.84731932,21.63330765,23.32380758,21.9544984,23.76972865,20.80865205,22.13594362,20.59126028,22.13594362,20.1246118,24.04163056,18.02775638,27.85677655,18.97366596,27.51363298,19.31320792,25.63201124
21.47091055,10.77032961,23.32380758,9.848857802,25.23885893,11.66190379,24.20743687,9.486832981,24.8394847,5.385164807,27.65863337,6.403124237,28.60069929,4.472135955,27.65863337,3.605551275,30.41381265,3.16227766,28.31960452,3,32.55764119,2.236067977,31.82766093,2.236067977,31.82766093,1,32.64965543,4.472135955,31.144823,5,35.4682957,6,33.30165161,6.08276253,32.80243893,6.32455532,32.01562119,8.062257748,31.89043744,9.486832981,32.01562119,8.94427191,32.01562119,9.433981132,31.6227766,10.63014581,32.44996148,11.3137085,30.61045573,13.03840481,32.80243893,13.60147051
48.66210024,40,53.75872022,43.26661531,58.82176468,44.29446918,54.56189146,55.47071299,52.83937925,46.06517123,49.73932046,57.62811814,62.43396512,43.8634244,60.53924347,40.85339643,64.81512169,62.00806399,78.0320447,49.51767361,62.93647591,46.86149806,64.20280368,42.20189569,73.10950691,51.86520992,67.26812024,45.45327271,74.27651042,52.15361924,80.9197133,56.08029957,70.09279564,51.42956348,72.9177619,53.66563146,72.24956747,50.80354318,67.80117993,53.14132102,71.06335202,51.54609588,68.11754546,53.22593353,63.89053138,54.5710546,73.23933369,64.25729531,59.07622195,63.89053138,60.6052803,68.35202996
32.20248438,90.80198236,35.22782991,93.62157871,26.62705391,104.2161216,13.92838828,101.0198,25,96.56603958,23.02172887,102.8834292,27.89265136,97.09788875,22.36067977,95.25754563,18.02775638,99.36297097,28.23118843,81.34494453,31.01612484,111.0720487,33.95585369,92.61749295,23.60084744,106.7941946,29.15475947,107.2986486,20.80865205,94.49338601,40.31128874,122.6743657,25.45584412,117.686023,24.08318916,112.0044642,34.40930107,118.1397478,23.43074903,105.8914539,28.60069929,103.2327467,34.20526275,109.808925,5,87.66413178,10.19803903,124.2014493,29.61418579,115.974135,19.10497317,111.3956911
16.2788206,18.60107524,16.03121954,19.20937271,16.2788206,22.6715681,15.65247584,21.63330765,17.88854382,19.20937271,18.38477631,20,17.20465053,17.49285568,20.61552813,23.43074903,27.31300057,15.26433752,31.78049716,16.64331698,19.20937271,24.08318916,17.69180601,21.26029163,19.10497317,20.61552813,18.43908891,21.40093456,20.51828453,21.09502311,21.26029163,23.02172887,21.40093456,20.80865205,21.21320344,21.9544984,22.02271555,23.32380758,23.02172887,21.09502311,21.40093456,22.36067977,21.9544984,19.23538406,19.41648784,22.36067977,18.86796226,26.57066051,17,26.57066051,19.6977156,26
18,21.40093456,16.03121954,24.20743687,17.4642492,22.8035085,16.76305461,24.20743687,16.76305461,24.20743687,17.4642492,26.2488095,17,23.43074903,17.49285568,24.8394847,17.49285568,24.08318916,20.61552813,26.90724809,21.26029163,26.90724809,20.51828453,24.75883681,21.26029163,26.90724809,22.6715681,26.2488095,20.80865205,27.20294102,21.40093456,29.83286778,22.8035085,27.80287755,22.02271555,28.60069929,22.8035085,29.15475947,23.32380758,28.8444102,24.18677324,26.83281573,20.59126028,27.29468813,21.02379604,28.17800561,20.59126028,31.76476035,21.54065923,30.41381265,19.6977156,30.41381265
10.81665383,5.656854249,11.40175425,5,12.04159458,5.656854249,12.04159458,4.242640687,12.04159458,3.605551275,12.04159458,3.605551275,12.80624847,3.16227766,12.80624847,2.236067977,12.04159458,1,12.72792206,2.236067977,14.86606875,1.414213562,14.14213562,1.414213562,14.14213562,2.236067977,14.14213562,2,14.2126704,3,16.2788206,3,15,3,14.2126704,3.16227766,15.62049935,3.16227766,14.86606875,5.385164807,15,5.099019514,13.60147051,5.099019514,15,5.830951895,15.62049935,6.403124237,15,5,15.8113883,6.403124237
19,21.26029163,18.02775638,22.8035085,18.24828759,23.43074903,15.8113883,23.02172887,16.4924225,24.75883681,16.15549442,26.90724809,16.40121947,24.08318916,15.8113883,26.2488095,15,25.8069758,16.64331698,25.49509757,17.80449381,28.31960452,18.60107524,28.28427125,18.02775638,29.73213749,20.24845673,27.65863337,18.60107524,28.28427125,20.59126028,31.144823,19.23538406,28.60069929,17.20465053,29.20616373,22.36067977,30.61045573,21.02379604,28.01785145,20.61552813,29.41088234,20.24845673,28.8444102,17.72004515,27.78488798,20.61552813,30.01666204,19.41648784,29.68164416,20.39607805,29.15475947
19.23538406,21.58703314,19.41648784,21.21320344,21.47091055,22.47220505,21.9544984,21.9317122,17.80449381,20.24845673,23.32380758,23.32380758,21.63330765,21.63330765,23.85372088,22.8035085,22.8035085,23.34523506,23.34523506,24.08318916,24.04163056,24.8394847,24.04163056,25.61249695,23.34523506,26.40075756,24.08318916,25.49509757,23.60084744,25.8069758,24.41311123,28.01785145,24.41311123,27.45906044,25.8069758,27.20294102,26.41968963,27.45906044,24.59674775,26.92582404,25.49509757,26.07680962,25.07987241,25.55386468,25.63201124,24.18677324,28.23118843,26.41968963,26.92582404,23.2594067,28.23118843,26.40075756
13.41640786,26.40075756,12.20655562,26.90724809,12.08304597,29.41088234,10.81665383,25.49509757,8.544003745,29.06888371,10.19803903,30.41381265,8,29,4.123105626,30.41381265,6.08276253,31.144823,5.830951895,29.73213749,4.472135955,35.38361203,5,34.05877273,6.32455532,35.38361203,6.403124237,35.35533906,7.280109889,33.9705755,8.062257748,36.79673899,8.062257748,36.79673899,8,35.4682957,10.04987562,36.12478374,12.04159458,35.4682957,11.04536102,34.82814953,12.16552506,34.82814953,10.77032961,33.42154993,13,37.01351105,10.81665383,34.05877273,15.65247584,35.60898763
9.848857802,6.403124237,10.29563014,6.403124237,10.29563014,6.403124237,12.20655562,5.385164807,11.40175425,6.403124237,12.20655562,6.403124237,8.485281374,5.656854249,12.04159458,5.656854249,9.486832981,5.385164807,12.72792206,16.1245155,13.45362405,5.099019514,13.45362405,2.236067977,14.14213562,2.828427125,14.86606875,0,14.2126704,3.16227766,16.2788206,3.16227766,14.86606875,2,14.14213562,1,16.2788206,3.16227766,16.2788206,3.605551275,15.55634919,3.16227766,13.45362405,5.656854249,14.14213562,3.16227766,16.2788206,4,16.2788206,4,14.86606875,4.123105626
7.810249676,12.16552506,8.062257748,11.40175425,9.433981132,10.19803903,9.433981132,10.77032961,9.848857802,10.77032961,9.433981132,11.18033989,9.433981132,11.66190379,9.433981132,10.81665383,9.433981132,10.81665383,10.63014581,10.81665383,10.63014581,12.72792206,10.63014581,12.80624847,10.63014581,12.04159458,11.3137085,11.40175425,11.3137085,12.04159458,11.40175425,13.60147051,10.81665383,13.60147051,10.81665383,13.03840481,11.66190379,13.60147051,11.18033989,13.41640786,10.29563014,13.03840481,10.29563014,13.41640786,11.18033989,13.03840481,13,12.52996409,13,13,13,13
7.211102551,9,7.810249676,7.071067812,8.602325267,9.055385138,8.602325267,7.280109889,9.433981132,8.246211251,9.219544457,8.544003745,10,8.544003745,8.602325267,7.615773106,9.433981132,8.602325267,9.433981132,7.211102551,10.63014581,8.485281374,10.81665383,8.485281374,10.63014581,8.602325267,9.899494937,8.602325267,10.63014581,10,12.04159458,9.433981132,10.81665383,10.81665383,11.66190379,10.29563014,11.40175425,10.29563014,11.18033989,9.486832981,10.29563014,10.29563014,10.81665383,9.848857802,11.18033989,9.486832981,12.08304597,9.486832981,11.66190379,9.486832981,12.52996409,10.19803903
8.062257748,4.472135955,9.219544457,7.071067812,10.81665383,3.605551275,9.899494937,3.16227766,11.3137085,6.403124237,10.81665383,6.708203932,11.3137085,4,9.433981132,2.236067977,11.40175425,2.236067977,10.63014581,1.414213562,12.80624847,1,10,1.414213562,11.40175425,2,12.72792206,3.16227766,12.80624847,1.414213562,14.14213562,1,12.72792206,2.236067977,10.81665383,3,14.2126704,4.123105626,12.04159458,3,12.80624847,4,12.80624847,4.123105626,11.40175425,3.16227766,13.45362405,4.472135955,12.80624847,3.16227766,13.03840481,5
26.41968963,10.81665383,28.3019434,11.18033989,29.15475947,11.66190379,29.06888371,9.433981132,30.47950131,8.062257748,31.89043744,7.615773106,31.144823,6.708203932,30.41381265,5.099019514,31.82766093,3.16227766,33.9411255,3,37.48332963,1.414213562,35.4682957,2.236067977,35.4682957,2,35.38361203,2,36.06937759,2.828427125,38.89730068,4.242640687,37.53664876,7.071067812,36.06937759,7.071067812,37.53664876,7.810249676,36.12478374,9.433981132,35.38361203,9.219544457,34.6554469,9.899494937,34.71310992,12.04159458,37.48332963,15,35.35533906,15.26433752,36.06937759,14.76482306
21.09502311,18.43908891,20.22374842,20.61552813,23.19482701,22.20360331,18.68154169,21.9544984,21.1896201,22.20360331,21.9317122,24.20743687,23.32380758,22.47220505,22.8035085,24.20743687,21.63330765,24.08318916,23.43074903,25.49509757,24.8394847,27.01851217,24.08318916,24.75883681,24.41311123,27.65863337,22.6715681,27.65863337,25.23885893,25.49509757,26.92582404,28.31960452,25.05992817,26.2488095,26.07680962,28.01785145,27.78488798,29.68164416,28.17800561,25.05992817,25.07987241,28.17800561,25.49509757,25.49509757,22.13594362,27.73084925,25.29822128,30.46309242,22.8035085,31.30495168,22.8035085,30.87069808
10.44030651,4.242640687,11.70469991,3.605551275,11.66190379,5,11.40175425,4.472135955,11.40175425,4.242640687,12.20655562,3.605551275,12.52996409,3.605551275,12.20655562,3.16227766,12.80624847,2.236067977,12.80624847,2.236067977,14.86606875,1,14.14213562,0,13.45362405,1,14.86606875,0,13.45362405,1,15.55634919,1,14.14213562,2.236067977,14.86606875,2.236067977,15.55634919,2.236067977,14.14213562,2.828427125,15.55634919,4.472135955,14.86606875,3.605551275,13.45362405,4.242640687,15,5.656854249,14.2126704,4.242640687,14.2126704,5
6.403124237,10,5.830951895,10.63014581,5,10.63014581,3.605551275,12.80624847,4.123105626,9.899494937,4.472135955,10.63014581,4,12.72792206,2,13.45362405,3,14.14213562,1,12.72792206,2.236067977,14.14213562,3.16227766,13.45362405,2.236067977,14.14213562,2.828427125,13.45362405,3.16227766,13.45362405,3.16227766,14.86606875,3.16227766,13.45362405,3,15,3,13.45362405,4,14.2126704,4,14.2126704,4,13.45362405,4.123105626,13.60147051,4.472135955,14.4222051,4.472135955,14.2126704,5.830951895,12.80624847
6.32455532,10.44030651,7.615773106,10.77032961,8.062257748,9.848857802,8.94427191,10.29563014,8.062257748,10.29563014,7.211102551,10.81665383,7.615773106,10.81665383,7.211102551,10.63014581,6.403124237,11.40175425,8.485281374,12.20655562,8.485281374,12.04159458,8.485281374,12.80624847,7.810249676,12.04159458,9.219544457,11.3137085,7.810249676,13.60147051,9.433981132,14.2126704,8.062257748,12.80624847,8.246211251,13.60147051,8.94427191,14.2126704,8.94427191,13.60147051,8.544003745,13.03840481,8.544003745,12.80624847,9.486832981,12.80624847,10.44030651,12.52996409,10.44030651,13.03840481,9.486832981,13.03840481
16.55294536,22.36067977,16.1245155,22.8035085,18.02775638,21.1896201,19.23538406,21.9317122,18.78829423,23.2594067,19.72308292,22.82542442,18.02775638,23.32380758,18.60107524,22.20360331,20,23.43074903,18.43908891,23.34523506,22.02271555,26.17250466,19.84943324,26.87005769,21.9317122,25.49509757,20.51828453,27.58622845,20.61552813,26.2488095,21.40093456,28.31960452,21.09502311,27.80287755,22.82542442,27.65863337,22.82542442,29.83286778,21.9544984,30.23243292,22.36067977,28.42534081,22.36067977,29.68164416,22.47220505,26.62705391,24.35159132,28.01785145,26,28.3019434,25.29822128,28.3019434
10.44030651,21.37755833,11.70469991,22.13594362,12.08304597,22.13594362,13,19.6977156,11.70469991,20.59126028,14.31782106,21.47091055,12.64911064,21.9544984,12.08304597,23.02172887,12.52996409,23.43074903,13.89244399,23.60084744,14.2126704,26.2488095,14.2126704,25.45584412,14.86606875,26.87005769,14.86606875,25.49509757,14.14213562,27.58622845,16.40121947,29,14.4222051,29.06888371,14.76482306,28.31960452,15.26433752,31.144823,14.31782106,29.73213749,13.92838828,29.73213749,12.64911064,29.06888371,15.5241747,27.65863337,18.68154169,30.41381265,17.4642492,28.42534081,17.2626765,28.42534081
5.385164807,33.9411255,6.08276253,31.82766093,6.32455532,32.52691193,5.385164807,29.69848481,4.472135955,27.58622845,7.071067812,30.47950131,4.472135955,29.06888371,6.403124237,27.80287755,4.472135955,27.80287755,6,24.41311123,6.08276253,28.3019434,5.830951895,28.3019434,6.708203932,30.8058436,6.403124237,31.6227766,6.403124237,29.41088234,4.472135955,31.40063694,7.071067812,33.83784863,9.055385138,32.80243893,9.486832981,32.44996148,10.04987562,34.13209633,9.055385138,35.22782991,11.18033989,33.60059523,10.19803903,32.01562119,15.8113883,35.4682957,13.60147051,36.23534186,14.31782106,36.87817783
26.90724809,20.1246118,26.17250466,12.64911064,24.08318916,16.15549442,25.45584412,9.055385138,22.20360331,7.810249676,21.9544984,7.211102551,20.80865205,2.236067977,21.47091055,1.414213562,21.54065923,3.16227766,22.8035085,1,23.08679276,2,21.21320344,2,20.39607805,6.32455532,23.34523506,5,24.04163056,6.08276253,24.73863375,6,28.16025568,7,31.01612484,6,31.76476035,7,33.12099032,8.246211251,32.64965543,8.544003745,30.41381265,10.77032961,31.90611227,8.544003745,36.05551275,10.77032961,32.80243893,12.20655562,34.40930107,12.08304597
13.89244399,22.56102835,17.02938637,18.68154169,14.4222051,25,13.03840481,23,15.62049935,21.09502311,12.20655562,19.92485885,8.246211251,23.40939982,8.94427191,23.76972865,7.615773106,27.31300057,4,26.07680962,7.071067812,30.23243292,5.830951895,28.8444102,5,30,4.123105626,30.23243292,7.071067812,32.75667871,5,36.05551275,6.708203932,33.60059523,9.848857802,38.01315562,9.219544457,38.60051813,11.18033989,37.80211634,13.03840481,37.80211634,13.60147051,37.64306045,14.2126704,37.20215048,16.64331698,37.44329045,16.1245155,34.82814953,20.61552813,35.60898763
8.94427191,6.32455532,7.615773106,6.32455532,7.810249676,6.32455532,5.385164807,7.280109889,5,5,4.242640687,6.08276253,2.828427125,5.099019514,3.16227766,6.32455532,2.236067977,5.099019514,1,6.08276253,1,5.099019514,1,8.544003745,1,8.544003745,1,8.544003745,1.414213562,8.544003745,1.414213562,9.486832981,1,10.77032961,1,10.81665383,1.414213562,11.40175425,2,11.40175425,2.236067977,10.81665383,2.828427125,10.81665383,2.236067977,12.20655562,2.236067977,12.52996409,3.16227766,11.18033989,3.16227766,13.41640786
6.32455532,7.211102551,5.830951895,6.403124237,5.099019514,6.403124237,5.099019514,6.403124237,4.472135955,5.830951895,7.280109889,5.830951895,7.280109889,5.099019514,3,6.08276253,4,5,5.385164807,6.08276253,4.123105626,8.544003745,4,6.08276253,2,8.246211251,1.414213562,8.94427191,1.414213562,10.44030651,2,9.486832981,0,11.40175425,1,9.486832981,1,11.70469991,1.414213562,10.77032961,3.605551275,10.77032961,2,11.18033989,3.16227766,12.64911064,3.605551275,12.64911064,2,12.64911064,4.242640687,11.40175425
3.605551275,10.19803903,4.472135955,10.19803903,5,12.16552506,6.708203932,9.486832981,5.830951895,11.04536102,6.708203932,10.04987562,5,10.19803903,7.810249676,10.44030651,7.071067812,9.848857802,8.602325267,10.77032961,9.899494937,11.66190379,9.219544457,10.29563014,9.219544457,10.81665383,10,11.66190379,9.433981132,12.20655562,11.40175425,15,10.29563014,14.2126704,12.08304597,13.03840481,10.81665383,14.2126704,9.848857802,12.72792206,10.77032961,15.62049935,9.848857802,14.86606875,9.486832981,15,12.36931688,14.86606875,11.70469991,14.86606875,12.36931688,16.40121947
7.071067812,22.56102835,8.544003745,20.22374842,11.18033989,23.53720459,10.04987562,22,9.055385138,24.0208243,10.19803903,21.21320344,10.19803903,16.2788206,12.52996409,22.13594362,9.848857802,20.88061302,10,21.54065923,8.602325267,26.83281573,12.80624847,23.76972865,11.3137085,27.29468813,9.848857802,29.41088234,11.04536102,29.68164416,8.94427191,31.30495168,10.44030651,34.13209633,10.44030651,32.44996148,11.40175425,36.61966685,11.70469991,33.83784863,12.04159458,36.40054945,13.15294644,34.13209633,14,33.01514804,15,39.40812099,16.2788206,36.05551275,17.02938637,34.40930107
21.09502311,21.9317122,18.35755975,20.61552813,23.32380758,20.61552813,21.09502311,19.41648784,20,17.2626765,20.61552813,19,21.26029163,18.02775638,20.61552813,19.41648784,22.6715681,16.76305461,22.02271555,17.4642492,23.34523506,20.1246118,24.20743687,18.35755975,25.8069758,20.24845673,25.55386468,22.8035085,26.41968963,21.63330765,28.65309756,23.43074903,27.29468813,22.8035085,27.29468813,23.34523506,29.06888371,24.75883681,27.31300057,24.04163056,28.23118843,25.49509757,28.46049894,24.8394847,28.86173938,22.8035085,31.6227766,24.8394847,31.6227766,23.85372088,32.01562119,21.9544984
3.16227766,7.615773106,5.099019514,7.615773106,5,5.385164807,4.123105626,5.385164807,5.099019514,5.830951895,4.123105626,4.123105626,4.472135955,4.472135955,5.099019514,3.605551275,5.830951895,3.605551275,6.708203932,3.16227766,6.403124237,3,5.830951895,2,6.708203932,1.414213562,7.615773106,1,6.708203932,1.414213562,8.544003745,0,8.94427191,1.414213562,8.94427191,1,8.94427191,1,9.848857802,1.414213562,9.848857802,2,9.848857802,2.236067977,10.77032961,2.236067977,11.70469991,3.605551275,11.40175425,2.236067977,10.44030651,2.828427125
10.44030651,7.211102551,10.77032961,4.123105626,11.18033989,5.385164807,12.20655562,5.385164807,12.08304597,5.656854249,11.18033989,2.828427125,13.03840481,2.828427125,12.08304597,2.828427125,13.45362405,2.828427125,13.60147051,2.828427125,14.4222051,1,12.80624847,1,12.52996409,1,14.4222051,0,14.2126704,0,16.40121947,2,14.76482306,2,15.8113883,2,15.8113883,1.414213562,15.26433752,3.605551275,15,1.414213562,16.2788206,2.828427125,15.26433752,3.16227766,17.20465053,6.32455532,17.80449381,4.472135955,16.64331698,5.656854249
6.403124237,5,5.385164807,4.472135955,5,4.123105626,5.830951895,5.656854249,4.472135955,5.830951895,4,4.123105626,2.236067977,5.099019514,4.123105626,4,4.123105626,5.099019514,4,5.099019514,5.099019514,4.123105626,5.385164807,5.099019514,5.099019514,5.385164807,6.708203932,5.099019514,7.280109889,5.385164807,7.071067812,5.099019514,7.211102551,5.099019514,6.708203932,5.099019514,6.708203932,6.32455532,7.810249676,6.708203932,8.062257748,7.615773106,7.810249676,8.062257748,8.062257748,7.615773106,9.848857802,9.433981132,9.848857802,8.544003745,9.433981132,8.94427191
7.280109889,3.605551275,8.246211251,4.242640687,8.246211251,3.16227766,7.071067812,4,9.055385138,2,8.246211251,2,8.246211251,2.236067977,7.071067812,3.16227766,7.071067812,2,8.062257748,2,7.280109889,2.828427125,7.280109889,2.236067977,7.280109889,3.605551275,9.486832981,3.605551275,7.280109889,4.242640687,7.615773106,4.242640687,8.602325267,4.472135955,9.433981132,3.605551275,8.94427191,5.385164807,9.848857802,5.830951895,10.29563014,5,11.66190379,7.071067812,10.81665383,5.656854249,11.66190379,5.656854249,13.03840481,5,12.20655562,6.403124237
12.04159458,27.58622845,11.3137085,29.20616373,6.32455532,28.60069929,9,26.40075756,10,25.63201124,8.246211251,26.2488095,11.40175425,18.97366596,11.70469991,22.20360331,9.486832981,21.58703314,3.605551275,22.02271555,8.062257748,23.19482701,9.899494937,20.39607805,2.236067977,19.6468827,5.830951895,19.92485885,5.385164807,26.57066051,3.16227766,27.20294102,2.236067977,27.51363298,6,26.40075756,2.828427125,31.30495168,2,30.01666204,2,32.75667871,3.605551275,29.41088234,3,34.66987165,8.246211251,39.11521443,8.602325267,38.01315562,7.211102551,37.21558813
2.236067977,8.544003745,2.236067977,8.94427191,2.828427125,7.810249676,2.236067977,6.708203932,3.16227766,6.08276253,2,7.071067812,5,4.123105626,4.123105626,4.242640687,4.472135955,6.708203932,0,6.32455532,3.605551275,4.472135955,3,5,3,5,3.16227766,4.123105626,2,4,3.605551275,5.099019514,3.16227766,5.099019514,2.236067977,5.385164807,2,6.32455532,2,6.32455532,3.16227766,6.708203932,3.16227766,6.32455532,3,7.071067812,2.828427125,8.94427191,4.123105626,7.280109889,2.236067977,9.848857802
5.830951895,6.08276253,6.32455532,4.472135955,5.830951895,6.08276253,6.403124237,5,4.123105626,7.071067812,3.605551275,6.08276253,4.472135955,5.385164807,4.242640687,5.385164807,4.472135955,7.071067812,3.16227766,6.32455532,3,5,4.123105626,5,4.123105626,5,4.123105626,7.071067812,5.099019514,4.472135955,5,7,4.472135955,6,7.615773106,7.071067812,5.830951895,6.32455532,5.830951895,7.615773106,5,7.615773106,5.099019514,7.211102551,6.708203932,8.062257748,7.280109889,8.062257748,8.544003745,9.433981132,9.433981132,8.94427191
29.06888371,26.30589288,29.20616373,29.41088234,27.20294102,29.15475947,19.6468827,24.08318916,22.36067977,20.39607805,19.79898987,25.17935662,9.899494937,19.02629759,21.9317122,18.11077028,14.86606875,13.15294644,13.60147051,14.31782106,11.18033989,5.830951895,11.04536102,13.03840481,19.6468827,6.08276253,23.19482701,8.246211251,13.92838828,8.602325267,17.02938637,10.44030651,12.36931688,4.472135955,25.07987241,12.36931688,21.9544984,16.1245155,24.75883681,8.246211251,21.26029163,13,23.32380758,14.03566885,21.47091055,15.03329638,32.01562119,21.02379604,33.28663395,21.58703314,31.89043744,26.07680962
35.35533906,10.44030651,36.24913792,8.602325267,33.10589071,8.246211251,28.63564213,3.605551275,31.40063694,5,29.52964612,2.828427125,25.23885893,6.708203932,22.47220505,1.414213562,16.2788206,4.242640687,19.23538406,5.830951895,20.59126028,8.246211251,19.6977156,6.403124237,17.4642492,9.433981132,13.92838828,9.219544457,18.11077028,12.08304597,17.72004515,13,15.8113883,14.31782106,14.86606875,15.23154621,13.15294644,21.02379604,8.94427191,20.61552813,17.72004515,21.58703314,12.64911064,23.40939982,13,26.57066051,15,26.2488095,14.03566885,30.59411708,17.02938637,32.75667871
21.9317122,15.23154621,19.79898987,17.88854382,15.8113883,19.20937271,17.69180601,20.24845673,16.1245155,21.9317122,17,18.43908891,15.29705854,19.84943324,15.29705854,21.21320344,14.03566885,21.9317122,12.16552506,24.04163056,15.29705854,26.17250466,13.03840481,28.31960452,13.92838828,25.8069758,15.23154621,27.80287755,17.49285568,25.23885893,14.76482306,31.06444913,15.62049935,29.54657341,16.2788206,29.15475947,16.2788206,31.06444913,17.69180601,27.73084925,17.80449381,32.31098884,17.20465053,33.10589071,15.55634919,33.54101966,15.8113883,39,18.60107524,37.33630941,18.35755975,40.49691346
5.099019514,4.472135955,5.099019514,4.472135955,6,4.472135955,6,5.099019514,6,4,7.071067812,4.472135955,5,3,6,5.099019514,5,4.123105626,4.123105626,4.242640687,6,6.403124237,4.123105626,5.830951895,5.099019514,7.211102551,4,7.810249676,6.32455532,6.403124237,5.830951895,7.211102551,6.708203932,7.211102551,5.385164807,8.602325267,6.32455532,8.94427191,6.403124237,9.219544457,7.810249676,9.848857802,7.615773106,7.810249676,7.211102551,8.94427191,8.602325267,11.18033989,8.602325267,10.77032961,8.602325267,11.18033989
7.810249676,33.24154028,6.403124237,36.22154055,10.81665383,35.22782991,10.77032961,33.13608305,7.615773106,24.0208243,10.77032961,28,8.602325267,25.01999201,11.40175425,24.18677324,4.242640687,20.39607805,8.485281374,20.88061302,8.485281374,20.22374842,5.385164807,16.4924225,5.656854249,16.76305461,5.830951895,18.78829423,7.071067812,21.47091055,7.071067812,15.26433752,4.242640687,19.20937271,4.123105626,19.20937271,6.08276253,19.20937271,4,19.72308292,3,21.9544984,5.099019514,21.9317122,3.16227766,24.35159132,3.605551275,26.47640459,2.236067977,27.89265136,6.08276253,30.14962686
4.472135955,9.055385138,4.123105626,9.055385138,4.242640687,7.071067812,3.605551275,8.246211251,3.605551275,8,3.605551275,6.08276253,2.828427125,6.32455532,3.16227766,6,3.16227766,4.472135955,4.123105626,4.472135955,4.123105626,6.08276253,5.099019514,4.123105626,5,3.605551275,6,5.830951895,6.08276253,4.242640687,7.071067812,4.242640687,6.32455532,4.242640687,7.071067812,3.16227766,7,4.472135955,7.071067812,5.385164807,8,4.472135955,8,4.123105626,11,3.605551275,12.04159458,3.16227766,11.04536102,5.385164807,12.04159458,4
9.486832981,10,8.544003745,11,8.94427191,9,9.848857802,10.04987562,7.810249676,8,8.602325267,8.062257748,9.219544457,7,7.810249676,7.071067812,8.602325267,4.123105626,5,6.32455532,9.219544457,6.08276253,7.810249676,6.08276253,8.94427191,7.071067812,8.544003745,5,7.615773106,5,9.433981132,5,10,5.385164807,10.77032961,4.242640687,10.77032961,4.472135955,9.848857802,5,10.77032961,3.16227766,11.40175425,3.605551275,12.36931688,2.236067977,13.34166406,2.236067977,13,2,13.92838828,2.236067977
5.830951895,11.18033989,6.32455532,10.19803903,8.485281374,10.44030651,7.211102551,10.29563014,7.810249676,9,7.810249676,9.486832981,7.810249676,6.708203932,7.071067812,7.615773106,8.485281374,7.615773106,6.403124237,6.708203932,8.485281374,8.94427191,8.602325267,6.403124237,8.94427191,6.708203932,8.94427191,5.830951895,8.94427191,5,9.433981132,5.656854249,9.848857802,5.656854249,10.44030651,6.403124237,8.94427191,6.403124237,9.486832981,5.830951895,10.77032961,5.830951895,11.40175425,5,10.19803903,5.385164807,10.19803903,7.615773106,12.08304597,8.246211251,10.77032961,8.94427191
18.68154169,16.1245155,18.24828759,17,17.72004515,19.72308292,16.1245155,21.54065923,13,18.43908891,14.4222051,22.627417,12.20655562,21.26029163,12.04159458,24.75883681,9.899494937,20.24845673,9.219544457,22.47220505,10.19803903,23.70653918,11.18033989,22.47220505,10.77032961,24.16609195,12.16552506,25.63201124,10.04987562,24.69817807,13,27.45906044,12.04159458,23.53720459,10.19803903,27.65863337,12.16552506,28.86173938,11.04536102,29.27456234,10.19803903,27.29468813,10.19803903,28.44292531,7.280109889,30.2654919,8.062257748,36.49657518,4.472135955,36.67424164,7.211102551,39.05124838
2,7.280109889,3.16227766,13.34166406,7.071067812,8.94427191,2,8.602325267,6,6.403124237,6,9.219544457,2.236067977,9.219544457,5.099019514,11.40175425,0,9.433981132,2.236067977,9.486832981,1.414213562,13.03840481,2,11,1,10.04987562,4.123105626,11.04536102,3.16227766,11.18033989,1.414213562,13,2.236067977,13,1.414213562,12.36931688,3.605551275,13.15294644,2.828427125,13,3.605551275,13.34166406,2.236067977,12.04159458,2.236067977,14.03566885,3.605551275,16.1245155,1,13.34166406,2.236067977,15.13274595
8.062257748,9.055385138,8.062257748,8,8.602325267,8.062257748,7.211102551,9.055385138,7.615773106,7,8.062257748,7,8.246211251,9.055385138,8.246211251,6.32455532,9.055385138,6.08276253,7,5.099019514,10,6.08276253,10,4.123105626,10.04987562,5.099019514,12.16552506,1.414213562,11.18033989,1,12.36931688,2.236067977,13.15294644,2.236067977,13.15294644,2,13.34166406,1.414213562,11.40175425,2,13.15294644,2.236067977,11.40175425,2.236067977,13.15294644,4.472135955,13.60147051,3.16227766,14.14213562,2.236067977,14.31782106,5.099019514
12.80624847,23.70653918,12.08304597,26.41968963,14.31782106,26.07680962,12.64911064,29.15475947,13.03840481,27.80287755,12,28.60069929,13.03840481,27.65863337,14.14213562,27.58622845,14.86606875,26.17250466,13.92838828,26.17250466,17,27.65863337,15.26433752,28.60069929,16.1245155,26.07680962,18.35755975,28.65309756,17.49285568,27.29468813,21.47091055,29.96664813,18.86796226,28.63564213,18.35755975,30.08321791,21.63330765,30.08321791,19.10497317,27.51363298,18.60107524,30.6757233,19.10497317,28.7923601,14.86606875,30.6757233,17.02938637,33.83784863,15.26433752,31.01612484,14.4222051,33.24154028
28.8444102,9.433981132,31.06444913,9.433981132,31.6227766,10.63014581,32.75667871,7.211102551,30,5.656854249,32.80243893,6.32455532,33.60059523,5.099019514,31.144823,5.099019514,31.144823,4.472135955,31.11269837,8.544003745,33.30165161,6.403124237,32.64965543,5,30.47950131,5,32.20248438,5.656854249,31.90611227,6.403124237,31.40063694,7.211102551,30.8058436,7.211102551,31.76476035,5,31.90611227,8.94427191,29.68164416,8.062257748,31.76476035,5,29.15475947,8.246211251,30.41381265,6.32455532,30.88689042,5.656854249,30.23243292,9.219544457,30.88689042,8.602325267
5,14,6.403124237,12.36931688,5.385164807,12.16552506,7.211102551,12.04159458,6.403124237,10.04987562,8.602325267,10.04987562,8.485281374,10,8.485281374,7.280109889,10,5,7.071067812,7,10.29563014,5.099019514,9.219544457,4,9.848857802,8.062257748,12.80624847,14.03566885,9.055385138,1.414213562,10.29563014,1,10.44030651,5.099019514,11.18033989,1,10.19803903,2.236067977,10.44030651,3,11,3.16227766,9.486832981,2,9.219544457,3.16227766,10.04987562,6.32455532,9.486832981,5,9.848857802,5
19.72308292,21.1896201,22.02271555,20.24845673,19.20937271,21.1896201,17.80449381,20.88061302,18.38477631,18.43908891,19.31320792,17.4642492,19.6468827,18.02775638,19.41648784,13.41640786,22.20360331,13,23.02172887,12.80624847,24.08318916,13.45362405,27.01851217,9.899494937,27.01851217,7.615773106,28.0713377,8.246211251,29.27456234,8.062257748,31.144823,9.219544457,33.54101966,7,31.25699922,10,33.37663854,10.19803903,32.55764119,11.40175425,30.59411708,11.18033989,32.57299495,10.29563014,31.6227766,9.848857802,33.95585369,11.40175425,31.6227766,7.071067812,33.52610923,7.071067812
29.15475947,21.9317122,34.17601498,18.38477631,32.31098884,23.02172887,34.0147027,15.65247584,29.96664813,17.4642492,29.52964612,15.8113883,30.23243292,18.02775638,27.65863337,17,27.65863337,17,26.2488095,20.09975124,30.47950131,21.37755833,28.60069929,18.97366596,28.01785145,17.4642492,26.41968963,20.39607805,27.73084925,19.31320792,27.31300057,22.13594362,27.31300057,21.1896201,28.46049894,19.31320792,27.29468813,22.47220505,26.57066051,22.82542442,28.16025568,20.24845673,28.16025568,18.43908891,28.7923601,16.2788206,31.95309062,17.80449381,28.7923601,14.31782106,31.6227766,14.31782106
24.0208243,20.61552813,25.17935662,22.8035085,24.08318916,24.69817807,24.51530134,22.47220505,18.24828759,25.49509757,18.68154169,24.18677324,19.92485885,25.55386468,14.76482306,26.62705391,16.1245155,26.62705391,14.86606875,25,14.86606875,30.61045573,13.60147051,29.06888371,17.49285568,27.65863337,15.26433752,29.41088234,16.55294536,30.8058436,14.56021978,32.80243893,14.31782106,31.40063694,16.1245155,30,15.13274595,29.20616373,15.03329638,28.31960452,16.03121954,27.65863337,16,26.17250466,18,25.45584412,21.02379604,25.61249695,22.09072203,24.69817807,20,23.02172887
2.828427125,9.486832981,1,8.94427191,2.236067977,8.94427191,0,8.544003745,2,8.544003745,1.414213562,8.062257748,1.414213562,9.055385138,2.236067977,8.062257748,2.236067977,8.062257748,2,6.08276253,2.828427125,9.848857802,3.16227766,7.615773106,2.828427125,7.615773106,2.236067977,9.848857802,3.605551275,9.848857802,4,11.40175425,3.16227766,10,4,9.433981132,3.16227766,12.20655562,4.123105626,9.219544457,2.236067977,11.40175425,3.16227766,10.63014581,3.16227766,10.63014581,4,11.3137085,3,12.20655562,3.16227766,10.81665383
7.071067812,3.605551275,8.544003745,10.77032961,10.81665383,5.656854249,6.708203932,7.071067812,8.062257748,5,7.280109889,5.830951895,8.062257748,6.32455532,6.32455532,6.08276253,8.246211251,6,6.08276253,6.08276253,8.062257748,7.071067812,8.062257748,7.280109889,10.04987562,6.08276253,9.486832981,7.071067812,9.219544457,7.071067812,10.19803903,8.544003745,8.94427191,8.544003745,8.246211251,9.486832981,9.486832981,8.246211251,10,10.19803903,9.433981132,7.615773106,13.03840481,7.615773106,9.433981132,7.280109889,9.219544457,8.062257748,10,8.544003745,9.219544457,8.246211251
6.403124237,8.602325267,5.830951895,7.211102551,5.385164807,8.062257748,4,7.615773106,4.123105626,7.211102551,5,6.403124237,6.08276253,5.830951895,6,5.656854249,8.246211251,5.656854249,9.486832981,3.605551275,9.486832981,4.472135955,8.544003745,4.123105626,8.94427191,4.472135955,10.44030651,3,9.848857802,4.123105626,10.44030651,5.099019514,12.08304597,4.123105626,11.70469991,5,12.08304597,4.472135955,11.18033989,4.472135955,11.18033989,5.385164807,11.70469991,5.830951895,10.44030651,5.656854249,12.64911064,5.099019514,13.34166406,5.099019514,11.70469991,6.08276253
64.07027392,36.76955262,65.00769185,37.21558813,64.03124237,38.63935817,64.19501538,39.3192065,55.14526272,43.01162634,56.0357029,47,55.32630477,44.10215414,46.57252409,47.85394446,47.12748667,43.93176527,39.2173431,42.72001873,40.31128874,51.54609588,37.12142239,48.08326112,35.35533906,53.14132102,31.2409987,53.14132102,28.31960452,53.85164807,33.9705755,58.6003413,29.68164416,56.46237685,36.7151195,55.15432893,30.08321791,57.80138407,36.12478374,54.3783045,34,52.15361924,32.14031736,48.25971405,36,39.40812099,44.04543109,43.93176527,39.3192065,37.80211634,48.01041554,41.18252056
10.29563014,2.236067977,10.81665383,1,10.29563014,4.123105626,10.77032961,5.656854249,12.64911064,3,9.486832981,2.236067977,9.486832981,6.403124237,10.19803903,3.16227766,11,7.211102551,11.04536102,5.656854249,11,6.403124237,10.19803903,5.656854249,11.18033989,5,9.055385138,6.708203932,12.36931688,8.062257748,12.64911064,8.062257748,13,6.403124237,12.64911064,11.40175425,12.08304597,8.062257748,12.20655562,6.403124237,10.81665383,4.472135955,11.40175425,6.32455532,10.81665383,8.544003745,12.04159458,7.280109889,12.20655562,8,11.40175425,8.94427191
3.16227766,12.36931688,5.099019514,13,3.16227766,13.60147051,4.123105626,11.70469991,4.123105626,12.36931688,5,12.08304597,5,13.60147051,7.071067812,12.64911064,7.071067812,13,7.071067812,12.64911064,6.403124237,14.76482306,8.485281374,13.41640786,7.211102551,14.31782106,7.071067812,14.76482306,7.211102551,14.76482306,8.485281374,17,7.071067812,15.26433752,8.602325267,15.26433752,8.485281374,17.20465053,7.810249676,16.40121947,5.656854249,17.20465053,6.403124237,16.2788206,6.403124237,18.60107524,8.602325267,17.02938637,6.403124237,16.2788206,6.403124237,17.02938637
6.708203932,14.2126704,6.708203932,13.03840481,5.830951895,12.52996409,5.385164807,11.66190379,5.385164807,10.29563014,4.123105626,10.63014581,5.099019514,11.40175425,5.830951895,10,4.123105626,11.40175425,2,10.81665383,2.236067977,12.72792206,2,11.40175425,1,12.20655562,3,12.72792206,3.16227766,11.3137085,2.236067977,13.60147051,3.16227766,14.2126704,1.414213562,12.80624847,1.414213562,12.20655562,2.828427125,14.76482306,3.16227766,13.03840481,5,12.52996409,3.16227766,11.66190379,3,13.41640786,4,13,4,13
32.69556545,11.18033989,30.46309242,15,31.32091953,18.11077028,26.47640459,14.31782106,21.37755833,18.35755975,20.22374842,12.52996409,22.02271555,15.8113883,17.72004515,10.63014581,18.43908891,11.66190379,17.02938637,12.20655562,13.45362405,10.29563014,18.60107524,7.615773106,17.02938637,10.04987562,20.24845673,12.64911064,26.62705391,11.18033989,20.24845673,15.23154621,19.41648784,17.20465053,22.20360331,13.45362405,24.8394847,19.6977156,19.41648784,13.60147051,21.9317122,18.38477631,20.51828453,19.92485885,19.84943324,23.76972865,23.43074903,29.42787794,17.02938637,29.42787794,20.51828453,32.14031736
3.605551275,13.60147051,4,13.60147051,5.385164807,11.66190379,5.099019514,13.41640786,5.385164807,11.18033989,4.472135955,10.29563014,5,11.66190379,4.242640687,10.29563014,3.605551275,10.29563014,3.605551275,8.94427191,4.242640687,9.433981132,4.242640687,9.848857802,4.242640687,8.94427191,2.828427125,9.486832981,3.16227766,7.615773106,3.16227766,9.848857802,4.123105626,9.219544457,3.16227766,8.94427191,4.123105626,8.544003745,3.16227766,8.544003745,4.123105626,8.94427191,4.123105626,8.94427191,4.123105626,7.211102551,5.099019514,9.433981132,5.099019514,8.94427191,5.099019514,9.433981132
16.1245155,32.75667871,20.59126028,30.59411708,18.86796226,30.8058436,18.86796226,33.24154028,19.41648784,27.07397274,21.40093456,28.01785145,21.21320344,24.08318916,22.6715681,23.02172887,22.6715681,20.02498439,24.69817807,17.2626765,27.73084925,19.23538406,24.69817807,17.4642492,24.69817807,16.4924225,27.20294102,16.15549442,27.20294102,16.55294536,27.89265136,16.1245155,29.42787794,15.65247584,31.40063694,12.52996409,30.14962686,14.31782106,32.06243908,12.52996409,33.54101966,10.81665383,34.13209633,10.44030651,35.12833614,8.544003745,40.19950248,8,39.81205847,8,41.43669871,7
27.45906044,12.20655562,28.16025568,7.810249676,25.49509757,8.246211251,27.20294102,10.19803903,25,11.70469991,25.63201124,13.15294644,23.76972865,14.03566885,22.36067977,16.1245155,21.02379604,17,21.09502311,20,19.23538406,21.02379604,19.41648784,22,17.80449381,21.02379604,16.40121947,23.02172887,14.2126704,25.07987241,16.2788206,25.07987241,13.60147051,25.07987241,16.55294536,27.01851217,16.64331698,28,16.15549442,28.0713377,18.38477631,28,18.02775638,28,20.61552813,27.07397274,24.51530134,31.01612484,25,29.06888371,24.73863375,29.27456234
10.63014581,20.1246118,10.81665383,21.9544984,9.433981132,21.47091055,9.433981132,18.38477631,14.76482306,21.02379604,12.20655562,21.9544984,12.04159458,17.49285568,16.55294536,27.29468813,9.848857802,21.09502311,10.81665383,28.7923601,15.55634919,25.49509757,18.02775638,25.05992817,18.02775638,24.69817807,17.20465053,28.3019434,17,28.3019434,18.60107524,31.38470965,15.8113883,28.8444102,17.20465053,30.41381265,18.60107524,33.12099032,16.1245155,32.24903099,17,32.44996148,14.76482306,33.28663395,14.76482306,31.90611227,15.23154621,35.51056181,15.23154621,33.01514804,16.1245155,36.05551275
10.63014581,30.52867504,8.485281374,30,7.211102551,30.8058436,7.810249676,31.90611227,7.211102551,29.41088234,4.242640687,30.61045573,5,28.60069929,5.385164807,31.11269837,6.32455532,31.82766093,6.403124237,30.41381265,7.810249676,32.55764119,6.403124237,32.01562119,8.544003745,33.24154028,7.071067812,31.6227766,9.433981132,30.88689042,9.219544457,35.51056181,8.062257748,31.38470965,9.848857802,32.20248438,10.77032961,33.61547263,11.40175425,33.10589071,10.44030651,35.34119409,6.32455532,32.69556545,7.071067812,31.76476035,10.19803903,37.57658846,11.18033989,34.17601498,8.062257748,38.01315562
19.72308292,29.68164416,18.86796226,30.01666204,20.24845673,30.23243292,21.02379604,29.68164416,17.88854382,28.8444102,20.1246118,29.68164416,20.59126028,26.92582404,19.23538406,26.62705391,19.23538406,25.23885893,18.86796226,21.63330765,18.86796226,24.69817807,17.88854382,23.32380758,17.49285568,23.32380758,16.64331698,23.85372088,16.1245155,24.18677324,16.64331698,22.8035085,16.1245155,23.32380758,14.2126704,22.02271555,15,21.63330765,16.1245155,21.63330765,13.60147051,21.40093456,13.60147051,20,12.04159458,20.61552813,15,22.02271555,12.80624847,21.40093456,13.45362405,21.40093456
21.21320344,25.3179778,22.20360331,23.76972865,23.08679276,20,22.13594362,22.20360331,22.47220505,18.02775638,23.08679276,17.11724277,25.23885893,21.09502311,26.17250466,16.4924225,18.38477631,20.61552813,18.02775638,16.4924225,19.31320792,19.6977156,22.02271555,16.55294536,21.40093456,19.20937271,17.02938637,17.69180601,14.4222051,17.80449381,17.02938637,19.84943324,17.20465053,18.38477631,17.4642492,19.6977156,21.09502311,19.84943324,16.76305461,16.64331698,20.61552813,20.1246118,16.55294536,21.09502311,17.11724277,16.15549442,19.92485885,18.43908891,21.58703314,14.76482306,22.56102835,17.4642492
16.55294536,8.602325267,17.4642492,10,16.1245155,9.219544457,18.02775638,8.602325267,15.65247584,9.219544457,17.88854382,8.602325267,16.64331698,8.062257748,15.26433752,6.403124237,16.1245155,6.403124237,12.52996409,6.403124237,15.65247584,8.602325267,14.76482306,8.602325267,13.89244399,7.810249676,12.20655562,7.810249676,13.60147051,6.708203932,13.03840481,6.403124237,12.80624847,7.211102551,11.3137085,5.656854249,12.04159458,7.211102551,11.40175425,5.830951895,11.40175425,6.708203932,11.40175425,5.656854249,10.63014581,7.810249676,12.04159458,8.485281374,14.14213562,7.810249676,12.04159458,7.810249676
4.242640687,46.09772229,4.472135955,45.12205669,4.472135955,44.91102315,1,43.28972164,3.16227766,39.81205847,3.16227766,40.44749683,4.123105626,41.19465985,2.236067977,33.73425559,4.123105626,34.13209633,4.472135955,31.57530681,4.123105626,33.24154028,4.123105626,30.14962686,5,30.01666204,6.08276253,27.16615541,7.071067812,23.19482701,9.055385138,25.17935662,8,22.36067977,11.40175425,19.23538406,10.44030651,19.41648784,10.44030651,17.4642492,10.04987562,15.23154621,11.40175425,14.86606875,13.34166406,13.41640786,14.56021978,13.60147051,14.31782106,12.20655562,13.34166406,9.899494937
7.280109889,11.70469991,8.246211251,8.544003745,7.071067812,7.615773106,8.062257748,7.615773106,6.08276253,6.708203932,7.071067812,6.708203932,6,6.32455532,6.08276253,5.385164807,6.08276253,4.472135955,6.32455532,4,6.403124237,6.08276253,5.830951895,5.099019514,5.830951895,5,5.656854249,4.123105626,7.071067812,4.123105626,7.071067812,4.472135955,6.708203932,5,7.615773106,4.472135955,6.32455532,5.385164807,7.615773106,5,8.544003745,4.242640687,6.708203932,4.242640687,7.071067812,5,8.246211251,4.242640687,9.486832981,4.242640687,8.246211251,5.385164807
18.38477631,8.062257748,18.02775638,9,17.4642492,8,17.08800749,9,13.92838828,8.062257748,13.60147051,7.280109889,12.36931688,8.246211251,9.848857802,7,10.19803903,6.32455532,8.246211251,6.32455532,9.055385138,7.071067812,8,5.099019514,7,6.08276253,8.062257748,5.099019514,6.32455532,5,7.615773106,3,7.615773106,3,6.708203932,2.236067977,7.211102551,2,7.810249676,1,7.810249676,0,8.062257748,1,8.485281374,1,10,1,9.219544457,1,9.219544457,2
16.03121954,5.830951895,17.2626765,5,17.72004515,3.605551275,14.86606875,2,14.4222051,3.16227766,16.2788206,3.16227766,17.69180601,4.472135955,14.4222051,6.708203932,15.26433752,7.810249676,16.64331698,10,22.8035085,13.03840481,21.09502311,12.80624847,23.34523506,14.4222051,25.01999201,12.52996409,26,15.8113883,29.06888371,17,29.06888371,17.20465053,33,17.08800749,34.23448554,19.6977156,32.24903099,21.54065923,37.12142239,19.92485885,34.36568055,17.72004515,38.32753579,18.43908891,44.10215414,18.24828759,42.04759208,15.5241747,44.01136217,17.72004515
9.848857802,20.59126028,8.94427191,21.09502311,13.89244399,17.08800749,13.03840481,15.65247584,13.60147051,11.66190379,14.2126704,8.94427191,14.2126704,12.04159458,19.10497317,7.071067812,20.51828453,7.211102551,21.63330765,6.403124237,22.8035085,5.385164807,18.86796226,7,25.23885893,6.32455532,25.63201124,8.544003745,26.92582404,9.055385138,26.92582404,11.18033989,29.83286778,11.04536102,26.68332813,12.36931688,30.3644529,11.40175425,26.2488095,13.60147051,29.42787794,13.92838828,28.44292531,16.55294536,25.3179778,14.4222051,32.38826948,19.10497317,31.25699922,18.02775638,32.55764119,16.2788206
25.63201124,19.92485885,27.20294102,21.84032967,24.35159132,21.21320344,25.29822128,20.61552813,23.76972865,18.24828759,23.76972865,14.31782106,19.72308292,11.40175425,14.76482306,13.45362405,9.486832981,14.4222051,11.40175425,16.55294536,8.602325267,21.63330765,14.4222051,21.02379604,11.70469991,24.69817807,11.66190379,24.35159132,14.03566885,26.2488095,19.10497317,27.89265136,16.1245155,25,18.68154169,27.51363298,18.78829423,31.32091953,23.40939982,29.41088234,22.47220505,25.29822128,26,27.89265136,27.29468813,27.16615541,32.20248438,29.15475947,31.6227766,22.02271555,32.01562119,24.08318916
20.1246118,20.02498439,17.69180601,20,20.51828453,20.22374842,21.26029163,18.43908891,19.41648784,17.08800749,23.32380758,15.23154621,23.85372088,17.20465053,24.16609195,14.86606875,22.13594362,17.02938637,24.59674775,17,28.65309756,19.23538406,27.31300057,20.1246118,29.73213749,19.92485885,29.15475947,21.1896201,25,23.34523506,30.08321791,23.08679276,27.85677655,27.01851217,26.92582404,29.01723626,28.46049894,27.07397274,27.85677655,25.07987241,22.47220505,30.14962686,23.34523506,28.16025568,22.20360331,30.41381265,22.02271555,36.22154055,16.1245155,37.33630941,19,37.05401463
7.280109889,13.45362405,7.280109889,12.80624847,6.708203932,11.40175425,7.810249676,13.45362405,6.32455532,13.45362405,8.062257748,12.20655562,7.211102551,13.89244399,3.16227766,14.2126704,13.60147051,13.41640786,8.544003745,11.66190379,5.099019514,15.26433752,5.099019514,14.76482306,4,14.76482306,4.123105626,16.64331698,4.472135955,14.31782106,7,15,6,16.1245155,7.280109889,12.04159458,6.32455532,14.2126704,6.08276253,13.89244399,6.708203932,13.60147051,7.280109889,14.2126704,7.280109889,10.63014581,8.062257748,13.89244399,8.94427191,13.60147051,9.433981132,14.4222051
7.810249676,5,7.071067812,5,8.602325267,5.385164807,7.211102551,4.242640687,7.071067812,4.472135955,7.071067812,5,7.071067812,3.605551275,6.403124237,3.605551275,7.211102551,3.605551275,6.708203932,2,8.602325267,2.236067977,7.211102551,2.236067977,8.062257748,3.16227766,8.544003745,3.16227766,8.544003745,3,8.544003745,3.16227766,8.94427191,4.123105626,6.708203932,3.605551275,8.544003745,4.472135955,7.615773106,5.830951895,8.544003745,5.830951895,6.708203932,5.830951895,6.708203932,6.403124237,7.615773106,7.810249676,6.708203932,7.810249676,7.211102551,7.810249676
31.82766093,5,31.144823,6.708203932,30.61045573,5,30,4.472135955,28.31960452,3.605551275,28.60069929,5,27.45906044,3,26.62705391,1.414213562,26.92582404,2.236067977,25.94224354,3,28.17800561,4.472135955,29.54657341,4.472135955,29.54657341,4.472135955,29.15475947,3.605551275,28.7923601,4.242640687,29.73213749,4.472135955,31.6227766,4.123105626,27.51363298,6.08276253,27.89265136,6.08276253,28.63564213,7.071067812,27.29468813,8.062257748,27.45906044,8.544003745,24.08318916,8.544003745,26.17250466,11.40175425,25.01999201,12.52996409,27.01851217,13.60147051
13.41640786,13.34166406,13.03840481,13.92838828,9.055385138,14.76482306,7.071067812,15.8113883,5,9.055385138,5.385164807,9.848857802,10,4,12.36931688,4.123105626,7.071067812,6.708203932,13.15294644,2.236067977,17.72004515,4.242640687,17.72004515,8.602325267,19.41648784,9.486832981,20.39607805,15.23154621,21.09502311,14.2126704,26.01922366,18.86796226,30.06659276,19.41648784,32.01562119,17.20465053,31,21.09502311,29.42787794,20,34.36568055,20.51828453,32.38826948,21.26029163,34.71310992,25.23885893,40.31128874,28.8444102,43.28972164,26.83281573,44.40720662,25.29822128
14.31782106,1,14.86606875,4.123105626,13.41640786,3.16227766,12.36931688,4,10.29563014,3,10.44030651,5,8.544003745,4.472135955,7.071067812,2.236067977,7.071067812,4.123105626,6.08276253,1.414213562,6,1.414213562,6,0,6.32455532,1,5.099019514,1,6.32455532,1,7.280109889,1,6.708203932,2,7.280109889,2.236067977,7.615773106,2.236067977,7.280109889,3,8.062257748,3.16227766,6.708203932,1,8.94427191,3.605551275,7.810249676,4.242640687,10.63014581,2.828427125,10.63014581,5
21.40093456,19.6977156,23.02172887,20.59126028,19.20937271,18.78829423,17.20465053,15.23154621,17.88854382,12.52996409,19.23538406,14.76482306,20.24845673,10.81665383,19.31320792,6.708203932,18.86796226,6.08276253,23.02172887,3.605551275,24.20743687,5,25.49509757,2.236067977,26,3.16227766,29.52964612,3.16227766,31.6227766,3.605551275,33.61547263,6.08276253,29.41088234,8.544003745,31.40063694,9.848857802,32.80243893,10.44030651,31.90611227,15.29705854,31.40063694,15.5241747,29.20616373,17.88854382,30.61045573,17,29.69848481,22.36067977,27.58622845,20,31.2409987,22.47220505
24.73863375,5.656854249,31.76476035,10.29563014,24.16609195,12.04159458,20.51828453,13.60147051,34.20526275,11.40175425,26.40075756,11.3137085,24.18677324,7.810249676,19.72308292,12.08304597,18,25.49509757,14.56021978,11.40175425,21.02379604,27.31300057,16.03121954,26.57066051,20.09975124,22.13594362,19.72308292,21.9317122,23.19482701,22.36067977,28.63564213,27.85677655,24.08318916,14.56021978,14.56021978,14.31782106,27.78488798,6.08276253,19.72308292,15.62049935,21.63330765,6.403124237,25.55386468,5.099019514,26.57066051,10.29563014,25.49509757,10.19803903,32.20248438,3.16227766,27.89265136,12.08304597
21.21320344,17.08800749,25.45584412,13.60147051,25.45584412,13.03840481,26.2488095,9.848857802,27.58622845,5.830951895,28.31960452,5.830951895,28.31960452,3.605551275,29,2.236067977,29,2.236067977,29.69848481,2.828427125,32.55764119,5,31.11269837,6.32455532,29.20616373,8.062257748,31.40063694,8.246211251,31.6227766,9.486832981,34.13209633,13.41640786,31.38470965,11.66190379,32.64965543,12.80624847,34.43835072,13.03840481,31.30495168,15.62049935,31.38470965,14.86606875,32.20248438,16.2788206,31.01612484,17.20465053,34.17601498,17.4642492,33.10589071,19.6977156,35.77708764,20.24845673
12.64911064,1.414213562,12.64911064,2.236067977,12.08304597,1,13.60147051,3.605551275,11.18033989,2,11.66190379,1.414213562,11.40175425,2,10.63014581,3,10.63014581,3,9.219544457,3.16227766,9.899494937,2,9.219544457,4.123105626,8.602325267,3,10,2.236067977,9.433981132,3,9.486832981,1.414213562,8.94427191,1,8.544003745,1.414213562,8.94427191,0,9.486832981,3.605551275,9.848857802,3,9.486832981,2.828427125,11.40175425,2.236067977,10.77032961,3.16227766,11.70469991,3,11.70469991,5
10.19803903,13.45362405,11.40175425,12.04159458,11.18033989,12.72792206,12.04159458,12.72792206,11.70469991,12.80624847,8.544003745,12.04159458,10.29563014,12.20655562,10,12.20655562,8.94427191,12.20655562,8.544003745,11.18033989,11.18033989,13.03840481,8.062257748,12.20655562,6.708203932,12.08304597,7.211102551,13.03840481,7.211102551,11.66190379,7.071067812,13.03840481,6.403124237,12.08304597,5.830951895,12.08304597,6.403124237,13.41640786,5.656854249,12.52996409,7.810249676,14.31782106,6.403124237,13.41640786,5.830951895,13.92838828,4.472135955,15.65247584,5.830951895,15.8113883,5.830951895,16.1245155
20.61552813,15.26433752,22.20360331,16.40121947,19.84943324,15.8113883,20.51828453,17.69180601,19.10497317,15.8113883,22.02271555,15.62049935,20.80865205,14.86606875,20.80865205,13.60147051,21.09502311,9.848857802,23.32380758,12.64911064,23.85372088,15.8113883,24.69817807,14.31782106,24.18677324,16.15549442,25.05992817,15.8113883,25.07987241,17.08800749,26.57066051,16.4924225,27.51363298,17.08800749,29.61418579,14.86606875,30.3644529,16.15549442,30.08321791,14.31782106,33.24154028,17.4642492,32.75667871,19.6977156,33.37663854,17,39.05124838,19.72308292,40.52159918,17.49285568,39.84971769,17.49285568
32.20248438,16.2788206,31.6227766,17.80449381,31.144823,18.38477631,29,17.02938637,28.31960452,16.40121947,31.2409987,14.86606875,30,14.14213562,28.01785145,12.04159458,28.3019434,12.20655562,30.01666204,11.66190379,30.88689042,10.81665383,25.94224354,9.433981132,27.29468813,7.280109889,27.73084925,8.544003745,30.87069808,7.280109889,31.38470965,10.19803903,31.01612484,9.219544457,31.01612484,10.19803903,31.95309062,10.29563014,31.01612484,11.66190379,32.31098884,10.29563014,33.83784863,13.03840481,35.4682957,12.20655562,38.62641583,14.14213562,36.24913792,17.69180601,39.81205847,18.43908891
34,4.242640687,34.43835072,6,32.64965543,7.280109889,32.20248438,7.071067812,30.8058436,9.219544457,27.80287755,11,27.80287755,11.04536102,22.6715681,15,21.21320344,12.36931688,18.60107524,10.77032961,19.20937271,13.34166406,17.4642492,15.03329638,17.4642492,14.31782106,18.43908891,13.92838828,18.24828759,15.8113883,20,19.41648784,20.09975124,16.4924225,22.8035085,19.10497317,25.17935662,20.39607805,27.20294102,16.03121954,27.51363298,20,30.3644529,18.02775638,32.89376841,17.02938637,34.20526275,19.10497317,36.76955262,16.03121954,41.43669871,16.4924225
12.04159458,22.09072203,10,18.43908891,12.16552506,17.2626765,15.29705854,16,13.15294644,15.29705854,14.86606875,15.5241747,14.56021978,14.76482306,16.55294536,13.60147051,13.92838828,14.86606875,18.02775638,13.89244399,17.49285568,15.23154621,17.49285568,13,15.8113883,12.64911064,15.62049935,14.14213562,18.38477631,14.31782106,16.40121947,17.11724277,19.10497317,16,20,16.1245155,21.02379604,18.02775638,21.9317122,18.02775638,23.76972865,19.02629759,22.47220505,15.13274595,28.16025568,17.11724277,27.45906044,18,29.06888371,18.11077028,30.06659276,18.02775638
22.84731932,17.69180601,22.36067977,19.20937271,24.18677324,18.78829423,23.76972865,20.24845673,20.02498439,18.11077028,26.47640459,20,22.02271555,24.18677324,22,22.56102835,16.2788206,25.63201124,19,25,21,31.30495168,18.24828759,28.7923601,21.09502311,29.54657341,21.1896201,30.52867504,19.23538406,32.24903099,15.65247584,30.61045573,13.60147051,33.01514804,19.20937271,31.144823,15.62049935,38.27531842,16.40121947,32.01562119,18.78829423,30.47950131,22.47220505,34.20526275,20.22374842,29,30.3644529,29.06888371,31.32091953,28.28427125,31.95309062,25.05992817
23.08679276,13,23.08679276,18.43908891,22.20360331,16.2788206,22,16.1245155,19.10497317,16.03121954,20.22374842,19.41648784,17.11724277,21.84032967,14.31782106,21.54065923,13.60147051,23.32380758,15.5241747,24.16609195,14.31782106,29.52964612,12.64911064,26.92582404,11.66190379,27.80287755,14.31782106,29.69848481,10.63014581,27.58622845,12.04159458,31.11269837,14.4222051,29.73213749,13,28.60069929,16.76305461,32.44996148,14.31782106,30.23243292,20.09975124,32.24903099,20.39607805,29.15475947,27.29468813,28.65309756,31.40063694,31.38470965,31.01612484,31.01612484,33,29.15475947
32.80243893,16.55294536,26.90724809,14.31782106,29.69848481,13.34166406,29,12.64911064,22.6715681,9.848857802,23.85372088,12.04159458,16.1245155,13.15294644,15.8113883,12.08304597,19.23538406,19.23538406,13.34166406,15.29705854,13.92838828,16.03121954,12,13.03840481,14.31782106,15,10.77032961,16.03121954,9.848857802,17.2626765,15.8113883,16.03121954,14.86606875,15.8113883,18.38477631,19.92485885,19.84943324,21.37755833,21.26029163,20.88061302,21.9317122,21.54065923,20.80865205,22.56102835,25.61249695,23.40939982,29,24.73863375,31.2409987,24.35159132,30.41381265,24.69817807
6,9.433981132,5.385164807,9.899494937,4.123105626,9.899494937,5,9.433981132,3,8.485281374,3.16227766,8.485281374,4.472135955,7.211102551,3.16227766,7.810249676,2,6.403124237,4.123105626,6.403124237,5.099019514,5.385164807,5,5.656854249,4.123105626,5.830951895,5.099019514,5.385164807,3,6.32455532,7,6.08276253,7.071067812,7.280109889,6.32455532,3.605551275,6.32455532,6.08276253,6.708203932,6.08276253,6.403124237,6.08276253,7.211102551,5.099019514,7.071067812,5.385164807,8.062257748,5.830951895,9.219544457,6.32455532,10,5.385164807
20.09975124,17.49285568,18.02775638,17.80449381,20.39607805,17,17.2626765,16.2788206,20.59126028,16.2788206,12.08304597,19.84943324,14.86606875,18.43908891,18.43908891,19.10497317,16.1245155,20,16.76305461,16.64331698,19.6468827,21.47091055,19.02629759,19.72308292,20.02498439,22.82542442,20.02498439,23.85372088,22.20360331,20.59126028,22.13594362,20.61552813,25.70992026,23.60084744,22.13594362,23.34523506,26.57066051,24.75883681,29.68164416,25.45584412,29.15475947,27.65863337,27.31300057,27.65863337,25.61249695,28.3019434,31.76476035,33.28663395,25.23885893,31.90611227,30,36.35931793
26.92582404,12.64911064,28.86173938,8.062257748,29.61418579,9.055385138,28.63564213,7.211102551,27.29468813,5.830951895,29.27456234,7.280109889,27.16615541,10.04987562,26.07680962,5,26.01922366,11.18033989,22.02271555,13.41640786,27.07397274,16.1245155,24.08318916,16.1245155,23.53720459,15.23154621,21.37755833,18.97366596,21.58703314,20.24845673,21.54065923,23.2594067,25.49509757,24.59674775,20.24845673,25,23.02172887,27.51363298,22.627417,28.46049894,22.6715681,28.7923601,24.20743687,27.20294102,24.69817807,28.44292531,31.01612484,31.04834939,30.87069808,29.83286778,31.01612484,31.57530681
33.54101966,32.01562119,36.05551275,20.09975124,10.44030651,18.02775638,37.05401463,18.02775638,19.23538406,20,25.17935662,9.219544457,21.58703314,7,18.68154169,13.03840481,28.0713377,18.68154169,18.02775638,19.20937271,12.16552506,15,11.18033989,14.2126704,17.02938637,13.34166406,8.246211251,14,6.32455532,15.13274595,19.02629759,18.11077028,15,17.72004515,14,21.02379604,11.04536102,24.33105012,4.472135955,21.37755833,9.899494937,23.34523506,8.602325267,26.92582404,9.219544457,25.70992026,13.03840481,28.44292531,14.31782106,25.70992026,19.6977156,28.28427125
24.18677324,6,24.59674775,7.280109889,19.6977156,10,17.72004515,12.80624847,17.11724277,17.02938637,15.13274595,13.41640786,14.56021978,13,10.29563014,17.20465053,6.403124237,19.20937271,14.03566885,23.60084744,13.41640786,26.2488095,18.02775638,22.6715681,20.09975124,25.45584412,21.02379604,24.8394847,23.19482701,27.58622845,26.17250466,25.8069758,24.04163056,26.41968963,25.63201124,26.40075756,26.92582404,28.7923601,30.08321791,23.76972865,30.08321791,25.07987241,29.68164416,25,29.41088234,23.76972865,33.60059523,27.89265136,36.12478374,26.30589288,37.53664876,29.83286778
11.04536102,7.615773106,11.04536102,8.544003745,10.04987562,8.246211251,9.055385138,6.32455532,6.32455532,7.071067812,8.246211251,5.385164807,5.830951895,5.099019514,4.123105626,4.472135955,4.472135955,5.099019514,3.16227766,3,2.236067977,5.385164807,1.414213562,5,1,4.472135955,1,5,2.236067977,5.385164807,2,5.830951895,1,3.605551275,1,5.830951895,0,6.32455532,1,8.246211251,1.414213562,7.615773106,1,8.246211251,2.236067977,6,1.414213562,6.08276253,1,6.08276253,2.236067977,9.219544457
8.062257748,26.83281573,3,27.78488798,9.055385138,25.55386468,6.32455532,24.59674775,6.403124237,26.2488095,7.071067812,24.41311123,5,24.20743687,8.246211251,22.8035085,6.08276253,23.85372088,9,25.23885893,10.44030651,28.65309756,7.280109889,29.15475947,5.830951895,27.31300057,10.44030651,31.30495168,7.071067812,33.10589071,9.219544457,32.24903099,7.280109889,33.10589071,9.486832981,31.90611227,9.433981132,31.30495168,8.544003745,33.61547263,12.04159458,32.31098884,13.34166406,29.73213749,14.56021978,29.54657341,18.68154169,29.15475947,20.39607805,26,25,28.63564213
11.66190379,15.8113883,10.63014581,15,9.899494937,14.86606875,9.219544457,14.4222051,7.810249676,13.03840481,10.63014581,13.60147051,9.899494937,12.80624847,9.899494937,12.20655562,7.071067812,10.81665383,8.485281374,10.77032961,9.219544457,13.41640786,6.708203932,12.08304597,6.403124237,11.70469991,6.403124237,13.34166406,5,12.36931688,5.830951895,13.34166406,5.385164807,13.15294644,6.08276253,11.40175425,7.211102551,13.15294644,6.708203932,12.16552506,6.708203932,12,6.32455532,13,6.708203932,11.04536102,7.071067812,12,7.615773106,11.04536102,6.32455532,12.16552506
31.32091953,2.828427125,31.95309062,1.414213562,32.20248438,4.123105626,28.7923601,4.472135955,27.45906044,1,25.8069758,6.403124237,24.20743687,6.403124237,26.2488095,5.099019514,26.17250466,6.708203932,27.29468813,10.63014581,28.17800561,5,26.92582404,7.810249676,24.16609195,5.385164807,22.8035085,6.708203932,25.3179778,4,25.3179778,3.16227766,29.15475947,6.708203932,28.0713377,9,29.61418579,5.099019514,30.59411708,5,32.24903099,1.414213562,33.54101966,3.605551275,35.35533906,4.123105626,41.30375286,5.385164807,42.29657197,5.385164807,46.5295605,7.615773106
10.29563014,7.810249676,10,8.062257748,11.66190379,7.211102551,8.94427191,7.071067812,8.485281374,6.403124237,10,6.708203932,8.602325267,6.32455532,9.219544457,6.08276253,8.485281374,6.08276253,5,5.099019514,8.062257748,7.071067812,7.615773106,7,5.830951895,7,5.830951895,6,5.830951895,7.071067812,7.280109889,10.19803903,5.830951895,8.062257748,4.472135955,7,5.830951895,7.071067812,5.099019514,7.280109889,3.605551275,8.544003745,5.830951895,6.708203932,5.830951895,7.615773106,6.403124237,7.071067812,7.211102551,8.485281374,7.211102551,8.602325267
18.60107524,6.403124237,18.86796226,7.211102551,19.41648784,7.211102551,19.23538406,5.830951895,17.69180601,5.830951895,18.02775638,4.472135955,18.43908891,5,16.2788206,5.099019514,16.2788206,3.605551275,16.97056275,5,17.02938637,5,15.62049935,4.242640687,14.86606875,5,14.86606875,5,15.55634919,3.605551275,16.2788206,5,16.2788206,5,14.2126704,2.828427125,15.55634919,6.32455532,13.45362405,4.242640687,15,5.385164807,14.86606875,5.099019514,13.89244399,5,15.8113883,7.211102551,16.40121947,6.708203932,15.8113883,5.830951895
5.830951895,8.544003745,4.123105626,8.246211251,5.385164807,7.615773106,6.708203932,13,6.403124237,8.94427191,4,8.602325267,6.708203932,8.062257748,7.280109889,6.08276253,5,7.280109889,16.4924225,6.403124237,8.062257748,6.708203932,8.062257748,6.32455532,8.94427191,7.071067812,9.486832981,7.211102551,8.544003745,5.830951895,9.486832981,7.810249676,9.486832981,5.656854249,9.486832981,8.062257748,9.486832981,5.656854249,9.848857802,7.615773106,10.29563014,7.211102551,9.486832981,6.08276253,9.219544457,7.280109889,12.36931688,9.848857802,11.40175425,10.29563014,10.44030651,9.433981132
13,23.53720459,8.94427191,22.56102835,9.433981132,19.02629759,9.219544457,21.02379604,9.219544457,20.09975124,7.071067812,21.09502311,6.403124237,16.76305461,9.848857802,14.31782106,6.403124237,14.86606875,13.45362405,16.40121947,9.433981132,19.84943324,10.63014581,15.55634919,12.04159458,22.20360331,11.66190379,22.47220505,13.89244399,21.9317122,13.60147051,25.49509757,13.41640786,25,15.23154621,26.2488095,19.23538406,29.15475947,17.20465053,26.2488095,20.61552813,35.6931366,17.88854382,33.95585369,16.15549442,33.95585369,20.22374842,40.44749683,22.13594362,42.29657197,24.73863375,41.59326869
19.41648784,14.4222051,19.23538406,14.2126704,18.86796226,12.80624847,21.02379604,13.45362405,19.41648784,12.04159458,18.86796226,13.45362405,18.60107524,12.04159458,17.88854382,12.04159458,18.02775638,11.3137085,14.31782106,10.63014581,17,12.04159458,16.55294536,11.3137085,16.1245155,10.63014581,16.1245155,12.72792206,15.65247584,11.3137085,17,12.04159458,15.26433752,11.3137085,13.60147051,10.81665383,13.89244399,11.3137085,13.03840481,11.40175425,13.60147051,9.899494937,14.4222051,10.63014581,12.04159458,10,14.2126704,12.04159458,14.4222051,11.3137085,12.80624847,11.40175425
17.2626765,1,16.1245155,1,18.43908891,2,18.38477631,4.123105626,16.4924225,4.242640687,17.08800749,4.472135955,17.4642492,4.123105626,19.31320792,5,20.61552813,5,21.54065923,7.211102551,27.31300057,5.385164807,23.70653918,7.280109889,26.41968963,8.062257748,28.23118843,6.32455532,27.85677655,6.08276253,31.38470965,7.071067812,32.20248438,7.280109889,33.10589071,6.08276253,34.0147027,7.615773106,35.77708764,5.099019514,37.69615365,7,37.16180835,8,40.49691346,10,43.65775991,11.04536102,44.01136217,9,46.23851209,10.04987562
15,5,14.86606875,3,15.62049935,4,16.64331698,3.605551275,14.86606875,3.16227766,14.86606875,4.242640687,14.86606875,5,16.2788206,4.242640687,14.86606875,4.242640687,15.62049935,4.242640687,16.40121947,5.385164807,15.62049935,5.830951895,16.40121947,5,15,5,15.8113883,5.830951895,16.64331698,5.385164807,15.8113883,5.656854249,17,5,16.1245155,5,17,5.099019514,17,5,16.1245155,4.472135955,17.88854382,3.605551275,19.6977156,5.385164807,18.78829423,5.385164807,19.23538406,5
8.062257748,31.04834939,5,28.46049894,5.385164807,27.85677655,4.123105626,30.41381265,6.403124237,27.73084925,5,27.45906044,5.830951895,27.29468813,10.63014581,27.20294102,9.219544457,26.40075756,12.04159458,26.90724809,13,28.42534081,9.219544457,23.60084744,12.16552506,25,10.19803903,29.52964612,9.219544457,28.63564213,9.486832981,30.46309242,12.36931688,30.08321791,9.055385138,32.31098884,11.70469991,33.83784863,11.04536102,33.83784863,8.246211251,35.17101079,9.055385138,35.90264614,7.615773106,34.92849839,9.848857802,40.02499219,10,39.05124838,10.44030651,41.77319715
11.70469991,33.30165161,13,28.31960452,14.31782106,28.28427125,15.5241747,29.73213749,12.52996409,30.41381265,10,22.6715681,11.18033989,18.35755975,12.16552506,19.10497317,9.486832981,18.86796226,5,16.1245155,8.246211251,16.4924225,7.071067812,17.08800749,7,20.09975124,9.219544457,21.02379604,10.44030651,21.02379604,13.34166406,18.02775638,18.97366596,26.07680962,16.76305461,25.01999201,17.4642492,26.30589288,20.39607805,30.41381265,19.02629759,26.92582404,19.10497317,29.41088234,21.37755833,26.83281573,28,31.78049716,26,27.45906044,29.41088234,30.88689042
15,10,15.62049935,8.485281374,15.8113883,14.2126704,11.40175425,15.62049935,11.40175425,15.62049935,7.810249676,17.69180601,5.830951895,18.43908891,6.708203932,21.26029163,4.242640687,22.6715681,3,22.627417,3.16227766,27.58622845,6.08276253,25.8069758,7.071067812,28.3019434,7,32.44996148,8.246211251,29.52964612,10.04987562,32.24903099,10.04987562,31.76476035,13.60147051,36.67424164,15.13274595,34.53983208,15.13274595,36.76955262,15.29705854,36.68787266,18.68154169,35.44009029,15.8113883,38.07886553,18.35755975,41,16.1245155,38.07886553,17.80449381,41
14.14213562,23.34523506,13.34166406,24.73863375,13.15294644,23.76972865,15.03329638,22.82542442,12,21.9544984,14,22.47220505,16.2788206,21.9317122,17.02938637,23.34523506,15,21.63330765,11.04536102,21.02379604,15.03329638,19.72308292,12,21.47091055,12.04159458,22.36067977,8.062257748,25.96150997,11.40175425,26.17250466,8.246211251,28.28427125,8.94427191,28.28427125,7.280109889,29.01723626,7.071067812,30.06659276,5,31,4.472135955,33,1.414213562,32,2,32.06243908,4.242640687,38.20994635,6.32455532,37.12142239,5.099019514,38.20994635
5.830951895,19.02629759,5.830951895,20.39607805,3.605551275,19.31320792,3.605551275,20.24845673,1.414213562,17.49285568,1.414213562,23.60084744,7.071067812,22.20360331,6,23.34523506,8.246211251,26.90724809,7.280109889,23.32380758,10.04987562,27.29468813,11.18033989,26.40075756,11.40175425,25.49509757,10.77032961,29.73213749,10.04987562,31.40063694,12.36931688,33.54101966,10.19803903,35.22782991,12.16552506,33.13608305,9.486832981,36.49657518,8.246211251,36.01388621,12.16552506,37.05401463,11.40175425,38.05259518,9.219544457,40.01249805,8.602325267,44.01136217,10.63014581,44,11.40175425,47.01063709
20.59126028,11.18033989,19.6977156,9.219544457,20.80865205,10.29563014,20.80865205,11.3137085,21.21320344,11.3137085,24.04163056,11.40175425,24.08318916,11.40175425,24.08318916,12.52996409,23.43074903,13.03840481,23.60084744,15.26433752,25.8069758,15.26433752,26.07680962,15.23154621,26.83281573,15.8113883,26.40075756,14.4222051,27.31300057,17.49285568,30.08321791,18.02775638,29.12043956,17,30.08321791,15.8113883,29.83286778,17.20465053,30.8058436,16.64331698,32.38826948,15.8113883,32.38826948,15,33.54101966,13.03840481,35.90264614,12.72792206,36.138622,12.72792206,36.67424164,13.60147051
18.43908891,9.055385138,20.61552813,9,17.08800749,8,17.08800749,7.280109889,14.2126704,5.385164807,14.86606875,5,14.86606875,5,17,5.385164807,18.02775638,3.605551275,19.6468827,7.071067812,22.02271555,5,23,1.414213562,25,3.16227766,28.0713377,5,29.27456234,6.708203932,35.12833614,6.403124237,34.36568055,11.3137085,38.11823711,9.219544457,41.30375286,15.8113883,38.20994635,16.40121947,39.3192065,17.69180601,38.11823711,15.55634919,40.19950248,12.80624847,46.27094121,15.62049935,47.16990566,13.45362405,47.38143096,14.14213562
21.47091055,6.32455532,26.40075756,6.32455532,21.63330765,6.08276253,22.02271555,8,20.80865205,6,21.09502311,7.615773106,20.61552813,10.19803903,21.63330765,9.848857802,19.72308292,12.64911064,18.60107524,11.40175425,21.9544984,17.08800749,20,18.02775638,21.63330765,21.54065923,23.32380758,22.47220505,24.20743687,22.8035085,28.8444102,23.76972865,29.20616373,23.76972865,29.68164416,24.35159132,32.24903099,24.73863375,33.01514804,23.76972865,34.66987165,27.20294102,36.40054945,25.3179778,35.51056181,26.30589288,39.11521443,29.42787794,34.4818793,28.16025568,40.81666326,28.46049894
10.44030651,13.34166406,9.219544457,12.08304597,11.18033989,13.92838828,10.81665383,11.18033989,12.16552506,12,14.86606875,12.16552506,16.1245155,10.04987562,17.08800749,9.055385138,18.02775638,9.486832981,18.78829423,11.70469991,22.84731932,13.92838828,23.2594067,10.77032961,26.40075756,11.66190379,26.40075756,13.03840481,27.85677655,16.1245155,31.01612484,20.59126028,30.08321791,19.20937271,33.52610923,19.72308292,33.24154028,23.02172887,32.984845,24.08318916,32.984845,22.8035085,29.61418579,23.60084744,35.51056181,22.47220505,38.83297568,25.61249695,36.138622,25.49509757,38.07886553,23.60084744
12.36931688,9.848857802,13.34166406,7.615773106,13,8.246211251,12.64911064,6.708203932,12.36931688,5.099019514,15.29705854,5.099019514,15.8113883,5.385164807,17.08800749,3,18.78829423,1,20.59126028,2,24.59674775,5,23.2594067,1.414213562,25.94224354,4,28.63564213,4,29.15475947,4,33.54101966,8.062257748,31.78049716,8.544003745,35.84689666,7.071067812,35.84689666,9.055385138,34.53983208,11.40175425,36.68787266,11.04536102,34.78505426,10,34.4818793,10.04987562,38.89730068,10.04987562,39.84971769,9,39.84971769,11
14.31782106,1.414213562,14.31782106,1,16.1245155,1.414213562,16.1245155,3.605551275,15.26433752,3.16227766,15.8113883,6,15,7,13.03840481,8.246211251,12.80624847,12.36931688,15,11.70469991,17.69180601,15.13274595,16.97056275,15.5241747,19.10497317,17.2626765,19.10497317,17.72004515,19.79898987,19.10497317,23.34523506,23.34523506,21.9317122,25.07987241,25.61249695,23.08679276,27.20294102,23.08679276,26.2488095,24,28.01785145,25,28.01785145,24.0208243,26.62705391,28,30.8058436,30.01666204,28.3019434,29,29.52964612,29.01723626
15.23154621,6.32455532,14.86606875,6.08276253,16.76305461,7.071067812,17,5.099019514,16.55294536,4,17.88854382,4,17,4.472135955,19.23538406,2,19.72308292,0,22.36067977,1,26.07680962,1,24.41311123,2.236067977,27.29468813,4.242640687,28.65309756,2.236067977,29.06888371,4.472135955,34.43835072,3,34.53983208,4,36.67424164,7,38.07886553,6.08276253,37.16180835,9.055385138,38.27531842,8.544003745,37.33630941,9.219544457,38.89730068,9.055385138,44.27188724,7.071067812,42.3792402,7.071067812,42.72001873,8.062257748
2,18.97366596,2.236067977,17.08800749,2,18.68154169,2.828427125,17.08800749,1.414213562,19.31320792,4.123105626,18.38477631,5.385164807,17,5.099019514,19.6977156,8.544003745,20.61552813,9.848857802,22.84731932,8.246211251,24.59674775,9.433981132,25.05992817,10.19803903,25.55386468,10.19803903,27.78488798,10.77032961,27.73084925,11.40175425,33.12099032,12.16552506,32.64965543,12.04159458,34.43835072,12.16552506,36.23534186,9,35.84689666,11,38.47076812,13.03840481,37.12142239,11.04536102,38.48376281,13.03840481,42.48529157,12.04159458,40.71854614,13,41.62931659
7.071067812,3.605551275,7.071067812,5,6.08276253,5.656854249,6.08276253,5.656854249,7.280109889,5.385164807,6.708203932,4.472135955,8.544003745,5,6.708203932,6.403124237,8.062257748,6.403124237,7.615773106,5.830951895,10.29563014,6.708203932,12.52996409,8.602325267,6.32455532,8.602325267,7.071067812,4.472135955,14.86606875,4.123105626,7.615773106,10.29563014,9.219544457,8.94427191,9.219544457,14.56021978,11.66190379,15.29705854,7,4.123105626,12.04159458,4.242640687,10.63014581,10.19803903,9.219544457,4.472135955,10.63014581,10.19803903,10.63014581,9.219544457,10.63014581,9.486832981
13.45362405,18.02775638,13.45362405,18.60107524,13.45362405,20.61552813,9.219544457,21.63330765,10,22.02271555,7.071067812,23.34523506,5.830951895,22.8035085,3.605551275,25.49509757,5.099019514,29.06888371,1,29.20616373,2.236067977,32.20248438,4.472135955,32.64965543,4.123105626,31.2409987,5,33.01514804,5.099019514,35.22782991,7.615773106,37.21558813,9.219544457,38.07886553,9.219544457,40.31128874,9.486832981,40.70626487,10.44030651,39.35733731,12.16552506,41.23105626,12.64911064,40.71854614,11,40.85339643,11,43.46262762,11.04536102,43.08131846,11,45.18849411
21.47091055,6.08276253,22.47220505,6.32455532,23.2594067,8.062257748,18.43908891,6.403124237,20.80865205,5.099019514,21.63330765,6.32455532,19.84943324,2,16.1245155,2.236067977,17.49285568,4.472135955,19.20937271,8.94427191,22.47220505,10.44030651,25.94224354,9.486832981,24.18677324,9.219544457,24.69817807,12.04159458,27.01851217,15.03329638,28.3019434,15,29.20616373,19.02629759,29,22,33.42154993,21.09502311,34.71310992,22.20360331,31.40063694,22.36067977,31.82766093,24.18677324,33.9705755,26.92582404,34.20526275,29.61418579,32.01562119,29.61418579,36.12478374,32.01562119
8.544003745,17.4642492,6.32455532,15.8113883,9.433981132,18.78829423,9.848857802,16.1245155,8.485281374,17.88854382,9.433981132,18.02775638,9.899494937,17.49285568,12.80624847,17.02938637,12.80624847,19.20937271,13.41640786,19.20937271,16.64331698,22.6715681,16.1245155,21.9317122,16.1245155,21.9317122,16.15549442,23.43074903,17.08800749,25.49509757,18.43908891,28.42534081,18.68154169,28.42534081,19.23538406,27.20294102,20.61552813,32.64965543,19.10497317,29.83286778,21,30.8058436,22.09072203,31.06444913,23.08679276,31.38470965,24.08318916,33.28663395,23,33.12099032,27.01851217,34
11.18033989,35.60898763,10.29563014,30.8058436,10.44030651,33.01514804,7,31.38470965,9.055385138,32.75667871,7.071067812,28.3019434,6.08276253,25.94224354,5.830951895,26,5.385164807,23.34523506,7.071067812,21.37755833,9.486832981,18.11077028,12.52996409,21.21320344,12.20655562,22.09072203,12.80624847,20.22374842,14.86606875,20.39607805,17.20465053,18.97366596,18.35755975,20.88061302,18.35755975,18.68154169,23.2594067,21.84032967,25.05992817,24.33105012,22.84731932,24.35159132,23.70653918,25.96150997,26.2488095,22.8035085,29.12043956,26.2488095,26.68332813,24.16609195,29.83286778,25.94224354
15.13274595,10.19803903,16,11.40175425,14.14213562,10,20.02498439,9.433981132,15.5241747,7.211102551,13.60147051,7.810249676,15.26433752,8.246211251,17.20465053,13.03840481,14.2126704,11.04536102,14.2126704,11.40175425,15.62049935,18.11077028,14.31782106,17.72004515,15.5241747,23.02172887,15.5241747,23.53720459,17.11724277,25.07987241,18.02775638,29.42787794,17,30.41381265,20.02498439,31.06444913,20.22374842,34.13209633,20.61552813,31.25699922,19.6468827,32.24903099,22.20360331,33.06055051,23.02172887,35,26.17250466,38.05259518,25.07987241,38.11823711,31.06444913,38.05259518
21.26029163,1.414213562,21.26029163,5.099019514,21.63330765,2.828427125,21.63330765,3,19.23538406,2.236067977,17.20465053,4.242640687,16.55294536,6.32455532,13.60147051,8.062257748,8.94427191,7.071067812,13.92838828,12.04159458,14.76482306,11.04536102,12.16552506,14.03566885,14.14213562,16.03121954,15.29705854,18.11077028,14.31782106,23.08679276,17.02938637,24.18677324,17.4642492,27.07397274,18.97366596,28.0713377,18.68154169,30.2654919,19.92485885,31.57530681,18.78829423,30.41381265,20.24845673,33,17.08800749,34.0147027,19.23538406,40.11234224,20.24845673,38.05259518,19.72308292,40
13.03840481,18.60107524,12.08304597,17.02938637,11.18033989,17.69180601,10.63014581,15.62049935,13.89244399,15.55634919,13.41640786,15.55634919,12.64911064,14.14213562,14.76482306,10.29563014,17.88854382,11.18033989,16.55294536,8.94427191,22.36067977,11.18033989,19.72308292,10.44030651,22.36067977,12.16552506,24.18677324,12.16552506,23.08679276,11.40175425,30.87069808,13.60147051,30.87069808,13,33.54101966,13.41640786,32.31098884,17.49285568,33.83784863,18.78829423,34.20526275,16.55294536,34.20526275,16.15549442,37.94733192,15.65247584,43.68065934,17.08800749,40.02499219,18.35755975,41.48493703,18.86796226
10,20,8.602325267,19.10497317,9.433981132,20,8.94427191,18.02775638,8.246211251,16.64331698,10.44030651,19.41648784,11.40175425,15.62049935,11.04536102,15.62049935,14.03566885,11.18033989,15.03329638,12.52996409,17.72004515,17.49285568,16.4924225,13.03840481,18.97366596,14.76482306,21.84032967,15.65247584,23.53720459,16.64331698,25.96150997,20.24845673,27.31300057,20.80865205,27.89265136,21.47091055,28.7923601,24.41311123,31.32091953,24.41311123,31.6227766,25.8069758,30.08321791,26.40075756,30.8058436,27.01851217,34.92849839,30.23243292,33.95585369,31.06444913,34.36568055,33.12099032
9.219544457,5,8.485281374,4.242640687,7.810249676,4.242640687,9.219544457,5,8.485281374,5,8.485281374,4.242640687,8.602325267,5,9.219544457,4.472135955,10,4.472135955,9.433981132,4.123105626,11.40175425,5.099019514,10.81665383,5.099019514,11.18033989,5.099019514,12.52996409,5.099019514,12.08304597,4,13.41640786,5.099019514,13.89244399,5.385164807,14.86606875,4.123105626,14.86606875,4.123105626,15.23154621,5.099019514,16.15549442,5.830951895,15.23154621,5.385164807,15.8113883,5.385164807,17.72004515,5.099019514,18.02775638,6.708203932,18.02775638,5.385164807
16.76305461,19.10497317,18.02775638,15,17.4642492,16.4924225,20.61552813,15.03329638,17.88854382,14.14213562,18.60107524,13.15294644,18.43908891,11.40175425,19.10497317,9.219544457,19.79898987,9.848857802,22.47220505,8.485281374,21.47091055,11.40175425,21.84032967,11.66190379,22.47220505,11.66190379,24.73863375,13.03840481,23.40939982,13,27.16615541,16.15549442,26.07680962,14.56021978,29.27456234,16.15549442,30.06659276,15.5241747,28.01785145,16.76305461,31.01612484,18.02775638,32.01562119,18.68154169,34.0147027,16.4924225,40.04996879,18.24828759,38.05259518,15.13274595,41.10960958,17.08800749
9.219544457,3.16227766,9.899494937,3.16227766,11.3137085,2,11.40175425,2.236067977,11.3137085,2.236067977,12.04159458,2.236067977,12.04159458,2.236067977,12.04159458,2.236067977,12.80624847,2.236067977,12.04159458,2.236067977,14.86606875,3,14.2126704,3.16227766,14.2126704,4,15.8113883,4,13.89244399,4,15.8113883,4,15.65247584,4.123105626,14.31782106,5,14.76482306,4,15.65247584,4.123105626,16.55294536,4,15.65247584,5,17.08800749,4.123105626,18.38477631,4.123105626,17.4642492,4,17.4642492,4.123105626
5.830951895,13.03840481,4.472135955,12.52996409,5.656854249,12.20655562,3.16227766,13.03840481,4.472135955,10.77032961,3.605551275,11.18033989,2.236067977,9.486832981,3.16227766,9.433981132,3.605551275,9.219544457,4.242640687,7.071067812,5,8.062257748,4.242640687,9,6.403124237,7.071067812,6.403124237,6,5.656854249,8.062257748,6.403124237,7.071067812,7.211102551,7.615773106,6.403124237,7.280109889,7.211102551,6.32455532,7.071067812,7.615773106,8.062257748,7.280109889,8.062257748,7.615773106,8.062257748,8.062257748,8.94427191,8.062257748,9.848857802,8.544003745,9.486832981,8.062257748
2.236067977,13.89244399,4.242640687,14.76482306,3.605551275,15.65247584,2.828427125,14.86606875,2,14.31782106,1,13,0,13,0,12.36931688,1,11.40175425,2,9.486832981,1.414213562,11.18033989,2.236067977,10,2,10,2.236067977,9.055385138,1,9.219544457,2,9.219544457,2,8.94427191,2.828427125,8.062257748,3,8.544003745,4,10.29563014,3,9.433981132,3.16227766,10.81665383,2.236067977,10,3.16227766,11.40175425,3.16227766,11.40175425,3,11.3137085
14.86606875,8.062257748,14.86606875,11.66190379,11.3137085,10.77032961,7.071067812,10.44030651,10.29563014,12.08304597,9.433981132,11.66190379,6.08276253,16.55294536,9.055385138,16.55294536,6.08276253,20.59126028,7,20.1246118,8.062257748,23.70653918,9.055385138,24.69817807,10.04987562,25.94224354,11.18033989,31.76476035,12.04159458,30.41381265,13.03840481,35.84689666,13.15294644,37.16180835,12.64911064,37.69615365,15,39.39543121,14.14213562,39.2173431,17.02938637,38.89730068,17.02938637,37.36308338,15.29705854,40.26164428,16.1245155,45.35416188,15.13274595,43.17406629,14,44.91102315
8.246211251,15.5241747,10.44030651,9.486832981,13,10.77032961,13,11.18033989,13.45362405,7.615773106,14.14213562,9.055385138,17.69180601,7.211102551,19.72308292,5.830951895,21.47091055,7,19.31320792,6.08276253,23.76972865,8,24.04163056,7.280109889,27.65863337,9.486832981,28.86173938,11.18033989,31.57530681,10.77032961,33.24154028,14.76482306,31.144823,17.08800749,35.05709629,17.08800749,33.06055051,17.88854382,34,17.4642492,37.01351105,17.08800749,39.05124838,15.23154621,41.0487515,13,43.01162634,12.52996409,43,13,44.01136217,10.77032961
12.36931688,16.2788206,13.03840481,18.68154169,13.03840481,17.4642492,14.03566885,17.72004515,10.44030651,17.72004515,11.66190379,17.72004515,12.04159458,16.76305461,11.66190379,13,12.52996409,14.76482306,16.76305461,10,17.08800749,12.80624847,19.41648784,11.66190379,19.23538406,13.60147051,21.58703314,16.4924225,23.53720459,12.04159458,25.70992026,19.02629759,25.3179778,17.02938637,28.28427125,21.09502311,29.83286778,22.02271555,27.89265136,22.56102835,30.41381265,23.19482701,27.65863337,22.20360331,31.40063694,22.36067977,36.67424164,23.76972865,35.51056181,23.53720459,36.12478374,24.18677324
26.2488095,67.95586803,36.06937759,69.02897942,29.06888371,62.76941931,32.75667871,64.47480128,27.29468813,52.39274759,29.54657341,56.08029957,28.7923601,52.39274759,29.01723626,45.12205669,35.4682957,48.09365863,35.84689666,48.09365863,31.144823,52.08646657,28.17800561,50.03998401,29.20616373,49.04079934,27.20294102,51.00980298,36.89173349,49.01020302,34.88552709,51.623638,43.38202393,48.50773134,45.54119015,50.24937811,44.38468204,47.04253395,44.94441011,51.97114584,55.36244214,48.27007354,52.92447449,50.35871325,55.97320788,49.64876635,60.44005295,50.59644256,59.48108943,49.39635614,63.90618123,49.04079934
8.062257748,18.35755975,6.708203932,18.86796226,6.32455532,20.59126028,5.830951895,19.84943324,3.605551275,21.63330765,3.605551275,21.40093456,2.828427125,22.20360331,2.828427125,23.02172887,2,23.60084744,2.236067977,24.8394847,2.236067977,28.01785145,3,27.20294102,3,30,3.16227766,32.20248438,3.16227766,31.6227766,3.16227766,33.60059523,5,34.40930107,5.656854249,34.13209633,5.830951895,36.89173349,6.32455532,34.40930107,8.544003745,37.73592453,8.062257748,36.7151195,7.071067812,34.4818793,7.810249676,39.35733731,7.810249676,38.47076812,8.602325267,38.91015292
7.280109889,24.35159132,7.071067812,25,8.246211251,23.34523506,10.44030651,21.09502311,7.211102551,20.09975124,8.544003745,22.56102835,7.280109889,19.41648784,8.485281374,21.54065923,4.242640687,18.35755975,6.708203932,20.51828453,5,24.04163056,6.08276253,26.40075756,4.242640687,26.07680962,3.16227766,26.41968963,2.828427125,28.17800561,2.236067977,34,1.414213562,33.61547263,2.236067977,33.61547263,2,38.07886553,2.236067977,37.16180835,5.099019514,37.94733192,5.099019514,36.05551275,3.16227766,39.56008089,5.099019514,43.96589587,4.472135955,41.97618372,3.16227766,41.23105626
5,17.4642492,10,20.61552813,4.472135955,24.59674775,6.708203932,18.68154169,7.810249676,12.72792206,8.246211251,20.80865205,10.81665383,15.55634919,19.10497317,16.2788206,16,10.29563014,9.899494937,21.02379604,18.11077028,25.63201124,14.86606875,16.2788206,10.81665383,27.78488798,21.02379604,14.86606875,23.08679276,17.4642492,26.92582404,21.1896201,23.08679276,27.85677655,19.23538406,29.27456234,26.68332813,21.02379604,29,22.20360331,25.49509757,27.01851217,34.36568055,16.03121954,26.30589288,20.09975124,39.01281841,16.1245155,33.95585369,19,39.05124838,15.23154621
5.830951895,17,6,17.4642492,8.062257748,17.88854382,8,16.2788206,7.071067812,15.23154621,5.830951895,13.34166406,7.810249676,15.29705854,10.63014581,16.1245155,10.19803903,13,9.848857802,13.34166406,17.11724277,16.1245155,20.22374842,15.29705854,20.61552813,14.14213562,21.09502311,13,24.08318916,16.1245155,30.01666204,15.03329638,28.16025568,15.8113883,32.24903099,14.86606875,34.05877273,18.02775638,33.01514804,17.4642492,34.23448554,18.78829423,35.22782991,17.4642492,37.21558813,15.65247584,42.19004622,16.1245155,42.29657197,12.52996409,41.59326869,13.60147051
6.403124237,24.04163056,6.708203932,26.17250466,3.605551275,25.49509757,2.236067977,24.20743687,3.16227766,24.75883681,1,27.58622845,1,26.2488095,1.414213562,26.17250466,1.414213562,25.49509757,3.16227766,26.17250466,4.472135955,29,5.385164807,29.73213749,5.830951895,31.144823,7.615773106,31.144823,6.708203932,31.82766093,6.708203932,33.42154993,6.708203932,34.05877273,7.615773106,34.40930107,7.071067812,36.40054945,8.602325267,35,9.219544457,35.80502758,7.810249676,35.51056181,10,36.35931793,10.81665383,38.58756276,10,38.58756276,11.40175425,38.07886553
11.66190379,3,12.20655562,2,12.20655562,2.236067977,13.89244399,2.236067977,12.20655562,1.414213562,11.66190379,2.828427125,12.20655562,3,11.40175425,2,11.66190379,3.605551275,12.20655562,3.16227766,12.20655562,5,13.03840481,5,12.80624847,5,12.04159458,5.656854249,12.04159458,5.656854249,12.72792206,5.656854249,12.72792206,5.830951895,11.40175425,5.830951895,12.72792206,6.403124237,12.04159458,6.403124237,13.45362405,6.403124237,12.04159458,6.403124237,12.20655562,7.211102551,12.80624847,8.94427191,12.04159458,6.708203932,13.60147051,7.615773106
13.34166406,21.58703314,12.52996409,21.84032967,14.4222051,18.68154169,11.18033989,19.92485885,13.92838828,16.55294536,14.86606875,17.20465053,16.64331698,18.78829423,17,16.2788206,20.24845673,16.64331698,20.59126028,16.2788206,26.83281573,16.64331698,21.9317122,17.49285568,24.35159132,19.72308292,25.07987241,19.6977156,29.73213749,16.76305461,31.01612484,21.02379604,31.38470965,19.6468827,33.52610923,20.02498439,32.57299495,17.11724277,32.57299495,19.10497317,34.4818793,21.09502311,30.3644529,23.08679276,32.28002478,24.0208243,35.90264614,27.16615541,32.984845,25.01999201,32.984845,28.16025568
7,19.23538406,9.219544457,18.78829423,8.94427191,18.35755975,9.848857802,18.78829423,10.81665383,17,13.03840481,17.4642492,14.86606875,15.65247584,14.4222051,14.4222051,13.60147051,12.52996409,13.92838828,15.62049935,19.6468827,13.89244399,17.08800749,16.1245155,21.54065923,15.8113883,20.61552813,17.02938637,23.34523506,15.62049935,27.07397274,21.40093456,26.30589288,20,29.15475947,20.80865205,29.01723626,23.60084744,28.01785145,24.41311123,28.28427125,26.07680962,30.14962686,26.41968963,31.144823,24.16609195,33.13608305,27.29468813,33.01514804,26.57066051,35,28.23118843
1.414213562,18.86796226,2.236067977,19.72308292,1,18.86796226,1.414213562,19.6977156,1,17.88854382,2.236067977,17.88854382,2.236067977,17.4642492,2,15.8113883,3,16.15549442,1.414213562,14.86606875,2.236067977,14.56021978,3.16227766,15.5241747,2.236067977,14.31782106,2.236067977,14.14213562,2.828427125,14.31782106,3.605551275,14.03566885,4.242640687,13.03840481,3.605551275,12,4,13,4.123105626,12.04159458,4.123105626,12.04159458,4.123105626,12.04159458,5.099019514,11.40175425,5.385164807,11.70469991,6.32455532,12.36931688,6.08276253,11.70469991
17,20.1246118,15.26433752,19.23538406,16.64331698,18.78829423,15.62049935,18.02775638,15.55634919,18.68154169,16.2788206,20.61552813,17.69180601,19.41648784,15.8113883,20.22374842,17,19.10497317,16.55294536,17.4642492,20.1246118,19.23538406,22.36067977,18.02775638,21.84032967,19.02629759,23.76972865,18.02775638,25,16.1245155,28.86173938,18,28.86173938,17.02938637,30.08321791,15.03329638,31.04834939,16.4924225,32.01562119,16.1245155,32.55764119,15.5241747,31.40063694,15.29705854,33.54101966,12.36931688,37.65634077,15.29705854,37.65634077,12.16552506,36.67424164,12.64911064
24.20743687,3,24.8394847,3,27.01851217,2.236067977,25.49509757,3,27.01851217,3.16227766,26.90724809,3.16227766,24.75883681,3.16227766,26.87005769,4.472135955,26.87005769,4.472135955,29.73213749,8.062257748,31.144823,7.810249676,28.31960452,7.071067812,29.73213749,8.602325267,30,9.219544457,30,9.899494937,33.83784863,9.219544457,33.60059523,9.899494937,35.84689666,9.219544457,34.98571137,8.602325267,34.4818793,10.81665383,36.23534186,11.18033989,35.35533906,11.3137085,35.34119409,9.899494937,40.31128874,11.40175425,38.07886553,10,38.07886553,10
13.45362405,10.63014581,15.26433752,8.602325267,14.2126704,13,16.64331698,14.31782106,13.60147051,14.76482306,12.80624847,16.76305461,14.2126704,16.76305461,14.4222051,15.29705854,14.86606875,19.92485885,16.97056275,21.1896201,20.80865205,23.76972865,18.35755975,23.08679276,17.20465053,23.76972865,16.97056275,24.73863375,18.43908891,26.07680962,20.61552813,27.45906044,19.10497317,28.44292531,20.51828453,28.63564213,21.9317122,31.40063694,20.51828453,29.15475947,20.61552813,31.144823,19.84943324,29.15475947,18.86796226,32.14031736,21.09502311,36.22154055,20.24845673,34.36568055,21.9544984,36.34556369
13.45362405,6.403124237,11.40175425,7.071067812,12.04159458,5,12.80624847,7.211102551,11.40175425,7.211102551,11.40175425,7.810249676,10.81665383,8.485281374,10.81665383,5,8.602325267,5.385164807,9.433981132,4.123105626,9.848857802,4.123105626,9.219544457,5,8.062257748,5.385164807,10.04987562,2.236067977,9.055385138,4,10.04987562,4,10.04987562,3.605551275,7,4.472135955,8.062257748,4.242640687,10.04987562,3.605551275,11,4.472135955,9.055385138,5.830951895,9.219544457,5,9.219544457,6.403124237,10.44030651,7.071067812,9.848857802,7.071067812
10.29563014,9.433981132,12.08304597,10.81665383,11.18033989,11.40175425,12.64911064,7.810249676,12.52996409,9.433981132,11.18033989,7.810249676,10.77032961,8.485281374,9.848857802,5,10.29563014,7.071067812,10.29563014,6.403124237,9.433981132,7.211102551,7.615773106,5,7.615773106,8.544003745,7.211102551,7.071067812,5.385164807,5,6.708203932,7.071067812,6.32455532,7.071067812,5.099019514,8.062257748,4.472135955,8,6.32455532,9.055385138,5.385164807,9.219544457,6.32455532,9.219544457,6.708203932,7.280109889,5.830951895,9.486832981,7.615773106,7.615773106,6.708203932,8.544003745
11.18033989,17.80449381,10.44030651,17.69180601,11.70469991,18.60107524,12.64911064,17.20465053,12.08304597,17.02938637,11.66190379,15,12.52996409,14.4222051,10.29563014,14.4222051,10.29563014,12.52996409,8.544003745,12.52996409,10.29563014,15.23154621,8.602325267,12.64911064,7.211102551,13.60147051,7.211102551,12.64911064,6.403124237,11.18033989,8.062257748,13.15294644,7.810249676,12.16552506,5.656854249,12.16552506,6.708203932,11.04536102,6.403124237,13,6.708203932,11.04536102,6.403124237,12.16552506,6.403124237,11.18033989,7.071067812,13.15294644,8.062257748,12.36931688,6.403124237,13
6.08276253,21.63330765,5.385164807,20.24845673,6.08276253,20.80865205,7.071067812,20.1246118,6,19.41648784,5,19.41648784,4.123105626,20.24845673,4.123105626,17.20465053,4,18.35755975,4,15.8113883,4.123105626,17.49285568,2.828427125,16.64331698,2.828427125,15.8113883,2.236067977,14.4222051,3.16227766,14.76482306,4,15.26433752,4,15,5.099019514,13.03840481,7,13.60147051,4.123105626,12.52996409,5.099019514,13.89244399,5.830951895,13.03840481,7.071067812,13.03840481,7.615773106,13.03840481,7.211102551,14.31782106,6.708203932,13.03840481
19.84943324,10.19803903,19.84943324,10.04987562,19.10497317,9.055385138,19.20937271,8.246211251,19.84943324,9.486832981,19.84943324,11.40175425,17.02938637,8.94427191,16.64331698,9.486832981,17.02938637,8.94427191,15.8113883,8.062257748,16.64331698,9.486832981,16.64331698,8.94427191,16.1245155,7.810249676,14.4222051,7.071067812,14.76482306,7.211102551,13.89244399,7.810249676,13.41640786,6.403124237,13.89244399,5,13.92838828,5.385164807,13,5.830951895,11.70469991,5.830951895,11.70469991,5.385164807,10.44030651,6.32455532,13.60147051,6.08276253,14.31782106,7.211102551,14.31782106,6.32455532
9.848857802,42.20189569,20.51828453,43.38202393,16.55294536,50.47771786,14.86606875,49.73932046,15.8113883,41.59326869,8.062257748,35.51056181,16.40121947,35.51056181,11.40175425,38.28837944,15.23154621,28.63564213,17.72004515,30.52867504,11.40175425,35.51056181,3,31.40063694,1.414213562,35.84689666,2.828427125,30.87069808,7.280109889,31.01612484,6.708203932,26.83281573,8.062257748,23.2594067,7.280109889,22.84731932,8.94427191,25.05992817,8.062257748,21.37755833,8.602325267,25.49509757,13.45362405,24.04163056,13.45362405,17.72004515,16.2788206,22.13594362,15.55634919,21.21320344,15.5241747,24.35159132
18.02775638,8.246211251,19.20937271,10.19803903,17.02938637,8.062257748,15.62049935,9.055385138,15.55634919,8.94427191,17.02938637,8.94427191,15.8113883,9.486832981,13.03840481,8.544003745,12.20655562,9.433981132,10.63014581,6.708203932,14.4222051,7.615773106,11.70469991,5.830951895,11.66190379,7.071067812,10.29563014,5.830951895,9.486832981,6.403124237,10.77032961,7.211102551,10.44030651,5,9.486832981,5.099019514,10.44030651,5.099019514,9.486832981,5.385164807,10.19803903,5.099019514,10.19803903,5,9.219544457,6,11.18033989,6.08276253,10.19803903,6.08276253,14.03566885,6
18.78829423,32.69556545,21.9317122,33.10589071,17.80449381,37.33630941,16.55294536,35.77708764,13.89244399,32.20248438,12.08304597,31.78049716,3,29.15475947,5,24.59674775,5,23.85372088,4.242640687,19.6468827,4.123105626,18.97366596,9.486832981,15.29705854,6.708203932,18.43908891,8.94427191,16.1245155,14.76482306,14.14213562,19.79898987,13.60147051,20.80865205,13.34166406,25,14.76482306,22.627417,12.80624847,30.47950131,16.2788206,29.73213749,17.80449381,29,17.69180601,30.41381265,16.97056275,36.06937759,21.21320344,32.80243893,22.6715681,36.23534186,22.6715681
12.20655562,31.6227766,10.81665383,29.15475947,10.81665383,27.31300057,8.602325267,25.29822128,8.602325267,23.76972865,7.810249676,24.04163056,3,22.13594362,6,18.68154169,3,16.2788206,3.605551275,14.03566885,1,15.03329638,5.099019514,12.04159458,7.810249676,10.19803903,6.32455532,12.08304597,8.602325267,10.29563014,10.63014581,12.08304597,8.062257748,12.72792206,9.219544457,11.40175425,11.40175425,12.72792206,13.60147051,14.86606875,15.26433752,12.72792206,16.2788206,13.45362405,15.55634919,16.40121947,17.69180601,17.02938637,16.2788206,18.43908891,17.20465053,21.40093456
39.81205847,24.33105012,34.92849839,23.08679276,35.84689666,22.02271555,33.10589071,24.18677324,28.17800561,22.02271555,29.54657341,20.02498439,21.54065923,19.23538406,21.1896201,14.31782106,16.15549442,17.4642492,15.29705854,11.66190379,13.03840481,12.36931688,14,5.830951895,14.86606875,7.211102551,16.55294536,5,16.40121947,3.16227766,21.09502311,8.485281374,20.61552813,9.433981132,18.43908891,9.848857802,22.627417,12.52996409,25,11.3137085,27.58622845,13.60147051,26.2488095,11.40175425,26.90724809,12.72792206,34.71310992,16.64331698,31.40063694,13.03840481,30.41381265,17
13,2.828427125,14.31782106,3.605551275,13.41640786,2.828427125,12.64911064,3.16227766,11.70469991,4.123105626,10.77032961,1.414213562,9.486832981,2.236067977,8.94427191,1.414213562,6.32455532,2.236067977,6.708203932,2.236067977,8.062257748,1,5.099019514,1,6.08276253,2.236067977,3,2.236067977,6.32455532,3.605551275,5.385164807,3.16227766,5.656854249,5,5.656854249,3.605551275,6.403124237,5.830951895,6.403124237,5.830951895,6.403124237,5,7.211102551,5,5.656854249,6.403124237,7.810249676,6.708203932,8.485281374,5.830951895,7.810249676,6.708203932
5.830951895,9.486832981,6.08276253,9.219544457,6.32455532,8.544003745,6.403124237,9.055385138,4.123105626,8,4.242640687,7.615773106,2,7.071067812,1,5,2.236067977,5.385164807,2,4,2,4,2.236067977,2,2.828427125,2,2.828427125,2.828427125,5,3.605551275,5.656854249,3.605551275,3.605551275,4.123105626,4.242640687,3,5.656854249,5.099019514,5.656854249,3.16227766,5.656854249,5,6.403124237,6.403124237,6.403124237,5.385164807,7.810249676,6.708203932,7.211102551,7.615773106,7.071067812,5.830951895
13.15294644,5.099019514,13.60147051,4,12.36931688,3,12.16552506,4.123105626,10.44030651,2.236067977,9.219544457,1.414213562,9.219544457,1.414213562,7.071067812,1,7.615773106,2,5.385164807,0,6.08276253,0,5.385164807,2.236067977,5.099019514,3.605551275,4,3.605551275,4.123105626,5,3,4.242640687,3.605551275,3.605551275,3.16227766,5.830951895,3.16227766,7.810249676,1,8.485281374,4.472135955,9.219544457,3.605551275,9.219544457,4.472135955,9.433981132,2.236067977,10.29563014,5.830951895,10.63014581,3.605551275,10.77032961
18.35755975,36.76955262,20.59126028,38.48376281,18.02775638,38.47076812,14.56021978,35.34119409,15.26433752,29.68164416,13.15294644,29.96664813,12,25.63201124,14,21.1896201,9.055385138,18.97366596,8.246211251,16.1245155,4.472135955,15,2.236067977,12.04159458,2.236067977,14.31782106,3.605551275,14.4222051,7.071067812,16.40121947,9.433981132,17.69180601,11.18033989,18.43908891,9.848857802,21.63330765,15.03329638,25,13.03840481,26.2488095,10.44030651,27.45906044,13.34166406,27.80287755,10,30,13.03840481,32.75667871,10.44030651,35.80502758,13.15294644,34.88552709
8.94427191,7.615773106,9.433981132,7.615773106,7.810249676,8.062257748,7.071067812,8.544003745,5.830951895,7.071067812,7.211102551,6,4.472135955,7,3,5,3.16227766,3,2.828427125,2.828427125,3.16227766,2.236067977,2.828427125,1.414213562,2.236067977,0,3.605551275,1,5,1.414213562,5,1.414213562,5,3,5.830951895,2.236067977,6.403124237,2,8.485281374,2,7.810249676,3.605551275,8.602325267,4.123105626,7.810249676,4,8.94427191,3.16227766,11.18033989,3,10.29563014,4.123105626
3.605551275,39.2173431,2.236067977,39.2173431,4,37.64306045,2,40.26164428,1.414213562,32.38826948,5,36.34556369,7.071067812,31.06444913,4.472135955,30,3.605551275,28,3,27.16615541,5.656854249,30.41381265,5.385164807,30.41381265,5.656854249,28.16025568,7.071067812,26.40075756,6,27.73084925,9.055385138,28.3019434,8,28.3019434,11.18033989,25.61249695,11.18033989,27.65863337,7,27.01851217,9,31.82766093,9.486832981,29.83286778,8.062257748,32.64965543,9.219544457,36.05551275,11,34.13209633,12.04159458,35.35533906
16.40121947,9.433981132,16.1245155,10.29563014,17.08800749,9.486832981,15.5241747,13,18.78829423,13,14.86606875,17.4642492,20.61552813,17.11724277,16.64331698,19.02629759,16.2788206,19.10497317,16.15549442,17.02938637,19.6977156,20.22374842,18.38477631,20.22374842,17.4642492,20.22374842,17,23.08679276,19.72308292,23.34523506,21.02379604,23.34523506,20.24845673,22.02271555,22.13594362,23.53720459,22.47220505,26.07680962,24.16609195,23.76972865,23.2594067,27.29468813,26.92582404,25.49509757,26.2488095,25.49509757,32.57299495,28.63564213,30.87069808,25,32.31098884,27.65863337
3,11.66190379,5.099019514,12.08304597,5.099019514,10.77032961,4.123105626,12.36931688,4.123105626,10.19803903,2.236067977,9.486832981,3.16227766,8.544003745,1.414213562,9.055385138,3.16227766,8,3.605551275,6,3.605551275,8.246211251,3.16227766,7,3.605551275,8.062257748,2.828427125,6.08276253,2.236067977,6.708203932,4.242640687,7.071067812,4.242640687,6.32455532,5,6.32455532,5,6.32455532,4.242640687,5.830951895,5,7.615773106,6.403124237,5.830951895,6.08276253,6.403124237,6.32455532,8.602325267,7.211102551,7.810249676,7.071067812,7.211102551
19.6977156,34.40930107,20.61552813,34.66987165,18.78829423,33.60059523,20.24845673,33.28663395,20.1246118,30.8058436,21.9317122,31.30495168,21.54065923,28.63564213,20.24845673,29.52964612,18.97366596,26.41968963,17.08800749,25.05992817,18.97366596,26.57066051,16.76305461,24.69817807,16.2788206,24.04163056,14.56021978,22.8035085,12.64911064,22.56102835,13.15294644,22.20360331,13.15294644,20.22374842,11.40175425,19.23538406,8.062257748,21.09502311,9.055385138,21.02379604,8.062257748,22,9.055385138,21.02379604,7.280109889,20.39607805,8.062257748,24.33105012,7.071067812,21.84032967,9.219544457,23.08679276
18.86796226,4.472135955,18.86796226,5,17.20465053,4.242640687,18.78829423,3.605551275,17,3.605551275,16.55294536,3.605551275,17.4642492,4,15.65247584,3.16227766,13.41640786,2.236067977,13.41640786,2.236067977,14.86606875,3.16227766,13.92838828,2.236067977,13.92838828,1.414213562,14.14213562,2.236067977,10.19803903,1.414213562,12.36931688,2.236067977,11.18033989,4.123105626,9.055385138,3.605551275,11,3.605551275,11.04536102,3,10,2.828427125,11.18033989,5,9.486832981,2.236067977,11.04536102,3.605551275,11.40175425,1,10.77032961,3.16227766
5.385164807,40.22437072,2.236067977,40.49691346,3.605551275,39.40812099,3.16227766,38.94868419,2.828427125,37.44329045,2.236067977,38.58756276,2.236067977,38.07886553,1.414213562,34,2.828427125,33.12099032,1,29.96664813,3.16227766,34.43835072,2.236067977,30.87069808,2.236067977,31.38470965,3,30.46309242,3.16227766,29.15475947,4.123105626,28.7923601,4,28.46049894,4.472135955,25.29822128,3.605551275,28.16025568,4.472135955,26.92582404,4.472135955,24.73863375,3.605551275,24.51530134,4.472135955,22.36067977,4.123105626,25.17935662,4.242640687,25.07987241,3.16227766,25.01999201
16.64331698,9.486832981,16.1245155,9.486832981,16.1245155,9.486832981,17.4642492,7.615773106,16.64331698,7.615773106,16.1245155,7.615773106,14.76482306,6.32455532,12.08304597,5.830951895,14.31782106,5.385164807,10.77032961,5.385164807,14.86606875,6.708203932,12.36931688,5.830951895,12.36931688,5.830951895,12.36931688,4.472135955,10.44030651,5.656854249,12.16552506,6.403124237,12.16552506,7.071067812,11.04536102,7.071067812,10.04987562,6.403124237,10,5.656854249,11,6.403124237,10.04987562,6.403124237,9.486832981,5.656854249,11.18033989,5.656854249,10.19803903,5.830951895,9.486832981,7.071067812
47.42362281,90.97252332,53.07541804,86.53323061,57.38466694,92.35799911,59.09314681,93.29523032,46.14108798,80.7093551,47.01063709,87.45856162,61.74139616,79.40403012,58.18075283,74.63243263,58.24087911,77.17512553,73.87827827,78.87331615,65.74191966,80.80222769,66.28725368,81.05553652,63.00793601,78.5684415,48.66210024,77.23341246,42.15447782,77.23341246,61.18823416,81.34494453,57.218878,72.13875519,35.51056181,67.35725648,42.01190308,72.12489168,48.09365863,76.36753237,51.0881591,74.27651042,56.56854249,71.70076708,39.11521443,71.50524456,50.009999,85.0411665,47.4341649,76.69419796,54.12023651,76.57675888
18.60107524,22.8035085,18.02775638,24.41311123,19.20937271,24.41311123,18.02775638,24.18677324,18.38477631,24.18677324,17.69180601,24.69817807,17.02938637,23.85372088,17.49285568,25.8069758,17.49285568,24.41311123,18.78829423,22.8035085,21.9544984,26.62705391,21.02379604,22.47220505,21.9317122,24.41311123,22.47220505,23.34523506,21.84032967,22.627417,24.35159132,25.49509757,25,24.08318916,24.35159132,24.20743687,26.92582404,26.2488095,27.20294102,24.8394847,28.16025568,25.8069758,25.29822128,25.61249695,28.7923601,25.8069758,32.28002478,26.62705391,29.73213749,27.80287755,30.6757233,29.20616373
30.88689042,13.45362405,27.73084925,15.8113883,29.52964612,17.20465053,26.41968963,17.4642492,26,14.76482306,27.85677655,14.86606875,25.07987241,16.4924225,24.16609195,16.1245155,22.36067977,16.1245155,22.82542442,14.14213562,22.82542442,16.03121954,21.09502311,16.2788206,23.70653918,16.2788206,19.72308292,14.56021978,21.26029163,14.31782106,20.61552813,15.65247584,21.40093456,16.1245155,20.61552813,15,22.6715681,15.55634919,20.51828453,17.20465053,22.627417,17.02938637,21.9317122,19.20937271,21.26029163,18.86796226,24.08318916,20.59126028,24.08318916,21.09502311,27.20294102,23.70653918
62.28964601,18.02775638,79.40403012,16.4924225,77.62087348,18.35755975,70.49113419,8.062257748,74.43117626,17,65.4369926,11.18033989,75.74298647,16.15549442,68.59300256,33.30165161,85.95929269,7.810249676,76.6093989,27.20294102,75.92759709,21.9317122,60.81118318,21.63330765,77.20103626,16,69.63476143,14.86606875,71.40028011,13.89244399,84.59905437,18.02775638,72.20110802,23.02172887,76.2758153,12.08304597,78.77182237,15.62049935,76.55063684,19.6977156,82.66196223,11.40175425,75.60423269,20.59126028,81.63332653,15.03329638,98.11218069,14.56021978,91.23595782,11.40175425,94.51454914,8
6.08276253,16.55294536,7.071067812,16.55294536,8.246211251,15.26433752,8.062257748,14.31782106,10,11.40175425,9.486832981,12.20655562,12.36931688,11.40175425,11.04536102,10.63014581,13.15294644,11.3137085,13.03840481,10.63014581,18,14.2126704,17.02938637,12.04159458,19.10497317,12.04159458,21.21320344,14.2126704,20.22374842,13.60147051,22.36067977,16.1245155,22.36067977,16.1245155,21.58703314,16.55294536,24.73863375,18.78829423,21.37755833,17,23.34523506,19.72308292,22.20360331,20.61552813,25.3179778,18.38477631,27.29468813,20.59126028,28.63564213,19.31320792,28.63564213,22.47220505
7.810249676,14.76482306,5.830951895,14.4222051,6.403124237,14.86606875,6.32455532,14.86606875,7.280109889,15.62049935,8,18.43908891,9.055385138,18.78829423,8.246211251,17.80449381,8.062257748,18.02775638,10.04987562,19.92485885,12.08304597,23.19482701,11.70469991,22.56102835,12.36931688,25.49509757,13.15294644,25.17935662,13.92838828,27.01851217,14.56021978,31.06444913,15.5241747,31,16.4924225,31.01612484,17.2626765,34.0147027,18.38477631,31.06444913,19.02629759,33.06055051,16.76305461,34.13209633,17.4642492,37.01351105,20.61552813,43.01162634,21.54065923,41.30375286,21.84032967,41.30375286
20.61552813,31.38470965,17.88854382,31.38470965,21.02379604,32.24903099,14.76482306,31.38470965,19.10497317,31.01612484,17.88854382,28.23118843,12.04159458,31.6227766,18.11077028,26.30589288,16.03121954,41.40048309,15,25,16.76305461,25.70992026,15.03329638,25.01999201,14.14213562,27.07397274,14.14213562,24,14.31782106,24.18677324,13,22,13.89244399,22.02271555,15.65247584,20.09975124,18.02775638,19.10497317,16.64331698,19.23538406,17.02938637,18.02775638,17.02938637,19.23538406,18.43908891,19.41648784,19.23538406,18.68154169,23.02172887,16.1245155,23.60084744,20.24845673
18.35755975,20,17.88854382,19.41648784,18.86796226,20.61552813,19.6977156,19.20937271,18.78829423,17.80449381,19.23538406,17.69180601,19.23538406,14.86606875,18.78829423,14.86606875,18.38477631,14.86606875,15.65247584,13.45362405,17.88854382,12.80624847,16.76305461,12.80624847,15.23154621,13.03840481,14.31782106,12.20655562,14.76482306,11.40175425,13.92838828,11.40175425,13,11.66190379,10.77032961,10.81665383,10.44030651,11.66190379,9.219544457,10.81665383,9.486832981,11.18033989,11.70469991,11.66190379,8.94427191,10,8.544003745,12.52996409,9.486832981,13.92838828,8.246211251,13
16.15549442,30.23243292,17.2626765,31.06444913,18.43908891,30.23243292,20.61552813,31.06444913,18.68154169,28.60069929,19.6468827,27.80287755,20.61552813,26.40075756,20.39607805,24.41311123,18.24828759,23.43074903,18.11077028,20.61552813,20.22374842,24.20743687,18.43908891,22.20360331,18.11077028,20,16.2788206,20,16.03121954,17.20465053,18.02775638,19.41648784,14.14213562,15.8113883,12.04159458,16.40121947,10,15.8113883,10.04987562,16.1245155,8.246211251,14.4222051,7.071067812,14.76482306,7.071067812,15.23154621,7.280109889,17.4642492,7.280109889,15.23154621,7.280109889,18.38477631
71.11258679,58.79625838,74.94664769,49.40647731,77.07788269,54.3783045,74.33034374,48.82622246,74.62573283,50.47771786,75.59100476,44.55333882,77.17512553,37.20215048,82.15229759,40.49691346,68.79680225,33.28663395,68,24.20743687,74.70609078,32.64965543,58.52349955,28.28427125,59.9082632,28.31960452,57.70615219,19.20937271,53.31041174,27.01851217,59.03388857,27.20294102,48.66210024,23.34523506,49.03060269,18.60107524,42.72001873,28.3019434,32.06243908,28.42534081,39.11521443,33.24154028,33.01514804,32.64965543,27.20294102,29.12043956,38.07886553,42.44997055,30.87069808,37.21558813,34.13209633,46.17358552
1,11.40175425,1.414213562,12.04159458,2.828427125,10.81665383,2.236067977,12.04159458,2.828427125,12.04159458,2.236067977,12.04159458,3,12.04159458,2.828427125,11.40175425,2.236067977,10,3.16227766,9.899494937,2.236067977,10,3.605551275,9.433981132,2,8.062257748,2,7.211102551,2.236067977,6.708203932,3,7.615773106,1,7.280109889,2,6.32455532,1,5.099019514,2,5.099019514,2,5.385164807,2,7.071067812,2,4.123105626,3,5,3,6.08276253,5.099019514,7
15.26433752,5.385164807,15.26433752,5,15.26433752,6.32455532,15.62049935,5.385164807,16.64331698,5.099019514,15.62049935,6.08276253,15.62049935,5.099019514,15.62049935,4.123105626,16.2788206,5.099019514,14.86606875,3.16227766,14.86606875,4.472135955,14.2126704,3.16227766,14.4222051,4.123105626,13.60147051,3.605551275,13.60147051,2.236067977,13.60147051,3.605551275,13.03840481,4.242640687,11.40175425,4.242640687,13.60147051,5.385164807,13.03840481,5.656854249,13.03840481,5,13.03840481,5.656854249,12.20655562,5.656854249,13.41640786,5.830951895,12.52996409,5.830951895,14.31782106,6.403124237
26,21.02379604,26.92582404,20.59126028,28.63564213,22.47220505,26.07680962,21.26029163,27.29468813,20.51828453,28.3019434,20.51828453,28.3019434,17.69180601,27.20294102,16.97056275,25.61249695,16.40121947,24.75883681,16.64331698,25.49509757,17.02938637,22.627417,15.65247584,22.6715681,16.55294536,22.627417,17,22.02271555,15.65247584,21.09502311,17.08800749,19.72308292,17.08800749,19.23538406,16.1245155,15.23154621,18.38477631,17.4642492,21.02379604,18.68154169,19.23538406,19.41648784,20.59126028,16.4924225,18.38477631,19,21.47091055,20,20.1246118,22.09072203,22.36067977
2.828427125,26.90724809,2.828427125,29,1.414213562,29.73213749,2.828427125,29,3.605551275,28.28427125,1.414213562,29,1,29,1,29,0,27.65863337,1.414213562,26.2488095,2.236067977,29.20616373,2,27.20294102,1.414213562,25.8069758,1,26.2488095,0,23.60084744,2.236067977,26.40075756,0,24.20743687,1,23.60084744,2.236067977,23.43074903,3,21.9544984,2,21.63330765,1,23.32380758,2.236067977,20.59126028,3.605551275,22.47220505,1.414213562,22.36067977,2.828427125,22.36067977
20,17.80449381,20.80865205,17.02938637,20.61552813,19.20937271,20.61552813,18.38477631,19.20937271,18.38477631,19.84943324,19.10497317,19.10497317,19.84943324,17.69180601,19.10497317,18.38477631,18.43908891,17.69180601,17.80449381,19.79898987,21.40093456,19.10497317,20.24845673,19.84943324,18.60107524,19.20937271,19.20937271,17.80449381,20,18.60107524,20,18.02775638,20,19.41648784,17.02938637,18.60107524,19.20937271,18.86796226,17.20465053,18.86796226,17.80449381,18.86796226,18.60107524,18.35755975,16.40121947,21.9544984,16.40121947,20.80865205,18.02775638,20.80865205,17.49285568
9.219544457,25.49509757,8.544003745,26.90724809,8.544003745,27.65863337,8.062257748,28.01785145,5.830951895,27.01851217,6.403124237,27.01851217,4.242640687,27.80287755,5,26.40075756,4.472135955,26.40075756,5.830951895,25.61249695,7.615773106,27.80287755,6.32455532,26.62705391,7.280109889,25.8069758,7.071067812,25.61249695,7.071067812,25.61249695,8.062257748,27.80287755,9,26.40075756,9,24.08318916,9,24.8394847,9,24.20743687,10,24.08318916,9.055385138,23.43074903,10.04987562,22.6715681,13.03840481,23.43074903,11.04536102,23.43074903,12.16552506,23.43074903
22.627417,8.94427191,23.34523506,9.433981132,24.75883681,8.602325267,25.8069758,10,24.08318916,7.810249676,26.2488095,7.810249676,24.8394847,7.810249676,23.43074903,7.211102551,24.20743687,7.211102551,21.40093456,8.062257748,25.61249695,8.94427191,24.20743687,8.062257748,24.20743687,8.544003745,23.43074903,8.544003745,22.8035085,9.219544457,23.43074903,9.219544457,23.43074903,9.219544457,22.6715681,10.44030651,22.02271555,10.19803903,22.6715681,11.40175425,22.627417,10.19803903,21.9317122,10.44030651,20.51828453,11.40175425,22.6715681,12.64911064,22.6715681,11.40175425,23.34523506,12.64911064
7.071067812,34.71310992,7.071067812,33.30165161,5,31.82766093,3.16227766,34.05877273,4,33.24154028,3,34.05877273,1,34.82814953,1,32.64965543,0,32.55764119,1,31.82766093,3.16227766,34.05877273,2.828427125,32.01562119,4.472135955,31.89043744,2.236067977,31.89043744,4.472135955,32.55764119,4.242640687,33.9411255,4.472135955,32.55764119,5.385164807,32.55764119,5.099019514,31.11269837,6.708203932,31.82766093,5,30.47950131,6.32455532,31.144823,5.385164807,30.47950131,7.071067812,32.55764119,6.08276253,33.24154028,7.071067812,33.24154028
8.246211251,22.627417,8.544003745,23.34523506,7.280109889,23.34523506,8.062257748,24.8394847,5.830951895,24.04163056,5.830951895,24.08318916,5,24.8394847,5.656854249,22.8035085,5.830951895,24.08318916,4.242640687,22.02271555,5.385164807,24.8394847,5.385164807,25,7.280109889,23.43074903,7.071067812,23.34523506,6.08276253,23.43074903,7.071067812,24.8394847,7.071067812,23.43074903,8.062257748,22.627417,8,23.34523506,9.055385138,22.6715681,9.055385138,24.04163056,8.062257748,22.627417,9.055385138,21.21320344,11,23.34523506,9.055385138,23.34523506,10.19803903,24.75883681
20.61552813,7.211102551,19.79898987,9.219544457,21.26029163,8.062257748,21.9317122,7.810249676,22.02271555,8.602325267,21.21320344,6.403124237,21.21320344,7.071067812,21.9317122,6.403124237,21.9317122,5.830951895,21.26029163,7.211102551,22.6715681,8.062257748,21.9317122,6.708203932,21.21320344,7.280109889,22.627417,8.544003745,21.9317122,7.280109889,24.08318916,8.246211251,21.9317122,8.062257748,21.21320344,10.44030651,21.9317122,10.44030651,20.51828453,9.848857802,21.26029163,10.19803903,21.9317122,9.486832981,20.51828453,10.44030651,21.9317122,12.16552506,21.9317122,11.40175425,22.627417,12.16552506
17.69180601,4.472135955,19.10497317,3.16227766,20.51828453,4.123105626,19.79898987,3,19.79898987,3.16227766,19.79898987,3.16227766,19.79898987,4.123105626,19.79898987,2.828427125,19.79898987,3.605551275,18.43908891,2.236067977,21.9317122,4.123105626,19.79898987,4.472135955,20.51828453,4,20.61552813,4.123105626,19.79898987,3.16227766,20.61552813,5.099019514,21.26029163,5.099019514,20.80865205,4.123105626,22.02271555,5,21.26029163,5.385164807,20,4.123105626,21.40093456,4.472135955,20.80865205,4.123105626,23.02172887,4.472135955,22.02271555,4.472135955,23.60084744,4.472135955
6.403124237,4.472135955,8.94427191,5,9.433981132,3.605551275,7.810249676,4.472135955,6.708203932,5,9.433981132,5,10.44030651,6.403124237,8.94427191,5.830951895,9.486832981,6.708203932,8.544003745,5.656854249,10.44030651,7.211102551,9.486832981,7.211102551,10.19803903,5,11.04536102,6.708203932,11.18033989,7.211102551,11.18033989,6.708203932,11.18033989,6.708203932,12.16552506,7.615773106,13.34166406,8.544003745,12.64911064,5.830951895,12.64911064,6.08276253,13.60147051,6.708203932,13.34166406,7.280109889,14.86606875,7.211102551,15.23154621,6.708203932,14.31782106,7.615773106
10,11.40175425,9.433981132,10.63014581,10.81665383,12.04159458,10,12.04159458,8.94427191,12.20655562,8.062257748,13.60147051,8.94427191,14.4222051,9.486832981,13.60147051,10.77032961,13.45362405,9.848857802,13.45362405,10.44030651,14.2126704,9.848857802,14.2126704,9.219544457,13.60147051,11.40175425,13.60147051,10.77032961,14.4222051,11.40175425,15.8113883,11.70469991,14.4222051,12.64911064,14.4222051,11.70469991,15.8113883,12.64911064,14.4222051,12.08304597,15.26433752,13,15.26433752,13,14.76482306,13.92838828,15.26433752,14.76482306,15.8113883,14.31782106,16.40121947
14.14213562,5.830951895,14.14213562,6.403124237,14.86606875,5.830951895,14.86606875,5.830951895,14.14213562,7.071067812,14.2126704,7.071067812,15,6.403124237,14.4222051,7.810249676,13.60147051,7.071067812,12.80624847,7.810249676,15.26433752,8.485281374,15.26433752,8.485281374,15.26433752,8.485281374,15.65247584,8.485281374,14.76482306,8.485281374,15.65247584,8.485281374,15.65247584,9.899494937,16.15549442,7.810249676,16.55294536,7.810249676,15.65247584,7.071067812,15.65247584,8.602325267,17,7.810249676,17,8.602325267,17.88854382,7.810249676,17.49285568,8.602325267,18.35755975,8.062257748
6.403124237,12.72792206,5.830951895,12.80624847,5.656854249,13.45362405,5.656854249,13.45362405,6.403124237,13.45362405,7.071067812,14.14213562,6.403124237,14.2126704,6.403124237,14.14213562,6.403124237,14.86606875,7.211102551,14.14213562,8.602325267,15.55634919,8.062257748,15.62049935,7.211102551,14.86606875,6.708203932,14.86606875,6.32455532,15,6.32455532,17.20465053,5.830951895,17.80449381,7.280109889,16.40121947,6.32455532,15.8113883,6.32455532,15.62049935,5.099019514,17.49285568,6.32455532,15.8113883,6.32455532,15.8113883,8.062257748,16.1245155,6.32455532,15.8113883,8.062257748,16.64331698
5.656854249,13.89244399,7.810249676,12.52996409,8.485281374,14.31782106,7.810249676,12.52996409,7.810249676,12.52996409,7.615773106,13.41640786,7.810249676,16.1245155,5.385164807,14.76482306,9.486832981,18.35755975,8.94427191,17.49285568,7.211102551,18.86796226,6.403124237,16.2788206,7.211102551,17.02938637,8.062257748,16.64331698,7.280109889,18.86796226,7.615773106,18.02775638,8.544003745,18.02775638,7.615773106,18.86796226,6.708203932,19.72308292,7.615773106,19.41648784,6.708203932,18.86796226,8.544003745,18.02775638,7.615773106,19.41648784,8.94427191,19.23538406,7.615773106,19.72308292,8.062257748,20.59126028
14.86606875,9.486832981,14.86606875,9.848857802,14.86606875,9.219544457,16.2788206,8.544003745,16.40121947,9.848857802,16.2788206,9.486832981,16.40121947,10.81665383,16.2788206,10.29563014,17.02938637,9.433981132,15,10.81665383,18.43908891,11.40175425,17.69180601,12.04159458,18.43908891,11.40175425,17.80449381,11.40175425,18.43908891,12.20655562,18.60107524,12.80624847,18.43908891,12.20655562,17.80449381,12.80624847,17.80449381,12.80624847,17.80449381,12.04159458,16.64331698,13.03840481,17.20465053,12.72792206,17.20465053,12.80624847,18.86796226,14.2126704,18.02775638,13.45362405,18.60107524,12.04159458
17.88854382,10.63014581,20.59126028,12.80624847,21.02379604,14.2126704,19.41648784,14.2126704,23.32380758,14.2126704,23.43074903,14.86606875,22.6715681,14.4222051,25,13.45362405,24.08318916,13.60147051,23.43074903,13.89244399,27.80287755,18.35755975,28.31960452,16.1245155,29.73213749,18.78829423,31.144823,18.02775638,31.2409987,15.8113883,35,17.72004515,33.30165161,15.29705854,30.52867504,17.4642492,33.42154993,16.2788206,31.6227766,17.02938637,31.40063694,17.11724277,31.40063694,18.11077028,27.78488798,17.11724277,30.8058436,20.39607805,29.41088234,20.61552813,30.23243292,22.13594362
10.63014581,9.433981132,11.3137085,9.219544457,11.3137085,9.219544457,11.3137085,9.433981132,10.63014581,10,11.40175425,10.81665383,12.04159458,10.63014581,11.40175425,11.3137085,10.63014581,10.63014581,10.63014581,11.40175425,11.40175425,12.04159458,12.04159458,12.04159458,12.20655562,11.3137085,12.20655562,12.04159458,12.20655562,12.80624847,13.03840481,13.45362405,12.20655562,12.80624847,11.66190379,12.80624847,12.80624847,12.04159458,12.52996409,12.04159458,12.20655562,12.04159458,11.66190379,13.45362405,11.66190379,12.04159458,13.03840481,12.04159458,12.52996409,12.80624847,13.03840481,12.04159458
12.72792206,4.472135955,13.45362405,5.830951895,12.80624847,5,14.2126704,4.472135955,12.80624847,5.830951895,15,6.403124237,14.2126704,6.403124237,15,6.403124237,14.2126704,5.656854249,14.2126704,5.656854249,15.62049935,6.403124237,15.62049935,6.403124237,15,5,15,5.656854249,15.8113883,5.656854249,16.64331698,6.403124237,15.8113883,6.403124237,15.8113883,7.211102551,15.8113883,7.071067812,17.20465053,5.830951895,15.8113883,7.071067812,15.8113883,6.403124237,15.26433752,7.211102551,18.02775638,5.830951895,17.20465053,7.211102551,17.20465053,6.708203932
54.12947441,66.84309987,59.94163828,65,71.34423593,66.03029608,67.94115101,71.28113355,60.03332408,64.07027392,67.08203932,65.21502894,70.80254233,71.84010022,65.73431372,63.03173804,54.4885309,75.23961722,48.7954916,71.56116265,79.64923101,80.15609771,65.60487787,66.70832032,72.18032973,79.20227269,77.15568676,78.81624198,72.34638899,78.89233169,89.27485648,90.42676595,88.00568163,92.43916919,80.05623024,83.24061509,87.20665112,80.15609771,73.24616031,82.37718131,81.68843247,82.41965785,81.56592426,74.43117626,66.57326791,74.43117626,76.55063684,92.59049627,74.27651042,84.21995013,71.06335202,76.66159404
6.08276253,10.63014581,7.071067812,11.40175425,7.280109889,10.63014581,7.615773106,11.3137085,8.062257748,12.04159458,8.062257748,12.80624847,8.062257748,12.04159458,7.810249676,12.04159458,8.602325267,11.3137085,8.485281374,10.63014581,9.219544457,12.20655562,9.219544457,12.20655562,9.219544457,11.66190379,9.899494937,11.66190379,9.219544457,11.66190379,10.63014581,12.52996409,9.219544457,12.08304597,8.485281374,12.52996409,9.899494937,12.52996409,9.219544457,13.41640786,9.899494937,12.52996409,9.219544457,13.41640786,8.485281374,13,9.219544457,14.31782106,9.219544457,14.76482306,7.810249676,14.76482306
6.08276253,8.94427191,7.071067812,9.433981132,7.071067812,10.81665383,6.708203932,10.63014581,7.615773106,10.63014581,7.615773106,10.81665383,8.062257748,10.81665383,8.94427191,11.66190379,8.062257748,11.40175425,8.602325267,10.81665383,10,13.60147051,9.219544457,13.60147051,10.63014581,13.03840481,10,13.89244399,10.63014581,12.52996409,10.81665383,14.31782106,11.40175425,13.41640786,10.81665383,13.92838828,11.40175425,13.41640786,11.3137085,13.92838828,10.81665383,14.31782106,12.20655562,14.31782106,10.81665383,15.23154621,11.66190379,16.55294536,12.20655562,14.76482306,11.40175425,16.55294536
5,5.385164807,5.656854249,5.385164807,6.403124237,5,5.656854249,5.830951895,6.403124237,5.656854249,7.211102551,8.062257748,9.433981132,6.403124237,7.211102551,8.062257748,8.062257748,7.810249676,8.602325267,8.602325267,9.219544457,7.211102551,9.433981132,8.485281374,8.544003745,8.062257748,8.94427191,10,8.544003745,10,9.486832981,12.04159458,8.544003745,10.81665383,9.219544457,8.602325267,7.615773106,10.81665383,10.19803903,10.29563014,8.246211251,10.77032961,9.219544457,10.29563014,10.19803903,10.29563014,10.19803903,12.20655562,10.19803903,11.18033989,11.70469991,10.81665383
5,21.1896201,3.605551275,21.37755833,4.123105626,20.61552813,7.071067812,19.23538406,10.19803903,21.58703314,12.36931688,21.58703314,12.36931688,23.53720459,14.14213562,24.33105012,16.03121954,24.33105012,19.23538406,24.73863375,21.02379604,26.47640459,21.21320344,28.28427125,20.02498439,28.44292531,23.02172887,25.17935662,24.51530134,24.51530134,27.45906044,25.3179778,26.30589288,23.53720459,29.27456234,22.20360331,29.61418579,21.1896201,28.46049894,18.97366596,32.01562119,18.02775638,32.01562119,14.56021978,32.55764119,10.77032961,39.11521443,9.486832981,39.01281841,6.708203932,43.01162634,8.062257748
16.4924225,2,17.4642492,3,18.68154169,4.123105626,19.31320792,4.123105626,21.1896201,6.08276253,22.47220505,5.099019514,24.69817807,7.280109889,25.63201124,7.071067812,25.63201124,7.071067812,26.40075756,6.08276253,29.96664813,7,29.96664813,7,30.41381265,7.071067812,29.54657341,7.071067812,32.69556545,7,34.92849839,7.280109889,35.4682957,7.071067812,36.40054945,7.071067812,35.84689666,6.08276253,34.0147027,6.32455532,36.24913792,5.099019514,33.61547263,7.071067812,34.53983208,6,37.16180835,9,34.43835072,8.062257748,36.67424164,8.246211251
23.43074903,3.16227766,24.08318916,2.236067977,25,3,24.8394847,1.414213562,26.40075756,2.828427125,27.80287755,4.123105626,26.40075756,4.472135955,27.20294102,3.605551275,26.62705391,4.472135955,27.78488798,6.403124237,30.52867504,6.32455532,26.62705391,7.280109889,28.3019434,8.544003745,30.01666204,6.708203932,29.06888371,6.32455532,31.30495168,7.211102551,30.41381265,6.32455532,31.78049716,6.708203932,31.30495168,5.830951895,31.30495168,5.385164807,32.64965543,5.385164807,31.30495168,3.605551275,32.20248438,4.472135955,36.67424164,4.472135955,34,3.16227766,36.7151195,3.605551275
0,14.2126704,0,13.60147051,1,15,0,15,1.414213562,13.60147051,1.414213562,15.8113883,2.236067977,15,2,15.8113883,1,15.26433752,2,14.4222051,2.236067977,17.49285568,2.236067977,15.8113883,2.236067977,16.64331698,2,16.1245155,3,16.55294536,2,17,2.236067977,17,2.236067977,17.88854382,2,17,2.236067977,17,1.414213562,17.49285568,1,18.35755975,1,17.49285568,1.414213562,19.23538406,0,19.41648784,0,19.72308292
3,27.58622845,1,28.28427125,0,31.144823,1.414213562,30.41381265,1,29.73213749,1.414213562,30.41381265,3,32.55764119,4.123105626,30.61045573,3,31.2409987,4,29.06888371,4.123105626,33.42154993,5,31.40063694,5.099019514,31.2409987,4,31.6227766,5.099019514,30.8058436,5.099019514,33.28663395,5.099019514,34.13209633,5,32.24903099,4,33.61547263,4.123105626,31.38470965,3,33.61547263,2,32.75667871,1.414213562,32.24903099,1.414213562,37.21558813,2.828427125,34.13209633,2.236067977,35.84689666
4.123105626,14.2126704,3.605551275,15,5.385164807,15.8113883,5,14.2126704,4,15.55634919,5.385164807,14.86606875,4.123105626,19.10497317,5.099019514,16.40121947,11,12.04159458,9.219544457,19.41648784,8,19.41648784,7,18.60107524,6.32455532,18.43908891,6.08276253,16.2788206,6.32455532,19.41648784,7,20.24845673,4.123105626,20,5,18.60107524,8.062257748,18.02775638,8,18.02775638,6,18.02775638,7.071067812,16.64331698,7.071067812,18.02775638,9.055385138,19.41648784,8.062257748,18.60107524,10.04987562,19.20937271
12.20655562,6,12.80624847,6.08276253,11.66190379,5.099019514,12.20655562,4.123105626,12.20655562,5.099019514,13.60147051,5.385164807,13.60147051,6.32455532,13.03840481,5.385164807,14.4222051,5.385164807,12.80624847,7.615773106,15.8113883,6.708203932,15,6.403124237,13.60147051,5.830951895,16.64331698,7.211102551,15.26433752,7.211102551,16.64331698,8.94427191,15,8.062257748,15.8113883,7.211102551,16.64331698,8.602325267,15.26433752,7.810249676,14.31782106,8.062257748,15.26433752,8.94427191,14.76482306,9.433981132,16.55294536,9.219544457,16.64331698,8.062257748,17.20465053,8.602325267
2.828427125,15.26433752,2.828427125,15,1.414213562,16.64331698,1,15,1.414213562,15.8113883,1.414213562,16.40121947,3.16227766,16.40121947,1,16.40121947,1,18.60107524,1,16.64331698,1,19.41648784,1,19.84943324,2,19.20937271,1,18.60107524,1.414213562,18.60107524,3.16227766,20,3.16227766,20,2.236067977,20.24845673,2.236067977,20,2.236067977,19.20937271,4.472135955,18.02775638,2.236067977,18.60107524,2,18.60107524,3.16227766,20,2,20,2.236067977,20
5.385164807,11.40175425,4.472135955,11.66190379,5.830951895,13.60147051,5,12.80624847,5.830951895,12.20655562,5.385164807,12.20655562,6.32455532,13.60147051,6.403124237,14.2126704,5.830951895,14.4222051,5.656854249,14.2126704,5.830951895,15.8113883,5.830951895,14.2126704,7.211102551,15.62049935,7.211102551,16.40121947,7.810249676,14.4222051,8.602325267,16.64331698,8.062257748,14.4222051,8.602325267,15.26433752,8.602325267,15.8113883,8.485281374,15.8113883,8.602325267,14.4222051,9.219544457,15.8113883,8.062257748,15.26433752,8.602325267,16.64331698,8.602325267,16.40121947,7.211102551,15.8113883
16.40121947,3.16227766,15.62049935,3,16.40121947,4.123105626,16.2788206,4.123105626,16.40121947,4.472135955,17.02938637,3.16227766,18.43908891,2.236067977,17.02938637,2.236067977,17.02938637,2.828427125,16.2788206,2.236067977,19.20937271,3.605551275,17.69180601,2.828427125,18.43908891,3.605551275,17.80449381,2.828427125,19.20937271,2.236067977,20.61552813,2.236067977,19.20937271,1.414213562,19.41648784,2,20,2.236067977,19.20937271,2.236067977,18.60107524,1,17.80449381,2,18.60107524,2,18.60107524,3,19.20937271,2,19.20937271,3
12.20655562,5.830951895,12.20655562,5,12.80624847,5.830951895,12.80624847,6.403124237,13.60147051,5.656854249,14.2126704,5,13.60147051,5,13.60147051,4.242640687,14.2126704,5,13.45362405,5.656854249,14.86606875,5,14.2126704,5,14.2126704,5,15.62049935,5.830951895,15.62049935,4.472135955,15.62049935,5.385164807,16.40121947,5,15.8113883,5.385164807,15.62049935,5.385164807,15,5.830951895,15.62049935,4.472135955,14.86606875,4.472135955,15,5.099019514,15.62049935,6.32455532,15.62049935,6.32455532,15.62049935,6.32455532
8.246211251,12.52996409,9.219544457,13.41640786,8.544003745,15.23154621,8.544003745,13.03840481,8.544003745,13.92838828,8.544003745,13.41640786,8.94427191,11.66190379,8.544003745,13.41640786,8.94427191,14.76482306,10.29563014,13.03840481,8.544003745,17.20465053,11.18033989,15.8113883,11.66190379,14.76482306,12.52996409,16.64331698,12.20655562,16.1245155,12.08304597,15.65247584,13.60147051,16.64331698,13.03840481,16.55294536,13.41640786,17,14.4222051,17.49285568,13.92838828,15.26433752,15.26433752,17.49285568,12.52996409,16.1245155,15.62049935,19.23538406,14.4222051,17.49285568,14.2126704,19.41648784
2,10.77032961,2,10.77032961,1.414213562,12.08304597,1,11.66190379,1.414213562,11.18033989,2.236067977,13.03840481,1.414213562,13.89244399,1.414213562,11.66190379,1,13.03840481,1,12.20655562,1.414213562,15.26433752,1.414213562,14.4222051,1,14.4222051,0,15.26433752,0,15.8113883,1,16.64331698,1,15.8113883,1,15.26433752,0,17.49285568,1.414213562,15.26433752,2.236067977,15.8113883,1.414213562,15.26433752,1,15.26433752,1.414213562,17.49285568,1.414213562,15.8113883,1,17.49285568
13.03840481,4.123105626,13.03840481,3.16227766,13.89244399,3,14.4222051,2,13.60147051,3.16227766,15,3.605551275,14.76482306,3.605551275,14.4222051,3.605551275,14.4222051,3.16227766,15,3.16227766,17.20465053,4.472135955,16.40121947,2.828427125,17.20465053,3.605551275,18.02775638,5.385164807,17.20465053,5,17.20465053,5.656854249,18.60107524,5,16.64331698,5,17.20465053,5,18.02775638,5,18.02775638,5.830951895,17.20465053,5.656854249,15.8113883,5,18.86796226,5,17.20465053,5,18.86796226,4.242640687
5.385164807,10.63014581,5.830951895,12.04159458,5.830951895,12.20655562,5,12.04159458,5,12.20655562,4.242640687,12.20655562,5.830951895,13.60147051,6.403124237,13.03840481,6.403124237,13.60147051,5.656854249,13.60147051,6.403124237,16.64331698,7.071067812,12.80624847,6.403124237,15.26433752,6.403124237,15.26433752,6.403124237,15.26433752,7.071067812,15.8113883,8.485281374,15.8113883,7.810249676,16.1245155,7.071067812,15.26433752,7.810249676,15.65247584,9.219544457,16.1245155,7.810249676,15.26433752,8.485281374,15.26433752,7.810249676,16.1245155,8.485281374,15.26433752,7.071067812,17.49285568
7.810249676,10.63014581,7.211102551,10.63014581,7.211102551,10.63014581,8.602325267,10,8.062257748,10,10.29563014,9.899494937,10.29563014,11.40175425,8.602325267,10.63014581,10.77032961,10.63014581,12.08304597,10.63014581,13,12.80624847,11.66190379,12.72792206,12.08304597,12.04159458,10.77032961,12.04159458,11.66190379,14.86606875,12.08304597,14.14213562,12.52996409,14.2126704,13.41640786,13.45362405,13.41640786,14.2126704,11.40175425,12.80624847,10.44030651,12.80624847,11.70469991,13.45362405,12.08304597,13.60147051,12.36931688,14.2126704,13.41640786,13.60147051,12.64911064,13.60147051
16.4924225,2,17.4642492,3,18.68154169,4.123105626,19.31320792,4.123105626,21.1896201,6.08276253,22.47220505,5.099019514,24.69817807,7.280109889,25.63201124,7.071067812,25.63201124,7.071067812,26.40075756,6.08276253,29.96664813,7,29.96664813,7,30.41381265,7.071067812,29.54657341,7.071067812,32.69556545,7,34.92849839,7.280109889,35.4682957,7.071067812,36.40054945,7.071067812,35.84689666,6.08276253,34.0147027,6.32455532,36.24913792,5.099019514,33.61547263,7.071067812,34.53983208,6,37.16180835,9,34.43835072,8.062257748,36.67424164,8.246211251
2.828427125,19.84943324,5.830951895,23.02172887,5.830951895,22.47220505,6.708203932,22.8035085,4.472135955,23.02172887,6.403124237,24.41311123,5.830951895,26.83281573,7.211102551,28.17800561,7.211102551,27.78488798,8.544003745,28.17800561,8.94427191,32.75667871,8.94427191,32.75667871,10.29563014,34.4818793,7.810249676,33.54101966,7.810249676,34.43835072,7.810249676,39.39543121,8.485281374,37.16180835,5.830951895,38.62641583,6.403124237,39,6.403124237,38.07886553,6.708203932,39.56008089,5.385164807,38.62641583,5.385164807,38.27531842,8.062257748,41.43669871,7.071067812,39.92492956,7,40.85339643
10.19803903,21.58703314,12,22.84731932,8.062257748,22.82542442,7.280109889,22.36067977,7,23.34523506,8.246211251,24.04163056,6,26.17250466,8,25,6.708203932,25.8069758,8.062257748,23.2594067,8.062257748,30.41381265,8.246211251,29.06888371,9.848857802,34.17601498,10,31.78049716,10,31.78049716,10.81665383,34.53983208,8.602325267,36.05551275,10,34.92849839,10.81665383,37.36308338,10.77032961,34.4818793,10.77032961,34.71310992,8.246211251,34.71310992,5.099019514,32.24903099,5.099019514,39.20459157,4.472135955,35.0142828,4.123105626,38
3.605551275,26.07680962,7.810249676,23.02172887,9.848857802,23,10.29563014,22.20360331,13.60147051,19.92485885,11.18033989,22.13594362,15.5241747,19.41648784,17.11724277,20.61552813,18.24828759,20.61552813,20.09975124,16.15549442,24,17,22,20.1246118,25.01999201,19.23538406,28.16025568,19.23538406,29,17.88854382,31.06444913,18.02775638,31.01612484,16.1245155,33,14.76482306,35,14.76482306,35,15.26433752,34.0147027,13.60147051,32,14.4222051,34.05877273,15.55634919,36,15.65247584,34.05877273,13.89244399,35.05709629,12.16552506
17.20465053,11.18033989,17.49285568,12.08304597,17.20465053,14.31782106,17.49285568,15.23154621,19.20937271,16.76305461,19.72308292,18.02775638,18.60107524,19.6468827,19.20937271,19.92485885,19.41648784,20.88061302,19.41648784,22.8035085,21.26029163,26.2488095,22.02271555,25,21.9317122,25.70992026,24.04163056,26.47640459,24.08318916,24.73863375,27.01851217,28.63564213,26.2488095,27.45906044,26.07680962,27.29468813,27.45906044,28.63564213,26.40075756,28.44292531,25.55386468,29.27456234,24.69817807,26.47640459,24.18677324,27.45906044,25.07987241,31.78049716,25.94224354,30.8058436,26,32.28002478
33.42154993,2.236067977,33.60059523,2.828427125,33.24154028,2,34.82814953,4.472135955,32.64965543,1.414213562,36.12478374,2.828427125,32.64965543,3.605551275,33.30165161,3.16227766,32.55764119,5.656854249,31.11269837,3.605551275,38.20994635,5,37.01351105,7.810249676,36.76955262,7.810249676,36.87817783,6.32455532,35.38361203,7.810249676,41.01219331,8.544003745,35.35533906,7.810249676,36.87817783,8.062257748,38.94868419,7.810249676,36.87817783,9.433981132,35.60898763,8.246211251,35.60898763,8.062257748,33.01514804,10,35.60898763,8.062257748,35.22782991,9.219544457,36.40054945,0
7.615773106,15,8.94427191,15.62049935,8.602325267,16.40121947,8.602325267,16.40121947,8.602325267,15,7.810249676,17.02938637,8.485281374,16.2788206,7.071067812,15.62049935,7.810249676,15.62049935,8.602325267,14.86606875,8.602325267,18.38477631,10,17.02938637,9.433981132,16.97056275,10,16.97056275,9.848857802,17.02938637,10.29563014,19.20937271,11.18033989,18.60107524,8.94427191,17.20465053,10.29563014,18.02775638,9.848857802,18.02775638,10.29563014,17.20465053,9.433981132,17.49285568,8.94427191,16.64331698,8.94427191,18.35755975,9.848857802,18.02775638,8.94427191,19.72308292
7.071067812,15.55634919,7.280109889,17.69180601,5.385164807,14.86606875,6.32455532,15.62049935,6.32455532,14.86606875,6.08276253,15.8113883,5.830951895,15.62049935,5,15,4.472135955,15.26433752,6.403124237,13.89244399,7.071067812,16.1245155,7.071067812,16.64331698,6.403124237,15.65247584,5.830951895,15.26433752,6.708203932,14.4222051,6.32455532,16.1245155,5.385164807,15.26433752,7.615773106,15.26433752,7.615773106,14.4222051,7.071067812,15.26433752,7.071067812,14.2126704,7.071067812,13.89244399,7,12.20655562,8.062257748,13.60147051,7,14.4222051,7.071067812,13.60147051
7.615773106,12.72792206,5.830951895,12.80624847,6.708203932,12.04159458,5.830951895,12.04159458,6.32455532,10.63014581,8.602325267,11.66190379,5,10.29563014,8.602325267,11.70469991,7.810249676,11.66190379,7.810249676,12.08304597,7.810249676,11.18033989,10,11.70469991,8.602325267,11.70469991,8.602325267,13.03840481,9.433981132,13,11.18033989,14.76482306,10.44030651,12.52996409,9.486832981,11.66190379,10.77032961,12.20655562,9.486832981,11.70469991,10.19803903,10.81665383,10.19803903,12.20655562,10.19803903,11.18033989,11.40175425,10.29563014,11.18033989,11.40175425,11.40175425,10.81665383
17.02938637,13,16.2788206,13.92838828,18.43908891,14.86606875,16.40121947,15.23154621,15.8113883,14.56021978,16.40121947,11.66190379,17.49285568,12.08304597,15.8113883,12.08304597,15.65247584,11.66190379,15.23154621,12.52996409,16.15549442,12.52996409,17.08800749,10,18.02775638,10.81665383,17.4642492,11.40175425,16.55294536,12.04159458,18.38477631,12.04159458,16.15549442,10.81665383,15.23154621,11.66190379,14.31782106,10.29563014,16.55294536,11.66190379,15.23154621,10.81665383,17,10.77032961,15.23154621,10.29563014,15.23154621,10.77032961,16.15549442,11.70469991,13.89244399,12.52996409
3.16227766,15.62049935,3.16227766,15.55634919,3.16227766,16.2788206,3.16227766,17.02938637,3.605551275,16.2788206,4.242640687,17.02938637,3.605551275,15.62049935,3.605551275,16.2788206,3.605551275,16.2788206,4,16.2788206,4.472135955,19.10497317,3.16227766,19.10497317,4.123105626,17.69180601,5,17.69180601,4.123105626,18.38477631,4,19.84943324,4.123105626,19.20937271,6.08276253,18.60107524,6.08276253,19.20937271,5.099019514,18.60107524,3.16227766,19.20937271,5.099019514,19.20937271,4.123105626,17.20465053,5,19.41648784,5,19.41648784,6,20
13.45362405,10.29563014,13.45362405,9.219544457,12.80624847,10,13.45362405,9.219544457,12.80624847,9.433981132,14.2126704,11.40175425,14.2126704,10.63014581,14.2126704,11.3137085,13.60147051,10.63014581,15,9.219544457,17.80449381,10.63014581,16.40121947,12.04159458,17.20465053,12.04159458,16.64331698,12.04159458,15.8113883,12.72792206,17.49285568,14.14213562,16.1245155,13.45362405,17.88854382,12.72792206,17.49285568,13.45362405,16.1245155,12.72792206,17,14.2126704,16.1245155,13.45362405,17,13.45362405,18.78829423,12.72792206,17.88854382,13.45362405,18.78829423,12.80624847
11.40175425,8.485281374,12.20655562,7.810249676,11.66190379,7.810249676,13.03840481,7.071067812,11.66190379,7.071067812,12.52996409,8.485281374,13.03840481,8.485281374,12.52996409,8.485281374,13.03840481,7.810249676,12.52996409,7.810249676,14.76482306,9.219544457,14.4222051,9.433981132,14.31782106,9.219544457,16.55294536,10,15.65247584,10.63014581,17,10,17,10.63014581,16.55294536,10.63014581,16.15549442,11.40175425,15.65247584,10.63014581,16.55294536,11.40175425,17,11.40175425,16.15549442,10.63014581,17.4642492,10,17,10.29563014,18.78829423,10.81665383
13.45362405,3.16227766,12.72792206,5.099019514,12.80624847,4.472135955,12.04159458,5.385164807,12.04159458,4.123105626,13.60147051,4.123105626,13.45362405,4,14.2126704,5.099019514,15,5.099019514,12.80624847,5.099019514,16.40121947,6.08276253,15,5.099019514,15.8113883,6.08276253,16.64331698,5.099019514,17.20465053,5.099019514,17.49285568,5.099019514,17.88854382,5,17.4642492,5.385164807,18.35755975,5.099019514,17.49285568,6,18.35755975,4.123105626,17.4642492,5.099019514,17.88854382,5,18.78829423,6.32455532,20.1246118,5.385164807,20.1246118,6.32455532
10.81665383,9.433981132,10.63014581,9.219544457,10.63014581,10.81665383,11.40175425,10.63014581,10,9.433981132,10,11.18033989,10.63014581,11.18033989,10.63014581,11.18033989,10.63014581,10.77032961,9.433981132,11.18033989,11.3137085,14.31782106,10.63014581,13.41640786,11.3137085,13,11.40175425,14.86606875,12.04159458,13,12.80624847,14.56021978,12.80624847,13.92838828,11.40175425,13.60147051,12.20655562,13.92838828,12.80624847,13.92838828,13.03840481,13.60147051,13.89244399,13.92838828,11.66190379,13.92838828,13.03840481,17.4642492,12.20655562,15.23154621,12.20655562,16.55294536
7.211102551,10.63014581,6.708203932,11.40175425,6.708203932,10.63014581,8.602325267,11.66190379,8.544003745,9.219544457,7.615773106,11.3137085,9.486832981,10.81665383,9.219544457,11.3137085,5.830951895,10.63014581,6.32455532,9.899494937,11.40175425,10.63014581,10.44030651,10.63014581,11.40175425,11.40175425,11.40175425,11.3137085,10.44030651,11.3137085,11.40175425,12.04159458,13.60147051,13.45362405,12.36931688,11.66190379,13.60147051,12.20655562,11.18033989,11.40175425,11.40175425,12.52996409,12.36931688,11.66190379,11.40175425,12.20655562,12.64911064,11.66190379,13.92838828,12.20655562,13.60147051,12.52996409
5.099019514,21.9317122,6.08276253,21.26029163,8.062257748,22.6715681,8,21.9317122,8,22.6715681,9,24.08318916,9,23.43074903,10,24.20743687,11,23.60084744,10,24.41311123,11.04536102,26.62705391,12.16552506,25.23885893,12.04159458,26.40075756,11.04536102,27.78488798,11.04536102,29.15475947,11.18033989,30.88689042,11.18033989,29.96664813,10.19803903,31.30495168,10.19803903,32.64965543,8.062257748,31.76476035,9.055385138,32.20248438,8.544003745,31.76476035,10.44030651,30.46309242,10.77032961,34.0147027,12.64911064,32.20248438,11.18033989,33.10589071
12.04159458,9.219544457,13.60147051,9.899494937,14.2126704,8.485281374,12.80624847,9.219544457,12.80624847,8.485281374,15,9.899494937,14.4222051,9.219544457,15,9.899494937,15.26433752,9.899494937,15,8.485281374,18.02775638,9.899494937,16.40121947,10.63014581,16.1245155,9.219544457,16.1245155,9.899494937,17.49285568,10.63014581,17.88854382,10.63014581,17,12.04159458,17,11.3137085,16.1245155,11.3137085,17,12.04159458,17,12.80624847,17,12.04159458,16.55294536,11.3137085,18.35755975,10.63014581,18.35755975,12.04159458,18.35755975,11.40175425
5.656854249,9.848857802,5.656854249,11.18033989,6.403124237,11.18033989,5.656854249,11.18033989,5.656854249,11.70469991,5.830951895,12.64911064,6.403124237,13,5.656854249,13,5,13,5.656854249,13,7.071067812,15.23154621,7.211102551,15.23154621,7.810249676,15.23154621,7.810249676,15.65247584,8.602325267,14.76482306,8.062257748,17.08800749,9.433981132,16.55294536,9.433981132,17.08800749,10,17.88854382,8.602325267,16.55294536,9.433981132,16.15549442,8.94427191,16.55294536,9.486832981,15.65247584,10.77032961,17.4642492,11.18033989,17.88854382,9.848857802,18.35755975
14.4222051,8.544003745,15.8113883,8.544003745,15.26433752,9.486832981,16.40121947,8.94427191,15,9.433981132,17.49285568,9.848857802,18.02775638,11.66190379,16.64331698,11.40175425,18.02775638,10.81665383,18.35755975,10.29563014,18.86796226,12.20655562,18.02775638,12.04159458,18.35755975,11.3137085,17.88854382,12.04159458,18.35755975,12.80624847,19.23538406,14.2126704,19.23538406,13.03840481,19.23538406,13.03840481,19.72308292,12.20655562,18.86796226,13.45362405,19.23538406,12.20655562,20.24845673,12.80624847,20.1246118,12.04159458,21.47091055,12.80624847,22.47220505,13.60147051,21.09502311,12.80624847
14.86606875,5.830951895,15.55634919,5,16.2788206,6.403124237,16.97056275,4.242640687,15.55634919,5.656854249,16.2788206,6.403124237,16.2788206,6.403124237,17.02938637,5.656854249,17.80449381,6.403124237,17.20465053,5,19.41648784,6.708203932,17.80449381,6.708203932,17.80449381,6.403124237,18.02775638,7.071067812,18.60107524,7.810249676,18.86796226,7.810249676,18.60107524,8.602325267,18.86796226,7.810249676,18.60107524,6.403124237,18.60107524,7.810249676,18.35755975,8.485281374,17.80449381,7.810249676,16.64331698,7.071067812,18.86796226,7.071067812,18.60107524,8.485281374,19.41648784,7.810249676
27.73084925,9.433981132,27.73084925,9.848857802,28.3019434,10.04987562,27.31300057,13.34166406,24.69817807,13.03840481,26.07680962,13.03840481,24.69817807,17,22.20360331,15,23.02172887,19.10497317,24.8394847,17.11724277,24.8394847,20.22374842,26.40075756,20.02498439,25.8069758,18.11077028,26.90724809,19.10497317,24.75883681,20.02498439,26.90724809,19.23538406,27.58622845,22,23.85372088,21.37755833,28.42534081,21.09502311,27.65863337,21.02379604,25.23885893,21.02379604,22.47220505,22.36067977,23.32380758,23.19482701,26.92582404,25.07987241,25.23885893,24.33105012,25.94224354,23.76972865
9.848857802,12.52996409,8.94427191,13,10.44030651,12.20655562,9.219544457,12.20655562,9.219544457,12.80624847,10.44030651,12.72792206,9.486832981,10.63014581,10.19803903,11.40175425,9.055385138,12.04159458,8.246211251,10.81665383,8,13.60147051,9,12.80624847,9.055385138,14.76482306,8.246211251,13.89244399,9.055385138,13.89244399,8.246211251,14.76482306,8.246211251,14.86606875,7.071067812,13.92838828,7.615773106,15.23154621,7.280109889,14.56021978,7.280109889,14.86606875,6.32455532,15.23154621,5.385164807,15.5241747,5.099019514,16.4924225,6.32455532,18.02775638,5.385164807,16.76305461
13.15294644,3.605551275,17.02938637,6.708203932,14.14213562,10.77032961,13.15294644,6.708203932,13.34166406,7.071067812,8.544003745,5,7.615773106,8.062257748,12.08304597,2,11.3137085,6.403124237,8.94427191,3.605551275,12.04159458,6.32455532,10.63014581,5,8.062257748,8.062257748,12.52996409,8,13.41640786,7.280109889,12.08304597,9.055385138,12.36931688,8.544003745,13,9.219544457,13.41640786,13.15294644,13.60147051,8.94427191,12.36931688,12.16552506,11.70469991,9,14.03566885,11.40175425,14.14213562,10.44030651,13.34166406,8.94427191,14.14213562,8.062257748
14.56021978,20.22374842,14.31782106,18.68154169,15.23154621,17.4642492,17.88854382,18.43908891,15.23154621,18.24828759,15.65247584,15.13274595,16.1245155,18.24828759,13.41640786,17.4642492,15.26433752,14.31782106,14.4222051,10.19803903,14.86606875,13.15294644,15.55634919,13.34166406,14.14213562,11.04536102,18.02775638,13.15294644,12.52996409,8.246211251,15.8113883,12.16552506,13.41640786,8.544003745,14.31782106,9.219544457,14.86606875,6.32455532,14.76482306,7.810249676,16.15549442,5.385164807,13.92838828,6.403124237,14.56021978,7.810249676,14.56021978,9.433981132,15.23154621,8.602325267,15.23154621,9.219544457
7.071067812,42.95346319,9.055385138,43.46262762,10,40.85339643,10.04987562,42.05948169,9.219544457,37.69615365,11,40.80441153,11,35.73513677,9.055385138,34.92849839,10.04987562,31.78049716,10.44030651,32.55764119,8.246211251,33.37663854,7.071067812,30.2654919,5.385164807,31.01612484,7.280109889,28.01785145,6.32455532,25.01999201,4.242640687,26.01922366,6.32455532,25,4.472135955,23.08679276,4.242640687,24.18677324,3.16227766,22.09072203,2.236067977,22.20360331,4.472135955,22.36067977,2.236067977,19.23538406,1.414213562,22.20360331,1.414213562,22.36067977,3.16227766,20.39607805
14.31782106,17.08800749,13.60147051,14.56021978,14.76482306,14.31782106,12.64911064,13,16.55294536,12.52996409,13.41640786,10.44030651,15,13.89244399,12.80624847,10,14.86606875,11.66190379,8.485281374,10,12.72792206,10,10,12.20655562,11.40175425,13.41640786,11.3137085,10.63014581,8.485281374,9.219544457,10.63014581,12.80624847,8.485281374,13.41640786,8.062257748,12.20655562,7.810249676,12.08304597,5.830951895,11.70469991,7.810249676,15.65247584,7.615773106,15.13274595,7.810249676,14.03566885,5,15.8113883,5.385164807,15.65247584,8.246211251,15.29705854
38.47076812,17.72004515,38.91015292,19.92485885,36.89173349,21.37755833,36.67424164,19.31320792,32.75667871,21.1896201,33.61547263,20.09975124,33.60059523,19.41648784,30.46309242,18.24828759,26.68332813,17.4642492,26.92582404,18.43908891,31.78049716,16.1245155,24.16609195,13.60147051,28.63564213,14.31782106,27.65863337,15.13274595,25.49509757,12.04159458,24.33105012,12.36931688,26.30589288,9.848857802,21.37755833,14.14213562,19.23538406,10.19803903,20.09975124,8.246211251,20.39607805,9,21.02379604,8.246211251,20.09975124,7,20,7.615773106,19.02629759,4.123105626,18.11077028,5.830951895
6.08276253,28.17800561,5.099019514,25.07987241,5.385164807,26,4.472135955,26,4.242640687,24.69817807,3.605551275,23.08679276,2.236067977,23.76972865,3.16227766,21.84032967,3.605551275,20.88061302,3.605551275,19.41648784,4.472135955,20.61552813,4.123105626,21.21320344,5.385164807,20.61552813,6.08276253,20.22374842,6,18.24828759,6,19.10497317,6.08276253,17.02938637,5.385164807,16.03121954,6.32455532,15.03329638,6,15,7.071067812,14,6.08276253,16.03121954,6.08276253,13.15294644,7.071067812,13.60147051,6.08276253,14.56021978,7.071067812,14.31782106
3.16227766,19.41648784,2,20,1.414213562,19.20937271,1,19.72308292,0,20.24845673,1,20,2.236067977,20,2.236067977,19.20937271,3.605551275,19.41648784,4.123105626,19.84943324,4,20,6,22.02271555,4.472135955,20,4.472135955,20.61552813,5.830951895,20.51828453,6.403124237,20.51828453,5.830951895,19.79898987,5.830951895,19.20937271,5.830951895,19.10497317,6.708203932,19.20937271,5.830951895,19.10497317,6.32455532,18.60107524,6.708203932,19.84943324,7.615773106,20.51828453,8.246211251,18.60107524,0,0
19.6468827,6.708203932,17.4642492,6.08276253,19.41648784,5.385164807,18.24828759,5.385164807,17.11724277,3.16227766,16,3.16227766,17,4.123105626,15.03329638,2.236067977,15.13274595,2.236067977,14.56021978,4.242640687,15.5241747,4.242640687,14.86606875,3.605551275,15.23154621,3.605551275,14.31782106,4.472135955,13.89244399,4.242640687,14.76482306,3.605551275,14.4222051,5,13.60147051,3.16227766,12.80624847,4.472135955,12.72792206,3.16227766,13.45362405,4.472135955,14.2126704,2.828427125,12.80624847,3.16227766,13.60147051,2.828427125,13.89244399,3.605551275,13.41640786,3.16227766
20.1246118,23.70653918,19.72308292,24.69817807,19.20937271,24.35159132,18.43908891,24.73863375,18.38477631,22.13594362,19.84943324,22.8035085,19.20937271,21.84032967,19.41648784,20.61552813,19.72308292,20.61552813,21.9544984,19.92485885,25.49509757,21.1896201,23.70653918,21.84032967,25.07987241,21.84032967,24.69817807,21.02379604,25.07987241,21.02379604,27.51363298,19.23538406,26.92582404,21.02379604,27.20294102,18.02775638,27.20294102,18.60107524,27.20294102,18.02775638,29.12043956,18.60107524,29.12043956,18.43908891,28.86173938,17.69180601,33.24154028,16.97056275,33.24154028,17.02938637,34.20526275,16.40121947
4,10.81665383,5.099019514,8.602325267,4,9.219544457,5.099019514,9.219544457,4.472135955,9.219544457,3.605551275,9.219544457,4.242640687,8.485281374,4.242640687,10,5,10.63014581,6.708203932,8.602325267,7.280109889,12.04159458,5.385164807,11.3137085,6.403124237,12.04159458,5.830951895,12.04159458,6.708203932,12.20655562,5.830951895,14.4222051,7.211102551,13.89244399,7.280109889,13.03840481,6.708203932,14.4222051,6.403124237,13.03840481,6.708203932,15.65247584,4.472135955,13.41640786,6.32455532,13.89244399,7.280109889,15.23154621,6.08276253,15.23154621,6.32455532,13.92838828
10.44030651,2,11.18033989,2.236067977,10,3,8.062257748,1,9.899494937,2.236067977,9.219544457,1.414213562,9.219544457,2.236067977,10,4,11.18033989,3,7.615773106,1.414213562,11.70469991,1,11.18033989,1,11.70469991,2.236067977,13.03840481,1.414213562,13.03840481,1,14.31782106,1,14.03566885,1,15.03329638,2.236067977,15.03329638,1,14.14213562,2.236067977,14.03566885,2.236067977,16.03121954,3.605551275,16.03121954,2.236067977,16.03121954,3.16227766,18,2.236067977,18.02775638,2.828427125
16.76305461,8.062257748,17.08800749,8.544003745,16.15549442,10.81665383,15.8113883,10.29563014,13.92838828,8.602325267,13.92838828,8.94427191,13.60147051,9.219544457,11.18033989,7.810249676,9.848857802,9.219544457,11.04536102,7.071067812,11.70469991,9.433981132,12.16552506,9.219544457,11.40175425,8.602325267,11.40175425,10,10.44030651,8.544003745,9.486832981,10.81665383,8.544003745,9.848857802,7.211102551,9.219544457,8.94427191,9.486832981,9.433981132,9.848857802,8.062257748,10.77032961,8.602325267,10.77032961,7.810249676,8.246211251,8.485281374,9.219544457,9.219544457,10.77032961,9.899494937,9.219544457
2.828427125,13.15294644,3.16227766,13.34166406,2.828427125,13.15294644,3.16227766,12.64911064,4.123105626,10.44030651,6.08276253,9.219544457,7.071067812,9.219544457,6.08276253,9.055385138,5,9.486832981,7.071067812,8.062257748,8,8.062257748,7.071067812,7.071067812,8.062257748,7.280109889,9,7.071067812,8,6.32455532,10,6.32455532,10,6.32455532,10.04987562,5.385164807,10,5.830951895,9.055385138,5.830951895,10.04987562,4.472135955,10,6.403124237,11.04536102,5.830951895,11.04536102,5.830951895,11.04536102,5.830951895,10.04987562,6.708203932
14.86606875,9.433981132,16.4924225,10,15.8113883,9.433981132,16.2788206,10.81665383,12.04159458,9.433981132,13.15294644,10,11.04536102,9.433981132,12.04159458,10,11.04536102,9.899494937,11.18033989,7.071067812,12.16552506,9.219544457,12,7.810249676,10.04987562,9.219544457,10,8.602325267,9.219544457,9.433981132,10.04987562,10.81665383,8,10.81665383,9,11.70469991,7,9.848857802,7,10.77032961,7.071067812,11.70469991,6,8.94427191,6.08276253,10.29563014,4.472135955,11.70469991,5.385164807,12.08304597,5.830951895,10.77032961
5.099019514,13.34166406,6.708203932,13.60147051,7.280109889,13.34166406,7,11.40175425,6.08276253,12.36931688,8.062257748,11.40175425,8.246211251,10.19803903,11,9.486832981,10.19803903,8.544003745,10.04987562,8.94427191,10.04987562,10.44030651,9.055385138,7.615773106,9.486832981,8.246211251,10.19803903,8.544003745,10.19803903,7.615773106,12.16552506,8.062257748,11.04536102,7.211102551,10.19803903,7.810249676,10.77032961,7.211102551,10.44030651,9.219544457,11.70469991,6.403124237,12.52996409,9.219544457,11.70469991,9.486832981,13,9.486832981,13.41640786,8.602325267,12.64911064,9.848857802
40.31128874,17.20465053,38.05259518,38.01315562,31.57530681,24.18677324,53.14132102,31.01612484,49.39635614,41.77319715,42.19004622,26.57066051,36.34556369,24.18677324,31.82766093,32.89376841,27.01851217,27.07397274,38.94868419,8.485281374,44.40720662,26.68332813,23.76972865,20.80865205,43.10452412,24,29.41088234,28.44292531,28.63564213,15.13274595,22.02271555,27.65863337,32.55764119,28.01785145,31.89043744,22.13594362,28.8444102,23.08679276,31.2409987,23.02172887,31.2409987,28.01785145,23.32380758,32.28002478,31.95309062,33.24154028,39.44616585,34.13209633,23.34523506,37.57658846,42.01190308,28.42534081
29.15475947,15.62049935,31.6227766,16.40121947,28.8444102,15.65247584,30.23243292,19.72308292,27.45906044,16.55294536,29.15475947,16.64331698,24.59674775,18.35755975,24.59674775,15.65247584,26.07680962,18.02775638,23.32380758,16.1245155,26.41968963,16.4924225,25.55386468,14.31782106,24.69817807,16.15549442,22.84731932,13,21.63330765,16.64331698,22.36067977,15.65247584,21.47091055,15.23154621,21.63330765,14.31782106,20.59126028,11.18033989,20.24845673,13,18.86796226,11.66190379,19.72308292,10.77032961,15.62049935,12.08304597,20.80865205,11.70469991,20.59126028,8.94427191,21.47091055,10.29563014
5.830951895,14.14213562,5,15.13274595,6.708203932,14.31782106,5.830951895,15.8113883,7.280109889,16.76305461,6.32455532,18.38477631,6,18.38477631,7.071067812,18.78829423,6.08276253,19.6977156,7.071067812,19.6977156,5.099019514,21.02379604,7.280109889,19.6977156,6.32455532,21.02379604,7.615773106,22.84731932,7.615773106,20.61552813,8.94427191,23.2594067,8.94427191,22.36067977,7.615773106,23.2594067,8.062257748,22.82542442,9.433981132,22.36067977,9.219544457,23.2594067,9.219544457,24.18677324,8.062257748,23.2594067,9.219544457,26.41968963,8.062257748,24.69817807,7.810249676,25.23885893
26.41968963,25.55386468,25.05992817,28.17800561,24.18677324,26.40075756,24.69817807,26.92582404,22.82542442,24.16609195,23.76972865,25.63201124,21.47091055,24.04163056,19.31320792,25.70992026,20.61552813,22.8035085,20.24845673,21.58703314,20.61552813,23.76972865,19.31320792,22.20360331,19.92485885,20.22374842,18.97366596,21.02379604,18.43908891,21.09502311,18.43908891,23.02172887,19.23538406,19.02629759,17.11724277,17.11724277,16.03121954,18,15.13274595,20.09975124,16,18.11077028,14.03566885,18.24828759,14.03566885,16.4924225,15.13274595,16.76305461,13.60147051,16.4924225,13.60147051,16.15549442
10.63014581,33.83784863,6.403124237,29.73213749,9.219544457,25.63201124,6.08276253,30.08321791,9.848857802,27.51363298,8.94427191,26,7.071067812,25.63201124,4.472135955,25.96150997,5.656854249,18.68154169,5.656854249,19.6468827,5.830951895,22.36067977,4.242640687,22.09072203,4.123105626,23.08679276,7.280109889,20.09975124,7.071067812,21.02379604,4.123105626,21.02379604,8,16,7,16.03121954,6.08276253,18,9.219544457,16,5.385164807,16,6.708203932,16.03121954,5.385164807,13,6.403124237,15.13274595,7.211102551,15.13274595,6.403124237,13.15294644
11.70469991,23.34523506,11.70469991,24.51530134,11.18033989,22.20360331,9.486832981,23.34523506,9.219544457,21.09502311,9.486832981,23.34523506,8.062257748,21.02379604,6,19.02629759,7.071067812,20.02498439,8.062257748,17,8.062257748,21.02379604,7,18.02775638,9.055385138,17.02938637,7.280109889,16.03121954,7.615773106,13.03840481,8.544003745,15.03329638,8.062257748,14.03566885,8.062257748,11.40175425,8.602325267,10,8.485281374,11.04536102,7.810249676,9.055385138,9.219544457,9.055385138,8.062257748,9.055385138,9.433981132,7,9.433981132,8,8.94427191,6
17.08800749,17.4642492,14.56021978,16.1245155,15.5241747,17.4642492,13.60147051,19.23538406,13.34166406,17.72004515,13.60147051,16.1245155,11.04536102,16.2788206,12.36931688,15.03329638,11.04536102,16,11.04536102,15.13274595,11.04536102,14,11.18033989,12,11.40175425,12,10.19803903,11.18033989,9.848857802,11,10.77032961,11.04536102,11.18033989,11,10.29563014,10.04987562,11.40175425,8.062257748,9.219544457,8.062257748,10.63014581,7.071067812,11.3137085,7,11.40175425,6,11.66190379,7,13.03840481,8,12.08304597,5
27.20294102,5.099019514,26.2488095,6.32455532,27.20294102,6.08276253,27.89265136,7.071067812,24.04163056,6,24.51530134,6.32455532,24.33105012,7.071067812,23.34523506,7.615773106,23.08679276,7.615773106,20.22374842,6.403124237,23.08679276,6.32455532,20.02498439,4.472135955,20.22374842,5.656854249,19.23538406,6.403124237,18,5,19.02629759,7.071067812,17.11724277,7.071067812,15.03329638,6.32455532,14.14213562,7.280109889,13.34166406,8.246211251,16.1245155,8.246211251,14.31782106,9.486832981,12.64911064,10.04987562,13.60147051,11.04536102,10.44030651,10.77032961,10.44030651,12.04159458
1,26.83281573,2.236067977,31.01612484,1,29.15475947,1,31.01612484,3.16227766,29.15475947,1,27.85677655,2.236067977,24.35159132,0,26.2488095,2,23.53720459,1,22.56102835,2.828427125,23.53720459,2.236067977,23.08679276,1,21.37755833,2.236067977,20.39607805,2.236067977,20.22374842,1.414213562,20.22374842,0,19.10497317,1,15,1.414213562,18,2.236067977,19.10497317,2.828427125,17,2,17.02938637,3,14.14213562,3,16,4.123105626,15.03329638,4,15.29705854
16.64331698,1,17.49285568,1,16.55294536,1.414213562,18.97366596,1,17,2.236067977,16.15549442,0,16.64331698,2.236067977,15.65247584,2.236067977,15.23154621,3.16227766,13.03840481,0,15.26433752,3.16227766,15.65247584,3.16227766,14.76482306,2,13.89244399,3.16227766,13.03840481,5.099019514,13.60147051,7,12.52996409,5.099019514,13.41640786,7.071067812,12.08304597,7.280109889,11.40175425,6,10.63014581,7,12.20655562,5.385164807,12.72792206,8,12.04159458,7.280109889,12.72792206,9.055385138,12.80624847,7
24.59674775,7.071067812,20.59126028,5.385164807,22.36067977,5.099019514,23.70653918,5.099019514,21.02379604,5.830951895,20.59126028,5,22.36067977,4.123105626,18.60107524,7.071067812,21.02379604,6.403124237,19.23538406,2.236067977,23.2594067,3.16227766,21.47091055,5.656854249,19.41648784,2.828427125,19.72308292,2.828427125,17.49285568,3.16227766,18.60107524,4.123105626,16.64331698,3.16227766,16.1245155,4.123105626,18.02775638,6,16.64331698,6,16.40121947,6,14.86606875,7.071067812,17.80449381,6.32455532,17.80449381,7.280109889,16.40121947,5.099019514,16.2788206,5.099019514
12.20655562,43.0464865,13.89244399,40.80441153,5.830951895,43.41658669,13.45362405,42.94182111,7.071067812,37.94733192,10.04987562,38.62641583,8.544003745,41.67733197,16.64331698,36.12478374,13.34166406,49.04079934,7.211102551,53.26349594,5,44.94441011,7.810249676,38.62641583,6.708203932,39.44616585,9.219544457,41.59326869,3.16227766,37.01351105,3.605551275,39.8246155,8.602325267,33.24154028,3.16227766,32.20248438,16.03121954,25,5.656854249,33.12099032,7.211102551,27.58622845,4.123105626,30.8058436,5,32.01562119,5.099019514,29.83286778,12.72792206,30.88689042,11.3137085,36.79673899
6,21.47091055,4.123105626,20.1246118,6.08276253,21.54065923,6.08276253,21.02379604,6.32455532,15.23154621,6.708203932,18.38477631,5.099019514,17.4642492,6.08276253,17.4642492,5.099019514,16.15549442,4.123105626,14.86606875,3.16227766,16.4924225,5.385164807,17.4642492,5,15.8113883,5.656854249,13.92838828,3,14.14213562,7.615773106,14.03566885,5.099019514,15.13274595,5,11.40175425,2.828427125,13.15294644,2.236067977,12.16552506,7.071067812,10.44030651,5,12.04159458,5,11.18033989,8.544003745,11.40175425,6.08276253,11.70469991,6.08276253,11.18033989
6.08276253,24.69817807,8.062257748,24.18677324,7.071067812,24.69817807,10,24.59674775,8.062257748,21.09502311,9.055385138,22.82542442,7,22.36067977,6,21.02379604,6,20.1246118,5.099019514,18.78829423,5.099019514,19.92485885,6.08276253,20.88061302,5.099019514,21.1896201,5.099019514,18.38477631,4.472135955,17.4642492,5.099019514,19.41648784,4.472135955,17.08800749,3.605551275,15.29705854,2.828427125,17.72004515,3.605551275,15.5241747,4.242640687,13.03840481,4,13.34166406,4.123105626,14.14213562,5,14.56021978,5.099019514,14.31782106,7.071067812,15.13274595
20.1246118,20.24845673,21.09502311,20,19.41648784,20,22.47220505,20.80865205,18.60107524,18.43908891,19.6977156,21.09502311,20.1246118,20.24845673,17.88854382,19.41648784,19.6977156,17,16.4924225,18.35755975,19.31320792,19.41648784,18.02775638,18.02775638,18.38477631,17.4642492,17,18.02775638,16.55294536,14.86606875,14.76482306,16.55294536,17,16.55294536,16.1245155,13.60147051,14.31782106,15.23154621,14.31782106,15.23154621,13.89244399,14.31782106,14.31782106,15.5241747,11.66190379,12.08304597,12.52996409,13.89244399,10.29563014,15.8113883,13.41640786,14.56021978
17.02938637,28.01785145,18.02775638,30.23243292,15.55634919,30,15.62049935,28.63564213,15.55634919,27.45906044,15.8113883,28.01785145,14.2126704,28.17800561,13.60147051,27.78488798,12.04159458,24.59674775,12.20655562,23.70653918,16.40121947,26.83281573,15,25.49509757,13.60147051,25.07987241,12.20655562,22.82542442,12.20655562,24.18677324,13.89244399,24.16609195,14.4222051,24.16609195,11.18033989,22.36067977,10.81665383,20.1246118,9.433981132,20.59126028,11.66190379,20.1246118,11.18033989,19.23538406,11.18033989,17.4642492,13.03840481,20.59126028,11.70469991,19.72308292,12.64911064,20.1246118
16.55294536,26.62705391,15.65247584,27.45906044,19.23538406,26.92582404,19.6977156,26.62705391,17.49285568,25,15.65247584,25.8069758,17.49285568,24.41311123,16.55294536,23.02172887,17,25,15.23154621,23.60084744,17.08800749,27.01851217,17,23.02172887,14.86606875,21.63330765,13.41640786,21.63330765,12.08304597,20.80865205,14.76482306,21.09502311,13.89244399,22.20360331,10.77032961,18.86796226,12.52996409,20.59126028,13,19.72308292,13.41640786,19.23538406,10.29563014,20.59126028,10.77032961,17.49285568,10.63014581,17.49285568,10.29563014,22.36067977,10.81665383,17.88854382
1,30.61045573,2.236067977,30.47950131,1,30.47950131,3,28.8444102,3.16227766,27.01851217,2,28.3019434,3.16227766,31.40063694,3.605551275,29.83286778,2.828427125,26.40075756,3,25.23885893,4.123105626,29.41088234,3,26.62705391,3,26.40075756,3.16227766,26.40075756,3.16227766,25.23885893,3.605551275,25.61249695,4.242640687,27.20294102,2.236067977,23.43074903,4.242640687,24.20743687,2.828427125,22.02271555,4.242640687,22.8035085,2,24.08318916,1.414213562,22.20360331,3,24.20743687,1,24.20743687,1.414213562,23.60084744
19.10497317,25,19.84943324,24.69817807,19.84943324,25.8069758,21.21320344,27.78488798,18.38477631,24.69817807,19.84943324,25.61249695,19.10497317,25.8069758,17.69180601,24.41311123,16.40121947,26.07680962,17.69180601,21.47091055,18.38477631,24.69817807,19.84943324,22.82542442,18.38477631,21.9544984,18.43908891,23.02172887,17.69180601,22.82542442,16.2788206,24.69817807,16.2788206,21.63330765,17.69180601,19.72308292,16.97056275,21.47091055,15.55634919,21.09502311,15.55634919,21.40093456,16.97056275,20.80865205,17.69180601,20.24845673,16.97056275,20.24845673,16.2788206,18.86796226,16.97056275,22.20360331
23.02172887,12.04159458,24.75883681,10.29563014,24.41311123,12.72792206,24.18677324,13.45362405,22.20360331,15,21.09502311,12.04159458,22.8035085,10.63014581,20.59126028,10,23.02172887,10.63014581,20.24845673,9.219544457,21.63330765,10.63014581,21.09502311,12.04159458,19.41648784,12.72792206,20.59126028,10.63014581,20.24845673,12.04159458,20,13.60147051,21.63330765,11.3137085,17.80449381,8.485281374,19.72308292,9.219544457,18.35755975,11.40175425,18.60107524,10,16.1245155,11.40175425,17.49285568,10.63014581,17.20465053,11.40175425,18.35755975,13.03840481,19.72308292,9.899494937
18.86796226,13.45362405,20.1246118,14.2126704,20.61552813,13.03840481,21.02379604,12.72792206,17,10.63014581,16.64331698,13.60147051,18.35755975,13.60147051,18.78829423,11.40175425,17.4642492,11.3137085,16.1245155,12.04159458,17.88854382,12.20655562,17.49285568,13.60147051,16.15549442,12.04159458,16.1245155,13.45362405,14.4222051,11.40175425,16.64331698,11.40175425,15.26433752,10.29563014,15.26433752,10.63014581,14.4222051,10,13.89244399,10,13.60147051,11.18033989,13.60147051,10.81665383,11.40175425,11.18033989,13.60147051,11.3137085,14.4222051,10.81665383,14.2126704,10.81665383
23.02172887,3.16227766,23.60084744,1,24.41311123,3.605551275,24.18677324,4,22.47220505,2,23.60084744,4,23.60084744,2.828427125,22.47220505,1.414213562,21.63330765,4.123105626,23.32380758,1.414213562,23.02172887,3.16227766,21.9544984,1,20.59126028,1.414213562,20.59126028,2,20,1,20.24845673,3.16227766,19.20937271,2.828427125,17.20465053,1.414213562,20.24845673,2.236067977,18.35755975,0,17.20465053,2.236067977,18.02775638,2,18.60107524,1.414213562,20.24845673,2,18.02775638,2.236067977,19.41648784,2
11.70469991,14.76482306,11.70469991,14.4222051,11.70469991,16.1245155,12.36931688,17,10.44030651,14.4222051,8.94427191,14.76482306,8.544003745,16.1245155,9.848857802,12.52996409,9.486832981,12.64911064,12.20655562,12.08304597,10.29563014,13,9.433981132,11.70469991,9.219544457,12.52996409,9.219544457,13,9.219544457,10.77032961,8.485281374,11.70469991,8.602325267,11.70469991,8.485281374,9.848857802,8.602325267,10.19803903,10.63014581,12.08304597,8.544003745,10.44030651,10,11.70469991,8.062257748,8.94427191,10.29563014,9.486832981,10.29563014,9.486832981,9.848857802,8.544003745
23.70653918,13.60147051,24.41311123,14.2126704,24.59674775,15,25.94224354,15,21.9544984,13.45362405,26.62705391,12.80624847,25,11.40175425,24.18677324,11.40175425,23.60084744,12.04159458,23.32380758,12.80624847,23.70653918,14.2126704,22.36067977,11.40175425,21.09502311,14.14213562,21.63330765,14.4222051,24.18677324,10.63014581,21.9544984,12.04159458,22.36067977,11.3137085,21.9544984,10.63014581,18.60107524,13.45362405,18.02775638,7.810249676,20.80865205,11.3137085,19.20937271,10,16.40121947,9.219544457,15.55634919,11.3137085,15.62049935,14.4222051,18.02775638,11.66190379
25,6.403124237,25.55386468,8.602325267,28.01785145,5.830951895,28.3019434,7.615773106,25.23885893,3.16227766,24.69817807,5.099019514,26.62705391,5,24.69817807,4.242640687,25.61249695,4.242640687,21.47091055,4.242640687,25.55386468,3.605551275,24.18677324,4.123105626,21.40093456,6.32455532,24.41311123,3.605551275,24.18677324,4.472135955,23.32380758,5.385164807,22.82542442,3,17.80449381,3.605551275,19.41648784,4.123105626,22.36067977,3,17.20465053,6.08276253,19.20937271,3.605551275,18.86796226,2.236067977,21.9544984,4.472135955,22.82542442,3,17.80449381,6.08276253
19.41648784,26.2488095,19.84943324,24.69817807,19.10497317,24.41311123,19.84943324,27.29468813,16.2788206,25.23885893,18.60107524,25.8069758,17.02938637,25.55386468,17.69180601,24.69817807,15.62049935,23.85372088,15,21.63330765,17.02938637,24.69817807,16.64331698,23.70653918,15,22.47220505,15.55634919,22.82542442,14.76482306,24.18677324,15.8113883,23.32380758,14.76482306,22.82542442,13.03840481,20.24845673,13.60147051,18.35755975,14.2126704,18.78829423,12.80624847,17.49285568,15.65247584,18.86796226,12.20655562,17.49285568,15.8113883,18.02775638,13.89244399,18.35755975,13.41640786,19.72308292
7.211102551,17.4642492,6.403124237,18.78829423,7.211102551,18.38477631,5.656854249,18.38477631,5,17.49285568,6.708203932,17.08800749,5,17.4642492,6.403124237,15.65247584,3.605551275,17,7.071067812,15.26433752,4.472135955,16.55294536,5.830951895,15.8113883,6,14.31782106,4.123105626,12.52996409,4.123105626,14.86606875,6.08276253,14.86606875,6,14.76482306,5,14.31782106,5.099019514,14.4222051,5.385164807,13.60147051,6.08276253,11.40175425,6.32455532,13.03840481,5.830951895,11.3137085,7.615773106,11.40175425,7.280109889,14.4222051,5.830951895,13.45362405
14.86606875,13.60147051,14.56021978,14.76482306,16.76305461,13.89244399,16.76305461,13.89244399,14.56021978,13.03840481,13.92838828,13.41640786,16.15549442,13,14.86606875,11.18033989,14.56021978,10.77032961,14.86606875,12.16552506,14.56021978,11.40175425,13,12.36931688,13.60147051,12.04159458,14.56021978,11.18033989,13,11,11.40175425,11,10.77032961,10.19803903,9.486832981,10.04987562,10.44030651,10.19803903,8.94427191,11.04536102,9.486832981,9.433981132,11.70469991,10.44030651,8.94427191,10.77032961,8.544003745,10.77032961,10.29563014,9.848857802,10.29563014,10
19.20937271,21.02379604,18.86796226,20.1246118,19.20937271,20.1246118,20.80865205,21.1896201,19.72308292,20.1246118,18.86796226,21.1896201,16.64331698,18.78829423,15.65247584,20.61552813,17.49285568,19.31320792,16.64331698,19.23538406,17.88854382,20.88061302,14.76482306,18.78829423,13.92838828,18.38477631,13.92838828,15.8113883,13.92838828,14.86606875,15.5241747,15.8113883,14.56021978,16.1245155,12.36931688,14.31782106,14.14213562,14.56021978,11,13.41640786,12.04159458,12.08304597,13.34166406,12.52996409,11.40175425,12.52996409,10.04987562,14.31782106,12.04159458,13.41640786,11,12.52996409
5,26.62705391,5,28.60069929,7.280109889,27.78488798,7.280109889,28.8444102,5,26.62705391,7.280109889,28.01785145,5.099019514,26.62705391,6.32455532,26.07680962,5.385164807,27.29468813,5.385164807,25.05992817,4.123105626,26.83281573,6.08276253,24.59674775,7.071067812,23.85372088,6,25.94224354,3,21.9544984,5.099019514,23.70653918,5.385164807,21.47091055,3,21.47091055,3.605551275,21.47091055,3.16227766,19.31320792,2.828427125,19.6977156,3,19.6977156,4.242640687,17,1,18.78829423,3.605551275,19.92485885,3.605551275,18.38477631
36.89173349,23.32380758,37.73592453,22.47220505,38.58756276,21.40093456,38.47076812,22.47220505,36.7151195,20,37.12142239,20.80865205,36.67424164,17.80449381,34.88552709,18.60107524,34.43835072,16.40121947,32.20248438,16.64331698,34.92849839,17.80449381,32.31098884,17.20465053,31.95309062,17.20465053,29.15475947,16.40121947,29.15475947,15,31.01612484,15.8113883,29.41088234,15,24.35159132,14.2126704,25.96150997,14.4222051,25.96150997,13.60147051,24.73863375,14.4222051,24.51530134,13.03840481,21.37755833,13.41640786,24.33105012,14.76482306,22.09072203,14.76482306,22.09072203,13.41640786
14.2126704,32.44996148,15,34.98571137,14.31782106,32.24903099,16.4924225,33.12099032,13.92838828,31.76476035,15.8113883,31.38470965,18.02775638,28.17800561,16.76305461,27.73084925,15,27.31300057,15.23154621,31.82766093,16.15549442,30.52867504,16.1245155,26.92582404,14,27.29468813,12,25.05992817,15.03329638,24.59674775,13.15294644,25.49509757,14.31782106,24.69817807,10.04987562,21.02379604,9,23.08679276,11.04536102,21.84032967,10,19.92485885,10.19803903,19.92485885,8.062257748,18.43908891,7.071067812,20.39607805,8.246211251,19.23538406,9,20.09975124
23.85372088,10.29563014,24.18677324,13.41640786,23.02172887,12.64911064,21.9544984,13.60147051,20.80865205,12.64911064,21.63330765,12.64911064,19.41648784,13.92838828,18.86796226,12.36931688,17.88854382,13.15294644,17.49285568,11.18033989,19.72308292,11.18033989,18.78829423,11.18033989,17.88854382,11.04536102,17.88854382,9.219544457,15.65247584,10.19803903,15.65247584,11.04536102,15.23154621,10.04987562,14.31782106,8,14.86606875,8.062257748,13,9,13,8,13.60147051,9,13.34166406,7.071067812,13.34166406,6,14.31782106,6,13.15294644,6
2.828427125,32.75667871,3.16227766,33.83784863,4.472135955,33.61547263,4.123105626,35.35533906,5.385164807,31.90611227,8.246211251,31.76476035,6,30.01666204,6,29.06888371,7,29.06888371,5.099019514,26.40075756,8.062257748,29.06888371,7,28.23118843,8,27.85677655,6.08276253,25.07987241,5,24.69817807,6.08276253,25.63201124,6.08276253,24.69817807,4.123105626,22.84731932,3.16227766,22.13594362,3.605551275,23.08679276,4.123105626,20.88061302,4,21.21320344,3.16227766,18.24828759,4.123105626,21.37755833,3.16227766,18.11077028,2,19.10497317
17.80449381,29.68164416,16.40121947,30.01666204,15,31.38470965,14.86606875,31.30495168,13.60147051,31.06444913,14.4222051,29.15475947,14.2126704,27.78488798,14.14213562,26.83281573,11.40175425,27.73084925,12.20655562,24.69817807,14.86606875,26.92582404,14.4222051,26.57066051,11.3137085,26.57066051,12.04159458,24.04163056,10.81665383,24.35159132,12.80624847,24.73863375,11.40175425,23.08679276,11.40175425,19.92485885,12.20655562,21.37755833,10.81665383,20.39607805,9.486832981,19.41648784,10.77032961,17.11724277,9.486832981,17.2626765,10.77032961,18.24828759,8.94427191,19.10497317,9.848857802,20
1,31.06444913,1,31.90611227,2.236067977,31.90611227,2,32.64965543,2,31.06444913,1,31.30495168,4.123105626,29.52964612,3,27.73084925,4,28.23118843,2,25.49509757,3.16227766,29.06888371,2.236067977,27.31300057,2.236067977,24.35159132,2.828427125,24.69817807,4.242640687,24.35159132,5.385164807,24.04163056,4.472135955,23.08679276,2.828427125,20.88061302,3.605551275,22.13594362,4.242640687,20.61552813,2.828427125,20.61552813,4.472135955,19.10497317,4.472135955,18.43908891,3.16227766,19.10497317,3.605551275,19.02629759,3.16227766,18.02775638
10,27.29468813,10,28.3019434,10.63014581,28.65309756,7.211102551,29.54657341,6.403124237,27.29468813,8.602325267,26.83281573,6.403124237,26.83281573,6.403124237,23.76972865,7.810249676,23.40939982,7.211102551,21.58703314,7.071067812,24.04163056,7.211102551,21.84032967,7.071067812,21.58703314,5.830951895,20.39607805,5.656854249,20.61552813,8.062257748,21.21320344,7.211102551,21.09502311,5.830951895,17,9.219544457,19.10497317,7.071067812,18,7.211102551,18.02775638,7.211102551,17.02938637,5.830951895,15.03329638,4.472135955,17.2626765,5.385164807,17.11724277,3.16227766,17.2626765
18.35755975,17.80449381,19.41648784,17.20465053,18.35755975,17.49285568,18.35755975,17.88854382,16.55294536,16.1245155,16.64331698,17.88854382,15.65247584,18.38477631,15.26433752,16.55294536,12.52996409,16.76305461,13.41640786,14.86606875,14.76482306,15.8113883,14.31782106,15.5241747,13.41640786,16.2788206,14.76482306,13.34166406,12.08304597,15.29705854,14.31782106,14.03566885,12.08304597,15.03329638,12.52996409,11,11.70469991,13,13,12.36931688,11.40175425,11.04536102,11.70469991,12,8.544003745,11.18033989,10.19803903,12.36931688,11.18033989,12.16552506,9.219544457,12.36931688
14.76482306,27.80287755,17,27.45906044,16.1245155,27.20294102,17.4642492,29.06888371,12.52996409,25.55386468,14.31782106,27.29468813,13,26.83281573,12.52996409,26.40075756,11.66190379,22.36067977,12.08304597,24.18677324,12.20655562,26,13.03840481,23.76972865,12.04159458,23.08679276,10,23.40939982,9.433981132,22.8035085,11.3137085,21.84032967,9.219544457,22.36067977,8.485281374,18.43908891,10,20.39607805,11.40175425,19.10497317,8.602325267,19.10497317,9.219544457,19.02629759,8.062257748,16.03121954,9.433981132,18.02775638,8.062257748,18,9.848857802,19
17.88854382,25.23885893,20.1246118,29.68164416,15,26.83281573,17.88854382,31.30495168,14.4222051,26.92582404,15.65247584,27.29468813,13,25.49509757,12.72792206,25.05992817,11.40175425,28.01785145,18.02775638,29.06888371,14.2126704,25.63201124,14.76482306,22.47220505,12.04159458,26.47640459,10.63014581,24.51530134,11.40175425,23.53720459,10.81665383,23.08679276,9.899494937,22.36067977,10.81665383,18.43908891,12.04159458,19.23538406,11.66190379,17.2626765,8.062257748,15,10.29563014,17,9.899494937,16.03121954,10,18.02775638,8.246211251,17.11724277,9.433981132,15.29705854
22.47220505,25.23885893,22.82542442,25.55386468,23.02172887,26.41968963,21.63330765,27.73084925,19.72308292,26.62705391,20.59126028,25.05992817,21.09502311,24.59674775,19.23538406,24.16609195,18.86796226,23.08679276,16.55294536,21.1896201,16.55294536,25.07987241,17.49285568,24.04163056,17.88854382,25.29822128,15.8113883,21.58703314,15.65247584,19.92485885,14.76482306,21.37755833,15.26433752,18.43908891,15.23154621,17.11724277,15.65247584,22.09072203,14.76482306,19.02629759,14.31782106,16.03121954,14.31782106,16.1245155,14.31782106,15.03329638,11.70469991,16.03121954,14.56021978,16.03121954,12.08304597,15.03329638
63.63175308,27.45906044,71.69379332,35.38361203,68.24221567,31.89043744,58.30951895,20.61552813,63.0634601,29.20616373,68.9492567,38.28837944,67.67569726,26.92582404,53.60037313,21.63330765,69.64194139,53.85164807,59.36328832,41.18252056,64.56004957,26.92582404,60.40695324,25.45584412,66.48308055,26.2488095,57.70615219,16.55294536,53.46026562,23.43074903,59.41380311,28.60069929,51.92301994,19.92485885,39.56008089,22.47220505,36.22154055,12.08304597,42.10700654,28.63564213,41.30375286,24.51530134,37.05401463,28.23118843,35.35533906,25.3179778,38.05259518,21.02379604,39.05124838,26.01922366,34.0147027,19.92485885
7.211102551,28.3019434,8.544003745,28.3019434,7.810249676,27.45906044,9.055385138,28.65309756,7.280109889,25.49509757,7.615773106,27.29468813,8.544003745,25.49509757,9.219544457,25.05992817,9.219544457,23.2594067,6.32455532,23.2594067,10.19803903,24.69817807,8.062257748,24.69817807,6,21.84032967,7.280109889,21.84032967,6.08276253,20.88061302,8,21.1896201,7.071067812,20.61552813,5.099019514,17.2626765,5,19.41648784,4.123105626,19.23538406,5,18.24828759,6,16.1245155,4.123105626,16.2788206,6,18.11077028,5.099019514,17.11724277,5,16
31.6227766,15.65247584,32.20248438,17,33.01514804,16.1245155,31.76476035,17.20465053,30.52867504,13.89244399,31.06444913,15,30.88689042,15,29.52964612,14.4222051,30.88689042,12.80624847,27.73084925,12.08304597,29.96664813,14.4222051,28.23118843,14.4222051,26.40075756,11.40175425,26.40075756,11.3137085,25.49509757,11.40175425,28.23118843,12.04159458,26,10,21.54065923,12.80624847,23.40939982,11.66190379,21.54065923,11.40175425,23.08679276,10.29563014,23.08679276,9.899494937,20.61552813,10.81665383,21.58703314,10,22.36067977,8.485281374,21.37755833,9.848857802
5.099019514,28.3019434,5.385164807,28.65309756,4.123105626,29.15475947,3.16227766,27.73084925,3.16227766,26.83281573,4.123105626,26.83281573,2.236067977,24.16609195,2.236067977,25.07987241,4.123105626,23.40939982,3.605551275,25.49509757,4.472135955,25.29822128,4.472135955,25,3.605551275,22.36067977,1.414213562,20.39607805,1.414213562,21.21320344,2.236067977,20.39607805,1,20.22374842,1.414213562,18.24828759,1.414213562,20.02498439,2.236067977,19,2,17.02938637,1.414213562,19.02629759,2,16.03121954,1,17,2.236067977,18.11077028,3.16227766,16.1245155
23.85372088,14.4222051,25.05992817,15.26433752,25.55386468,14.76482306,24.16609195,15.65247584,22.82542442,12.52996409,24.16609195,12.52996409,23.76972865,12.08304597,21.1896201,11.18033989,22.47220505,10.77032961,19.6977156,11.18033989,22.47220505,12.08304597,21.58703314,11.40175425,19.41648784,12.08304597,18.43908891,10.44030651,18.11077028,9.055385138,19.10497317,11.40175425,19.23538406,11.04536102,16.1245155,8.062257748,17.02938637,10.04987562,16.03121954,9.055385138,15.13274595,9.055385138,14,8,13,7.071067812,15.03329638,9.219544457,14,10.19803903,13,8.544003745
34.66987165,2.828427125,34.98571137,2.828427125,34.66987165,3,34,3,33.12099032,2,32.64965543,2.236067977,33.54101966,3.605551275,29.52964612,2.828427125,30.41381265,4.472135955,29.06888371,3.605551275,31.76476035,5.385164807,30.46309242,4.242640687,29.15475947,2.236067977,27.31300057,3.605551275,23.76972865,3.16227766,26.57066051,3.16227766,26.2488095,3.16227766,21.1896201,3,23.08679276,3,22.8035085,2,20.61552813,2,22.36067977,3,18.68154169,2,19.41648784,2,20.09975124,1,20.09975124,2.236067977
11.40175425,31.38470965,13.03840481,34.13209633,11.70469991,33.61547263,14.31782106,33.54101966,13.89244399,30.01666204,13,31.90611227,14.76482306,30.88689042,13.60147051,28.3019434,13.92838828,29.15475947,9.486832981,28.3019434,13.60147051,27.73084925,12.16552506,28.63564213,12.36931688,27.31300057,11.18033989,25.49509757,11.18033989,24.69817807,12.36931688,25.94224354,12.16552506,22.84731932,8.246211251,22.84731932,9,23.76972865,10.19803903,19.92485885,10,18.97366596,8.062257748,19.92485885,8.246211251,17.4642492,8.062257748,19.6468827,9.055385138,18.43908891,8.246211251,20.39607805
30.23243292,7.280109889,32.44996148,5.830951895,33.28663395,5.385164807,32.64965543,5,30.23243292,3.605551275,30.01666204,2.236067977,30.01666204,3.16227766,27.29468813,4.242640687,30.41381265,4.472135955,25.07987241,6.403124237,25.05992817,5.099019514,23.2594067,3.605551275,27.85677655,4.123105626,21.9317122,5.099019514,21.9317122,2,22.84731932,2.828427125,24.04163056,4.472135955,23.08679276,4.123105626,24.73863375,4.242640687,21.58703314,5,19.6468827,4.472135955,21.37755833,3.16227766,19.41648784,5,20.22374842,3.605551275,18.24828759,2.236067977,20.09975124,3.16227766
16.55294536,27.45906044,16.1245155,25.23885893,17.88854382,24.08318916,17.88854382,25.05992817,13.60147051,26.07680962,17.88854382,27.78488798,8.602325267,21.09502311,11.66190379,21.9317122,14.76482306,26.2488095,7.810249676,21.09502311,14.31782106,25.63201124,13.03840481,21.9317122,10.81665383,21.9317122,11.66190379,21.9317122,11.18033989,20.24845673,11.66190379,18.97366596,11.18033989,20.24845673,10.81665383,19.6468827,11.70469991,18.24828759,7.211102551,18.68154169,9.486832981,19.23538406,11.70469991,20.22374842,7.071067812,16.1245155,7.615773106,16.1245155,10.77032961,17.02938637,8.94427191,16.03121954
30.01666204,2.236067977,31.76476035,0,29.41088234,3.16227766,30.41381265,2,26.92582404,3,28.17800561,3.16227766,28.17800561,3.605551275,25.05992817,3,24.69817807,5.385164807,24.16609195,4.242640687,26.92582404,5,25.29822128,4.242640687,22.13594362,5.656854249,23.08679276,3.605551275,20.88061302,3.605551275,21.84032967,5,21.84032967,3.605551275,18.43908891,4.472135955,21.21320344,2.236067977,20.09975124,5.385164807,17.2626765,4.472135955,18.11077028,4.472135955,17,4.242640687,19,3.605551275,17,4,17.11724277,4.472135955
9.899494937,26.41968963,9.433981132,27.78488798,10.63014581,26.83281573,12.08304597,26.40075756,10.29563014,24.16609195,11.18033989,24.59674775,12.20655562,23.76972865,9.848857802,21.9317122,10.44030651,22.84731932,10.29563014,22.82542442,11.18033989,22.84731932,11.18033989,21.1896201,10.04987562,21.02379604,9.055385138,18.97366596,9,18.38477631,11.18033989,20.24845673,11.04536102,18.02775638,9.219544457,16.4924225,8,18.97366596,9.219544457,15.5241747,8.246211251,17.4642492,8.062257748,14.31782106,7.615773106,14.03566885,8.544003745,15.13274595,10.19803903,15.03329638,8.062257748,14
28.01785145,18.86796226,28.8444102,19.72308292,27.45906044,21.47091055,27.78488798,21.47091055,25.23885893,19.23538406,24.59674775,19.23538406,22.82542442,19.72308292,23.32380758,18.38477631,22.82542442,18.02775638,21.09502311,16.76305461,22.82542442,19.41648784,23.76972865,18.43908891,21.9317122,18.24828759,20.1246118,18.24828759,20.1246118,17.4642492,21.9317122,18.02775638,21.9317122,17.2626765,19.23538406,15,18.38477631,13.03840481,19.6977156,14,15.65247584,13.03840481,18.02775638,15.29705854,15.8113883,11.04536102,17.2626765,14.14213562,16.4924225,12.16552506,15.5241747,12.04159458
13,27.20294102,11.66190379,25.55386468,11.66190379,27.45906044,11.18033989,29.06888371,9.433981132,25.49509757,12.04159458,26.92582404,8.602325267,26.41968963,9.219544457,24.16609195,7.211102551,23.70653918,9.486832981,22.82542442,9.219544457,25.29822128,8.062257748,21.02379604,7.211102551,21.84032967,8.485281374,22.8035085,8.602325267,21.58703314,9.219544457,25.49509757,10.29563014,20.22374842,10.29563014,18.43908891,9.433981132,20.22374842,4.123105626,16.1245155,7.211102551,15.03329638,5.099019514,16.03121954,10.81665383,16,5.830951895,17.02938637,9.433981132,16.03121954,8.062257748,15.03329638
31.6227766,11.18033989,31.38470965,13.41640786,30.52867504,15.23154621,31.06444913,12.64911064,31.06444913,12.64911064,32.20248438,14.14213562,32.64965543,11.70469991,26.83281573,13.60147051,26.40075756,12.16552506,23.32380758,14.14213562,27.73084925,13.03840481,25.07987241,12,26,11,23.76972865,10.04987562,22.47220505,11.04536102,21.54065923,10.04987562,21.54065923,11.18033989,21.1896201,8.246211251,23.08679276,11.18033989,19.92485885,9.486832981,19.92485885,9.486832981,20.61552813,8.544003745,18.68154169,8.062257748,19.23538406,8.062257748,20.22374842,9.486832981,18.11077028,8.94427191
1.414213562,32.01562119,3,35.51056181,1,35.35533906,3.605551275,35.35533906,2.236067977,31.38470965,2.828427125,33.12099032,1.414213562,34,3.16227766,31.78049716,3.16227766,31.01612484,3,30.08321791,2.236067977,32.31098884,2.828427125,28.23118843,5.656854249,29.12043956,3,28.46049894,1.414213562,26.92582404,3.16227766,27.51363298,5.099019514,25.70992026,2.236067977,21.37755833,4.123105626,22.56102835,2.828427125,21.84032967,2,22.56102835,3,20.22374842,3.605551275,21.37755833,2.828427125,21.21320344,1.414213562,22.02271555,1.414213562,20.02498439
25.23885893,15.8113883,24.18677324,16.1245155,25.05992817,16.1245155,25.49509757,17,23.70653918,14.31782106,23.32380758,14.76482306,24.16609195,13.89244399,22.36067977,12.08304597,23.76972865,11.18033989,21.1896201,13.92838828,22.56102835,13,22.8035085,12.64911064,20.61552813,13,20.88061302,11.70469991,18.43908891,12.64911064,19.31320792,11.70469991,18.43908891,10.44030651,17.2626765,10.19803903,16.1245155,11.18033989,17.11724277,9.055385138,15.13274595,10.19803903,17.11724277,8.246211251,16.03121954,9.219544457,15.03329638,10.04987562,16,10.04987562,15.29705854,9.055385138
17.20465053,21.63330765,16.64331698,22.36067977,17,22.82542442,15,24.16609195,16.1245155,21.47091055,16.1245155,21.9317122,13.89244399,22.82542442,14.76482306,21.54065923,13.41640786,20.88061302,13,19.92485885,15.23154621,18.97366596,13,19.6468827,13,18.97366596,12.64911064,18.43908891,11.40175425,18.43908891,12.16552506,18.24828759,12.04159458,16.2788206,13.15294644,17.2626765,11.40175425,16.1245155,11.40175425,14.14213562,10.19803903,15,9.055385138,14.14213562,10.04987562,13.15294644,10.04987562,14.14213562,10.04987562,14.03566885,11,13.03840481
9.219544457,26.41968963,7.615773106,23.85372088,8.062257748,24.18677324,8.544003745,24.16609195,9.486832981,23.2594067,8.544003745,21.47091055,10.77032961,21.47091055,9.486832981,20.1246118,10.44030651,19.6977156,6.708203932,20.61552813,9.055385138,19.6468827,7,20.88061302,7.280109889,19.6468827,8.062257748,18.68154169,7,18.43908891,7.071067812,18.24828759,8.062257748,15.29705854,7.071067812,14.56021978,5.099019514,17.2626765,7.071067812,16.1245155,5.099019514,14.03566885,5.099019514,14.14213562,4,13,4,14.03566885,5,15,4.123105626,13.03840481
24.18677324,10.81665383,23.32380758,9.848857802,22.82542442,11.18033989,23.32380758,12.08304597,21.9317122,10.44030651,22.36067977,8.94427191,21.47091055,10.77032961,19.6977156,9.433981132,20.24845673,10.77032961,18.68154169,10.77032961,20.88061302,10.44030651,18.97366596,8.246211251,17.4642492,9.219544457,17.72004515,9.486832981,16.2788206,9.219544457,18.43908891,9.219544457,17.2626765,8.062257748,16.03121954,9.055385138,15.03329638,7.071067812,15.03329638,7.071067812,14,7,15.03329638,7.071067812,12.16552506,5,13.15294644,7,14.14213562,6.08276253,13.15294644,5
22.82542442,14.4222051,24.59674775,15,23.2594067,14.2126704,24.69817807,13.60147051,22.84731932,13.60147051,22.84731932,13.03840481,22.84731932,12.80624847,21.1896201,11.18033989,21.1896201,10.81665383,18.43908891,11.70469991,21.58703314,13,21.58703314,10.77032961,19.41648784,11.70469991,20.22374842,9.486832981,18.24828759,9.219544457,17.2626765,11.18033989,17.02938637,9.055385138,15.13274595,9,16.03121954,12.04159458,15,11,14,8.062257748,13.03840481,11.04536102,13.03840481,9,13.03840481,10.19803903,13,9.486832981,15.03329638,9.486832981
27.45906044,4.242640687,26.92582404,2.828427125,26.07680962,3.605551275,28.17800561,2.828427125,24.59674775,3.605551275,25.05992817,4.472135955,23.70653918,3.16227766,22.84731932,2.236067977,23.40939982,4.123105626,22.13594362,4.123105626,23.40939982,4.123105626,22.8035085,4.123105626,21.84032967,2.236067977,20.88061302,2.236067977,19.6468827,2.236067977,21.37755833,2.236067977,20.61552813,2.236067977,17.2626765,3.605551275,17.11724277,4.123105626,17.11724277,2.828427125,16.2788206,2.236067977,17.02938637,4,14,2,15.03329638,3,16,2,17.02938637,2.236067977
9.219544457,32.44996148,8.94427191,32.75667871,8.94427191,32.24903099,9.486832981,30.41381265,10.44030651,30.52867504,9.433981132,29.52964612,11.70469991,29.52964612,11.40175425,29.15475947,10.29563014,26.83281573,8.94427191,24.59674775,8.062257748,29.52964612,8.544003745,28.63564213,9.219544457,28.7923601,8.246211251,26.57066051,9.486832981,23.40939982,8.544003745,25.63201124,7.280109889,23.08679276,7.071067812,19.92485885,5.099019514,22.36067977,7.071067812,22.36067977,6.32455532,20.22374842,5.830951895,21.37755833,6,20.09975124,6.08276253,20.39607805,8.246211251,21.21320344,7.280109889,21.09502311
4.123105626,33.01514804,3.16227766,31.90611227,1,33.28663395,2,34.43835072,3,31.76476035,2,31.90611227,2.236067977,31.76476035,2.236067977,30.01666204,4,27.29468813,4,27.51363298,2.236067977,30.6757233,4.242640687,29.06888371,2.828427125,29.54657341,4,26.92582404,2.236067977,25.29822128,3.16227766,25.29822128,2.236067977,25.70992026,2.236067977,23.40939982,1,22.8035085,3.16227766,20.88061302,1,23.53720459,2.236067977,22.36067977,3.16227766,20.22374842,2.236067977,20.88061302,3.16227766,20.22374842,1,20.22374842
36.05551275,5.830951895,34.98571137,8.062257748,35.51056181,7.280109889,34.98571137,8.062257748,33.28663395,8.062257748,33.61547263,8.062257748,33.61547263,8.94427191,31.78049716,9.433981132,31.76476035,9.219544457,30.41381265,7.280109889,31.78049716,8.246211251,30.08321791,7.071067812,30.6757233,7.071067812,27.85677655,7,26.2488095,8,28.16025568,6.08276253,26.92582404,7.280109889,23.76972865,5,25.49509757,6.08276253,23.53720459,4,24.51530134,6,21.37755833,5,20.61552813,4,23.34523506,4.123105626,22.20360331,5,21.37755833,3
20.51828453,30.01666204,18.02775638,30.88689042,14.03566885,28.16025568,20.51828453,27.51363298,21.9317122,25.96150997,19.79898987,26.2488095,21.40093456,26.2488095,20.80865205,25,21.40093456,22.56102835,18.35755975,22.8035085,20.80865205,24.51530134,17.88854382,26.68332813,19.41648784,25.3179778,15.26433752,24.51530134,18.02775638,22.56102835,18.35755975,21.21320344,18.38477631,22.02271555,16.64331698,20.22374842,14.31782106,18.02775638,15.23154621,22.20360331,14.31782106,17.2626765,14.31782106,21,11.70469991,16,13.60147051,20.02498439,13.60147051,19.10497317,13.34166406,17
17.80449381,23.02172887,17.80449381,24.69817807,18.02775638,25.55386468,18.86796226,23.85372088,17.20465053,22.82542442,17,23.02172887,18.35755975,20.61552813,16.1245155,20.59126028,18.78829423,19.72308292,15.65247584,19.6977156,18.38477631,21.47091055,16.76305461,20.61552813,15.8113883,20.1246118,14.86606875,19.23538406,15.29705854,18.78829423,15.29705854,17.08800749,16.2788206,16.55294536,13.60147051,18.02775638,13.34166406,17.08800749,15.13274595,16.55294536,12.16552506,17.72004515,12.16552506,15.5241747,12.04159458,13.92838828,13.03840481,15.23154621,14.03566885,16.2788206,14.03566885,15.29705854
6.403124237,30,5.656854249,30.01666204,7.280109889,30.01666204,7.280109889,32.75667871,6.708203932,28.8444102,5.830951895,30.8058436,6.708203932,28.65309756,5.830951895,27.78488798,6.08276253,27.73084925,5,27.29468813,8.246211251,29.52964612,7.071067812,28.17800561,7,27.31300057,8.062257748,25.49509757,6,25.63201124,8.062257748,25.29822128,7.071067812,23.76972865,6.08276253,22.13594362,4,21.1896201,5.385164807,22.36067977,4,20.88061302,6.08276253,20.61552813,5,18.68154169,5.099019514,17.72004515,7,19.6468827,6.08276253,19.10497317
32.75667871,10.81665383,33.12099032,10.81665383,29.68164416,13.89244399,31.76476035,11.04536102,31.38470965,12.08304597,30.41381265,9.848857802,30.41381265,13.41640786,27.73084925,11.70469991,29.06888371,10.44030651,26.41968963,10.19803903,29.06888371,13.15294644,27.85677655,11,26.57066051,9.055385138,25.07987241,8.062257748,23.76972865,9.055385138,25.63201124,10.04987562,22.8035085,9.055385138,21.84032967,9,22.8035085,9.055385138,21.84032967,8,19.6468827,9,22.36067977,8,19.10497317,7.280109889,18.24828759,6.08276253,20.09975124,6,19.10497317,8
1,29.06888371,1.414213562,27.29468813,1.414213562,29.06888371,3,28.63564213,5,27.29468813,1.414213562,27.31300057,2.236067977,25.29822128,1,24.69817807,1.414213562,24.04163056,2,23.76972865,3.605551275,24.73863375,3.605551275,23.76972865,3.16227766,21.37755833,3.605551275,23.53720459,3,21.58703314,5,22.36067977,4.123105626,23.19482701,4.123105626,17.02938637,4,19.02629759,3.16227766,18.02775638,5.099019514,17.02938637,3.605551275,19,2.236067977,15,2.828427125,17.2626765,2,16.1245155,2.236067977,15.5241747
3.605551275,30.88689042,2.828427125,32.75667871,5,32.24903099,5,29.96664813,5.385164807,27.31300057,5,30.01666204,6.708203932,25.49509757,7.615773106,26.40075756,7.071067812,27.29468813,7.615773106,25.49509757,6.708203932,26.92582404,8.544003745,26.92582404,5,23.76972865,7.280109889,25.49509757,6.08276253,24.04163056,4.472135955,23.08679276,7.280109889,24.51530134,5.385164807,23.76972865,6.708203932,17.72004515,3.605551275,26.47640459,8.062257748,21.58703314,8.062257748,22.20360331,1.414213562,16.1245155,6.708203932,16.76305461,3.605551275,22.20360331,5.385164807,20.09975124
24.59674775,31.06444913,24.18677324,30.01666204,25.23885893,29.52964612,23.2594067,30.41381265,21.9544984,27.78488798,22.47220505,29.52964612,19.72308292,28.63564213,19.23538406,27.31300057,18.78829423,26.57066051,17,25.63201124,19.6977156,26.92582404,18.78829423,27.20294102,19.23538406,26.92582404,17.88854382,24.73863375,16.55294536,21.84032967,17.4642492,23.34523506,17.08800749,23.53720459,16.55294536,21.37755833,17.4642492,21.21320344,18.02775638,21.09502311,14.31782106,20.22374842,15.8113883,21.21320344,13.60147051,19.02629759,15.8113883,21.02379604,13.34166406,17,13.34166406,19.02629759
23.02172887,18.78829423,22.20360331,22.36067977,23.32380758,20.61552813,22.47220505,21.02379604,21.09502311,19.6977156,20.59126028,18.78829423,21.47091055,17.08800749,19.6977156,16.76305461,19.31320792,14.31782106,20.61552813,14.86606875,21.54065923,18.78829423,21.21320344,16.76305461,19.23538406,17,19.41648784,13.92838828,18.24828759,13.92838828,21.09502311,13.92838828,16.1245155,13.92838828,16.03121954,14.31782106,16.1245155,13,18.02775638,11.18033989,17.02938637,11.40175425,16.03121954,10.77032961,15,10.44030651,16,10.44030651,17.02938637,9.219544457,14.14213562,9.486832981
13.60147051,27.45906044,13.92838828,27.78488798,13.89244399,27.78488798,14.2126704,28.63564213,12.08304597,25.49509757,12.20655562,26.83281573,12.20655562,26.40075756,10.81665383,24.35159132,10.63014581,24.04163056,9.848857802,24.73863375,11.66190379,24.04163056,11.66190379,23.53720459,10.63014581,22.56102835,10,23.76972865,9.899494937,22.36067977,10.81665383,23.19482701,10.29563014,23.19482701,10.81665383,19.10497317,8.602325267,19.10497317,11.40175425,19.02629759,8.062257748,19,9.899494937,17.02938637,8.602325267,16.03121954,8.602325267,18.02775638,9.899494937,17.2626765,9.219544457,18.24828759
30.52867504,5,32.24903099,5.830951895,30.88689042,7.615773106,30.01666204,7.280109889,27.78488798,7.071067812,29.52964612,7.280109889,28.65309756,7.280109889,26.83281573,6,26,9.219544457,25.07987241,7.615773106,28.23118843,9.219544457,26.57066051,8.062257748,26.57066051,8.246211251,25.29822128,8.062257748,24.04163056,8.544003745,24.69817807,8.94427191,21.84032967,8.94427191,21.1896201,8.602325267,23.08679276,8.94427191,21.58703314,9.219544457,20.24845673,7.810249676,20.61552813,8.062257748,17.4642492,7.810249676,18.24828759,7.211102551,18.11077028,9.219544457,18.11077028,7.071067812
41.23105626,68.9637586,34.78505426,61.40032573,38.83297568,67.9779376,40.85339643,72.89718787,33.54101966,63.56099433,33.24154028,61.77378085,34.13209633,68.54195795,39.2173431,70.77428912,36.87817783,92.76313923,26.17250466,59.50630219,39.62322551,72.69112738,39.11521443,70.09279564,27.45906044,63.78871374,23.85372088,65.2533524,22.47220505,48.83646179,26.07680962,65.9241989,29.06888371,64.51356447,28.17800561,49.03060269,23.43074903,54.23098745,25.05992817,48.50773134,24.41311123,46.09772229,23.85372088,46.32493929,18.43908891,40.31128874,18.86796226,48.83646179,23.85372088,49.16299421,31.06444913,44.91102315
20.24845673,23.32380758,22.82542442,22.47220505,21.47091055,20.59126028,22.84731932,22.36067977,19.31320792,23.32380758,21.9317122,23.32380758,21.02379604,19.72308292,19.92485885,19.23538406,19.92485885,17,18.43908891,18.78829423,22.56102835,20.1246118,19.23538406,18.78829423,20.22374842,17.88854382,19.10497317,17.4642492,17.11724277,17,19.23538406,17,18.11077028,16.55294536,16,17,18.02775638,14.76482306,16.03121954,15.23154621,17.11724277,15.23154621,18.11077028,15.23154621,15.13274595,13.60147051,14.31782106,14.76482306,15.29705854,14.86606875,13.34166406,13.92838828
2.828427125,26.41968963,1.414213562,29.06888371,1,26.41968963,2,27.73084925,1,26.40075756,3,26.40075756,1.414213562,27.73084925,3.16227766,25.63201124,1.414213562,24.69817807,4.472135955,22.47220505,2.828427125,25.70992026,3.16227766,24.73863375,3.605551275,24.51530134,6.32455532,23.08679276,5,22.56102835,6.403124237,22.20360331,3.16227766,21.37755833,6.708203932,17.4642492,6.32455532,22.09072203,6.403124237,15.03329638,5,16.1245155,5,14.03566885,6.08276253,20.02498439,6.08276253,16.03121954,5.830951895,20.02498439,6.403124237,15.29705854
6.708203932,20.61552813,7.810249676,20.1246118,7.280109889,18.38477631,8.062257748,20.88061302,6.708203932,20.24845673,7.071067812,18.02775638,8.94427191,17.4642492,7.071067812,16.4924225,7.280109889,16.76305461,7,16.4924225,8.062257748,17.72004515,7.280109889,17.2626765,8.246211251,15.29705854,8.544003745,16.2788206,7.280109889,15.29705854,10.29563014,15.13274595,8.94427191,15.03329638,7.211102551,12.04159458,7.211102551,13.03840481,9.219544457,12,10,11.04536102,8.485281374,11.04536102,9.219544457,10,9.899494937,10.04987562,9.219544457,9.055385138,10.63014581,9.486832981
60.41522987,19.79898987,58.6003413,8.485281374,62.17716623,18.02775638,64.77653896,22.20360331,63.2455532,14.14213562,49.33558553,10.44030651,53.16013544,18,47.26520919,22.13594362,55.75840744,23.85372088,55.75840744,15.8113883,53.36665626,26,46.09772229,29.12043956,48.09365863,25.07987241,50.03998401,25.61249695,47.01063709,18.43908891,37.05401463,17.88854382,44.10215414,28.28427125,40.11234224,18.35755975,41.0487515,15,37,18.60107524,39.56008089,14.86606875,45.27692569,20.24845673,31.40063694,16.2788206,41.43669871,27.65863337,35.51056181,20.51828453,38.47076812,19.84943324
8.246211251,19.72308292,9.486832981,21.02379604,8.544003745,21.02379604,7.280109889,22.47220505,6.708203932,19.6977156,7.615773106,19.92485885,5,19.92485885,5.830951895,18.68154169,5.656854249,18.43908891,7.211102551,17.2626765,7.211102551,19.10497317,5.656854249,20.09975124,7.071067812,16.03121954,7.071067812,17.02938637,5.830951895,17.02938637,6.708203932,17.02938637,7.810249676,16.1245155,6.708203932,15.03329638,7.615773106,15.13274595,5.099019514,14.31782106,7.280109889,14.31782106,8.544003745,13.60147051,6.32455532,12.64911064,7.280109889,14.76482306,6.08276253,13,7.280109889,13.89244399
25,27.29468813,26.83281573,29.15475947,27.78488798,28.8444102,30.46309242,28.01785145,27.73084925,26.07680962,27.31300057,24.69817807,28.23118843,23.85372088,26.83281573,22.47220505,24.35159132,22.20360331,23.02172887,16.76305461,26.68332813,24.20743687,25,21.09502311,24.73863375,20.80865205,23.76972865,20.80865205,22.56102835,19.10497317,23.53720459,21.40093456,21.58703314,19.84943324,20.09975124,19.10497317,19.41648784,20.61552813,18.11077028,17.80449381,18.24828759,17.02938637,18.11077028,18.02775638,15.29705854,17.02938637,17.02938637,17.80449381,17.02938637,18.60107524,16,18.02775638
34.43835072,1,34.88552709,1.414213562,35.77708764,1.414213562,36.24913792,2.236067977,33.54101966,3.605551275,31.76476035,2.236067977,33.54101966,4.123105626,31.30495168,3.605551275,30.41381265,3.16227766,29.52964612,2.828427125,31.30495168,5.656854249,30.87069808,4.242640687,27.73084925,5,29.54657341,5.830951895,24.59674775,5,27.73084925,4.242640687,25.05992817,4.242640687,22.82542442,4.242640687,24.59674775,3.605551275,23.2594067,4.242640687,22.36067977,3.605551275,22.36067977,4.472135955,18.86796226,4.123105626,21.09502311,5,21.47091055,3.16227766,20.1246118,3
20.51828453,2.236067977,21.26029163,3.605551275,21.26029163,5.656854249,23.43074903,5,21.21320344,4.123105626,21.21320344,4.242640687,21.26029163,5,23.34523506,4,15.8113883,7.071067812,16.40121947,5,21.26029163,7.280109889,21.26029163,5.099019514,20.51828453,6.08276253,21.26029163,4.123105626,19.79898987,5,19.10497317,6,19.84943324,5.385164807,17.69180601,6.403124237,19.79898987,5,18.43908891,5.656854249,19.10497317,5,18.43908891,6.403124237,17.69180601,5,18.38477631,7.211102551,19.84943324,7.071067812,19.84943324,8.062257748
3,5,3,5,3,9.055385138,3.16227766,5,4,8.246211251,4.123105626,6.32455532,5.099019514,8.246211251,5,8.544003745,2,11.18033989,2,10.77032961,4.123105626,8.544003745,5.830951895,8.602325267,3.605551275,8.544003745,4.123105626,9.848857802,4.123105626,8.94427191,4.472135955,10.77032961,6.08276253,9.433981132,5.385164807,10.44030651,5,9.848857802,4.123105626,9.848857802,5.385164807,10.77032961,5.385164807,9.848857802,6.32455532,10.77032961,6.32455532,11.18033989,7.211102551,11.18033989,5.385164807,12.52996409
8.602325267,44.01136217,9.433981132,44.59820624,7.615773106,39.92492956,9.219544457,41.78516483,9.219544457,36.68787266,12.36931688,38.62641583,12.04159458,34.17601498,11.04536102,30.08321791,12.04159458,28.23118843,8.544003745,28.7923601,11.70469991,31.01612484,10.77032961,29.15475947,11.18033989,28.65309756,10.29563014,29.52964612,11.66190379,25.05992817,11.40175425,26.41968963,12.20655562,28.17800561,12.04159458,23.85372088,11.3137085,26.62705391,12.80624847,24.59674775,11.40175425,25.23885893,13.03840481,21.47091055,12.04159458,20.80865205,13.60147051,21.9544984,13.89244399,21.02379604,14.76482306,20.59126028
14.86606875,5,14.56021978,5.099019514,13.92838828,5,15.29705854,1.414213562,13.60147051,2.236067977,11.70469991,5.099019514,10.77032961,2.236067977,11.70469991,2.236067977,10.19803903,2.236067977,14.03566885,2.236067977,11,4.123105626,11.04536102,5.099019514,11.04536102,5,10.04987562,6.32455532,10.04987562,5.385164807,8,7.280109889,9.055385138,6.08276253,9.055385138,7.071067812,10.04987562,8.062257748,8.062257748,8,8.062257748,8.246211251,6.08276253,8.062257748,7.280109889,8.062257748,8.246211251,10,9.219544457,10,7.615773106,11.04536102
7.615773106,9.848857802,7.615773106,9.486832981,6.708203932,10.77032961,6.708203932,10.29563014,6.32455532,10.29563014,6.708203932,11.66190379,6.708203932,13.03840481,6.403124237,11.40175425,6.403124237,12.20655562,6.403124237,12.20655562,5.656854249,13.60147051,5.656854249,12.80624847,5.656854249,13.60147051,5.830951895,12.80624847,4.472135955,13.03840481,5.830951895,15,5.385164807,14.4222051,6.32455532,13.60147051,6.32455532,13.60147051,7.280109889,12.80624847,6.08276253,13.89244399,6.32455532,14.4222051,6.32455532,13.89244399,8.246211251,14.4222051,7.280109889,15.8113883,8.544003745,15
4.123105626,9.219544457,4.123105626,11.18033989,4,11.40175425,3.16227766,12.08304597,4.472135955,12.64911064,4.472135955,13,3.605551275,13.41640786,2.828427125,13.41640786,1.414213562,13.41640786,1,14.76482306,1,16.1245155,2.236067977,15.8113883,2.236067977,15.26433752,2.828427125,15.65247584,2.236067977,14.76482306,2.236067977,16.1245155,2.828427125,17,2,15.23154621,2.236067977,16.55294536,2,15.65247584,2.236067977,15.65247584,1,16.15549442,1,15.65247584,2,18.78829423,2.236067977,17,2.236067977,18.86796226
13,15.8113883,14.56021978,16.1245155,12.64911064,16.1245155,13.92838828,17.72004515,10.77032961,14.76482306,13,16.15549442,8.94427191,15.23154621,9.486832981,14.56021978,14.4222051,15,14.2126704,13.15294644,9.219544457,14.03566885,9.486832981,15.03329638,9.433981132,15.03329638,10.63014581,12.04159458,8.602325267,13.15294644,8.602325267,13.03840481,7.810249676,13,8.602325267,11.18033989,7.810249676,12.16552506,7.810249676,13.34166406,7.211102551,12.36931688,8.94427191,10.44030651,8.062257748,10.77032961,10,11.18033989,10.63014581,11.18033989,9.219544457,10
45.39823785,63.51377803,29.42787794,57.98275606,35.6931366,39.05124838,54.00925847,58.79625838,43.93176527,46.14108798,39.05124838,47.01063709,38.20994635,55.90169944,22.09072203,40.52159918,22.36067977,52.39274759,25.17935662,46.04345773,41.30375286,32.55764119,36.49657518,67.08203932,42.95346319,33.37663854,31,48.01041554,16.15549442,54.33231083,39.62322551,64.00781202,32.14031736,27.16615541,11.18033989,9.219544457,21.02379604,24.04163056,12.08304597,45.04442252,14.4222051,27.07397274,21.09502311,36.22154055,7.211102551,27.85677655,22.36067977,32.89376841,25.49509757,49.24428901,20.80865205,38.47076812
6.708203932,26,6.708203932,25.63201124,5.656854249,24.16609195,4.472135955,25.96150997,4.242640687,22.84731932,5,24.35159132,4.242640687,22.47220505,5,21.84032967,4.242640687,21.84032967,3.605551275,17.4642492,4.242640687,21.58703314,4.242640687,20.39607805,4.242640687,19.41648784,4.242640687,18.24828759,2.828427125,17.4642492,3.605551275,18.43908891,3.16227766,18.24828759,2.236067977,15.13274595,4.123105626,15.03329638,3.16227766,14.03566885,2.236067977,14.14213562,2.236067977,13.15294644,3.16227766,12.04159458,3.16227766,12.16552506,3.16227766,13.03840481,4.123105626,12.04159458
24.59674775,2,23.2594067,2.828427125,26.92582404,3.16227766,26.57066051,3.605551275,22.84731932,4.123105626,21.54065923,3.16227766,22.84731932,1.414213562,21.37755833,3.16227766,25,7.615773106,22.8035085,7,22.8035085,2.828427125,19.41648784,0,19.6468827,1.414213562,19.6468827,2.828427125,16.2788206,1.414213562,18.43908891,1,15.29705854,1,15.13274595,0,16.1245155,1,14.03566885,2,14.03566885,1.414213562,13.03840481,0,12.16552506,1.414213562,12.04159458,1.414213562,13,1.414213562,12.04159458,2.828427125
21.9317122,15.23154621,22.84731932,16.15549442,21.02379604,14.86606875,21.9317122,16.76305461,18.78829423,13.92838828,19.6977156,13.60147051,18.78829423,16.4924225,18.38477631,14.14213562,16.55294536,14.31782106,16.15549442,12.16552506,18.38477631,14.31782106,16.15549442,14.14213562,15.23154621,14.14213562,15.8113883,12.16552506,14.86606875,11.04536102,13.92838828,13.03840481,13,12.04159458,12.64911064,9,12.16552506,10.04987562,12.36931688,9,11.18033989,9,11.18033989,10,9.055385138,9.055385138,11.04536102,8,9.055385138,9.055385138,10,8
21.47091055,13.89244399,22.84731932,14.4222051,21.9317122,13.89244399,21.84032967,14.86606875,21.1896201,14.4222051,19.6977156,11.40175425,21.84032967,11.66190379,18.43908891,11.40175425,19.72308292,8.94427191,17.2626765,8.94427191,19.41648784,11.40175425,19.6468827,8.602325267,18.43908891,10.81665383,17.2626765,10,16.4924225,8.94427191,17.4642492,9.848857802,15.29705854,9.433981132,14.14213562,8.94427191,14.31782106,9.433981132,14.03566885,8.94427191,13.15294644,8.062257748,13.15294644,8.544003745,10.04987562,7.211102551,12.04159458,8.062257748,12.04159458,8.94427191,12.16552506,9.486832981
9,35.35533906,6.08276253,35.51056181,9.848857802,36.24913792,6.403124237,32.64965543,6.08276253,31.30495168,2.236067977,29.15475947,5,31.76476035,6.708203932,29.54657341,5.385164807,25.49509757,6.708203932,26.41968963,10,31.78049716,7.810249676,29.15475947,5.099019514,30.6757233,7,27.31300057,4,28.7923601,8.485281374,25.49509757,4,25.63201124,6.32455532,21.9317122,5.830951895,25.29822128,6.32455532,22.47220505,5,24.35159132,5.830951895,18.68154169,4.472135955,18.97366596,5.830951895,21.1896201,6.403124237,21.58703314,4.242640687,19.41648784
21.47091055,30.52867504,20.59126028,30.52867504,20.80865205,31.76476035,19.41648784,33.10589071,18.02775638,29.96664813,17.20465053,29.96664813,17.80449381,28.63564213,17.02938637,28.23118843,16.40121947,28.23118843,15.62049935,27.20294102,16.2788206,28.7923601,16.2788206,27.51363298,15.55634919,26.57066051,15.62049935,26.57066051,13.45362405,23.40939982,17.02938637,26.92582404,14.2126704,23.76972865,14.86606875,19.6468827,14.14213562,22.36067977,11.66190379,23.34523506,14.14213562,20.39607805,17.80449381,18.68154169,14.14213562,20.61552813,13.60147051,17.2626765,14.86606875,15.29705854,14.14213562,18.11077028
30.41381265,18.35755975,31.30495168,18.60107524,30.88689042,18.02775638,31.78049716,17.49285568,29.54657341,16.40121947,30.46309242,17.20465053,29.54657341,15.26433752,29.54657341,15,28.63564213,14.86606875,27.31300057,14.2126704,28.23118843,14.2126704,28.63564213,12.80624847,26.92582404,15,25.49509757,15.62049935,25.07987241,12.04159458,22.82542442,14.2126704,23.2594067,11.3137085,19.72308292,11.3137085,21.02379604,13.45362405,21.02379604,12.80624847,21.54065923,12.20655562,20.61552813,10.63014581,18.78829423,10.63014581,18.78829423,14.4222051,17.4642492,11.40175425,19.6977156,12.04159458
13.34166406,11.40175425,13.60147051,14.03566885,14.56021978,13.03840481,15.13274595,14.03566885,15.03329638,15.03329638,18.02775638,17.11724277,16.03121954,17.2626765,18,17.4642492,18.02775638,19.92485885,20.22374842,19.6468827,22.36067977,20.61552813,22.8035085,19.92485885,22.8035085,19.92485885,24.73863375,22.13594362,26.2488095,19.6468827,26.92582404,21.58703314,27.51363298,22.8035085,27.89265136,22.8035085,30.08321791,22.13594362,28.46049894,23.08679276,29.12043956,24.04163056,28.7923601,22.8035085,28.16025568,26.2488095,31.95309062,28.46049894,30.46309242,26.83281573,31.38470965,28.23118843
14.14213562,7.810249676,15.03329638,7.211102551,16.03121954,7.615773106,17.02938637,7.280109889,20.02498439,8,21.02379604,10,22.09072203,7.071067812,23.34523506,8.246211251,23.34523506,8.062257748,25.49509757,7,29.61418579,9.219544457,25.96150997,9,28.16025568,11,31.32091953,9.055385138,32.28002478,8.062257748,33.24154028,9.055385138,33.52610923,8,35.17101079,8.246211251,35.11409973,7.071067812,33.83784863,7.071067812,35.73513677,8.062257748,37,8.062257748,36.68787266,10.04987562,40.16217126,10.44030651,41.10960958,10.77032961,39.56008089,11.18033989
1.414213562,7.280109889,1,7.280109889,1.414213562,8.544003745,2.236067977,8.544003745,1.414213562,9.219544457,1,10.44030651,1,10.44030651,1,10.44030651,2,11.40175425,2,12.08304597,2,13,1.414213562,12.08304597,1,13,1,13,0,13.92838828,1,14.31782106,0,16.15549442,1.414213562,14.86606875,0,15.23154621,1.414213562,15.23154621,1.414213562,15.23154621,1,16.15549442,1,15.8113883,0,17.08800749,1,17.08800749,1,17.4642492
5.099019514,7.280109889,4.472135955,6.708203932,6.08276253,6.08276253,6.32455532,6.708203932,6.08276253,6.32455532,6.32455532,5.830951895,9.055385138,3.16227766,8.062257748,5.385164807,5.099019514,4,6.08276253,4.123105626,10.04987562,5.385164807,10.19803903,5.830951895,11.04536102,4.242640687,12.16552506,3.605551275,11.18033989,5.830951895,13.03840481,6.403124237,13.15294644,5,13.15294644,5,14.31782106,6.403124237,12.04159458,5,13.34166406,5.656854249,13.15294644,5.656854249,15.13274595,5,15.29705854,3.605551275,14.56021978,5,14.31782106,4.242640687
4.472135955,3.16227766,5,4.472135955,5.099019514,4.123105626,4.472135955,4.123105626,6.08276253,5.385164807,6,6.32455532,6,6.08276253,7.071067812,6,7.071067812,6.08276253,7.280109889,6,8.062257748,8,8.246211251,8,8.544003745,7,10.19803903,8,8.544003745,6.08276253,10.44030651,8.062257748,10.44030651,7.071067812,10.44030651,8.062257748,10.44030651,8.246211251,10.44030651,8.062257748,12.36931688,7.071067812,12.64911064,8.062257748,12.36931688,8.062257748,12.36931688,9.219544457,12.64911064,9.055385138,12.64911064,9.219544457
2.828427125,6.08276253,2.828427125,6.08276253,3.605551275,6.08276253,3.16227766,5.099019514,3.16227766,8.062257748,3,8.062257748,3,8,3,9,3.16227766,10,4,10.04987562,4.123105626,11.18033989,4.123105626,10.19803903,3,11.18033989,4,12.36931688,3.16227766,12.36931688,3.16227766,13.60147051,3,13.34166406,4,14.31782106,4,14.56021978,3,13.60147051,2,14.56021978,2,14.31782106,2.236067977,14.56021978,4,16.2788206,2,16.76305461,4.123105626,16.76305461
6.403124237,3.605551275,5.385164807,3.605551275,6.32455532,3.16227766,6.708203932,3.16227766,6.32455532,3.605551275,7.280109889,4.472135955,7.280109889,4.123105626,8.246211251,4.472135955,9.486832981,5.099019514,9.486832981,4,10.44030651,6,10.77032961,4,10.77032961,5,11.70469991,5.099019514,12.64911064,6,13.60147051,5.099019514,14.56021978,6.08276253,13.92838828,6,14.86606875,6,13.92838828,6,14.56021978,4.123105626,14.56021978,5,15.5241747,5,15.8113883,6.08276253,15.8113883,5.099019514,15.8113883,5.099019514
16,11,19.10497317,10.19803903,20.22374842,11.40175425,19.23538406,11,20.88061302,12.04159458,22.13594362,14,23.76972865,13.03840481,22.47220505,13.15294644,24.16609195,13.15294644,23.32380758,14.14213562,28.17800561,15.29705854,26.83281573,13.92838828,28.17800561,13.92838828,29.52964612,17.08800749,29.15475947,17.88854382,30.41381265,18.38477631,29.52964612,19.72308292,31.78049716,19.23538406,32.64965543,21.54065923,29.52964612,21.09502311,31.30495168,21.47091055,29.52964612,19.72308292,32.20248438,18.35755975,35.34119409,19.23538406,33.54101966,17.80449381,34.43835072,19.41648784
18.24828759,8.062257748,19.92485885,8.246211251,21.58703314,9.055385138,21.1896201,9,24.04163056,8.246211251,24.69817807,11.04536102,24.16609195,11.18033989,24.16609195,10.44030651,27.31300057,8.544003745,26.83281573,10.19803903,29.06888371,11.70469991,27.78488798,11.66190379,29.52964612,12.52996409,30.41381265,13,29.52964612,13.89244399,32.64965543,14.31782106,31.30495168,15.26433752,33.10589071,14.76482306,33.54101966,16.64331698,32.64965543,17.20465053,32.64965543,16.64331698,31.76476035,14.2126704,34.88552709,14.4222051,36.23534186,14.86606875,36.23534186,13.60147051,37.57658846,15.62049935
8.602325267,25.55386468,7.810249676,25.05992817,9.219544457,24.69817807,9.848857802,25.55386468,9.433981132,23.02172887,10.29563014,23.02172887,11.66190379,22.47220505,9.848857802,22.20360331,10.44030651,21.63330765,9.486832981,20.80865205,9.486832981,23.02172887,9.219544457,21.09502311,9.486832981,20.80865205,8.544003745,20,8.544003745,18.60107524,10.44030651,20.80865205,9.486832981,18.60107524,6.08276253,18.43908891,8.246211251,17.80449381,7.071067812,17.20465053,8.062257748,17.80449381,7.071067812,17.02938637,6,17.69180601,6,19.10497317,6,17.80449381,5.099019514,18.43908891
17.69180601,5.099019514,17.02938637,5,16.40121947,6.08276253,19.20937271,4.472135955,17.02938637,5.385164807,15.62049935,6.708203932,17.69180601,5.830951895,17.02938637,6.403124237,17.69180601,6.403124237,16.2788206,6.403124237,17.69180601,7.071067812,16.2788206,5.656854249,17.69180601,5.830951895,16.2788206,7.211102551,17.69180601,7.071067812,17.69180601,7.211102551,17.02938637,8.062257748,16.40121947,5.656854249,16.2788206,6.403124237,18.43908891,6.708203932,17.20465053,6.403124237,16.40121947,6.708203932,16.40121947,5.385164807,17.80449381,6.32455532,17.20465053,6.32455532,19.20937271,5.099019514
7.280109889,13.60147051,6.32455532,13.60147051,8.94427191,12.80624847,9.219544457,13.60147051,9.848857802,13.45362405,8.602325267,13.45362405,10,13.45362405,8.602325267,12.04159458,9.899494937,12.72792206,9.219544457,12.80624847,10.63014581,14.14213562,9.899494937,13.45362405,11.3137085,12.20655562,11.3137085,12.20655562,9.899494937,12.80624847,12.20655562,13.60147051,10.63014581,13.60147051,9.899494937,13.03840481,11.40175425,12.20655562,10,12.20655562,10.63014581,14.76482306,9.219544457,13.03840481,8.485281374,13.89244399,10,14.76482306,10.81665383,15.26433752,8.602325267,15.26433752
27.65863337,82.54089895,27.65863337,93.17188417,19.41648784,97.86214794,25.61249695,119.8874472,29.68164416,92.78469701,21.47091055,114.6123903,28.3019434,104.890419,33.61547263,81.88406438,20.09975124,109,20.61552813,76.69419796,13.45362405,123.9072234,31.78049716,99.32270637,16.76305461,97.83659847,17.80449381,104.4030651,22.13594362,105.6882207,10.77032961,127.0157471,9.219544457,121.4907404,22.6715681,113.4548368,13,130.9083649,23.70653918,98.23441352,18.43908891,103.1746093,22.8035085,110.4219181,37.12142239,89.30845425,39.40812099,120,32.89376841,113.8639539,36.01388621,105.8914539
6.32455532,17.80449381,6.32455532,18.60107524,6.08276253,18.43908891,5.099019514,19.20937271,5.099019514,18.43908891,5.385164807,19.84943324,6.32455532,19.20937271,5,19.10497317,6.708203932,19.10497317,6.403124237,18.43908891,6.403124237,21.21320344,5.656854249,18.38477631,6.403124237,18.38477631,6.403124237,18.43908891,7.071067812,16.2788206,10,19.84943324,8.602325267,17.80449381,7.211102551,18.60107524,7.211102551,18.60107524,6.708203932,19.41648784,6.708203932,19.41648784,6.403124237,18.60107524,6.708203932,19.41648784,6.32455532,19.72308292,5.385164807,20.24845673,5.385164807,20.24845673
5,12.72792206,4.242640687,13.45362405,4.242640687,12.80624847,2.828427125,13.45362405,3,13.45362405,3.16227766,14.2126704,2.236067977,14.86606875,2,14.14213562,1.414213562,13.45362405,1,12.72792206,2.236067977,14.86606875,2.236067977,14.86606875,2.236067977,13.45362405,2.236067977,15.62049935,3.16227766,13.60147051,4.123105626,15.62049935,3.16227766,15,4,14.2126704,4.123105626,15,4,13.60147051,3,14.4222051,4.123105626,14.4222051,3.16227766,15.26433752,4.123105626,16.64331698,2.828427125,15.8113883,5,16.40121947
7.810249676,15.65247584,9.219544457,14.76482306,9.219544457,14.4222051,11.18033989,13.03840481,9.899494937,11.40175425,11.40175425,12.20655562,12.20655562,12.20655562,9.219544457,12.04159458,10.81665383,12.04159458,8.602325267,12.72792206,8.602325267,12.72792206,10,12.72792206,8.602325267,12.04159458,10.63014581,11.3137085,9.219544457,12.04159458,10,12.20655562,8.485281374,10.63014581,8.485281374,12.20655562,8.485281374,12.20655562,9.433981132,10.81665383,7.211102551,12.52996409,7.211102551,12.08304597,7.211102551,12.08304597,8.062257748,14.76482306,7.211102551,13,6.708203932,14.76482306
7.615773106,8.544003745,7.615773106,7,8.94427191,8,10,7.071067812,8.062257748,8.062257748,8.602325267,11.18033989,7.280109889,8.062257748,7.211102551,10.19803903,6.32455532,10.77032961,8.602325267,16.4924225,9.219544457,12.36931688,5.830951895,10.29563014,8.602325267,12.08304597,7.071067812,11.70469991,5,12.08304597,5.830951895,14.31782106,7.615773106,11.66190379,5.830951895,11.18033989,5.830951895,13.03840481,6.403124237,13.03840481,5,12.20655562,6.708203932,13.03840481,4.242640687,12.20655562,5.656854249,13.89244399,4.242640687,14.4222051,6.403124237,14.4222051
19.10497317,18.02775638,19.23538406,18.97366596,20.61552813,19.31320792,20.24845673,19.31320792,22.13594362,16.1245155,25.07987241,17.20465053,23.2594067,16.1245155,26.40075756,15.8113883,26.83281573,14.2126704,28.63564213,13.60147051,31.78049716,14.4222051,28.65309756,13.45362405,29.15475947,12.20655562,29.52964612,13.03840481,30.87069808,11.40175425,32.64965543,13.03840481,31.76476035,13.60147051,32.20248438,13.41640786,34.13209633,14.31782106,30.52867504,15.23154621,34.4818793,15.5241747,31.38470965,15.8113883,32.24903099,17.4642492,34.13209633,20.22374842,32.24903099,18.97366596,34.13209633,20.39607805
17,15.8113883,15.65247584,14.86606875,16.76305461,18.43908891,16.03121954,16.2788206,17,16.40121947,18.02775638,16.55294536,20.09975124,18.35755975,21.37755833,15.5241747,20.88061302,16.2788206,19.92485885,19.10497317,24.69817807,21.02379604,25.07987241,18,25.29822128,18.02775638,25.07987241,19.23538406,24.69817807,21.58703314,27.85677655,22.56102835,26.92582404,23.08679276,27.85677655,24.04163056,31.01612484,24.04163056,28.7923601,24.16609195,29.73213749,25.49509757,31.38470965,21.9317122,34.4818793,21.9317122,35.73513677,23.70653918,37.33630941,22.36067977,37.94733192,23.76972865
7.071067812,1,8,1,8.94427191,5.099019514,8.062257748,2,8.246211251,3.16227766,10.29563014,3,10.81665383,4.123105626,10.77032961,1,9.486832981,3.16227766,12.04159458,4.472135955,11.18033989,3.605551275,10.81665383,3.16227766,12.20655562,3.605551275,12.20655562,2.236067977,11.66190379,2.236067977,12.52996409,2.828427125,13.03840481,3.605551275,12.52996409,2.236067977,13.03840481,2.236067977,12.20655562,3.605551275,13.41640786,3.16227766,13.89244399,3,12.52996409,4,13.89244399,5.099019514,13.89244399,4,14.4222051,4.123105626
19.31320792,2.236067977,19.31320792,3.605551275,19.41648784,4.123105626,20.39607805,4.472135955,20.22374842,7.071067812,24.0208243,6.403124237,23,9.219544457,27.16615541,7.071067812,25.70992026,7.280109889,28.44292531,7.615773106,29.83286778,10,28.16025568,8.544003745,30.08321791,6.403124237,32.31098884,6.08276253,32.31098884,3.605551275,35.11409973,4.472135955,36.24913792,3.16227766,34.92849839,3.16227766,35.84689666,2.236067977,36.24913792,2.236067977,37.57658846,5.830951895,34.92849839,3.16227766,36.76955262,8.246211251,40.49691346,9.219544457,39.2173431,11.18033989,41.62931659,9.848857802
18.24828759,6.08276253,17.4642492,5.099019514,22.36067977,7.071067812,19.10497317,7.280109889,22.02271555,6.708203932,23,8.062257748,25,8.602325267,23.08679276,7.071067812,24.18677324,8.602325267,25.3179778,8.602325267,28.63564213,10.63014581,28.16025568,10.63014581,27.51363298,7.810249676,32.28002478,7.211102551,29.73213749,7.810249676,34.53983208,8.485281374,32.69556545,7.810249676,34.17601498,8.602325267,35.34119409,8.062257748,35.77708764,7.211102551,35.84689666,6.32455532,34,7.810249676,34.0147027,8.544003745,38.48376281,9.848857802,37.57658846,10.77032961,38.94868419,11.66190379
1.414213562,9,2.236067977,9.055385138,1.414213562,9.219544457,2.236067977,9.219544457,1,9.219544457,2,9.219544457,3.16227766,10.44030651,2.236067977,10.44030651,2.236067977,10.77032961,2.236067977,11.18033989,2.236067977,12.08304597,2.236067977,12.08304597,1.414213562,12.52996409,1.414213562,13.89244399,1,13.89244399,1.414213562,13.89244399,1.414213562,13.41640786,1.414213562,13.41640786,1,14.76482306,2,13.41640786,1,14.31782106,1.414213562,13.41640786,2.236067977,13.89244399,2,14.76482306,2,16.1245155,2,15.65247584
2.828427125,22.36067977,3.16227766,21.37755833,3.16227766,24.51530134,4.123105626,23.08679276,3.605551275,25,4.472135955,26.2488095,3.16227766,27.51363298,3.605551275,26.92582404,5.830951895,28.7923601,5.385164807,29.54657341,5.830951895,34.0147027,5.385164807,32.20248438,5.830951895,33.12099032,3.16227766,35.34119409,3.16227766,35.34119409,2.236067977,38.91015292,3.16227766,36.67424164,2.236067977,39.39543121,1.414213562,40.24922359,2.236067977,39.8246155,2,40.24922359,2.236067977,39.35733731,3,38.48376281,5,42.48529157,5.385164807,41.14608122,5.385164807,44.72135955
5.099019514,18.02775638,3.16227766,19.02629759,2,20.22374842,3,21.37755833,1,22.36067977,1,24.51530134,1.414213562,25.70992026,1,26.92582404,2,27.20294102,2.236067977,28.7923601,3,32.57299495,2.828427125,30.08321791,2.828427125,31.95309062,5,32.89376841,5.830951895,34.17601498,5.830951895,35.4682957,7.211102551,36.40054945,6.708203932,36.05551275,7.615773106,37.69615365,7.615773106,37.69615365,8.062257748,37.94733192,7.211102551,36.40054945,6.403124237,38.27531842,6.32455532,43.08131846,6.32455532,42.15447782,6.08276253,42.15447782
10.81665383,13.03840481,10,16.03121954,10.63014581,15,9.848857802,17.02938637,11.18033989,19.10497317,11.70469991,20.22374842,10.04987562,20.39607805,11.18033989,22.56102835,12.16552506,25.70992026,12,25,13.03840481,29.12043956,12.04159458,28.46049894,12.16552506,29.73213749,11,32.89376841,11.40175425,32.57299495,12.04159458,35.11409973,13.03840481,35.73513677,14.14213562,36.40054945,13.03840481,37.64306045,13,37.33630941,12.04159458,38.60051813,13,40.16217126,15.03329638,39.29376541,16.1245155,43.68065934,16.2788206,42.05948169,15.5241747,42.3792402
4.123105626,3.16227766,5,4.123105626,3,4.472135955,3.16227766,4.123105626,4.123105626,5,3.16227766,5.099019514,2.236067977,6.32455532,2.236067977,6.08276253,2.236067977,7.071067812,2.236067977,7.071067812,3,8.062257748,1.414213562,7.071067812,1.414213562,8,2.236067977,8,2.236067977,8,2.236067977,9,2.236067977,9.055385138,1,9.055385138,1.414213562,10.19803903,1.414213562,10,1.414213562,10.04987562,2.236067977,11.04536102,1,11.04536102,1.414213562,12.16552506,0,12.16552506,0,12.36931688
18.78829423,8.246211251,19.6977156,7.280109889,21.9317122,8.544003745,22.82542442,9.219544457,25.49509757,9.055385138,26.41968963,10.04987562,28.3019434,10.04987562,29.15475947,11.18033989,29.68164416,10.44030651,31.90611227,13,36.05551275,14.86606875,31.90611227,15.26433752,31.38470965,15,33.61547263,18.02775638,31.76476035,18.02775638,34.88552709,21.09502311,31.76476035,18.60107524,33.61547263,20.80865205,39,25.94224354,34.92849839,31.78049716,47.80167361,39.56008089,23.43074903,13.45362405,25.94224354,24.69817807,44.59820624,22.84731932,56.04462508,24.69817807,44.01136217,22.84731932
17.72004515,9.899494937,19.6977156,9.219544457,17.88854382,9.848857802,17.20465053,7.280109889,14.86606875,11.18033989,12.72792206,14,14.56021978,15.03329638,13.34166406,16.03121954,13,16.1245155,13.15294644,19.10497317,18.24828759,22.02271555,17.08800749,20.02498439,18.02775638,24.0208243,21.58703314,23.02172887,21.84032967,22.20360331,25.49509757,28.44292531,23.08679276,26.68332813,24.35159132,27.65863337,26.92582404,29.27456234,25.70992026,28.28427125,26.47640459,32.55764119,25.3179778,32.14031736,25.17935662,35.05709629,27.29468813,37.05401463,25.49509757,36,26.30589288,38.05259518
9.219544457,15,10,16.2788206,9.219544457,13.45362405,10.44030651,13.60147051,11.40175425,17.20465053,10,13.45362405,10.63014581,12.20655562,12.36931688,12.04159458,12.36931688,14.76482306,14,15.62049935,15,19.20937271,16.1245155,19.20937271,17,20.61552813,17.02938637,24.69817807,17,23.60084744,16.03121954,28.3019434,17.4642492,26.62705391,19.02629759,29.52964612,20.02498439,30.88689042,17.11724277,31.38470965,19.10497317,31.76476035,18.11077028,30.41381265,18,29.15475947,21.09502311,33.24154028,21.09502311,32.89376841,22.09072203,33.24154028
12,14.86606875,15,16.55294536,17.4642492,14.86606875,16.15549442,12.52996409,16.76305461,11.18033989,21.84032967,10.81665383,20.24845673,8.602325267,21.9317122,6.403124237,22.47220505,7.615773106,25.29822128,7.071067812,28.7923601,7,28.16025568,8.544003745,26.57066051,5.830951895,27.20294102,7.615773106,29.83286778,7.211102551,32.57299495,8.94427191,32.01562119,8.94427191,33.24154028,7.211102551,32.28002478,9.433981132,32.75667871,10.63014581,35.17101079,8.485281374,33.52610923,9.219544457,35.90264614,7.071067812,41.76122604,8.602325267,39.05124838,7.211102551,37.85498646,7.211102551
14.4222051,9.433981132,15.5241747,10,17.2626765,11.40175425,15.29705854,12.80624847,16,12.04159458,19.10497317,12.80624847,21.21320344,11.40175425,23.34523506,10.63014581,22.13594362,11.66190379,22.56102835,9.433981132,31.04834939,9.486832981,26.92582404,8.246211251,26.2488095,11.40175425,31.6227766,10.04987562,30.3644529,10.04987562,34.20526275,10.04987562,32.57299495,10,32.28002478,12.04159458,35.44009029,12.04159458,33.95585369,11.04536102,35.44009029,12,32.89376841,14,33.73425559,14.03566885,40.02499219,18.11077028,37.33630941,18.43908891,39.84971769,18.43908891
6.08276253,11.40175425,7.071067812,13.60147051,6.08276253,14.31782106,6.32455532,15.65247584,6.708203932,18.78829423,3,21.47091055,2.236067977,22.36067977,1.414213562,24.18677324,4,23.85372088,2.828427125,25.05992817,5.385164807,28.17800561,5,26.92582404,7.211102551,28.17800561,6.708203932,31.38470965,5.385164807,29.41088234,7.615773106,34.53983208,8.544003745,31.95309062,7.211102551,31.04834939,7.615773106,34.78505426,7.211102551,33.24154028,7.211102551,36.68787266,9.433981132,35.90264614,10.29563014,34.92849839,11.18033989,40.26164428,11.70469991,38.07886553,10.04987562,40.52159918
6.708203932,13.15294644,7.211102551,15.5241747,6.403124237,16.15549442,9.219544457,17.88854382,9.848857802,17.88854382,8.94427191,20.59126028,9.848857802,23.2594067,9.055385138,24.59674775,9.219544457,25.94224354,7.071067812,28.17800561,10,30.87069808,9.219544457,29.15475947,12.36931688,29.06888371,9.848857802,31.78049716,9.486832981,32.31098884,9.848857802,35.84689666,13,34.53983208,11.70469991,33.83784863,12.36931688,35.11409973,10.77032961,35.17101079,13.92838828,37,15.5241747,35.44009029,17.11724277,36.40054945,18.02775638,41.48493703,20.02498439,39.84971769,19.10497317,42.05948169
3.16227766,3.16227766,2.236067977,2.236067977,4.123105626,3.16227766,3,3.16227766,3,3.16227766,5,4,4,5,5.099019514,4.123105626,6.08276253,4,5,4.472135955,7.280109889,7.280109889,5.099019514,5.385164807,6.08276253,5.385164807,6.08276253,6.32455532,6.08276253,7.280109889,6.08276253,7.615773106,7,6.708203932,8.062257748,7.615773106,7.071067812,6.708203932,8,7.615773106,8.062257748,7.280109889,8,7.615773106,8,7.280109889,10.19803903,8.246211251,10.04987562,7.615773106,10.19803903,9.486832981
3.605551275,17.02938637,5,16.1245155,2.236067977,17.11724277,1,18.02775638,1,20.22374842,1,22.36067977,1,21.37755833,2.236067977,22.56102835,1.414213562,23.08679276,2.236067977,26.2488095,2,28.46049894,2,27.31300057,1,28.63564213,1.414213562,31.01612484,1,29.15475947,2.236067977,33.54101966,1.414213562,34,1.414213562,34.92849839,2.236067977,34.92849839,4.123105626,34.43835072,4.123105626,35.34119409,3.16227766,34.92849839,3,36.24913792,2,41.23105626,3.16227766,39,2.236067977,39
13.60147051,19.72308292,13,20.80865205,12.64911064,22.47220505,11.70469991,20.80865205,11.70469991,22.47220505,13,21.63330765,13.92838828,22.20360331,11.70469991,23.02172887,13,24.41311123,12.64911064,25.23885893,15.23154621,27.80287755,13.41640786,26.2488095,13.89244399,28.42534081,14.76482306,28.60069929,16.1245155,27.20294102,17.20465053,32.20248438,17.20465053,28.60069929,17.20465053,30.23243292,18.43908891,31.40063694,17.69180601,30,19.84943324,29.68164416,17.69180601,29.15475947,17.69180601,30.01666204,17.69180601,35.51056181,19.10497317,32.64965543,19.10497317,34.4818793
14.86606875,9.848857802,17.4642492,7.071067812,15.13274595,7.280109889,18.02775638,10.81665383,17.11724277,7.211102551,18.11077028,7.071067812,18.68154169,8.062257748,16.76305461,12.36931688,18.68154169,10,20.88061302,11.04536102,23.08679276,14.14213562,21.02379604,12.16552506,25.63201124,12.04159458,26.57066051,15.13274595,28.63564213,14.56021978,32.69556545,16.2788206,32.64965543,14.14213562,35.11409973,16.1245155,37.12142239,18.24828759,35.84689666,15,38.91015292,18.02775638,38.27531842,18,38.89730068,19.10497317,41.76122604,21.09502311,41.78516483,21.09502311,43.96589587,20.02498439
5.830951895,19.6468827,7.211102551,18.97366596,8.062257748,19.92485885,9.848857802,19.72308292,10,20.61552813,10.29563014,22.47220505,9.219544457,21.9317122,11.66190379,23.40939982,13.41640786,24.69817807,12.52996409,26.40075756,14.76482306,30.46309242,15.26433752,26.41968963,15.65247584,29.68164416,16.15549442,31.38470965,13.03840481,33.12099032,14.31782106,36.7151195,15.5241747,34.98571137,15.8113883,35.77708764,14.86606875,35.77708764,16.2788206,39.44616585,17.11724277,40.70626487,17.11724277,38.01315562,17.02938637,38.48376281,22.36067977,43.38202393,20.22374842,44.77722635,21.37755833,46.09772229
12.64911064,22.02271555,12.36931688,22.6715681,14.86606875,22.20360331,13.41640786,19.72308292,11.66190379,20.1246118,9.219544457,22.36067977,10.81665383,22.13594362,9.433981132,23.40939982,9.848857802,22.13594362,9,26.92582404,9,28.16025568,10.19803903,26.68332813,10.04987562,29.15475947,9.486832981,30.6757233,10.19803903,33.83784863,10.19803903,34.53983208,10.44030651,34.43835072,11.70469991,35.11409973,11.18033989,35.77708764,11.04536102,36.35931793,11.04536102,38.48376281,12.16552506,41.23105626,15,40.31128874,16.1245155,46.81879964,15.13274595,44.38468204,14.03566885,48.10405388
3.16227766,11.66190379,2.236067977,8.602325267,5.099019514,8.485281374,3.16227766,10.81665383,5.385164807,10,1.414213562,10,2.236067977,10.81665383,3.16227766,9.899494937,3,7.071067812,2,10.63014581,3.16227766,12.04159458,2,10,2.236067977,9.219544457,2,9.219544457,4,10.63014581,1.414213562,12.20655562,1.414213562,9.899494937,1,9.899494937,0,10,1,10.63014581,1,10.63014581,1,10.63014581,1,9.219544457,1,12.04159458,1,10.63014581,2,12.80624847
1,7.810249676,2,6.403124237,1,8.062257748,1,8.485281374,1,8.602325267,1,6.403124237,0,5.656854249,1,6.403124237,1,7.211102551,1,5.656854249,1,6.403124237,1,6.403124237,0,7.071067812,0,7.071067812,1,7.071067812,0,7.810249676,1,8.485281374,2.236067977,7.071067812,2.236067977,9.219544457,2.236067977,8.485281374,3,7.810249676,2.236067977,8.602325267,1,9.433981132,2.236067977,10,2.236067977,10.29563014,3.16227766,11.66190379
20.51828453,19.23538406,19.20937271,14.31782106,17.80449381,17.2626765,18.43908891,17.11724277,14.4222051,17.2626765,14.76482306,19.6977156,15.65247584,20.88061302,13.60147051,22.13594362,15.5241747,20.61552813,16.2788206,23.76972865,16.2788206,25.07987241,15.8113883,25.05992817,17.4642492,25.55386468,19.31320792,27.78488798,18.86796226,29.41088234,18.97366596,28.8444102,21.47091055,28.60069929,21.1896201,31.06444913,21.9544984,33.28663395,22.47220505,32.20248438,25.94224354,34.13209633,23.32380758,33.12099032,24.69817807,33.10589071,29.06888371,40.71854614,28.65309756,36.67424164,28.65309756,39
5,28.8444102,7.071067812,29.15475947,5,30.01666204,3.605551275,27.29468813,4.123105626,28.63564213,4.123105626,27.73084925,7.280109889,28.23118843,2.828427125,26.83281573,5.385164807,27.78488798,7.071067812,28.65309756,7.810249676,32.75667871,6.403124237,33.28663395,7.071067812,34.13209633,6.708203932,33.83784863,8.062257748,35,8.544003745,38.60051813,7.615773106,35.60898763,7.615773106,37.44329045,6.708203932,37.53664876,6.08276253,39.05124838,5.099019514,40.80441153,6.32455532,38.60051813,2.828427125,40,3.605551275,42.43819035,3.605551275,44.40720662,5,45.48626166
26.40075756,11.40175425,24.8394847,13,25.8069758,12.08304597,23.34523506,11.66190379,24.18677324,11.66190379,24.18677324,11.66190379,25.05992817,12.08304597,23.70653918,10.63014581,23.70653918,12.80624847,20.59126028,12.72792206,23.70653918,16.2788206,22.36067977,17.02938637,21.9544984,16.40121947,25.49509757,17.02938637,26.62705391,17.02938637,25.94224354,18.43908891,27.20294102,16.40121947,26.62705391,16.2788206,31.38470965,19.41648784,29.06888371,17.20465053,28.31960452,16.97056275,28.42534081,16.2788206,29.83286778,17.02938637,29.83286778,20.80865205,32.52691193,18.60107524,32.01562119,19.41648784
18.78829423,23.34523506,15.8113883,26.2488095,15.23154621,21.63330765,13.92838828,21.9317122,17.08800749,19.41648784,17.4642492,17.20465053,21.54065923,22.20360331,21.1896201,18.86796226,10.81665383,7.280109889,25.07987241,9.899494937,27.29468813,15.8113883,26.07680962,14.4222051,23.60084744,18.35755975,25.49509757,21.09502311,26.40075756,15.26433752,26.40075756,21.40093456,25.61249695,20,28.01785145,19.20937271,29,21.9317122,24.41311123,19.84943324,24.69817807,21.9317122,26.62705391,17.80449381,25.23885893,19.84943324,31.38470965,22.20360331,30.8058436,19.72308292,33.12099032,20
29,8.485281374,27.65863337,6.403124237,26.2488095,8.062257748,25.61249695,5,24.20743687,7.810249676,24.69817807,6.403124237,23.70653918,7.071067812,23.32380758,7.615773106,20,9.219544457,21.09502311,12.04159458,25.55386468,13.03840481,25.05992817,14.2126704,27.45906044,13.60147051,27.78488798,14.4222051,28.8444102,13.89244399,32.20248438,12.20655562,29.20616373,13.60147051,30.23243292,12.52996409,32.20248438,15.26433752,31.82766093,11.3137085,32.64965543,10.81665383,31.2409987,10.81665383,31.2409987,14.86606875,34.71310992,15.65247584,32.64965543,16.55294536,34.05877273,15.26433752
7.071067812,27.78488798,5,26.92582404,7.071067812,26.40075756,5.830951895,24.41311123,3.16227766,24.69817807,5.099019514,26.40075756,4.123105626,26.40075756,4.472135955,24.59674775,6.08276253,25.07987241,7.810249676,27.31300057,8,28.65309756,8.062257748,31.06444913,9.055385138,32.01562119,7.615773106,33.60059523,8.062257748,31.40063694,9.433981132,37.64306045,5.830951895,36.12478374,6.08276253,36.23534186,4.123105626,38.20994635,3.16227766,38.89730068,3,38.20994635,1.414213562,36.12478374,4.123105626,38.28837944,3,38.83297568,3.605551275,41.40048309,4.242640687,41.77319715
8.94427191,5.830951895,10.29563014,6.403124237,9.848857802,7.211102551,8.602325267,8.602325267,9.433981132,7.211102551,10.81665383,7.810249676,10.81665383,6.403124237,10,7.810249676,10,7.810249676,12.04159458,7.810249676,12.04159458,7.810249676,12.72792206,7.810249676,12.72792206,8.485281374,13.45362405,7.810249676,12.72792206,8.485281374,14.14213562,7.810249676,13.45362405,8.062257748,13.45362405,8.062257748,13.45362405,8.602325267,13.45362405,8.94427191,13.45362405,8.544003745,12.72792206,7.615773106,13.45362405,8.544003745,14.2126704,9.848857802,14.86606875,10.44030651,14.2126704,9.848857802
23.34523506,18.78829423,21.9317122,18.78829423,21.40093456,17,21.40093456,16.15549442,22.8035085,15.5241747,22.20360331,16.55294536,21.9317122,17.08800749,23.60084744,13.89244399,25.61249695,25.49509757,28.01785145,29.27456234,29.20616373,20.88061302,27.58622845,18.02775638,28.31960452,14.56021978,26.17250466,18.02775638,29,19.72308292,30.41381265,19.6977156,30.47950131,20,27.58622845,20.24845673,28.31960452,20.80865205,31.144823,23.02172887,30.41381265,22.6715681,25.49509757,22.6715681,28.31960452,22.627417,31.2409987,25.45584412,29.83286778,23.43074903,33.61547263,22.6715681
17,24.41311123,18.02775638,23.85372088,16.40121947,20.24845673,17.20465053,20.61552813,18.86796226,20.24845673,18.86796226,21.63330765,20,18.86796226,20.80865205,20,20.80865205,19.20937271,22.6715681,19.20937271,26.07680962,19.79898987,28.01785145,19.84943324,25.8069758,21.9317122,24.20743687,22.6715681,26.2488095,24.75883681,25,25.61249695,22.8035085,27.01851217,24.75883681,24.08318916,26.2488095,26.40075756,24.75883681,25.8069758,24.08318916,27.45906044,22.8035085,27.29468813,24.18677324,26.92582404,26.83281573,27.29468813,28.17800561,26.83281573,28.7923601,26.62705391
15.8113883,12.04159458,15.13274595,15.8113883,14.31782106,12.08304597,14.03566885,13.03840481,10.19803903,16.2788206,6.708203932,22.02271555,9.848857802,21.37755833,4.472135955,22.02271555,5,19.41648784,3.16227766,27.45906044,3,24.73863375,5.385164807,29.61418579,3.16227766,31.40063694,7,32.55764119,10.44030651,36.67424164,8.602325267,34.4818793,8,37.48332963,9.486832981,38.32753579,11.18033989,40.52159918,12.08304597,41.77319715,10.44030651,44.72135955,10.77032961,43.73785546,9.848857802,51.0881591,10.63014581,50.48762225,9.433981132,52.08646657,10.44030651,0
4.123105626,36.24913792,1.414213562,37,2.236067977,37.94733192,1,35.44009029,3.605551275,33.83784863,4.472135955,32.28002478,5,32.01562119,5.385164807,28.63564213,6.708203932,27.45906044,8.062257748,26.92582404,8.544003745,27.65863337,11.66190379,26.30589288,10.44030651,25.3179778,11.40175425,22.56102835,12.16552506,23.19482701,13.60147051,22.20360331,14.14213562,21.09502311,16.03121954,20.09975124,16.1245155,22.20360331,15.03329638,21.02379604,16.03121954,20,16.1245155,21.02379604,19.02629759,17.11724277,20,18.43908891,21.09502311,18.68154169,21.09502311,17.72004515
29.54657341,17.11724277,30.6757233,16.4924225,31.38470965,14.86606875,30.6757233,13.03840481,27.51363298,11.40175425,28.86173938,12.04159458,28.16025568,11.3137085,26.92582404,10.29563014,25.70992026,10.77032961,21.84032967,13.89244399,23.76972865,14.76482306,24.04163056,15.23154621,22.8035085,15.5241747,21.1896201,15.8113883,19.31320792,17.72004515,21.54065923,18.43908891,20.24845673,18.02775638,18.38477631,19.41648784,21.02379604,19.41648784,20.24845673,18.43908891,21.47091055,21.37755833,18.97366596,20.39607805,18.02775638,22.36067977,17.4642492,24.33105012,15.8113883,24.08318916,17.08800749,27.45906044
7.810249676,27.07397274,9.219544457,29.06888371,12.72792206,26,12.72792206,24.0208243,13.60147051,22.20360331,18.02775638,23.08679276,20.61552813,19.41648784,19.31320792,16.1245155,21.84032967,15.5241747,22.09072203,11.18033989,25.3179778,14.14213562,23.08679276,13,27.16615541,13.60147051,31.06444913,12.36931688,27.07397274,11.70469991,32.24903099,11.04536102,30.06659276,13,33.01514804,12.64911064,35.0142828,11.18033989,35,14.56021978,38.11823711,10.44030651,37.05401463,11.66190379,39.11521443,11.3137085,43.0464865,12.04159458,45,11.66190379,46.09772229,8.602325267
7.071067812,23.08679276,9.899494937,20.88061302,8.94427191,21.9317122,10.19803903,25,11.04536102,19.6977156,14.31782106,19.92485885,14.14213562,19.31320792,18.02775638,17.4642492,14.03566885,15.8113883,16.1245155,13.89244399,21.21320344,13.60147051,19.10497317,10.63014581,21.09502311,12.72792206,23,9.433981132,21.02379604,10.63014581,26.01922366,10,24,12.52996409,27.01851217,12.64911064,26.01922366,10.77032961,25.17935662,13.60147051,30.06659276,15.65247584,29.01723626,18.43908891,31,19.41648784,31.01612484,25.70992026,33.06055051,22.36067977,33.13608305,24.04163056
18.68154169,13.89244399,14.56021978,16.1245155,16.15549442,15.65247584,15.5241747,18.38477631,12.52996409,16.64331698,12.64911064,17.69180601,14.14213562,21.26029163,8.246211251,19.79898987,7.280109889,17,9.219544457,20.59126028,8,23.2594067,7.071067812,23.2594067,5,20.61552813,7.280109889,22.8035085,5,20.39607805,4.472135955,24.51530134,4.472135955,25.3179778,5,29.27456234,7.211102551,29.15475947,8.602325267,31.144823,8.94427191,32.01562119,12.52996409,33.24154028,12.36931688,34.23448554,18.24828759,40,20.61552813,38.63935817,16.15549442,43.01162634
6.708203932,14.2126704,5.656854249,9.219544457,8,9.848857802,8,8.544003745,8.062257748,9.433981132,10.44030651,8.602325267,13,5.385164807,14.86606875,9.219544457,16.1245155,9.486832981,17.49285568,1.414213562,24.16609195,4.123105626,24.59674775,3.605551275,20.24845673,4.242640687,24.16609195,7.810249676,24.16609195,9.486832981,29.83286778,9.433981132,30.59411708,9.848857802,34.13209633,10,33.73425559,14.56021978,35.12833614,14.31782106,39.05124838,15.5241747,38.11823711,15.23154621,42.19004622,11.04536102,51.0881591,13,51,15.03329638,53.08483776,11.18033989
13.15294644,10.77032961,12.04159458,10.29563014,11.18033989,10.81665383,9,12.20655562,10.04987562,14.4222051,9.219544457,17.80449381,10,18.43908891,8.94427191,17.20465053,7.280109889,19.10497317,7.071067812,19.84943324,8.485281374,26.62705391,9.433981132,23.34523506,8.062257748,24.08318916,8.062257748,27.20294102,13,27.65863337,16.76305461,31.40063694,16.4924225,29.68164416,17,31.30495168,15.13274595,33.54101966,17.02938637,33.10589071,16.1245155,35.4682957,19.10497317,33.83784863,17.4642492,35.17101079,19.6468827,41.48493703,18.68154169,39.29376541,16.4924225,45.12205669
16.40121947,16.1245155,18.43908891,16.03121954,17.02938637,12.04159458,20,12.16552506,20.61552813,11.18033989,24.04163056,13.60147051,20.61552813,12.16552506,25.23885893,8.062257748,27.58622845,11.18033989,23.60084744,11.18033989,31.82766093,13.60147051,30.47950131,9.219544457,30.47950131,11.18033989,27.58622845,14.4222051,29.73213749,15,34.6554469,13.60147051,31.144823,16.15549442,32.55764119,17.08800749,33.9705755,19.41648784,33.01514804,20.88061302,33.01514804,17.4642492,33.28663395,22.36067977,35.77708764,21.54065923,41.78516483,18.24828759,40.31128874,19.23538406,40.31128874,19.10497317
14,24.08318916,13.03840481,22.8035085,13,24.75883681,12.04159458,26.17250466,11.18033989,26.17250466,13,26.40075756,10.29563014,26.62705391,11.66190379,28.31960452,8.602325267,27.80287755,11.66190379,29.83286778,11.66190379,31.89043744,13.03840481,31.2409987,13.03840481,33.30165161,14.86606875,31.82766093,15.65247584,33.9705755,15.8113883,35.38361203,15.5241747,35.4682957,13.34166406,35.60898763,16.4924225,36.40054945,20.02498439,37.44329045,18,36.35931793,16,35.84689666,17,38.47076812,16.03121954,40.71854614,16.03121954,42.05948169,18,42.15447782
17,22.02271555,16.55294536,25.55386468,18.02775638,29.15475947,16.40121947,22.8035085,15.8113883,26.07680962,15.8113883,27.45906044,16.40121947,25.23885893,14.86606875,25,16.2788206,26.62705391,16.2788206,26.40075756,17.02938637,30,16.64331698,28.60069929,17,29.06888371,16.64331698,29.06888371,18.35755975,27.65863337,20.59126028,29,20.1246118,27.58622845,19.23538406,28.42534081,20.1246118,27.65863337,20.61552813,28.42534081,19.6977156,28.8444102,19.31320792,28.01785145,18.38477631,28.3019434,18.38477631,30.88689042,17.08800749,30.01666204,18.38477631,30.88689042
9.433981132,16.40121947,8.062257748,15.62049935,8.602325267,15.62049935,9.433981132,14.86606875,8.602325267,13.45362405,8.602325267,17.02938637,9.219544457,15.55634919,7.810249676,15.55634919,7.211102551,15.55634919,9.433981132,15.62049935,9.433981132,16.2788206,9.219544457,15.8113883,9.219544457,15.62049935,9.899494937,16.40121947,9.219544457,14.86606875,9.219544457,17.20465053,7.071067812,15,11.3137085,15,9.219544457,16.40121947,8.602325267,15.8113883,8.602325267,15.8113883,8.062257748,15.8113883,8.062257748,13.89244399,8.94427191,15.26433752,9.433981132,15.26433752,9.486832981,13.89244399
16,24.41311123,15.03329638,22.8035085,15,26.2488095,13,24.75883681,13.34166406,24.75883681,14.14213562,27.65863337,13.92838828,28.42534081,13.41640786,29.06888371,13,29.20616373,13.60147051,29.41088234,15.26433752,31.6227766,12.80624847,30.23243292,13.45362405,32.44996148,15.8113883,30.61045573,15.26433752,31.89043744,15.26433752,31.2409987,15.65247584,33.60059523,16.15549442,30,15.8113883,32.64965543,16.2788206,30.41381265,16.76305461,29.73213749,17.02938637,30.47950131,16,28.28427125,17,30.41381265,15.13274595,30.47950131,17.4642492,29.73213749
12.80624847,12.08304597,12.80624847,12.52996409,12.72792206,13.92838828,14.14213562,12.52996409,12.72792206,13.41640786,13.45362405,11.66190379,14.2126704,13.60147051,12.80624847,12.80624847,13.60147051,12.72792206,14.2126704,11.3137085,16.40121947,14.14213562,14.2126704,12.80624847,14.86606875,12.80624847,14.86606875,12.80624847,14.2126704,12.80624847,15.55634919,14.4222051,14.14213562,13.89244399,14.14213562,13.60147051,15.62049935,14.4222051,14.86606875,13.41640786,14.86606875,13.41640786,13.45362405,14.31782106,14.2126704,13,15,12.64911064,14.2126704,13,15.8113883,12.64911064
2.236067977,17.02938637,3.605551275,18.02775638,4.123105626,18.60107524,2.236067977,18.43908891,3.16227766,17.80449381,2.236067977,17.69180601,2.236067977,19.10497317,3,19.79898987,1,18.38477631,1.414213562,17.69180601,2.828427125,21.26029163,1,20.51828453,0,20.51828453,2.828427125,20.51828453,2,20.51828453,2.236067977,22.6715681,1,19.84943324,2.236067977,19.79898987,3.16227766,20.51828453,4.472135955,19.84943324,4.123105626,19.10497317,4.123105626,19.84943324,3.605551275,17.69180601,5,20.51828453,6.708203932,19.84943324,5.656854249,19.10497317
28.3019434,6.403124237,28.8444102,7.615773106,33.01514804,7.615773106,29.20616373,7.280109889,30.61045573,6.708203932,32.80243893,6.32455532,33.24154028,6.08276253,33.9411255,4,32.55764119,3.16227766,32.55764119,4,36.79673899,2.236067977,35.38361203,2.236067977,36.79673899,0,34.6554469,2.236067977,35.4682957,1,36.76955262,2.828427125,36.79673899,4.242640687,35.35533906,4.242640687,36.12478374,5.656854249,35.4682957,5,35.4682957,7.211102551,33.9705755,8.485281374,31.82766093,7.615773106,35.38361203,9.848857802,34.05877273,10.81665383,34.71310992,9.848857802
7,10,7.071067812,9.219544457,7.071067812,10.63014581,6.32455532,11.3137085,7.280109889,9.899494937,7.280109889,11.3137085,7.280109889,11.3137085,6.708203932,12.04159458,7.211102551,12.04159458,7.211102551,11.3137085,8.602325267,12.72792206,6.403124237,14.86606875,7.810249676,13.45362405,8.485281374,12.72792206,8.485281374,12.80624847,9.219544457,13.45362405,9.219544457,12.72792206,7.810249676,12.80624847,8.062257748,12.80624847,9.848857802,13.45362405,10.29563014,12.04159458,8.062257748,12.20655562,7.211102551,11.40175425,7.615773106,13.89244399,8.544003745,14.2126704,8.544003745,15
23.08679276,15,24.04163056,16.64331698,25.63201124,17,24.59674775,18.02775638,24.16609195,20,25.05992817,20.24845673,25.55386468,20.80865205,26.07680962,19.20937271,26.07680962,21.26029163,27.65863337,18.60107524,29.73213749,21.26029163,30.41381265,21.26029163,30.41381265,20.51828453,31.144823,21.21320344,30.41381265,20.61552813,33.9705755,20.61552813,33.24154028,19.72308292,31.82766093,20,33.24154028,20.24845673,32.55764119,20.24845673,31.82766093,19.72308292,30.47950131,19.72308292,31.2409987,21.02379604,31.144823,24.69817807,29.83286778,23.2594067,32.01562119,22.84731932
9.848857802,3.605551275,7.615773106,3,10.81665383,5,10.63014581,5.830951895,12.52996409,5.830951895,10.81665383,5.385164807,11.40175425,4,10.81665383,5,13.03840481,5,15.26433752,5.099019514,13.45362405,5.385164807,12.72792206,5.385164807,12.80624847,4.472135955,14.86606875,3.605551275,12.72792206,4.242640687,13.45362405,3,14.2126704,3.605551275,14.14213562,2.828427125,14.14213562,3.605551275,14.14213562,2,14.14213562,2.236067977,14.86606875,3,14.2126704,3,15.62049935,4.123105626,15.62049935,5.099019514,14.86606875,5
10.44030651,22.13594362,12.64911064,22.36067977,11.66190379,24.16609195,13.41640786,22.47220505,13.60147051,23.02172887,13.89244399,26.62705391,13.60147051,26.40075756,13.60147051,27.65863337,12.72792206,28.42534081,12.72792206,30.47950131,14.86606875,30.41381265,14.4222051,31.82766093,14.76482306,33.24154028,13.89244399,33.9705755,13.60147051,32.52691193,15.8113883,35.35533906,13.34166406,34.6554469,15.29705854,33.30165161,13.60147051,35.35533906,15.13274595,33.9411255,15,33.30165161,15.03329638,33.24154028,17.02938637,31.2409987,20.09975124,33.30165161,20.09975124,31.144823,21.21320344,31.89043744
12.04159458,6.32455532,11.40175425,6.708203932,10.63014581,6.32455532,12.72792206,5.385164807,12.04159458,5.830951895,12.80624847,7.071067812,12.04159458,7.810249676,12.72792206,6.403124237,13.45362405,8.062257748,12.80624847,7.810249676,14.2126704,10.29563014,12.80624847,8.94427191,13.60147051,8.062257748,13.60147051,9.433981132,13.60147051,10.29563014,14.76482306,10.29563014,13.41640786,9.433981132,13.41640786,9.433981132,13.89244399,8.94427191,13.41640786,8.544003745,13.92838828,8.94427191,13.41640786,7.615773106,13.92838828,7.615773106,15.8113883,8.246211251,15.23154621,7.615773106,15.65247584,8.544003745
11.66190379,7.615773106,13.60147051,8.062257748,14.2126704,8.062257748,14.14213562,8.602325267,14.86606875,7.211102551,15.62049935,8.062257748,15.62049935,7.810249676,15.55634919,7.071067812,15.55634919,8.602325267,15.62049935,7.071067812,17.69180601,9.433981132,17.80449381,8.602325267,17.02938637,8.602325267,16.97056275,7.615773106,17.69180601,7.615773106,19.10497317,8.94427191,18.38477631,8.544003745,16.97056275,9.219544457,17.69180601,8.246211251,17.02938637,8.246211251,16.2788206,8.246211251,17.69180601,9.219544457,16.2788206,9.219544457,16.97056275,11.04536102,15.55634919,10.19803903,16.2788206,10.77032961
11.66190379,10.81665383,11.40175425,10.81665383,10.81665383,11.66190379,11.40175425,12.04159458,12.04159458,10.63014581,12.04159458,12.80624847,12.04159458,13.45362405,12.72792206,13.45362405,13.45362405,12.72792206,12.80624847,11.3137085,13.45362405,14.86606875,12.20655562,14.2126704,13.60147051,13.45362405,13.60147051,14.86606875,13.03840481,14.86606875,14.4222051,15.55634919,13.89244399,15.55634919,13.41640786,14.86606875,13.41640786,15.55634919,13.41640786,15.62049935,13,15.55634919,13,14.86606875,14.31782106,16.97056275,15.23154621,15,15.65247584,15.62049935,15.65247584,15.62049935
3.16227766,14.86606875,2,13.45362405,2.236067977,12.80624847,2,14.86606875,2.236067977,14.14213562,1.414213562,15.62049935,1.414213562,16.40121947,2,14.86606875,2,15.55634919,3,14.86606875,3.16227766,18.38477631,4.123105626,16.97056275,3,16.2788206,4.123105626,16.2788206,4.123105626,16.2788206,5,17.80449381,5.099019514,17.02938637,3.16227766,16.40121947,4.123105626,17.80449381,4.123105626,16.40121947,5.099019514,17.20465053,5.385164807,15.8113883,5.385164807,16.1245155,5.385164807,17.49285568,6.32455532,18.02775638,4.242640687,18.02775638
9.219544457,3.16227766,10.81665383,3.16227766,10.63014581,3.16227766,11.66190379,3.605551275,10.81665383,2.828427125,11.40175425,3.605551275,10.63014581,3.605551275,10.63014581,4.472135955,12.04159458,3.605551275,10.63014581,4.123105626,13.45362405,5.385164807,12.80624847,5.099019514,12.04159458,4.123105626,12.80624847,5.099019514,12.20655562,5.830951895,14.4222051,6.32455532,13.60147051,6.32455532,13.03840481,5.099019514,13.41640786,5.385164807,12.52996409,6,12.52996409,5.099019514,13.89244399,5.385164807,13.41640786,6,14.31782106,5,14.76482306,5.099019514,14.31782106,5
14.4222051,5.385164807,13.60147051,5.099019514,15.62049935,5.385164807,15.8113883,4.242640687,16.2788206,4.242640687,15,5.830951895,14.86606875,5,14.86606875,6.32455532,14.86606875,5.830951895,14.86606875,5.099019514,16.97056275,8,16.97056275,6,17.69180601,6.08276253,17.02938637,6.32455532,17.02938637,7.071067812,17.20465053,8.062257748,18.02775638,8.062257748,16.64331698,7.071067812,17.20465053,7,16.64331698,7,17,8,17.88854382,7,17,6.08276253,17.88854382,7.071067812,18.35755975,7,17.88854382,6.08276253
4.123105626,15.55634919,5,16.2788206,3.605551275,16.2788206,5,14.2126704,3.605551275,13.60147051,5.830951895,15.55634919,5,16.2788206,2.828427125,13.89244399,6.708203932,20.61552813,4.472135955,21.40093456,4.472135955,18.02775638,5,17.80449381,7,15,7,17.02938637,7.071067812,14.86606875,6,17.20465053,6.08276253,16.2788206,7.071067812,17.02938637,8.062257748,16.2788206,8,16.2788206,8,16.2788206,10.19803903,14.86606875,8.062257748,15.55634919,10.04987562,15.55634919,10,16.97056275,10.04987562,15.62049935
12.64911064,15.62049935,11.18033989,14.86606875,13.03840481,14.2126704,13,15.62049935,10.29563014,16.40121947,13.03840481,17.02938637,11.40175425,15.62049935,12.04159458,18.02775638,12.04159458,17.02938637,11.40175425,15.8113883,13.45362405,18.02775638,11.40175425,16.64331698,10.63014581,17.20465053,12.52996409,16.64331698,11.18033989,16.64331698,12.08304597,18.02775638,12.08304597,16.64331698,12.64911064,15.8113883,13,15,9.848857802,14.4222051,12.08304597,18.02775638,11.40175425,15,12.64911064,14.4222051,14.31782106,12.80624847,13.60147051,13.60147051,14.86606875,14.4222051
9.848857802,13.89244399,10.29563014,14.4222051,10,13.03840481,10.63014581,14.4222051,9.899494937,13.03840481,11.40175425,14.4222051,10.81665383,14.4222051,10.81665383,13.60147051,11.18033989,14.2126704,10.29563014,13.45362405,12.08304597,16.2788206,12.08304597,14.2126704,11.70469991,14.14213562,11.70469991,13.45362405,11.70469991,13.45362405,14.31782106,14.86606875,12.16552506,14.2126704,11.40175425,15,12.16552506,14.4222051,12.04159458,13.60147051,12.16552506,13.89244399,11.04536102,13.60147051,9.055385138,12.20655562,11,14.4222051,12,13.89244399,10.04987562,14.76482306
13.89244399,1.414213562,12.52996409,1,13.89244399,2.236067977,13.60147051,4,13.03840481,2.828427125,13.03840481,2.828427125,12.20655562,2,12.52996409,2.828427125,13.45362405,3.16227766,13.45362405,4.472135955,14.2126704,5.385164807,14.14213562,5,16.2788206,7.071067812,15.55634919,5.656854249,14.14213562,3.605551275,15.55634919,5.385164807,14.86606875,5,15.55634919,4.242640687,14.86606875,5.099019514,17.02938637,4.472135955,15.62049935,2.828427125,16.40121947,3.605551275,15.55634919,3.605551275,16.64331698,4,15.8113883,5.099019514,16.1245155,3.605551275
13.89244399,16.1245155,14.31782106,14.76482306,16.15549442,14.4222051,16.55294536,13.60147051,15.65247584,12.80624847,15.23154621,14.2126704,16.55294536,13.45362405,13.92838828,13.45362405,15.5241747,14.2126704,13.34166406,12.80624847,13.92838828,14.2126704,13.60147051,13.60147051,13.60147051,13.03840481,13.34166406,13.41640786,11.70469991,13.41640786,12.36931688,13.89244399,12.64911064,13.89244399,10.19803903,14.31782106,9.219544457,13.41640786,10.04987562,13.41640786,9.055385138,13,9.055385138,14.31782106,8.062257748,14.31782106,7.071067812,15.65247584,9,13.92838828,8,15.8113883
10.77032961,7.280109889,11.18033989,6.08276253,10.29563014,7.280109889,10.81665383,5.099019514,11.18033989,8.062257748,11.40175425,5.099019514,10.29563014,7.280109889,11.66190379,6.32455532,12.20655562,7.280109889,12.72792206,5.830951895,14.2126704,6.708203932,14.2126704,5.385164807,13.45362405,5.099019514,17.02938637,9.433981132,14.2126704,6.08276253,16.2788206,7.615773106,13.45362405,8.602325267,14.4222051,8.485281374,14.86606875,8.485281374,13.60147051,7.071067812,14.2126704,7.810249676,14.86606875,7.810249676,14.2126704,5.830951895,15,7.211102551,15.62049935,8.602325267,16.40121947,8.062257748
18.02775638,24.08318916,16.76305461,24.75883681,19.31320792,24.75883681,17.49285568,25.61249695,17.4642492,24.75883681,18.86796226,25.61249695,18.02775638,24.8394847,17.20465053,23.60084744,17.02938637,23.34523506,16.2788206,24.8394847,16.2788206,27.65863337,17.02938637,26.2488095,17.80449381,26.2488095,17.69180601,26.90724809,19.20937271,24.8394847,18.43908891,27.65863337,19.20937271,26.90724809,17.80449381,26.17250466,18.60107524,26.87005769,20.1246118,25.45584412,19.72308292,25.49509757,20.1246118,24.75883681,16.15549442,26.2488095,18.02775638,28.42534081,17.72004515,27.58622845,19.92485885,28.31960452
16.2788206,5.830951895,16.97056275,5.830951895,17.69180601,5.099019514,18.43908891,4.123105626,16.97056275,4,16.97056275,4.472135955,16.97056275,3.16227766,15.62049935,3.605551275,15.62049935,3.16227766,15.62049935,4.242640687,16.40121947,4.242640687,15,5,15.8113883,3.605551275,15.62049935,4.472135955,16.2788206,3.605551275,16.40121947,3.605551275,15.62049935,2.828427125,14.2126704,3.605551275,15.62049935,3.605551275,14.4222051,4.472135955,14.2126704,3.605551275,15,3.16227766,13.60147051,3.16227766,14.4222051,4.123105626,14.4222051,3.605551275,13.89244399,5.385164807
48.76474136,108.9311709,38.32753579,105.5130324,63.12685641,102.2007828,50.009999,96.50906693,48.16637832,89.81091248,58.30951895,95.90099061,54.23098745,85.42833254,49.81967483,81.90848552,42.05948169,81.0246876,51.0881591,56.08921465,56,68.02940541,46.17358552,63.97655821,32.75667871,75.23961722,40.04996879,47.50789408,35.90264614,31.57530681,43.01162634,36.05551275,32.57299495,47.41307836,44.41846463,35.51056181,34.13209633,40.71854614,37.20215048,29.41088234,29.20616373,36.23534186,33.9705755,25,33.28663395,39.66106403,42.72001873,31.82766093,59.48108943,39.96248241,52.15361924,26.90724809
23.76972865,19.20937271,23.76972865,20,23.76972865,19.79898987,26.92582404,16.97056275,22.47220505,16.40121947,22.47220505,17.02938637,21.54065923,17.20465053,20.61552813,15.26433752,20.1246118,18.35755975,17.4642492,15.65247584,21.1896201,17.88854382,18.38477631,16.1245155,18.97366596,17,16.15549442,18.78829423,16.55294536,16.1245155,17.49285568,17.08800749,16.1245155,17.20465053,14.31782106,17.88854382,15,17.88854382,13.89244399,18.35755975,13.60147051,19.23538406,13.45362405,15.8113883,12.20655562,17.4642492,14.86606875,20.59126028,13.45362405,19.72308292,14.2126704,19.72308292
21.02379604,22.8035085,21.02379604,22.02271555,21.47091055,23.34523506,24.04163056,21.9317122,21.9317122,19.10497317,20.59126028,20.51828453,22.36067977,19.20937271,20.1246118,18.60107524,19.23538406,17.49285568,18.78829423,17.80449381,18.38477631,20.61552813,17.4642492,18.60107524,19.31320792,20.80865205,17.49285568,19.41648784,15.65247584,18.43908891,17.49285568,21.09502311,16.1245155,19.72308292,15,19.23538406,15,20.24845673,15.26433752,19.23538406,14.2126704,19.23538406,15,18.86796226,12.80624847,20.24845673,13.45362405,21.9544984,13.45362405,20.51828453,12.80624847,20
19.31320792,24.20743687,20.24845673,22.8035085,18.38477631,23.34523506,20.88061302,23.60084744,20.24845673,20.51828453,21.54065923,19.84943324,19.6977156,22.02271555,18.78829423,20.61552813,17.72004515,20,17.08800749,18.38477631,17.72004515,20.80865205,17.4642492,18.60107524,15.5241747,21.9544984,17.08800749,21.63330765,15.65247584,20.24845673,13.41640786,22.47220505,15.8113883,22.20360331,13.41640786,20.1246118,11.70469991,22.20360331,12.08304597,22.47220505,10.81665383,22.20360331,12.20655562,20.24845673,11.40175425,18.86796226,10,23.60084744,12.04159458,20.80865205,12.20655562,22.8035085
6.403124237,33.01514804,8.94427191,32.20248438,8.94427191,32.01562119,10.44030651,31.40063694,10.77032961,29.20616373,9.486832981,29.83286778,9.848857802,28.42534081,11.40175425,27.65863337,9.486832981,28.31960452,7.071067812,25.45584412,10.04987562,26.87005769,9.055385138,28.31960452,8,26.87005769,7.280109889,26.87005769,7.615773106,26.17250466,10.44030651,26.90724809,8.246211251,26.90724809,7.071067812,25.49509757,8.062257748,26.90724809,6.08276253,26.2488095,5.385164807,26.2488095,5.385164807,26.17250466,5.099019514,24.8394847,7.280109889,26.90724809,5.385164807,26.87005769,4.472135955,26.90724809
26.40075756,20.24845673,25.61249695,20.24845673,24.08318916,19.41648784,25,20.59126028,21.9317122,19.72308292,22.02271555,19.20937271,22.02271555,20.80865205,20.51828453,18.02775638,20.51828453,18.02775638,19.79898987,14.4222051,21.21320344,16.1245155,19.84943324,15.26433752,21.26029163,15.26433752,21.40093456,16.1245155,20,14.76482306,20.51828453,13.89244399,21.26029163,14.86606875,20.51828453,15.62049935,20.51828453,14.86606875,17.80449381,11.3137085,19.79898987,15.62049935,19.79898987,12.72792206,17.80449381,14.14213562,19.84943324,14.14213562,19.41648784,14.86606875,19.41648784,15
2.236067977,29.83286778,2,29.83286778,2,29.83286778,2,29.20616373,3,29.73213749,3.16227766,29.06888371,2,27.80287755,2.828427125,27.01851217,3.16227766,27.20294102,2,24.41311123,1,28.8444102,1.414213562,27.45906044,3.605551275,25.23885893,2.236067977,26.62705391,1.414213562,25.23885893,2.236067977,27.29468813,1,26.07680962,1,23.85372088,1,22.47220505,1,24.69817807,2.236067977,22.20360331,1.414213562,24.18677324,2.236067977,21.9544984,1,23.70653918,3.16227766,23.32380758,2,23.76972865
31.40063694,7.071067812,32.80243893,6.708203932,30.61045573,8.062257748,32.20248438,8.544003745,29.83286778,8.94427191,30.61045573,8.062257748,28.60069929,8.94427191,27.80287755,7.280109889,26.40075756,8.544003745,26.62705391,8.602325267,29.41088234,7.615773106,28.8444102,8.246211251,28.3019434,8.246211251,26.07680962,7.280109889,24.41311123,8.062257748,28.01785145,7.280109889,25.23885893,8.246211251,24.41311123,6.32455532,25.23885893,8.246211251,23.70653918,6.08276253,23.60084744,6.708203932,24.18677324,6.32455532,20.80865205,5.385164807,23.02172887,5.385164807,23.2594067,7.615773106,21.54065923,6.08276253
22.627417,25.61249695,21.21320344,25.61249695,22.6715681,25,22.6715681,25.61249695,21.40093456,24.41311123,22.6715681,24.69817807,22.8035085,23.32380758,21.40093456,22.36067977,20.61552813,23.70653918,20.80865205,22.84731932,21.09502311,25.07987241,20.59126028,24.69817807,20.24845673,23.76972865,18.02775638,23.08679276,18.02775638,20.88061302,19.6468827,21.1896201,19.41648784,23.08679276,18.24828759,20.24845673,19.10497317,19.92485885,19,20.61552813,18,18.97366596,18.02775638,19.23538406,18.43908891,17.2626765,20.22374842,18.11077028,18.02775638,20.02498439,18.02775638,17
23.70653918,20.59126028,23.70653918,20.24845673,22.82542442,21.02379604,22.13594362,23.40939982,21.54065923,19.6468827,23.08679276,22.36067977,21.37755833,22.20360331,19.41648784,22.09072203,19.10497317,20,19.02629759,23.34523506,19.10497317,23.34523506,18,22.56102835,15.03329638,22.8035085,17,22.84731932,17.02938637,22.36067977,15.03329638,23.85372088,15.29705854,25.23885893,13.92838828,20.61552813,14.31782106,24.04163056,14.31782106,24.75883681,13.89244399,24.20743687,13.92838828,24.20743687,15,23.02172887,15.8113883,27.78488798,14.86606875,27.29468813,16.2788206,29.96664813
14.86606875,7.280109889,13.60147051,8.246211251,13.60147051,7.071067812,15.8113883,7.280109889,13.89244399,7.071067812,12.52996409,7.615773106,15.65247584,7.071067812,13.03840481,8.062257748,13.89244399,7.071067812,12.52996409,4.123105626,13,7.071067812,12.36931688,6.32455532,13.92838828,6.32455532,12.36931688,6.32455532,11.40175425,5.385164807,10.44030651,6.403124237,11.40175425,5.830951895,10.44030651,5,10.04987562,5.656854249,9.219544457,5.656854249,10.19803903,5,9.219544457,5,8.246211251,6.708203932,9.055385138,7.810249676,10.19803903,6.708203932,8.246211251,8.544003745
3.16227766,17.80449381,3.605551275,15.26433752,2.828427125,14.4222051,4,17.20465053,1,15,1.414213562,15.26433752,2,13.60147051,1.414213562,15.26433752,1.414213562,14.31782106,3.16227766,14.31782106,3.16227766,13.92838828,3.16227766,13.60147051,2,13.60147051,3.16227766,14.31782106,1,11.70469991,2.236067977,13.34166406,3.16227766,13.15294644,3,12.16552506,4.123105626,13,2,11.40175425,4.123105626,11.18033989,3.16227766,12.16552506,4.123105626,9.055385138,4.472135955,10.44030651,5,12.16552506,3.605551275,9.055385138
13.89244399,15.62049935,13.41640786,14.86606875,14.76482306,15.55634919,13.41640786,15.8113883,12.52996409,15,12.08304597,13.03840481,10.29563014,14.4222051,11.18033989,13.41640786,11.70469991,13,12.08304597,12.64911064,12.08304597,11.70469991,11.66190379,14.31782106,11.18033989,13.92838828,12.20655562,12.16552506,9.433981132,13.34166406,10.81665383,13.15294644,10.29563014,13.03840481,10.81665383,12,10.81665383,12.04159458,9.219544457,12.04159458,10.29563014,13,8.062257748,12,7.211102551,10.04987562,7.211102551,12.16552506,8.544003745,12.36931688,7.211102551,11.70469991
12.80624847,19.72308292,12.04159458,18.86796226,13.45362405,19.41648784,12.04159458,18.02775638,12.04159458,17.49285568,11.40175425,16.64331698,13.60147051,15.65247584,13.41640786,16.1245155,11.18033989,14.76482306,11.18033989,13.41640786,11.70469991,14.31782106,10.44030651,16.15549442,9.848857802,14.31782106,9.486832981,13.92838828,9.486832981,13.92838828,12.36931688,15.8113883,9.219544457,13.92838828,7.071067812,14.56021978,8.062257748,13.92838828,7.071067812,13.60147051,8.062257748,12.16552506,8,12.36931688,8.246211251,11.40175425,9.055385138,12.04159458,10,11.04536102,9.219544457,12.04159458
19.41648784,5.830951895,19.41648784,5,20,4,18.02775638,3.605551275,17.80449381,5,18.43908891,6.403124237,18.35755975,4.123105626,16.15549442,4.472135955,19.10497317,6.708203932,14.76482306,1,17.4642492,3.605551275,16.15549442,3.605551275,16.15549442,5.099019514,15.23154621,4.472135955,12.52996409,5,15.8113883,5,14.86606875,3.605551275,13.60147051,4.472135955,15.29705854,7.071067812,13.15294644,5.830951895,13.34166406,5,12.04159458,6.32455532,13.34166406,4.472135955,14.03566885,6.32455532,14,4.472135955,13.03840481,5.385164807
24.8394847,1.414213562,23.60084744,1.414213562,24.20743687,0,23.60084744,2.236067977,22.8035085,1,24.20743687,2.236067977,23.02172887,1.414213562,24.18677324,2.828427125,21.9544984,2.236067977,20.80865205,2.236067977,23.32380758,2.236067977,21.47091055,2.236067977,21.47091055,3,22.36067977,3.16227766,20.1246118,3.16227766,22.84731932,3.16227766,21.54065923,3,20.1246118,3.16227766,18.78829423,3,19.92485885,3.16227766,18.97366596,3,18.38477631,2,17.08800749,1,18.68154169,1.414213562,18.24828759,2.236067977,18.24828759,2.828427125
13.45362405,6.403124237,15.62049935,7.211102551,13.60147051,8.062257748,15.62049935,6.08276253,14.2126704,7.615773106,14.4222051,8.062257748,14.4222051,6.708203932,13.03840481,8.062257748,12.64911064,7.071067812,11.18033989,7.280109889,13.41640786,7.280109889,12.52996409,7.615773106,11.18033989,7.071067812,10.77032961,7.280109889,9.433981132,5.385164807,12.08304597,7.280109889,11.70469991,5.385164807,9.486832981,7.071067812,10.04987562,5.099019514,8.544003745,5.385164807,8.246211251,6.32455532,8.246211251,5.385164807,8.246211251,5,7.071067812,5.830951895,9.055385138,4.472135955,9.219544457,5.656854249
8.602325267,10.81665383,9.433981132,10,8.602325267,10.63014581,8.062257748,9.433981132,8.062257748,11.18033989,8.602325267,9.848857802,9.848857802,9.848857802,9.486832981,8.544003745,7.615773106,7.615773106,7.810249676,8.94427191,10.19803903,9.486832981,8.544003745,8.062257748,6.708203932,7.280109889,5.385164807,8.544003745,6.708203932,7.280109889,7.280109889,7.280109889,7.280109889,7.071067812,7.071067812,8.062257748,6,7.071067812,5.099019514,6.08276253,5.099019514,7.280109889,5,6.32455532,7.071067812,6.708203932,6.08276253,8.062257748,6.08276253,7.211102551,6.08276253,8.94427191
17.02938637,5.656854249,16.40121947,6.708203932,17.20465053,8.062257748,15.62049935,6.403124237,15,6.403124237,17.49285568,7.810249676,16.64331698,5,15.62049935,5,16.64331698,3.605551275,13.41640786,6.403124237,17.4642492,5.656854249,14.76482306,4.472135955,14.86606875,3.605551275,15.65247584,4.472135955,13.60147051,5,15.65247584,4.242640687,13.41640786,4.242640687,13.41640786,5,12.08304597,5.656854249,13.60147051,3.605551275,11.18033989,3,11.40175425,4.123105626,10.77032961,3.605551275,11.70469991,5,11.04536102,3,12.36931688,4.123105626
30.61045573,10.77032961,27.80287755,10.19803903,29.06888371,8.94427191,29.73213749,9.848857802,29,7.071067812,27.58622845,6.32455532,30.61045573,7.280109889,27.80287755,6.08276253,27.80287755,4.123105626,30,6.08276253,30.47950131,7.071067812,31.90611227,7.280109889,28.01785145,6.403124237,29.41088234,5.656854249,28.60069929,6.403124237,31.90611227,5,30.8058436,7.280109889,28.01785145,8.246211251,32.44996148,8.062257748,30.23243292,10,30.23243292,13,29.68164416,12,28.01785145,15.03329638,30.61045573,17.11724277,30,17,32.01562119,18.11077028
5.656854249,24.75883681,7.211102551,25.49509757,6.403124237,25.45584412,6.708203932,23.34523506,6.403124237,23.34523506,7.211102551,23.43074903,7.211102551,21.21320344,6.708203932,21.21320344,7.615773106,21.9317122,5.099019514,19.84943324,7.280109889,22.02271555,5.830951895,21.40093456,5.099019514,18.86796226,5.099019514,19.41648784,4.472135955,19.20937271,6.08276253,20.80865205,5.830951895,18.86796226,4,19.20937271,3.605551275,20,4.123105626,19.72308292,3,18.86796226,3.16227766,19.72308292,3.16227766,17,4.123105626,19.23538406,3.16227766,16.55294536,6.08276253,19.31320792
6.708203932,16.97056275,7.810249676,17.20465053,8.602325267,16.97056275,7.810249676,17.02938637,8.602325267,16.40121947,8.485281374,16.40121947,7.071067812,16.40121947,7.071067812,15.62049935,7.810249676,14.86606875,6.403124237,14.2126704,7.071067812,16.40121947,6.32455532,15.26433752,7.615773106,14.2126704,7.211102551,15,8.062257748,13.45362405,6.708203932,16.40121947,6.403124237,15,5.385164807,12.80624847,6.708203932,13.60147051,6.32455532,13.60147051,5.385164807,13.60147051,6.32455532,13.60147051,6.08276253,12.20655562,7,13.60147051,6.08276253,13.41640786,7.071067812,12.52996409
38.28837944,3.605551275,39.59797975,6.32455532,38.94868419,7.280109889,35.38361203,8.544003745,33.24154028,4.472135955,32.55764119,7.071067812,29.73213749,5.830951895,29,4.472135955,26.17250466,1.414213562,27.65863337,2,28.31960452,2,25.49509757,3.16227766,27.01851217,0,26.2488095,3.605551275,26.07680962,4,28.01785145,4,28.65309756,2,29.41088234,5.385164807,26.92582404,7,30.41381265,3,28.23118843,4,26.57066051,2.236067977,29.15475947,2.236067977,30.6757233,4.472135955,30.8058436,4.472135955,27.89265136,3.16227766
31.144823,3.605551275,31.144823,3.16227766,30.41381265,4.123105626,30,1,29,2.236067977,26.90724809,1,27.65863337,1,24.8394847,3.605551275,25.61249695,2.828427125,24.20743687,4.123105626,26.2488095,3.605551275,23.43074903,5,25.61249695,4.472135955,24.41311123,5.656854249,24.20743687,4.242640687,25,4.472135955,23.60084744,4.472135955,23.60084744,5.656854249,25.61249695,5.656854249,24.69817807,6.708203932,24.41311123,3.605551275,26.07680962,5,23.60084744,3.605551275,24.41311123,5.656854249,23.02172887,3.605551275,24.18677324,2.828427125
9.486832981,3.16227766,8.544003745,3,9.486832981,4,9.848857802,5,8.544003745,2.236067977,10,5.099019514,9.433981132,4.123105626,9.219544457,5.385164807,10.63014581,4.242640687,8.485281374,4.242640687,12.20655562,5.656854249,10.81665383,5.656854249,11.18033989,5,11.66190379,4.123105626,11.66190379,4.123105626,10.81665383,5.385164807,10.29563014,5,12.08304597,6.08276253,10.77032961,4.472135955,12.08304597,7.071067812,10.77032961,5.099019514,10.77032961,5.099019514,10.77032961,6,11.18033989,7.071067812,9.219544457,6.08276253,9.219544457,6
18.43908891,33.52610923,12.04159458,33.52610923,15.55634919,35.44009029,11.70469991,37.94733192,12.04159458,35.4682957,13.03840481,29.15475947,12.52996409,32.20248438,12.04159458,26.41968963,13,31.78049716,21.09502311,29.15475947,17.02938637,32.01562119,21.1896201,28.3019434,18.43908891,25.05992817,17.4642492,22.47220505,21.02379604,21.21320344,22.02271555,19.41648784,26.30589288,23.43074903,26.92582404,16.97056275,25.70992026,20.61552813,29.15475947,13.03840481,27.16615541,13.45362405,28.86173938,11.66190379,31.144823,11.70469991,34.0147027,9.055385138,33.13608305,11.04536102,35.0142828,12.36931688
4.123105626,6,4.123105626,8,3.605551275,8.062257748,3,7.280109889,4.123105626,7.615773106,5,7.071067812,3.16227766,7.615773106,3,6.708203932,2.236067977,6.708203932,1.414213562,8.544003745,1.414213562,10.63014581,2,8.602325267,3.16227766,11.40175425,2.236067977,11.40175425,2.236067977,11.40175425,2.236067977,11.66190379,4,11.40175425,3.16227766,10.63014581,3.605551275,10.63014581,3.605551275,12.04159458,3.605551275,10.81665383,3.16227766,11.40175425,4.123105626,11.40175425,4.123105626,12.04159458,7.071067812,12.72792206,5.099019514,11.40175425
16.76305461,4.123105626,15.8113883,5.099019514,17.08800749,6,16.1245155,8.062257748,17,7.071067812,16.1245155,7.071067812,16.64331698,6.32455532,15.8113883,6.32455532,16.40121947,7.280109889,16.97056275,7.280109889,18.43908891,6.708203932,19.10497317,6.708203932,18.38477631,7.211102551,19.79898987,5,20.51828453,6.708203932,20.51828453,5.656854249,19.84943324,5.656854249,19.79898987,6.403124237,20.51828453,5,20,5.830951895,20.61552813,4.242640687,20,6.32455532,19.20937271,6.32455532,20.61552813,7.280109889,20,6.08276253,18.60107524,7.071067812
26.40075756,5.385164807,29.06888371,7.810249676,28.31960452,8.94427191,24.75883681,5.830951895,24.04163056,7.810249676,26.17250466,9.219544457,22.8035085,10.44030651,26.40075756,8.246211251,23.34523506,9.219544457,27.20294102,9.055385138,28.01785145,9.219544457,31.06444913,7.280109889,30.23243292,5.830951895,30,6.32455532,30.8058436,7.810249676,33.01514804,6.403124237,32.44996148,3.605551275,28.42534081,5,31.6227766,4.123105626,31.90611227,5.099019514,32.44996148,7.071067812,30.88689042,10.04987562,32.20248438,9.219544457,33.01514804,14.14213562,29.41088234,12.16552506,30.8058436,15.65247584
26.92582404,10.04987562,27.29468813,11.18033989,28.42534081,10.63014581,29.41088234,11.40175425,27.01851217,9.433981132,29.83286778,15.23154621,29.73213749,13.34166406,28.28427125,13.15294644,29.73213749,15.8113883,26.2488095,18.02775638,30.61045573,18.43908891,30.8058436,18.11077028,30.52867504,20,30.01666204,17.02938637,29.52964612,18.11077028,31.38470965,18.02775638,29.96664813,18.02775638,32.31098884,16,31.78049716,16.03121954,30.46309242,16.1245155,31.95309062,17.2626765,32.89376841,16.1245155,30.6757233,14.31782106,37.33630941,14.76482306,34.17601498,15.8113883,37.33630941,16.1245155
8.062257748,11.18033989,9.486832981,9.848857802,8.544003745,11.18033989,7.615773106,10.29563014,7.615773106,9.219544457,9.486832981,10.81665383,9.848857802,11.40175425,8.94427191,10.63014581,9.433981132,12.80624847,9.219544457,10.63014581,10,11.40175425,10.81665383,12.20655562,8.485281374,11.66190379,9.219544457,11.40175425,8.485281374,12.20655562,9.433981132,12.80624847,9.219544457,12.04159458,10.63014581,11.40175425,10,13.89244399,8.94427191,12.20655562,8.544003745,12.20655562,10.29563014,12.20655562,9.848857802,12.52996409,10.29563014,12.80624847,11.18033989,12.20655562,12.08304597,13.03840481
7.071067812,15.23154621,5.830951895,14.76482306,4.242640687,19.23538406,3.605551275,18.60107524,1,22.36067977,1,19.20937271,3.605551275,23.85372088,4.472135955,27.29468813,3.605551275,26.40075756,4.472135955,27.78488798,6.403124237,28.3019434,6,31.78049716,7.071067812,28.63564213,6.08276253,29.54657341,8.062257748,28.46049894,9.055385138,33.10589071,8.544003745,32.20248438,7.615773106,33.83784863,7.615773106,37.58989226,10.44030651,35.11409973,7.615773106,35.4682957,10.04987562,37.16180835,9.219544457,35.17101079,8,39.84971769,6.708203932,37.33630941,5.830951895,41.59326869
25.3179778,47.5394573,18.43908891,45.22167622,16.4924225,46.81879964,18.02775638,47.16990566,13.15294644,40.85339643,9.219544457,37.33630941,11.40175425,35.35533906,6.08276253,32.44996148,3.605551275,32.69556545,4.242640687,35.4682957,3,36.87817783,10.63014581,30.47950131,5.656854249,27.80287755,6.32455532,34.13209633,5.385164807,30.88689042,7.211102551,29.52964612,8,33.61547263,7.280109889,28.23118843,8.062257748,29.54657341,10,29.73213749,7.071067812,28.23118843,17.80449381,26.40075756,16.03121954,25.94224354,21.1896201,27.78488798,23.76972865,28.01785145,25.96150997,25.94224354
11.66190379,8.062257748,13.03840481,9.219544457,11.40175425,9.433981132,11.66190379,8.602325267,12.04159458,9.433981132,12.80624847,8.485281374,12.04159458,9.899494937,11.3137085,8.485281374,12.04159458,10.63014581,12.20655562,8.485281374,14.2126704,9.219544457,12.80624847,9.219544457,12.04159458,9.219544457,12.20655562,11.3137085,12.80624847,10.63014581,13.60147051,11.3137085,12.80624847,11.3137085,13.03840481,10.63014581,13.03840481,11.3137085,13.41640786,9.899494937,12.52996409,11.3137085,13.03840481,12.04159458,13.03840481,10.63014581,14.76482306,10.63014581,15.26433752,12.04159458,15.26433752,10.63014581
8.544003745,7.615773106,9.219544457,7.615773106,9.486832981,9.486832981,9.433981132,10.04987562,7.280109889,7.280109889,8.246211251,8.544003745,8.544003745,8.246211251,6.32455532,7.280109889,6,8.246211251,6.08276253,6.32455532,8,8,8,8.062257748,6.08276253,7,5,7.071067812,5.385164807,5,5.385164807,7,5.099019514,6.08276253,5.385164807,6.08276253,6.403124237,5.099019514,5.830951895,5.099019514,6.403124237,3,6.403124237,4,6.403124237,3,6.708203932,3,6.32455532,3.16227766,7.810249676,2
17.20465053,4.472135955,17.80449381,2.236067977,18.60107524,3.16227766,18.02775638,2,17.20465053,3.16227766,17.20465053,2.828427125,18.02775638,4.242640687,17.80449381,2.236067977,16.40121947,3.16227766,17.20465053,3,17.80449381,5.099019514,17.20465053,5,17.20465053,5,16.2788206,5.099019514,16.2788206,6,16.2788206,5.385164807,17.69180601,5.385164807,14.86606875,5.830951895,14.86606875,5,14.86606875,5.830951895,15.55634919,5.830951895,14.86606875,5.656854249,14.14213562,6.403124237,16.2788206,7.810249676,15.55634919,7.810249676,16.2788206,7.211102551
30.47950131,5,31.2409987,3.16227766,31.82766093,4.242640687,31.40063694,1.414213562,31.2409987,1.414213562,30.47950131,1.414213562,30.61045573,2,29.06888371,1,29.20616373,1,27.01851217,3,30.8058436,2.236067977,28.01785145,2.828427125,28.01785145,2.236067977,27.80287755,2.828427125,26.62705391,2.828427125,29.41088234,4.242640687,27.80287755,2.828427125,25.61249695,4.472135955,26.40075756,3.16227766,25.23885893,4.472135955,25.8069758,4.242640687,25.55386468,3.605551275,23.02172887,5,23.85372088,5.099019514,24.69817807,4.472135955,23.70653918,5.099019514
17.20465053,18.86796226,16.40121947,19.20937271,17.80449381,18.02775638,19.10497317,18.60107524,18.38477631,17.49285568,18.38477631,17.20465053,18.38477631,17.49285568,15.62049935,16.64331698,17.02938637,15.8113883,15.8113883,17.69180601,18.60107524,17.80449381,17,16.64331698,17,17.02938637,17,16.40121947,16.64331698,14.86606875,17.88854382,16.2788206,17,15.55634919,16.1245155,16.2788206,15.65247584,16.2788206,16.76305461,16.2788206,14.76482306,14.86606875,16.15549442,14.2126704,14.86606875,12.72792206,15.5241747,13.45362405,15.8113883,13.45362405,14.31782106,14.86606875
13,2.236067977,24.20743687,4.123105626,19.72308292,18.11077028,16,19.41648784,17.02938637,11.04536102,9.055385138,4.123105626,14.76482306,4.123105626,16.64331698,7.280109889,19,10.04987562,15.8113883,20.09975124,22.8035085,19.31320792,23.60084744,5.830951895,21.02379604,14.31782106,25.61249695,14.86606875,18.35755975,8.602325267,14.86606875,9,22.36067977,8.246211251,9.486832981,21.21320344,14.2126704,20,13.92838828,19,19.72308292,19.10497317,14.56021978,17.02938637,13.15294644,24.51530134,15.26433752,23.19482701,14.76482306,27.07397274,11.40175425,25.07987241
11.40175425,19.10497317,13.34166406,18.02775638,14.31782106,14.4222051,15,12.72792206,10.77032961,14.4222051,9,18.35755975,7.211102551,19.10497317,4.242640687,20.1246118,5.385164807,17.72004515,9.219544457,13.03840481,13.34166406,9.055385138,15.26433752,6.32455532,19.10497317,5.656854249,18.35755975,7.810249676,16.55294536,8.94427191,14.86606875,11,10,8.602325267,10.63014581,9.486832981,15.55634919,12.04159458,18.02775638,11.70469991,19.72308292,8.246211251,14.31782106,3.16227766,9.055385138,6.708203932,2.828427125,15.65247584,3.16227766,20.61552813,5.099019514,24.41311123
19.10497317,6.08276253,18.38477631,7.071067812,19.10497317,6.08276253,20,6,18.43908891,5,19.20937271,5,18.60107524,5,17.20465053,4.123105626,17,4,17.20465053,5.830951895,17.88854382,5,16.55294536,5.830951895,17,4.242640687,16.55294536,5.385164807,17.88854382,3.605551275,18.78829423,4.472135955,18.38477631,4.242640687,14.31782106,5.385164807,17.4642492,5,17.72004515,5.099019514,16.15549442,4.123105626,15.8113883,5,14.56021978,6.08276253,15.29705854,6,15.29705854,6.08276253,16.2788206,7
28.31960452,15.65247584,27.80287755,15.26433752,26.90724809,14.76482306,27.80287755,15,27.65863337,13.60147051,29.06888371,12.80624847,26.40075756,14.2126704,27.01851217,12.72792206,27.80287755,12.04159458,29.73213749,12.80624847,31.144823,14.14213562,29.06888371,12.80624847,29.06888371,13.41640786,30.41381265,14.76482306,30.47950131,13.41640786,32.52691193,15.65247584,31.11269837,15.65247584,31.144823,13.41640786,32.52691193,15.65247584,30.47950131,14.56021978,31.89043744,17.4642492,30.61045573,15.5241747,30,13.60147051,32.80243893,16.15549442,31.40063694,16.2788206,32.44996148,17.4642492
10.81665383,3.605551275,11.66190379,4.123105626,10.81665383,4.472135955,9.219544457,4.472135955,7.810249676,1.414213562,6.403124237,4.242640687,6.403124237,3.605551275,7.071067812,2.828427125,7.211102551,2,5,2.236067977,6.708203932,2,5,1,7.810249676,2.236067977,7.211102551,2,6.403124237,3.16227766,6.403124237,3.16227766,5.385164807,3.16227766,6.708203932,2.828427125,6.32455532,4.472135955,7.211102551,3.605551275,7.280109889,5.099019514,10.29563014,4.123105626,8.544003745,3.605551275,9.486832981,6.32455532,9.848857802,6.32455532,9.848857802,4.472135955
4.242640687,19.41648784,3.605551275,19.41648784,3.605551275,22.20360331,6.08276253,21.40093456,4.123105626,23.02172887,5.099019514,24.20743687,2.236067977,24.8394847,4.472135955,25.61249695,3.16227766,24.8394847,2.236067977,24.8394847,4,29.83286778,4,28.31960452,4.123105626,28.28427125,2,32.64965543,4.242640687,31.89043744,4.242640687,34.82814953,4.472135955,33.01514804,4.242640687,33.28663395,6.32455532,34.40930107,6.708203932,33.01514804,5.385164807,33.28663395,6.708203932,34.98571137,9.899494937,35.34119409,8.602325267,39.35733731,6.708203932,37.12142239,8.062257748,40.31128874
3.605551275,10,2.236067977,9.899494937,2.236067977,9.433981132,1.414213562,10.63014581,2.236067977,9.219544457,2.828427125,10,1,9.899494937,2,10.29563014,2.236067977,10.81665383,2.236067977,10,2.236067977,11.66190379,2.236067977,11.18033989,2.828427125,10.77032961,4.123105626,10.77032961,4.123105626,11.18033989,5,11.18033989,4,11.70469991,5.385164807,9.848857802,5.385164807,11.18033989,6.08276253,11.70469991,6.32455532,11.18033989,6.32455532,9.848857802,7.280109889,9.219544457,8.544003745,9.219544457,7.615773106,9.486832981,8.94427191,9.486832981
17.88854382,9.219544457,20.61552813,10,19.6468827,10.81665383,19.41648784,11.40175425,20.22374842,12.80624847,19.10497317,11.66190379,22.02271555,12.80624847,20.02498439,12.80624847,21.02379604,14.4222051,21.37755833,14.4222051,25.3179778,16.1245155,23.76972865,16.1245155,24.04163056,16.64331698,24.73863375,16.55294536,28.16025568,17.4642492,30.6757233,19.23538406,30.08321791,20.1246118,29.41088234,19.92485885,33.61547263,20.61552813,33.10589071,22.13594362,34.53983208,21.1896201,35.34119409,23.08679276,34.53983208,23.76972865,37.57658846,26.57066051,37.16180835,25.49509757,37.12142239,26.92582404
27.58622845,10,24.75883681,10.29563014,26.2488095,10.63014581,26.17250466,10.44030651,25.49509757,9.899494937,24.75883681,11.3137085,23.43074903,12.72792206,22.02271555,10.63014581,21.40093456,11.3137085,20,7.071067812,25.49509757,10,22.627417,7.071067812,21.9317122,7.071067812,22.627417,8.062257748,20.51828453,8.602325267,24.75883681,8.602325267,22.6715681,8.062257748,21.9317122,5.830951895,23.43074903,8.062257748,22.02271555,6.708203932,21.26029163,7.810249676,22.8035085,7.211102551,22.02271555,7.211102551,24.08318916,6.403124237,23.02172887,8.602325267,24.41311123,7.211102551
24.69817807,4.123105626,23.32380758,7.280109889,24.41311123,2.236067977,24.18677324,4.123105626,22.84731932,4.123105626,21.09502311,5.385164807,20.1246118,1,18.78829423,3.16227766,20.1246118,2.236067977,21.02379604,4.123105626,20.61552813,4.123105626,19.92485885,2,17.72004515,4.123105626,18.43908891,3,16.4924225,4,19.23538406,4,15.13274595,5.099019514,14.14213562,5,16.03121954,6.32455532,15.03329638,5.385164807,15.03329638,7.280109889,16.1245155,5.830951895,13.03840481,7.071067812,14.03566885,5,15,7.071067812,16.03121954,7.810249676
9.219544457,29.83286778,8.246211251,30.23243292,9,30.8058436,7.071067812,32.24903099,3.16227766,32.24903099,4,32.75667871,2,31.30495168,2,30.88689042,4,30.41381265,5.385164807,29.52964612,7.615773106,32.20248438,8.94427191,30.41381265,10.29563014,30.88689042,9.848857802,29.15475947,11.18033989,26.92582404,12.08304597,30.52867504,13.60147051,27.45906044,15.8113883,25.8069758,15.5241747,29.41088234,17.08800749,25.23885893,17.72004515,27.20294102,18.02775638,25,20.39607805,22.6715681,23.34523506,24.8394847,23.34523506,25.8069758,25.17935662,25
25.61249695,10,27.65863337,8.544003745,27.65863337,9.219544457,27.29468813,7.280109889,27.80287755,8.94427191,26.92582404,5.385164807,29.15475947,5.830951895,27.78488798,6.403124237,28.8444102,7.071067812,28.01785145,5,31.06444913,7.071067812,30.01666204,7.071067812,32.75667871,6.708203932,31.40063694,8.062257748,31.40063694,7.071067812,31.89043744,8.544003745,30.41381265,8.544003745,30.41381265,7.615773106,32.52691193,9.848857802,31.144823,8.544003745,34.05877273,9.433981132,32.20248438,8.94427191,32.75667871,8.602325267,38.01315562,7.615773106,34.66987165,10.29563014,37.58989226,5.830951895
21.21320344,13.41640786,22.02271555,13.60147051,22.6715681,13.03840481,23.85372088,12.80624847,23.43074903,12.80624847,23.60084744,12.20655562,23.43074903,11.40175425,22.47220505,10.63014581,22.47220505,10.63014581,19.23538406,10.63014581,23.32380758,12.80624847,22.82542442,12.04159458,23.70653918,10.63014581,21.02379604,10.81665383,21.02379604,10.81665383,23.2594067,12.20655562,20.1246118,11.40175425,18.78829423,10.81665383,19.31320792,10.81665383,19.31320792,10.81665383,19.31320792,10.29563014,18.02775638,10.81665383,15.8113883,10.29563014,16.76305461,11.18033989,17.4642492,10.81665383,16.4924225,12.20655562
2.236067977,18.38477631,2.236067977,19.79898987,2.828427125,19.79898987,3,19.79898987,2.236067977,18.43908891,2.236067977,19.84943324,3.16227766,19.20937271,3.605551275,19.10497317,2.828427125,18.43908891,2,18.43908891,2.236067977,20.61552813,2,19.10497317,2.236067977,18.43908891,2.236067977,19.20937271,2.828427125,19.84943324,2.236067977,21.26029163,2.828427125,20.61552813,1.414213562,20.80865205,2.828427125,21.26029163,2.236067977,19.84943324,2.828427125,20,3.605551275,20.61552813,2.236067977,18.60107524,2.236067977,21.40093456,3.605551275,22.02271555,2.828427125,20.61552813
2,13.89244399,3,13.89244399,2.236067977,14.4222051,2.236067977,13.60147051,2.828427125,13.89244399,3,14.4222051,4,15.26433752,3.16227766,13.60147051,3.16227766,15.26433752,1.414213562,13.41640786,2.236067977,15.8113883,3.16227766,15,3.16227766,14.4222051,3.16227766,15,4.123105626,15,3.16227766,17.20465053,4.472135955,15.8113883,2,16.64331698,3.16227766,16.64331698,2.236067977,15,3.605551275,17.20465053,3.605551275,16.40121947,3.605551275,16.64331698,2.828427125,18.60107524,5,17.02938637,2.236067977,18.43908891
9.219544457,14.86606875,9.219544457,16.2788206,8.062257748,16.2788206,7.211102551,16.40121947,7.810249676,16.40121947,8.485281374,17.20465053,7.071067812,16.64331698,7.810249676,15,7.810249676,15.26433752,7.071067812,14.76482306,7.810249676,15.65247584,8.062257748,14.31782106,7.211102551,15.23154621,6.403124237,12.64911064,6.32455532,13.60147051,6.08276253,14.31782106,7.280109889,13.92838828,6.32455532,10.77032961,6.08276253,14.31782106,7.071067812,12.36931688,6,12.36931688,8,11.40175425,8.062257748,10.19803903,7,12.16552506,8.246211251,12.16552506,7.615773106,12.04159458
16.2788206,9.848857802,16.97056275,9.219544457,17.69180601,10,17.69180601,8.602325267,15.55634919,10.63014581,16.40121947,9.899494937,16.40121947,10.63014581,15,8.602325267,15,9.433981132,13.89244399,8.602325267,16.1245155,8.062257748,17,8.062257748,15.65247584,8.544003745,14.31782106,8.544003745,14.31782106,7.615773106,16.15549442,8.246211251,13.92838828,8.246211251,13.92838828,7.615773106,14.31782106,6.708203932,14.31782106,8.246211251,12.36931688,7.615773106,14.14213562,7.615773106,13.03840481,7.280109889,12.04159458,8.246211251,14,8.246211251,13,6.32455532
5,27.45906044,5,26.40075756,4,26.40075756,5.830951895,25.49509757,7.280109889,26.40075756,7.280109889,27.58622845,6.403124237,26.2488095,8.544003745,26.90724809,5,27.58622845,6.32455532,26.90724809,11.66190379,29.73213749,10.63014581,30.41381265,10,32.55764119,9.433981132,33.24154028,9.899494937,33.24154028,9.848857802,35.4682957,8.246211251,34.6554469,8.246211251,33.42154993,9.055385138,38.89730068,9.055385138,37.48332963,9,39.20459157,9.055385138,36.12478374,11.18033989,35,12.04159458,41.40048309,12.04159458,38.01315562,13,39.40812099
2.828427125,22.6715681,1.414213562,22.6715681,5.385164807,19.10497317,0,21.09502311,3,22.20360331,4,18.43908891,1.414213562,17.80449381,3.605551275,19.41648784,2,16.40121947,2.236067977,17.02938637,0,18.60107524,2.236067977,17.88854382,1.414213562,18.86796226,2,20.1246118,1,15.26433752,2,18.35755975,1,17.88854382,3.605551275,20.24845673,2.236067977,19.31320792,1.414213562,16.15549442,3.16227766,17.72004515,1,15.8113883,3.605551275,15.8113883,4.242640687,15.5241747,5.385164807,16.4924225,5.385164807,16.2788206
41.18252056,29,45.607017,25.23885893,43.829214,32.64965543,43.41658669,33.24154028,40.81666326,33.61547263,32.20248438,21.9317122,34.13209633,25.23885893,22.20360331,25.61249695,27.29468813,27.31300057,37.80211634,15.13274595,30,27.31300057,29.15475947,22.13594362,27.16615541,26.68332813,27.29468813,20.24845673,28.44292531,13,27.45906044,20.61552813,20.61552813,26.87005769,25.17935662,22.47220505,22.56102835,19.79898987,26.01922366,12.20655562,26.07680962,14.86606875,27,13,19.23538406,17.02938637,29.01723626,30,29.61418579,19.10497317,23,17.69180601
8.062257748,31.38470965,8.062257748,28.01785145,5,28.01785145,6.08276253,24.69817807,5,24.69817807,6.32455532,25.07987241,7.071067812,22.84731932,9.848857802,18.43908891,8.94427191,22.13594362,7.211102551,17.72004515,13.45362405,21.84032967,14.2126704,25.70992026,17.02938637,24.73863375,15.55634919,23.53720459,17.02938637,25.17935662,16.1245155,24.73863375,19.31320792,26.47640459,18.97366596,24.51530134,19.31320792,29.27456234,20.24845673,26.92582404,19.23538406,27.16615541,23.08679276,25.96150997,21.09502311,23.19482701,30.06659276,22.02271555,28.0713377,23.08679276,30,19.10497317
28.42534081,8.062257748,26.2488095,8.062257748,27.80287755,8.94427191,27.78488798,8.94427191,26.62705391,7.071067812,26.62705391,6.403124237,26.07680962,7.810249676,27.45906044,5.385164807,26.41968963,4,27.80287755,5.099019514,31.06444913,5.099019514,27.78488798,7.280109889,28.65309756,8.246211251,26.62705391,9.486832981,29.41088234,9.848857802,31.6227766,10.77032961,29.41088234,11.66190379,29.83286778,12.04159458,32.20248438,13.03840481,27.80287755,15,27.65863337,15.62049935,27.65863337,17.02938637,26.17250466,15.62049935,27.58622845,18.43908891,26.2488095,19.20937271,24.75883681,20
14.86606875,3,12.72792206,4,14.86606875,3.16227766,12.72792206,4,13.45362405,5.099019514,13.60147051,4.472135955,10.63014581,3.16227766,12.04159458,3.16227766,10,2.236067977,11.40175425,2,13.45362405,1.414213562,11.66190379,1.414213562,11.66190379,1.414213562,13.03840481,1.414213562,10.81665383,1,13.60147051,0,12.04159458,0,10,1.414213562,13.60147051,1.414213562,12.80624847,0,13.60147051,2,13.60147051,3.16227766,11.66190379,2.236067977,13.03840481,2.828427125,12.52996409,2.236067977,13.89244399,2.828427125
9.486832981,12.80624847,9.848857802,13.60147051,9.848857802,14.2126704,9.433981132,14.4222051,9.433981132,13.03840481,10.81665383,15,10,15.8113883,8.485281374,15,8.485281374,16.40121947,8.062257748,14.86606875,9.433981132,17.02938637,10.29563014,17.20465053,11.66190379,16.2788206,11.18033989,16.97056275,12.08304597,15.55634919,12.52996409,17.69180601,13.03840481,17.02938637,10.29563014,17.20465053,13.41640786,17.80449381,11.70469991,16.64331698,12.52996409,16.1245155,13.41640786,16.1245155,11.18033989,16.1245155,12.08304597,18.35755975,12.08304597,16.55294536,11.18033989,18.35755975
9,2,11.70469991,2,11.18033989,4.123105626,12.36931688,4,14.86606875,3.605551275,14.31782106,4.242640687,16.4924225,7.211102551,17.4642492,6.708203932,19.6468827,8.94427191,21.21320344,6.708203932,23.76972865,10,22.56102835,11.18033989,23.19482701,12.20655562,28.44292531,13.03840481,29.15475947,11.66190379,31.25699922,14.4222051,31.57530681,10.29563014,33.24154028,13.41640786,35.51056181,11.18033989,36.34556369,11.66190379,39.3192065,12.08304597,37.48332963,13,40.31128874,12.36931688,45.39823785,12.36931688,42.95346319,13.03840481,43.93176527,13
3.16227766,14.2126704,4.472135955,12.72792206,4.242640687,12.80624847,3.16227766,12.72792206,3.605551275,12.72792206,4.472135955,12.04159458,3.16227766,12.04159458,4.472135955,10.63014581,3.16227766,10.63014581,4.472135955,11.3137085,4.472135955,12.80624847,5.385164807,11.66190379,5.099019514,11.66190379,5.099019514,9.848857802,5.099019514,11.18033989,4.472135955,10.77032961,5.099019514,10.44030651,5.099019514,10.44030651,4,9.486832981,5,11.04536102,5,10.19803903,5.099019514,12.04159458,4,10.04987562,5,11.40175425,3,11.40175425,4.472135955,11.18033989
28.63564213,19.79898987,29.15475947,19.84943324,29.73213749,19.10497317,31.95309062,16.97056275,30.08321791,16.97056275,32.28002478,17.02938637,32.01562119,16.40121947,31.04834939,15.26433752,30.59411708,10.77032961,30.2654919,12.36931688,31.32091953,13,31.04834939,12.16552506,28.86173938,11,27.89265136,11,26.2488095,11.04536102,26.2488095,14.03566885,25.29822128,14.56021978,24.16609195,13.34166406,25.05992817,16.55294536,23.85372088,15.23154621,22.8035085,17.88854382,25.49509757,17.49285568,24.04163056,18.43908891,26.2488095,18.38477631,25.8069758,20.51828453,28.3019434,19.20937271
15.55634919,4.242640687,15.62049935,6.403124237,17.02938637,3.605551275,15.26433752,6.403124237,15.62049935,4.242640687,16.40121947,4.242640687,17.20465053,5,15.26433752,4.242640687,16.1245155,3.605551275,13.41640786,5,16.64331698,4.242640687,16.1245155,4.472135955,15.65247584,4.242640687,16.1245155,4.472135955,13.89244399,3.16227766,15.26433752,4.472135955,15,3.605551275,14.2126704,3.605551275,15.26433752,4.472135955,15.8113883,3.605551275,15.62049935,3.16227766,15,4,13.45362405,4.472135955,15.55634919,5,15.55634919,4.123105626,15.55634919,4.472135955
20,14.56021978,18.35755975,13.60147051,17.72004515,12.52996409,15.23154621,14.56021978,14.31782106,10,17.08800749,10.81665383,16.4924225,9.486832981,10,10.29563014,14.14213562,11.40175425,12.36931688,12.36931688,14.56021978,16.2788206,12.16552506,17.02938637,12.16552506,16.1245155,16.4924225,18.24828759,21.02379604,18.68154169,21.1896201,19.6468827,20.1246118,22.8035085,19.41648784,26.2488095,23.60084744,27.51363298,23.85372088,31.04834939,24.41311123,31.95309062,27.78488798,30.59411708,28.17800561,34.36568055,29.52964612,36.49657518,33.54101966,38.32753579,34.43835072,38.32753579
16.4924225,17,19.31320792,19.20937271,21.54065923,20.61552813,24.69817807,18.86796226,17.02938637,14.14213562,19.23538406,12.80624847,17.11724277,16.2788206,14.2126704,10.29563014,20.61552813,15.65247584,21.9317122,17.4642492,20.24845673,22.20360331,21.84032967,11.40175425,23.19482701,16.2788206,21.02379604,16,21.63330765,9.433981132,26.2488095,20.1246118,20.51828453,18.24828759,12.08304597,21.02379604,20.1246118,20.24845673,20.24845673,21.09502311,16.40121947,20.59126028,19.72308292,25.23885893,11.70469991,23.43074903,23.08679276,37.80211634,22.47220505,29.83286778,16.40121947,35.34119409
33.28663395,9.486832981,33.83784863,10.44030651,36.05551275,13.03840481,32.64965543,9.055385138,36.7151195,10.19803903,34.66987165,7.071067812,36.23534186,5.099019514,31.78049716,5.099019514,31.30495168,6,29.54657341,0,32.75667871,3,31.32091953,3.605551275,28.16025568,1.414213562,27.45906044,4.123105626,26.68332813,2.236067977,28.44292531,5,26.92582404,8.485281374,22.20360331,6.32455532,26.17250466,10.63014581,25.07987241,12.80624847,26.17250466,14.2126704,24.18677324,15.55634919,23.53720459,18.02775638,22.13594362,18.35755975,22.20360331,20.59126028,24.51530134,19.31320792
1,21.26029163,1.414213562,19.84943324,1.414213562,19.84943324,2.828427125,21.21320344,2.236067977,20.51828453,2.236067977,20.51828453,3.16227766,19.10497317,1,19.10497317,1.414213562,18.60107524,1,19.41648784,1.414213562,19.20937271,1.414213562,19.72308292,1,19.72308292,1,18.86796226,2,17.49285568,1.414213562,20.1246118,1,18.35755975,1,17.49285568,1,18.78829423,0,16.55294536,1.414213562,17,1,18.02775638,2.236067977,15.65247584,2.236067977,17.4642492,2,17.08800749,3,18.02775638
3.16227766,32.75667871,2.828427125,30.52867504,4.123105626,34.66987165,5,35,5.830951895,34.66987165,8.062257748,32.80243893,5.385164807,32.64965543,4.472135955,29,5.099019514,31.144823,6,27.80287755,8.544003745,34.82814953,7.280109889,32.44996148,9.219544457,34,6.32455532,32.75667871,6.708203932,32.64965543,8.602325267,36.23534186,5.830951895,32.69556545,4.472135955,34.0147027,7.071067812,35.11409973,8,34.20526275,7.280109889,32.28002478,7.071067812,32.75667871,8,29.15475947,9.055385138,35.05709629,9.055385138,33,13,33.06055051
2.236067977,11,3.16227766,10.19803903,2.828427125,11.04536102,4.472135955,9.055385138,2.828427125,7.071067812,3.16227766,8.246211251,4.123105626,7.280109889,5.099019514,8.062257748,4.472135955,6.32455532,5.830951895,5.385164807,6.708203932,5.385164807,6.32455532,5.099019514,7.280109889,6.08276253,8.246211251,5.385164807,8.246211251,5,10.04987562,5,10.04987562,3.605551275,11.18033989,2.236067977,10.04987562,3.605551275,12.16552506,2,12.04159458,4,11.04536102,2,12,2.236067977,15.03329638,1.414213562,15.03329638,1.414213562,16.03121954,1
27,3.605551275,30.01666204,5,27.01851217,4.472135955,30.41381265,1,26.30589288,3.16227766,25.17935662,1,26.68332813,5.385164807,18.97366596,4.472135955,21.02379604,5,21.47091055,4.123105626,21.26029163,8.544003745,18.43908891,6.08276253,20.61552813,7.071067812,21.40093456,11.04536102,21.09502311,9.219544457,26.57066051,8.246211251,22.47220505,11.40175425,26.92582404,9.486832981,27.65863337,12.52996409,26.68332813,13.15294644,24.51530134,13.03840481,26.30589288,15.23154621,28.28427125,16.76305461,27.29468813,18.24828759,30.2654919,18.11077028,31.06444913,17.2626765
15,31.25699922,13.03840481,34.23448554,14.31782106,31.25699922,12.08304597,33.13608305,13.60147051,26.68332813,11.70469991,29.83286778,13.60147051,27.45906044,14.14213562,25.49509757,13.89244399,23.34523506,13.92838828,21.84032967,19.31320792,19.6468827,19.6468827,17.2626765,17.4642492,16.4924225,21.37755833,16.76305461,21.58703314,11.18033989,26.68332813,13.41640786,26.68332813,11.40175425,26.07680962,11.3137085,26.68332813,12.20655562,29.27456234,10,30.59411708,12.72792206,31.40063694,10.81665383,33.37663854,13,37.33630941,13,35.22782991,15.8113883,37.01351105,16.55294536
16.15549442,1,15.5241747,2.236067977,15.29705854,2.828427125,15.8113883,1.414213562,15.13274595,1,13.15294644,2.236067977,13.34166406,3,12,1,12.04159458,2.828427125,11.04536102,1,12,4.123105626,12.04159458,3.16227766,11.40175425,3,11.18033989,5.099019514,10.44030651,3,11.18033989,5,8.544003745,4,8.94427191,6,10.29563014,6.08276253,11.18033989,5,9.848857802,5,8.94427191,8,8.602325267,8.062257748,8.485281374,10.19803903,7.810249676,10.04987562,10,11
7.615773106,13.92838828,8.062257748,13.92838828,7.211102551,13,8.544003745,13,8.94427191,13.92838828,7.810249676,13,8.602325267,12.64911064,8.485281374,12.64911064,7.071067812,11.18033989,8.602325267,10.19803903,8.602325267,11.18033989,8.602325267,10.44030651,10.29563014,7.615773106,10.29563014,9.848857802,9.486832981,8.246211251,10.19803903,9.219544457,10.44030651,7.280109889,11.40175425,8.544003745,10.19803903,8.544003745,11.04536102,7.211102551,12.36931688,7.615773106,12.16552506,8.602325267,13.15294644,6.403124237,15.29705854,9.899494937,15.5241747,9.219544457,15.29705854,7.810249676
10.44030651,33.24154028,9.848857802,33.24154028,8.544003745,32.31098884,8.246211251,32.31098884,8.246211251,29.96664813,10.04987562,31.78049716,6.08276253,29.54657341,7.280109889,29.96664813,5.830951895,27.73084925,8.062257748,24.59674775,7.211102551,26.07680962,8.94427191,25.23885893,9.219544457,24.41311123,9.899494937,22.02271555,10.63014581,23.60084744,10.63014581,24.75883681,11.40175425,23.34523506,11.40175425,24.08318916,13.45362405,24.08318916,9.899494937,22.8035085,11.3137085,25.23885893,9.433981132,23.32380758,12.80624847,27.73084925,14.4222051,31.78049716,12.20655562,30.87069808,11.18033989,31.76476035
31.01612484,9,33.83784863,5,29.52964612,5,31.01612484,7.071067812,27.29468813,6.32455532,27.65863337,11.40175425,24.73863375,10.29563014,27.16615541,11.40175425,25.3179778,10,22.20360331,13,27.01851217,18.38477631,21,17.4642492,21.02379604,14.4222051,18,18.60107524,22.09072203,19.6977156,19.23538406,19.23538406,17.72004515,22.36067977,14.14213562,24.69817807,17.11724277,22.13594362,11.40175425,23.08679276,16.2788206,31.06444913,14.03566885,29.41088234,9,29.61418579,14,33.13608305,9,35.35533906,10,37.12142239
14.76482306,2.236067977,15.65247584,2,15.65247584,4,17.08800749,4.123105626,14.56021978,2.828427125,14.86606875,3.16227766,13.41640786,3.605551275,13,1,13.60147051,2.828427125,11.70469991,2.236067977,13.92838828,2.828427125,13.92838828,3.16227766,10.77032961,2.236067977,12.08304597,2.236067977,11.70469991,4.472135955,11.70469991,5,9.848857802,6,9.219544457,4.123105626,11.66190379,6.08276253,11.18033989,5.099019514,10,6.08276253,11.66190379,6.08276253,9.219544457,7.280109889,12.72792206,8,11.3137085,7.280109889,13.45362405,8
7.615773106,8.544003745,8.94427191,12.08304597,8.062257748,9.848857802,8.544003745,9.486832981,8.062257748,9.055385138,7.615773106,9.219544457,7.810249676,9,7.211102551,7,8.062257748,8,7.810249676,8,6.403124237,8.246211251,7.071067812,8.062257748,7.211102551,7.071067812,7.211102551,7.280109889,7.071067812,8.062257748,7.211102551,9.433981132,5.656854249,7.810249676,5,7.071067812,5.830951895,9.219544457,7.211102551,9.219544457,6.708203932,7.810249676,7.280109889,9.899494937,7.211102551,8.602325267,8.062257748,10.63014581,8.062257748,10.29563014,10.44030651,10
4,16.1245155,3.16227766,17,4.123105626,15.65247584,4,16.76305461,4.242640687,13,3.605551275,14.86606875,5.656854249,14.86606875,3.605551275,12.64911064,5,12.64911064,4.242640687,12.36931688,6.32455532,12.64911064,4.472135955,11.18033989,6.32455532,13.34166406,5.099019514,12.04159458,6.32455532,11,7.071067812,11.04536102,7.280109889,10.04987562,8,10.04987562,8.062257748,9,9,9.055385138,10.04987562,8.062257748,10.04987562,10.19803903,11,8.246211251,12,8.246211251,12,8.246211251,14.03566885,8.246211251
23.76972865,14.76482306,21.84032967,18.02775638,27.16615541,14.76482306,25.01999201,16.1245155,24.51530134,13.60147051,25.07987241,15.23154621,23.34523506,18.35755975,20.39607805,15.5241747,21.84032967,17,20.61552813,9.486832981,21.9544984,13.89244399,22.82542442,12.20655562,28.01785145,12.04159458,25.94224354,12.20655562,24.18677324,14.14213562,29.73213749,13.60147051,26.90724809,13.45362405,25.49509757,12.64911064,28.60069929,14.86606875,28.60069929,15.8113883,29.41088234,12.52996409,27.45906044,15.62049935,28.3019434,17.4642492,31.76476035,20.22374842,31.38470965,20.88061302,34.0147027,24.16609195
15.8113883,7.615773106,16.1245155,9.433981132,16.64331698,7.211102551,17.08800749,8.94427191,16.55294536,7.280109889,16.15549442,7.280109889,15.23154621,7.615773106,16.15549442,7.280109889,13.92838828,7.071067812,14.31782106,8.062257748,15.23154621,5,15.5241747,7,14.31782106,6.32455532,14.56021978,7.071067812,16.15549442,6.708203932,13.92838828,8.544003745,13.92838828,8.062257748,11.18033989,6.403124237,13.60147051,7.615773106,13.41640786,8.602325267,12.08304597,7.810249676,13.41640786,8.485281374,10.63014581,8.062257748,12.80624847,8.602325267,13.03840481,9.848857802,12.80624847,10
1,13.03840481,0,12.52996409,1.414213562,12.52996409,1,13,2.236067977,9.848857802,1,11.18033989,1.414213562,9.848857802,2,10.77032961,2.236067977,9.486832981,1,9.486832981,1,10.19803903,1.414213562,10.19803903,3.16227766,10.04987562,4,9.055385138,3.16227766,10,4,9,5.099019514,9,4.123105626,7.071067812,5,9.055385138,5.099019514,8,5,8,6.08276253,8,7.071067812,6,9,7.071067812,7.071067812,8.062257748,10.04987562,7
32.984845,8.062257748,34.92849839,8.246211251,31.57530681,11.18033989,32.55764119,10.19803903,27.29468813,12,28.28427125,14.56021978,27.65863337,19.23538406,25.07987241,17.11724277,23.34523506,17.72004515,21.09502311,18.24828759,22.20360331,21.02379604,20.02498439,22.20360331,21.37755833,21.09502311,17.11724277,28.01785145,18.02775638,24.08318916,18.02775638,27.01851217,16,27.29468813,13.03840481,29.15475947,15.13274595,30.06659276,15.13274595,31.06444913,16.2788206,31,14.56021978,33.37663854,14.14213562,34.525353,15.62049935,37.05401463,17.69180601,39.20459157,15.55634919,40.44749683
10.44030651,3.605551275,11.70469991,4.123105626,8.062257748,4.472135955,9.219544457,5.385164807,6.708203932,4,11.04536102,5.099019514,9.219544457,8,9.055385138,2,8.602325267,7.071067812,7.810249676,5.099019514,9.486832981,3.605551275,8.544003745,6.08276253,5.385164807,7.071067812,7.280109889,9.055385138,5.385164807,8.062257748,6.708203932,10.19803903,6.32455532,11,5.830951895,10.44030651,5,9.219544457,5,10.19803903,2.828427125,10.19803903,5,11.18033989,5,11.18033989,7.211102551,11.18033989,6.403124237,13.34166406,6.708203932,12.64911064
21.54065923,16.2788206,22.84731932,17.02938637,20.88061302,17,21.58703314,16.03121954,18.43908891,17.72004515,20.39607805,18.97366596,18.02775638,15.8113883,18.02775638,19.72308292,14.31782106,17.88854382,15.23154621,16.55294536,15.5241747,20.80865205,14.86606875,24.75883681,17.4642492,23.60084744,16.15549442,21.9317122,19.31320792,22.8035085,17.88854382,23.43074903,20.59126028,23.85372088,15.62049935,25.23885893,19.20937271,26.92582404,21.40093456,23.76972865,18.43908891,29.52964612,19.41648784,27.85677655,15.62049935,32.28002478,17.02938637,35.6931366,15.62049935,34.71310992,16.2788206,38.63935817
8.062257748,10.44030651,9.219544457,12.04159458,8.246211251,10.19803903,9.486832981,10.19803903,7.071067812,8.544003745,7.615773106,9.848857802,7.071067812,8.062257748,7.615773106,8.062257748,5.830951895,7.071067812,6.32455532,6.08276253,5.830951895,8.062257748,5.830951895,6.08276253,5.656854249,8,7.211102551,6.08276253,5.385164807,6.08276253,6.708203932,6.32455532,6.708203932,6.32455532,6.32455532,6.32455532,7.280109889,4.123105626,8.246211251,3,8.246211251,4.123105626,7.071067812,5.099019514,9.055385138,4,11.40175425,5,10.44030651,4.472135955,11.40175425,4
12.04159458,2.236067977,11.04536102,1.414213562,11.04536102,1,11.04536102,4,9.055385138,3,9.055385138,3,10.04987562,3,8,7.071067812,8.062257748,5.099019514,7.280109889,5,7.071067812,5.099019514,6.32455532,7,5.385164807,6,4.472135955,8.062257748,3.16227766,10.19803903,5.656854249,8,5,9,4.242640687,9,4.242640687,10.04987562,2.828427125,9.055385138,4.472135955,10.04987562,4,11.04536102,4.123105626,12,3.16227766,13.03840481,4.472135955,12.16552506,2.828427125,13.03840481
2,9.055385138,1.414213562,9.055385138,3.16227766,10.04987562,2,10,2,8,3.16227766,8,1.414213562,7.280109889,3.605551275,8.062257748,4.242640687,6.708203932,3.16227766,6.708203932,3.16227766,7.810249676,3,8.94427191,2.236067977,8.94427191,4.472135955,6.403124237,4.242640687,7.071067812,5.099019514,8.485281374,4,9.219544457,6.08276253,7.615773106,6.08276253,9.433981132,8.246211251,8.602325267,8,8.544003745,7,9.486832981,7.280109889,9.848857802,9,10.29563014,9,11.18033989,10,10.19803903
6.32455532,9.486832981,6.708203932,10.19803903,7.211102551,8.246211251,8.246211251,9.219544457,7.810249676,9.219544457,7.810249676,10.19803903,7.211102551,10.04987562,5.830951895,10.19803903,7.071067812,9.219544457,7.071067812,7.071067812,7.810249676,8,7.810249676,8.062257748,8.062257748,7,7.211102551,6.08276253,8.94427191,6.32455532,8.246211251,7.280109889,8.544003745,7.280109889,8.246211251,6.08276253,9.055385138,7.615773106,9.219544457,7.280109889,11.40175425,6.32455532,11.40175425,5.385164807,11.40175425,3.605551275,14.31782106,4,13.34166406,4.472135955,14.31782106,2.236067977
17.4642492,4.472135955,18.68154169,3.605551275,16.2788206,4.242640687,18.24828759,1.414213562,14.31782106,2.236067977,13.34166406,3.16227766,14.14213562,4,13.60147051,2.236067977,12.16552506,4.242640687,12.36931688,3,12.36931688,4.472135955,12.04159458,5,11.18033989,5,10.44030651,5.830951895,9.486832981,6.403124237,10.44030651,6.32455532,9.433981132,6.403124237,7.810249676,6.708203932,8.602325267,8.062257748,7.211102551,6.08276253,8.602325267,8.602325267,7.810249676,8.94427191,5.830951895,8.94427191,10.63014581,8.544003745,9.433981132,10.77032961,10,9.055385138
8.94427191,3.16227766,9.848857802,3.605551275,9.486832981,4.242640687,10.44030651,4.472135955,8.246211251,4.242640687,9.486832981,4.242640687,7,5.656854249,7.071067812,5,8.246211251,6.708203932,7,3.605551275,7.071067812,6.708203932,7.071067812,6.32455532,7,7.071067812,8.062257748,9.055385138,6,8.062257748,7.071067812,9.219544457,6,9.055385138,5,9,4.472135955,10,5.385164807,10,7.071067812,11,5.099019514,12.04159458,5.830951895,11.04536102,6.403124237,15.03329638,4.472135955,13.03840481,5.656854249,14.31782106
31.38470965,27.31300057,31.38470965,30.46309242,31.38470965,28.23118843,31.78049716,30.46309242,25.94224354,29.96664813,27.51363298,27.51363298,26.57066051,27.85677655,26.92582404,26.40075756,24.51530134,22.84731932,23.19482701,22.84731932,26.47640459,24.59674775,23.34523506,24.16609195,23.02172887,23.70653918,25.01999201,21.09502311,24.08318916,20.24845673,21.02379604,19.20937271,23.08679276,23.34523506,21.02379604,18.38477631,21.21320344,21.21320344,21.21320344,20.61552813,22.20360331,21.63330765,22.56102835,20.24845673,20.39607805,21.47091055,19.41648784,26.83281573,19.41648784,26.92582404,18.38477631,26.40075756
13.92838828,4.123105626,15.23154621,2.828427125,12.64911064,3.605551275,12.64911064,3.605551275,11.40175425,4.242640687,11.40175425,4.242640687,11.04536102,5,11.04536102,5,10,5,9.055385138,3.16227766,10,4.472135955,10.19803903,6.32455532,9,5.099019514,9.219544457,6,8.544003745,6.32455532,10.77032961,7.280109889,10.44030651,8.062257748,7.615773106,8.062257748,9.848857802,8.062257748,9.433981132,7,10,7.071067812,8.485281374,9,8.602325267,10,9.219544457,11.18033989,9.219544457,11.18033989,9.219544457,12.16552506
5.099019514,26.40075756,6.08276253,28.46049894,8.062257748,31.38470965,10.04987562,33.24154028,5.830951895,25.96150997,16.2788206,31.144823,2,33.54101966,16.2788206,25.05992817,5.830951895,27.16615541,7.280109889,21.09502311,2,26,7.071067812,32.24903099,17,26.17250466,19.23538406,19.92485885,10.29563014,18.38477631,23.34523506,25.29822128,25.3179778,25.96150997,13.34166406,20.61552813,27.16615541,21.9544984,21.37755833,26.92582404,26.57066051,20.80865205,25.70992026,19.31320792,29.01723626,21.9544984,42.42640687,24.16609195,29.15475947,23.32380758,38.47076812,28.23118843
18.35755975,2,18.35755975,1,20.59126028,0,19.6977156,0,18.78829423,1,19.6977156,0,18.35755975,2.236067977,16.76305461,1.414213562,16.55294536,3.16227766,14.86606875,2.828427125,16.15549442,3.16227766,16.76305461,4.123105626,16.4924225,5,13.92838828,4.123105626,15.5241747,6.32455532,14.31782106,6,15.23154621,7.280109889,13,6.08276253,14.31782106,8.246211251,14.31782106,6.08276253,13.92838828,9.219544457,13.03840481,9.219544457,13.03840481,9.219544457,14.2126704,10.19803903,14.2126704,10.04987562,14.2126704,11.18033989
10.44030651,3.16227766,10.19803903,4,11.04536102,3.16227766,11.18033989,3,10.04987562,3,11.04536102,4.123105626,10.04987562,1,8.062257748,2.828427125,9.055385138,1,10.19803903,1,9.486832981,2,9.848857802,3,10.29563014,2.236067977,9.433981132,1,9.219544457,2,9.899494937,2.236067977,11.3137085,2,10,2,10,3,10.63014581,2.236067977,11.66190379,1.414213562,11.66190379,2.236067977,10.29563014,2.236067977,13,3,13,1.414213562,13.60147051,3
13.89244399,31.38470965,14.31782106,31.78049716,13.41640786,31.76476035,14.76482306,31.78049716,13.60147051,30.46309242,15.13274595,31.01612484,12.04159458,27.85677655,13,29.73213749,13,28.16025568,14,26.2488095,16.1245155,28.46049894,17.2626765,26.30589288,16.4924225,26.92582404,17.72004515,25.29822128,17.08800749,25,18.86796226,26.92582404,17.49285568,26.2488095,19.20937271,24.16609195,20.51828453,25,17.69180601,24.35159132,19.41648784,22.84731932,18.60107524,22.84731932,18.86796226,22.47220505,23.02172887,24.41311123,23.32380758,22.8035085,24.59674775,22.02271555
13,3.605551275,12.16552506,3.605551275,13.03840481,3.605551275,14.03566885,5,11.40175425,5.830951895,12.08304597,6.403124237,12.08304597,8.062257748,13.41640786,6.403124237,12.72792206,8.062257748,11.40175425,9.219544457,13.60147051,10.44030651,12.04159458,11.40175425,14.86606875,12.16552506,12.72792206,13.03840481,14.14213562,14.31782106,14.4222051,17.2626765,14.4222051,15.13274595,14.76482306,18.11077028,15.23154621,19.23538406,13.41640786,19.41648784,13.60147051,20.02498439,13.60147051,21.02379604,16.76305461,20.09975124,19.41648784,22.09072203,17.11724277,22.02271555,19.10497317,25
5.656854249,19.92485885,8.062257748,22.84731932,4,22.47220505,8.062257748,20.59126028,3.605551275,20,4.472135955,19.20937271,8.94427191,21.26029163,5.830951895,20.61552813,7.071067812,20.24845673,8.246211251,20.59126028,11.04536102,22.20360331,9,24.59674775,9.219544457,26,10.19803903,27.31300057,16.2788206,27.85677655,17.11724277,28.7923601,19,27.89265136,18,28.63564213,18.24828759,31.06444913,19.02629759,32.01562119,20.02498439,31.40063694,16.1245155,33.06055051,18.02775638,33.06055051,21.02379604,41.0487515,21,40.01249805,24.33105012,42.19004622
7.280109889,9.486832981,7.280109889,9.848857802,7.280109889,9.848857802,6.708203932,10.19803903,5.099019514,9.219544457,7.071067812,8.062257748,6.32455532,12.16552506,7.071067812,9,4.472135955,8.062257748,5.099019514,7,6.32455532,5.099019514,6,7,6.32455532,6.08276253,7.280109889,8.246211251,5,7.071067812,7.211102551,8.246211251,5.830951895,7.211102551,5,5.385164807,8.062257748,7.615773106,5,7.211102551,6.403124237,5.830951895,6.403124237,5.830951895,7.615773106,5,8.062257748,6.403124237,8.544003745,8.602325267,10.44030651,7.211102551
7.810249676,28.01785145,7.615773106,28.01785145,11.40175425,26.17250466,11.66190379,25.17935662,10,24.35159132,11.66190379,25,10.29563014,23.76972865,10.63014581,23.2594067,10.81665383,22.20360331,11.3137085,22.02271555,9.219544457,24.04163056,8.062257748,22.8035085,8.246211251,25.49509757,11.18033989,26.07680962,8.062257748,24.41311123,10.77032961,26.92582404,9.219544457,26.92582404,12.04159458,25.49509757,13.15294644,26.40075756,12.16552506,26.40075756,17.11724277,28.63564213,16.03121954,25.29822128,18.11077028,24.69817807,23.19482701,28.44292531,22.8035085,28.63564213,25.49509757,29.06888371
3.16227766,10.77032961,2.236067977,11.70469991,4.123105626,10.44030651,3.16227766,11.18033989,4.472135955,10.44030651,3.605551275,10.04987562,4.123105626,10,2.236067977,8,3.605551275,8,4.242640687,8,3.16227766,9.055385138,4.123105626,9.219544457,3.16227766,9.219544457,4,10.19803903,4.472135955,9.055385138,5.099019514,10.44030651,6,9.433981132,7,8.544003745,6,7.615773106,6.08276253,8.246211251,7,7.615773106,7.071067812,6.32455532,9,6.32455532,9,8.544003745,10.04987562,8.062257748,10,7.211102551
11.70469991,8.602325267,11.70469991,9.848857802,12.08304597,8.94427191,12.08304597,9.848857802,10.77032961,6.708203932,9.219544457,9.433981132,8.246211251,9.848857802,9.055385138,8.602325267,9.055385138,8.062257748,8.246211251,7.810249676,9.055385138,7.810249676,10.19803903,8.602325267,9,6.403124237,9.219544457,6.403124237,10.19803903,7.071067812,10.19803903,8.485281374,9.486832981,8.602325267,8.062257748,8.062257748,8.544003745,7.211102551,7.280109889,7.615773106,8.94427191,9.433981132,9.433981132,10,8.602325267,10.77032961,8.062257748,12.64911064,6.403124237,10.77032961,8.062257748,11.70469991
8.544003745,7.810249676,11.40175425,7.615773106,8.544003745,6.708203932,10.19803903,6.708203932,9.055385138,7.280109889,10.04987562,7.280109889,10.04987562,6.32455532,9,6.32455532,9.055385138,6,6,7.615773106,9.055385138,7.071067812,8.246211251,6,7.280109889,7.071067812,7.615773106,7.280109889,7.280109889,7.071067812,8.544003745,7.615773106,7.615773106,6.32455532,7.211102551,7.280109889,7.211102551,7.615773106,7.810249676,7.211102551,7.810249676,7.071067812,7.211102551,9.219544457,7.071067812,7.810249676,6.403124237,8.94427191,7.810249676,9.433981132,8.94427191,10.44030651
3.16227766,28.28427125,3.16227766,28.63564213,3,24.18677324,2.236067977,24.0208243,1.414213562,23,2.828427125,24.18677324,4,23.19482701,4,22.47220505,7.071067812,22.47220505,6.708203932,21.58703314,8.062257748,23.76972865,10.19803903,21.9544984,11.04536102,21.47091055,15.29705854,25.8069758,16.1245155,23.85372088,18,23.34523506,19,23.32380758,19.41648784,24.04163056,21,25.49509757,23.08679276,24.08318916,23.19482701,25.61249695,24.0208243,28.42534081,22.09072203,26.83281573,26.30589288,30.08321791,28.01785145,30.08321791,28,29.41088234
29.27456234,15.29705854,25.3179778,19.72308292,33.24154028,10.44030651,33.52610923,9.433981132,25.07987241,4,13.03840481,13.60147051,13,16.03121954,18.11077028,17.88854382,26.62705391,28.8444102,21.9317122,16.4924225,15.65247584,15,9.219544457,23.76972865,6,18.86796226,8.062257748,22.6715681,12.04159458,17.4642492,12.08304597,24.35159132,11.40175425,21.02379604,3.605551275,19.41648784,7.211102551,23.85372088,7.071067812,20.51828453,4.123105626,27.01851217,5.385164807,22.6715681,4.242640687,21.9544984,9.848857802,30.46309242,7.071067812,33.01514804,6.403124237,30.87069808
20.61552813,60.44005295,19.10497317,61.40032573,16.2788206,57.48912941,15.26433752,61.05735009,16.40121947,53.26349594,18.02775638,62.76941931,12.80624847,52.15361924,14.14213562,53.23532662,17.88854382,47.5394573,13.60147051,47.01063709,22.13594362,47.29693436,22,43.73785546,22.84731932,50.21951812,23.76972865,44.28317965,25.70992026,43.41658669,27.31300057,41.43669871,25.29822128,45.88027899,24.41311123,44.40720662,31.90611227,44.28317965,30.61045573,46.04345773,32.64965543,41.30375286,34.82814953,41.97618372,35.22782991,39.62322551,41.59326869,46.17358552,39.96248241,39.3192065,45.61797891,34.23448554
21.58703314,24.8394847,23.19482701,28.42534081,19.92485885,22.6715681,18.97366596,24.59674775,18.38477631,19.72308292,13.60147051,20.80865205,19.31320792,23.60084744,19.92485885,15.13274595,13.60147051,16.4924225,15.26433752,16.15549442,19.72308292,17,18.86796226,14.86606875,20.61552813,17.2626765,18.43908891,12.36931688,18.43908891,19.23538406,21.40093456,21.58703314,15.62049935,18.43908891,20.1246118,15.5241747,21.9317122,17.72004515,21.40093456,21.02379604,21.02379604,21.1896201,20.59126028,20.22374842,26.40075756,20.09975124,25.63201124,23,28.46049894,16.2788206,29.41088234,18.24828759
26.68332813,12,27.20294102,9.486832981,25.05992817,9.433981132,26.41968963,11.18033989,22.02271555,11.70469991,21.09502311,12.52996409,18.38477631,13.60147051,19.72308292,17.08800749,18.38477631,14.31782106,20.39607805,14.31782106,21.58703314,17.11724277,21.21320344,17.2626765,22,15.03329638,22.20360331,21.37755833,21.02379604,16.76305461,24.0208243,20.61552813,26.17250466,22.8035085,27.16615541,22.20360331,25.01999201,26.68332813,23.08679276,22.56102835,25.01999201,25.49509757,27.16615541,23.76972865,27.29468813,23.70653918,29.27456234,24.59674775,28.44292531,22.36067977,30.41381265,25.07987241
5.385164807,3.605551275,4.472135955,3.16227766,4.472135955,3.16227766,5.385164807,0,5.099019514,1,5.099019514,1,6.08276253,1,6,1,5,1,6.08276253,1,6.32455532,1.414213562,6.08276253,3.16227766,7.071067812,2.236067977,7.615773106,2.236067977,6.708203932,3.605551275,8.062257748,1,8.602325267,3.16227766,8.94427191,3.16227766,9.433981132,1,8.602325267,3,9.433981132,3,9.433981132,2,8.602325267,4.123105626,10,4.123105626,10.29563014,4,10.81665383,4.123105626
21.58703314,36.87817783,20.88061302,35.11409973,19.6468827,35.11409973,15.13274595,35.11409973,14.03566885,30.3644529,15.03329638,34.43835072,8.062257748,29.52964612,6.32455532,27.45906044,5.830951895,30.23243292,6.32455532,24.75883681,7.211102551,27.58622845,3,22.6715681,5,21.9317122,8.94427191,24.08318916,6,24.73863375,12.04159458,24.04163056,9.055385138,23.53720459,8.246211251,25.3179778,12.04159458,26,10.04987562,23.34523506,13,25.07987241,12.16552506,26.92582404,14.56021978,28.16025568,15.5241747,28.63564213,15.5241747,29.12043956,17.72004515,30.08321791
3.605551275,10,4.123105626,9.055385138,3.16227766,8.062257748,4.242640687,8.062257748,4.472135955,8.062257748,5,6.08276253,3.605551275,4.472135955,4.472135955,4.472135955,4.472135955,4.472135955,5.830951895,5,6.403124237,5,5.385164807,4.242640687,5.099019514,3.605551275,4.123105626,4.242640687,6,3.16227766,6.08276253,5.385164807,6.08276253,4.123105626,7.071067812,5.099019514,7.280109889,4.123105626,5.385164807,5.099019514,7.280109889,4,7.615773106,5,7.280109889,5,6.708203932,7.071067812,6.708203932,6,6.708203932,6
13.03840481,27.16615541,13.03840481,28.28427125,15.65247584,25.07987241,17.20465053,25.07987241,16.1245155,21.21320344,18.02775638,23.19482701,18.86796226,22.09072203,21.09502311,20.22374842,20,19.41648784,23.2594067,16.2788206,24.69817807,15.29705854,23.70653918,13.03840481,24.69817807,13.03840481,25.94224354,12.04159458,27.29468813,9.055385138,29.06888371,8.062257748,29.54657341,6.708203932,30.46309242,7.071067812,31.78049716,3.605551275,29.54657341,5.656854249,29.15475947,5,31.01612484,6.32455532,32.01562119,9.219544457,35.44009029,11.04536102,32.57299495,11.18033989,34.4818793,13.03840481
23.2594067,20.1246118,26.41968963,18.97366596,26.40075756,17.4642492,25.07987241,16.76305461,24.18677324,16.76305461,24.41311123,15.5241747,25,14.31782106,25.49509757,14.14213562,23.34523506,13.03840481,21.40093456,11.18033989,25,14,24.41311123,15.03329638,23.02172887,15,24.16609195,13.03840481,24.59674775,13.15294644,25.63201124,13,25.05992817,14.56021978,26.92582404,11.70469991,29.41088234,11.40175425,27.89265136,10.44030651,32.01562119,8.246211251,28.86173938,8,29.12043956,10.04987562,35.6931366,8.062257748,34.92849839,8.246211251,36.40054945,8.544003745
12.08304597,0,11.40175425,1,13,1.414213562,13,2.828427125,11.18033989,2.236067977,11.18033989,3,11.66190379,3.16227766,9.433981132,5,8.94427191,6,10.63014581,6.08276253,10.81665383,7,9.219544457,6,9.433981132,7,9.433981132,8.246211251,7.810249676,7,9.219544457,9.055385138,7.810249676,10,9.219544457,9,7.810249676,10.04987562,8.602325267,10.19803903,8.602325267,9.055385138,8.485281374,11.04536102,10,11.18033989,12.08304597,10.04987562,10.63014581,11.04536102,11.18033989,10.04987562
35.11409973,6.32455532,32.57299495,8.485281374,32.69556545,8.544003745,32.28002478,9.219544457,26.2488095,12.52996409,27.89265136,12.20655562,28.63564213,15.26433752,23.53720459,15.8113883,24.33105012,17.72004515,21.02379604,14.56021978,21.02379604,16.03121954,18.02775638,18,17,17.11724277,22.02271555,20.09975124,19.41648784,20.22374842,21.37755833,23.34523506,17,21.21320344,17.11724277,26.07680962,10.77032961,27.07397274,15.03329638,27.01851217,15.29705854,29.01723626,8,28.0713377,9.219544457,31.01612484,16.03121954,33.01514804,16.03121954,32.06243908,18.24828759,38
24.16609195,24.33105012,22.8035085,22.56102835,21.9544984,22.09072203,25.49509757,25.01999201,25.8069758,20,25,22.09072203,23.02172887,17.2626765,22.02271555,17.72004515,22.8035085,17.2626765,22.6715681,17.20465053,22.02271555,18.43908891,21.40093456,20.80865205,20.24845673,19.20937271,20.24845673,20.51828453,18.78829423,19.10497317,24.69817807,19.41648784,23.40939982,20.61552813,23.08679276,20,22.13594362,20.80865205,24.04163056,18.35755975,26.68332813,19.41648784,25.70992026,19.41648784,28.44292531,18.97366596,34.92849839,20.61552813,34.4818793,19.6977156,38.07886553,18.68154169
14.4222051,40.31128874,15.23154621,39.8246155,13.92838828,38.01315562,12.64911064,37.69615365,13.41640786,38.07886553,11.66190379,35.4682957,15.26433752,36.138622,9.899494937,28.44292531,12.80624847,28.44292531,8.94427191,30,10,30.01666204,7.810249676,29,5.830951895,27.01851217,8.602325267,25.07987241,7.810249676,27.89265136,8.602325267,27.89265136,8.544003745,28.86173938,10,25.29822128,10.04987562,30.46309242,11.18033989,29.73213749,12.64911064,27.73084925,14.86606875,27.31300057,17.02938637,28.3019434,20.39607805,31.90611227,18.43908891,28.42534081,20.61552813,31.2409987
21.84032967,21.54065923,25.63201124,21.1896201,26.57066051,22.13594362,24.33105012,21.21320344,25,19,25.49509757,18.02775638,24.04163056,18.02775638,22.8035085,14.86606875,20.61552813,14.86606875,18.11077028,16.15549442,17.72004515,20.24845673,18.24828759,19.72308292,20.39607805,18.43908891,18.02775638,20.61552813,10.77032961,20.51828453,13.60147051,20.51828453,13.41640786,19.10497317,11.18033989,21.63330765,11.40175425,26.62705391,13.34166406,23.60084744,9.848857802,22.47220505,11.18033989,24.18677324,10.29563014,26.83281573,13.03840481,28.23118843,15.26433752,30.46309242,12.04159458,27.51363298
8.602325267,41.10960958,6.08276253,40.04996879,11.04536102,38.05259518,8.062257748,38.20994635,6,30.41381265,4.123105626,35.35533906,7.810249676,30.8058436,7.071067812,29.83286778,4.123105626,27.51363298,7.071067812,26,6.08276253,24.18677324,6,24.41311123,6.708203932,21.21320344,5.099019514,23.43074903,4,22.6715681,5.099019514,22.47220505,3.16227766,20.80865205,3,22.56102835,6.403124237,20.88061302,6.403124237,19.6468827,7.810249676,21.1896201,7.211102551,18.68154169,8.246211251,17.4642492,5.099019514,20.39607805,8.544003745,18.11077028,7.071067812,20.39607805
6.708203932,8.602325267,5.830951895,10.81665383,6.708203932,9.219544457,4.472135955,8.602325267,3.16227766,9.219544457,4.472135955,7.810249676,3.605551275,9.219544457,3.605551275,9.219544457,2,9.433981132,4.123105626,11.18033989,1.414213562,9.486832981,4,8.246211251,3,10.19803903,2.236067977,10.04987562,4,9,2,10,3,11.40175425,4,11.18033989,3.16227766,12.36931688,5.099019514,12.36931688,4.472135955,11.40175425,2.828427125,10.77032961,5.385164807,11.40175425,2.828427125,12.36931688,4.242640687,11.70469991,2.828427125,11.70469991
5.830951895,5.099019514,3.605551275,5.099019514,5.099019514,7.071067812,4.123105626,4.123105626,4.472135955,3,2.236067977,2.236067977,4.472135955,2.236067977,4.123105626,3.605551275,3.605551275,4.242640687,3,2.236067977,4.472135955,2,5.099019514,2.236067977,5.385164807,2.236067977,5.385164807,3,5.830951895,5,6.708203932,3.16227766,7.615773106,2,8.94427191,5,7.810249676,4.123105626,7.211102551,4.123105626,8.062257748,4.123105626,8.602325267,5,8.602325267,6.08276253,8.94427191,7.071067812,9.433981132,5.385164807,10.29563014,6.08276253
2,18.02775638,2.236067977,18.11077028,1,17.02938637,1.414213562,18.11077028,1.414213562,16.1245155,1,14.31782106,2,13.92838828,2.236067977,13,4.123105626,12.08304597,2.828427125,11.66190379,2.828427125,12.80624847,2.236067977,12.72792206,1.414213562,12.04159458,1.414213562,12.20655562,1.414213562,13.03840481,1.414213562,12.52996409,1.414213562,13,2.236067977,11.18033989,1,12.36931688,3.605551275,9.219544457,1.414213562,12.36931688,2.828427125,11.04536102,3.605551275,10.04987562,6.32455532,12.04159458,4.123105626,11.04536102,6.08276253,11.04536102
5,8.544003745,5.099019514,7.280109889,6.08276253,8.246211251,6.32455532,8.062257748,5.099019514,8.062257748,5.099019514,9,5.099019514,10.04987562,5.385164807,9.055385138,4.472135955,10.04987562,5.385164807,10.19803903,5.830951895,11.70469991,5,10.44030651,5,10.77032961,4.472135955,12.08304597,4.242640687,13.92838828,5.830951895,14.31782106,3.605551275,13.41640786,5.830951895,13,3.605551275,13.92838828,5.385164807,14.31782106,4.123105626,14.31782106,4.123105626,15.65247584,5.099019514,14.76482306,6.08276253,14.76482306,5.099019514,14.76482306,7.071067812,14.76482306
13.60147051,31.40063694,16.1245155,30.14962686,16.40121947,26.68332813,16.40121947,27.45906044,15.8113883,23.76972865,22.47220505,21.58703314,22.6715681,19.41648784,24.18677324,18.02775638,22.82542442,14.86606875,26.41968963,13.60147051,30.41381265,10.81665383,26.40075756,10.81665383,30.41381265,9.433981132,28.63564213,9.219544457,32.28002478,9.899494937,33.24154028,7.810249676,33.83784863,6.32455532,34.71310992,7.280109889,31.6227766,7,33.95585369,7.071067812,36.138622,6,36.40054945,3.605551275,35.6931366,5.656854249,40.26164428,5,37.64306045,3.605551275,39.29376541,3.16227766
21.58703314,27.89265136,23.34523506,28.16025568,21.58703314,24.35159132,25,24.16609195,21.54065923,22.82542442,22.47220505,22.82542442,22.84731932,18.86796226,22.36067977,20.51828453,22.47220505,20.61552813,20.61552813,17.49285568,23.34523506,21.47091055,21.9317122,20.59126028,20.61552813,21.9317122,20.61552813,22.36067977,21.26029163,24.73863375,22.82542442,25.17935662,24.18677324,26.07680962,21.47091055,28.0713377,25.63201124,27,22.47220505,26.01922366,23.53720459,26.01922366,22.8035085,25.17935662,27.45906044,25,29.83286778,28.0713377,32.24903099,24.33105012,32.75667871,25.17935662
2,14.31782106,3,13.15294644,4.123105626,12.36931688,4,13.15294644,4,10.19803903,3.16227766,11.40175425,5.099019514,12.16552506,5.099019514,10.44030651,4.123105626,9.219544457,6,10.44030651,8,10.19803903,6,8.246211251,7.071067812,10.19803903,8,6.32455532,8,7.280109889,9,7.280109889,10.19803903,6.32455532,9.055385138,5.830951895,10,4.472135955,9.219544457,5,10.04987562,5.830951895,11,6.708203932,11,5,12,7.211102551,12.04159458,6.708203932,13.15294644,7.615773106
7.211102551,13,6.708203932,13,7.211102551,12.08304597,6.708203932,12.52996409,7.810249676,10.77032961,7.211102551,12.08304597,8.485281374,12.08304597,7.810249676,9.848857802,7.211102551,9.486832981,6.708203932,9.486832981,8.602325267,10.29563014,7.211102551,9.486832981,8.94427191,9.848857802,9.433981132,8.544003745,8.94427191,8.544003745,9.433981132,8.94427191,9.486832981,7.615773106,8.544003745,8.062257748,8.246211251,8.062257748,9.486832981,8.602325267,10.19803903,8.485281374,9.486832981,7.810249676,9.219544457,8.485281374,10.44030651,10,10.77032961,8.602325267,11.18033989,9.219544457
15.65247584,1,15.65247584,1,15.65247584,1,15.8113883,1,14.76482306,2.828427125,12.52996409,2,12.52996409,2.236067977,12.20655562,2.236067977,13.03840481,2.236067977,13.03840481,2,12.80624847,2.236067977,12.20655562,3.605551275,12.80624847,3.16227766,12.04159458,3.605551275,11.3137085,4,12.04159458,4.472135955,11.40175425,5.656854249,11.40175425,3.605551275,12.04159458,6.403124237,12.20655562,5.385164807,11.40175425,6.32455532,12.52996409,4.123105626,12.52996409,4.472135955,15.26433752,3.605551275,15,4.123105626,13.89244399,4
8.246211251,6.708203932,8.94427191,6.708203932,8.246211251,7.211102551,9.219544457,8.062257748,7,6.708203932,8.062257748,7.810249676,5,7.810249676,5.099019514,6.403124237,6.08276253,8.602325267,6,5.830951895,5.099019514,7.810249676,5.099019514,7.211102551,7.280109889,6.403124237,7.211102551,8.544003745,5.656854249,6.708203932,5.656854249,8.544003745,6.403124237,7.615773106,5.656854249,8.246211251,6.403124237,8.544003745,6.403124237,7.280109889,6.708203932,8.246211251,5.830951895,10.44030651,4.242640687,9.486832981,5,11.04536102,5,11.40175425,3.605551275,12.16552506
35.35533906,18.78829423,30.87069808,17,29.52964612,15.5241747,32.20248438,14.56021978,26.83281573,12.36931688,27.85677655,13.15294644,25.07987241,13,22.13594362,11.70469991,19.23538406,11.70469991,20.88061302,14.31782106,15.29705854,19.41648784,15.13274595,22.02271555,17.02938637,21.09502311,16.03121954,21.26029163,17,19.84943324,14.14213562,25.45584412,17.11724277,22.6715681,13.34166406,24.8394847,12.16552506,27.01851217,13.60147051,27.58622845,13.15294644,32.80243893,14.56021978,30.52867504,13.15294644,34.43835072,16.03121954,35.34119409,12,37.33630941,15,40.52159918
3.605551275,10.19803903,5,9.486832981,5.656854249,8.246211251,5,9.055385138,3.605551275,8.062257748,6.403124237,8.062257748,5,7.071067812,5.830951895,7,7.211102551,6.08276253,7.280109889,6.08276253,6.32455532,6.08276253,5.830951895,6.08276253,6.08276253,6,8.246211251,6.08276253,6.32455532,5.099019514,9.055385138,5.385164807,8.062257748,4.123105626,8.062257748,4,9.055385138,2.828427125,8.062257748,4.123105626,10.04987562,3,11.04536102,2.236067977,11.18033989,4.123105626,12.16552506,4.123105626,12.16552506,3,12.04159458,3.605551275
20.61552813,13.15294644,20.09975124,20.02498439,19.02629759,18.11077028,19.02629759,19.10497317,13.03840481,16.2788206,15.5241747,18.24828759,15.65247584,16.76305461,16.1245155,17.88854382,16.97056275,15.8113883,16.2788206,13.45362405,18.38477631,21.63330765,14.86606875,17.88854382,17.02938637,21.1896201,17.69180601,21.58703314,15.55634919,22.56102835,16.64331698,29.83286778,18.02775638,24.33105012,20.24845673,28.0713377,20.24845673,28.01785145,20,29.01723626,17.20465053,28,21.9544984,26.17250466,19.72308292,26.07680962,25.05992817,30.01666204,23.40939982,31.06444913,25.63201124,31.06444913
29.73213749,10.29563014,28.46049894,10.81665383,32.28002478,9.848857802,31.78049716,7.211102551,26.17250466,10.81665383,29.06888371,6.708203932,29.06888371,10,27.29468813,8.602325267,26.30589288,5.656854249,24.73863375,6.08276253,25.63201124,7.211102551,25.63201124,6.403124237,26.40075756,5,25.55386468,4.242640687,25.8069758,3.16227766,26.40075756,5.830951895,27.80287755,3,26.2488095,1.414213562,28.31960452,5.099019514,29,4.472135955,28.42534081,1,29.73213749,4.472135955,30.52867504,4,34.98571137,6.403124237,33.01514804,7.810249676,34.92849839,6.403124237
71.30918594,19.6468827,75.76938696,17.11724277,66.00757532,12.52996409,68.65857558,6.08276253,58.82176468,7.211102551,56.43580424,5.385164807,54.03702434,6.32455532,49.36598019,4.242640687,40.52159918,9.433981132,49.64876635,8.246211251,42.52058325,4.472135955,33.61547263,4.242640687,48.60041152,11.04536102,33.30165161,9.055385138,39.8246155,11.18033989,44.72135955,16.2788206,46.87216658,9.219544457,59.61543424,18,56.92099788,13.41640786,58.18075283,23.53720459,57.48912941,20.39607805,68.54195795,16.40121947,68.00735254,26.87005769,83.43260753,22.20360331,79.24645102,31.06444913,87.46427842,26.90724809
23.02172887,30.14962686,26.07680962,27.01851217,27.01851217,26.17250466,26.01922366,24.18677324,25.17935662,21.21320344,25.3179778,19.23538406,26.68332813,22.20360331,23.19482701,15.65247584,22.13594362,14.76482306,21.09502311,16.2788206,19.72308292,20.51828453,19.23538406,12.80624847,18.78829423,17.80449381,13.60147051,15.8113883,13.60147051,19.41648784,14.4222051,20.1246118,15.23154621,19.6977156,12.16552506,22.47220505,13.15294644,21.9317122,14.76482306,24.73863375,15.5241747,25.49509757,13.15294644,26.57066051,13.03840481,28.63564213,12.16552506,35.6931366,14.14213562,36.34556369,13.03840481,37.48332963
35.0142828,3.605551275,35.22782991,5.830951895,34.05877273,3.605551275,36.49657518,4.242640687,25.49509757,4.123105626,29.83286778,2,27.51363298,5.385164807,26.57066051,6,21.63330765,5.830951895,22.02271555,9,22.6715681,4,20.51828453,5.099019514,20.80865205,4.472135955,17.88854382,1.414213562,20.24845673,1.414213562,22.36067977,2.828427125,21.84032967,2,25,3,25.3179778,5.385164807,21.84032967,3.605551275,27.45906044,7.615773106,26.30589288,7.810249676,29.15475947,8.062257748,29.15475947,8.602325267,30.01666204,8.94427191,30.01666204,9.848857802
0,11.04536102,1,10.04987562,2.236067977,11,1,11,1.414213562,9.219544457,0,10,2,8.246211251,3,7.280109889,2.828427125,6.708203932,2.828427125,6.32455532,1.414213562,7.211102551,3,6.403124237,0,7.211102551,1.414213562,5.656854249,1,7.071067812,2.236067977,8.062257748,2.236067977,6.32455532,3.16227766,5.385164807,3,5.099019514,3.16227766,5.385164807,2.236067977,7.071067812,2.236067977,6.32455532,4,7.280109889,5.099019514,7.071067812,4,6.32455532,6.08276253,7.280109889
30.8058436,15.8113883,27.20294102,16.03121954,24.59674775,16.03121954,24.16609195,19.6468827,19.20937271,15.03329638,19.20937271,14.31782106,19.79898987,17.11724277,19.84943324,13.03840481,18.78829423,10.19803903,19.92485885,11.18033989,20.39607805,10.44030651,21.21320344,9.055385138,20.09975124,6.08276253,22,7.071067812,23.02172887,5,25.07987241,4.242640687,23.19482701,5.099019514,24.51530134,5.830951895,27.45906044,5,27.20294102,6.32455532,27.89265136,8.94427191,26.68332813,10.44030651,28.63564213,12.16552506,29.15475947,13.92838828,29.27456234,15,32.01562119,18.24828759
8.062257748,2.236067977,8.246211251,1.414213562,5.099019514,1.414213562,5,2,6,2.236067977,6,2,6,2,6.32455532,1,5,2.236067977,3.16227766,1,4.472135955,3.16227766,5.656854249,2,5.830951895,2,4.472135955,1.414213562,4.472135955,2.236067977,5.830951895,2.236067977,6.32455532,3.16227766,5.385164807,3.605551275,6.08276253,3.605551275,5.385164807,5.656854249,6.08276253,5,7.280109889,6.403124237,7.280109889,5.830951895,7.280109889,7.211102551,9.219544457,6.708203932,8.062257748,6.708203932
35.17101079,5.830951895,34.92849839,7.280109889,27.65863337,9,29.01723626,10.04987562,22.20360331,8.062257748,25.01999201,8.544003745,22.20360331,10.04987562,21.54065923,7.280109889,21.58703314,10.29563014,14.86606875,5,16.64331698,7.071067812,13,5.830951895,17.80449381,4.472135955,17.80449381,5.385164807,20.1246118,7,19.72308292,11,20.24845673,12.16552506,20.88061302,13.89244399,21.54065923,14.76482306,25.63201124,17.49285568,25.07987241,13.41640786,25.07987241,12.20655562,21.9317122,15.29705854,33.10589071,12.08304597,28.46049894,11.18033989,27.51363298,9.486832981
34.53983208,13.03840481,35.35533906,9.219544457,29.83286778,7.211102551,30.8058436,1.414213562,26.2488095,3.16227766,24.04163056,5.385164807,24.08318916,3,19.6468827,3.605551275,20.22374842,4.123105626,13.34166406,4.472135955,14.86606875,6.708203932,13,8.544003745,15.8113883,11.18033989,12.04159458,13.45362405,13.89244399,13.60147051,18.35755975,12.80624847,17.69180601,15.65247584,17.20465053,17.69180601,19.31320792,20,24.75883681,24.20743687,21.54065923,25.45584412,22.8035085,24.20743687,25.63201124,27.20294102,33.61547263,25.07987241,32.24903099,27.31300057,36.23534186,28.23118843
6.403124237,9.848857802,6.708203932,9.486832981,5.830951895,10.81665383,7.211102551,10.77032961,6.32455532,9.486832981,7.280109889,9.848857802,6,10.77032961,4,10.44030651,4,9.848857802,5,7.615773106,5.385164807,9.848857802,7.280109889,8.94427191,6.708203932,7.211102551,6.403124237,9.433981132,6.708203932,8.602325267,8.602325267,8.062257748,6.708203932,7.615773106,7.810249676,8.485281374,7.211102551,9.219544457,9.219544457,8.602325267,7.071067812,8.602325267,8.485281374,6.403124237,7.071067812,8.062257748,8.062257748,10,5.656854249,7.810249676,6.403124237,9.219544457
7.071067812,29.54657341,4.472135955,28.46049894,8.544003745,27.89265136,7.071067812,28.46049894,6.08276253,26.68332813,11.04536102,27.89265136,8.062257748,26,13.60147051,27.65863337,7,25.17935662,10.29563014,24.08318916,11.18033989,24.33105012,12,25.17935662,15.03329638,26.30589288,15.03329638,21.58703314,12.64911064,20.88061302,19.02629759,19.41648784,20.02498439,20.1246118,22.09072203,21.9544984,23.34523506,20.80865205,20.09975124,22.82542442,22.02271555,20.59126028,24.0208243,20.80865205,23.19482701,18.43908891,30,16.2788206,28.16025568,15.62049935,26.01922366,13.60147051
6.32455532,8.062257748,7.615773106,7.615773106,7.615773106,7.280109889,8.94427191,7.615773106,7.211102551,7.211102551,8.485281374,6.32455532,6.403124237,7.071067812,7.071067812,8,6.403124237,6,6.403124237,7.071067812,6.708203932,7.071067812,7.211102551,7.280109889,6.403124237,7.071067812,7.810249676,5.385164807,8.062257748,6.32455532,8.246211251,6.708203932,7.280109889,6.32455532,8.246211251,6.32455532,9.219544457,5.830951895,9.055385138,6.708203932,9.219544457,5.830951895,10.19803903,5.830951895,11.04536102,5.830951895,12.16552506,6.32455532,12.36931688,5,12.04159458,6.32455532
10.29563014,7.615773106,10.44030651,7.615773106,12.08304597,6.32455532,12.64911064,6.32455532,8.94427191,7.280109889,9.433981132,5,9.433981132,6,8.94427191,6.08276253,8.602325267,5.830951895,8.94427191,5.385164807,10,7.211102551,8.062257748,5.385164807,8.062257748,7.211102551,6.403124237,8.062257748,8.602325267,8.602325267,8.485281374,7.810249676,7.810249676,9.899494937,7.211102551,9.433981132,9.219544457,10,7.211102551,8.602325267,7.810249676,10.29563014,8.485281374,10.29563014,9.433981132,10.29563014,9.848857802,10.29563014,9.433981132,11.66190379,10.81665383,11.18033989
4.123105626,5.385164807,3.605551275,4.123105626,5.099019514,6.08276253,4.123105626,5,4.123105626,4,4.472135955,5.099019514,3.605551275,4.123105626,4.472135955,4.472135955,3.605551275,2.236067977,2.236067977,5,3.605551275,5.656854249,4.472135955,5.656854249,5,5.656854249,5.830951895,5.656854249,5,5.830951895,5.830951895,6.708203932,5.385164807,8.062257748,6.32455532,7.071067812,6.708203932,8.246211251,6.08276253,7.615773106,6.32455532,8.246211251,5.830951895,8.246211251,6.32455532,8.062257748,6.32455532,10.04987562,6,11.40175425,8,11.18033989
51.66236541,17,55.94640292,15.8113883,55.54277631,13.34166406,57.69748695,17.80449381,49.81967483,13.34166406,58.6003413,14.56021978,57.20139858,12.36931688,52.0096145,15.8113883,55.21775077,4,50.93132631,14.31782106,54.56189146,17.02938637,53.75872022,9.219544457,53.90732789,13.03840481,51.03920062,23.43074903,55.97320788,15.23154621,61.84658438,16.64331698,61.07372594,22.02271555,55.54277631,16.55294536,57.69748695,13.03840481,62.2655603,8.602325267,60.8276253,13.45362405,62.93647591,10,60.92618485,10.29563014,69.64194139,4.242640687,66.94027188,15.13274595,68.30812543,6.403124237
13.92838828,8.246211251,14.56021978,8.94427191,13.92838828,7.071067812,15.8113883,6.708203932,13.60147051,5,12.64911064,8.544003745,12.08304597,7.071067812,12.08304597,6.08276253,13,5.099019514,11.70469991,6.32455532,11.70469991,6.708203932,10.19803903,7.280109889,9.848857802,9.433981132,11.18033989,6.708203932,9.433981132,7.071067812,10.29563014,7.211102551,8.602325267,9.219544457,7.810249676,7.810249676,10,8.602325267,8.602325267,8.602325267,7.810249676,9.899494937,9.433981132,9.219544457,7.071067812,9.433981132,10,9.433981132,9.899494937,11.66190379,11.66190379,8.602325267
17.08800749,10.29563014,17.08800749,9.848857802,17.49285568,11.18033989,17.08800749,8.544003745,14.4222051,13.03840481,17.20465053,18.68154169,14.14213562,13.15294644,15,18.24828759,13.60147051,17.11724277,18.35755975,19.10497317,18.43908891,22.02271555,17.4642492,22.02271555,18.68154169,22,18.11077028,21.02379604,19.02629759,26,21,28.01785145,21.09502311,27.07397274,23,30,24.08318916,27.16615541,24.18677324,27.01851217,24.18677324,29,23.34523506,28.16025568,23.19482701,31.01612484,25.17935662,34.05877273,22.20360331,31.01612484,23.34523506,34.13209633
25.96150997,21.58703314,28.63564213,27.16615541,24.35159132,24.33105012,25.96150997,27.65863337,23.08679276,23.53720459,22.20360331,22.13594362,19.10497317,22.8035085,19.10497317,21.02379604,19.23538406,20.24845673,19.41648784,19.6977156,18.97366596,17.88854382,18.97366596,16.1245155,20.59126028,17.20465053,18.35755975,18.02775638,18.38477631,16.40121947,20.51828453,15.62049935,21.21320344,15.8113883,20.61552813,14.86606875,21.9317122,15.23154621,19.41648784,16.55294536,22.02271555,15.23154621,20.80865205,17.72004515,20.24845673,19.41648784,21.63330765,20.09975124,20,23.76972865,21.02379604,22.56102835
5.385164807,10.77032961,7,11.18033989,5.099019514,11.18033989,5,12.08304597,6.08276253,10.77032961,6.32455532,12.08304597,4.472135955,10.29563014,4.472135955,9.486832981,5.830951895,10.29563014,4.242640687,7.810249676,5.656854249,9.899494937,6.403124237,7.810249676,7.071067812,8.602325267,6.403124237,9.219544457,6.708203932,8.602325267,7.615773106,9.219544457,8.544003745,8.062257748,8.94427191,9.848857802,8.544003745,10.44030651,7.211102551,10.44030651,8.062257748,11.70469991,8.544003745,9.486832981,8.246211251,11.18033989,7.810249676,9.486832981,7.211102551,11.70469991,7.280109889,12.36931688
5,28.23118843,6.403124237,30.46309242,6.708203932,28.17800561,7.071067812,29.54657341,8.062257748,25.94224354,11.66190379,29.06888371,10.77032961,27.29468813,13.92838828,25.49509757,13,25.05992817,13.34166406,23.60084744,17.4642492,26.40075756,15.29705854,23.02172887,17.02938637,23.60084744,19.23538406,23.02172887,19.02629759,21.21320344,21.02379604,21.21320344,21.02379604,20.51828453,23.02172887,20.61552813,24,22.20360331,23.02172887,19.84943324,24.0208243,21.63330765,21,21.09502311,20.02498439,24.18677324,24,28.17800561,22.02271555,27.73084925,23.19482701,29.54657341
9.219544457,8.544003745,13,10.29563014,10.29563014,8.94427191,9.848857802,10,11.70469991,9.848857802,9.486832981,8.544003745,8,10.29563014,8.062257748,6.32455532,8.062257748,7.810249676,7,7.071067812,7,9.433981132,8.062257748,7.071067812,7.071067812,7.071067812,7.280109889,7.071067812,6.708203932,7.211102551,7.280109889,7.810249676,5.830951895,7.071067812,6.708203932,6.708203932,7.280109889,7.211102551,7.615773106,6.32455532,6.708203932,8.94427191,8.062257748,8.544003745,5.830951895,9.486832981,6.403124237,10.44030651,7.211102551,10.44030651,8.062257748,10.77032961
8.544003745,7.211102551,9.848857802,7.810249676,9.055385138,7.211102551,11.70469991,8.602325267,9.486832981,7.211102551,9.486832981,6.708203932,9.486832981,6.403124237,8.544003745,6.708203932,8.94427191,6.32455532,7.615773106,4.472135955,8.94427191,5,7.280109889,7.071067812,6.708203932,6,7.615773106,5.099019514,5.830951895,5,6.32455532,5.099019514,5,4,5.656854249,4.472135955,5.656854249,6.08276253,6.403124237,5.385164807,5,5.385164807,5,4.123105626,5.385164807,3.16227766,7.211102551,6.32455532,6.708203932,5.385164807,8.062257748,4.123105626
20.59126028,13.34166406,12.36931688,2.828427125,13.03840481,20.61552813,11,13,12.04159458,12.04159458,15.13274595,15.13274595,13.34166406,6,5.099019514,10.77032961,29.27456234,13,27.89265136,12,16.55294536,7.211102551,16.55294536,4,16.55294536,8.246211251,18.02775638,5.099019514,18.02775638,9.055385138,18.43908891,13.03840481,20.80865205,10.19803903,18.43908891,9,19.10497317,11.18033989,19.20937271,14.56021978,20.61552813,16.2788206,14.2126704,17,16.2788206,17,15.62049935,21.58703314,15.62049935,16.15549442,15.55634919,25.3179778
18.38477631,15.8113883,19.20937271,16.1245155,20.61552813,17.2626765,20.51828453,14.56021978,20.51828453,13.03840481,23.34523506,15.29705854,21.26029163,11.40175425,24.04163056,12.52996409,27.80287755,13.03840481,27.80287755,13.45362405,29,14.86606875,29.73213749,14.2126704,27.01851217,14.4222051,28.42534081,16.2788206,29.41088234,15.65247584,31.6227766,18.86796226,29.41088234,21.9317122,31.06444913,18.78829423,30.23243292,19.6977156,30.88689042,21.1896201,31.30495168,23.76972865,29.52964612,21.84032967,28.65309756,19.6468827,32.24903099,22.02271555,33.28663395,20.02498439,30.87069808,20.02498439
8.246211251,7.810249676,8.246211251,9.433981132,11.40175425,10,7.810249676,8.246211251,7.810249676,7.810249676,8.544003745,9.486832981,6.708203932,8.94427191,5.830951895,7.615773106,5.830951895,10,5.385164807,5.830951895,3.605551275,10.77032961,2.236067977,10.29563014,5,10.81665383,5,12.04159458,5.830951895,12.20655562,2.828427125,10.63014581,6.708203932,12.80624847,4.242640687,12.80624847,5.830951895,12.72792206,6.08276253,12.20655562,6.32455532,11.3137085,6.08276253,10.63014581,5.099019514,9.219544457,7.071067812,13.03840481,7,11.40175425,6.08276253,11.40175425
2.828427125,7.810249676,3.605551275,6.403124237,3.16227766,5.656854249,3.16227766,7.211102551,3.16227766,3.605551275,2,5,3,3.605551275,1,4.472135955,2.236067977,5.099019514,2.236067977,6.32455532,2.236067977,6,1,5.385164807,2.236067977,5,2,7.615773106,2.236067977,6.32455532,3.605551275,7.211102551,4.123105626,8.062257748,4,6.708203932,4.472135955,7.810249676,5.385164807,7.810249676,4.242640687,8.062257748,5,5.830951895,5.385164807,7.211102551,7.211102551,6.403124237,7.810249676,7.211102551,6.708203932,5.385164807
33.60059523,21.47091055,30.01666204,13.03840481,33.01514804,8.544003745,30.52867504,12.08304597,24.20743687,13.45362405,26.40075756,10.29563014,21.58703314,6.32455532,17.49285568,9.486832981,14.4222051,10.63014581,12.80624847,17.49285568,18.60107524,13.60147051,8.062257748,12.72792206,16.64331698,18.02775638,13.15294644,19.41648784,17,18.43908891,15.23154621,23.85372088,14.76482306,22.6715681,17.08800749,25.8069758,16.1245155,31.2409987,19.72308292,24.20743687,21.02379604,25.55386468,21.9544984,24.41311123,20.24845673,29.41088234,19.31320792,33.01514804,21.47091055,28.7923601,22.36067977,29.96664813
14,18.11077028,14.14213562,19.10497317,16.2788206,18.02775638,12.36931688,17.11724277,15.23154621,14.03566885,17,14.14213562,17.08800749,12.16552506,17.08800749,13.15294644,20.24845673,13.60147051,19.41648784,13,23.43074903,14.86606875,25.23885893,11.40175425,27.01851217,10.77032961,30,12.04159458,29.06888371,14.2126704,35.60898763,15.62049935,31.6227766,14.86606875,33.83784863,16.97056275,35,18.60107524,33.01514804,19.41648784,35.22782991,21.26029163,31.6227766,21.63330765,32.75667871,20.80865205,36.35931793,22.36067977,32.44996148,23.70653918,34,23.2594067
9.486832981,8.544003745,10.29563014,7.615773106,11.66190379,8.062257748,12.52996409,5.830951895,12.80624847,6.32455532,11.66190379,6.08276253,12.20655562,6.08276253,13.03840481,4.123105626,12.80624847,5,14.2126704,5.099019514,15.8113883,5.385164807,15,5,15.62049935,5.830951895,16.40121947,4.242640687,17.02938637,5,19.20937271,5.830951895,17.20465053,6.403124237,17.20465053,6.403124237,18.60107524,5.830951895,17.80449381,7.615773106,17.80449381,6.403124237,17.20465053,7.615773106,16.1245155,7.615773106,18.60107524,7.280109889,19.41648784,8.544003745,18.02775638,7.280109889
6.08276253,7.615773106,6.08276253,8.544003745,7.071067812,7.615773106,6,6.708203932,5,6.08276253,6.08276253,8.246211251,6.08276253,9.219544457,8.062257748,8.062257748,8.246211251,7.071067812,6.708203932,8.246211251,9.848857802,8.246211251,6.403124237,6.708203932,8.602325267,7.615773106,10.81665383,7.280109889,10.81665383,8.94427191,12.80624847,7.211102551,12.20655562,9.848857802,12.20655562,9.433981132,12.80624847,9.848857802,12.04159458,9.433981132,12.80624847,10.63014581,10,9.219544457,10.29563014,10.63014581,13.89244399,11.3137085,12.52996409,11.3137085,12.20655562,12.04159458
9.899494937,22.8035085,10.81665383,23.08679276,13.89244399,22.13594362,13.03840481,24.69817807,13.89244399,22.47220505,15.65247584,22.47220505,18.78829423,22.13594362,18.38477631,22.13594362,19.6977156,20.88061302,23.76972865,18.97366596,23.40939982,19.92485885,23.08679276,16.76305461,22.13594362,16.76305461,24.73863375,14.86606875,25.49509757,13.92838828,27.65863337,16.15549442,28.44292531,13,27.89265136,12.08304597,28.63564213,12.52996409,29.42787794,14.4222051,29.42787794,11.40175425,29.42787794,12.72792206,31.25699922,13.45362405,35.51056181,16.40121947,30.59411708,15.8113883,32.984845,15.8113883
6.08276253,5.385164807,6.32455532,6,5.099019514,7,4,8.246211251,3.605551275,7.071067812,5.830951895,6.08276253,5,6.08276253,7.211102551,5.385164807,5.830951895,5.830951895,6.708203932,6.403124237,8.062257748,7.071067812,6.708203932,7.071067812,7.615773106,5.830951895,9.219544457,5,7.615773106,8.062257748,10.04987562,7.615773106,9.486832981,8.544003745,10.44030651,8.246211251,10.44030651,8.246211251,10.19803903,8.062257748,11.18033989,8.246211251,10.19803903,8.062257748,12.04159458,9,14.14213562,7.071067812,12.16552506,9,13,8.062257748
2.236067977,10.19803903,2.828427125,12,2.828427125,10.04987562,1.414213562,11.40175425,2.236067977,9.219544457,1,9.486832981,1,8.544003745,0,10,1.414213562,10,1,7.810249676,1.414213562,8.602325267,3,9.899494937,2.236067977,10,3,11.40175425,3.16227766,10.81665383,2.236067977,11.70469991,2.828427125,11.40175425,2.236067977,11.70469991,2.828427125,11.40175425,4.123105626,13,3.605551275,13.60147051,3.605551275,12.64911064,3.605551275,13.34166406,2.828427125,14.31782106,3.16227766,13.34166406,4.472135955,15.03329638
13.03840481,30.08321791,10.81665383,33.83784863,11.70469991,32.69556545,10.44030651,31.95309062,13.34166406,28.63564213,12.04159458,29.52964612,7.071067812,29.54657341,10.19803903,27.29468813,9.219544457,27.31300057,11.66190379,25,10.81665383,27.45906044,12.80624847,23.85372088,12.72792206,24.20743687,12.04159458,24.8394847,15,23.43074903,16.64331698,25.49509757,17.69180601,20.51828453,18.35755975,20.61552813,18.02775638,21.63330765,18.35755975,21.63330765,18.86796226,23.32380758,19.72308292,22.36067977,17.72004515,25.05992817,19.72308292,27.31300057,19.6977156,26,19.31320792,28.23118843
14.76482306,2.236067977,14.86606875,2.828427125,14.31782106,1,13.41640786,0,15.23154621,1,13.92838828,2.828427125,13.92838828,3.605551275,13,4.472135955,11.70469991,4,9.486832981,4.472135955,11.18033989,5.830951895,10.19803903,6.32455532,10.19803903,7.211102551,10,8.062257748,10.19803903,9.848857802,9.219544457,9.486832981,10,10.77032961,7,9.486832981,8.062257748,11.18033989,7.280109889,13,7,12.36931688,8,12.64911064,8.062257748,13.60147051,7.071067812,13.34166406,6,13.34166406,7.280109889,14.14213562
4.123105626,13.60147051,5,14.76482306,5.385164807,11.66190379,5.385164807,13,5,10.77032961,6.403124237,13,6.708203932,12.64911064,5,10.77032961,7.211102551,9.848857802,7.615773106,8.94427191,7.615773106,10.29563014,6.708203932,9.848857802,7.280109889,8.062257748,8.246211251,8.062257748,8.246211251,7.615773106,9.055385138,7.615773106,10,6.708203932,9.055385138,7.615773106,8.062257748,8.602325267,9.055385138,7.615773106,9.055385138,6.403124237,9.219544457,7.211102551,10,7.071067812,9.219544457,10,12.16552506,9.899494937,11.18033989,10
8.246211251,28.60069929,8.246211251,28.17800561,7.615773106,30.46309242,8.485281374,29.73213749,8.602325267,26.92582404,3.605551275,30.08321791,8.246211251,27.29468813,6.32455532,27.29468813,6.403124237,25.70992026,9.848857802,25.3179778,8.062257748,26.07680962,9.848857802,24.33105012,12.36931688,26.17250466,14.56021978,26.17250466,17.88854382,25.17935662,18.02775638,26.30589288,20.61552813,26.17250466,23.76972865,26.47640459,22.8035085,23.19482701,27.65863337,25.3179778,24.35159132,24.0208243,25,24.18677324,25.29822128,22,30.6757233,23,29.12043956,20,30.08321791,20
11.18033989,5,11.70469991,5.656854249,8.544003745,5.385164807,10.29563014,6.403124237,10.29563014,3.605551275,8.94427191,6.08276253,8.602325267,5.099019514,9.219544457,5,8.062257748,5.830951895,7.810249676,6.403124237,9.219544457,7.071067812,9.219544457,8.485281374,11.40175425,8.062257748,8.485281374,8.485281374,8.602325267,8.602325267,10.63014581,7.810249676,10.81665383,9.219544457,11.3137085,9.433981132,10.81665383,9.219544457,12.20655562,9.219544457,12.20655562,5.830951895,13.03840481,8.062257748,11.40175425,6.708203932,12.08304597,11.18033989,13.92838828,7.615773106,11.66190379,8.94427191
2.828427125,10.81665383,1.414213562,10.77032961,3.605551275,10.81665383,2.828427125,10.29563014,3.16227766,10.81665383,4,10.29563014,4,9.219544457,3.16227766,9.219544457,4.472135955,7.810249676,3.605551275,9.433981132,6.403124237,9.899494937,5.099019514,9.899494937,4.472135955,8.485281374,5.830951895,9.219544457,6.403124237,9.219544457,6.403124237,9.219544457,6.32455532,9.219544457,7.071067812,10,7.211102551,12.04159458,7.071067812,9.848857802,6.403124237,10.81665383,4.472135955,11.66190379,5,10.29563014,5.830951895,11.18033989,4.242640687,11.70469991,5.385164807,11.18033989
17.72004515,37.36308338,26.57066051,34.525353,24.35159132,34.23448554,29.20616373,27.16615541,30.23243292,27.07397274,31.144823,23.08679276,28.60069929,15.29705854,35.38361203,18.02775638,35.22782991,14,33.9705755,5.099019514,39.8246155,4.472135955,35.22782991,5.830951895,38.58756276,6,39.35733731,3.16227766,38.48376281,5.830951895,42.54409477,8.485281374,38.83297568,8.602325267,40.16217126,11.70469991,42.72001873,17.88854382,39.84971769,14.86606875,38.60051813,19.10497317,37.65634077,19.10497317,37.85498646,25.05992817,38.47076812,26.40075756,40.79215611,27.31300057,37.10795063,31.38470965
8,3.16227766,9,3.16227766,8.246211251,4.472135955,9.848857802,4,8.544003745,3.16227766,9.486832981,2.236067977,8.94427191,3,9.433981132,3.605551275,10.81665383,4.123105626,10.81665383,4.242640687,11.40175425,3.605551275,12.04159458,4.123105626,12.04159458,4.123105626,12.04159458,3.16227766,12.04159458,5.099019514,12.72792206,5,14.14213562,5.099019514,12.72792206,5.099019514,14.14213562,4.123105626,12.72792206,6.08276253,12.72792206,5.099019514,12.04159458,5.385164807,11.40175425,7.280109889,12.80624847,7.071067812,12.04159458,7.280109889,13.45362405,8.544003745
7.810249676,2,8.602325267,0,7.071067812,1,5.830951895,2.236067977,6.708203932,2.236067977,5.830951895,2,5.099019514,1,7.280109889,3.16227766,6.08276253,1.414213562,4,2.236067977,7.071067812,3.605551275,7,3.605551275,7.615773106,3.605551275,8.246211251,4.472135955,7.615773106,5,8.062257748,2.236067977,10.19803903,2.828427125,10.44030651,3,9.848857802,5.099019514,10.29563014,3.16227766,11.66190379,3.16227766,11.18033989,2,10.81665383,3,10.81665383,4.123105626,11.40175425,4.123105626,10.77032961,5.099019514
8.062257748,1.414213562,8.062257748,2,8.94427191,2.828427125,7.810249676,2.236067977,7.810249676,1,7.615773106,1.414213562,7.211102551,3.16227766,7.810249676,3.16227766,5.830951895,2.236067977,6.403124237,3.605551275,7.810249676,3.605551275,9.219544457,3.605551275,10,4.123105626,7.810249676,4.242640687,11.40175425,2.828427125,12.04159458,5,9.899494937,4.472135955,10.63014581,4.242640687,11.3137085,4.242640687,12.80624847,3.605551275,12.80624847,3.605551275,10.63014581,3.605551275,11.40175425,4.123105626,13.03840481,5,12.20655562,3,9.219544457,5.385164807
28.63564213,52.95280918,30.08321791,52.49761899,26,52.20153254,18.78829423,48.10405388,24.51530134,45.65084884,24.16609195,48.84669897,14.14213562,44.38468204,22.47220505,35.6931366,29.69848481,46.09772229,30.41381265,38.94868419,19.92485885,36.40054945,19.23538406,34.66987165,21.1896201,32.75667871,25.23885893,31.01612484,24.08318916,30.01666204,29.69848481,31.38470965,28.60069929,30.41381265,28.31960452,27.58622845,33.60059523,24.04163056,30.23243292,27.73084925,28.8444102,30.8058436,26.92582404,22.13594362,32.80243893,30.46309242,30.52867504,37.16180835,30.88689042,32.57299495,33.12099032,34.78505426
27.89265136,7.280109889,28.46049894,10.63014581,29.61418579,8.94427191,31.04834939,5.099019514,25.96150997,5.385164807,26.68332813,5.385164807,23.76972865,7.071067812,24.04163056,4.123105626,27.78488798,17.4642492,19.23538406,19.72308292,19.02629759,9.433981132,16.15549442,10,23.40939982,11.18033989,18.60107524,12.52996409,17.88854382,12.20655562,19.6977156,13.03840481,17.49285568,14.76482306,17.02938637,17.20465053,16.64331698,18.35755975,17.02938637,13.41640786,17.49285568,15.26433752,11.40175425,20.1246118,15.8113883,13,16.15549442,17.20465053,20.61552813,17.88854382,23.34523506,15.26433752
10.77032961,14.86606875,12.52996409,17.08800749,6,17.08800749,8.94427191,18.68154169,7,15.29705854,10,13.89244399,8.062257748,12.52996409,10.19803903,12.52996409,8.062257748,11.40175425,7.280109889,15.62049935,9.219544457,10,10.19803903,8.94427191,11,12.20655562,9.486832981,11.40175425,8.94427191,13.89244399,8.544003745,9.486832981,8.94427191,12.20655562,5,7.280109889,10,11.40175425,9.219544457,10.44030651,5.830951895,16.2788206,5.385164807,11.40175425,6.08276253,16.1245155,13.60147051,15.23154621,8.94427191,16.76305461,6.403124237,17.72004515
29.73213749,25.70992026,30.3644529,26.47640459,27.51363298,25,25.49509757,29.12043956,23.53720459,26.57066051,25,26.40075756,24.18677324,25.49509757,22.02271555,25.94224354,20.09975124,23.60084744,20,22.6715681,21.02379604,24.08318916,21.09502311,20.61552813,22.56102835,21.21320344,19.31320792,19.41648784,20.88061302,22.20360331,22.36067977,25.23885893,18.38477631,25.05992817,18.35755975,24.59674775,19.72308292,24.18677324,16.40121947,23.08679276,20.61552813,26.92582404,15.8113883,26.57066051,15.8113883,28.44292531,15.8113883,33.54101966,13.03840481,31.40063694,15,33.95585369
5.385164807,8.94427191,6.32455532,10.44030651,4.123105626,9.486832981,5,9.486832981,4,10.44030651,6.08276253,9.486832981,4.472135955,8.544003745,4.123105626,7.615773106,3.16227766,7.280109889,2.828427125,7.280109889,4.472135955,7.280109889,5,7.615773106,5.656854249,5.099019514,5,6.708203932,5,6.32455532,5,7.615773106,6.403124237,6.708203932,6.403124237,5.656854249,5.830951895,6.403124237,4.472135955,5.830951895,5.385164807,6.708203932,7.615773106,5,6.32455532,5,8.062257748,6.32455532,8.062257748,5.830951895,8.246211251,7.211102551
32.57299495,9.055385138,33.73425559,8.062257748,32.38826948,9.055385138,34.20526275,8.94427191,30.59411708,9.433981132,29.12043956,11.40175425,28.86173938,16.40121947,28.63564213,15,25,14.14213562,22.02271555,14.14213562,23.19482701,13.89244399,23.02172887,15.23154621,21.02379604,17,24.08318916,18.97366596,19.10497317,18.02775638,18.43908891,21.58703314,15.5241747,18.11077028,15.23154621,22.36067977,18.97366596,23.34523506,15.65247584,22.20360331,13.89244399,24.18677324,11.18033989,24.0208243,13.34166406,26,12.36931688,29.06888371,15.29705854,29.06888371,11.04536102,32.01562119
16.03121954,30.08321791,18.68154169,31.6227766,14.31782106,29.41088234,19.6468827,32.75667871,17.11724277,24.51530134,17.08800749,27.65863337,18.78829423,25.70992026,17.20465053,23.02172887,15.65247584,24.08318916,15.8113883,21.09502311,17.69180601,18.43908891,14.2126704,19.41648784,17.20465053,22.56102835,15.8113883,19.41648784,17.49285568,20.1246118,18.78829423,18.78829423,18.78829423,17.4642492,19.6468827,18.60107524,20.39607805,19.41648784,20.61552813,16.97056275,20.39607805,18.43908891,21.09502311,15.62049935,24.18677324,13.45362405,25.07987241,15.55634919,28.16025568,16.2788206,27,15.62049935
33.73425559,14.31782106,34.71310992,12.08304597,32.984845,10.77032961,30.8058436,10.44030651,25.96150997,9,31.32091953,10.04987562,28.16025568,10.04987562,28.46049894,12.52996409,23.08679276,10.81665383,23.08679276,13.03840481,24.04163056,13.60147051,22.47220505,11.18033989,20.61552813,14.2126704,19.23538406,16.15549442,18.35755975,18.02775638,19.23538406,19.23538406,17.49285568,19.6977156,15,18.68154169,17.20465053,23.2594067,14.2126704,20.61552813,16.2788206,24.16609195,15.62049935,22.13594362,13.89244399,23.76972865,16.1245155,23.08679276,18.02775638,25.96150997,18.78829423,25.96150997
9.486832981,3.16227766,9.486832981,1,10.19803903,2,10.04987562,2.236067977,8.246211251,2.236067977,8.246211251,2.236067977,7.071067812,2.828427125,8.062257748,2.828427125,6,2.828427125,6.32455532,2.236067977,6.08276253,4.472135955,6.08276253,4.123105626,5,3.16227766,5.099019514,5.099019514,5.099019514,6.08276253,4.123105626,5,5.099019514,6.08276253,3.16227766,5,3.16227766,5,4.123105626,6,3.16227766,7.280109889,3.605551275,6.32455532,3.16227766,8.062257748,3.16227766,9.219544457,3.16227766,9.055385138,3,8
41.77319715,7.211102551,34.20526275,4.472135955,36.87817783,3.16227766,37.85498646,2.236067977,31.40063694,1,35.44009029,3.605551275,33.54101966,6.08276253,30.6757233,5.099019514,29.12043956,8.246211251,26.68332813,11.04536102,27.20294102,10.19803903,24.33105012,13.15294644,22.56102835,15.13274595,21.9317122,15.8113883,20.88061302,17.4642492,21.54065923,17.2626765,19.6977156,23.34523506,15.65247584,24.33105012,15.23154621,26.68332813,15.23154621,24.73863375,12.08304597,25.70992026,13.60147051,26.92582404,14.86606875,27.65863337,15.55634919,32.75667871,16.40121947,29.83286778,18.60107524,32.24903099
2.236067977,38.62641583,6.403124237,40.16217126,4.472135955,40.49691346,5,38.89730068,3,34.78505426,3.16227766,37.10795063,4.472135955,34.4818793,3.16227766,32.984845,7.615773106,29.61418579,7.071067812,29.83286778,9.848857802,29.15475947,8.246211251,30.08321791,9.055385138,26.68332813,13.03840481,25.3179778,13.03840481,23.34523506,14,24.18677324,14.14213562,24.08318916,15.13274595,22.02271555,16.4924225,21,14.31782106,16,17.2626765,16.1245155,17.11724277,17,20.88061302,14.56021978,19.6468827,15.29705854,20.24845673,14.86606875,21.37755833,16.76305461
11.70469991,6.08276253,12.64911064,6.708203932,10.77032961,6.08276253,11.40175425,7.280109889,10.44030651,5.385164807,10.44030651,5.385164807,11.40175425,7.211102551,10.04987562,5.385164807,8.062257748,6.403124237,8.062257748,5,9,5.830951895,9.055385138,5.830951895,8.246211251,4.242640687,8.062257748,5.656854249,7.280109889,4.472135955,8.544003745,6.403124237,8.062257748,5.385164807,6.32455532,6.708203932,6.403124237,3.605551275,7.211102551,5.385164807,6.403124237,5.099019514,7.071067812,5.385164807,6.403124237,6.08276253,5.830951895,7.280109889,5,7.280109889,7.211102551,8.062257748
25.63201124,34.4818793,27.51363298,33.52610923,24.16609195,31.01612484,21.58703314,35.73513677,21.54065923,34.20526275,21.21320344,30.87069808,19.10497317,29.15475947,20,29.06888371,19,26.40075756,16.1245155,30.46309242,19.6468827,28.7923601,16.4924225,27.85677655,19.41648784,24.35159132,16.15549442,23.08679276,18.78829423,20.61552813,19.72308292,22.47220505,20.61552813,20.24845673,22.02271555,19.72308292,20.51828453,18.02775638,22.02271555,19.23538406,18.38477631,17.02938637,19.10497317,17.80449381,19.84943324,17.20465053,22.8035085,18.02775638,22.627417,18.86796226,20.24845673,21.9544984
90.47651629,15.65247584,100.7223908,21.09502311,97.41663102,16.76305461,96.10411021,20.61552813,93.91485505,14.31782106,90.44335244,21.47091055,94.25497334,25.45584412,82.28000972,16.76305461,79.40403012,35.34119409,76.90253572,19.92485885,80.62257748,26.01922366,74.73285757,32.55764119,92.34717104,35.12833614,60.01666435,37.12142239,63.19810124,30.2654919,73.06161783,47.4341649,58.85575588,43.41658669,47.07440918,45.27692569,35.05709629,44.01136217,42.42640687,52.03844733,52.88667129,47.16990566,46,53.08483776,35.11409973,60.13318551,44.01136217,57.31491952,37.69615365,65.27633568,55.02726597,69.11584478
25.63201124,32.01562119,24.35159132,32.984845,23.76972865,30.6757233,23.53720459,31.04834939,22.56102835,29.73213749,21.21320344,30.6757233,20,28.17800561,19.02629759,26.40075756,18.02775638,26.83281573,18.43908891,21.47091055,20.24845673,27.29468813,21.54065923,22.82542442,22.82542442,20.1246118,21.09502311,22.47220505,20.80865205,23.43074903,23.43074903,19.20937271,21.40093456,19.79898987,20,19.20937271,21.21320344,19.10497317,22.6715681,18.60107524,20.80865205,20.24845673,21.40093456,21.09502311,20,20.61552813,21.9544984,25.07987241,22.82542442,23.76972865,23.32380758,25.49509757
28.16025568,16.4924225,29.12043956,20.88061302,26.2488095,17.72004515,27.29468813,20.39607805,23.76972865,18.02775638,25.3179778,18.78829423,23.02172887,17.4642492,21.02379604,16.1245155,21,17.20465053,20.02498439,15.8113883,21.21320344,16.40121947,20.39607805,16.2788206,20.61552813,16.2788206,19.31320792,14.4222051,18.35755975,15.26433752,20.1246118,18.35755975,19.23538406,16.64331698,19.41648784,17.08800749,18.43908891,18.24828759,17.02938637,18.97366596,17.80449381,18.43908891,17.20465053,20.39607805,15,20.09975124,17.02938637,25.17935662,15.62049935,24.08318916,16.2788206,27.16615541
30.8058436,22.56102835,29.41088234,25.29822128,30.08321791,21.58703314,29.41088234,21.37755833,28.16025568,17.11724277,28.46049894,19,29.12043956,17,28.16025568,14.86606875,27.73084925,14.86606875,22.84731932,16.15549442,27.29468813,18.78829423,23.32380758,17.49285568,22.47220505,20,19.41648784,20.61552813,19.72308292,18.38477631,23.34523506,24.04163056,19.84943324,22.6715681,16.97056275,22.20360331,20.61552813,22.20360331,18.60107524,22.47220505,19.72308292,22.82542442,20.1246118,21.02379604,20.24845673,21.9544984,24.35159132,23.2594067,23.76972865,23.76972865,25.07987241,23.2594067
8.246211251,37.94733192,9.219544457,39.29376541,10.04987562,36.40054945,7,37.64306045,9,34.20526275,6.08276253,35.17101079,7.810249676,32.57299495,8.062257748,29.61418579,11.3137085,28.16025568,14.4222051,25.49509757,13.92838828,26.47640459,16.55294536,23.34523506,16.55294536,23.34523506,17,20.39607805,20.61552813,24.0208243,18.97366596,22,21.37755833,21.02379604,23.76972865,17.11724277,23.40939982,21.02379604,23.34523506,17.02938637,25.29822128,17.11724277,27.16615541,14.14213562,27.45906044,14.56021978,33.73425559,14.86606875,28.44292531,14.86606875,31.144823,12.52996409
2.236067977,10.19803903,2.828427125,9.486832981,2,9.486832981,1.414213562,9.486832981,1.414213562,8.246211251,2.828427125,8.544003745,2.828427125,8.544003745,2,8.062257748,2.236067977,7.071067812,3.16227766,6.08276253,4.472135955,6.32455532,3.605551275,6.708203932,4.123105626,6.708203932,5.385164807,6.708203932,4.123105626,5.385164807,5.385164807,6.708203932,6.32455532,5,5.385164807,5,5.385164807,4.242640687,6.32455532,5,6,5,6.08276253,4.242640687,6.32455532,5.385164807,7,6.32455532,7.280109889,7.211102551,7.071067812,6.708203932
10.44030651,4.472135955,10.04987562,3.605551275,10.44030651,3.16227766,10.44030651,3.16227766,8.246211251,4,11.40175425,3,9.219544457,2.236067977,8.062257748,3.16227766,7.615773106,2.236067977,7,3.16227766,7.280109889,4.242640687,7.280109889,3.16227766,6.08276253,5,6.32455532,5.385164807,4.472135955,6.708203932,5.385164807,6.708203932,5.830951895,6.708203932,4.472135955,6.32455532,5.385164807,6.708203932,5,7.211102551,4.242640687,8.062257748,4.242640687,8.062257748,5,7.280109889,5.830951895,8.544003745,5.656854249,9.219544457,6.708203932,8.246211251
9.486832981,1.414213562,10.44030651,2.828427125,11.40175425,1.414213562,10.44030651,2,10.19803903,1.414213562,9.486832981,1.414213562,9.219544457,2,9.486832981,2.236067977,7.280109889,3,8.94427191,2.828427125,8.544003745,4.123105626,7.615773106,4.123105626,7.280109889,4.472135955,6.708203932,5.099019514,6.32455532,5.099019514,5.830951895,6.08276253,5.385164807,6.32455532,5,6.08276253,5.385164807,7.071067812,5,7.071067812,4.472135955,7.071067812,5.656854249,7.280109889,5,8.062257748,5.830951895,8.246211251,5.656854249,7.071067812,6.708203932,9.055385138
8.246211251,3.605551275,10.19803903,4.123105626,10.19803903,4,9.055385138,4.123105626,9.219544457,4,8.062257748,2.236067977,7.071067812,3.605551275,7.280109889,2.236067977,8.062257748,1.414213562,6.32455532,2.828427125,7.071067812,5,5,3.605551275,6.08276253,4.242640687,5.099019514,5,5,5.385164807,5,6.32455532,5,5.385164807,5.099019514,6.708203932,4,6.708203932,3.16227766,6.32455532,3.16227766,7.280109889,3,7.280109889,3,7.071067812,1.414213562,8.246211251,2.236067977,8.246211251,2.828427125,8.544003745
33.73425559,14.31782106,34.71310992,12.08304597,32.984845,10.77032961,30.8058436,10.44030651,25.96150997,9,31.32091953,10.04987562,28.16025568,10.04987562,28.46049894,12.52996409,23.08679276,10.81665383,23.08679276,13.03840481,24.04163056,13.60147051,22.47220505,11.18033989,20.61552813,14.2126704,19.23538406,16.15549442,18.35755975,18.02775638,19.23538406,19.23538406,17.49285568,19.6977156,15,18.68154169,17.20465053,23.2594067,14.2126704,20.61552813,16.2788206,24.16609195,15.62049935,22.13594362,13.89244399,23.76972865,16.1245155,23.08679276,18.02775638,25.96150997,18.78829423,25.96150997
9.486832981,3.16227766,9.486832981,1,10.19803903,2,10.04987562,2.236067977,8.246211251,2.236067977,8.246211251,2.236067977,7.071067812,2.828427125,8.062257748,2.828427125,6,2.828427125,6.32455532,2.236067977,6.08276253,4.472135955,6.08276253,4.123105626,5,3.16227766,5.099019514,5.099019514,5.099019514,6.08276253,4.123105626,5,5.099019514,6.08276253,3.16227766,5,3.16227766,5,4.123105626,6,3.16227766,7.280109889,3.605551275,6.32455532,3.16227766,8.062257748,3.16227766,9.219544457,3.16227766,9.055385138,3,8
41.77319715,7.211102551,34.20526275,4.472135955,36.87817783,3.16227766,37.85498646,2.236067977,31.40063694,1,35.44009029,3.605551275,33.54101966,6.08276253,30.6757233,5.099019514,29.12043956,8.246211251,26.68332813,11.04536102,27.20294102,10.19803903,24.33105012,13.15294644,22.56102835,15.13274595,21.9317122,15.8113883,20.88061302,17.4642492,21.54065923,17.2626765,19.6977156,23.34523506,15.65247584,24.33105012,15.23154621,26.68332813,15.23154621,24.73863375,12.08304597,25.70992026,13.60147051,26.92582404,14.86606875,27.65863337,15.55634919,32.75667871,16.40121947,29.83286778,18.60107524,32.24903099
5,37.65634077,7.211102551,26.47640459,3,25.96150997,3.16227766,30.59411708,2.236067977,27.89265136,3.16227766,26.2488095,3.605551275,25.70992026,4.242640687,23.76972865,5.656854249,23.08679276,8.062257748,21.1896201,7.071067812,22.47220505,10.77032961,19.6977156,10.77032961,19.23538406,12.64911064,17,13.92838828,19.41648784,14.56021978,18.02775638,16.15549442,17.80449381,15.8113883,16.97056275,17.08800749,18.43908891,18.02775638,15,17.4642492,17.20465053,20.88061302,17.4642492,16.15549442,17.72004515,19.92485885,21.1896201,19.31320792,20.24845673,16.76305461,21.84032967
9.486832981,6.08276253,10.77032961,6.08276253,10.77032961,7.071067812,10.44030651,7,8,5.099019514,8.062257748,6.32455532,7,7.071067812,5,5.099019514,6.08276253,6.08276253,5,5.830951895,5.385164807,4.472135955,5.099019514,4.472135955,4.472135955,3.605551275,5.385164807,5,3.16227766,2.828427125,4.472135955,5,5.656854249,4.242640687,5,4.123105626,5,3.605551275,6.403124237,3.605551275,5.656854249,4.123105626,5.830951895,4,5,5.099019514,8.602325267,4.123105626,6.403124237,4,7.071067812,5.099019514
39,16.03121954,37,14.14213562,30.6757233,17.02938637,27.45906044,18.02775638,23.34523506,16.2788206,21.84032967,14.56021978,17.02938637,18.43908891,13.34166406,17.20465053,12,14.76482306,15.03329638,18.86796226,16,17.88854382,14.31782106,18.78829423,13.34166406,16.4924225,14.31782106,21.37755833,13.03840481,26.07680962,8.544003745,27.01851217,17.11724277,28.0713377,12,28.0713377,15.03329638,30,6.08276253,30.06659276,16.03121954,30.2654919,15.29705854,32.55764119,15.03329638,30.06659276,16.76305461,37.01351105,11.04536102,38.63935817,15.8113883,40.01249805
7.280109889,8.062257748,6.32455532,6.708203932,8.246211251,7.280109889,8.544003745,4.472135955,7,4,6,6,6.32455532,3,7.071067812,4.123105626,5.099019514,3,5.099019514,3.605551275,5,3.16227766,4.472135955,4.472135955,3.605551275,4.242640687,4.123105626,5,2.828427125,3.605551275,2.828427125,5.656854249,4.242640687,5.830951895,4.123105626,5.830951895,4.472135955,5,3,5.830951895,5,5,4.472135955,6.708203932,4.472135955,6.403124237,4.123105626,8.062257748,5.385164807,7.211102551,4.123105626,8.062257748
21.09502311,34.88552709,22.36067977,32.64965543,24.33105012,28.7923601,23.19482701,31.95309062,19.02629759,24.04163056,19.6468827,24.33105012,19.6468827,20.02498439,18.11077028,19.02629759,15.29705854,17.4642492,12.04159458,19.72308292,13.03840481,20.1246118,11.04536102,19.6977156,9.055385138,17.80449381,9.848857802,19.41648784,7.071067812,24.75883681,8.544003745,23.34523506,7.071067812,22.20360331,9.219544457,25,8.544003745,26.2488095,7.071067812,26.87005769,8.246211251,27.20294102,11.18033989,27.20294102,8.602325267,29.68164416,10.04987562,30.88689042,8,33.12099032,10.29563014,32.31098884
36.22154055,15.5241747,31.6227766,17.02938637,31.57530681,17.02938637,31.57530681,19.10497317,26.30589288,17.72004515,25.96150997,17.4642492,23.02172887,18.86796226,23.19482701,17.20465053,19.02629759,17.80449381,16.1245155,17.20465053,16.76305461,20.1246118,15.8113883,20.24845673,18.86796226,21.54065923,17.49285568,20.09975124,16.2788206,17.11724277,15.55634919,22.36067977,14.86606875,25.07987241,16.1245155,29.01723626,17.80449381,29.01723626,14.76482306,28.01785145,18.02775638,30.59411708,16.64331698,32.55764119,16.1245155,34.92849839,12.20655562,35.51056181,15,38.11823711,10.44030651,40.04996879
19.92485885,28.16025568,18.11077028,26.47640459,20.09975124,21.21320344,23.34523506,20,19.02629759,21.37755833,18.68154169,18.02775638,15.26433752,15,16.1245155,14.4222051,14.2126704,14.2126704,17.20465053,15.65247584,18.02775638,15.65247584,15.62049935,18.02775638,15.8113883,17.11724277,17.08800749,18.24828759,16.76305461,18.68154169,17.4642492,21.21320344,18.02775638,24.0208243,17,29.01723626,19.23538406,26.17250466,19.41648784,27.16615541,20.61552813,25.01999201,24.51530134,24.0208243,25.49509757,25.17935662,30.2654919,24.0208243,29.42787794,26.01922366,31.40063694,27
33.24154028,20.22374842,29.12043956,19.23538406,29.83286778,20.61552813,28.46049894,19.10497317,25.96150997,20.61552813,25.3179778,20.61552813,24.18677324,20.24845673,23.02172887,20.1246118,20,18.86796226,20,17.20465053,21.58703314,19.84943324,19.6468827,15.55634919,20.61552813,17.80449381,18.35755975,17,20.80865205,16.55294536,23.32380758,15.23154621,21.40093456,17.08800749,22.20360331,17.72004515,21.9317122,16.4924225,21.26029163,19.23538406,21.26029163,21.21320344,21.9317122,18.11077028,21.9317122,22.02271555,20.51828453,23.08679276,19.41648784,25,22.8035085,26
10,18.24828759,10.04987562,17.2626765,8.062257748,18.11077028,8,18.24828759,6.08276253,16,6.403124237,16.03121954,3.605551275,16.1245155,1,14.56021978,3.605551275,14.03566885,3.16227766,12.64911064,2.828427125,15.26433752,5.656854249,14.31782106,3.605551275,15.8113883,7.071067812,15.26433752,7.211102551,17.69180601,7.211102551,16.40121947,9.219544457,16.97056275,10,18.43908891,9.899494937,19.10497317,11.66190379,22.20360331,8.062257748,20,8.94427191,22.84731932,8.94427191,20.59126028,10.19803903,21.9317122,9.055385138,22.84731932,11.04536102,25.63201124
4.472135955,4,3.605551275,5.099019514,3.605551275,6.08276253,2.236067977,3.16227766,4,5,3.16227766,4.123105626,2.236067977,4,2,4.472135955,1,3.16227766,2,5.385164807,1,5.385164807,1,5.830951895,1,6.403124237,0,6.708203932,1,6.708203932,1,8.602325267,1,7.211102551,0,8.602325267,2,9.899494937,2.236067977,8.485281374,1.414213562,10,3,9.219544457,2,8.602325267,4.123105626,10,3.16227766,9.433981132,3.16227766,9.848857802
9.055385138,7.615773106,11.04536102,7.615773106,12.16552506,8.544003745,13.03840481,7.280109889,11.18033989,7.071067812,10.19803903,5.385164807,8.246211251,7.071067812,8.246211251,5.099019514,8.246211251,6.08276253,7.615773106,4.123105626,7.615773106,6.708203932,8.246211251,5.830951895,6.32455532,5.830951895,5.385164807,6.403124237,6.08276253,7.071067812,5.830951895,7.211102551,4.242640687,8.602325267,4.242640687,7.211102551,5.385164807,7.615773106,3.605551275,8.062257748,4.242640687,7.810249676,3.605551275,8.062257748,4.472135955,8.544003745,5.385164807,8.94427191,5.385164807,8.062257748,5,7.280109889
10.04987562,38.07886553,15,39.2173431,12.08304597,39.81205847,10.44030651,38.60051813,12.16552506,37.10795063,14.31782106,33.54101966,13.60147051,30.41381265,17.02938637,29.15475947,10.04987562,29.73213749,13.60147051,31.40063694,15,27.31300057,12.80624847,24.51530134,13.60147051,19.41648784,13.89244399,20.88061302,11.40175425,20.88061302,13.03840481,22.47220505,10.29563014,18.35755975,12.64911064,21.9317122,13.34166406,17.20465053,10.19803903,20.51828453,13.03840481,20.80865205,14.14213562,21.40093456,17,19.20937271,19.02629759,21.9317122,17.11724277,18.38477631,20.02498439,19.84943324
11.70469991,2.236067977,12.64911064,3.605551275,12.36931688,3.16227766,12.16552506,1.414213562,11.18033989,1,11.40175425,1.414213562,11.18033989,0,9.055385138,1.414213562,10.04987562,1,7.071067812,3.605551275,8,3,8,3.16227766,7,2.828427125,7.280109889,3.16227766,6.32455532,3.605551275,7.071067812,5,6.32455532,4,5.385164807,5.099019514,4.472135955,5.830951895,5.830951895,5.385164807,6.708203932,7.071067812,5.830951895,7.211102551,3.605551275,6.708203932,3.605551275,8.246211251,3.605551275,6.708203932,3.605551275,7.615773106
3.16227766,10.44030651,3,11.70469991,5.099019514,11.40175425,6,11.18033989,4.123105626,9.055385138,3.16227766,8,4.242640687,9,2.828427125,9,4.472135955,7.071067812,3.605551275,7.280109889,3.605551275,7.211102551,3.605551275,6.32455532,2.828427125,6.708203932,5,7.211102551,3.605551275,7.211102551,3.16227766,7.071067812,3.16227766,6.403124237,4.123105626,7.211102551,4.123105626,7.211102551,4,8.485281374,4.123105626,7.211102551,4,7.071067812,5,6.32455532,6,7.211102551,5.099019514,7.615773106,6,7.615773106
38.01315562,11.70469991,34,9.486832981,27,9.848857802,27.07397274,11.18033989,26.01922366,11.3137085,28.0713377,11.40175425,24.33105012,12.04159458,25,12.20655562,23.08679276,14.14213562,22.82542442,13.45362405,20.59126028,14.2126704,19.41648784,14.76482306,18.43908891,16.15549442,21.9317122,14.31782106,20.80865205,15.5241747,21.02379604,19.92485885,22.36067977,16.76305461,23.40939982,17.4642492,23.40939982,19.10497317,20.61552813,18.02775638,19.6977156,20.22374842,21.37755833,19,22.47220505,22,21.37755833,26.01922366,19.23538406,27.16615541,22.20360331,27.45906044
5,7,5,5.099019514,4.123105626,6.708203932,4.123105626,4.123105626,5,5,4.472135955,5,5,3.605551275,3.16227766,4.472135955,2.828427125,5.385164807,1,4.123105626,2.828427125,7.280109889,2.828427125,5.099019514,3,6.708203932,3.16227766,6.08276253,2.236067977,7,2,7.071067812,2,8,3.16227766,7,3.605551275,7,3.16227766,7.071067812,4.242640687,8,3.605551275,8,4.242640687,8,3.605551275,10,3.16227766,9.055385138,4.472135955,9
6.708203932,8.544003745,4.472135955,8.246211251,4.242640687,9.486832981,5,8.544003745,3.16227766,7.280109889,3.605551275,6.32455532,2.236067977,6.08276253,5,6.08276253,4.472135955,5,4.472135955,4,4.472135955,7,5.830951895,5.099019514,4.472135955,3,4.472135955,3.605551275,5.099019514,3,7.615773106,4.123105626,6.708203932,5,7.615773106,3.16227766,8.246211251,4.123105626,7.615773106,3,8.544003745,3,7.615773106,3.16227766,7.615773106,3.16227766,8.246211251,5.099019514,8.544003745,3.16227766,9.433981132,4.123105626
15,34.23448554,14.2126704,35.12833614,8.246211251,30.14962686,4,29.01723626,7.211102551,29.42787794,2.236067977,25,3.605551275,23.19482701,1,22.36067977,6,20.24845673,5,24.08318916,2.236067977,20.51828453,1.414213562,23.76972865,5.830951895,23.2594067,4.242640687,23.76972865,6,22.84731932,7.071067812,31.25699922,5,28.86173938,5.099019514,30.41381265,8,32,14.03566885,29.01723626,9.486832981,34.05877273,10.77032961,32,13.41640786,33,15.23154621,39.01281841,13.41640786,42.04759208,12.08304597,41.0487515
11.04536102,42.72001873,12.36931688,40.16217126,14.14213562,37.94733192,16.03121954,39.05124838,13.03840481,33.24154028,10.04987562,32.75667871,12,27,12.64911064,25.07987241,13.34166406,24.18677324,11.40175425,20.39607805,10.19803903,23.76972865,6.08276253,22.36067977,4.472135955,24.08318916,8.544003745,24.41311123,6.403124237,24.08318916,6.708203932,25.49509757,4.123105626,24.20743687,6,25.61249695,10.44030651,26.87005769,8.544003745,24.8394847,9.848857802,30.88689042,9.055385138,31.76476035,7,33.61547263,9.433981132,35.77708764,7.615773106,36.76955262,8.94427191,37.33630941
7.280109889,42.05948169,12.16552506,45.31004304,9.055385138,39.81205847,14.31782106,39.56008089,14.03566885,36.40054945,10.44030651,32.24903099,11,27.01851217,12.04159458,31.06444913,9.055385138,27,8.062257748,22.09072203,7.071067812,24.35159132,2.828427125,25.55386468,2.236067977,26,4.242640687,26.07680962,4,24.20743687,1.414213562,29.69848481,5,27.58622845,4.123105626,30.8058436,7.810249676,30,9.433981132,29.06888371,8.062257748,32.80243893,8.94427191,32.20248438,5.099019514,33.12099032,6.708203932,39.66106403,8,38.01315562,2.236067977,43.0464865
10.19803903,3.16227766,8.246211251,2.828427125,8.062257748,3,7.615773106,4,8.246211251,3,7,2.828427125,7.071067812,2.236067977,7.071067812,2,5.385164807,3.16227766,3.605551275,3.16227766,5.656854249,3.605551275,4.472135955,3.16227766,4.242640687,3.605551275,5,4.123105626,5.385164807,3,5,3,6.403124237,4.123105626,5.385164807,5,6.708203932,4.472135955,5.830951895,5.830951895,6.32455532,4.123105626,6.708203932,4.123105626,7.615773106,5.099019514,6.32455532,7.280109889,6.708203932,6.32455532,6.32455532,7.280109889
5.830951895,6.08276253,5,8.062257748,4.472135955,6.708203932,2.236067977,7.280109889,3.605551275,7.280109889,2,4.123105626,2.236067977,5.656854249,2.236067977,2.828427125,3.605551275,3.605551275,3.16227766,4.242640687,3.16227766,7.280109889,2.236067977,5,2.828427125,4.472135955,4.472135955,5.099019514,4.472135955,4.123105626,5,6.08276253,5.099019514,6,6.708203932,7,5.385164807,7.071067812,7.211102551,5.099019514,8.062257748,7,5.830951895,6.08276253,5.830951895,7.071067812,7.071067812,6.32455532,8.544003745,7.071067812,8.062257748,6
4.123105626,10.19803903,5.830951895,9.219544457,3.605551275,7.071067812,5,8,2.828427125,5.099019514,5.385164807,6,4.242640687,4.123105626,3.605551275,4.123105626,3.605551275,4.472135955,4.472135955,2.236067977,3.605551275,3.16227766,5.385164807,4.472135955,3.16227766,4.472135955,4,3.16227766,4.123105626,3.16227766,5.099019514,4,5.385164807,4.123105626,4.472135955,5,5.830951895,4.472135955,7.211102551,5.099019514,7.615773106,6.08276253,5.830951895,5.099019514,7.211102551,4.472135955,5.830951895,7.071067812,7.810249676,5.385164807,7.211102551,6.08276253
9.219544457,7.211102551,10.04987562,5,11.04536102,6.708203932,9,5,11.04536102,6,9.055385138,4.123105626,11.18033989,4,10.19803903,2.236067977,10.19803903,4.123105626,9.486832981,2,12.64911064,2.828427125,10.29563014,1.414213562,12.20655562,1,14.2126704,2.828427125,12.20655562,1,14.2126704,1.414213562,14.2126704,1.414213562,15.62049935,1.414213562,14.86606875,1.414213562,16.2788206,1.414213562,15.62049935,3.16227766,15.62049935,4,17.20465053,4.123105626,17.80449381,4.123105626,17.02938637,6.08276253,16.40121947,6.08276253
26.57066051,23.76972865,20.24845673,28.23118843,17.08800749,21.1896201,9.848857802,22.8035085,13,18.02775638,12.04159458,21.40093456,9.486832981,19.41648784,12.36931688,16.55294536,11.18033989,13.89244399,9.486832981,13.60147051,16.15549442,13.15294644,20.59126028,10.19803903,17,10.77032961,22.47220505,11.70469991,22.13594362,10.44030651,27.29468813,10.63014581,26.40075756,13.92838828,29.96664813,17.08800749,31.78049716,17.72004515,31.38470965,21.37755833,34.17601498,20.1246118,31.57530681,20.39607805,34.71310992,29.42787794,37.48332963,26.01922366,39.45883931,28.0713377,39.81205847,27.01851217
6,8.544003745,5.099019514,6.08276253,7.071067812,6,5,5.099019514,5.385164807,7,5.830951895,6.08276253,5,5.099019514,5,4,7.211102551,4.123105626,6.403124237,4.123105626,8.602325267,2,9.219544457,4,9.899494937,4,10,3,10.63014581,3,12.04159458,5.385164807,10.63014581,3.605551275,13.45362405,3.605551275,12.04159458,4.472135955,12.72792206,6.403124237,12.20655562,5,10.63014581,6.403124237,12.80624847,6.403124237,13.60147051,7.211102551,11.66190379,8.485281374,15,8.062257748
6.708203932,18.38477631,5.385164807,18.97366596,5.385164807,17.4642492,5.385164807,19.6468827,3,17.08800749,5,17.4642492,4.123105626,16.2788206,5.099019514,15.29705854,3.16227766,15.29705854,4.123105626,12.04159458,5.099019514,14.03566885,5,14.03566885,4.472135955,13,5,12.04159458,5.830951895,12.04159458,5,12.04159458,7.071067812,10.04987562,6.403124237,11.18033989,7.211102551,12.36931688,5.656854249,11.40175425,6.403124237,8.94427191,7.810249676,7.280109889,7.211102551,9.848857802,8.602325267,9.486832981,8.602325267,8.544003745,8.94427191,9.219544457
9.848857802,3.16227766,8.544003745,4.472135955,10.29563014,3.605551275,9.848857802,2.828427125,9.433981132,3.605551275,8.602325267,3.605551275,9.219544457,4.472135955,7.810249676,5,7.810249676,4.123105626,9.219544457,4.123105626,9.219544457,5.099019514,6.403124237,5.385164807,7.071067812,6.32455532,8.602325267,6.32455532,7.810249676,7.280109889,8.94427191,6.08276253,8.94427191,9.219544457,5.830951895,7.071067812,8.602325267,8.062257748,8.602325267,6,8.062257748,9,7.615773106,9,9.486832981,5,12.64911064,6,9.486832981,7.071067812,11.18033989,6
1.414213562,24.33105012,5.830951895,24.51530134,3,25.17935662,5,24.0208243,5.099019514,20.02498439,6.08276253,21.02379604,6,22.8035085,9.055385138,17.88854382,10.44030651,19.31320792,11,20.51828453,12.36931688,21.9317122,11.04536102,19.84943324,15.03329638,23.43074903,15.03329638,21.40093456,15.13274595,22.20360331,16.1245155,25.05992817,17.2626765,24.59674775,17.11724277,25.49509757,18.43908891,28.23118843,18.68154169,27.31300057,19.23538406,28.7923601,21.37755833,27.51363298,21.21320344,29.41088234,27.16615541,30.08321791,25.07987241,28.86173938,26.01922366,31.32091953
29.54657341,1.414213562,29.06888371,3.605551275,29.52964612,2.236067977,28.23118843,2.828427125,28.63564213,6.32455532,28.23118843,7.071067812,26.41968963,10.04987562,25.05992817,9,25.05992817,9,21.9317122,12,24.59674775,14.03566885,23.02172887,12.16552506,24.69817807,16.1245155,23.02172887,17.4642492,22.02271555,19.23538406,25,20.09975124,22.8035085,21.37755833,24.08318916,21.09502311,22.627417,20.22374842,22.02271555,20.61552813,23.32380758,24.73863375,24.20743687,23.08679276,24.59674775,21.21320344,25.94224354,24.18677324,27.73084925,23,26.83281573,24.08318916
36.87817783,16.4924225,36.7151195,10.29563014,33.24154028,11.18033989,26.83281573,4.123105626,31.30495168,8,23.08679276,9.055385138,40.24922359,12.20655562,27.73084925,10.29563014,35.84689666,18.78829423,23.60084744,38.47076812,32.75667871,10.44030651,28.86173938,10.29563014,26.40075756,9.433981132,27.85677655,6.403124237,30.52867504,7.071067812,28.31960452,15,24.75883681,17.02938637,22.20360331,13.41640786,24.59674775,12.08304597,29.20616373,15.65247584,29.52964612,11.3137085,24.69817807,21.58703314,23.70653918,14.76482306,33.83784863,19.84943324,33.01514804,17.4642492,28.63564213,18.38477631
11.66190379,2.828427125,11.18033989,3.16227766,12.52996409,3.16227766,11.70469991,3.16227766,9.848857802,3.605551275,9.486832981,4.242640687,9.219544457,4.242640687,7.071067812,5.656854249,7.071067812,5.830951895,8.062257748,4.472135955,8.062257748,6.32455532,7.071067812,6.08276253,8,7.071067812,7.071067812,7,7.071067812,7.071067812,7.071067812,9.055385138,6.32455532,9.055385138,6.08276253,9.055385138,6.32455532,9.055385138,6,10,5.385164807,10.19803903,7.071067812,10,4.472135955,10.04987562,5.099019514,12.04159458,5.099019514,12,5.099019514,12.04159458
34.17601498,2.236067977,37.94733192,5.099019514,34.17601498,5.099019514,36.40054945,7.211102551,30.46309242,7.071067812,33.24154028,9.486832981,29.96664813,12.20655562,27.85677655,11.70469991,27.20294102,11.18033989,22.84731932,16.1245155,21.54065923,18,22.47220505,18.02775638,21.9317122,19.02629759,18.97366596,21.09502311,20.61552813,23.08679276,18.38477631,27.16615541,17.4642492,27.07397274,16.64331698,31.57530681,16.76305461,30.59411708,15.23154621,30.8058436,14.76482306,31.78049716,14.4222051,31.57530681,17.80449381,31.04834939,19.79898987,35.6931366,19.10497317,33.24154028,21.9317122,35.35533906
14.76482306,24.41311123,15.5241747,26.62705391,15.65247584,25.61249695,16.1245155,25.23885893,13.60147051,22.47220505,16.2788206,23.32380758,15.62049935,25.05992817,17.80449381,23.70653918,17.20465053,20.59126028,17.49285568,18.38477631,19.6977156,21.54065923,18.38477631,19.6977156,18.78829423,19.31320792,19.41648784,19.31320792,22.8035085,17.72004515,24.18677324,18.02775638,22.36067977,17,25.3179778,16.55294536,25.07987241,17.72004515,26.30589288,18.02775638,26.17250466,18.86796226,25.07987241,16.64331698,28,17.49285568,31.01612484,20.61552813,30.2654919,19.10497317,32.38826948,19.84943324
37.10795063,16.64331698,36.01388621,13.41640786,34.36568055,12.16552506,34.13209633,13.41640786,30.01666204,13.03840481,29.15475947,7.280109889,28.16025568,5.830951895,26.57066051,3.605551275,19.41648784,4.123105626,20.24845673,3.16227766,17.69180601,6.08276253,17.69180601,10.77032961,15.23154621,10.19803903,17.11724277,16.40121947,19.6468827,16.64331698,20.09975124,19.41648784,22.09072203,17.08800749,23.34523506,23.70653918,29.83286778,29.52964612,28.7923601,23.53720459,31.04834939,28.3019434,26.92582404,27.65863337,36.05551275,27.45906044,41.43669871,24.75883681,41.59326869,26.2488095,40.26164428,30.41381265
10.04987562,1,11.04536102,3.16227766,11.04536102,2,11.04536102,2.236067977,9.055385138,1,9.055385138,1,8.246211251,1,6.08276253,1.414213562,6.32455532,2.236067977,5.385164807,2.236067977,5.656854249,1.414213562,5,2.236067977,5.830951895,2,4.242640687,4,4.472135955,5,6.08276253,5.385164807,5.385164807,5,6,5.099019514,5,6.08276253,7,5.099019514,7.071067812,5.830951895,6.32455532,6.32455532,9.055385138,5.830951895,9,5.830951895,9.219544457,6.708203932,9.055385138,5.385164807
28.63564213,21.26029163,23.53720459,19.23538406,25.17935662,20.51828453,26.30589288,16.2788206,20.39607805,14.86606875,22,13.03840481,18.24828759,8.602325267,14.56021978,7.615773106,14.86606875,5.385164807,12.20655562,3.16227766,12.80624847,7.071067812,10,8.485281374,11.18033989,11.66190379,8.94427191,14.4222051,9,15.29705854,8.062257748,17.72004515,8.246211251,20.61552813,10.29563014,20.61552813,13.60147051,21.02379604,14.4222051,22.36067977,16.1245155,26,17,25.05992817,18.86796226,27.73084925,24.16609195,28.17800561,24.18677324,27.73084925,25.05992817,29.06888371
9.486832981,5.385164807,7.615773106,5,7.615773106,4.123105626,7.211102551,4,5.385164807,3,6.08276253,3,4.123105626,3.16227766,4,2.236067977,3,2,3.16227766,1.414213562,1.414213562,2,1,2.236067977,3,2,3,2.236067977,3.16227766,1,5,2.236067977,5,2,6.708203932,3.605551275,6.708203932,2,8.062257748,3,8.602325267,2,8.602325267,3.16227766,8.062257748,3,9.848857802,3.16227766,9.486832981,5.099019514,10.29563014,5
22.20360331,27.16615541,22.02271555,22.56102835,21.9317122,24.08318916,18.43908891,24.73863375,12.72792206,22.13594362,13.45362405,23.76972865,11.40175425,21.54065923,8.062257748,16.55294536,4,15.23154621,3,14.2126704,7,10.63014581,9.219544457,10.29563014,10.04987562,11.3137085,12.36931688,8.602325267,20.24845673,11.40175425,21.9544984,11.18033989,22.84731932,11.40175425,27.73084925,11.04536102,28.17800561,12.64911064,32.64965543,12.16552506,33.12099032,13.15294644,33.01514804,16.1245155,35.84689666,16.03121954,41.67733197,21.21320344,38.94868419,23.02172887,38.94868419,23.19482701
18.38477631,31.32091953,14.2126704,28.86173938,14.14213562,27.65863337,12.80624847,27.20294102,10.81665383,21.1896201,8.602325267,23.76972865,7.280109889,23.08679276,7.280109889,16.55294536,6.708203932,16.76305461,4.242640687,13.60147051,5.099019514,14.56021978,11.18033989,8.544003745,16.55294536,8,14.2126704,9,17.4642492,3,21.37755833,7.810249676,21.47091055,5.830951895,24.16609195,4.472135955,24.18677324,7.071067812,28.3019434,7.810249676,29.15475947,10.63014581,30.41381265,7.615773106,36.05551275,5.385164807,38.94868419,5.385164807,36.76955262,8.94427191,38.01315562,6.32455532
6.08276253,7.211102551,7,7.810249676,6,6.403124237,6,5,5.099019514,5.830951895,4,5,5.385164807,4.242640687,4.472135955,4.123105626,4.123105626,2.236067977,2.236067977,4,1.414213562,4,2.236067977,4.123105626,3.16227766,3.16227766,4.123105626,5,3.16227766,5.830951895,4,4.242640687,3,4.242640687,5.099019514,5.385164807,4.123105626,5.656854249,6.32455532,5.656854249,5.830951895,7.071067812,5.385164807,7.211102551,6.708203932,5.830951895,6.708203932,7.071067812,8.062257748,8.485281374,7.071067812,7.810249676
21.9317122,27.45906044,15.26433752,26.30589288,17.08800749,24,16.64331698,31.144823,12.04159458,20.02498439,15.62049935,21.21320344,10.29563014,22.84731932,11,16.1245155,10.04987562,18.02775638,10.63014581,8.485281374,11.18033989,12.80624847,12.52996409,15.8113883,12.52996409,17.80449381,10.29563014,16.64331698,10.63014581,17.2626765,16.64331698,14.14213562,12.52996409,18.11077028,22.6715681,21.37755833,16.64331698,21.84032967,19.92485885,24.51530134,22.20360331,24.18677324,22.47220505,27.45906044,18.60107524,28.44292531,21.09502311,36.40054945,19.23538406,34.92849839,22.47220505,33.95585369
39.8246155,44.10215414,33.12099032,52.49761899,28.65309756,48.16637832,36.89173349,50,32.20248438,39,37.73592453,45.607017,24.18677324,44.92215489,24,37.58989226,23.08679276,36.67424164,27.89265136,22.84731932,30.87069808,29.52964612,30.87069808,26.07680962,30.8058436,26.92582404,43.56604182,21.09502311,35.38361203,18.38477631,42.54409477,21.26029163,38.48376281,19.10497317,47.5394573,22.20360331,55.94640292,17.11724277,59.50630219,15.03329638,63.0634601,18.11077028,62.17716623,16,57.27128425,27.01851217,71.11961755,30.01666204,65.4599114,29.61418579,74.46475676,34.0147027
5,8.062257748,4,7.615773106,3.605551275,8.94427191,2.828427125,7.615773106,1.414213562,6.32455532,2.236067977,5.830951895,1.414213562,7.211102551,0,3.16227766,2.236067977,4,1.414213562,4,2,2,2.236067977,2,2.828427125,3.16227766,3.16227766,3.16227766,4.472135955,2.828427125,3.605551275,2.828427125,4.472135955,3.605551275,5.830951895,3.605551275,6.403124237,4.472135955,5.656854249,4.472135955,5.830951895,5.656854249,8.602325267,5.385164807,7.810249676,5.830951895,8.062257748,5.099019514,8.94427191,5.385164807,9.433981132,7.211102551
15.65247584,31.01612484,17.20465053,29.54657341,16.15549442,28.7923601,14.56021978,29.15475947,13.60147051,28.3019434,13.60147051,22.47220505,10.77032961,20.61552813,5.385164807,15.5241747,6.403124237,18.24828759,5.385164807,10.04987562,5,11.70469991,10.04987562,11.18033989,8.94427191,10.77032961,14.31782106,13.60147051,14.31782106,15.62049935,20.1246118,19.10497317,19.92485885,20.61552813,21.63330765,18.60107524,24.41311123,22.82542442,23.32380758,23.60084744,25.05992817,24.41311123,29.83286778,25,29.96664813,25.94224354,34.98571137,31.06444913,32.31098884,33.54101966,34.17601498,31.38470965
3.16227766,6.32455532,4.123105626,5.385164807,4.472135955,6.708203932,5.099019514,5.099019514,4,6.08276253,3.16227766,5.099019514,2.236067977,3.16227766,3.605551275,5.099019514,3.605551275,3.16227766,4.472135955,3.16227766,5.385164807,3,4,2.236067977,5.099019514,3,5,3.16227766,5,2.236067977,7.071067812,2.828427125,6.32455532,2.828427125,7.280109889,2.236067977,8.246211251,2.828427125,8.062257748,2.828427125,9.055385138,4.242640687,8.246211251,2.828427125,10.19803903,2.236067977,10.04987562,2,11.40175425,3.16227766,12.04159458,3.16227766
27.16615541,16.2788206,21.09502311,12.08304597,22.56102835,11.40175425,24.51530134,9.219544457,21.58703314,6.403124237,21.1896201,7.810249676,20.61552813,7.280109889,18.02775638,6.32455532,17.72004515,7.211102551,13.34166406,7.211102551,13.03840481,9.899494937,6.403124237,13.41640786,10.81665383,12.52996409,10.63014581,15.8113883,7.810249676,19.23538406,5.830951895,20.24845673,7.615773106,26.41968963,8.062257748,29.54657341,4,29.06888371,6,31.78049716,6.08276253,31.30495168,9.219544457,34.0147027,8.062257748,34.88552709,15,37.16180835,13,37.94733192,12.36931688,32.69556545
22.36067977,25.63201124,25.17935662,25.49509757,23.02172887,22.13594362,27.07397274,25.07987241,20.09975124,20.24845673,21.09502311,18.11077028,24.0208243,15.5241747,17.2626765,16.2788206,20.39607805,16.4924225,16.15549442,12.36931688,15.23154621,12.08304597,15.65247584,11.40175425,9.848857802,14.86606875,11.40175425,17.2626765,12.04159458,17,7.615773106,19.6468827,5.830951895,21.84032967,5.656854249,26.68332813,8.062257748,23.40939982,5.385164807,26.57066051,8.94427191,31.95309062,10.81665383,30,10.81665383,31.38470965,14.4222051,32.89376841,16.76305461,31.32091953,15.65247584,34.17601498
3.16227766,7.071067812,3.16227766,6.08276253,2.828427125,8.062257748,2.828427125,8.062257748,2.236067977,7,1,6.32455532,0,6,1.414213562,4,2.236067977,3,3.16227766,4.472135955,2.236067977,4.472135955,3.16227766,3.605551275,4,2.828427125,3,2.828427125,4.123105626,3.605551275,5.099019514,3.605551275,5.099019514,4.123105626,6.708203932,4,6.708203932,4.123105626,7.071067812,3,7.280109889,4.472135955,7.071067812,5,6.708203932,5.099019514,8.544003745,6.08276253,9.848857802,6.08276253,8.544003745,5
36.87817783,9,35.11409973,7.280109889,34.71310992,8.062257748,33.13608305,7.810249676,31.32091953,5.385164807,29.12043956,4.123105626,28.44292531,6.32455532,24.18677324,6.403124237,19,10.81665383,18.02775638,5.830951895,18.02775638,11.04536102,15.29705854,7.071067812,16.55294536,13,13.89244399,15,13.45362405,13.92838828,15,22.02271555,14.2126704,23.08679276,17.4642492,25.07987241,18.02775638,25.29822128,15.62049935,29.73213749,15.23154621,29.73213749,15.62049935,30.46309242,17,28.7923601,18.86796226,36.05551275,14.2126704,37.33630941,17.88854382,39.56008089
32.75667871,15,28.01785145,12.04159458,32.38826948,10,31.40063694,6.32455532,30.01666204,7.615773106,31.06444913,5.385164807,27,5,23.02172887,1.414213562,22.09072203,4.242640687,17.2626765,10.44030651,18.68154169,9.433981132,17.2626765,12.16552506,15.8113883,12.36931688,13.45362405,11.04536102,11.3137085,13.41640786,13.92838828,15.8113883,17,17,14.56021978,18.02775638,17.4642492,18.02775638,18.97366596,25.94224354,15.03329638,25.23885893,18.97366596,21.54065923,17.72004515,27.73084925,21.21320344,32.31098884,22.20360331,32.69556545,26.17250466,34.43835072
9.219544457,1.414213562,8.544003745,2,8.94427191,0,10.04987562,1,6.708203932,0,6.32455532,1,6.32455532,1.414213562,7.071067812,2.236067977,4.123105626,1.414213562,4.123105626,2.236067977,5.385164807,1.414213562,5.385164807,2.828427125,4.472135955,3.16227766,5.385164807,2.236067977,5.656854249,2,5.830951895,1.414213562,5,1.414213562,7.211102551,3.16227766,6.708203932,3.16227766,7.211102551,3.16227766,6.32455532,2.828427125,5.385164807,4.242640687,7.615773106,4.472135955,7.280109889,5.830951895,7.615773106,2.236067977,8.544003745,5.385164807
32.31098884,3.605551275,28.63564213,5.830951895,27.85677655,5.099019514,25.63201124,8.544003745,21.37755833,5.830951895,24.0208243,7.071067812,19.10497317,5.385164807,23.19482701,9.433981132,21.9317122,9.219544457,20.59126028,10.77032961,20.61552813,10.44030651,17.4642492,8.94427191,21.54065923,7.071067812,17.20465053,9,21.40093456,11,24.08318916,12.52996409,25,9.486832981,26.92582404,15.29705854,26.07680962,11.66190379,29.41088234,15.8113883,30.01666204,14.56021978,27.78488798,16.4924225,28.65309756,16.76305461,34.66987165,21.1896201,30.14962686,21.84032967,32.28002478,24.0208243
34.36568055,28.31960452,33.01514804,29.73213749,33.54101966,23.32380758,29.06888371,18.86796226,30.14962686,20.24845673,23.34523506,17.20465053,25.17935662,10.04987562,24.51530134,10,19.23538406,10.04987562,16,9.055385138,15,10.63014581,13.34166406,6.708203932,6.32455532,12.80624847,5.830951895,13.34166406,7.211102551,15.8113883,9.055385138,20.24845673,8.544003745,23.40939982,7.071067812,23.40939982,9.433981132,26.92582404,12.04159458,31.95309062,12.04159458,32.31098884,4.242640687,33.83784863,5,32.69556545,12.04159458,44.59820624,10.04987562,45.69463864,10.77032961,46.09772229
27.89265136,18.38477631,28.44292531,21.09502311,29.42787794,15.26433752,31.01612484,17.02938637,30.14962686,15.55634919,28.86173938,13.60147051,25.07987241,8.602325267,24.33105012,8,23.19482701,3.605551275,23.53720459,5,19.02629759,6.32455532,15.13274595,6.32455532,17.2626765,11.66190379,17.72004515,14.2126704,9.219544457,12.04159458,16.2788206,20,14.56021978,17.4642492,14.56021978,18.02775638,17.11724277,22.84731932,17.4642492,26.07680962,22.36067977,27.80287755,22.09072203,28.8444102,19.02629759,32.69556545,28.86173938,33.83784863,26.07680962,35.84689666,27.65863337,43.08131846
2.828427125,7.615773106,2.236067977,8.062257748,3.605551275,9.848857802,4,9.486832981,2,8.062257748,2,8.246211251,2.236067977,6.08276253,2.236067977,6.32455532,2.828427125,6.708203932,3.16227766,6,3.16227766,5,3,5.099019514,3.16227766,5.099019514,5.099019514,4,4,5,6.08276253,5.385164807,6,6.32455532,6.32455532,3.605551275,7.615773106,5,6.08276253,4.472135955,6.708203932,5.656854249,6.32455532,6.32455532,8.246211251,5.656854249,10.19803903,5,10,5.830951895,10.44030651,4.472135955
26.41968963,15.13274595,20.1246118,11.04536102,21.54065923,12.04159458,21.1896201,11.18033989,16.55294536,11.04536102,19.92485885,9.848857802,19.10497317,10.19803903,13.15294644,10.44030651,15.03329638,12.36931688,12.36931688,6.32455532,14.76482306,9.433981132,15.26433752,6.708203932,15.26433752,7.211102551,17.02938637,5.830951895,18.43908891,3.605551275,20.24845673,4.242640687,18.86796226,3.605551275,20.59126028,5,24.69817807,4.472135955,25.07987241,3.605551275,29.96664813,5.099019514,28.23118843,5,31.30495168,7,36.40054945,6.32455532,36.24913792,8.062257748,35.17101079,7.280109889
8,2.236067977,9,1.414213562,8,0,8.062257748,1,7.280109889,1.414213562,8.062257748,1,6.32455532,1.414213562,6.32455532,0,6.08276253,0,4.123105626,1,5.656854249,2,6.403124237,2,5.656854249,2.236067977,4.472135955,3.16227766,5.830951895,4.123105626,5.830951895,4.123105626,5.385164807,3,5.385164807,4,5.385164807,4,5.385164807,6.08276253,7,5,7,5.385164807,6,7.071067812,7,8.246211251,8,8.062257748,8.062257748,9.055385138
11.04536102,1.414213562,12.36931688,1.414213562,12.04159458,1,12.04159458,3.16227766,10.04987562,4.472135955,10.04987562,3.16227766,11.04536102,4.472135955,9.055385138,4.472135955,8.062257748,5,7.071067812,5.099019514,6.08276253,6.708203932,6.08276253,6.708203932,6,6.32455532,5.385164807,8.246211251,4.123105626,8.544003745,3.605551275,10.44030651,2.828427125,9,3.605551275,11.04536102,2.828427125,11.18033989,3.16227766,11,3.16227766,13,3.16227766,12,3.16227766,12,5.385164807,15,5.099019514,13,5.385164807,14
20.02498439,31.30495168,17,25.07987241,17.02938637,28.17800561,19.41648784,24.69817807,16.03121954,21.02379604,13.60147051,22.82542442,15.8113883,17.4642492,13,18.02775638,16.76305461,15,15,16.2788206,9.848857802,17.4642492,7.615773106,17.49285568,7.211102551,23.2594067,6.708203932,19.84943324,4.242640687,19.79898987,4.123105626,25.49509757,3.605551275,24.75883681,3,27.20294102,8.062257748,30.23243292,5.099019514,30.23243292,5.385164807,33.83784863,4,34.66987165,1.414213562,38.07886553,2.236067977,43.41658669,4.123105626,45.18849411,4.472135955,42.54409477
28.01785145,13.41640786,32.44996148,11.70469991,27.01851217,13.15294644,23.85372088,18.11077028,23.02172887,9.055385138,23.02172887,15.29705854,21.58703314,14.14213562,15.5241747,9,14.03566885,5.099019514,15.03329638,10.04987562,15.13274595,8.062257748,17,4.123105626,18.78829423,2.828427125,18.35755975,1,21.40093456,7.810249676,22.47220505,6.403124237,23.32380758,8,24.18677324,5.830951895,31.90611227,9.486832981,33.28663395,9.486832981,35,7.810249676,38.01315562,9.848857802,39.81205847,6.08276253,46.09772229,7.280109889,44.72135955,5,47.42362281,9.219544457
3.16227766,7.810249676,4.123105626,7.810249676,3.16227766,7.810249676,3.605551275,6.403124237,0,5.656854249,1,5.830951895,0,5,1,3.605551275,0,3.16227766,2.236067977,3.16227766,3.16227766,3.605551275,2.828427125,3.16227766,3.605551275,4.123105626,3.605551275,4.123105626,4.472135955,2.828427125,5,5.656854249,5.830951895,4.242640687,4.472135955,4.242640687,5.830951895,5,5.830951895,7.211102551,5.830951895,7.810249676,5.830951895,7.810249676,5.656854249,5.656854249,7.211102551,8.485281374,6.708203932,9.899494937,8.062257748,8.602325267
5.385164807,6.403124237,5.385164807,7.211102551,5.385164807,5.385164807,5.099019514,4.472135955,4.472135955,4,5.099019514,3.16227766,5.099019514,4.123105626,3,4,4,3,2.828427125,3.16227766,3.16227766,5,2.236067977,5,2.236067977,5,2,4.472135955,2,5,2.236067977,5.830951895,2.828427125,7.810249676,2.236067977,6.403124237,3,5.830951895,3.16227766,7.071067812,4.123105626,7.211102551,4,7.211102551,3,9.433981132,3.16227766,11.18033989,3.16227766,9.848857802,4.472135955,10.77032961
2.236067977,9.848857802,1.414213562,10.77032961,0,10.29563014,1,9.486832981,2,7.615773106,2.236067977,8.062257748,2,8.544003745,3.16227766,7.615773106,3.16227766,7,2.236067977,6.08276253,4.123105626,7.071067812,4.123105626,6.08276253,6.08276253,5.385164807,7.280109889,5.385164807,8.544003745,4.123105626,9.219544457,4,8.544003745,5,8.062257748,4.123105626,8.544003745,3.16227766,9.219544457,4.123105626,10.19803903,4.472135955,9.486832981,4.123105626,9.486832981,2.828427125,11.70469991,5,11.40175425,5.830951895,11.18033989,5.656854249
23.02172887,27.31300057,23.19482701,29.54657341,20.39607805,29.06888371,21.09502311,25.49509757,21.37755833,19.31320792,18.38477631,23.34523506,18.02775638,20,16.55294536,15.03329638,17.88854382,12.64911064,12.08304597,16.40121947,10.63014581,15.62049935,12.04159458,19.41648784,9.219544457,20.51828453,12.36931688,23.32380758,9,23.70653918,10,26,9.486832981,26.62705391,9.219544457,29.54657341,12.80624847,29.52964612,12.52996409,32.24903099,9.219544457,33.28663395,10.44030651,32.44996148,16.4924225,37.73592453,17.4642492,36.67424164,18.24828759,37.12142239,17.72004515,40.24922359
23.34523506,19.10497317,27.16615541,16.40121947,24.18677324,14.4222051,21.84032967,12.04159458,24.35159132,9.848857802,20.39607805,7.071067812,21.02379604,7.071067812,18.38477631,6.08276253,18.02775638,6.32455532,16.76305461,7.071067812,11.18033989,8.602325267,10.77032961,13,10.44030651,15.23154621,6,18.02775638,4.123105626,22.36067977,4.123105626,22.82542442,3.16227766,24.59674775,3,26.41968963,3.16227766,28.17800561,2.236067977,28.17800561,2.828427125,30.41381265,2,32.24903099,2.236067977,34.88552709,1.414213562,38.48376281,3.16227766,34.92849839,7.810249676,42.72001873
30.08321791,6.08276253,28.63564213,9.055385138,28.7923601,5,29.27456234,6.403124237,26.01922366,3,28,4,24.0208243,6.08276253,26.01922366,8.246211251,21.1896201,7.211102551,16.1245155,9.219544457,20.59126028,0,20,1,19.79898987,6.32455532,23.02172887,5,18.02775638,4.123105626,24.69817807,4.472135955,24.20743687,7.071067812,25.94224354,5,25.94224354,6.708203932,30.87069808,7,28.46049894,10.63014581,31.78049716,8.062257748,31.01612484,11.66190379,37.94733192,11.66190379,38.62641583,14.86606875,40.26164428,13.03840481
16.2788206,26.92582404,18.60107524,31.04834939,20.1246118,23.76972865,13.03840481,27.45906044,13.15294644,26.17250466,11.18033989,18.43908891,9.219544457,24.33105012,1,17.4642492,8.246211251,12.36931688,8.062257748,17.02938637,10,19.6977156,12.20655562,8.602325267,13.60147051,15.65247584,16.40121947,16.15549442,19.20937271,13.60147051,17.88854382,18.02775638,24.8394847,17.72004515,23.85372088,20.1246118,25.45584412,22.09072203,22.8035085,23.76972865,24.59674775,27.01851217,24.41311123,23.19482701,29.41088234,21.21320344,30,31.144823,30.88689042,29.61418579,35.77708764,35.12833614
14.14213562,28.28427125,16.03121954,28.01785145,16.1245155,26.07680962,16,25,15.03329638,23.02172887,18.11077028,20.02498439,14.14213562,20.09975124,16.2788206,18.02775638,15.29705854,16.15549442,12.36931688,16.64331698,13,17.20465053,12.36931688,16.40121947,10.29563014,14.14213562,12.04159458,15.62049935,12.04159458,15.23154621,10.81665383,16.55294536,12.08304597,19.6977156,11,19.92485885,12,22.20360331,10.19803903,21.1896201,14.14213562,23.08679276,15.5241747,18.97366596,17.2626765,20.61552813,21.58703314,24.51530134,20.09975124,23.53720459,22.8035085,25.49509757
10.29563014,32.80243893,9.219544457,31.01612484,10.19803903,28.01785145,10.19803903,29.15475947,10.77032961,25.55386468,11.18033989,25.29822128,17.11724277,22.56102835,7.615773106,19,9.486832981,17.2626765,8.602325267,15.5241747,10.77032961,16.2788206,7.810249676,15.8113883,8.246211251,18.02775638,9.219544457,15.62049935,3.16227766,24.18677324,8,25.8069758,5.830951895,26.17250466,7.810249676,23.2594067,6,29.06888371,8.602325267,34,13.45362405,31.38470965,13.89244399,34.92849839,12.80624847,35.34119409,10.29563014,39.56008089,11.40175425,41.43669871,15.26433752,45.22167622
2.236067977,9.055385138,1.414213562,10,1.414213562,8.062257748,3.16227766,8.062257748,1.414213562,7,3,8.062257748,2.236067977,7.071067812,2.236067977,5.099019514,4,4.472135955,2.236067977,4,3.605551275,5,4.242640687,4.242640687,3.16227766,5,3.16227766,5.385164807,2.236067977,4.472135955,3,5.656854249,3.16227766,5,3,5.385164807,3.16227766,6.08276253,1,6.08276253,3.16227766,6.08276253,4,7.071067812,3.16227766,7.615773106,3.16227766,9.486832981,4.123105626,8.544003745,2.828427125,10.19803903
13.03840481,29.27456234,14.86606875,29.83286778,11.66190379,29.27456234,11.40175425,27.89265136,10.44030651,24.51530134,14.14213562,25.29822128,9,26.57066051,10.19803903,24.04163056,7.615773106,21.84032967,6.708203932,15.8113883,11.66190379,18.97366596,9.899494937,20.24845673,12.80624847,20.61552813,15.8113883,17.80449381,15.26433752,11.3137085,18.02775638,10.81665383,19.23538406,11.40175425,25.07987241,11.40175425,22.47220505,10.81665383,25.55386468,13.03840481,29.54657341,12.20655562,30.87069808,8.544003745,29.54657341,13.34166406,33.24154028,16.1245155,34.4818793,18.68154169,36.05551275,17.08800749
2.236067977,8.062257748,1,9.219544457,1,8,3.605551275,7.071067812,2.236067977,7,1,5.099019514,2.236067977,6,1,5,1.414213562,6.08276253,2,5.385164807,2.236067977,7.071067812,2.236067977,4.123105626,3,3.605551275,4,3.16227766,2.236067977,4.242640687,5.099019514,4.242640687,6,4.242640687,5.385164807,4.472135955,6.08276253,2.828427125,6.32455532,3.605551275,7.615773106,2.828427125,7.615773106,3.16227766,8.246211251,3.16227766,9.219544457,2.236067977,10.19803903,3.605551275,9.219544457,3.16227766
1,12.04159458,1.414213562,11.04536102,3.16227766,10.44030651,2.236067977,10.19803903,2.236067977,11.04536102,4.123105626,10.19803903,4.472135955,10.19803903,6.32455532,8.544003745,4.472135955,8.246211251,5.385164807,7.615773106,6.32455532,7.615773106,5.099019514,6.32455532,7.280109889,6.708203932,7.280109889,5.830951895,8.246211251,5.830951895,9,6.403124237,10,5.830951895,9.055385138,5,10.04987562,5,10,5.830951895,11.04536102,5,11,4.472135955,11.04536102,5.385164807,13.03840481,8.246211251,13.15294644,6.708203932,12,7.280109889
39.84971769,10.19803903,35.17101079,1,34.0147027,5.830951895,30.6757233,6.403124237,24.73863375,3.605551275,23.2594067,6.32455532,23.53720459,1.414213562,23.02172887,2.828427125,19.10497317,3.16227766,21.84032967,5.830951895,21.54065923,1.414213562,22.36067977,1,19.23538406,5.830951895,22.8035085,6.708203932,21.21320344,6.08276253,22.8035085,3.605551275,22.02271555,6.08276253,27.20294102,9.486832981,31.76476035,7,30.52867504,12.04159458,34.17601498,12.16552506,34.53983208,10.04987562,38.07886553,11,41.23105626,12.04159458,41.78516483,8.246211251,45.607017,8.544003745
9.486832981,26.57066051,8,25.29822128,5.385164807,24.35159132,8.062257748,25.29822128,4.123105626,21.9317122,4.123105626,20.61552813,4.242640687,18.43908891,4.472135955,17.4642492,4.242640687,17.02938637,4.472135955,15.29705854,10.63014581,13.03840481,10.77032961,16.1245155,9.219544457,13.03840481,17,13.34166406,14.76482306,11.66190379,14.56021978,12.04159458,19.31320792,11.3137085,24.69817807,14.76482306,21.9317122,15.65247584,22.82542442,17.20465053,24.69817807,17.49285568,26.92582404,21.09502311,29.73213749,16.1245155,32.89376841,21.9317122,35.11409973,22.36067977,38.60051813,22.84731932
18.11077028,11.40175425,17.11724277,13.45362405,16,12.80624847,16.03121954,13.89244399,12,9.219544457,8.062257748,9.219544457,10.19803903,9.219544457,6.08276253,7.071067812,4.472135955,7.071067812,5.830951895,3,5.099019514,2,8.062257748,4,11,4.123105626,11.70469991,7.280109889,13.03840481,8.485281374,15,12.04159458,18.11077028,12.72792206,17.02938637,12.04159458,21,15,19,13.45362405,24.18677324,16.97056275,20.02498439,18.43908891,23,20,27.01851217,22.47220505,26.17250466,23.32380758,27.07397274,23.43074903
20.24845673,20.80865205,21.84032967,15.62049935,20.09975124,17,22.47220505,13.89244399,18.68154169,12.36931688,18.11077028,13.15294644,18.02775638,11.40175425,11.04536102,9.219544457,17.2626765,13.92838828,13.92838828,11.40175425,12.08304597,11.18033989,9.486832981,14.2126704,8.485281374,13.60147051,11.3137085,17.20465053,7.211102551,19.10497317,12.16552506,20.61552813,13.34166406,19.79898987,16.4924225,20.80865205,21.09502311,26.90724809,17.4642492,22.627417,19.23538406,25.61249695,21.84032967,25.8069758,24.35159132,30.23243292,25,33.12099032,25,32.24903099,26.30589288,35.35533906
