19.41648784,13.60147051,18.43908891,13.45362405,18.02775638,14.86606875,17.4642492,17.20465053,20.61552813,15.55634919,20.1246118,15.62049935,21.02379604,16.97056275,20.59126028,17.69180601,20.80865205,18.38477631,21.9544984,17.80449381,24.41311123,20,24.8394847,20,26.40075756,19.41648784,27.20294102,20,26.40075756,20.24845673,28.8444102,20.80865205,30,19.72308292,30,21.02379604,33.60059523,19.72308292,32.64965543,21.47091055,32.80243893,19.31320792,31.2409987,20.24845673,29.83286778,20.88061302,32.01562119,23.76972865,29.83286778,20.88061302,30.47950131,22.47220505
9.899494937,28,8.062257748,21.09502311,12.64911064,29.83286778,17.02938637,25.23885893,22.02271555,27.80287755,4,26.57066051,11.40175425,27.65863337,10.44030651,25,26.07680962,17.2626765,21.9317122,42.72001873,20,44.72135955,21.54065923,28.65309756,25,42.63801121,19.23538406,28.17800561,9.899494937,24.18677324,22.47220505,39.92492956,19.02629759,51.31276644,20.80865205,44.68780594,16.1245155,37.53664876,24.33105012,29.12043956,15.62049935,34.92849839,15.62049935,29.73213749,18.24828759,31.144823,35.0142828,38.01315562,25.61249695,30.8058436,27.20294102,29.83286778
8.062257748,4.242640687,8.94427191,5,9.848857802,4.242640687,10,3.605551275,10.29563014,3.605551275,9.433981132,3.605551275,10.81665383,3.605551275,10.81665383,2.236067977,10,3.16227766,10.81665383,2.236067977,13.03840481,2,12.20655562,3.16227766,13.60147051,3,12.20655562,2.236067977,12.80624847,3.16227766,13.89244399,4.123105626,13.03840481,4.472135955,13.89244399,3.16227766,14.2126704,3.605551275,13.89244399,3.16227766,13.60147051,5,14.2126704,2.828427125,13,4.242640687,15.26433752,4.472135955,15.8113883,4.242640687,14.4222051,3.605551275
11.40175425,21.9544984,12.04159458,23.02172887,9.219544457,25.8069758,9.433981132,25.8069758,8.602325267,26.40075756,6.708203932,27.01851217,8.544003745,27.80287755,6.32455532,29.06888371,6,29.06888371,6.08276253,28.31960452,5,31.2409987,4.472135955,31.144823,5.830951895,33.30165161,5.830951895,33.42154993,7.071067812,32.80243893,9.219544457,34.82814953,7.810249676,33.42154993,7.810249676,34.20526275,10.63014581,34.20526275,10.29563014,33.60059523,11.18033989,34.20526275,10.77032961,31.6227766,8.246211251,32.44996148,9.055385138,36.05551275,10.04987562,35.22782991,8.062257748,35.80502758
25.07987241,27.58622845,18.02775638,25.45584412,25.17935662,14.4222051,28.3019434,9.219544457,31.82766093,27.51363298,19.20937271,13.03840481,24.69817807,12.08304597,29.15475947,29.54657341,50.60632372,16.2788206,46.09772229,9.219544457,56.56854249,14.31782106,29.68164416,10.63014581,34.71310992,12.80624847,37.94733192,3.605551275,36.23534186,9.848857802,40.85339643,5.385164807,38.41874542,24.08318916,41.03656906,27.07397274,43.26661531,24.33105012,41.43669871,8.602325267,42.15447782,7.615773106,36.05551275,12.16552506,42.04759208,18.43908891,58.18075283,27.16615541,40.19950248,14.14213562,48.76474136,13.03840481
21.9544984,10.63014581,23.02172887,9.219544457,26.07680962,8.485281374,27.20294102,7.211102551,25.8069758,7.071067812,27.01851217,5.656854249,28.60069929,5,28.60069929,4.242640687,27.80287755,3.605551275,29.41088234,4,32.80243893,4.123105626,31.2409987,3.605551275,31.2409987,3.16227766,32.20248438,4.123105626,33.42154993,5.385164807,33.83784863,4.123105626,35.60898763,5.385164807,34.13209633,4.123105626,35.80502758,5,34.40930107,8.062257748,34.13209633,7,33.01514804,8.246211251,32.44996148,7,34.40930107,8.544003745,34.40930107,8.94427191,34.40930107,10.81665383
21.1896201,73.00684899,31.06444913,70.77428912,25.49509757,66.73080248,32.24903099,68.54195795,24.69817807,72.23572523,21.02379604,74.79304781,29,64.88451279,30.46309242,76.53757247,29.06888371,64.20280368,22.02271555,60.10823571,29.73213749,84.64632302,30.8058436,80.05623024,31.89043744,77.80102827,22.6715681,83.76156637,19.84943324,87.80091116,14.86606875,101.7889974,16.15549442,102.3034701,18.38477631,99.80981916,24.59674775,104.890419,19.23538406,96.20810777,19.31320792,90.90654542,23.02172887,95.52486587,29.27456234,78.81624198,24,102.3034701,31.04834939,94.84724561,32.38826948,94.36630755
7.810249676,7.071067812,8.485281374,7,9.219544457,7.071067812,11.3137085,6,10.63014581,7.071067812,10.63014581,7.071067812,10.63014581,7.280109889,10.63014581,6.32455532,12.04159458,6.708203932,12.72792206,6.32455532,14.2126704,7.211102551,13.45362405,7.810249676,13.45362405,7.071067812,13.45362405,7.810249676,13.60147051,7.810249676,15,7.810249676,13.60147051,10.63014581,13.89244399,9.219544457,14.4222051,9.219544457,13.03840481,10.29563014,13.41640786,10.63014581,13.03840481,10,13,10,16.15549442,9.433981132,15.65247584,9.219544457,14.76482306,8.94427191
11.18033989,3.605551275,11.66190379,3.16227766,13.03840481,2.828427125,13.45362405,2.236067977,13.03840481,2.236067977,13.45362405,2.828427125,13.45362405,2.236067977,15.62049935,0,7.615773106,3,12.04159458,5,16.2788206,5,14.86606875,2.236067977,14.14213562,1.414213562,15.55634919,2,14.86606875,3.16227766,17.69180601,3.605551275,18.38477631,4.472135955,15.62049935,5.830951895,17.69180601,4.242640687,13.45362405,5.656854249,15.62049935,6.403124237,17.02938637,6.403124237,14.4222051,5.830951895,15.62049935,8.94427191,14.86606875,8.062257748,15.62049935,7.615773106
8.94427191,19.23538406,9.433981132,21.09502311,8.602325267,22.47220505,7.071067812,22.6715681,5,25.61249695,5.385164807,26.40075756,2.236067977,27.80287755,2.236067977,28.42534081,2.828427125,29.83286778,1,29.20616373,3.605551275,33.42154993,3.16227766,33.9705755,6,34.20526275,6.32455532,35.60898763,7.071067812,33.60059523,7,36.89173349,10,36.61966685,9.055385138,37.21558813,10.04987562,37.44329045,12.16552506,36.61966685,11,37.73592453,11,35.51056181,9.055385138,34.4818793,10.44030651,37.58989226,9.433981132,34.98571137,11.70469991,36.35931793
7.810249676,21.02379604,8.94427191,21.47091055,6.708203932,22.82542442,6.32455532,21.63330765,6.32455532,24.41311123,6.08276253,26.62705391,4.123105626,27.80287755,4,27.80287755,1.414213562,28.42534081,2.236067977,29.83286778,2.828427125,33.42154993,3.16227766,33.9705755,2.828427125,35.60898763,2,33.60059523,3.16227766,34.20526275,3.605551275,37.20215048,6.32455532,37.01351105,6.32455532,36.05551275,8,38.01315562,10,35.80502758,9.055385138,36.05551275,9.219544457,36.61966685,8.544003745,33.28663395,10.81665383,37.21558813,8.485281374,34.13209633,9.219544457,34.66987165
18.38477631,8.485281374,19.23538406,6.32455532,20.61552813,6.708203932,21.63330765,6.32455532,21.09502311,7.071067812,23.02172887,5.385164807,25.23885893,2,26.2488095,5,28.60069929,3,28.60069929,2,32.01562119,2.236067977,30.47950131,0,32.80243893,3.16227766,33.42154993,2.236067977,33.83784863,3.605551275,35.22782991,5.099019514,35.22782991,6.32455532,34.40930107,5.385164807,36.05551275,4.123105626,34.40930107,7.071067812,33.83784863,7.280109889,33.83784863,7.071067812,31.38470965,8.062257748,34.4818793,8.062257748,33.28663395,7.810249676,34.66987165,7.211102551
80.32434251,25.01999201,89.05054744,14.14213562,84.07734534,28.28427125,89,22.20360331,72.9451849,24.8394847,94.41398202,19.20937271,87.36704184,18.43908891,81.84130986,20.51828453,89.88882022,22.02271555,72.34638899,37.16180835,104.6231332,37.20215048,85.60373824,34.71310992,110.3086579,36.67424164,120.6026534,35.4682957,117.4436035,29.15475947,141.5980226,26.30589288,131.4001522,26.07680962,118.6001686,29.06888371,127.4754878,22.20360331,110.6797181,35.05709629,111.8257573,29.27456234,120.4159458,29.41088234,101.5135459,29.06888371,117.0683561,33.06055051,111.8659913,32.28002478,102.8250942,41.0487515
20.88061302,10.19803903,21.54065923,11.18033989,21.54065923,12.64911064,21.02379604,14.86606875,22.36067977,13,23.70653918,13.41640786,24.18677324,12.52996409,24.69817807,13.60147051,25.8069758,13.60147051,26.40075756,15.55634919,30.61045573,15.55634919,30.47950131,13.45362405,29.73213749,13.60147051,31.2409987,13.03840481,30.47950131,12.80624847,34.82814953,12.52996409,35.38361203,12.08304597,33.60059523,13.60147051,36.12478374,12.64911064,34.71310992,13.15294644,34.05877273,13,33.30165161,14.14213562,29.83286778,16.03121954,33.30165161,19.10497317,31.144823,19.23538406,34.05877273,19.10497317
14.2126704,17.11724277,15,15.29705854,15.62049935,16.76305461,15.62049935,16.4924225,17.80449381,18.38477631,21.21320344,17.4642492,17.69180601,17.88854382,19.20937271,17.88854382,22.02271555,19.41648784,20.61552813,20,22.02271555,25,21.40093456,22.6715681,20.80865205,24.08318916,22.20360331,25.49509757,22.82542442,25,22.36067977,27.58622845,21.9544984,26.90724809,23.2594067,27.65863337,23.76972865,29,22.84731932,28.31960452,20.88061302,28.31960452,23.08679276,26.87005769,24.04163056,26.17250466,27.20294102,28.31960452,24.73863375,25.45584412,26.2488095,26.17250466
8.485281374,8,9.219544457,7.071067812,10.63014581,8.062257748,10.63014581,6.32455532,9.219544457,8.062257748,9.899494937,7.280109889,12.04159458,8.062257748,11.40175425,8.544003745,12.72792206,8.544003745,12.04159458,8.062257748,14.14213562,9.433981132,12.80624847,10,13.60147051,8.602325267,13.60147051,9.899494937,13.03840481,11.40175425,15,12.04159458,14.4222051,11.40175425,15.26433752,10.63014581,15.26433752,12.04159458,14.4222051,11.3137085,13.41640786,12.72792206,13.03840481,12.04159458,14.31782106,12.04159458,15.23154621,11.40175425,15.23154621,11.40175425,15.65247584,11.40175425
4.472135955,7.615773106,4.472135955,7.615773106,4.472135955,8.544003745,2.236067977,8.062257748,3.16227766,8.602325267,3.16227766,8.485281374,3.16227766,10,2,9.219544457,2,10.63014581,0,10.81665383,1,13.45362405,2.236067977,12.04159458,2.236067977,11.40175425,2.828427125,12.80624847,4.472135955,12.80624847,4.472135955,14.2126704,3.605551275,13.45362405,4.123105626,13.03840481,3.605551275,13.60147051,5.099019514,13.60147051,5.099019514,13.03840481,5.385164807,11.40175425,5.099019514,12.52996409,5,13.41640786,4,13.03840481,4.123105626,13.03840481
19.92485885,8.246211251,20.1246118,10.19803903,21.02379604,11.70469991,21.09502311,13,21.09502311,11.40175425,23.60084744,11.66190379,25,11.66190379,27.20294102,12.04159458,24.8394847,12.72792206,27.80287755,12.80624847,31.144823,13.60147051,30.41381265,13.89244399,30.41381265,13.60147051,31.144823,11.18033989,31.89043744,12.64911064,34.6554469,12.64911064,33.24154028,12.36931688,32.64965543,13.34166406,36.12478374,11.18033989,33.24154028,12,33.30165161,12.16552506,31.144823,13.03840481,29.06888371,15.03329638,30.41381265,17.02938637,29.69848481,17.02938637,30.41381265,16
8.544003745,5.099019514,8.94427191,3.16227766,9.433981132,4.123105626,9.433981132,4.123105626,10.81665383,4.123105626,10.29563014,3,11.40175425,3.16227766,10.29563014,3.16227766,11.40175425,3.16227766,12.80624847,3.605551275,14.2126704,1.414213562,13.45362405,1.414213562,14.86606875,1.414213562,14.86606875,2.236067977,13.45362405,2,14.2126704,2.236067977,15,1.414213562,14.4222051,3,14.86606875,2.236067977,13.45362405,3.16227766,14.2126704,2.828427125,13.45362405,2.236067977,13.03840481,3.605551275,14.4222051,4.472135955,14.2126704,3.16227766,12.80624847,4.472135955
16,20.61552813,17.72004515,19.10497317,17.02938637,20.51828453,17.72004515,18.43908891,17.4642492,22.6715681,16.15549442,21.21320344,17,22.02271555,16.15549442,22.6715681,17.80449381,23.43074903,20.24845673,24.08318916,22.8035085,28.28427125,21.21320344,25.49509757,21.9317122,26.40075756,22.6715681,27.80287755,25.49509757,26.40075756,25.49509757,28.8444102,26.2488095,28.60069929,23.34523506,27.78488798,25.49509757,27.29468813,27.01851217,26.41968963,25.61249695,27.73084925,24.41311123,25.94224354,22.20360331,25.94224354,24.41311123,28.63564213,23.32380758,26.83281573,21.63330765,29.06888371
6,7.810249676,5.385164807,7.810249676,7.071067812,8.485281374,6.32455532,6.708203932,5.385164807,7.071067812,4.242640687,8.485281374,5,10,5,8.602325267,4,9.219544457,3.605551275,14.31782106,7.211102551,14.76482306,8.485281374,11.66190379,6.32455532,10,7.280109889,11.40175425,8.062257748,11.66190379,8.062257748,13.89244399,8.94427191,11.66190379,8.544003745,11.18033989,9.486832981,12.08304597,8.246211251,11.18033989,8.246211251,11.70469991,6.32455532,10.77032961,4.472135955,11.70469991,6.08276253,12.36931688,7,11.40175425,5.099019514,11.70469991
3.16227766,8.94427191,4.472135955,8.94427191,3.16227766,9.848857802,4.123105626,10,4.123105626,8.94427191,4.123105626,10.63014581,3,10.63014581,3.16227766,10.81665383,3.16227766,11.40175425,3.605551275,11.40175425,3.605551275,13.45362405,2.828427125,12.72792206,2.828427125,12.80624847,2.828427125,12.72792206,2.828427125,13.45362405,3.16227766,14.86606875,1.414213562,13.45362405,2,14.2126704,2.236067977,14.2126704,3.16227766,13.45362405,2.236067977,14.2126704,2.236067977,13.45362405,3.16227766,13.45362405,4.472135955,14.2126704,4.472135955,14.2126704,4.123105626,13.45362405
13.15294644,20.80865205,10.19803903,22.02271555,13,22.47220505,10.04987562,24.04163056,10.04987562,24.20743687,10.19803903,27.01851217,10.04987562,25.61249695,10.44030651,27.65863337,8.062257748,28.42534081,10.77032961,27.65863337,11.18033989,34.71310992,9.899494937,33.24154028,12.72792206,34.05877273,12.72792206,33.42154993,14.2126704,34.20526275,16.2788206,37.20215048,16.40121947,34.20526275,16.2788206,35.80502758,18.60107524,36.40054945,18.86796226,34.40930107,18.86796226,34.13209633,17.49285568,31.06444913,16.55294536,32.75667871,16.15549442,36.35931793,15.5241747,32.75667871,14.56021978,35.35533906
16.1245155,11.3137085,16.1245155,13.45362405,16.2788206,14.2126704,14.56021978,15.8113883,15.5241747,17.02938637,14.86606875,17.02938637,16.55294536,18.43908891,18.97366596,21.9317122,12.04159458,22.20360331,17.88854382,18.02775638,18.43908891,22.6715681,19.84943324,23.34523506,22.8035085,23.34523506,23.60084744,25,21.26029163,20.61552813,26.90724809,24.41311123,24.08318916,23.60084744,24.20743687,22.82542442,27.65863337,20.80865205,27.58622845,21.47091055,28.28427125,21.02379604,25.49509757,21.54065923,24.8394847,20.61552813,24.75883681,24.69817807,23.34523506,22.13594362,24.08318916,23.40939982
6,6.403124237,6,7.810249676,7.071067812,7.071067812,5.099019514,7.810249676,6.32455532,7.810249676,5.385164807,8.485281374,7.211102551,8.485281374,5.830951895,9.219544457,5.656854249,10,5.656854249,9.433981132,6.403124237,12.04159458,7.071067812,10.63014581,7.810249676,11.40175425,8.062257748,10.81665383,9.219544457,11.66190379,9.219544457,13.03840481,9.219544457,11.18033989,9.433981132,12.08304597,9.433981132,10.29563014,9.433981132,11.18033989,10.81665383,10.77032961,9.433981132,10.77032961,8.062257748,10.77032961,8.94427191,10.77032961,8.94427191,11.40175425,8.544003745,10.77032961
20.24845673,10.29563014,21.40093456,8.062257748,20.80865205,8.062257748,22.6715681,6.403124237,22.8035085,5.830951895,24.75883681,4.472135955,26.2488095,4.123105626,26.2488095,3.16227766,27.65863337,3.605551275,27.80287755,4.242640687,31.40063694,4.242640687,30.47950131,4.123105626,31.89043744,5.385164807,32.80243893,5.385164807,32.01562119,7.615773106,33.83784863,8.544003745,34.40930107,9.219544457,33.01514804,8.544003745,33.28663395,11.70469991,30.8058436,12.36931688,30.52867504,11.40175425,29.41088234,13.03840481,30.01666204,10,31.90611227,10.04987562,30.01666204,11.40175425,31.6227766,9.486832981
8.485281374,8.062257748,9.219544457,8.062257748,10.63014581,7.071067812,10.63014581,7.071067812,10,7.071067812,10.63014581,6.708203932,11.3137085,7.615773106,11.3137085,6.708203932,11.3137085,7.211102551,12.80624847,8.062257748,13.60147051,9.219544457,12.72792206,8.602325267,12.04159458,8.602325267,12.20655562,10,14.2126704,9.433981132,13.60147051,11.3137085,13.03840481,12.04159458,13.60147051,10.63014581,13.03840481,12.04159458,12.52996409,10.63014581,12.52996409,11.3137085,12.52996409,10.63014581,13.41640786,11.40175425,13,10,13,10.81665383,13.41640786,10
10,3.605551275,9.219544457,4.242640687,11.40175425,4.242640687,12.04159458,2.828427125,12.04159458,2.236067977,12.04159458,2,12.80624847,2.236067977,13.60147051,1,14.2126704,2,13.45362405,1,15.62049935,1.414213562,14.86606875,1.414213562,15.62049935,1.414213562,15,1.414213562,15,2.828427125,16.40121947,3.605551275,16.40121947,3.605551275,15.8113883,3.16227766,15.8113883,3.605551275,15,4.123105626,15.8113883,4.123105626,15.8113883,4.472135955,16.1245155,5.099019514,16.64331698,5,16.1245155,4,15.8113883,4.123105626
21.9317122,8.246211251,23.76972865,9.219544457,22.84731932,8.062257748,24.18677324,9.848857802,25.05992817,8.544003745,25.55386468,9.433981132,24.69817807,8.94427191,27.29468813,9.433981132,26.07680962,10.81665383,26.92582404,9.899494937,30,11.40175425,29.41088234,10.63014581,31.40063694,11.40175425,32.20248438,8.602325267,33.01514804,8.485281374,35.80502758,10.29563014,35.60898763,9.219544457,35.51056181,10.29563014,36.40054945,7.615773106,35.60898763,9.219544457,35,9.219544457,35,9.219544457,33.60059523,10.19803903,37.20215048,12,34.20526275,12.04159458,35.60898763,12.04159458
19.41648784,13.60147051,18.43908891,13.45362405,18.02775638,14.86606875,17.4642492,17.20465053,20.61552813,15.55634919,20.1246118,15.62049935,21.02379604,16.97056275,20.59126028,17.69180601,20.80865205,18.38477631,21.9544984,17.80449381,24.41311123,20,24.8394847,20,26.40075756,19.41648784,27.20294102,20,26.40075756,20.24845673,28.8444102,20.80865205,30,19.72308292,30,21.02379604,33.60059523,19.72308292,32.64965543,21.47091055,32.80243893,19.31320792,31.2409987,20.24845673,29.83286778,20.88061302,32.01562119,23.76972865,29.83286778,20.88061302,30.47950131,22.47220505
9.899494937,28,8.062257748,21.09502311,12.64911064,29.83286778,17.02938637,25.23885893,22.02271555,27.80287755,4,26.57066051,11.40175425,27.65863337,10.44030651,25,26.07680962,17.2626765,21.9317122,42.72001873,20,44.72135955,21.54065923,28.65309756,25,42.63801121,19.23538406,28.17800561,9.899494937,24.18677324,22.47220505,39.92492956,19.02629759,51.31276644,20.80865205,44.68780594,16.1245155,37.53664876,24.33105012,29.12043956,15.62049935,34.92849839,15.62049935,29.73213749,18.24828759,31.144823,35.0142828,38.01315562,25.61249695,30.8058436,27.20294102,29.83286778
8.062257748,4.242640687,8.94427191,5,9.848857802,4.242640687,10,3.605551275,10.29563014,3.605551275,9.433981132,3.605551275,10.81665383,3.605551275,10.81665383,2.236067977,10,3.16227766,10.81665383,2.236067977,13.03840481,2,12.20655562,3.16227766,13.60147051,3,12.20655562,2.236067977,12.80624847,3.16227766,13.89244399,4.123105626,13.03840481,4.472135955,13.89244399,3.16227766,14.2126704,3.605551275,13.89244399,3.16227766,13.60147051,5,14.2126704,2.828427125,13,4.242640687,15.26433752,4.472135955,15.8113883,4.242640687,14.4222051,3.605551275
11.40175425,21.9544984,12.04159458,23.02172887,9.219544457,25.8069758,9.433981132,25.8069758,8.602325267,26.40075756,6.708203932,27.01851217,8.544003745,27.80287755,6.32455532,29.06888371,6,29.06888371,6.08276253,28.31960452,5,31.2409987,4.472135955,31.144823,5.830951895,33.30165161,5.830951895,33.42154993,7.071067812,32.80243893,9.219544457,34.82814953,7.810249676,33.42154993,7.810249676,34.20526275,10.63014581,34.20526275,10.29563014,33.60059523,11.18033989,34.20526275,10.77032961,31.6227766,8.246211251,32.44996148,9.055385138,36.05551275,10.04987562,35.22782991,8.062257748,35.80502758
25.07987241,27.58622845,18.02775638,25.45584412,25.17935662,14.4222051,28.3019434,9.219544457,31.82766093,27.51363298,19.20937271,13.03840481,24.69817807,12.08304597,29.15475947,29.54657341,50.60632372,16.2788206,46.09772229,9.219544457,56.56854249,14.31782106,29.68164416,10.63014581,34.71310992,12.80624847,37.94733192,3.605551275,36.23534186,9.848857802,40.85339643,5.385164807,38.41874542,24.08318916,41.03656906,27.07397274,43.26661531,24.33105012,41.43669871,8.602325267,42.15447782,7.615773106,36.05551275,12.16552506,42.04759208,18.43908891,58.18075283,27.16615541,40.19950248,14.14213562,48.76474136,13.03840481
21.9544984,10.63014581,23.02172887,9.219544457,26.07680962,8.485281374,27.20294102,7.211102551,25.8069758,7.071067812,27.01851217,5.656854249,28.60069929,5,28.60069929,4.242640687,27.80287755,3.605551275,29.41088234,4,32.80243893,4.123105626,31.2409987,3.605551275,31.2409987,3.16227766,32.20248438,4.123105626,33.42154993,5.385164807,33.83784863,4.123105626,35.60898763,5.385164807,34.13209633,4.123105626,35.80502758,5,34.40930107,8.062257748,34.13209633,7,33.01514804,8.246211251,32.44996148,7,34.40930107,8.544003745,34.40930107,8.94427191,34.40930107,10.81665383
21.1896201,73.00684899,31.06444913,70.77428912,25.49509757,66.73080248,32.24903099,68.54195795,24.69817807,72.23572523,21.02379604,74.79304781,29,64.88451279,30.46309242,76.53757247,29.06888371,64.20280368,22.02271555,60.10823571,29.73213749,84.64632302,30.8058436,80.05623024,31.89043744,77.80102827,22.6715681,83.76156637,19.84943324,87.80091116,14.86606875,101.7889974,16.15549442,102.3034701,18.38477631,99.80981916,24.59674775,104.890419,19.23538406,96.20810777,19.31320792,90.90654542,23.02172887,95.52486587,29.27456234,78.81624198,24,102.3034701,31.04834939,94.84724561,32.38826948,94.36630755
15.29705854,17.80449381,14.14213562,17.80449381,17.11724277,17.20465053,17.08800749,19.20937271,16.15549442,20.51828453,17.72004515,20.51828453,17,22.02271555,18.35755975,22.02271555,18.86796226,22.02271555,18.60107524,22.8035085,22.8035085,23.43074903,22.02271555,23.02172887,22.02271555,23.02172887,23.43074903,23.85372088,23.60084744,23.85372088,27.01851217,24.69817807,26.2488095,22.82542442,25.8069758,24.16609195,27.80287755,25.05992817,26.17250466,22.84731932,27.58622845,22.84731932,24.75883681,23.76972865,22.02271555,23.76972865,25.61249695,26.92582404,24.04163056,25.63201124,24.08318916,26.57066051
19.92485885,12.36931688,19.92485885,12.36931688,23.40939982,13.41640786,21.02379604,13.89244399,22.36067977,13.60147051,24.18677324,13.89244399,26.07680962,13.03840481,25.55386468,11.40175425,26.40075756,12.72792206,26.62705391,14.86606875,32.20248438,15.62049935,30,14.4222051,30.61045573,13.60147051,33.01514804,13.03840481,32.80243893,12.52996409,35.80502758,14.31782106,35.60898763,11.70469991,35.51056181,11.40175425,36.61966685,12.08304597,35.22782991,11.04536102,35.22782991,11.04536102,34.40930107,12,31.90611227,14.03566885,35.22782991,17.11724277,33.60059523,16.1245155,33.83784863,16.2788206
4.472135955,10.81665383,5.099019514,10.29563014,5.099019514,10.29563014,4,11.40175425,4.123105626,11.66190379,3,12.80624847,3.605551275,12.80624847,3.16227766,13.03840481,4.472135955,17,2.828427125,17.4642492,2.236067977,16.40121947,2.236067977,14.86606875,1.414213562,15.62049935,2.236067977,16.2788206,1,15.8113883,2.236067977,18.60107524,2,15.8113883,2.236067977,16.64331698,2.236067977,17.20465053,2.236067977,16.64331698,3,15.8113883,3.16227766,16.64331698,1.414213562,15.8113883,4.472135955,17.49285568,2.236067977,15.26433752,3.605551275,16.64331698
5.099019514,9.848857802,5.385164807,10.29563014,5.385164807,11.18033989,5.385164807,10,6.708203932,11.66190379,6.403124237,12.20655562,5,12.52996409,6.403124237,13.03840481,5,12.80624847,5,10.81665383,6.403124237,13.60147051,6.403124237,14.14213562,6.32455532,14.2126704,5.830951895,15,5.385164807,15.8113883,6.08276253,17.20465053,6.08276253,16.40121947,6.08276253,16.64331698,6.32455532,17.20465053,7.071067812,15.62049935,7,15.8113883,6,14.2126704,7,15.26433752,9.055385138,15.8113883,8.062257748,15,9.055385138,16.40121947
11.70469991,24.59674775,13.41640786,23.70653918,14.76482306,23.76972865,11.66190379,22.82542442,15.23154621,27.78488798,13.45362405,25,13.45362405,31.38470965,10.63014581,25,23.40939982,32.75667871,11.66190379,34.98571137,9.848857802,35.51056181,13.89244399,32.55764119,14.31782106,32.80243893,12.64911064,33.42154993,14.14213562,36.61966685,15.8113883,37.80211634,12.04159458,37.20215048,11.18033989,38.41874542,13.03840481,37.80211634,14.14213562,35.80502758,15.13274595,37.44329045,17.02938637,32.20248438,15.13274595,35.80502758,17,37.20215048,19.10497317,33.01514804,19.10497317,33.01514804
18.02775638,10.77032961,20.61552813,11.18033989,21.47091055,11.66190379,21.47091055,10.81665383,21.9544984,12.04159458,23.70653918,12.04159458,23.32380758,12.72792206,24.69817807,14.86606875,26.07680962,13.45362405,28.01785145,13.03840481,31.6227766,12.80624847,29.83286778,14.76482306,30.8058436,13,32.20248438,13.60147051,33.01514804,14.31782106,35,14.56021978,33.60059523,13.60147051,34.66987165,14.03566885,35.22782991,13.15294644,33.42154993,14.03566885,34.40930107,14.03566885,32.20248438,15.03329638,30.8058436,16.03121954,34.40930107,18.24828759,32.20248438,17.11724277,32.01562119,18.11077028
18.78829423,6.32455532,19.41648784,6.708203932,21.47091055,5.099019514,22.20360331,6.08276253,25.23885893,3.16227766,23.60084744,1.414213562,24.08318916,2.236067977,26.40075756,1,32.64965543,13,25.61249695,8.062257748,28.60069929,7.071067812,28.42534081,5,29.83286778,4.123105626,29.20616373,3,30.8058436,4.472135955,32.20248438,5,30.8058436,5.830951895,31.90611227,5,32.01562119,7.071067812,31.6227766,8.062257748,29.68164416,8.602325267,28.01785145,9.899494937,27.45906044,8.94427191,31.38470965,10.29563014,31.6227766,10.29563014,31.6227766,10.77032961
14.14213562,17.69180601,13,19.10497317,15.13274595,21.21320344,13.60147051,20.51828453,14.31782106,21.9317122,14.86606875,21.9317122,15.23154621,22.6715681,15.65247584,24.08318916,16.15549442,23.43074903,16.1245155,24.20743687,17.49285568,27.20294102,18.43908891,26.40075756,18.43908891,27.20294102,19.72308292,27.45906044,21.40093456,24.20743687,22.20360331,26.92582404,24.75883681,26.07680962,22.20360331,26.83281573,24.08318916,27.29468813,23.34523506,25.05992817,22.6715681,25.94224354,23.34523506,25.49509757,19.10497317,26.40075756,21.21320344,28.63564213,19.84943324,29.96664813,19.84943324,29.06888371
8.485281374,8.246211251,8.485281374,8.062257748,9.899494937,8.246211251,9.219544457,7.280109889,11.3137085,8.246211251,9.899494937,8.544003745,9.899494937,9.848857802,9.899494937,9.486832981,10.63014581,10.29563014,11.40175425,8.94427191,11.40175425,11.40175425,12.04159458,10.63014581,12.20655562,10.81665383,11.66190379,10.81665383,10.81665383,11.40175425,12.52996409,12.80624847,10.29563014,14.2126704,12.08304597,12.04159458,11.18033989,13.45362405,10.77032961,12.80624847,10.44030651,12.04159458,11.18033989,13.45362405,11.70469991,12.04159458,13,12.04159458,12.08304597,12.04159458,13.41640786,10.63014581
20.61552813,9.899494937,22.36067977,8.94427191,22.36067977,10.63014581,23.85372088,8.246211251,25.23885893,7.280109889,27.45906044,6.708203932,27.20294102,5.656854249,29.20616373,5.099019514,30,4.472135955,32.80243893,2,36.23534186,2,33.30165161,2.236067977,36.06937759,1.414213562,34.05877273,2.236067977,34.82814953,3,36.87817783,3,36.23534186,5.099019514,37.80211634,5.099019514,40,7,37.01351105,7,36.89173349,8.246211251,36.40054945,8.246211251,35.22782991,7.280109889,38.27531842,9.433981132,36.05551275,8.485281374,38.27531842,9.219544457
24.69817807,8.485281374,24.41311123,8.602325267,26.07680962,6.403124237,26.40075756,5,26.62705391,5,29.20616373,5,30,2.236067977,29.41088234,3.605551275,30.23243292,2.236067977,32.20248438,2,35,3.605551275,33.60059523,2.828427125,34.20526275,3.16227766,33.60059523,5.385164807,34.40930107,4.472135955,38.01315562,5.385164807,35.80502758,6.32455532,36.89173349,6.32455532,37.44329045,7.071067812,35.80502758,8.062257748,35.22782991,7,33.28663395,8.062257748,33.28663395,6.08276253,36.35931793,7.280109889,34.66987165,9.848857802,34.98571137,9.433981132
9.433981132,5,10,5,10.81665383,5,10.63014581,5,11.40175425,4.472135955,11.40175425,4.123105626,12.20655562,4.123105626,12.20655562,4.123105626,12.20655562,4,12.80624847,4,14.2126704,5.385164807,14.2126704,4.123105626,15,5.385164807,15.8113883,4.472135955,13.60147051,5.830951895,15,5.830951895,13.60147051,6.403124237,14.76482306,5.656854249,14.4222051,5.656854249,14.4222051,5.656854249,15.26433752,6.403124237,14.4222051,5.830951895,13.41640786,5.830951895,14.76482306,4.472135955,14.4222051,5,16.1245155,4.472135955
9.055385138,22.36067977,9.055385138,21.9544984,9,25.05992817,8.062257748,25.23885893,7.071067812,25.23885893,7.280109889,26.62705391,6.708203932,27.20294102,6.32455532,27.20294102,6.403124237,29.41088234,5.385164807,28.60069929,5,32.80243893,5,32.01562119,4.242640687,32.64965543,4,34.40930107,4.123105626,34.13209633,5.099019514,35.80502758,4,35,5,35.22782991,5.385164807,37.01351105,4.472135955,35,6.708203932,34.40930107,5.830951895,33.60059523,7.280109889,32.44996148,10.19803903,35,10.04987562,32.80243893,10.44030651,34.40930107
13.41640786,19.41648784,13.89244399,19.41648784,16.40121947,19.92485885,15.8113883,19.23538406,15.8113883,21.9317122,17.02938637,22.36067977,16.40121947,24.18677324,16.2788206,23.32380758,14.86606875,24.69817807,17.02938637,24.69817807,17.69180601,29.68164416,18.43908891,27.80287755,18.43908891,27.80287755,18.60107524,28.8444102,15.8113883,28.8444102,16.64331698,31.6227766,16.1245155,32.20248438,15.65247584,30.61045573,16.1245155,32.80243893,13.92838828,31.89043744,15.23154621,32.01562119,15.8113883,30.47950131,15.8113883,28.42534081,19.92485885,30.61045573,20.24845673,29.83286778,19.92485885,29.83286778
21.47091055,9.219544457,23.85372088,9.219544457,24.69817807,7.211102551,26.62705391,6.708203932,26.40075756,6.403124237,25.8069758,5.656854249,28.60069929,5,29.20616373,3.605551275,28.42534081,3.605551275,31.2409987,3.605551275,33.60059523,2,33.42154993,1.414213562,32.64965543,0,34.40930107,3.16227766,33.60059523,2.828427125,37.80211634,4.242640687,36.23534186,4.123105626,34.40930107,4.472135955,37.20215048,5.830951895,34.40930107,8.246211251,34.66987165,7.071067812,33.83784863,6.32455532,34.66987165,5,37.73592453,5.830951895,36.61966685,8.062257748,36.05551275,6.403124237
11.04536102,23.40939982,11,24.59674775,12.04159458,25.94224354,12.16552506,24.18677324,10.44030651,27.29468813,10.44030651,28.3019434,8.544003745,28.01785145,8.544003745,28.01785145,8.062257748,29.20616373,9.433981132,30.23243292,8.602325267,33.60059523,8.485281374,32.80243893,7.810249676,34.05877273,7.211102551,35.80502758,7.810249676,34.82814953,6.32455532,38.01315562,5.385164807,37.80211634,6.08276253,37.44329045,7.280109889,39.40812099,6,37.64306045,7,36.61966685,7.280109889,36.40054945,9.055385138,35,10,38.01315562,11,35,13.03840481,38.60051813
21.63330765,12.08304597,21.40093456,9.486832981,22.20360331,12.16552506,23.34523506,8.246211251,24.8394847,9.219544457,27.01851217,9,25.49509757,9.055385138,27.20294102,9.055385138,28.42534081,8.544003745,26.2488095,9.219544457,31.2409987,11.18033989,30.61045573,10,32.01562119,10,32.20248438,11.40175425,31.40063694,12.04159458,33.60059523,14.2126704,32.80243893,14.14213562,32.44996148,12.72792206,33.60059523,14.14213562,31.6227766,14.4222051,32.75667871,14.4222051,31.90611227,14.4222051,30.88689042,12.52996409,34,12.08304597,32.75667871,11.40175425,35.84689666,10.77032961
3.16227766,9.848857802,3.16227766,9.486832981,3,9.433981132,3.16227766,8.94427191,4,9.433981132,2,10.81665383,2,10.81665383,2.236067977,10,2.236067977,11.66190379,2.828427125,10.81665383,2.828427125,13.60147051,3.16227766,12.04159458,1.414213562,12.80624847,2.828427125,12.80624847,2,12.20655562,3.16227766,14.2126704,2,14.2126704,2,13.60147051,2,13.60147051,3.16227766,13.60147051,2.236067977,12.80624847,2.236067977,13.60147051,3.605551275,13.03840481,5.099019514,13.60147051,4.123105626,14.2126704,5.099019514,15
10.77032961,22.47220505,8.544003745,23.60084744,10.19803903,24.69817807,7.071067812,23.43074903,9.055385138,25.23885893,10,27.01851217,9.219544457,26.2488095,8.246211251,27.01851217,8.544003745,27.80287755,8.94427191,29.41088234,7.615773106,32.80243893,7.071067812,32.64965543,7.071067812,31.2409987,9.899494937,32.20248438,10,32.80243893,9.899494937,35.80502758,11.40175425,35,11.40175425,33.83784863,12.80624847,34.66987165,14.76482306,32.44996148,13.89244399,33.28663395,14.76482306,32.44996148,12.36931688,30.88689042,11.04536102,35.84689666,9,34.66987165,11.04536102,35.84689666
13.03840481,17.02938637,12,17.69180601,12,20,11.04536102,20.51828453,11.18033989,20.61552813,11.40175425,21.9317122,12.64911064,23.34523506,13,23.43074903,10.29563014,22.6715681,12.52996409,22.6715681,12.52996409,26.90724809,12.80624847,25.49509757,13.45362405,26.2488095,15,26.2488095,16.2788206,25,17.69180601,28.01785145,16.97056275,27.20294102,16.97056275,26.92582404,18.43908891,28.3019434,18.43908891,26.62705391,19.10497317,26.41968963,17.80449381,25.55386468,16.40121947,26.41968963,15.8113883,30.01666204,15.8113883,28.17800561,15.8113883,29.52964612
19.10497317,16.03121954,21.21320344,15.13274595,21.26029163,17.11724277,23.34523506,15.29705854,23.34523506,14.86606875,25.45584412,17.72004515,24.04163056,16.55294536,25.49509757,14.31782106,26.17250466,16.64331698,27.65863337,15.8113883,29.83286778,19.41648784,29.06888371,17.69180601,27.80287755,20.51828453,29.41088234,20.51828453,28.01785145,19.10497317,30.23243292,23.34523506,29.68164416,24.04163056,30.52867504,21.9317122,29.68164416,23.34523506,28.65309756,22.6715681,29.52964612,22.8035085,29.06888371,23.60084744,29.54657341,21.26029163,31.78049716,22.02271555,30.41381265,20,30.87069808,21.63330765
13.03840481,20.39607805,15.8113883,20.88061302,17.20465053,20.61552813,16.64331698,20.59126028,18.43908891,20.1246118,18.60107524,22.82542442,18.43908891,23.32380758,17.69180601,23.32380758,19.84943324,24.41311123,17.69180601,24.41311123,22.6715681,27.01851217,22.02271555,26.2488095,22.6715681,27.58622845,21.26029163,29.20616373,20.24845673,29.69848481,21.9544984,31.89043744,20.59126028,31.82766093,22.36067977,31.2409987,20.1246118,32.55764119,20.1246118,32.52691193,19.92485885,31.82766093,19.6468827,31.11269837,20.88061302,29,24.04163056,29.73213749,25.29822128,27.58622845,25.29822128,30.41381265
19.41648784,13.60147051,19.6468827,15.8113883,20.24845673,16.40121947,19.6977156,16.64331698,20.24845673,17.69180601,21.9317122,19.20937271,21.09502311,17.69180601,21.09502311,19.10497317,22.47220505,19.10497317,24.41311123,17.69180601,27.20294102,21.26029163,26.2488095,20,26.17250466,21.63330765,27.01851217,20.80865205,28.31960452,21.63330765,32.55764119,20.59126028,30.41381265,21.09502311,29.06888371,20.61552813,33.24154028,21.02379604,30.41381265,20.59126028,31.144823,19.92485885,29,20.24845673,29,22.13594362,29.73213749,24.04163056,27.58622845,24.04163056,29,24.35159132
19.41648784,12.04159458,20.61552813,12.64911064,22.6715681,12.04159458,22.627417,10.04987562,24.20743687,9,24.08318916,10.04987562,24.8394847,10.19803903,26.90724809,8.246211251,26.2488095,9.486832981,25.49509757,11.66190379,30.47950131,11.66190379,27.65863337,11.40175425,30.8058436,12.04159458,30.8058436,13.45362405,32.01562119,14.86606875,33.83784863,16.2788206,31.6227766,16.64331698,31.38470965,16.97056275,33.28663395,17.69180601,31.06444913,17.20465053,30.88689042,17.02938637,30.01666204,16.64331698,30.41381265,14.2126704,34.88552709,15.65247584,32.64965543,13.89244399,33.12099032,16.15549442
10.81665383,2.236067977,9.433981132,1.414213562,11.18033989,1.414213562,11.40175425,1,10.81665383,1.414213562,13.03840481,2.236067977,10.63014581,2.828427125,12.04159458,4.472135955,15.65247584,2.828427125,13.89244399,1.414213562,12.80624847,4.123105626,15.62049935,2.236067977,15.26433752,4.472135955,16.40121947,3,14.4222051,3.16227766,16.2788206,1.414213562,13.60147051,3.16227766,13.60147051,5.830951895,15.62049935,4.123105626,14.14213562,5.099019514,13.60147051,3.605551275,14.2126704,5,13.60147051,5.830951895,16.40121947,5.830951895,15,5,14.86606875,5.385164807
19.84943324,14.03566885,22.02271555,13.03840481,22.6715681,13,24.04163056,11.18033989,23.60084744,12.36931688,26.2488095,13,27.65863337,12.08304597,27.01851217,13.03840481,27.65863337,11.66190379,27.80287755,13.60147051,33.42154993,17.20465053,30.61045573,15.55634919,30.61045573,16.2788206,31.06444913,17.02938637,30.23243292,17.69180601,31.90611227,19.84943324,33.01514804,19.84943324,32.75667871,18.38477631,32.75667871,21.26029163,30.88689042,20.80865205,31.76476035,20.61552813,29.96664813,19.72308292,31.30495168,18.86796226,34.88552709,17.20465053,33.54101966,17.49285568,33.54101966,17
12.52996409,18.43908891,13.41640786,17.72004515,15,20.24845673,15.26433752,17.4642492,14.2126704,19.6977156,15.62049935,21.47091055,14.86606875,21.9544984,16.2788206,22.47220505,17.02938637,22.47220505,17.69180601,25.23885893,19.84943324,28.01785145,17.80449381,26.40075756,17.20465053,25.61249695,16.64331698,27.80287755,16.1245155,28.60069929,17,31.2409987,16.55294536,32.01562119,16.15549442,31.40063694,16.55294536,33.42154993,16.15549442,32.64965543,14.56021978,32.01562119,15.5241747,30.61045573,17.4642492,28.42534081,19.6468827,32.01562119,19.6468827,29.20616373,19.6468827,29.73213749
5.099019514,8.544003745,4.472135955,9.219544457,4.242640687,8.544003745,2.236067977,10,2,9.848857802,4.472135955,10,3.16227766,9.433981132,1.414213562,11.40175425,8.062257748,9.219544457,2,8.485281374,1,13.45362405,3.16227766,11.3137085,3.16227766,12.80624847,2.828427125,13.60147051,2.828427125,12.20655562,5.385164807,13.03840481,4.472135955,14.4222051,4.123105626,13.89244399,4.123105626,14.86606875,4.472135955,13.89244399,4.472135955,13.41640786,4.472135955,13.89244399,4.123105626,12.08304597,5.099019514,13.89244399,5,13.03840481,3.16227766,14.76482306
23.70653918,7.280109889,24.69817807,8.246211251,27.78488798,8.544003745,27.20294102,9,28.8444102,8.062257748,28.60069929,7.280109889,31.40063694,6.32455532,31.6227766,5.385164807,30.8058436,5,32.01562119,4.242640687,35.60898763,5,35.60898763,5,36.23534186,3.16227766,37.80211634,3,38.60051813,3.16227766,41.0487515,4.123105626,40.60788101,3.605551275,39.96248241,4.242640687,40.80441153,5,39.40812099,5.656854249,41.0487515,7.071067812,38.27531842,7.810249676,38.83297568,8.602325267,41.0487515,10,38.83297568,8.544003745,38.83297568,10.77032961
7,7.071067812,5.099019514,5.830951895,5,8.485281374,6.08276253,9.899494937,6.08276253,8.602325267,6.708203932,8.485281374,7.211102551,10.63014581,5.656854249,11.66190379,8.246211251,6.08276253,5.830951895,6.32455532,5.656854249,11.3137085,7.211102551,10.63014581,7.810249676,10.81665383,8.602325267,11.18033989,8.602325267,8.94427191,10.63014581,11.40175425,9.219544457,11.70469991,9.219544457,11.66190379,8.602325267,11.66190379,10,11.18033989,7.071067812,10.81665383,10.63014581,11.66190379,8.485281374,9.486832981,7.810249676,11.70469991,10.29563014,12.08304597,7.071067812,13.03840481
58.82176468,24.04163056,65.73431372,29.73213749,63.95310782,24.59674775,60.53924347,33.61547263,67.20119047,33.12099032,76.55063684,26.2488095,73.23933369,25.49509757,73.60027174,21.40093456,79.40403012,25.55386468,69.52697318,22.20360331,89.49860334,30.88689042,85.58621384,35.11409973,91.35097153,35.11409973,92.00543462,28.23118843,86.83317338,26.47640459,107.4150827,31.40063694,101.8282868,29.01723626,100.4041832,34.05877273,103.0776406,28.44292531,96.21330469,30.41381265,97.61659695,30.06659276,93.86160024,31.78049716,80.60397013,36.05551275,97.41663102,43.01162634,90.13878189,49.25444142,90.68627239,43.0464865
20.80865205,8.94427191,22.20360331,8.94427191,23.60084744,8.246211251,25.49509757,6.32455532,25.23885893,7.071067812,26.2488095,7.071067812,27.80287755,7.071067812,28.42534081,6.32455532,29.83286778,5.830951895,27.80287755,6.708203932,32.01562119,6.403124237,33.42154993,6.403124237,33.01514804,6.708203932,33.83784863,7.810249676,32.44996148,9.219544457,35.51056181,11.40175425,34.40930107,10.81665383,34.98571137,10,34.66987165,12.20655562,33.83784863,12.08304597,33.61547263,12.08304597,33.12099032,11.18033989,30.88689042,9.219544457,34.98571137,9.055385138,34.4818793,9.055385138,35.35533906,10
18.68154169,17.20465053,18.02775638,17.02938637,17.4642492,17.69180601,19.23538406,21.26029163,20.61552813,19.84943324,21.47091055,21.9317122,21.47091055,21.9317122,23.02172887,22.02271555,24.69817807,22.8035085,22.20360331,20.61552813,27.01851217,23.60084744,27.01851217,22.47220505,26.90724809,22.20360331,29.20616373,24.18677324,29.20616373,23.02172887,32.80243893,25.49509757,30.61045573,24.59674775,31.6227766,24.16609195,31.82766093,23.76972865,29.73213749,23.08679276,31.144823,25,27.65863337,24.35159132,29,25.29822128,30.41381265,26.92582404,27.65863337,26.92582404,27.58622845,28.86173938
21.9544984,8.602325267,21.63330765,8.544003745,25.05992817,7.615773106,25,6.32455532,26.07680962,5.099019514,27.20294102,5.099019514,28.60069929,5.099019514,30,3.16227766,30,3.16227766,30.8058436,3.605551275,33.01514804,0,34.20526275,0,33.83784863,0,36.61966685,2,34.40930107,3.16227766,38.58756276,4.472135955,38.01315562,5.099019514,38.58756276,5,38.27531842,5.099019514,36.05551275,6,36.35931793,8,34.4818793,7.071067812,34.98571137,6.708203932,38.07886553,6.708203932,36.35931793,7.810249676,37.73592453,7.810249676
22.84731932,13.92838828,15.26433752,22.20360331,24.18677324,25.96150997,11.40175425,32.55764119,34.20526275,21.02379604,22.02271555,23.02172887,22.36067977,14.2126704,31.95309062,29.96664813,28.86173938,44.29446918,24.41311123,7.071067812,45.31004304,17.69180601,38.01315562,23.08679276,54.67174773,23.32380758,34.525353,16.64331698,32.01562119,15.23154621,42.04759208,35.77708764,44.72135955,30,50.93132631,23.43074903,58.25804665,26.2488095,42.95346319,23.85372088,40.79215611,19.31320792,31.6227766,19.31320792,39.2173431,16.40121947,55.14526272,18.35755975,38.63935817,26.17250466,48.05205511,8.544003745
22.8035085,13.03840481,23.34523506,11.18033989,25,13,26.17250466,10.04987562,26.40075756,13.34166406,27.65863337,12.36931688,28.31960452,12.64911064,28.60069929,11.18033989,30.61045573,12.20655562,30.8058436,13.03840481,34.40930107,15.8113883,32.80243893,15,33.83784863,15.55634919,35.22782991,18.60107524,32.20248438,18.43908891,36.35931793,21.26029163,33.83784863,19.79898987,35.84689666,19.10497317,36.89173349,22.6715681,34.4818793,20.51828453,34.4818793,19.79898987,32.24903099,20.61552813,31.30495168,17.20465053,36.67424164,18.60107524,35.34119409,16.64331698,37.12142239,18.02775638
10.44030651,22.36067977,6.708203932,24.69817807,6.08276253,25.55386468,7.071067812,25.23885893,6,26.62705391,5,28.8444102,3.16227766,28.8444102,3.16227766,28.8444102,3.605551275,30.23243292,2.828427125,31.6227766,5,35.80502758,4.472135955,33.42154993,4.123105626,34.40930107,3.16227766,36.05551275,4.242640687,36.61966685,4.242640687,38.60051813,4.242640687,36.61966685,4.242640687,37.73592453,5.385164807,38.83297568,7.280109889,37.20215048,8.062257748,39.11521443,6.708203932,37.44329045,8.602325267,34.66987165,8.94427191,37.73592453,10.77032961,36.89173349,9.848857802,37.44329045
3.16227766,9.848857802,3.16227766,9.486832981,3,9.848857802,4.123105626,10.29563014,3.16227766,10.29563014,2,11.66190379,2,11.66190379,2.236067977,12.20655562,1,12.20655562,1.414213562,11.40175425,1.414213562,14.2126704,1.414213562,15,2.236067977,14.2126704,2,13.60147051,2,14.4222051,2.236067977,16.40121947,2.236067977,15.8113883,3.605551275,14.4222051,2.236067977,16.40121947,3.16227766,14.4222051,2.236067977,14.76482306,2.828427125,14.4222051,3.605551275,13.89244399,4.472135955,15.26433752,4.472135955,14.4222051,4.472135955,14.4222051
20.24845673,8.485281374,21.63330765,7.810249676,23.02172887,5.656854249,22.02271555,5,23.85372088,5.656854249,25,5.385164807,26.62705391,3.605551275,25.61249695,5.099019514,27.80287755,2,27.80287755,2,31.6227766,5.099019514,30.47950131,3.605551275,30.61045573,3.605551275,31.6227766,4.242640687,31.6227766,5.830951895,35.22782991,7.211102551,33.01514804,7.211102551,33.28663395,5.830951895,36.05551275,8.94427191,33.01514804,8.544003745,32.75667871,9.486832981,32.75667871,8.246211251,33.12099032,8.246211251,34.13209633,8.062257748,33.12099032,8.062257748,34.98571137,8.062257748
20.24845673,15.13274595,20.1246118,13,20.59126028,15.23154621,20.59126028,13.60147051,21.47091055,12.20655562,21.9317122,11.66190379,23.60084744,13.89244399,25.05992817,10.63014581,26.07680962,14.14213562,27.45906044,12.04159458,29.20616373,14.86606875,29.06888371,13.45362405,30,12.20655562,29.41088234,12.04159458,31.2409987,13.03840481,32.80243893,13.60147051,33.60059523,11.18033989,33.28663395,12.08304597,35,9.848857802,32.80243893,10.04987562,34.40930107,9.486832981,32.20248438,12.16552506,30.8058436,12.36931688,33.60059523,15.29705854,32.01562119,15.5241747,30.8058436,16.2788206
19.31320792,13,19.6977156,12.08304597,20.1246118,14.4222051,19.23538406,15.26433752,22.36067977,14.4222051,21.09502311,15,23.85372088,13.60147051,22.47220505,15,24.41311123,16.40121947,23.60084744,15.55634919,27.20294102,17.02938637,27.65863337,15.8113883,27.65863337,15.8113883,30,16.64331698,28.42534081,15.8113883,32.20248438,16.55294536,31.2409987,16.15549442,30.8058436,15.8113883,34.20526275,16.55294536,31.89043744,14.86606875,30.8058436,16.76305461,30.47950131,16.4924225,29.20616373,16.76305461,29.20616373,20.61552813,29.83286778,19.41648784,30.47950131,20.61552813
21.40093456,19,22.8035085,21,23.43074903,21.21320344,25.8069758,18.24828759,23.43074903,16.2788206,27.80287755,18.68154169,27.20294102,19.6977156,26.2488095,18.02775638,27.65863337,19.20937271,28.31960452,21.63330765,31.2409987,24.20743687,29,23.34523506,29,22.6715681,27.58622845,24.04163056,27.65863337,24.08318916,29.20616373,25.61249695,29.83286778,26.62705391,28.8444102,23.43074903,30.23243292,26.62705391,28.3019434,25.23885893,27.78488798,23.85372088,27.29468813,25.05992817,29.15475947,22.47220505,31.78049716,22.36067977,31.78049716,23.76972865,33.10589071,22.84731932
14.86606875,18,17.80449381,18.68154169,18.02775638,19.92485885,17.02938637,19.6977156,18.38477631,22.20360331,17.69180601,24.18677324,17.02938637,22.8035085,17.80449381,23.02172887,20.61552813,24.75883681,17.49285568,28.31960452,19.23538406,26.40075756,18.78829423,25.61249695,20.59126028,28.31960452,20.59126028,30.41381265,20.24845673,30.47950131,21.54065923,31.11269837,21.54065923,29.06888371,21.84032967,30.47950131,21.58703314,29,20.88061302,29,22.56102835,29.06888371,22.20360331,26.90724809,23.76972865,24.20743687,27.20294102,27.58622845,25.96150997,27.65863337,26.2488095,25.45584412
17.69180601,16.2788206,19.79898987,16.76305461,20.51828453,17.08800749,21.26029163,16.1245155,22.6715681,17.4642492,22.6715681,18.86796226,21.9317122,18.86796226,22.6715681,20,23.60084744,19.84943324,22.8035085,20.61552813,24.41311123,23.34523506,24.41311123,23.34523506,23.85372088,23.34523506,23.32380758,25.49509757,25.05992817,24.08318916,28.17800561,27.58622845,25.49509757,25.49509757,27.31300057,25.49509757,26,25.45584412,25.63201124,25.49509757,26.57066051,24.75883681,26.57066051,23.34523506,27.51363298,22.627417,30.6757233,24.08318916,29.15475947,21.40093456,29.15475947,22.02271555
66.24198065,24.0208243,70.83078427,20.61552813,73.24616031,23.02172887,78.40918314,22.36067977,78.23042886,11.70469991,83.60023923,16.15549442,79.81227976,11.40175425,82.80096618,17.02938637,96.25487001,18.02775638,82.80096618,13.03840481,104.2017274,14.14213562,89.87213139,19.23538406,101.6710382,18.24828759,102.4158191,15,99.47864092,15.5241747,115.6762724,17.49285568,109.5536398,22.8035085,105.2093152,21.02379604,114.6342008,17.80449381,99.63934966,29.20616373,105.4371851,19.92485885,104.0432602,25.8069758,90.42676595,25.96150997,105.6882207,31.25699922,100.2646498,34.0147027,99.02019996,34.78505426
22.20360331,10.44030651,22.8035085,7.071067812,24.08318916,9.486832981,24.75883681,6.08276253,26.2488095,8.062257748,28.42534081,9.055385138,28.42534081,8.544003745,27.58622845,6.708203932,27.65863337,8.602325267,28.42534081,9.219544457,32.20248438,8.485281374,32.64965543,9.899494937,32.01562119,8.602325267,32.20248438,11.40175425,31.40063694,12.04159458,33.60059523,13.45362405,33.01514804,11.66190379,31.90611227,12.20655562,32.44996148,13.60147051,30.52867504,14.4222051,32.75667871,13.03840481,30.01666204,13.41640786,30.01666204,10.77032961,34.4818793,12.52996409,32.75667871,11.70469991,32.75667871,11.40175425
5,12.08304597,6,12.08304597,5.385164807,11.70469991,4.472135955,12.20655562,4.123105626,13.03840481,5.385164807,13.89244399,4.472135955,13.60147051,3.605551275,14.4222051,3.605551275,14.2126704,5,13.60147051,4.472135955,17.02938637,4.242640687,16.40121947,4.242640687,15.62049935,3.16227766,17.20465053,2,16.40121947,3.16227766,18.02775638,3,17.80449381,5,16.64331698,4,18.02775638,4,16.64331698,3,17.20465053,3.16227766,16.64331698,5,15.8113883,5,18.02775638,5.385164807,17.20465053,6,18.60107524
8.062257748,7.810249676,9.055385138,8.485281374,9.219544457,9.219544457,8.062257748,11.3137085,9.486832981,9.899494937,10.29563014,10.63014581,9.848857802,10.81665383,9.433981132,11.40175425,10.81665383,12.04159458,10,10.81665383,11.40175425,13.60147051,12.20655562,13.60147051,13.60147051,12.20655562,13.45362405,13.41640786,13.60147051,10.81665383,14.2126704,13.89244399,13.45362405,13.41640786,12.04159458,13,13.45362405,13.41640786,12.80624847,13,12.72792206,13.41640786,13.45362405,12.08304597,12.04159458,13.92838828,12.72792206,16.15549442,12.72792206,14.31782106,12.72792206,15.23154621
16.03121954,14.86606875,15.03329638,14.86606875,18.11077028,16.2788206,16.2788206,18.43908891,17.4642492,19.84943324,17.4642492,19.84943324,18.68154169,20.51828453,18.78829423,20.61552813,19.72308292,19.84943324,20.59126028,21.40093456,23.32380758,22.02271555,21.63330765,21.63330765,23.43074903,22.20360331,26.07680962,21.40093456,25.23885893,21.63330765,28.8444102,21.47091055,29.41088234,20.59126028,26.62705391,22.47220505,28.01785145,21.47091055,27.01851217,21.02379604,27.80287755,21.54065923,25.8069758,20.61552813,25.23885893,22.47220505,28.01785145,24.69817807,26.40075756,25.07987241,26.40075756,26
36,73.92563831,36.12478374,83.52843827,36.05551275,81.0061726,37.33630941,93.81364506,32.55764119,85.44003745,42.72001873,92.96235797,41.10960958,84.40379138,38.91015292,86.60831369,28.17800561,81.60882305,51.4781507,63.03173804,49.40647731,101.0445446,46.32493929,86.97700846,51.66236541,100.20978,50.60632372,97.65244493,53.85164807,95.96353474,62.80127387,116.5032188,59.03388857,116.6190379,62.93647591,107.424392,69.42621983,105.4371851,53.60037313,99.02019996,52.49761899,97.63708312,62.96824597,100.8464179,42.20189569,92.13576938,49.81967483,111.6467644,45.3431362,108.1665383,46.75467891,93.64827815
5.099019514,10.77032961,5.385164807,11.18033989,5.830951895,10.77032961,5.385164807,11.66190379,4.472135955,11.18033989,5.830951895,13.03840481,5.830951895,13.60147051,5,12.20655562,5.656854249,13.03840481,5.656854249,11.40175425,5.830951895,14.86606875,5,14.14213562,4.242640687,15,5.830951895,15,5,14.2126704,5.385164807,16.40121947,5.385164807,15.62049935,6.08276253,15,6.08276253,16.40121947,6.08276253,15,5.099019514,15.8113883,5.099019514,14.2126704,5.099019514,14.2126704,7.071067812,15,6.08276253,15.62049935,7.071067812,15.62049935
22.47220505,6.403124237,21.9544984,7.615773106,25.55386468,7.211102551,24.41311123,7.211102551,27.45906044,4.472135955,27.45906044,7.071067812,27.45906044,5.099019514,29.41088234,4.123105626,29.20616373,4,30.23243292,5.099019514,33.83784863,5.385164807,34.20526275,4.472135955,32.20248438,6.403124237,33.83784863,6.403124237,33.83784863,7.810249676,37.44329045,7.810249676,36.05551275,9.219544457,36.35931793,10,36.89173349,10,34.66987165,10.29563014,34.98571137,10,34.98571137,9.848857802,33.12099032,8.94427191,36.35931793,8.544003745,36.05551275,6.08276253,37.73592453,7.071067812
11.18033989,21.1896201,12.36931688,23.2594067,13,25.63201124,12.52996409,23.32380758,11.70469991,25.05992817,12.52996409,26.41968963,12.20655562,26.62705391,10,25.8069758,12.72792206,29.41088234,8.602325267,29.20616373,11.40175425,31.89043744,12.04159458,29.73213749,10.29563014,31.89043744,11.18033989,30.47950131,9.486832981,32.64965543,11.40175425,33.30165161,10.77032961,34.82814953,10.77032961,33.60059523,11.18033989,35.60898763,11.18033989,33.24154028,11.04536102,34.82814953,13.03840481,32.64965543,14.31782106,32.01562119,14.14213562,33.42154993,15.29705854,31.40063694,15.03329638,31.89043744
20.61552813,18.02775638,22.627417,17.11724277,24.08318916,18.43908891,24.75883681,18.38477631,24.75883681,18.02775638,25.49509757,18.97366596,26.17250466,19.23538406,24.08318916,19.72308292,25.49509757,20.80865205,27.58622845,21.09502311,29.73213749,22.20360331,28.31960452,22.6715681,27.65863337,22.627417,27.65863337,24.08318916,27.80287755,24.08318916,29.41088234,26.87005769,30,27.58622845,28.3019434,25.61249695,28.3019434,27.58622845,27.45906044,28.31960452,27.29468813,26.87005769,28.17800561,26.17250466,27.78488798,24.75883681,30.88689042,26.17250466,30.01666204,23.34523506,30.41381265,24.20743687
6.708203932,22.84731932,9.486832981,23.70653918,6.32455532,24.69817807,8.544003745,24.41311123,6.32455532,26.62705391,5.385164807,28.60069929,5.099019514,27.20294102,3,28.60069929,4.123105626,28.42534081,2,29.83286778,2.236067977,34.05877273,2.236067977,32.01562119,2.236067977,33.42154993,1.414213562,32.64965543,4,33.60059523,4.123105626,37.64306045,4.242640687,35.60898763,4.123105626,35,5.656854249,35.60898763,5.656854249,34.05877273,6.403124237,35.60898763,7.810249676,32.64965543,7.810249676,33.01514804,7.211102551,36.40054945,9.433981132,34.05877273,9.219544457,32.55764119
9.433981132,12.16552506,10,11.40175425,10.81665383,12.64911064,12.20655562,10.77032961,12.20655562,12.08304597,9.899494937,11.66190379,11.40175425,13.41640786,9.899494937,13.89244399,9.899494937,13.03840481,12.04159458,13.03840481,12.80624847,14.86606875,12.04159458,14.2126704,11.40175425,13.45362405,12.20655562,14.2126704,10.81665383,15,13.89244399,17.02938637,11.40175425,17.02938637,11.66190379,16.2788206,11.66190379,17.02938637,11.18033989,15.55634919,11.18033989,16.2788206,10.29563014,16.2788206,12.08304597,14.86606875,13.60147051,15.62049935,13,16.97056275,13,16.2788206
13,10.81665383,13,11.66190379,14.31782106,12.20655562,13.03840481,11.66190379,12.52996409,10,13.60147051,10.81665383,14.4222051,11.40175425,13.60147051,11.40175425,13.45362405,12.04159458,12.04159458,12.04159458,14.14213562,13.45362405,14.86606875,12.04159458,14.14213562,12.72792206,14.86606875,11.40175425,14.86606875,11.3137085,16.2788206,13.60147051,16.2788206,12.20655562,14.2126704,13.03840481,15.62049935,11.40175425,15.8113883,11.66190379,16.2788206,10.81665383,15.62049935,10.29563014,14.2126704,11.18033989,15.26433752,13.41640786,14.4222051,12.20655562,14.4222051,12.52996409
16.55294536,6.32455532,15.65247584,7.280109889,16.1245155,6.708203932,17.20465053,7.615773106,16.64331698,5.385164807,16.64331698,6.32455532,16.64331698,6.708203932,16.40121947,6.708203932,17.20465053,6.708203932,14.86606875,5.830951895,17.69180601,8.485281374,18.38477631,7.810249676,19.10497317,7.071067812,17.69180601,8.485281374,19.10497317,6.403124237,19.79898987,7.810249676,19.10497317,6.403124237,19.10497317,7.211102551,19.79898987,6.403124237,19.84943324,6.32455532,19.79898987,5.385164807,19.20937271,4.472135955,18.38477631,5.830951895,19.10497317,8.544003745,19.10497317,6.32455532,18.60107524,8.544003745
10.77032961,4.123105626,10.77032961,5.385164807,10.77032961,4.472135955,11.18033989,5.830951895,12.08304597,5,11.18033989,5,13,5.385164807,12.08304597,4.472135955,12.52996409,5,11.66190379,5,14.76482306,5,12.20655562,5,15,5,13.60147051,5,14.4222051,3.605551275,15.8113883,5,15.8113883,3.605551275,14.4222051,5,15.8113883,4.472135955,15.62049935,5.099019514,15.8113883,3.16227766,16.40121947,3.16227766,15.26433752,3.605551275,16.40121947,5.099019514,15.62049935,4.472135955,15.62049935,5.385164807
22.84731932,7.071067812,25.49509757,6.403124237,25.05992817,7.071067812,25.23885893,4.472135955,25.23885893,5,26.41968963,4.242640687,28.3019434,3.605551275,28.8444102,2.828427125,27.45906044,3,29.41088234,3,32.44996148,3.16227766,33.01514804,2,32.20248438,1.414213562,33.28663395,2,32.44996148,4.472135955,36.89173349,2.828427125,34.40930107,5,34.66987165,4.242640687,37.20215048,5,34.66987165,5.385164807,36.05551275,5.385164807,35.22782991,5.385164807,34.13209633,4.123105626,37.73592453,3,36.05551275,5.099019514,36.61966685,4
62.96824597,33.24154028,66.28725368,37.33630941,69.64194139,34.05877273,70.80254233,30,73.23933369,31.06444913,79.07591289,34.71310992,76.2758153,34.20526275,74.20242584,29.73213749,77.4209274,29.41088234,68.11754546,33.61547263,81.56592426,40.49691346,79.30952024,37.53664876,84.20213774,36.87817783,81.84130986,38.94868419,84.8763807,43.26661531,96.21330469,47.70744177,92.91393867,46.09772229,87.658428,46.69047012,91.04943712,47.42362281,86.21484791,44.55333882,88.23831367,48.16637832,87.4185335,47.50789408,84.59905437,41.72529209,95.18928511,44.55333882,93.81364506,45.22167622,91.02197537,42.20189569
11.18033989,5,11.18033989,4.472135955,12.52996409,5,12.80624847,4.123105626,13.89244399,5,13.03840481,5,13.60147051,4.242640687,14.2126704,2.828427125,13.60147051,1.414213562,13.60147051,2.828427125,16.40121947,1.414213562,15.62049935,1,15.55634919,1.414213562,15.62049935,1,14.86606875,1.414213562,16.40121947,1,17.20465053,1.414213562,16.40121947,1,17.02938637,2,15.62049935,2.236067977,16.40121947,3.16227766,15.62049935,3.16227766,15.8113883,3.16227766,17.20465053,3.605551275,17.20465053,3.16227766,17.20465053,4.242640687
20.80865205,19.92485885,21.63330765,19.6977156,22.8035085,21.02379604,23.60084744,20.24845673,24.08318916,21.09502311,24.20743687,22.47220505,22.8035085,22.20360331,22.627417,22.8035085,21.9317122,22.6715681,23.34523506,23.43074903,26.2488095,26.2488095,25.49509757,24.75883681,24.8394847,24.8394847,24.41311123,26.17250466,25.23885893,24.75883681,26.07680962,26.90724809,24.69817807,26.2488095,25.05992817,26.17250466,26.07680962,27.58622845,25.94224354,26.2488095,25.49509757,27.65863337,24.59674775,25.61249695,25.49509757,23.43074903,29.96664813,25.61249695,29.06888371,24.41311123,29.15475947,25
10.63014581,7.071067812,12.04159458,6.08276253,13.45362405,6,12.80624847,6.08276253,12.72792206,7.071067812,12.80624847,7.280109889,12.04159458,8.544003745,12.72792206,7.211102551,12.04159458,6.708203932,13.45362405,6.403124237,14.86606875,7.211102551,14.14213562,8.485281374,14.86606875,7.810249676,14.86606875,7.810249676,14.2126704,9.219544457,15,9.219544457,14.4222051,9.219544457,14.4222051,7.810249676,15,8.602325267,15,8.602325267,14.4222051,9.433981132,13.89244399,9.433981132,14.31782106,8.062257748,16.64331698,8.94427191,16.1245155,8.94427191,15.26433752,8.062257748
7.280109889,11.40175425,5.385164807,12.72792206,6.32455532,14.2126704,5.099019514,14.14213562,6.08276253,13.45362405,6,15.55634919,6.32455532,14.14213562,5.385164807,15.55634919,5,14.86606875,4.472135955,13.45362405,4.242640687,17.69180601,6.403124237,16.2788206,5,16.2788206,5,16.40121947,5.830951895,16.40121947,7.211102551,17.80449381,7.211102551,16.40121947,6.708203932,17.20465053,6.708203932,17.20465053,6.32455532,15.8113883,7.211102551,16.40121947,7.211102551,16.64331698,7.280109889,16.1245155,7.071067812,17.49285568,6.32455532,17.49285568,7.071067812,18.02775638
10.44030651,9.219544457,10.19803903,10,11.40175425,10,10.81665383,11.40175425,12.08304597,10,12.08304597,9.899494937,12.08304597,11.3137085,10.81665383,11.3137085,11.66190379,11.3137085,11.3137085,10,12.80624847,12.72792206,13.45362405,11.3137085,14.14213562,11.3137085,13.45362405,11.40175425,13.45362405,10.81665383,15.55634919,13.60147051,14.86606875,12.20655562,13.45362405,12.52996409,14.2126704,12.52996409,12.80624847,12.52996409,15.62049935,11.18033989,14.2126704,11.18033989,12.04159458,11.18033989,14.2126704,14.86606875,14.4222051,13.41640786,13.60147051,14.31782106
7,10.63014581,7.071067812,11.3137085,8.062257748,12.04159458,7.280109889,13.45362405,8.246211251,12.04159458,8.246211251,12.72792206,9.486832981,12.04159458,8.246211251,12.72792206,8.544003745,12.04159458,8.062257748,12.04159458,8.94427191,14.14213562,8.602325267,14.86606875,9.219544457,14.86606875,9.219544457,14.86606875,9.219544457,14.2126704,9.899494937,15.62049935,11.40175425,14.2126704,10.63014581,14.76482306,11.3137085,15,10.81665383,13.60147051,12.04159458,13.03840481,10.63014581,13.60147051,10,13.89244399,9.433981132,15.26433752,10.81665383,14.4222051,10,16.64331698
13.60147051,6.708203932,13.60147051,8.062257748,13.41640786,7.211102551,13.41640786,8.062257748,13.41640786,8.062257748,14.31782106,7.615773106,14.76482306,8.062257748,14.31782106,8.062257748,15.26433752,8.602325267,15.26433752,8.602325267,15.8113883,9.219544457,16.40121947,10.63014581,17.80449381,8.485281374,17.02938637,9.899494937,17.69180601,7.810249676,18.43908891,9.219544457,17.69180601,8.485281374,16.2788206,8.94427191,19.10497317,8.062257748,17.69180601,8.94427191,18.43908891,8.544003745,18.38477631,7.615773106,16.2788206,7.280109889,17.69180601,10.19803903,18.43908891,9.486832981,18.38477631,11.18033989
13.60147051,24.20743687,12.04159458,26.40075756,12.16552506,27.01851217,10,27.58622845,11.04536102,29.06888371,12.04159458,29.06888371,10.77032961,30.41381265,11.18033989,29.69848481,9.433981132,30.41381265,11.66190379,31.82766093,10.63014581,35.38361203,10.81665383,34.6554469,10.81665383,34.6554469,12.04159458,33.30165161,13.89244399,33.9705755,14.4222051,36.23534186,13.41640786,36.12478374,13.41640786,34.40930107,16.55294536,34.82814953,17.08800749,33.42154993,16.76305461,33.01514804,15.5241747,33.01514804,13.15294644,31.6227766,14,35.22782991,15,33.01514804,14.03566885,33.60059523
6.32455532,13,7.280109889,12.08304597,7.280109889,13,9.486832981,13.03840481,7.280109889,12.52996409,7.615773106,13.89244399,7.280109889,13.60147051,7.810249676,14.2126704,8.062257748,14.2126704,7.810249676,13.60147051,7.810249676,16.2788206,7.810249676,14.86606875,7.810249676,15.55634919,7.071067812,15.55634919,7.211102551,15.55634919,8.602325267,17.69180601,6.708203932,16.97056275,9.486832981,15.62049935,7.280109889,16.97056275,8.246211251,16.2788206,7.615773106,15.62049935,7.280109889,16.2788206,8.246211251,15.55634919,9.055385138,16.2788206,8.062257748,16.2788206,9.219544457,16.2788206
9.055385138,11.18033989,9.433981132,7.071067812,10.44030651,8.602325267,8.246211251,10.63014581,9.055385138,8.602325267,10.04987562,9.433981132,10.77032961,10.29563014,9,10.81665383,9.848857802,10.81665383,8.602325267,9.219544457,12.04159458,7.211102551,11.40175425,11.18033989,11.40175425,11.40175425,10.81665383,10.63014581,14.2126704,9.899494937,12.04159458,9.899494937,12.20655562,10.63014581,12.04159458,11.3137085,12.72792206,10.63014581,12.04159458,9.433981132,12.72792206,10,12.72792206,9.433981132,12.80624847,9.848857802,13.45362405,11.18033989,13.45362405,10.29563014,11.3137085,11.18033989
11.66190379,25.05992817,10,25.23885893,10,25.8069758,8.94427191,25.61249695,8.602325267,27.20294102,6.708203932,29.83286778,5.830951895,29.73213749,4.472135955,30.47950131,4.242640687,29.69848481,2.236067977,28.28427125,1,33.24154028,1,32.55764119,1.414213562,35.38361203,3.16227766,33.9411255,4.123105626,34.6554469,6.08276253,36.76955262,6.32455532,34.6554469,5.830951895,35.4682957,7.280109889,35.38361203,8.94427191,33.9705755,9.433981132,33.9705755,10,31.82766093,11.3137085,31.2409987,12.20655562,34.82814953,12.80624847,32.55764119,13.89244399,34.71310992
25.55386468,8.485281374,24.41311123,8.485281374,26.92582404,9.899494937,27.65863337,8.062257748,27.80287755,6.403124237,29.06888371,5,29.73213749,4.242640687,29.06888371,2.236067977,31.144823,3.16227766,30.41381265,1,33.9705755,1.414213562,32.55764119,2,33.24154028,4.123105626,33.9411255,4.123105626,34.6554469,5.099019514,36.06937759,5.385164807,35.35533906,6.32455532,34.6554469,6.32455532,36.06937759,8.94427191,33.9411255,9.433981132,33.9705755,10.81665383,32.52691193,10.81665383,29.06888371,12.04159458,33.30165161,12.72792206,33.9705755,13.60147051,33.9705755,14.2126704
5.099019514,9.219544457,5.385164807,9.486832981,5.830951895,10.04987562,6.708203932,9.486832981,6.08276253,9.219544457,6.08276253,9.486832981,5.385164807,11.18033989,5.385164807,10,5.385164807,10.81665383,5.830951895,10,6.403124237,12.04159458,6.403124237,12.04159458,6.403124237,13.45362405,7.071067812,12.04159458,5.656854249,12.04159458,6.403124237,14.2126704,4.472135955,13.45362405,6.708203932,12.80624847,6.32455532,13.45362405,6.32455532,12.80624847,6.08276253,12.80624847,5.099019514,12.04159458,7.071067812,12.04159458,8.062257748,12.80624847,7,12.80624847,9.055385138,12.20655562
13.03840481,5.830951895,13.60147051,5,15,5.830951895,14.14213562,3.605551275,14.2126704,4.472135955,14.86606875,4.472135955,15.55634919,4.123105626,14.86606875,2,16.2788206,4.123105626,16.2788206,1,17.69180601,2.236067977,16.97056275,2.236067977,17.69180601,3.16227766,18.38477631,3.16227766,16.2788206,3.605551275,19.10497317,4.123105626,17.69180601,5.099019514,17.02938637,4,17.69180601,5,16.2788206,5,17.02938637,5,16.40121947,6,15,5.099019514,18.60107524,6.403124237,18.43908891,6.32455532,17.20465053,6.403124237
38.89730068,17.08800749,50.59644256,23.85372088,35.34119409,14.4222051,33.60059523,38.94868419,51.623638,3.605551275,44.77722635,23.2594067,37.05401463,24.69817807,49.01020302,24.04163056,41.59326869,21.26029163,7.810249676,22.20360331,21.9317122,41.19465985,30.3644529,34.98571137,32.75667871,41.72529209,35,38.94868419,32.75667871,49.24428901,44.14748011,37.73592453,54.67174773,15.13274595,22.56102835,36.76955262,40.44749683,27.45906044,15.8113883,50.60632372,43.68065934,32.20248438,51.6139516,41.67733197,39.8246155,44.28317965,61.22091146,23.53720459,64.89992296,49.64876635,29.73213749,32.20248438
2,11.18033989,2,10.44030651,3.16227766,12.08304597,7,12.20655562,4.123105626,12.20655562,5,13.60147051,4,12.80624847,4.123105626,12.80624847,3,15.62049935,3.16227766,14.2126704,3.605551275,16.2788206,2.236067977,14.14213562,2.828427125,14.14213562,3.16227766,14.86606875,2.236067977,14.14213562,3,16.97056275,3.16227766,16.2788206,4,14.86606875,3.16227766,15.55634919,4.472135955,14.86606875,3.605551275,15.55634919,4.472135955,14.14213562,5.385164807,14.14213562,6.08276253,14.14213562,5.385164807,15.55634919,6.08276253,14.14213562
11.66190379,5,12.52996409,4.472135955,13.03840481,5,12.80624847,4.123105626,14.2126704,3.605551275,14.2126704,3.605551275,13.45362405,3.16227766,14.14213562,2.236067977,14.2126704,2,14.86606875,1.414213562,16.2788206,1.414213562,15.55634919,1.414213562,16.97056275,1,16.2788206,2,15.62049935,1.414213562,16.2788206,1.414213562,15.55634919,2.828427125,14.86606875,2.828427125,15.55634919,2.828427125,14.86606875,4.242640687,15.55634919,2.828427125,14.86606875,4.242640687,15,5,15.62049935,5.830951895,15.55634919,5.656854249,14.86606875,5.385164807
16.03121954,18.43908891,14.03566885,18.38477631,14.31782106,20.51828453,14.31782106,21.26029163,15.8113883,20.51828453,13.92838828,24.04163056,14.31782106,22.6715681,14.76482306,22.627417,14.2126704,24.04163056,15.62049935,24.04163056,17.69180601,25.45584412,17.02938637,25.45584412,17.20465053,24.75883681,18.60107524,25.49509757,16.40121947,26.2488095,19.20937271,27.01851217,19.72308292,26.2488095,18.02775638,25.8069758,19.72308292,27.80287755,18.78829423,26.40075756,18.78829423,26.07680962,19.31320792,24.69817807,16.15549442,25.55386468,18.97366596,27.78488798,16.76305461,27.45906044,16.76305461,27.29468813
6.08276253,14.31782106,8.062257748,13.92838828,7.071067812,13.41640786,8.062257748,13.89244399,8.246211251,14.4222051,7.071067812,16.64331698,6.32455532,16.40121947,7.615773106,16.2788206,6.708203932,17.02938637,6.708203932,16.2788206,8.062257748,19.10497317,7.071067812,18.43908891,5,17.69180601,5.656854249,18.38477631,4.472135955,18.38477631,5.830951895,20.51828453,5.830951895,19.10497317,7.280109889,18.43908891,6.32455532,18.38477631,7,18.43908891,7,19.10497317,7,17.02938637,7.071067812,17.69180601,10.04987562,17.69180601,9,18.43908891,10,17.02938637
9.219544457,9.055385138,8.485281374,9.055385138,10.63014581,9.055385138,10.81665383,8.062257748,10.63014581,9.219544457,11.40175425,9.848857802,11.40175425,9.848857802,11.40175425,10.29563014,12.04159458,10.81665383,12.04159458,8.602325267,12.72792206,11.3137085,12.72792206,10.63014581,13.45362405,11.3137085,13.45362405,11.3137085,12.04159458,12.04159458,14.2126704,12.80624847,12.20655562,12.80624847,12.52996409,12.80624847,12.80624847,12.04159458,12.20655562,13.03840481,11.66190379,12.20655562,11.66190379,12.20655562,11.70469991,11.40175425,14.76482306,11.66190379,13.41640786,12.52996409,13.92838828,10.77032961
8.062257748,10.63014581,6.08276253,10,7,9.899494937,6,10.63014581,6.08276253,10.63014581,6.32455532,11.40175425,6.32455532,12.04159458,6.708203932,12.72792206,5.830951895,12.04159458,5.830951895,12.80624847,7.071067812,14.14213562,6.403124237,14.14213562,7.071067812,13.45362405,7.810249676,12.80624847,7.810249676,12.72792206,8.602325267,14.2126704,8.602325267,13.45362405,6.708203932,13.60147051,7.615773106,14.4222051,8.544003745,12.20655562,8.246211251,12.52996409,8.544003745,12.20655562,7.615773106,12.08304597,7.280109889,13.89244399,8.246211251,13.03840481,8.062257748,13.03840481
13.03840481,21.21320344,15,24.75883681,14.03566885,24.8394847,12,29,14.31782106,24.08318916,12.64911064,28.28427125,12.08304597,29,10.81665383,30.41381265,13.03840481,29,12.72792206,28.28427125,17.69180601,31.11269837,16.40121947,30.41381265,15,31.144823,16.40121947,30.47950131,16.1245155,29.83286778,19.41648784,32.01562119,17.88854382,30.61045573,17,30.23243292,19.31320792,31.40063694,19.6977156,30.23243292,18.38477631,29.68164416,17.08800749,28.8444102,15.8113883,29.68164416,17.4642492,31.76476035,16.03121954,29.68164416,16.03121954,31.6227766
35.22782991,15.26433752,39.96248241,12.16552506,40.79215611,6.708203932,35.0142828,25.49509757,26.01922366,12,33.61547263,2,36.34556369,9.848857802,29.01723626,20.39607805,48.05205511,30.08321791,46.69047012,13.45362405,45.45327271,11.04536102,34.4818793,18.02775638,28.8444102,5.830951895,41.62931659,29.41088234,48.84669897,26.17250466,41.18252056,38.07886553,36.61966685,26.01922366,42.72001873,4.123105626,45.96737974,15.8113883,31.78049716,32.06243908,42.19004622,23.70653918,48.54894438,13,43.65775991,24.18677324,52.0096145,26.2488095,47.20169488,17.11724277,30.47950131,15.03329638
11.18033989,6,11.70469991,7.071067812,13,6.08276253,12.52996409,7.615773106,13.03840481,7.071067812,13.60147051,7.280109889,15,6.708203932,14.86606875,6.403124237,14.86606875,7.810249676,14.14213562,5.656854249,16.2788206,7.071067812,16.2788206,5.656854249,16.97056275,5.830951895,17.69180601,6.32455532,17.69180601,5.385164807,17.69180601,5.385164807,17.69180601,5.099019514,17.02938637,7,16.97056275,7.071067812,16.97056275,7,16.97056275,7.071067812,16.97056275,7,16.2788206,8.062257748,16.2788206,10.04987562,17.02938637,8,15.55634919,10
19.92485885,13.89244399,21.1896201,15.65247584,22.84731932,15.8113883,20.59126028,17.49285568,21.09502311,17.20465053,23.02172887,17.49285568,24.41311123,17.20465053,23.43074903,16.40121947,24.08318916,17.69180601,24.75883681,15.62049935,27.58622845,18.38477631,26.17250466,17.80449381,28.42534081,19.20937271,29,18.60107524,28.31960452,15.26433752,29.69848481,17.49285568,30.47950131,17,29,17,30.47950131,18.02775638,29.06888371,17.08800749,28.31960452,17.08800749,27.65863337,16.2788206,24.8394847,17.72004515,27.01851217,20.88061302,25,21.1896201,25.61249695,21.1896201
8.062257748,11.40175425,8.94427191,11.18033989,9.433981132,11.70469991,10.29563014,10.81665383,8.94427191,12.52996409,9.219544457,12.20655562,8.602325267,13.03840481,8.602325267,12.80624847,9.219544457,13.45362405,9.219544457,13.45362405,9.899494937,14.14213562,8.485281374,14.86606875,9.219544457,14.86606875,8.602325267,14.14213562,8.602325267,14.86606875,9.433981132,16.2788206,9.433981132,15.62049935,8.544003745,14.86606875,9.848857802,14.86606875,9.486832981,14.2126704,9.486832981,14.86606875,8.246211251,14.86606875,10.19803903,12.80624847,11.40175425,13.45362405,10.19803903,14.2126704,11.40175425,13.60147051
8,9.433981132,8.062257748,8.602325267,8.246211251,11.18033989,8.602325267,10,9.219544457,9.219544457,9.433981132,8.485281374,10.63014581,10.81665383,8.602325267,11.40175425,9.433981132,8.602325267,8.485281374,9.433981132,11.40175425,9.433981132,11.40175425,9.899494937,10.63014581,9.433981132,10.63014581,10.29563014,9.899494937,10.81665383,13.60147051,11.18033989,11.40175425,10.29563014,11.40175425,10.77032961,10.63014581,10.77032961,11.18033989,9.486832981,10.81665383,10.77032961,10.29563014,10.77032961,8.602325267,10.44030651,9.848857802,12.36931688,9.848857802,11.70469991,8.94427191,11.70469991
11.40175425,8,11.40175425,8,12.04159458,8,13.45362405,7.071067812,12.80624847,8.246211251,13.45362405,7.615773106,12.72792206,8.062257748,14.14213562,8.062257748,13.45362405,7.810249676,13.45362405,7.211102551,15.55634919,9.219544457,13.45362405,9.899494937,14.14213562,9.219544457,13.60147051,9.433981132,14.4222051,9.433981132,15.62049935,10.81665383,14.4222051,10.81665383,14.76482306,8.602325267,13.60147051,9.433981132,13.03840481,9.848857802,13.89244399,9.433981132,13.41640786,8.94427191,14.31782106,7.615773106,15.65247584,8.246211251,14.76482306,9.486832981,15.26433752,9.219544457
18.02775638,28.31960452,14.76482306,32.52691193,17.4642492,32.55764119,12.36931688,36.06937759,12.36931688,33.9411255,15.03329638,39.59797975,13.60147051,38.28837944,13.89244399,37.53664876,16.1245155,38.20994635,13.60147051,38.20994635,14.14213562,41.01219331,16.40121947,39.69886648,16.64331698,39.59797975,17.49285568,42.63801121,18.35755975,36.40054945,21.09502311,43.60045871,23.2594067,40,18.02775638,41.0487515,21.9317122,42.80186912,16.55294536,39.40812099,18.97366596,41.0487515,18.97366596,38.58756276,17.02938637,37.44329045,16.03121954,42.48529157,19.10497317,40.81666326,15.29705854,42.94182111
12.04159458,22.47220505,13.03840481,24.18677324,12.04159458,27.78488798,12.64911064,26.40075756,12.36931688,25.8069758,10.44030651,29.20616373,9.848857802,29.73213749,8.602325267,30.47950131,8.485281374,30.41381265,7.810249676,30.41381265,8.062257748,34.6554469,7.615773106,31.82766093,8.062257748,32.55764119,8,33.24154028,8.062257748,31.82766093,10,33.24154028,11.18033989,33.9411255,11.04536102,32.64965543,10.04987562,33.9411255,12.36931688,31.144823,12.64911064,29.73213749,13.60147051,29,16.2788206,27.58622845,17.02938637,30.41381265,18.11077028,28.28427125,18.11077028,28.31960452
6.08276253,10.19803903,7.280109889,9.219544457,8.062257748,10.77032961,8.94427191,9.848857802,7.615773106,11.18033989,7.211102551,10.81665383,6.32455532,11.40175425,5.830951895,12.20655562,6.403124237,12.80624847,6.403124237,11.40175425,7.810249676,13.45362405,7.810249676,13.45362405,7.071067812,12.72792206,7.211102551,12.72792206,5.656854249,12.72792206,6.708203932,14.14213562,5.385164807,14.14213562,7.280109889,12.04159458,6.32455532,14.86606875,6.32455532,12.72792206,5.385164807,12.72792206,6.32455532,12.72792206,7.280109889,11.3137085,9.219544457,12.72792206,8.246211251,12.04159458,9.219544457,12.04159458
16.1245155,17.20465053,16.4924225,19.20937271,18.02775638,19.79898987,17,20.61552813,17.4642492,19.84943324,18.86796226,21.26029163,19.20937271,21.26029163,20.61552813,20.51828453,20.61552813,20.51828453,21.9317122,22.02271555,23.34523506,21.40093456,21.40093456,21.40093456,22.20360331,22.47220505,24.20743687,23.32380758,21.9317122,22.36067977,23.60084744,23.70653918,23.60084744,21.9317122,22.8035085,22.84731932,21.63330765,23.32380758,21.9544984,23.76972865,20.80865205,22.13594362,20.59126028,22.13594362,20.1246118,24.04163056,18.02775638,27.85677655,18.97366596,27.51363298,19.31320792,25.63201124
21.1896201,11.04536102,21.54065923,14.31782106,24.69817807,13.34166406,23.32380758,13.60147051,25.55386468,11.70469991,25.8069758,12.08304597,25.8069758,11.18033989,27.01851217,10.29563014,27.65863337,10,30.61045573,9.219544457,31.89043744,9.219544457,31.144823,8.602325267,30.41381265,8.602325267,31.144823,8.544003745,31.82766093,9.848857802,35.4682957,10.44030651,33.9411255,8.062257748,32.01562119,9.486832981,32.52691193,8.062257748,30.47950131,10.04987562,32.64965543,12.04159458,31.11269837,12.04159458,27.58622845,15.03329638,31.144823,16.03121954,29,16,30.41381265,18.02775638
21.47091055,10.77032961,23.32380758,9.848857802,25.23885893,11.66190379,24.20743687,9.486832981,24.8394847,5.385164807,27.65863337,6.403124237,28.60069929,4.472135955,27.65863337,3.605551275,30.41381265,3.16227766,28.31960452,3,32.55764119,2.236067977,31.82766093,2.236067977,31.82766093,1,32.64965543,4.472135955,31.144823,5,35.4682957,6,33.30165161,6.08276253,32.80243893,6.32455532,32.01562119,8.062257748,31.89043744,9.486832981,32.01562119,8.94427191,32.01562119,9.433981132,31.6227766,10.63014581,32.44996148,11.3137085,30.61045573,13.03840481,32.80243893,13.60147051
25.61249695,10,23.02172887,14.14213562,31.25699922,10.04987562,18.02775638,19.84943324,27.31300057,12.04159458,20.1246118,13.45362405,21.58703314,24.69817807,34.20526275,22.82542442,20.24845673,13.92838828,6.708203932,11.40175425,10.63014581,39.56008089,19.31320792,23.85372088,25.49509757,17.80449381,27.78488798,26.40075756,15.29705854,23.34523506,20,20.61552813,28.01785145,22.20360331,26.41968963,22.47220505,37.64306045,26.17250466,12.80624847,19.10497317,20.59126028,15.55634919,30,18.60107524,25.61249695,17.80449381,43.93176527,24.59674775,26.17250466,18.24828759,21.40093456,30.87069808
48.66210024,40,53.75872022,43.26661531,58.82176468,44.29446918,54.56189146,55.47071299,52.83937925,46.06517123,49.73932046,57.62811814,62.43396512,43.8634244,60.53924347,40.85339643,64.81512169,62.00806399,78.0320447,49.51767361,62.93647591,46.86149806,64.20280368,42.20189569,73.10950691,51.86520992,67.26812024,45.45327271,74.27651042,52.15361924,80.9197133,56.08029957,70.09279564,51.42956348,72.9177619,53.66563146,72.24956747,50.80354318,67.80117993,53.14132102,71.06335202,51.54609588,68.11754546,53.22593353,63.89053138,54.5710546,73.23933369,64.25729531,59.07622195,63.89053138,60.6052803,68.35202996
22.47220505,12.04159458,22.36067977,14,25.94224354,13.03840481,24.41311123,13.15294644,25.55386468,11,26.40075756,11.18033989,28.01785145,9.055385138,28.60069929,6.32455532,29.20616373,10.29563014,29.73213749,7.615773106,34.05877273,6.403124237,31.144823,5.830951895,31.82766093,7.071067812,32.64965543,7.071067812,31.82766093,6.32455532,36.12478374,8.246211251,34.6554469,7,33.42154993,8.062257748,33.30165161,9.055385138,33.9411255,8.062257748,31.2409987,9.219544457,31.89043744,10.19803903,30.41381265,12.36931688,33.30165161,15.13274595,31.144823,14.14213562,33.9705755,16.1245155
32.20248438,90.80198236,35.22782991,93.62157871,26.62705391,104.2161216,13.92838828,101.0198,25,96.56603958,23.02172887,102.8834292,27.89265136,97.09788875,22.36067977,95.25754563,18.02775638,99.36297097,28.23118843,81.34494453,31.01612484,111.0720487,33.95585369,92.61749295,23.60084744,106.7941946,29.15475947,107.2986486,20.80865205,94.49338601,40.31128874,122.6743657,25.45584412,117.686023,24.08318916,112.0044642,34.40930107,118.1397478,23.43074903,105.8914539,28.60069929,103.2327467,34.20526275,109.808925,5,87.66413178,10.19803903,124.2014493,29.61418579,115.974135,19.10497317,111.3956911
11.3137085,23.43074903,10,23.60084744,10.29563014,24.75883681,8.602325267,26.2488095,7.615773106,26.87005769,7.280109889,28.28427125,7,29,7,27.65863337,6.32455532,29,7.211102551,29.73213749,8.062257748,32.55764119,7.211102551,30.47950131,7.211102551,30.41381265,7.810249676,31.144823,6.708203932,31.2409987,8.544003745,32.64965543,9.486832981,34.20526275,9.486832981,33.60059523,8.246211251,32.80243893,10.19803903,30,10.19803903,32.44996148,11.04536102,31.6227766,11,30.23243292,10.19803903,34.66987165,11.70469991,33.83784863,11.18033989,34.13209633
16.2788206,18.60107524,16.03121954,19.20937271,16.2788206,22.6715681,15.65247584,21.63330765,17.88854382,19.20937271,18.38477631,20,17.20465053,17.49285568,20.61552813,23.43074903,27.31300057,15.26433752,31.78049716,16.64331698,19.20937271,24.08318916,17.69180601,21.26029163,19.10497317,20.61552813,18.43908891,21.40093456,20.51828453,21.09502311,21.26029163,23.02172887,21.40093456,20.80865205,21.21320344,21.9544984,22.02271555,23.32380758,23.02172887,21.09502311,21.40093456,22.36067977,21.9544984,19.23538406,19.41648784,22.36067977,18.86796226,26.57066051,17,26.57066051,19.6977156,26
6.32455532,10.81665383,5.385164807,10.29563014,5.385164807,12.20655562,5.099019514,11.66190379,4.123105626,12.20655562,3.16227766,12.04159458,3.605551275,12.04159458,3,12.80624847,3,12.80624847,2,12.80624847,2,15.55634919,1.414213562,14.14213562,1.414213562,14.14213562,1.414213562,14.2126704,1.414213562,14.86606875,1,16.2788206,1,15.62049935,2,15.62049935,2.236067977,15.62049935,2.828427125,14.2126704,2.236067977,15,2.828427125,14.86606875,3.605551275,15,4.472135955,15.62049935,3.605551275,15.62049935,4.472135955,15
18,21.40093456,16.03121954,24.20743687,17.4642492,22.8035085,16.76305461,24.20743687,16.76305461,24.20743687,17.4642492,26.2488095,17,23.43074903,17.49285568,24.8394847,17.49285568,24.08318916,20.61552813,26.90724809,21.26029163,26.90724809,20.51828453,24.75883681,21.26029163,26.90724809,22.6715681,26.2488095,20.80865205,27.20294102,21.40093456,29.83286778,22.8035085,27.80287755,22.02271555,28.60069929,22.8035085,29.15475947,23.32380758,28.8444102,24.18677324,26.83281573,20.59126028,27.29468813,21.02379604,28.17800561,20.59126028,31.76476035,21.54065923,30.41381265,19.6977156,30.41381265
12.52996409,27.45906044,11.70469991,27.20294102,9.433981132,29.41088234,9.486832981,30.47950131,8.544003745,29.83286778,5.830951895,30.47950131,6.32455532,31.89043744,4.123105626,30.47950131,3.16227766,32.52691193,2.236067977,32.55764119,1.414213562,36.06937759,3.16227766,33.24154028,3.605551275,34.71310992,4.242640687,36.06937759,3.605551275,35.38361203,4.472135955,36.79673899,6.403124237,36.76955262,7.071067812,38.28837944,7.071067812,38.89730068,8.602325267,35.38361203,9.899494937,37.01351105,10.63014581,36.87817783,12.20655562,34.20526275,10.81665383,37.64306045,12.52996409,35.4682957,13.41640786,36.23534186
10.81665383,5.656854249,11.40175425,5,12.04159458,5.656854249,12.04159458,4.242640687,12.04159458,3.605551275,12.04159458,3.605551275,12.80624847,3.16227766,12.80624847,2.236067977,12.04159458,1,12.72792206,2.236067977,14.86606875,1.414213562,14.14213562,1.414213562,14.14213562,2.236067977,14.14213562,2,14.2126704,3,16.2788206,3,15,3,14.2126704,3.16227766,15.62049935,3.16227766,14.86606875,5.385164807,15,5.099019514,13.60147051,5.099019514,15,5.830951895,15.62049935,6.403124237,15,5,15.8113883,6.403124237
25.23885893,11.66190379,25.23885893,11.66190379,26.62705391,10.29563014,27.65863337,9.433981132,27.65863337,7.211102551,27.58622845,7.615773106,29,5.830951895,27.58622845,4.472135955,27.58622845,4,29.69848481,4.123105626,33.9411255,2,31.82766093,2,31.89043744,2.236067977,31.82766093,2.828427125,31.11269837,2.828427125,34.6554469,4.472135955,33.9411255,5.656854249,33.30165161,5,34.6554469,7.211102551,32.55764119,8.485281374,33.9705755,7.810249676,33.24154028,9.219544457,31.144823,10,33.9705755,12.04159458,32.55764119,12.80624847,33.24154028,12.52996409
19,21.26029163,18.02775638,22.8035085,18.24828759,23.43074903,15.8113883,23.02172887,16.4924225,24.75883681,16.15549442,26.90724809,16.40121947,24.08318916,15.8113883,26.2488095,15,25.8069758,16.64331698,25.49509757,17.80449381,28.31960452,18.60107524,28.28427125,18.02775638,29.73213749,20.24845673,27.65863337,18.60107524,28.28427125,20.59126028,31.144823,19.23538406,28.60069929,17.20465053,29.20616373,22.36067977,30.61045573,21.02379604,28.01785145,20.61552813,29.41088234,20.24845673,28.8444102,17.72004515,27.78488798,20.61552813,30.01666204,19.41648784,29.68164416,20.39607805,29.15475947
20.59126028,22.8035085,22.47220505,21.84032967,21.09502311,23.08679276,23.32380758,21.02379604,22.20360331,21.47091055,21.09502311,22.82542442,22.47220505,22.20360331,21.40093456,23.43074903,22.02271555,21.9317122,20.61552813,22.627417,25.49509757,25.45584412,24.20743687,24.8394847,24.75883681,23.60084744,23.34523506,26.2488095,23.43074903,25.8069758,25,26.40075756,24.41311123,27.45906044,24.69817807,26.40075756,24.69817807,27.45906044,24.18677324,27.29468813,24.16609195,28.3019434,25.94224354,26.41968963,24.16609195,24.18677324,28.63564213,25.05992817,27.51363298,25.07987241,27.51363298,24.16609195
19.23538406,21.58703314,19.41648784,21.21320344,21.47091055,22.47220505,21.9544984,21.9317122,17.80449381,20.24845673,23.32380758,23.32380758,21.63330765,21.63330765,23.85372088,22.8035085,22.8035085,23.34523506,23.34523506,24.08318916,24.04163056,24.8394847,24.04163056,25.61249695,23.34523506,26.40075756,24.08318916,25.49509757,23.60084744,25.8069758,24.41311123,28.01785145,24.41311123,27.45906044,25.8069758,27.20294102,26.41968963,27.45906044,24.59674775,26.92582404,25.49509757,26.07680962,25.07987241,25.55386468,25.63201124,24.18677324,28.23118843,26.41968963,26.92582404,23.2594067,28.23118843,26.40075756
12.80624847,25.8069758,12.04159458,26.40075756,10.81665383,27.20294102,7.810249676,28.28427125,7.211102551,29.06888371,7.615773106,30.41381265,6.08276253,30.41381265,6,30.41381265,3.16227766,31.11269837,3,30.47950131,1.414213562,33.24154028,4.123105626,34.05877273,4,33.9705755,3.16227766,34.6554469,6.08276253,33.9411255,8,36.06937759,8.246211251,36.76955262,7.280109889,34.71310992,8.544003745,36.76955262,11.18033989,34.71310992,12.64911064,35.4682957,11.70469991,33.30165161,12.08304597,32.64965543,12.80624847,35.4682957,12.04159458,33.42154993,14.14213562,34.20526275
13.41640786,26.40075756,12.20655562,26.90724809,12.08304597,29.41088234,10.81665383,25.49509757,8.544003745,29.06888371,10.19803903,30.41381265,8,29,4.123105626,30.41381265,6.08276253,31.144823,5.830951895,29.73213749,4.472135955,35.38361203,5,34.05877273,6.32455532,35.38361203,6.403124237,35.35533906,7.280109889,33.9705755,8.062257748,36.79673899,8.062257748,36.79673899,8,35.4682957,10.04987562,36.12478374,12.04159458,35.4682957,11.04536102,34.82814953,12.16552506,34.82814953,10.77032961,33.42154993,13,37.01351105,10.81665383,34.05877273,15.65247584,35.60898763
21.21320344,19.02629759,22.02271555,18.11077028,24.75883681,18.24828759,24.08318916,16.2788206,23.43074903,16.15549442,25,16.76305461,26.40075756,16.1245155,25.49509757,16.64331698,24.8394847,17.20465053,24.41311123,17.20465053,28.42534081,18.43908891,28.42534081,18.43908891,27.65863337,18.60107524,28.31960452,18.43908891,29.06888371,20,29,22.20360331,29.06888371,21.63330765,28.01785145,20.24845673,28.42534081,21.47091055,28.60069929,21.9317122,30,22.36067977,28.60069929,22.47220505,28.65309756,20.61552813,30.41381265,21.84032967,30.01666204,19.6468827,30.88689042,21.84032967
9.848857802,6.403124237,10.29563014,6.403124237,10.29563014,6.403124237,12.20655562,5.385164807,11.40175425,6.403124237,12.20655562,6.403124237,8.485281374,5.656854249,12.04159458,5.656854249,9.486832981,5.385164807,12.72792206,16.1245155,13.45362405,5.099019514,13.45362405,2.236067977,14.14213562,2.828427125,14.86606875,0,14.2126704,3.16227766,16.2788206,3.16227766,14.86606875,2,14.14213562,1,16.2788206,3.16227766,16.2788206,3.605551275,15.55634919,3.16227766,13.45362405,5.656854249,14.14213562,3.16227766,16.2788206,4,16.2788206,4,14.86606875,4.123105626
11.18033989,26,12.16552506,26.83281573,10.19803903,26.83281573,11,25.23885893,10.04987562,26.62705391,9,28.60069929,9,28.31960452,7.071067812,27.65863337,7.280109889,28.31960452,5.830951895,29.69848481,7.615773106,31.82766093,7.810249676,29.73213749,7.071067812,30.61045573,5.830951895,32.55764119,7.615773106,33.42154993,8.246211251,34.05877273,8.246211251,34.82814953,10.04987562,33.24154028,9.055385138,34.71310992,10.44030651,33.42154993,12.16552506,32.01562119,12.64911064,32.01562119,13.03840481,30.47950131,15.13274595,34.20526275,15.03329638,31.40063694,17.2626765,30.61045573
7.810249676,12.16552506,8.062257748,11.40175425,9.433981132,10.19803903,9.433981132,10.77032961,9.848857802,10.77032961,9.433981132,11.18033989,9.433981132,11.66190379,9.433981132,10.81665383,9.433981132,10.81665383,10.63014581,10.81665383,10.63014581,12.72792206,10.63014581,12.80624847,10.63014581,12.04159458,11.3137085,11.40175425,11.3137085,12.04159458,11.40175425,13.60147051,10.81665383,13.60147051,10.81665383,13.03840481,11.66190379,13.60147051,11.18033989,13.41640786,10.29563014,13.03840481,10.29563014,13.41640786,11.18033989,13.03840481,13,12.52996409,13,13,13,13
13.41640786,23.85372088,13.89244399,23.60084744,11.66190379,25.8069758,11.18033989,26.17250466,11.70469991,26.17250466,11.18033989,25.45584412,9.055385138,29,9.219544457,26.90724809,7.071067812,28.31960452,7.280109889,29.73213749,5.830951895,31.89043744,7.810249676,31.2409987,5.830951895,31.144823,7.280109889,31.2409987,7.280109889,30.41381265,8.246211251,33.9705755,9.055385138,33.9411255,8,32.52691193,9.055385138,34.6554469,12.04159458,32.52691193,12,33.24154028,10.04987562,30.41381265,10.44030651,30.47950131,13.41640786,34.05877273,13.41640786,32.55764119,13.89244399,32.55764119
7.211102551,9,7.810249676,7.071067812,8.602325267,9.055385138,8.602325267,7.280109889,9.433981132,8.246211251,9.219544457,8.544003745,10,8.544003745,8.602325267,7.615773106,9.433981132,8.602325267,9.433981132,7.211102551,10.63014581,8.485281374,10.81665383,8.485281374,10.63014581,8.602325267,9.899494937,8.602325267,10.63014581,10,12.04159458,9.433981132,10.81665383,10.81665383,11.66190379,10.29563014,11.40175425,10.29563014,11.18033989,9.486832981,10.29563014,10.29563014,10.81665383,9.848857802,11.18033989,9.486832981,12.08304597,9.486832981,11.66190379,9.486832981,12.52996409,10.19803903
6.708203932,10.04987562,7.280109889,10.19803903,6.708203932,10.19803903,8.062257748,9.486832981,8.062257748,9.486832981,6.708203932,9.848857802,7.615773106,11.18033989,7.211102551,8.602325267,7.211102551,10,8.485281374,10,7.810249676,11.3137085,7.810249676,10,8.485281374,10.63014581,7.810249676,10.63014581,7.810249676,11.40175425,10,12.20655562,8.602325267,12.20655562,9.433981132,11.40175425,8.94427191,12.20655562,9.433981132,11.18033989,8.062257748,12.20655562,8.062257748,11.18033989,9.219544457,11.66190379,10.44030651,11.18033989,10.44030651,12.08304597,10.44030651,11.18033989
8.062257748,4.472135955,9.219544457,7.071067812,10.81665383,3.605551275,9.899494937,3.16227766,11.3137085,6.403124237,10.81665383,6.708203932,11.3137085,4,9.433981132,2.236067977,11.40175425,2.236067977,10.63014581,1.414213562,12.80624847,1,10,1.414213562,11.40175425,2,12.72792206,3.16227766,12.80624847,1.414213562,14.14213562,1,12.72792206,2.236067977,10.81665383,3,14.2126704,4.123105626,12.04159458,3,12.80624847,4,12.80624847,4.123105626,11.40175425,3.16227766,13.45362405,4.472135955,12.80624847,3.16227766,13.03840481,5
10.44030651,6.08276253,10.77032961,6.08276253,11.18033989,6,10.81665383,6.32455532,10.81665383,6.08276253,10.81665383,6.32455532,12.20655562,5.385164807,10.63014581,6.32455532,11.3137085,5,12.04159458,6.403124237,14.14213562,5.656854249,12.80624847,5.656854249,15,6.403124237,12.72792206,5.830951895,13.45362405,5.830951895,14.2126704,5.385164807,14.2126704,6.32455532,12.72792206,6.32455532,14.86606875,6.32455532,13.60147051,7.071067812,14.2126704,6,13.60147051,7,12.04159458,7,13.60147051,10.04987562,13.60147051,9,13.60147051,10
26.41968963,10.81665383,28.3019434,11.18033989,29.15475947,11.66190379,29.06888371,9.433981132,30.47950131,8.062257748,31.89043744,7.615773106,31.144823,6.708203932,30.41381265,5.099019514,31.82766093,3.16227766,33.9411255,3,37.48332963,1.414213562,35.4682957,2.236067977,35.4682957,2,35.38361203,2,36.06937759,2.828427125,38.89730068,4.242640687,37.53664876,7.071067812,36.06937759,7.071067812,37.53664876,7.810249676,36.12478374,9.433981132,35.38361203,9.219544457,34.6554469,9.899494937,34.71310992,12.04159458,37.48332963,15,35.35533906,15.26433752,36.06937759,14.76482306
8,8.485281374,8,8.602325267,8.062257748,9.433981132,7.280109889,10.29563014,8.544003745,9.433981132,7.615773106,9.219544457,8.544003745,9.219544457,7.615773106,10.63014581,7.810249676,10,6.403124237,10,9.219544457,10.63014581,7.810249676,10.63014581,8.602325267,11.3137085,9.433981132,11.3137085,8.602325267,9.899494937,9.433981132,11.3137085,9.433981132,12.04159458,8.94427191,11.40175425,9.848857802,11.40175425,9.486832981,10.81665383,9.848857802,9.433981132,10.44030651,11.18033989,8.544003745,10.29563014,10.04987562,12.08304597,9.219544457,11.66190379,8.062257748,11.66190379
21.09502311,18.43908891,20.22374842,20.61552813,23.19482701,22.20360331,18.68154169,21.9544984,21.1896201,22.20360331,21.9317122,24.20743687,23.32380758,22.47220505,22.8035085,24.20743687,21.63330765,24.08318916,23.43074903,25.49509757,24.8394847,27.01851217,24.08318916,24.75883681,24.41311123,27.65863337,22.6715681,27.65863337,25.23885893,25.49509757,26.92582404,28.31960452,25.05992817,26.2488095,26.07680962,28.01785145,27.78488798,29.68164416,28.17800561,25.05992817,25.07987241,28.17800561,25.49509757,25.49509757,22.13594362,27.73084925,25.29822128,30.46309242,22.8035085,31.30495168,22.8035085,30.87069808
12.36931688,22.20360331,14.56021978,21.37755833,13.92838828,21.37755833,16.76305461,20.61552813,14.31782106,21.54065923,14.86606875,23.70653918,14.86606875,24.69817807,15.65247584,23.02172887,14.76482306,23.43074903,15.8113883,23.43074903,15.26433752,24.75883681,15.26433752,25.49509757,15.55634919,27.65863337,15.62049935,27.58622845,14.86606875,27.01851217,15,29.73213749,14.4222051,28.42534081,15.65247584,28.28427125,15.65247584,31.89043744,15.23154621,29.83286778,15.8113883,29.83286778,15.5241747,29.83286778,17.4642492,26.2488095,20.39607805,29.20616373,21.37755833,28.60069929,20.61552813,27.80287755
10.44030651,4.242640687,11.70469991,3.605551275,11.66190379,5,11.40175425,4.472135955,11.40175425,4.242640687,12.20655562,3.605551275,12.52996409,3.605551275,12.20655562,3.16227766,12.80624847,2.236067977,12.80624847,2.236067977,14.86606875,1,14.14213562,0,13.45362405,1,14.86606875,0,13.45362405,1,15.55634919,1,14.14213562,2.236067977,14.86606875,2.236067977,15.55634919,2.236067977,14.14213562,2.828427125,15.55634919,4.472135955,14.86606875,3.605551275,13.45362405,4.242640687,15,5.656854249,14.2126704,4.242640687,14.2126704,5
21.26029163,17,22.8035085,18.02775638,23.43074903,16.1245155,25.61249695,16.76305461,23.43074903,17.4642492,25.49509757,18.97366596,26.90724809,19.6977156,26.2488095,18.35755975,22.8035085,18.60107524,24.75883681,18.60107524,25.49509757,19.10497317,25.49509757,19.84943324,26.17250466,20.51828453,27.01851217,21.9317122,27.58622845,21.40093456,30,23.43074903,27.01851217,22.20360331,26.62705391,21.9317122,29.20616373,23.60084744,26.92582404,23.02172887,29.41088234,22.20360331,26.92582404,22.36067977,25.94224354,21.9544984,28.63564213,23.2594067,28.17800561,23.76972865,31.76476035,23.40939982
6.403124237,10,5.830951895,10.63014581,5,10.63014581,3.605551275,12.80624847,4.123105626,9.899494937,4.472135955,10.63014581,4,12.72792206,2,13.45362405,3,14.14213562,1,12.72792206,2.236067977,14.14213562,3.16227766,13.45362405,2.236067977,14.14213562,2.828427125,13.45362405,3.16227766,13.45362405,3.16227766,14.86606875,3.16227766,13.45362405,3,15,3,13.45362405,4,14.2126704,4,14.2126704,4,13.45362405,4.123105626,13.60147051,4.472135955,14.4222051,4.472135955,14.2126704,5.830951895,12.80624847
14.86606875,25.49509757,13.34166406,26.90724809,14.03566885,26.90724809,12.16552506,27.58622845,13.03840481,29,12.16552506,29.73213749,12.36931688,29.73213749,13.41640786,29.69848481,12.08304597,29.73213749,10,31.82766093,10.63014581,33.24154028,10,33.24154028,11.66190379,31.11269837,11.66190379,31.11269837,13,31.82766093,12.08304597,33.9705755,13,33.9705755,11.70469991,32.64965543,15.5241747,34.71310992,17.2626765,31.89043744,15.13274595,31.2409987,16.1245155,31.2409987,13,30.61045573,15.03329638,35.60898763,15.03329638,33.42154993,16.2788206,32.20248438
6.32455532,10.44030651,7.615773106,10.77032961,8.062257748,9.848857802,8.94427191,10.29563014,8.062257748,10.29563014,7.211102551,10.81665383,7.615773106,10.81665383,7.211102551,10.63014581,6.403124237,11.40175425,8.485281374,12.20655562,8.485281374,12.04159458,8.485281374,12.80624847,7.810249676,12.04159458,9.219544457,11.3137085,7.810249676,13.60147051,9.433981132,14.2126704,8.062257748,12.80624847,8.246211251,13.60147051,8.94427191,14.2126704,8.94427191,13.60147051,8.544003745,13.03840481,8.544003745,12.80624847,9.486832981,12.80624847,10.44030651,12.52996409,10.44030651,13.03840481,9.486832981,13.03840481
7.211102551,12.16552506,9.219544457,10.77032961,7.280109889,11.70469991,8.94427191,11.66190379,9.433981132,11.18033989,8.062257748,13.89244399,8.062257748,9.433981132,9.219544457,9.219544457,6.708203932,11.3137085,6.32455532,12.04159458,9.433981132,13.45362405,9.219544457,12.80624847,7.810249676,13.45362405,9.899494937,13.45362405,8.485281374,14.14213562,9.433981132,15.62049935,10,14.2126704,9.848857802,12.20655562,11.66190379,13.60147051,9.848857802,12.80624847,10.29563014,12.80624847,8.94427191,13.03840481,10.44030651,12.20655562,12.64911064,13.41640786,11.40175425,13.41640786,11.70469991,13.03840481
16.55294536,22.36067977,16.1245155,22.8035085,18.02775638,21.1896201,19.23538406,21.9317122,18.78829423,23.2594067,19.72308292,22.82542442,18.02775638,23.32380758,18.60107524,22.20360331,20,23.43074903,18.43908891,23.34523506,22.02271555,26.17250466,19.84943324,26.87005769,21.9317122,25.49509757,20.51828453,27.58622845,20.61552813,26.2488095,21.40093456,28.31960452,21.09502311,27.80287755,22.82542442,27.65863337,22.82542442,29.83286778,21.9544984,30.23243292,22.36067977,28.42534081,22.36067977,29.68164416,22.47220505,26.62705391,24.35159132,28.01785145,26,28.3019434,25.29822128,28.3019434
12,24.04163056,15.13274595,22.36067977,13.03840481,23.2594067,14.56021978,23.60084744,10.44030651,25.05992817,14.56021978,25.23885893,12.64911064,26.2488095,11.66190379,26.2488095,11.40175425,26.87005769,12.04159458,27.58622845,14.14213562,31.144823,12.04159458,28.31960452,12.20655562,28.31960452,12.80624847,29.06888371,13.89244399,29.83286778,14.31782106,32.55764119,13.60147051,32.01562119,15.8113883,30.41381265,14.86606875,33.30165161,15.03329638,32.01562119,15,31.89043744,15.03329638,30.61045573,16.03121954,28.31960452,20.09975124,29.83286778,20.09975124,29.06888371,19.10497317,28.60069929
10.44030651,21.37755833,11.70469991,22.13594362,12.08304597,22.13594362,13,19.6977156,11.70469991,20.59126028,14.31782106,21.47091055,12.64911064,21.9544984,12.08304597,23.02172887,12.52996409,23.43074903,13.89244399,23.60084744,14.2126704,26.2488095,14.2126704,25.45584412,14.86606875,26.87005769,14.86606875,25.49509757,14.14213562,27.58622845,16.40121947,29,14.4222051,29.06888371,14.76482306,28.31960452,15.26433752,31.144823,14.31782106,29.73213749,13.92838828,29.73213749,12.64911064,29.06888371,15.5241747,27.65863337,18.68154169,30.41381265,17.4642492,28.42534081,17.2626765,28.42534081
24.35159132,7.615773106,25.07987241,10.44030651,25.07987241,9.486832981,24.59674775,10.44030651,24.16609195,11.40175425,26.07680962,11.70469991,25,11.70469991,25,12.08304597,24.20743687,13.41640786,26.2488095,13.60147051,28.31960452,16.40121947,26.90724809,15,28.28427125,15,29,14.14213562,29,14.2126704,31.89043744,15.62049935,31.89043744,15.26433752,31.144823,15.26433752,32.55764119,15.8113883,31.89043744,15.23154621,31.89043744,16.15549442,32.01562119,15.8113883,31.2409987,15.29705854,33.42154993,17.4642492,31.40063694,18.68154169,31.2409987,17.2626765
5.385164807,33.9411255,6.08276253,31.82766093,6.32455532,32.52691193,5.385164807,29.69848481,4.472135955,27.58622845,7.071067812,30.47950131,4.472135955,29.06888371,6.403124237,27.80287755,4.472135955,27.80287755,6,24.41311123,6.08276253,28.3019434,5.830951895,28.3019434,6.708203932,30.8058436,6.403124237,31.6227766,6.403124237,29.41088234,4.472135955,31.40063694,7.071067812,33.83784863,9.055385138,32.80243893,9.486832981,32.44996148,10.04987562,34.13209633,9.055385138,35.22782991,11.18033989,33.60059523,10.19803903,32.01562119,15.8113883,35.4682957,13.60147051,36.23534186,14.31782106,36.87817783
5.099019514,20.61552813,7.211102551,19.31320792,5.385164807,17.4642492,5.830951895,17.2626765,6.403124237,21.09502311,7.615773106,18,6.403124237,24.0208243,3.605551275,22.20360331,5.830951895,23.34523506,3,23.40939982,1.414213562,29.73213749,4.123105626,25.63201124,2.236067977,29.41088234,1,30.6757233,2.236067977,28.46049894,2.236067977,32.31098884,2,33.54101966,2.828427125,36.76955262,4.123105626,35.77708764,7.280109889,34.88552709,5.385164807,40.31128874,6.08276253,35.77708764,6.403124237,37.12142239,5.656854249,39.39543121,5.656854249,37.12142239,9.486832981,39.35733731
26.90724809,20.1246118,26.17250466,12.64911064,24.08318916,16.15549442,25.45584412,9.055385138,22.20360331,7.810249676,21.9544984,7.211102551,20.80865205,2.236067977,21.47091055,1.414213562,21.54065923,3.16227766,22.8035085,1,23.08679276,2,21.21320344,2,20.39607805,6.32455532,23.34523506,5,24.04163056,6.08276253,24.73863375,6,28.16025568,7,31.01612484,6,31.76476035,7,33.12099032,8.246211251,32.64965543,8.544003745,30.41381265,10.77032961,31.90611227,8.544003745,36.05551275,10.77032961,32.80243893,12.20655562,34.40930107,12.08304597
26,11.40175425,23.40939982,11.40175425,25.70992026,10.63014581,23.34523506,11.70469991,23.08679276,11.70469991,23,10.77032961,23.34523506,8.062257748,23.53720459,8.544003745,22.84731932,8,22.84731932,6.08276253,27.73084925,7.071067812,27.78488798,7.280109889,29.15475947,5.830951895,29.68164416,5,32.75667871,3.16227766,34.13209633,3.16227766,34.82814953,4.123105626,36.05551275,5,38.01315562,5,36.12478374,6.32455532,37.64306045,7.211102551,35,7.810249676,35.4682957,9.848857802,38.28837944,11.66190379,36.12478374,11.18033989,36.12478374,12.52996409
13.89244399,22.56102835,17.02938637,18.68154169,14.4222051,25,13.03840481,23,15.62049935,21.09502311,12.20655562,19.92485885,8.246211251,23.40939982,8.94427191,23.76972865,7.615773106,27.31300057,4,26.07680962,7.071067812,30.23243292,5.830951895,28.8444102,5,30,4.123105626,30.23243292,7.071067812,32.75667871,5,36.05551275,6.708203932,33.60059523,9.848857802,38.01315562,9.219544457,38.60051813,11.18033989,37.80211634,13.03840481,37.80211634,13.60147051,37.64306045,14.2126704,37.20215048,16.64331698,37.44329045,16.1245155,34.82814953,20.61552813,35.60898763
28.63564213,4.123105626,27.89265136,6.32455532,27.89265136,7.071067812,25.70992026,4.472135955,24.04163056,6.403124237,26.57066051,5,26.57066051,6.403124237,22.47220505,10,27.31300057,10,24.16609195,11.18033989,26.83281573,15,26.07680962,16.1245155,28.3019434,14.4222051,27.45906044,18.60107524,30.52867504,16.40121947,32.44996148,16.97056275,30.61045573,16.97056275,34.20526275,17.69180601,33.30165161,18.38477631,34.05877273,15.55634919,36.06937759,14.86606875,36.76955262,15,34.6554469,15,38.20994635,15.8113883,35.38361203,17.20465053,38.20994635,15.26433752
8.94427191,6.32455532,7.615773106,6.32455532,7.810249676,6.32455532,5.385164807,7.280109889,5,5,4.242640687,6.08276253,2.828427125,5.099019514,3.16227766,6.32455532,2.236067977,5.099019514,1,6.08276253,1,5.099019514,1,8.544003745,1,8.544003745,1,8.544003745,1.414213562,8.544003745,1.414213562,9.486832981,1,10.77032961,1,10.81665383,1.414213562,11.40175425,2,11.40175425,2.236067977,10.81665383,2.828427125,10.81665383,2.236067977,12.20655562,2.236067977,12.52996409,3.16227766,11.18033989,3.16227766,13.41640786
5.656854249,5,8.485281374,5.385164807,7.071067812,2.828427125,7.211102551,3.16227766,5,4.242640687,4.472135955,3.605551275,4.242640687,4.123105626,5,2,2.828427125,3.605551275,3.605551275,5.385164807,2.828427125,6.08276253,3.16227766,5.385164807,4,5.830951895,4.472135955,8.246211251,5,8.544003745,3.605551275,7.615773106,3.605551275,8.544003745,3.605551275,7.280109889,4.242640687,9.486832981,5.385164807,9.219544457,5,9.219544457,4.242640687,9.219544457,3.605551275,10.04987562,5.099019514,11.40175425,6.32455532,10.77032961,4.472135955,10.04987562
6.32455532,7.211102551,5.830951895,6.403124237,5.099019514,6.403124237,5.099019514,6.403124237,4.472135955,5.830951895,7.280109889,5.830951895,7.280109889,5.099019514,3,6.08276253,4,5,5.385164807,6.08276253,4.123105626,8.544003745,4,6.08276253,2,8.246211251,1.414213562,8.94427191,1.414213562,10.44030651,2,9.486832981,0,11.40175425,1,9.486832981,1,11.70469991,1.414213562,10.77032961,3.605551275,10.77032961,2,11.18033989,3.16227766,12.64911064,3.605551275,12.64911064,2,12.64911064,4.242640687,11.40175425
7.810249676,7.280109889,7.810249676,7.615773106,7.615773106,6.708203932,5.830951895,8.544003745,6.08276253,6.32455532,5.385164807,6.32455532,6.08276253,5.830951895,6,7.211102551,5.385164807,6.403124237,5.830951895,6.708203932,6.708203932,9.219544457,5,7.810249676,5.830951895,8.246211251,6.403124237,8.246211251,6.403124237,8.544003745,7.071067812,9.848857802,9.219544457,10.19803903,7.810249676,9.219544457,9.219544457,9.219544457,8.062257748,9,8.485281374,11.04536102,8.602325267,10,7.071067812,11,8.062257748,13,7.211102551,11.04536102,7.615773106,12
3.605551275,10.19803903,4.472135955,10.19803903,5,12.16552506,6.708203932,9.486832981,5.830951895,11.04536102,6.708203932,10.04987562,5,10.19803903,7.810249676,10.44030651,7.071067812,9.848857802,8.602325267,10.77032961,9.899494937,11.66190379,9.219544457,10.29563014,9.219544457,10.81665383,10,11.66190379,9.433981132,12.20655562,11.40175425,15,10.29563014,14.2126704,12.08304597,13.03840481,10.81665383,14.2126704,9.848857802,12.72792206,10.77032961,15.62049935,9.848857802,14.86606875,9.486832981,15,12.36931688,14.86606875,11.70469991,14.86606875,12.36931688,16.40121947
8.062257748,7.280109889,6.708203932,4.472135955,8.062257748,5,9.219544457,3.16227766,6.32455532,7.071067812,6.32455532,4,5,2,5.656854249,2,3.605551275,1,4.472135955,1,5,1,4.472135955,0,5,1,4,1,5.099019514,1,6.32455532,0,6.08276253,1,7.280109889,0,7.280109889,1.414213562,6.32455532,3,8.544003745,2,7.615773106,3.16227766,9.486832981,2.236067977,8.246211251,3.16227766,10.19803903,2,11.18033989,2.236067977
7.071067812,22.56102835,8.544003745,20.22374842,11.18033989,23.53720459,10.04987562,22,9.055385138,24.0208243,10.19803903,21.21320344,10.19803903,16.2788206,12.52996409,22.13594362,9.848857802,20.88061302,10,21.54065923,8.602325267,26.83281573,12.80624847,23.76972865,11.3137085,27.29468813,9.848857802,29.41088234,11.04536102,29.68164416,8.94427191,31.30495168,10.44030651,34.13209633,10.44030651,32.44996148,11.40175425,36.61966685,11.70469991,33.83784863,12.04159458,36.40054945,13.15294644,34.13209633,14,33.01514804,15,39.40812099,16.2788206,36.05551275,17.02938637,34.40930107
8,6.32455532,9.219544457,5.385164807,10.04987562,4.123105626,8.246211251,4.242640687,7.071067812,3.605551275,7.211102551,3.605551275,7.071067812,3,6.32455532,2.236067977,7,2.236067977,8.062257748,2.828427125,8,3.605551275,8.062257748,4.123105626,7.071067812,5.830951895,7.280109889,6.708203932,7.280109889,6.403124237,8.544003745,7.211102551,9.486832981,6.708203932,8.94427191,7.280109889,10.81665383,6.708203932,11.40175425,7.810249676,10,8.062257748,10.81665383,6.403124237,11.40175425,6.32455532,12.80624847,7.071067812,11.40175425,6.08276253,13.45362405,6.32455532
21.09502311,21.9317122,18.35755975,20.61552813,23.32380758,20.61552813,21.09502311,19.41648784,20,17.2626765,20.61552813,19,21.26029163,18.02775638,20.61552813,19.41648784,22.6715681,16.76305461,22.02271555,17.4642492,23.34523506,20.1246118,24.20743687,18.35755975,25.8069758,20.24845673,25.55386468,22.8035085,26.41968963,21.63330765,28.65309756,23.43074903,27.29468813,22.8035085,27.29468813,23.34523506,29.06888371,24.75883681,27.31300057,24.04163056,28.23118843,25.49509757,28.46049894,24.8394847,28.86173938,22.8035085,31.6227766,24.8394847,31.6227766,23.85372088,32.01562119,21.9544984
6.708203932,4.123105626,6.08276253,3.605551275,6.08276253,3.605551275,7.071067812,5,5,4.472135955,6.08276253,4.472135955,7.071067812,5.385164807,7.280109889,3.16227766,7.280109889,5.830951895,8.544003745,4.123105626,9.486832981,3.16227766,8.062257748,2,7.615773106,2,8.062257748,2.828427125,10,3.16227766,11.66190379,3.16227766,11.66190379,3.16227766,11.66190379,2.236067977,11.66190379,3.16227766,10,2.828427125,10.81665383,4.242640687,10.81665383,2.828427125,11.66190379,4.242640687,11.18033989,4.242640687,11.66190379,3.605551275,13.03840481,4.123105626
3.16227766,7.615773106,5.099019514,7.615773106,5,5.385164807,4.123105626,5.385164807,5.099019514,5.830951895,4.123105626,4.123105626,4.472135955,4.472135955,5.099019514,3.605551275,5.830951895,3.605551275,6.708203932,3.16227766,6.403124237,3,5.830951895,2,6.708203932,1.414213562,7.615773106,1,6.708203932,1.414213562,8.544003745,0,8.94427191,1.414213562,8.94427191,1,8.94427191,1,9.848857802,1.414213562,9.848857802,2,9.848857802,2.236067977,10.77032961,2.236067977,11.70469991,3.605551275,11.40175425,2.236067977,10.44030651,2.828427125
22.13594362,16.2788206,23.40939982,15.29705854,24.59674775,14.31782106,21.9544984,14.31782106,25.05992817,12.36931688,25.05992817,12.64911064,24.69817807,10.77032961,24.41311123,10.44030651,23.32380758,10.63014581,26.62705391,10.63014581,28.60069929,11.40175425,26.40075756,12.80624847,25,11.66190379,27.20294102,11.66190379,27.80287755,11.18033989,30,13.92838828,30,12.08304597,28.8444102,13.92838828,29.20616373,14.56021978,31.2409987,14.56021978,30,14.14213562,29.73213749,15.13274595,28.60069929,17.11724277,31.40063694,20.39607805,31.144823,20.39607805,31.82766093,21.09502311
10.44030651,7.211102551,10.77032961,4.123105626,11.18033989,5.385164807,12.20655562,5.385164807,12.08304597,5.656854249,11.18033989,2.828427125,13.03840481,2.828427125,12.08304597,2.828427125,13.45362405,2.828427125,13.60147051,2.828427125,14.4222051,1,12.80624847,1,12.52996409,1,14.4222051,0,14.2126704,0,16.40121947,2,14.76482306,2,15.8113883,2,15.8113883,1.414213562,15.26433752,3.605551275,15,1.414213562,16.2788206,2.828427125,15.26433752,3.16227766,17.20465053,6.32455532,17.80449381,4.472135955,16.64331698,5.656854249
3,9.219544457,3.16227766,9.055385138,3.16227766,11.04536102,4.123105626,8.062257748,3,10.04987562,3,9.219544457,4.472135955,10.19803903,3,11.40175425,4,9.848857802,2.236067977,8.062257748,4.123105626,12.08304597,2.236067977,12.20655562,2.236067977,11.40175425,2,11.66190379,2,12.52996409,3.16227766,13.41640786,3.16227766,13.89244399,3.605551275,12.08304597,2.236067977,13.89244399,3.605551275,13.89244399,3.16227766,14.4222051,3.605551275,15,3.16227766,15.26433752,4,17.49285568,2.236067977,16.1245155,4,15.8113883
6.403124237,5,5.385164807,4.472135955,5,4.123105626,5.830951895,5.656854249,4.472135955,5.830951895,4,4.123105626,2.236067977,5.099019514,4.123105626,4,4.123105626,5.099019514,4,5.099019514,5.099019514,4.123105626,5.385164807,5.099019514,5.099019514,5.385164807,6.708203932,5.099019514,7.280109889,5.385164807,7.071067812,5.099019514,7.211102551,5.099019514,6.708203932,5.099019514,6.708203932,6.32455532,7.810249676,6.708203932,8.062257748,7.615773106,7.810249676,8.062257748,8.062257748,7.615773106,9.848857802,9.433981132,9.848857802,8.544003745,9.433981132,8.94427191
30.06659276,19.92485885,27.01851217,16.03121954,28.0713377,18.38477631,22,14.31782106,25,3.16227766,27.16615541,7.615773106,28.01785145,6.08276253,24.33105012,13.03840481,25.70992026,2.236067977,26.30589288,4.123105626,31.32091953,2.828427125,27.51363298,3.605551275,29.96664813,4.123105626,28.16025568,5.099019514,32.69556545,3.16227766,36.24913792,3.605551275,41.18252056,4.123105626,37.33630941,3.16227766,37.16180835,5.656854249,39.35733731,5.099019514,41.67733197,2.828427125,41.34005322,3.16227766,41.67733197,3.605551275,49.73932046,3.605551275,46.95742753,2.236067977,48.3011387,2.236067977
7.280109889,3.605551275,8.246211251,4.242640687,8.246211251,3.16227766,7.071067812,4,9.055385138,2,8.246211251,2,8.246211251,2.236067977,7.071067812,3.16227766,7.071067812,2,8.062257748,2,7.280109889,2.828427125,7.280109889,2.236067977,7.280109889,3.605551275,9.486832981,3.605551275,7.280109889,4.242640687,7.615773106,4.242640687,8.602325267,4.472135955,9.433981132,3.605551275,8.94427191,5.385164807,9.848857802,5.830951895,10.29563014,5,11.66190379,7.071067812,10.81665383,5.656854249,11.66190379,5.656854249,13.03840481,5,12.20655562,6.403124237
8.062257748,6.08276253,6.32455532,5.385164807,6,4.242640687,5,3.605551275,5,5.099019514,5.830951895,7.071067812,7.071067812,7,5,6,5.385164807,5,7.280109889,5.099019514,6.32455532,5.099019514,7.071067812,4.472135955,6.708203932,4.472135955,7.211102551,5.099019514,8.062257748,4.123105626,8.94427191,3.605551275,9.219544457,4.472135955,10,3.16227766,9.433981132,3.605551275,10,4.472135955,7.615773106,5.656854249,10,4.472135955,11.18033989,4.242640687,12.80624847,4.472135955,12.20655562,5.385164807,12.08304597,5.656854249
12.04159458,27.58622845,11.3137085,29.20616373,6.32455532,28.60069929,9,26.40075756,10,25.63201124,8.246211251,26.2488095,11.40175425,18.97366596,11.70469991,22.20360331,9.486832981,21.58703314,3.605551275,22.02271555,8.062257748,23.19482701,9.899494937,20.39607805,2.236067977,19.6468827,5.830951895,19.92485885,5.385164807,26.57066051,3.16227766,27.20294102,2.236067977,27.51363298,6,26.40075756,2.828427125,31.30495168,2,30.01666204,2,32.75667871,3.605551275,29.41088234,3,34.66987165,8.246211251,39.11521443,8.602325267,38.01315562,7.211102551,37.21558813
27.20294102,34.13209633,22.36067977,36.89173349,20,31.89043744,18.60107524,29.68164416,15.62049935,29.69848481,15,26.87005769,16.64331698,26.17250466,13.60147051,28.28427125,15.29705854,22.8035085,13.03840481,25.05992817,11.18033989,20.61552813,16.03121954,16.15549442,15.13274595,16.2788206,17.72004515,15.23154621,19.02629759,12.16552506,22.36067977,10.04987562,21.84032967,12.04159458,26.92582404,15.8113883,25.70992026,15.62049935,22.8035085,12.52996409,30.6757233,16.2788206,28.86173938,15,33.24154028,8.94427191,37.64306045,16,38.89730068,12.36931688,42.75511665,19.41648784
2.236067977,8.544003745,2.236067977,8.94427191,2.828427125,7.810249676,2.236067977,6.708203932,3.16227766,6.08276253,2,7.071067812,5,4.123105626,4.123105626,4.242640687,4.472135955,6.708203932,0,6.32455532,3.605551275,4.472135955,3,5,3,5,3.16227766,4.123105626,2,4,3.605551275,5.099019514,3.16227766,5.099019514,2.236067977,5.385164807,2,6.32455532,2,6.32455532,3.16227766,6.708203932,3.16227766,6.32455532,3,7.071067812,2.828427125,8.94427191,4.123105626,7.280109889,2.236067977,9.848857802
8.062257748,1.414213562,7.211102551,1,7.810249676,0,6.403124237,3.16227766,5.830951895,3.16227766,8.062257748,3.16227766,6.403124237,2.828427125,6.708203932,2.236067977,5.099019514,2.236067977,6,1,6.08276253,2.236067977,7.071067812,3,7,1.414213562,7.071067812,2.236067977,6.32455532,2.236067977,7.280109889,3.605551275,8.062257748,2.236067977,6.32455532,3.16227766,6.32455532,3,7.615773106,3.605551275,7.280109889,3.16227766,8.062257748,3.16227766,8.602325267,4.123105626,10.29563014,6.08276253,9.433981132,5.099019514,8.94427191,5.099019514
5.830951895,6.08276253,6.32455532,4.472135955,5.830951895,6.08276253,6.403124237,5,4.123105626,7.071067812,3.605551275,6.08276253,4.472135955,5.385164807,4.242640687,5.385164807,4.472135955,7.071067812,3.16227766,6.32455532,3,5,4.123105626,5,4.123105626,5,4.123105626,7.071067812,5.099019514,4.472135955,5,7,4.472135955,6,7.615773106,7.071067812,5.830951895,6.32455532,5.830951895,7.615773106,5,7.615773106,5.099019514,7.211102551,6.708203932,8.062257748,7.280109889,8.062257748,8.544003745,9.433981132,9.433981132,8.94427191
42.04759208,10.04987562,42.29657197,7,44.28317965,10.77032961,46.09772229,8.602325267,33.01514804,8.544003745,36.49657518,4.472135955,34.23448554,5.099019514,27.29468813,4.472135955,27.01851217,8.544003745,22.02271555,2.236067977,20.02498439,3.605551275,25.17935662,9.219544457,19.10497317,8.544003745,15.13274595,10.44030651,16.76305461,8.94427191,12.36931688,11.04536102,14.31782106,12.36931688,8.544003745,20.88061302,8.94427191,20.09975124,11.66190379,20.88061302,10.29563014,25.70992026,7.071067812,29.06888371,11.40175425,30.59411708,13,34.525353,6.708203932,41.48493703,10,40.60788101
29.06888371,26.30589288,29.20616373,29.41088234,27.20294102,29.15475947,19.6468827,24.08318916,22.36067977,20.39607805,19.79898987,25.17935662,9.899494937,19.02629759,21.9317122,18.11077028,14.86606875,13.15294644,13.60147051,14.31782106,11.18033989,5.830951895,11.04536102,13.03840481,19.6468827,6.08276253,23.19482701,8.246211251,13.92838828,8.602325267,17.02938637,10.44030651,12.36931688,4.472135955,25.07987241,12.36931688,21.9544984,16.1245155,24.75883681,8.246211251,21.26029163,13,23.32380758,14.03566885,21.47091055,15.03329638,32.01562119,21.02379604,33.28663395,21.58703314,31.89043744,26.07680962
24.08318916,18.38477631,23.60084744,20.61552813,30.47950131,12.36931688,19.41648784,11.40175425,23.43074903,12.20655562,18.43908891,15.23154621,15,7.211102551,25.05992817,4.472135955,21.47091055,5,14.56021978,2.236067977,22.13594362,6.403124237,14,4.123105626,12.04159458,6,24.08318916,8.246211251,20.02498439,8.246211251,24.73863375,10.04987562,25.29822128,14.14213562,26.92582404,10.04987562,33.10589071,10.04987562,30.88689042,10.44030651,32.57299495,13.15294644,38.01315562,11.70469991,40.16217126,13.03840481,45.88027899,14.03566885,42.72001873,17.02938637,47.16990566,19.10497317
35.35533906,10.44030651,36.24913792,8.602325267,33.10589071,8.246211251,28.63564213,3.605551275,31.40063694,5,29.52964612,2.828427125,25.23885893,6.708203932,22.47220505,1.414213562,16.2788206,4.242640687,19.23538406,5.830951895,20.59126028,8.246211251,19.6977156,6.403124237,17.4642492,9.433981132,13.92838828,9.219544457,18.11077028,12.08304597,17.72004515,13,15.8113883,14.31782106,14.86606875,15.23154621,13.15294644,21.02379604,8.94427191,20.61552813,17.72004515,21.58703314,12.64911064,23.40939982,13,26.57066051,15,26.2488095,14.03566885,30.59411708,17.02938637,32.75667871
6,4.123105626,5.099019514,6.08276253,4.123105626,4.472135955,6.32455532,5.099019514,6.708203932,4.123105626,4.472135955,4.123105626,6.708203932,1,6.08276253,6.708203932,12.36931688,3.605551275,18.11077028,2,8.246211251,5.830951895,5.099019514,7.211102551,5.385164807,8.485281374,6.08276253,7.810249676,8,6.32455532,9.055385138,7.615773106,5,5.830951895,8,8.062257748,7.280109889,4.472135955,8,7.615773106,9.848857802,6.32455532,9.219544457,3.605551275,8.94427191,7.211102551,11.18033989,5.830951895,10.81665383,5.830951895,11.18033989,6.708203932
21.9317122,15.23154621,19.79898987,17.88854382,15.8113883,19.20937271,17.69180601,20.24845673,16.1245155,21.9317122,17,18.43908891,15.29705854,19.84943324,15.29705854,21.21320344,14.03566885,21.9317122,12.16552506,24.04163056,15.29705854,26.17250466,13.03840481,28.31960452,13.92838828,25.8069758,15.23154621,27.80287755,17.49285568,25.23885893,14.76482306,31.06444913,15.62049935,29.54657341,16.2788206,29.15475947,16.2788206,31.06444913,17.69180601,27.73084925,17.80449381,32.31098884,17.20465053,33.10589071,15.55634919,33.54101966,15.8113883,39,18.60107524,37.33630941,18.35755975,40.49691346
6.32455532,3.16227766,6.708203932,1,6.708203932,2,6.708203932,3.605551275,6.08276253,5,8,3.605551275,6.08276253,2.236067977,6,2.828427125,6.32455532,4.242640687,6.08276253,2.236067977,7.280109889,3.16227766,7.211102551,3.605551275,7.211102551,2.828427125,10.29563014,4.123105626,9.433981132,2.236067977,10.81665383,2.236067977,10,2.236067977,10.29563014,1,10.81665383,2.236067977,9.433981132,1,10.63014581,2,10.29563014,1.414213562,10.29563014,1,11.66190379,1,12.20655562,1.414213562,14.31782106,2
5.099019514,4.472135955,5.099019514,4.472135955,6,4.472135955,6,5.099019514,6,4,7.071067812,4.472135955,5,3,6,5.099019514,5,4.123105626,4.123105626,4.242640687,6,6.403124237,4.123105626,5.830951895,5.099019514,7.211102551,4,7.810249676,6.32455532,6.403124237,5.830951895,7.211102551,6.708203932,7.211102551,5.385164807,8.602325267,6.32455532,8.94427191,6.403124237,9.219544457,7.810249676,9.848857802,7.615773106,7.810249676,7.211102551,8.94427191,8.602325267,11.18033989,8.602325267,10.77032961,8.602325267,11.18033989
9.219544457,1,7.810249676,1.414213562,7.615773106,1,7.211102551,2,7.615773106,1,8.062257748,2,7.615773106,1,6.708203932,1.414213562,7.211102551,3,6.708203932,2,6.708203932,2,8.062257748,2.236067977,8.062257748,2,8.062257748,3.16227766,7.615773106,2.236067977,9.433981132,0,9.433981132,3,9.433981132,3.605551275,9.848857802,1,9.486832981,1.414213562,10.81665383,3.16227766,10.29563014,2.236067977,11.40175425,2.236067977,12.52996409,1.414213562,13.03840481,2,14.31782106,2.236067977
7.810249676,33.24154028,6.403124237,36.22154055,10.81665383,35.22782991,10.77032961,33.13608305,7.615773106,24.0208243,10.77032961,28,8.602325267,25.01999201,11.40175425,24.18677324,4.242640687,20.39607805,8.485281374,20.88061302,8.485281374,20.22374842,5.385164807,16.4924225,5.656854249,16.76305461,5.830951895,18.78829423,7.071067812,21.47091055,7.071067812,15.26433752,4.242640687,19.20937271,4.123105626,19.20937271,6.08276253,19.20937271,4,19.72308292,3,21.9544984,5.099019514,21.9317122,3.16227766,24.35159132,3.605551275,26.47640459,2.236067977,27.89265136,6.08276253,30.14962686
8.544003745,9.055385138,8.246211251,6.32455532,9.219544457,6.08276253,11.04536102,6,7.071067812,5,7,7.071067812,8.544003745,5.385164807,7.280109889,5.385164807,6.08276253,4.123105626,6.403124237,5.385164807,7.615773106,4.123105626,5.830951895,6.708203932,6.708203932,6.08276253,7.211102551,5.385164807,6.403124237,5,6.403124237,4.242640687,5.830951895,5,6.32455532,3.605551275,7.615773106,3.605551275,7.615773106,5.099019514,8.062257748,3.605551275,8.062257748,2.236067977,10,2.236067977,11.04536102,1.414213562,11.18033989,3.605551275,11.18033989,1.414213562
4.472135955,9.055385138,4.123105626,9.055385138,4.242640687,7.071067812,3.605551275,8.246211251,3.605551275,8,3.605551275,6.08276253,2.828427125,6.32455532,3.16227766,6,3.16227766,4.472135955,4.123105626,4.472135955,4.123105626,6.08276253,5.099019514,4.123105626,5,3.605551275,6,5.830951895,6.08276253,4.242640687,7.071067812,4.242640687,6.32455532,4.242640687,7.071067812,3.16227766,7,4.472135955,7.071067812,5.385164807,8,4.472135955,8,4.123105626,11,3.605551275,12.04159458,3.16227766,11.04536102,5.385164807,12.04159458,4
1,12.16552506,1,12.16552506,1.414213562,13.15294644,2.236067977,12.04159458,2.236067977,11.04536102,3.605551275,10,3.16227766,9,4.123105626,8.062257748,4.472135955,8.062257748,3,8.246211251,4,7.280109889,3,7.071067812,4.472135955,6.32455532,5,7.280109889,3.16227766,5.099019514,5,6.403124237,6,6.708203932,7,4.242640687,8,5.385164807,7.071067812,3.605551275,7,5,8.062257748,3.605551275,8.246211251,4.472135955,11.04536102,3.605551275,11,5,12.04159458,2.828427125
9.486832981,10,8.544003745,11,8.94427191,9,9.848857802,10.04987562,7.810249676,8,8.602325267,8.062257748,9.219544457,7,7.810249676,7.071067812,8.602325267,4.123105626,5,6.32455532,9.219544457,6.08276253,7.810249676,6.08276253,8.94427191,7.071067812,8.544003745,5,7.615773106,5,9.433981132,5,10,5.385164807,10.77032961,4.242640687,10.77032961,4.472135955,9.848857802,5,10.77032961,3.16227766,11.40175425,3.605551275,12.36931688,2.236067977,13.34166406,2.236067977,13,2,13.92838828,2.236067977
32.01562119,8.062257748,34.525353,7.280109889,36.138622,11.70469991,32.75667871,10.29563014,31.04834939,10.77032961,32.28002478,15.29705854,27.20294102,14.86606875,25.63201124,14.31782106,27.51363298,16.76305461,22.36067977,17.2626765,26,17.72004515,22.36067977,21.84032967,23.2594067,19.41648784,21.9544984,19.23538406,21.40093456,22.02271555,22.6715681,23.19482701,24.08318916,24.18677324,21.9317122,26.07680962,22.02271555,26.47640459,21.09502311,25.01999201,23.02172887,26.47640459,22.36067977,25.17935662,25.49509757,26.17250466,29.15475947,27.45906044,27.20294102,28.63564213,27.85677655,25.49509757
5.830951895,11.18033989,6.32455532,10.19803903,8.485281374,10.44030651,7.211102551,10.29563014,7.810249676,9,7.810249676,9.486832981,7.810249676,6.708203932,7.071067812,7.615773106,8.485281374,7.615773106,6.403124237,6.708203932,8.485281374,8.94427191,8.602325267,6.403124237,8.94427191,6.708203932,8.94427191,5.830951895,8.94427191,5,9.433981132,5.656854249,9.848857802,5.656854249,10.44030651,6.403124237,8.94427191,6.403124237,9.486832981,5.830951895,10.77032961,5.830951895,11.40175425,5,10.19803903,5.385164807,10.19803903,7.615773106,12.08304597,8.246211251,10.77032961,8.94427191
29.15475947,6.708203932,30.46309242,6.708203932,29.15475947,6.32455532,32.69556545,7.280109889,29.06888371,10.04987562,30.41381265,11.18033989,27.29468813,9.055385138,29.41088234,8.94427191,27.65863337,10.44030651,26.40075756,12.36931688,27.58622845,13.92838828,26.90724809,13.60147051,27.20294102,13.92838828,26.62705391,15.5241747,26.92582404,15.29705854,30.01666204,15.5241747,29.52964612,16.15549442,31.38470965,16.76305461,30.87069808,16.76305461,29.15475947,15.8113883,32.28002478,14.31782106,30.3644529,13,32.984845,10.77032961,38.60051813,13.92838828,35.11409973,12.08304597,40.52159918,13.03840481
18.68154169,16.1245155,18.24828759,17,17.72004515,19.72308292,16.1245155,21.54065923,13,18.43908891,14.4222051,22.627417,12.20655562,21.26029163,12.04159458,24.75883681,9.899494937,20.24845673,9.219544457,22.47220505,10.19803903,23.70653918,11.18033989,22.47220505,10.77032961,24.16609195,12.16552506,25.63201124,10.04987562,24.69817807,13,27.45906044,12.04159458,23.53720459,10.19803903,27.65863337,12.16552506,28.86173938,11.04536102,29.27456234,10.19803903,27.29468813,10.19803903,28.44292531,7.280109889,30.2654919,8.062257748,36.49657518,4.472135955,36.67424164,7.211102551,39.05124838
19.6468827,16.55294536,19.92485885,17.88854382,18.86796226,18.68154169,17.20465053,20.1246118,15.62049935,18.35755975,15.62049935,17.20465053,14.76482306,15.62049935,15.8113883,12.04159458,20.88061302,13.89244399,20.22374842,15.26433752,24.18677324,16.4924225,22,10.77032961,23.02172887,13.15294644,24.08318916,16.1245155,24.18677324,14.03566885,27,18.02775638,27.07397274,19.10497317,27.29468813,21.58703314,29,22.36067977,30,20.61552813,31.01612484,23.76972865,31.06444913,19.92485885,33,20.88061302,37,23.08679276,34.05877273,20.39607805,35.35533906,19.41648784
2,7.280109889,3.16227766,13.34166406,7.071067812,8.94427191,2,8.602325267,6,6.403124237,6,9.219544457,2.236067977,9.219544457,5.099019514,11.40175425,0,9.433981132,2.236067977,9.486832981,1.414213562,13.03840481,2,11,1,10.04987562,4.123105626,11.04536102,3.16227766,11.18033989,1.414213562,13,2.236067977,13,1.414213562,12.36931688,3.605551275,13.15294644,2.828427125,13,3.605551275,13.34166406,2.236067977,12.04159458,2.236067977,14.03566885,3.605551275,16.1245155,1,13.34166406,2.236067977,15.13274595
0,10.44030651,1.414213562,11.40175425,1.414213562,11.66190379,3.16227766,9.486832981,3.605551275,10,3.16227766,8.485281374,4.242640687,9.219544457,4.242640687,8.94427191,4.472135955,8.94427191,4.472135955,8.94427191,4.472135955,10.44030651,5.830951895,9.219544457,4,9.055385138,4.123105626,10.19803903,5.099019514,11.04536102,7.071067812,12,5.385164807,11.04536102,7,12,6.08276253,13,7.071067812,12.04159458,6,14.14213562,5.099019514,12,8.062257748,13,8.062257748,13.15294644,7,14.31782106,8.246211251,14.31782106
8.062257748,9.055385138,8.062257748,8,8.602325267,8.062257748,7.211102551,9.055385138,7.615773106,7,8.062257748,7,8.246211251,9.055385138,8.246211251,6.32455532,9.055385138,6.08276253,7,5.099019514,10,6.08276253,10,4.123105626,10.04987562,5.099019514,12.16552506,1.414213562,11.18033989,1,12.36931688,2.236067977,13.15294644,2.236067977,13.15294644,2,13.34166406,1.414213562,11.40175425,2,13.15294644,2.236067977,11.40175425,2.236067977,13.15294644,4.472135955,13.60147051,3.16227766,14.14213562,2.236067977,14.31782106,5.099019514
5.099019514,12.36931688,6.08276253,13.15294644,7,12.36931688,6.08276253,12.36931688,7.280109889,9.486832981,9.486832981,11.70469991,8.544003745,9.848857802,9.486832981,10.29563014,9.848857802,8.602325267,9.486832981,10,10.77032961,9.899494937,10.77032961,7.810249676,11.70469991,7.810249676,11.66190379,7.211102551,11.66190379,7.615773106,13.41640786,8.544003745,13,7.615773106,12.52996409,9.486832981,13,9.055385138,10.81665383,10,11.18033989,9.219544457,9.848857802,9.219544457,11.18033989,11.18033989,12.20655562,12.04159458,12.20655562,11.04536102,9.219544457,11.40175425
12.80624847,23.70653918,12.08304597,26.41968963,14.31782106,26.07680962,12.64911064,29.15475947,13.03840481,27.80287755,12,28.60069929,13.03840481,27.65863337,14.14213562,27.58622845,14.86606875,26.17250466,13.92838828,26.17250466,17,27.65863337,15.26433752,28.60069929,16.1245155,26.07680962,18.35755975,28.65309756,17.49285568,27.29468813,21.47091055,29.96664813,18.86796226,28.63564213,18.35755975,30.08321791,21.63330765,30.08321791,19.10497317,27.51363298,18.60107524,30.6757233,19.10497317,28.7923601,14.86606875,30.6757233,17.02938637,33.83784863,15.26433752,31.01612484,14.4222051,33.24154028
25,12.52996409,24.20743687,11.66190379,27.01851217,11.40175425,26.40075756,11.18033989,26.90724809,11.04536102,26.87005769,12,26.87005769,12.16552506,28.31960452,11.40175425,27.58622845,11.40175425,26.90724809,13.92838828,29.83286778,16.15549442,29.20616373,13.60147051,27.80287755,14.2126704,27.45906044,13.60147051,28.3019434,13.60147051,29.68164416,16.40121947,29.15475947,15.62049935,28.65309756,15.8113883,30.01666204,16.2788206,29.52964612,14.86606875,29.96664813,15.55634919,29.06888371,14.2126704,29.54657341,13.45362405,32.20248438,13.60147051,31.76476035,11.66190379,33.54101966,13
28.8444102,9.433981132,31.06444913,9.433981132,31.6227766,10.63014581,32.75667871,7.211102551,30,5.656854249,32.80243893,6.32455532,33.60059523,5.099019514,31.144823,5.099019514,31.144823,4.472135955,31.11269837,8.544003745,33.30165161,6.403124237,32.64965543,5,30.47950131,5,32.20248438,5.656854249,31.90611227,6.403124237,31.40063694,7.211102551,30.8058436,7.211102551,31.76476035,5,31.90611227,8.94427191,29.68164416,8.062257748,31.76476035,5,29.15475947,8.246211251,30.41381265,6.32455532,30.88689042,5.656854249,30.23243292,9.219544457,30.88689042,8.602325267
11.04536102,9.433981132,10.19803903,10.29563014,9.055385138,12.52996409,7.071067812,12.08304597,8.062257748,11.18033989,9.219544457,9.899494937,7.280109889,11.40175425,7.280109889,10,4.472135955,9.899494937,6.708203932,9.899494937,5,12.72792206,5,9.899494937,3.605551275,10.63014581,6.403124237,10,3.605551275,10.29563014,5,11.66190379,4.472135955,9.219544457,5.385164807,7.615773106,5.385164807,9.433981132,5.385164807,8.602325267,6.08276253,8.062257748,5,7.615773106,7.280109889,6.708203932,8.062257748,7.810249676,9.055385138,7.211102551,9,7.071067812
5,14,6.403124237,12.36931688,5.385164807,12.16552506,7.211102551,12.04159458,6.403124237,10.04987562,8.602325267,10.04987562,8.485281374,10,8.485281374,7.280109889,10,5,7.071067812,7,10.29563014,5.099019514,9.219544457,4,9.848857802,8.062257748,12.80624847,14.03566885,9.055385138,1.414213562,10.29563014,1,10.44030651,5.099019514,11.18033989,1,10.19803903,2.236067977,10.44030651,3,11,3.16227766,9.486832981,2,9.219544457,3.16227766,10.04987562,6.32455532,9.486832981,5,9.848857802,5
13.89244399,4.123105626,13.03840481,3.605551275,10.81665383,4.242640687,12.20655562,4.242640687,9.219544457,5,12.80624847,5,10.29563014,5,9.848857802,3.605551275,10.29563014,4.242640687,11.40175425,5.385164807,13.03840481,3.16227766,10.04987562,3.16227766,12.04159458,4,14.03566885,5.099019514,12.04159458,5.099019514,14.03566885,5,14.31782106,6.08276253,13.15294644,6,14.31782106,5.099019514,13.60147051,6.32455532,13.34166406,7.280109889,14.86606875,6.32455532,13.60147051,5.830951895,13.92838828,3.605551275,13,4.472135955,13.92838828,4.123105626
19.72308292,21.1896201,22.02271555,20.24845673,19.20937271,21.1896201,17.80449381,20.88061302,18.38477631,18.43908891,19.31320792,17.4642492,19.6468827,18.02775638,19.41648784,13.41640786,22.20360331,13,23.02172887,12.80624847,24.08318916,13.45362405,27.01851217,9.899494937,27.01851217,7.615773106,28.0713377,8.246211251,29.27456234,8.062257748,31.144823,9.219544457,33.54101966,7,31.25699922,10,33.37663854,10.19803903,32.55764119,11.40175425,30.59411708,11.18033989,32.57299495,10.29563014,31.6227766,9.848857802,33.95585369,11.40175425,31.6227766,7.071067812,33.52610923,7.071067812
29.83286778,14.86606875,27.89265136,19.10497317,24.04163056,19.10497317,23.08679276,19.10497317,22.36067977,20.51828453,18.97366596,19.79898987,18.78829423,20.80865205,15.26433752,20.80865205,13.41640786,22.82542442,13.89244399,24.18677324,11.66190379,27.73084925,11.40175425,24.16609195,7.810249676,26,10.29563014,25.96150997,8.94427191,27.20294102,9.219544457,30.3644529,7.280109889,29.83286778,8,32.28002478,8.246211251,31.32091953,7.615773106,30.08321791,8.94427191,28.63564213,5.656854249,28.86173938,3.605551275,27.20294102,6.08276253,31.32091953,4.472135955,28.46049894,5.099019514,30.08321791
29.15475947,21.9317122,34.17601498,18.38477631,32.31098884,23.02172887,34.0147027,15.65247584,29.96664813,17.4642492,29.52964612,15.8113883,30.23243292,18.02775638,27.65863337,17,27.65863337,17,26.2488095,20.09975124,30.47950131,21.37755833,28.60069929,18.97366596,28.01785145,17.4642492,26.41968963,20.39607805,27.73084925,19.31320792,27.31300057,22.13594362,27.31300057,21.1896201,28.46049894,19.31320792,27.29468813,22.47220505,26.57066051,22.82542442,28.16025568,20.24845673,28.16025568,18.43908891,28.7923601,16.2788206,31.95309062,17.80449381,28.7923601,14.31782106,31.6227766,14.31782106
19.72308292,21.47091055,23.32380758,21.63330765,23.02172887,20.61552813,24.18677324,17.72004515,22.20360331,17.4642492,25.8069758,18.24828759,24.08318916,19,23.43074903,17.2626765,25.45584412,18.02775638,23.34523506,19.41648784,26.40075756,20.61552813,27.65863337,19.6977156,26.41968963,19.41648784,26.41968963,21.09502311,25.55386468,19.72308292,28.63564213,22.47220505,27.29468813,21.40093456,26.40075756,22.20360331,26.40075756,26.87005769,24.35159132,24.08318916,24.69817807,24.75883681,24.69817807,21.40093456,26.40075756,17.20465053,27.31300057,18.35755975,27.31300057,19.92485885,26,18.97366596
24.0208243,20.61552813,25.17935662,22.8035085,24.08318916,24.69817807,24.51530134,22.47220505,18.24828759,25.49509757,18.68154169,24.18677324,19.92485885,25.55386468,14.76482306,26.62705391,16.1245155,26.62705391,14.86606875,25,14.86606875,30.61045573,13.60147051,29.06888371,17.49285568,27.65863337,15.26433752,29.41088234,16.55294536,30.8058436,14.56021978,32.80243893,14.31782106,31.40063694,16.1245155,30,15.13274595,29.20616373,15.03329638,28.31960452,16.03121954,27.65863337,16,26.17250466,18,25.45584412,21.02379604,25.61249695,22.09072203,24.69817807,20,23.02172887
34.13209633,18.43908891,33.06055051,19.92485885,30.59411708,22.47220505,31.01612484,21.9317122,26,21.9544984,24.08318916,21.9317122,20.22374842,22.47220505,17.2626765,26.07680962,18.38477631,23.70653918,12.08304597,25.49509757,14.31782106,28.8444102,13.03840481,24.20743687,14.76482306,29.41088234,13.41640786,24.18677324,15.29705854,28.01785145,15.5241747,27.78488798,13.03840481,29.41088234,14.03566885,28.01785145,17.11724277,28.60069929,18.43908891,26.2488095,18.24828759,27.65863337,19.31320792,23.34523506,19.6977156,21.63330765,20.61552813,24.8394847,19.92485885,21.9317122,22.8035085,21.9317122
2.828427125,9.486832981,1,8.94427191,2.236067977,8.94427191,0,8.544003745,2,8.544003745,1.414213562,8.062257748,1.414213562,9.055385138,2.236067977,8.062257748,2.236067977,8.062257748,2,6.08276253,2.828427125,9.848857802,3.16227766,7.615773106,2.828427125,7.615773106,2.236067977,9.848857802,3.605551275,9.848857802,4,11.40175425,3.16227766,10,4,9.433981132,3.16227766,12.20655562,4.123105626,9.219544457,2.236067977,11.40175425,3.16227766,10.63014581,3.16227766,10.63014581,4,11.3137085,3,12.20655562,3.16227766,10.81665383
8.062257748,2.828427125,8.062257748,1,10,3.16227766,9,3.605551275,9,3.605551275,9,1.414213562,10,3.16227766,8.062257748,4.472135955,11.04536102,3.605551275,9.055385138,3.605551275,11.18033989,5.830951895,10.19803903,6.403124237,9.848857802,5.656854249,12.08304597,7.071067812,11.18033989,5,12.08304597,4.242640687,12.08304597,5,11.66190379,6.403124237,13.89244399,5,12.80624847,7.810249676,14.4222051,5.656854249,13.45362405,4.242640687,12.20655562,5.656854249,15.55634919,6.32455532,12.72792206,5,12.80624847,5.830951895
7.071067812,3.605551275,8.544003745,10.77032961,10.81665383,5.656854249,6.708203932,7.071067812,8.062257748,5,7.280109889,5.830951895,8.062257748,6.32455532,6.32455532,6.08276253,8.246211251,6,6.08276253,6.08276253,8.062257748,7.071067812,8.062257748,7.280109889,10.04987562,6.08276253,9.486832981,7.071067812,9.219544457,7.071067812,10.19803903,8.544003745,8.94427191,8.544003745,8.246211251,9.486832981,9.486832981,8.246211251,10,10.19803903,9.433981132,7.615773106,13.03840481,7.615773106,9.433981132,7.280109889,9.219544457,8.062257748,10,8.544003745,9.219544457,8.246211251
11.40175425,5,12.08304597,2.236067977,12.08304597,4.472135955,10.77032961,2,8.602325267,3.16227766,10,4,9.899494937,2.236067977,10,2,9.219544457,3.16227766,8.544003745,1,11.70469991,2.236067977,8.246211251,1.414213562,10.19803903,1.414213562,11.04536102,2.236067977,10,3.16227766,12,3.16227766,11.04536102,2,11.04536102,4,11.04536102,3.16227766,10.19803903,2.828427125,11.18033989,2.828427125,11.70469991,5,12.04159458,4,12.36931688,3,10.44030651,2.236067977,12.64911064,3
6.403124237,8.602325267,5.830951895,7.211102551,5.385164807,8.062257748,4,7.615773106,4.123105626,7.211102551,5,6.403124237,6.08276253,5.830951895,6,5.656854249,8.246211251,5.656854249,9.486832981,3.605551275,9.486832981,4.472135955,8.544003745,4.123105626,8.94427191,4.472135955,10.44030651,3,9.848857802,4.123105626,10.44030651,5.099019514,12.08304597,4.123105626,11.70469991,5,12.08304597,4.472135955,11.18033989,4.472135955,11.18033989,5.385164807,11.70469991,5.830951895,10.44030651,5.656854249,12.64911064,5.099019514,13.34166406,5.099019514,11.70469991,6.08276253
10.63014581,3.16227766,11.3137085,5.385164807,10.63014581,4.123105626,8.485281374,6.32455532,9.899494937,5,8.062257748,6.708203932,9.433981132,7.211102551,7.615773106,8.602325267,8.544003745,7.810249676,7.280109889,8.602325267,8,10.81665383,8,9.848857802,8.062257748,10.29563014,8.246211251,10.29563014,8.062257748,9.848857802,8.544003745,10.77032961,8.94427191,11.18033989,8.602325267,11.18033989,9.219544457,11.18033989,8.485281374,11.18033989,9.899494937,11.70469991,9.219544457,11.18033989,8.485281374,11.70469991,8.062257748,13.60147051,8.94427191,12.64911064,8.062257748,12.64911064
64.07027392,36.76955262,65.00769185,37.21558813,64.03124237,38.63935817,64.19501538,39.3192065,55.14526272,43.01162634,56.0357029,47,55.32630477,44.10215414,46.57252409,47.85394446,47.12748667,43.93176527,39.2173431,42.72001873,40.31128874,51.54609588,37.12142239,48.08326112,35.35533906,53.14132102,31.2409987,53.14132102,28.31960452,53.85164807,33.9705755,58.6003413,29.68164416,56.46237685,36.7151195,55.15432893,30.08321791,57.80138407,36.12478374,54.3783045,34,52.15361924,32.14031736,48.25971405,36,39.40812099,44.04543109,43.93176527,39.3192065,37.80211634,48.01041554,41.18252056
7.071067812,14.86606875,9.219544457,13.92838828,8.246211251,13.89244399,9.219544457,12.36931688,9.486832981,12.08304597,9.486832981,10.77032961,11.70469991,10.29563014,11.70469991,8.94427191,11.70469991,8.062257748,11.66190379,6.403124237,14.76482306,6.708203932,14.4222051,7.810249676,15.23154621,4.472135955,16.15549442,5,15.23154621,3.16227766,17,3.605551275,14.76482306,3.16227766,15.23154621,2.236067977,15.65247584,2,15.65247584,3.16227766,17.49285568,2.236067977,14.76482306,3.16227766,14.31782106,3,14.4222051,4.472135955,15.26433752,4.472135955,14.4222051,5
10.29563014,2.236067977,10.81665383,1,10.29563014,4.123105626,10.77032961,5.656854249,12.64911064,3,9.486832981,2.236067977,9.486832981,6.403124237,10.19803903,3.16227766,11,7.211102551,11.04536102,5.656854249,11,6.403124237,10.19803903,5.656854249,11.18033989,5,9.055385138,6.708203932,12.36931688,8.062257748,12.64911064,8.062257748,13,6.403124237,12.64911064,11.40175425,12.08304597,8.062257748,12.20655562,6.403124237,10.81665383,4.472135955,11.40175425,6.32455532,10.81665383,8.544003745,12.04159458,7.280109889,12.20655562,8,11.40175425,8.94427191
5.099019514,12.16552506,5.099019514,10.77032961,7,12.36931688,6,11.40175425,6.08276253,10.04987562,6.08276253,11,6,12,5.099019514,11,6.32455532,13.15294644,5,11.40175425,5.385164807,14.56021978,5,13,7.071067812,14.31782106,6.08276253,17.08800749,5.830951895,15.26433752,7.071067812,15.65247584,8.544003745,17,5.385164807,15.65247584,5.830951895,15.8113883,5.385164807,16.64331698,8.062257748,15.8113883,7.071067812,14.4222051,7.810249676,14.4222051,7.810249676,17,9.219544457,17.20465053,7.211102551,17.02938637
3.16227766,12.36931688,5.099019514,13,3.16227766,13.60147051,4.123105626,11.70469991,4.123105626,12.36931688,5,12.08304597,5,13.60147051,7.071067812,12.64911064,7.071067812,13,7.071067812,12.64911064,6.403124237,14.76482306,8.485281374,13.41640786,7.211102551,14.31782106,7.071067812,14.76482306,7.211102551,14.76482306,8.485281374,17,7.071067812,15.26433752,8.602325267,15.26433752,8.485281374,17.20465053,7.810249676,16.40121947,5.656854249,17.20465053,6.403124237,16.2788206,6.403124237,18.60107524,8.602325267,17.02938637,6.403124237,16.2788206,6.403124237,17.02938637
6.32455532,13.89244399,7.615773106,14.4222051,9.433981132,13.89244399,7.211102551,14.76482306,6.708203932,12.52996409,6.708203932,14.4222051,7.280109889,13.60147051,6.708203932,13.41640786,5,14.4222051,4.472135955,13.60147051,5.099019514,16.40121947,5.099019514,15.55634919,5.385164807,16.2788206,5,16.2788206,5.656854249,16.2788206,5.385164807,18.43908891,7.211102551,17.69180601,5,17.02938637,5,16.2788206,6.403124237,19.10497317,7.071067812,15.62049935,7.071067812,15.55634919,6.708203932,14.14213562,7.211102551,17.69180601,7.615773106,17.20465053,7.280109889,16.64331698
6.708203932,14.2126704,6.708203932,13.03840481,5.830951895,12.52996409,5.385164807,11.66190379,5.385164807,10.29563014,4.123105626,10.63014581,5.099019514,11.40175425,5.830951895,10,4.123105626,11.40175425,2,10.81665383,2.236067977,12.72792206,2,11.40175425,1,12.20655562,3,12.72792206,3.16227766,11.3137085,2.236067977,13.60147051,3.16227766,14.2126704,1.414213562,12.80624847,1.414213562,12.20655562,2.828427125,14.76482306,3.16227766,13.03840481,5,12.52996409,3.16227766,11.66190379,3,13.41640786,4,13,4,13
30.61045573,7.810249676,31.144823,12.80624847,31.40063694,8.602325267,28.31960452,9.219544457,27.58622845,9.219544457,21.9317122,8.062257748,23.43074903,4.472135955,16.40121947,10,18.43908891,6.403124237,13.60147051,11.40175425,14.76482306,14.14213562,15.62049935,17.02938637,17.02938637,18.38477631,16.97056275,20.51828453,20,23.43074903,21.40093456,22.627417,19.84943324,25.8069758,22.02271555,24.20743687,22.627417,27.01851217,27.80287755,23.85372088,26.2488095,23.60084744,29.15475947,19.84943324,24.69817807,19.20937271,25.05992817,19.84943324,26.2488095,18.38477631,26,20.61552813
32.69556545,11.18033989,30.46309242,15,31.32091953,18.11077028,26.47640459,14.31782106,21.37755833,18.35755975,20.22374842,12.52996409,22.02271555,15.8113883,17.72004515,10.63014581,18.43908891,11.66190379,17.02938637,12.20655562,13.45362405,10.29563014,18.60107524,7.615773106,17.02938637,10.04987562,20.24845673,12.64911064,26.62705391,11.18033989,20.24845673,15.23154621,19.41648784,17.20465053,22.20360331,13.45362405,24.8394847,19.6977156,19.41648784,13.60147051,21.9317122,18.38477631,20.51828453,19.92485885,19.84943324,23.76972865,23.43074903,29.42787794,17.02938637,29.42787794,20.51828453,32.14031736
7.810249676,33.54101966,6.708203932,35.77708764,7.810249676,34.43835072,7.810249676,32.31098884,5.099019514,32.75667871,4.123105626,30.01666204,2,29.52964612,5,29.52964612,5.656854249,26.07680962,5,22.82542442,9.219544457,26.07680962,11.40175425,21.63330765,10.81665383,22.47220505,12.72792206,20.24845673,13.03840481,21.9544984,10.63014581,21.63330765,11.3137085,19.20937271,13.45362405,19.10497317,13.45362405,19.10497317,10,21.21320344,12.04159458,21.40093456,13.60147051,22.02271555,10.63014581,21.40093456,13.03840481,25.23885893,11.3137085,24.69817807,9.899494937,28.3019434
3.605551275,13.60147051,4,13.60147051,5.385164807,11.66190379,5.099019514,13.41640786,5.385164807,11.18033989,4.472135955,10.29563014,5,11.66190379,4.242640687,10.29563014,3.605551275,10.29563014,3.605551275,8.94427191,4.242640687,9.433981132,4.242640687,9.848857802,4.242640687,8.94427191,2.828427125,9.486832981,3.16227766,7.615773106,3.16227766,9.848857802,4.123105626,9.219544457,3.16227766,8.94427191,4.123105626,8.544003745,3.16227766,8.544003745,4.123105626,8.94427191,4.123105626,8.94427191,4.123105626,7.211102551,5.099019514,9.433981132,5.099019514,8.94427191,5.099019514,9.433981132
34.92849839,3,37.12142239,6.08276253,37.57658846,4.123105626,36.40054945,5.385164807,31.32091953,4.123105626,34.4818793,6.403124237,32.57299495,7.810249676,29.83286778,8.602325267,26.92582404,8.602325267,25.49509757,7.810249676,28.63564213,8.544003745,25.49509757,9.848857802,24.51530134,10.77032961,22.20360331,10.04987562,21.09502311,10.19803903,22.02271555,13.03840481,22.02271555,12.36931688,20.02498439,14.31782106,22.02271555,15.29705854,20.02498439,15.03329638,19,17.11724277,19.10497317,17.11724277,18.43908891,18,18.97366596,21.09502311,18.43908891,21.21320344,17.08800749,22.09072203
16.1245155,32.75667871,20.59126028,30.59411708,18.86796226,30.8058436,18.86796226,33.24154028,19.41648784,27.07397274,21.40093456,28.01785145,21.21320344,24.08318916,22.6715681,23.02172887,22.6715681,20.02498439,24.69817807,17.2626765,27.73084925,19.23538406,24.69817807,17.4642492,24.69817807,16.4924225,27.20294102,16.15549442,27.20294102,16.55294536,27.89265136,16.1245155,29.42787794,15.65247584,31.40063694,12.52996409,30.14962686,14.31782106,32.06243908,12.52996409,33.54101966,10.81665383,34.13209633,10.44030651,35.12833614,8.544003745,40.19950248,8,39.81205847,8,41.43669871,7
6.08276253,25.49509757,8.062257748,27.73084925,8.062257748,26.83281573,7.071067812,28.17800561,9.055385138,26.41968963,10.19803903,26.41968963,12.36931688,25.55386468,13.34166406,26.07680962,14.56021978,23.02172887,16.4924225,22.02271555,18.11077028,24.20743687,16.2788206,22.6715681,17.4642492,22.627417,18,23.34523506,19.02629759,18.43908891,21.37755833,20.61552813,21.09502311,21.40093456,22.02271555,20.80865205,23.19482701,21.63330765,20.22374842,22.20360331,21.21320344,22.47220505,21.37755833,23.32380758,20.09975124,24.16609195,23.08679276,29.96664813,21.37755833,27.73084925,22.56102835,28.63564213
27.45906044,12.20655562,28.16025568,7.810249676,25.49509757,8.246211251,27.20294102,10.19803903,25,11.70469991,25.63201124,13.15294644,23.76972865,14.03566885,22.36067977,16.1245155,21.02379604,17,21.09502311,20,19.23538406,21.02379604,19.41648784,22,17.80449381,21.02379604,16.40121947,23.02172887,14.2126704,25.07987241,16.2788206,25.07987241,13.60147051,25.07987241,16.55294536,27.01851217,16.64331698,28,16.15549442,28.0713377,18.38477631,28,18.02775638,28,20.61552813,27.07397274,24.51530134,31.01612484,25,29.06888371,24.73863375,29.27456234
17.2626765,1,17.2626765,1,18.24828759,2.236067977,19.10497317,2.828427125,16.4924225,2.236067977,15.13274595,4.242640687,15.29705854,4.472135955,14.31782106,5.385164807,13.15294644,5.385164807,12,5.099019514,12.36931688,7.071067812,13.03840481,6,11,8.062257748,10.04987562,8,10,9.055385138,11,10,10,11,8.062257748,10.04987562,7,12.16552506,7.071067812,10.19803903,6.08276253,11.04536102,8.246211251,10,6.32455532,11.18033989,7.211102551,12,8.062257748,12,6.403124237,11.04536102
10.63014581,20.1246118,10.81665383,21.9544984,9.433981132,21.47091055,9.433981132,18.38477631,14.76482306,21.02379604,12.20655562,21.9544984,12.04159458,17.49285568,16.55294536,27.29468813,9.848857802,21.09502311,10.81665383,28.7923601,15.55634919,25.49509757,18.02775638,25.05992817,18.02775638,24.69817807,17.20465053,28.3019434,17,28.3019434,18.60107524,31.38470965,15.8113883,28.8444102,17.20465053,30.41381265,18.60107524,33.12099032,16.1245155,32.24903099,17,32.44996148,14.76482306,33.28663395,14.76482306,31.90611227,15.23154621,35.51056181,15.23154621,33.01514804,16.1245155,36.05551275
25.23885893,5,11.18033989,15.13274595,11.40175425,11.40175425,7.071067812,9.848857802,13.92838828,10.77032961,14.14213562,17,9.219544457,14.14213562,16.40121947,13.45362405,20.1246118,15.55634919,11.18033989,19.6468827,12.08304597,37.48332963,9.486832981,19.79898987,18.97366596,20.51828453,10,22.56102835,1,20.59126028,11.18033989,25.05992817,27.85677655,30.61045573,18.68154169,31.06444913,18.78829423,24.8394847,12.04159458,23.76972865,13.89244399,30.87069808,14.86606875,23.76972865,18.97366596,29.61418579,23.85372088,39.20459157,18.38477631,28.01785145,12.52996409,31.40063694
10.63014581,30.52867504,8.485281374,30,7.211102551,30.8058436,7.810249676,31.90611227,7.211102551,29.41088234,4.242640687,30.61045573,5,28.60069929,5.385164807,31.11269837,6.32455532,31.82766093,6.403124237,30.41381265,7.810249676,32.55764119,6.403124237,32.01562119,8.544003745,33.24154028,7.071067812,31.6227766,9.433981132,30.88689042,9.219544457,35.51056181,8.062257748,31.38470965,9.848857802,32.20248438,10.77032961,33.61547263,11.40175425,33.10589071,10.44030651,35.34119409,6.32455532,32.69556545,7.071067812,31.76476035,10.19803903,37.57658846,11.18033989,34.17601498,8.062257748,38.01315562
9.219544457,29.15475947,7.810249676,32.24903099,5.656854249,33.83784863,5.656854249,31.90611227,4.472135955,31.06444913,5,30.8058436,3.16227766,30.23243292,6.08276253,32.64965543,6.32455532,30.47950131,7.615773106,29.69848481,6.32455532,33.24154028,5,30.47950131,5,29,8.485281374,26.62705391,7.810249676,27.78488798,7.211102551,29.41088234,7.071067812,27.80287755,6.403124237,28.3019434,7.211102551,27.29468813,8.062257748,28.3019434,4.472135955,29.68164416,5.830951895,28.17800561,5,29.52964612,4,33.54101966,3.16227766,31.78049716,3.605551275,34.88552709
19.72308292,29.68164416,18.86796226,30.01666204,20.24845673,30.23243292,21.02379604,29.68164416,17.88854382,28.8444102,20.1246118,29.68164416,20.59126028,26.92582404,19.23538406,26.62705391,19.23538406,25.23885893,18.86796226,21.63330765,18.86796226,24.69817807,17.88854382,23.32380758,17.49285568,23.32380758,16.64331698,23.85372088,16.1245155,24.18677324,16.64331698,22.8035085,16.1245155,23.32380758,14.2126704,22.02271555,15,21.63330765,16.1245155,21.63330765,13.60147051,21.40093456,13.60147051,20,12.04159458,20.61552813,15,22.02271555,12.80624847,21.40093456,13.45362405,21.40093456
9.848857802,21.09502311,12.52996409,20.59126028,11.18033989,21.47091055,12.20655562,21.1896201,8.602325267,19.72308292,10.29563014,20.1246118,7.615773106,20.1246118,8.544003745,18.78829423,6.708203932,18.38477631,6.08276253,15.8113883,8.062257748,18.02775638,7.280109889,17.08800749,8.544003745,15.23154621,7.071067812,15.8113883,6.08276253,14.56021978,7.071067812,15.8113883,7,15.5241747,6.08276253,13.60147051,8,13.60147051,6.08276253,11.40175425,5.099019514,12.36931688,6,13.60147051,6.08276253,10.77032961,7.071067812,11.70469991,7.615773106,12.08304597,9.219544457,12.64911064
21.21320344,25.3179778,22.20360331,23.76972865,23.08679276,20,22.13594362,22.20360331,22.47220505,18.02775638,23.08679276,17.11724277,25.23885893,21.09502311,26.17250466,16.4924225,18.38477631,20.61552813,18.02775638,16.4924225,19.31320792,19.6977156,22.02271555,16.55294536,21.40093456,19.20937271,17.02938637,17.69180601,14.4222051,17.80449381,17.02938637,19.84943324,17.20465053,18.38477631,17.4642492,19.6977156,21.09502311,19.84943324,16.76305461,16.64331698,20.61552813,20.1246118,16.55294536,21.09502311,17.11724277,16.15549442,19.92485885,18.43908891,21.58703314,14.76482306,22.56102835,17.4642492
23.08679276,23.2594067,23.08679276,24.16609195,20.88061302,25.55386468,21.58703314,24.59674775,19.92485885,21.9544984,19.92485885,25.23885893,17.4642492,24.20743687,15.5241747,24.20743687,14.56021978,23.34523506,13.60147051,23.34523506,16.2788206,27.58622845,14.31782106,23.43074903,14.86606875,23.60084744,12.36931688,24.41311123,13.60147051,25.23885893,13.15294644,26.92582404,11.70469991,25.94224354,11.66190379,26.40075756,11.18033989,29.52964612,10,26.40075756,10.63014581,28.7923601,10.63014581,28.23118843,12.04159458,28.7923601,12.04159458,31.04834939,14.4222051,28.7923601,14.76482306,31.04834939
16.55294536,8.602325267,17.4642492,10,16.1245155,9.219544457,18.02775638,8.602325267,15.65247584,9.219544457,17.88854382,8.602325267,16.64331698,8.062257748,15.26433752,6.403124237,16.1245155,6.403124237,12.52996409,6.403124237,15.65247584,8.602325267,14.76482306,8.602325267,13.89244399,7.810249676,12.20655562,7.810249676,13.60147051,6.708203932,13.03840481,6.403124237,12.80624847,7.211102551,11.3137085,5.656854249,12.04159458,7.211102551,11.40175425,5.830951895,11.40175425,6.708203932,11.40175425,5.656854249,10.63014581,7.810249676,12.04159458,8.485281374,14.14213562,7.810249676,12.04159458,7.810249676
13.41640786,23.19482701,9.219544457,21.37755833,13.60147051,24.16609195,16.97056275,20.1246118,15.62049935,19.92485885,15,18.38477631,16.2788206,18.43908891,21.63330765,14.86606875,17.20465053,14.86606875,21.54065923,15,22.84731932,17.88854382,23.40939982,20.59126028,21.1896201,17,24.73863375,18.02775638,23.19482701,20.88061302,26.01922366,19.6468827,26.30589288,18.24828759,28.01785145,19.41648784,30.06659276,19.23538406,30.06659276,19.10497317,30.01666204,20.09975124,29,19.10497317,30.14962686,21.02379604,33.37663854,25.01999201,33.06055051,22.02271555,33.54101966,27
4.242640687,46.09772229,4.472135955,45.12205669,4.472135955,44.91102315,1,43.28972164,3.16227766,39.81205847,3.16227766,40.44749683,4.123105626,41.19465985,2.236067977,33.73425559,4.123105626,34.13209633,4.472135955,31.57530681,4.123105626,33.24154028,4.123105626,30.14962686,5,30.01666204,6.08276253,27.16615541,7.071067812,23.19482701,9.055385138,25.17935662,8,22.36067977,11.40175425,19.23538406,10.44030651,19.41648784,10.44030651,17.4642492,10.04987562,15.23154621,11.40175425,14.86606875,13.34166406,13.41640786,14.56021978,13.60147051,14.31782106,12.20655562,13.34166406,9.899494937
5.385164807,17.11724277,5.385164807,14.31782106,4.242640687,15.29705854,4.472135955,16.1245155,2.236067977,15.29705854,3.16227766,14.14213562,2.236067977,13.15294644,2.828427125,12.36931688,1.414213562,13.03840481,1,11,3.16227766,11.04536102,0,11.18033989,2.828427125,10,5.099019514,10,3.605551275,7.280109889,5.099019514,9.219544457,5.385164807,8.544003745,5.830951895,8.246211251,5.099019514,6.32455532,6.32455532,5.099019514,7.615773106,5.830951895,7.615773106,5.385164807,8.602325267,3.605551275,8.246211251,4.472135955,8.246211251,5.830951895,9.486832981,4.123105626
7.280109889,11.70469991,8.246211251,8.544003745,7.071067812,7.615773106,8.062257748,7.615773106,6.08276253,6.708203932,7.071067812,6.708203932,6,6.32455532,6.08276253,5.385164807,6.08276253,4.472135955,6.32455532,4,6.403124237,6.08276253,5.830951895,5.099019514,5.830951895,5,5.656854249,4.123105626,7.071067812,4.123105626,7.071067812,4.472135955,6.708203932,5,7.615773106,4.472135955,6.32455532,5.385164807,7.615773106,5,8.544003745,4.242640687,6.708203932,4.242640687,7.071067812,5,8.246211251,4.242640687,9.486832981,4.242640687,8.246211251,5.385164807
26.57066051,7.810249676,25.49509757,6.403124237,23.76972865,7.211102551,21.47091055,12.08304597,20.61552813,7.071067812,19.79898987,9.848857802,21.26029163,11.18033989,21.09502311,9.433981132,23.40939982,4,24.51530134,5,26.2488095,5.385164807,25.3179778,7.280109889,28.28427125,4.472135955,31.06444913,5.385164807,34.0147027,5.385164807,36,6.32455532,33.01514804,6.32455532,38.05259518,5.830951895,39.11521443,6.708203932,39.05124838,8.602325267,42.19004622,10.77032961,40,10.29563014,40.60788101,5.656854249,45.27692569,7.211102551,44.72135955,7.810249676,45.39823785,6.403124237
18.38477631,8.062257748,18.02775638,9,17.4642492,8,17.08800749,9,13.92838828,8.062257748,13.60147051,7.280109889,12.36931688,8.246211251,9.848857802,7,10.19803903,6.32455532,8.246211251,6.32455532,9.055385138,7.071067812,8,5.099019514,7,6.08276253,8.062257748,5.099019514,6.32455532,5,7.615773106,3,7.615773106,3,6.708203932,2.236067977,7.211102551,2,7.810249676,1,7.810249676,0,8.062257748,1,8.485281374,1,10,1,9.219544457,1,9.219544457,2
10.29563014,26.90724809,6.403124237,25.49509757,7.211102551,25.61249695,5,24.04163056,5.830951895,24.04163056,6.32455532,25.49509757,4.472135955,20.51828453,4.472135955,22.02271555,1,19.20937271,2.828427125,22.8035085,3.16227766,24.08318916,2.828427125,24.04163056,3.605551275,26.87005769,5,26.2488095,5.656854249,29.73213749,3.16227766,30.47950131,3.605551275,31.89043744,5,32.01562119,2.236067977,36.12478374,1,36.79673899,1,34.82814953,3,34.05877273,2.828427125,34.05877273,3.16227766,37.64306045,5.099019514,36.40054945,6.08276253,37.64306045
16.03121954,5.830951895,17.2626765,5,17.72004515,3.605551275,14.86606875,2,14.4222051,3.16227766,16.2788206,3.16227766,17.69180601,4.472135955,14.4222051,6.708203932,15.26433752,7.810249676,16.64331698,10,22.8035085,13.03840481,21.09502311,12.80624847,23.34523506,14.4222051,25.01999201,12.52996409,26,15.8113883,29.06888371,17,29.06888371,17.20465053,33,17.08800749,34.23448554,19.6977156,32.24903099,21.54065923,37.12142239,19.92485885,34.36568055,17.72004515,38.32753579,18.43908891,44.10215414,18.24828759,42.04759208,15.5241747,44.01136217,17.72004515
25,38.07886553,33.28663395,31.06444913,30.52867504,37.69615365,19.41648784,28.16025568,30.61045573,24.16609195,26.87005769,20.39607805,18.38477631,5.099019514,16.2788206,6.08276253,14.14213562,19.23538406,18.24828759,12.72792206,23.43074903,20.59126028,27.78488798,25.8069758,32.80243893,30.41381265,23.76972865,52.40229003,37.44329045,49.40647731,46.22769733,56.22277119,31.38470965,65.76473219,37.94733192,63.56099433,36.87817783,77.93587107,41.40048309,63.2534584,36.34556369,68.79680225,52.32590181,82.68010643,48.83646179,70.66116331,55.4436651,79.84985911,64.00781202,79.71198153,69.26037828,81.54140053
9.848857802,20.59126028,8.94427191,21.09502311,13.89244399,17.08800749,13.03840481,15.65247584,13.60147051,11.66190379,14.2126704,8.94427191,14.2126704,12.04159458,19.10497317,7.071067812,20.51828453,7.211102551,21.63330765,6.403124237,22.8035085,5.385164807,18.86796226,7,25.23885893,6.32455532,25.63201124,8.544003745,26.92582404,9.055385138,26.92582404,11.18033989,29.83286778,11.04536102,26.68332813,12.36931688,30.3644529,11.40175425,26.2488095,13.60147051,29.42787794,13.92838828,28.44292531,16.55294536,25.3179778,14.4222051,32.38826948,19.10497317,31.25699922,18.02775638,32.55764119,16.2788206
28.3019434,19.31320792,28.01785145,20.88061302,24.59674775,20.22374842,21.1896201,15.29705854,17.11724277,14.14213562,18.11077028,14.31782106,12.52996409,15.26433752,13.92838828,11.18033989,10,9.899494937,17.69180601,6.403124237,16.64331698,8.544003745,17.49285568,4,23.76972865,10.19803903,20.22374842,12.52996409,21.09502311,11.40175425,23.34523506,15.26433752,27.16615541,13.45362405,28.0713377,16.97056275,33.06055051,18.86796226,32.01562119,18.86796226,29.42787794,21.9317122,30.8058436,23.85372088,31.38470965,20.61552813,34.92849839,25.45584412,32.24903099,25.61249695,34.13209633,29.20616373
25.63201124,19.92485885,27.20294102,21.84032967,24.35159132,21.21320344,25.29822128,20.61552813,23.76972865,18.24828759,23.76972865,14.31782106,19.72308292,11.40175425,14.76482306,13.45362405,9.486832981,14.4222051,11.40175425,16.55294536,8.602325267,21.63330765,14.4222051,21.02379604,11.70469991,24.69817807,11.66190379,24.35159132,14.03566885,26.2488095,19.10497317,27.89265136,16.1245155,25,18.68154169,27.51363298,18.78829423,31.32091953,23.40939982,29.41088234,22.47220505,25.29822128,26,27.89265136,27.29468813,27.16615541,32.20248438,29.15475947,31.6227766,22.02271555,32.01562119,24.08318916
12.52996409,10.77032961,10.77032961,10,16.55294536,10.44030651,15.62049935,9.486832981,16.97056275,6.08276253,13.45362405,8.544003745,13.89244399,3.16227766,19.84943324,4.123105626,13.03840481,10.04987562,17.11724277,2.828427125,22.8035085,2.236067977,22.82542442,8.602325267,27.29468813,6,26.07680962,5.830951895,20.80865205,3.16227766,24.18677324,13.60147051,25.63201124,13.92838828,22.82542442,15.62049935,18.60107524,16.15549442,22.8035085,20,22.36067977,20.61552813,20.59126028,25.49509757,15.8113883,26.62705391,18.38477631,22.36067977,19.6977156,27.29468813,16.55294536,26.40075756
20.1246118,20.02498439,17.69180601,20,20.51828453,20.22374842,21.26029163,18.43908891,19.41648784,17.08800749,23.32380758,15.23154621,23.85372088,17.20465053,24.16609195,14.86606875,22.13594362,17.02938637,24.59674775,17,28.65309756,19.23538406,27.31300057,20.1246118,29.73213749,19.92485885,29.15475947,21.1896201,25,23.34523506,30.08321791,23.08679276,27.85677655,27.01851217,26.92582404,29.01723626,28.46049894,27.07397274,27.85677655,25.07987241,22.47220505,30.14962686,23.34523506,28.16025568,22.20360331,30.41381265,22.02271555,36.22154055,16.1245155,37.33630941,19,37.05401463
14.86606875,13.45362405,12.16552506,10.63014581,12.04159458,13.45362405,13.92838828,12.04159458,16.15549442,10.63014581,15,8.246211251,16.97056275,6.08276253,16.2788206,3.16227766,17.02938637,4.472135955,22.6715681,6.08276253,26.90724809,8.062257748,27.01851217,9.219544457,26.2488095,8,30.61045573,9.848857802,27.58622845,11.18033989,30.41381265,11.66190379,35.38361203,15.26433752,35.35533906,15.26433752,33.24154028,18.43908891,32.55764119,18.38477631,31.89043744,20.80865205,27.65863337,20.61552813,30.47950131,23.02172887,32.80243893,26.41968963,29.06888371,26.92582404,28.60069929,30.46309242
7.280109889,13.45362405,7.280109889,12.80624847,6.708203932,11.40175425,7.810249676,13.45362405,6.32455532,13.45362405,8.062257748,12.20655562,7.211102551,13.89244399,3.16227766,14.2126704,13.60147051,13.41640786,8.544003745,11.66190379,5.099019514,15.26433752,5.099019514,14.76482306,4,14.76482306,4.123105626,16.64331698,4.472135955,14.31782106,7,15,6,16.1245155,7.280109889,12.04159458,6.32455532,14.2126704,6.08276253,13.89244399,6.708203932,13.60147051,7.280109889,14.2126704,7.280109889,10.63014581,8.062257748,13.89244399,8.94427191,13.60147051,9.433981132,14.4222051
19.92485885,49.33558553,21.47091055,56.82429058,22.8035085,50.69516742,24.16609195,48.10405388,23.19482701,45.65084884,21.02379604,51.86520992,24.0208243,47.50789408,26.07680962,44.04543109,7.280109889,35.90264614,14.14213562,34.92849839,20,36.23534186,17.08800749,34.82814953,26,41.03656906,26.68332813,44.65422712,20.24845673,43.13930922,35.17101079,41.88078318,24.33105012,37.20215048,32.64965543,41.34005322,38.62641583,48.87739764,38.01315562,47.16990566,38.91015292,49.1934955,35.73513677,50.24937811,42.72001873,40.49691346,55.97320788,45.17742799,49.64876635,49.1934955,51.89412298,52.39274759
7.810249676,5,7.071067812,5,8.602325267,5.385164807,7.211102551,4.242640687,7.071067812,4.472135955,7.071067812,5,7.071067812,3.605551275,6.403124237,3.605551275,7.211102551,3.605551275,6.708203932,2,8.602325267,2.236067977,7.211102551,2.236067977,8.062257748,3.16227766,8.544003745,3.16227766,8.544003745,3,8.544003745,3.16227766,8.94427191,4.123105626,6.708203932,3.605551275,8.544003745,4.472135955,7.615773106,5.830951895,8.544003745,5.830951895,6.708203932,5.830951895,6.708203932,6.403124237,7.615773106,7.810249676,6.708203932,7.810249676,7.211102551,7.810249676
29.06888371,16.55294536,29,16.64331698,30.61045573,16.1245155,27.58622845,15.65247584,26.2488095,15.65247584,26.17250466,17.08800749,24.8394847,15.23154621,24.41311123,16.55294536,23.32380758,16.55294536,23.02172887,17.88854382,24.18677324,18.78829423,23.2594067,20.61552813,23.2594067,19.6977156,25.07987241,19.6977156,23.08679276,18.78829423,26.2488095,19.72308292,26.92582404,20.1246118,24.73863375,17.69180601,26.47640459,18.60107524,28.16025568,18.60107524,27.07397274,17.02938637,28,16.2788206,25,14.86606875,27.16615541,17.69180601,26.17250466,17.20465053,27.89265136,18.35755975
31.82766093,5,31.144823,6.708203932,30.61045573,5,30,4.472135955,28.31960452,3.605551275,28.60069929,5,27.45906044,3,26.62705391,1.414213562,26.92582404,2.236067977,25.94224354,3,28.17800561,4.472135955,29.54657341,4.472135955,29.54657341,4.472135955,29.15475947,3.605551275,28.7923601,4.242640687,29.73213749,4.472135955,31.6227766,4.123105626,27.51363298,6.08276253,27.89265136,6.08276253,28.63564213,7.071067812,27.29468813,8.062257748,27.45906044,8.544003745,24.08318916,8.544003745,26.17250466,11.40175425,25.01999201,12.52996409,27.01851217,13.60147051
24.41311123,25.55386468,25,25.55386468,23.85372088,23.32380758,23.32380758,21.40093456,22.82542442,18.60107524,23.32380758,21.40093456,24.16609195,20.51828453,24.41311123,18.38477631,22.82542442,16.64331698,26.41968963,17.69180601,27.31300057,20.24845673,27.73084925,17.88854382,29.54657341,19.6977156,28.23118843,18.68154169,27.29468813,17.72004515,29.96664813,21.37755833,29.54657341,19.23538406,28.17800561,18.11077028,29.06888371,21.09502311,26.83281573,22.20360331,28.17800561,22.09072203,23.32380758,22.36067977,23.02172887,23.53720459,23.60084744,26.2488095,23.43074903,27.85677655,22.6715681,28.63564213
13.41640786,13.34166406,13.03840481,13.92838828,9.055385138,14.76482306,7.071067812,15.8113883,5,9.055385138,5.385164807,9.848857802,10,4,12.36931688,4.123105626,7.071067812,6.708203932,13.15294644,2.236067977,17.72004515,4.242640687,17.72004515,8.602325267,19.41648784,9.486832981,20.39607805,15.23154621,21.09502311,14.2126704,26.01922366,18.86796226,30.06659276,19.41648784,32.01562119,17.20465053,31,21.09502311,29.42787794,20,34.36568055,20.51828453,32.38826948,21.26029163,34.71310992,25.23885893,40.31128874,28.8444102,43.28972164,26.83281573,44.40720662,25.29822128
48.37354649,29.15475947,47.38143096,22.02271555,43.73785546,22.6715681,47.38143096,19.20937271,40.49691346,22.6715681,40.85339643,18.86796226,40.71854614,14.86606875,34,14.4222051,29.83286778,9.848857802,33.30165161,10.04987562,33.24154028,13.03840481,33.83784863,8.602325267,31.30495168,10.81665383,33.24154028,16.2788206,32.57299495,11.70469991,34.4818793,11.40175425,35.22782991,19.10497317,36.12478374,14.31782106,37.21558813,19.84943324,39.05124838,15.55634919,44,18.60107524,46,21.02379604,44.01136217,28.42534081,52.0096145,32.24903099,53.15072906,34.43835072,56.00892786,36.24913792
14.31782106,1,14.86606875,4.123105626,13.41640786,3.16227766,12.36931688,4,10.29563014,3,10.44030651,5,8.544003745,4.472135955,7.071067812,2.236067977,7.071067812,4.123105626,6.08276253,1.414213562,6,1.414213562,6,0,6.32455532,1,5.099019514,1,6.32455532,1,7.280109889,1,6.708203932,2,7.280109889,2.236067977,7.615773106,2.236067977,7.280109889,3,8.062257748,3.16227766,6.708203932,1,8.94427191,3.605551275,7.810249676,4.242640687,10.63014581,2.828427125,10.63014581,5
4.472135955,12.64911064,3.605551275,12.52996409,4.242640687,12.08304597,5.099019514,13,5.099019514,9.848857802,1.414213562,8.544003745,3.16227766,8.062257748,1,7.615773106,1.414213562,6.08276253,1,6,0,6,3.16227766,6.08276253,2.236067977,6,2.828427125,5.099019514,3.16227766,4.472135955,3.605551275,6.32455532,3.605551275,6.32455532,3.605551275,5.830951895,4.123105626,7.211102551,5.656854249,5.830951895,4.472135955,6.403124237,5.656854249,6.32455532,7.071067812,5.830951895,6.708203932,7.211102551,8.062257748,9.848857802,6.708203932,8.485281374
21.40093456,19.6977156,23.02172887,20.59126028,19.20937271,18.78829423,17.20465053,15.23154621,17.88854382,12.52996409,19.23538406,14.76482306,20.24845673,10.81665383,19.31320792,6.708203932,18.86796226,6.08276253,23.02172887,3.605551275,24.20743687,5,25.49509757,2.236067977,26,3.16227766,29.52964612,3.16227766,31.6227766,3.605551275,33.61547263,6.08276253,29.41088234,8.544003745,31.40063694,9.848857802,32.80243893,10.44030651,31.90611227,15.29705854,31.40063694,15.5241747,29.20616373,17.88854382,30.61045573,17,29.69848481,22.36067977,27.58622845,20,31.2409987,22.47220505
16.76305461,3.16227766,12.64911064,6.08276253,14.31782106,7.615773106,11.18033989,9.848857802,11.04536102,11.3137085,15.23154621,11.40175425,14.31782106,12.72792206,16.2788206,13.45362405,17.69180601,17.80449381,19.10497317,19.72308292,22.02271555,22.20360331,23.02172887,19.23538406,26.07680962,20.61552813,27.20294102,20.88061302,27.78488798,20.22374842,27.80287755,23.02172887,29.15475947,23.02172887,25.61249695,26.07680962,30.23243292,25.3179778,28.01785145,27.45906044,26.62705391,27.16615541,26.07680962,28.44292531,23.02172887,29.42787794,26.41968963,35.12833614,24.16609195,36.12478374,22.47220505,37.21558813
24.73863375,5.656854249,31.76476035,10.29563014,24.16609195,12.04159458,20.51828453,13.60147051,34.20526275,11.40175425,26.40075756,11.3137085,24.18677324,7.810249676,19.72308292,12.08304597,18,25.49509757,14.56021978,11.40175425,21.02379604,27.31300057,16.03121954,26.57066051,20.09975124,22.13594362,19.72308292,21.9317122,23.19482701,22.36067977,28.63564213,27.85677655,24.08318916,14.56021978,14.56021978,14.31782106,27.78488798,6.08276253,19.72308292,15.62049935,21.63330765,6.403124237,25.55386468,5.099019514,26.57066051,10.29563014,25.49509757,10.19803903,32.20248438,3.16227766,27.89265136,12.08304597
2.828427125,51.15662225,4.242640687,49.01020302,6.08276253,48.25971405,6.08276253,46.38965402,5.385164807,38.01315562,5,39.05124838,4.123105626,35.22782991,4.123105626,30.8058436,6.32455532,28.16025568,9.486832981,24.69817807,6.08276253,23.2594067,9.848857802,23.60084744,6.708203932,19.84943324,7.280109889,16.76305461,7.071067812,19.41648784,10.63014581,21.58703314,12.04159458,22.8035085,15.65247584,19.10497317,15.65247584,22.09072203,16.15549442,20.22374842,17.49285568,18.97366596,20.61552813,18.02775638,24.51530134,17.72004515,31.144823,17.08800749,30.41381265,18.02775638,31.57530681,15.23154621
21.21320344,17.08800749,25.45584412,13.60147051,25.45584412,13.03840481,26.2488095,9.848857802,27.58622845,5.830951895,28.31960452,5.830951895,28.31960452,3.605551275,29,2.236067977,29,2.236067977,29.69848481,2.828427125,32.55764119,5,31.11269837,6.32455532,29.20616373,8.062257748,31.40063694,8.246211251,31.6227766,9.486832981,34.13209633,13.41640786,31.38470965,11.66190379,32.64965543,12.80624847,34.43835072,13.03840481,31.30495168,15.62049935,31.38470965,14.86606875,32.20248438,16.2788206,31.01612484,17.20465053,34.17601498,17.4642492,33.10589071,19.6977156,35.77708764,20.24845673
10.44030651,4.472135955,9.848857802,3.605551275,11.18033989,5,9.848857802,5,9.433981132,5.656854249,9.433981132,5.656854249,10,6.403124237,7.071067812,4.472135955,7.071067812,5.830951895,7.810249676,5.385164807,8.602325267,5.830951895,8.602325267,6.708203932,6.708203932,6.708203932,8.544003745,6.708203932,7.280109889,6.32455532,8.544003745,5.830951895,9.486832981,5.830951895,9.219544457,4.472135955,10.19803903,4.472135955,9.219544457,4.123105626,9.055385138,3.605551275,9.486832981,3.605551275,10.44030651,2.828427125,11.18033989,3.16227766,11.40175425,4.123105626,12.36931688,3.16227766
12.64911064,1.414213562,12.64911064,2.236067977,12.08304597,1,13.60147051,3.605551275,11.18033989,2,11.66190379,1.414213562,11.40175425,2,10.63014581,3,10.63014581,3,9.219544457,3.16227766,9.899494937,2,9.219544457,4.123105626,8.602325267,3,10,2.236067977,9.433981132,3,9.486832981,1.414213562,8.94427191,1,8.544003745,1.414213562,8.94427191,0,9.486832981,3.605551275,9.848857802,3,9.486832981,2.828427125,11.40175425,2.236067977,10.77032961,3.16227766,11.70469991,3,11.70469991,5
9.055385138,11.40175425,7.071067812,9.848857802,7,10.81665383,5,8.602325267,7.615773106,6.708203932,6.32455532,10.29563014,5.830951895,6.403124237,5.830951895,7.071067812,5,6.708203932,4.242640687,5.830951895,7.071067812,7.071067812,7.211102551,6.403124237,6.403124237,6.708203932,7.810249676,7.211102551,5.830951895,4.472135955,7.211102551,6.403124237,8.246211251,5.385164807,6.32455532,5.385164807,6.708203932,6.08276253,6.32455532,6.708203932,8.544003745,7.615773106,6,6.708203932,7.280109889,8.544003745,6.32455532,9.055385138,7,8.544003745,8.062257748,8.94427191
10.19803903,13.45362405,11.40175425,12.04159458,11.18033989,12.72792206,12.04159458,12.72792206,11.70469991,12.80624847,8.544003745,12.04159458,10.29563014,12.20655562,10,12.20655562,8.94427191,12.20655562,8.544003745,11.18033989,11.18033989,13.03840481,8.062257748,12.20655562,6.708203932,12.08304597,7.211102551,13.03840481,7.211102551,11.66190379,7.071067812,13.03840481,6.403124237,12.08304597,5.830951895,12.08304597,6.403124237,13.41640786,5.656854249,12.52996409,7.810249676,14.31782106,6.403124237,13.41640786,5.830951895,13.92838828,4.472135955,15.65247584,5.830951895,15.8113883,5.830951895,16.1245155
18.43908891,12.64911064,17.80449381,12.64911064,17.69180601,11.70469991,15.62049935,12.16552506,17.02938637,8.94427191,17.02938637,10.44030651,16.40121947,10.29563014,14.2126704,9.848857802,14.4222051,8.94427191,13.45362405,7.280109889,15,10.44030651,13.41640786,8.94427191,13.92838828,8.062257748,13.03840481,8.062257748,12.08304597,6.708203932,14.31782106,8.602325267,11.70469991,7.071067812,12.08304597,6.403124237,11.70469991,7.211102551,13,6.403124237,11.40175425,5.830951895,12.36931688,6.708203932,11.70469991,8.062257748,12.36931688,8.94427191,11.18033989,7.615773106,12.04159458,9.848857802
20.61552813,15.26433752,22.20360331,16.40121947,19.84943324,15.8113883,20.51828453,17.69180601,19.10497317,15.8113883,22.02271555,15.62049935,20.80865205,14.86606875,20.80865205,13.60147051,21.09502311,9.848857802,23.32380758,12.64911064,23.85372088,15.8113883,24.69817807,14.31782106,24.18677324,16.15549442,25.05992817,15.8113883,25.07987241,17.08800749,26.57066051,16.4924225,27.51363298,17.08800749,29.61418579,14.86606875,30.3644529,16.15549442,30.08321791,14.31782106,33.24154028,17.4642492,32.75667871,19.6977156,33.37663854,17,39.05124838,19.72308292,40.52159918,17.49285568,39.84971769,17.49285568
22.82542442,21.02379604,24.59674775,19.31320792,26,20.59126028,22.84731932,20.59126028,24.69817807,17.80449381,25.07987241,18.60107524,24.69817807,18.38477631,22.84731932,17.69180601,21.47091055,18.43908891,21.09502311,16.1245155,24.16609195,19.72308292,24.18677324,16.64331698,23.2594067,17.88854382,25.55386468,17.4642492,23.02172887,17.08800749,26.07680962,19.92485885,25.8069758,18.02775638,26.62705391,18.68154169,28.01785145,21.58703314,26.62705391,17.4642492,28.8444102,20.39607805,28.60069929,20.88061302,28.60069929,19.41648784,33.28663395,21.58703314,31.89043744,21.84032967,34.71310992,21.84032967
32.20248438,16.2788206,31.6227766,17.80449381,31.144823,18.38477631,29,17.02938637,28.31960452,16.40121947,31.2409987,14.86606875,30,14.14213562,28.01785145,12.04159458,28.3019434,12.20655562,30.01666204,11.66190379,30.88689042,10.81665383,25.94224354,9.433981132,27.29468813,7.280109889,27.73084925,8.544003745,30.87069808,7.280109889,31.38470965,10.19803903,31.01612484,9.219544457,31.01612484,10.19803903,31.95309062,10.29563014,31.01612484,11.66190379,32.31098884,10.29563014,33.83784863,13.03840481,35.4682957,12.20655562,38.62641583,14.14213562,36.24913792,17.69180601,39.81205847,18.43908891
39.3192065,74.04052944,43.46262762,80.00624976,42.72001873,86.49277426,38.20994635,80.04998438,39.45883931,70.61161378,32.20248438,83.19855768,22.84731932,81.25269226,17.49285568,62.24146528,13.03840481,82.56512581,7,53.85164807,10.77032961,75.59100476,4.472135955,71.84010022,10.77032961,73.430239,14,87.66413178,10.04987562,83.67197858,15,86.76404785,25.61249695,97.1699542,10.63014581,92.17917335,18.78829423,97.12878049,22.47220505,93.29523032,21.47091055,94.84724561,8.602325267,103.3537614,31.04834939,104.2353107,21.63330765,122.5887434,18.02775638,117.8006791,15.55634919,122.4499898
34,4.242640687,34.43835072,6,32.64965543,7.280109889,32.20248438,7.071067812,30.8058436,9.219544457,27.80287755,11,27.80287755,11.04536102,22.6715681,15,21.21320344,12.36931688,18.60107524,10.77032961,19.20937271,13.34166406,17.4642492,15.03329638,17.4642492,14.31782106,18.43908891,13.92838828,18.24828759,15.8113883,20,19.41648784,20.09975124,16.4924225,22.8035085,19.10497317,25.17935662,20.39607805,27.20294102,16.03121954,27.51363298,20,30.3644529,18.02775638,32.89376841,17.02938637,34.20526275,19.10497317,36.76955262,16.03121954,41.43669871,16.4924225
7.211102551,17.4642492,4.123105626,18.02775638,6.08276253,17.4642492,5.099019514,17.72004515,3.16227766,16.1245155,6.32455532,13.89244399,6.32455532,14.2126704,6.32455532,10.81665383,7.280109889,12.72792206,9.219544457,13.45362405,9.219544457,11.3137085,6.403124237,12.20655562,9.433981132,13.41640786,9.848857802,14.14213562,6.403124237,13.03840481,7.280109889,16.1245155,7.280109889,15.13274595,7.071067812,16.1245155,7.071067812,20.09975124,6,18.02775638,5.385164807,21,6.708203932,21.09502311,7.810249676,21.09502311,9.219544457,24.18677324,10.29563014,22.36067977,9.219544457,26.30589288
12.04159458,22.09072203,10,18.43908891,12.16552506,17.2626765,15.29705854,16,13.15294644,15.29705854,14.86606875,15.5241747,14.56021978,14.76482306,16.55294536,13.60147051,13.92838828,14.86606875,18.02775638,13.89244399,17.49285568,15.23154621,17.49285568,13,15.8113883,12.64911064,15.62049935,14.14213562,18.38477631,14.31782106,16.40121947,17.11724277,19.10497317,16,20,16.1245155,21.02379604,18.02775638,21.9317122,18.02775638,23.76972865,19.02629759,22.47220505,15.13274595,28.16025568,17.11724277,27.45906044,18,29.06888371,18.11077028,30.06659276,18.02775638
19.92485885,20.59126028,24.33105012,20,20.22374842,20.24845673,21.09502311,14.86606875,17.72004515,16.2788206,21.09502311,13.03840481,15.5241747,14.86606875,19.10497317,13.34166406,20.39607805,12.64911064,14.31782106,16.1245155,17.72004515,13,13.15294644,14.14213562,18,15.29705854,11.40175425,19.92485885,13.34166406,18.97366596,13.60147051,21.84032967,14.14213562,25,15,26.92582404,10.04987562,32.31098884,11.04536102,27.89265136,12.36931688,32.984845,11.66190379,31.01612484,16.64331698,35.44009029,21.9544984,38.32753579,18.97366596,37.36308338,20.61552813,41.48493703
22.84731932,17.69180601,22.36067977,19.20937271,24.18677324,18.78829423,23.76972865,20.24845673,20.02498439,18.11077028,26.47640459,20,22.02271555,24.18677324,22,22.56102835,16.2788206,25.63201124,19,25,21,31.30495168,18.24828759,28.7923601,21.09502311,29.54657341,21.1896201,30.52867504,19.23538406,32.24903099,15.65247584,30.61045573,13.60147051,33.01514804,19.20937271,31.144823,15.62049935,38.27531842,16.40121947,32.01562119,18.78829423,30.47950131,22.47220505,34.20526275,20.22374842,29,30.3644529,29.06888371,31.32091953,28.28427125,31.95309062,25.05992817
9.219544457,26.41968963,6,27.73084925,7,27.73084925,5.830951895,27.85677655,4.242640687,26.40075756,7.071067812,27.51363298,7,27.85677655,10.77032961,21.9317122,14.86606875,27.85677655,15.62049935,25.63201124,16.64331698,27.20294102,17,25.96150997,19.41648784,24.51530134,18.43908891,25,21.26029163,24.04163056,22.627417,20.61552813,24.75883681,21.37755833,24.20743687,19.23538406,25.49509757,19.10497317,24.75883681,18.11077028,25.61249695,17.11724277,25,17.02938637,25.05992817,14.56021978,28.65309756,16.15549442,25.94224354,17.4642492,26.83281573,17
23.08679276,13,23.08679276,18.43908891,22.20360331,16.2788206,22,16.1245155,19.10497317,16.03121954,20.22374842,19.41648784,17.11724277,21.84032967,14.31782106,21.54065923,13.60147051,23.32380758,15.5241747,24.16609195,14.31782106,29.52964612,12.64911064,26.92582404,11.66190379,27.80287755,14.31782106,29.69848481,10.63014581,27.58622845,12.04159458,31.11269837,14.4222051,29.73213749,13,28.60069929,16.76305461,32.44996148,14.31782106,30.23243292,20.09975124,32.24903099,20.39607805,29.15475947,27.29468813,28.65309756,31.40063694,31.38470965,31.01612484,31.01612484,33,29.15475947
31.01612484,1.414213562,33,3.16227766,29.01723626,4.472135955,34.05877273,5.830951895,26.01922366,10.63014581,28,11.3137085,24.08318916,12.72792206,20.09975124,18.43908891,20.02498439,19.79898987,22.02271555,17.69180601,22.36067977,25.05992817,17.02938637,25,18.24828759,25.8069758,15.8113883,26.92582404,16.2788206,28.3019434,17.2626765,29.41088234,13.89244399,29.96664813,15,31.95309062,16.1245155,33.10589071,14.2126704,32.28002478,13.60147051,35.4682957,15.65247584,33.83784863,18.38477631,32.984845,21.84032967,35.6931366,23.19482701,33.73425559,24.51530134,35.51056181
32.80243893,16.55294536,26.90724809,14.31782106,29.69848481,13.34166406,29,12.64911064,22.6715681,9.848857802,23.85372088,12.04159458,16.1245155,13.15294644,15.8113883,12.08304597,19.23538406,19.23538406,13.34166406,15.29705854,13.92838828,16.03121954,12,13.03840481,14.31782106,15,10.77032961,16.03121954,9.848857802,17.2626765,15.8113883,16.03121954,14.86606875,15.8113883,18.38477631,19.92485885,19.84943324,21.37755833,21.26029163,20.88061302,21.9317122,21.54065923,20.80865205,22.56102835,25.61249695,23.40939982,29,24.73863375,31.2409987,24.35159132,30.41381265,24.69817807
27.29468813,13.03840481,27.29468813,14.76482306,27.89265136,15.8113883,29.61418579,13.34166406,23.08679276,18.68154169,25.63201124,17.4642492,23.2594067,18.43908891,21.47091055,15.03329638,21.09502311,17.02938637,18.60107524,18.11077028,18.43908891,20.09975124,17.02938637,18.11077028,17.80449381,18.68154169,17.20465053,19.23538406,16.1245155,21.37755833,17.49285568,22.8035085,17.49285568,22.56102835,18.38477631,23.76972865,18.97366596,24.33105012,18.43908891,25,18.02775638,25.96150997,19.92485885,25.96150997,18.97366596,29.12043956,20.22374842,34.4818793,18.43908891,32.28002478,19.6468827,34.78505426
6,9.433981132,5.385164807,9.899494937,4.123105626,9.899494937,5,9.433981132,3,8.485281374,3.16227766,8.485281374,4.472135955,7.211102551,3.16227766,7.810249676,2,6.403124237,4.123105626,6.403124237,5.099019514,5.385164807,5,5.656854249,4.123105626,5.830951895,5.099019514,5.385164807,3,6.32455532,7,6.08276253,7.071067812,7.280109889,6.32455532,3.605551275,6.32455532,6.08276253,6.708203932,6.08276253,6.403124237,6.08276253,7.211102551,5.099019514,7.071067812,5.385164807,8.062257748,5.830951895,9.219544457,6.32455532,10,5.385164807
26.40075756,16.2788206,24.8394847,14.56021978,24.08318916,15.03329638,22.02271555,15.5241747,24.20743687,13.03840481,24.18677324,11,25.05992817,11.04536102,22.82542442,11,26,8.062257748,25.49509757,8.544003745,28.7923601,7.615773106,25.70992026,7.211102551,29.15475947,6.708203932,30.6757233,3.605551275,30.08321791,2.236067977,32.75667871,7.280109889,31.32091953,7,35.6931366,6.32455532,34.20526275,7,34.78505426,9.055385138,36.68787266,8.062257748,38.07886553,7.071067812,39.84971769,8.062257748,43.68065934,7.280109889,43.01162634,8.602325267,45.88027899,5.385164807
20.09975124,17.49285568,18.02775638,17.80449381,20.39607805,17,17.2626765,16.2788206,20.59126028,16.2788206,12.08304597,19.84943324,14.86606875,18.43908891,18.43908891,19.10497317,16.1245155,20,16.76305461,16.64331698,19.6468827,21.47091055,19.02629759,19.72308292,20.02498439,22.82542442,20.02498439,23.85372088,22.20360331,20.59126028,22.13594362,20.61552813,25.70992026,23.60084744,22.13594362,23.34523506,26.57066051,24.75883681,29.68164416,25.45584412,29.15475947,27.65863337,27.31300057,27.65863337,25.61249695,28.3019434,31.76476035,33.28663395,25.23885893,31.90611227,30,36.35931793
25.45584412,27.51363298,24.20743687,24.18677324,24.41311123,24.18677324,26.2488095,22.47220505,21.47091055,18.60107524,20.1246118,19.84943324,20.59126028,19.10497317,19.41648784,18.43908891,16.76305461,16.40121947,15.03329638,19.41648784,16,19.6977156,19.02629759,18.35755975,18.02775638,18.78829423,15.65247584,22.13594362,18.38477631,22.47220505,18.86796226,22.56102835,22.47220505,23.08679276,20.80865205,24.73863375,22.6715681,25.49509757,21.9317122,23.08679276,25.49509757,28.86173938,25.49509757,25.49509757,23.60084744,29.15475947,29.83286778,31.40063694,31.82766093,30.8058436,32.64965543,33.83784863
26.92582404,12.64911064,28.86173938,8.062257748,29.61418579,9.055385138,28.63564213,7.211102551,27.29468813,5.830951895,29.27456234,7.280109889,27.16615541,10.04987562,26.07680962,5,26.01922366,11.18033989,22.02271555,13.41640786,27.07397274,16.1245155,24.08318916,16.1245155,23.53720459,15.23154621,21.37755833,18.97366596,21.58703314,20.24845673,21.54065923,23.2594067,25.49509757,24.59674775,20.24845673,25,23.02172887,27.51363298,22.627417,28.46049894,22.6715681,28.7923601,24.20743687,27.20294102,24.69817807,28.44292531,31.01612484,31.04834939,30.87069808,29.83286778,31.01612484,31.57530681
31.04834939,13.03840481,36.40054945,8.94427191,31.01612484,5.656854249,34.71310992,2.236067977,30.08321791,1,32.984845,3.16227766,29.41088234,4.123105626,28.46049894,5.385164807,27.20294102,10.81665383,26.2488095,15.26433752,26.2488095,16.64331698,23.53720459,18.86796226,21.1896201,20.59126028,23.08679276,20.1246118,19.6468827,23.32380758,18.68154169,26.07680962,20.22374842,24.16609195,19.41648784,27.31300057,18.24828759,31.30495168,15,28.17800561,13,30.46309242,14.56021978,31.78049716,12.80624847,33.52610923,16.40121947,38.83297568,14.86606875,36.138622,15.8113883,38.83297568
33.54101966,32.01562119,36.05551275,20.09975124,10.44030651,18.02775638,37.05401463,18.02775638,19.23538406,20,25.17935662,9.219544457,21.58703314,7,18.68154169,13.03840481,28.0713377,18.68154169,18.02775638,19.20937271,12.16552506,15,11.18033989,14.2126704,17.02938637,13.34166406,8.246211251,14,6.32455532,15.13274595,19.02629759,18.11077028,15,17.72004515,14,21.02379604,11.04536102,24.33105012,4.472135955,21.37755833,9.899494937,23.34523506,8.602325267,26.92582404,9.219544457,25.70992026,13.03840481,28.44292531,14.31782106,25.70992026,19.6977156,28.28427125
19.79898987,25.49509757,17.69180601,24.51530134,16.64331698,27.01851217,13.60147051,22,13.45362405,22.8035085,15.62049935,23.40939982,14.4222051,21.9317122,13.03840481,18.78829423,8.94427191,16.2788206,7.810249676,18.38477631,10,24.41311123,9.848857802,23.85372088,9.433981132,27.29468813,10,27.31300057,10.29563014,24.69817807,9.433981132,26.57066051,9.486832981,28.63564213,10.77032961,29.12043956,11.70469991,27.16615541,14.56021978,30.06659276,13.60147051,30.06659276,12.36931688,26.07680962,12.08304597,27.16615541,14.56021978,30.8058436,16.2788206,31.95309062,13.34166406,31.78049716
24.18677324,6,24.59674775,7.280109889,19.6977156,10,17.72004515,12.80624847,17.11724277,17.02938637,15.13274595,13.41640786,14.56021978,13,10.29563014,17.20465053,6.403124237,19.20937271,14.03566885,23.60084744,13.41640786,26.2488095,18.02775638,22.6715681,20.09975124,25.45584412,21.02379604,24.8394847,23.19482701,27.58622845,26.17250466,25.8069758,24.04163056,26.41968963,25.63201124,26.40075756,26.92582404,28.7923601,30.08321791,23.76972865,30.08321791,25.07987241,29.68164416,25,29.41088234,23.76972865,33.60059523,27.89265136,36.12478374,26.30589288,37.53664876,29.83286778
4.242640687,46.27094121,10.04987562,44.18144407,7.071067812,43.65775991,4.472135955,38.63935817,5.656854249,33.37663854,3.16227766,27.29468813,6.08276253,26.47640459,9.848857802,19.23538406,6.32455532,16.03121954,1.414213562,16.2788206,5,14.56021978,6.08276253,9,12,8.544003745,11,5,10,6.08276253,14.14213562,5.099019514,16.15549442,7.280109889,13.15294644,5.385164807,17.2626765,7.071067812,17.4642492,10.19803903,19.10497317,8.544003745,21.37755833,8.544003745,22.20360331,8.544003745,29.06888371,7.071067812,26.47640459,14.2126704,33.13608305,9.219544457
11.04536102,7.615773106,11.04536102,8.544003745,10.04987562,8.246211251,9.055385138,6.32455532,6.32455532,7.071067812,8.246211251,5.385164807,5.830951895,5.099019514,4.123105626,4.472135955,4.472135955,5.099019514,3.16227766,3,2.236067977,5.385164807,1.414213562,5,1,4.472135955,1,5,2.236067977,5.385164807,2,5.830951895,1,3.605551275,1,5.830951895,0,6.32455532,1,8.246211251,1.414213562,7.615773106,1,8.246211251,2.236067977,6,1.414213562,6.08276253,1,6.08276253,2.236067977,9.219544457
4.242640687,10.77032961,4.242640687,9.848857802,4.472135955,11.70469991,3.605551275,9.486832981,2.236067977,8.94427191,4,9.219544457,3,9.433981132,0,10.63014581,2,8.602325267,3,10,2,11.40175425,1.414213562,12.20655562,1,10.81665383,1,10.63014581,1.414213562,10,2.236067977,13.03840481,2.236067977,10.29563014,4.123105626,10.29563014,1,10.81665383,2.236067977,11.70469991,4,10.29563014,3,10.44030651,3.605551275,9.848857802,5,9.486832981,5,10.19803903,6.403124237,10.44030651
8.062257748,26.83281573,3,27.78488798,9.055385138,25.55386468,6.32455532,24.59674775,6.403124237,26.2488095,7.071067812,24.41311123,5,24.20743687,8.246211251,22.8035085,6.08276253,23.85372088,9,25.23885893,10.44030651,28.65309756,7.280109889,29.15475947,5.830951895,27.31300057,10.44030651,31.30495168,7.071067812,33.10589071,9.219544457,32.24903099,7.280109889,33.10589071,9.486832981,31.90611227,9.433981132,31.30495168,8.544003745,33.61547263,12.04159458,32.31098884,13.34166406,29.73213749,14.56021978,29.54657341,18.68154169,29.15475947,20.39607805,26,25,28.63564213
4.242640687,11.3137085,3.605551275,10.63014581,5,11.40175425,3.605551275,12.04159458,1.414213562,9.219544457,2.828427125,8.94427191,2.828427125,8.544003745,1.414213562,8.544003745,2.236067977,8.544003745,1,9.848857802,1.414213562,9.486832981,2,10.44030651,1,9.219544457,1.414213562,9.055385138,1.414213562,10.04987562,1,12.04159458,3.16227766,10,0,9,1.414213562,9,2.828427125,9,1.414213562,9,2.236067977,10.19803903,3.16227766,9.486832981,1.414213562,9.486832981,2.236067977,9.848857802,3.605551275,9.848857802
11.66190379,15.8113883,10.63014581,15,9.899494937,14.86606875,9.219544457,14.4222051,7.810249676,13.03840481,10.63014581,13.60147051,9.899494937,12.80624847,9.899494937,12.20655562,7.071067812,10.81665383,8.485281374,10.77032961,9.219544457,13.41640786,6.708203932,12.08304597,6.403124237,11.70469991,6.403124237,13.34166406,5,12.36931688,5.830951895,13.34166406,5.385164807,13.15294644,6.08276253,11.40175425,7.211102551,13.15294644,6.708203932,12.16552506,6.708203932,12,6.32455532,13,6.708203932,11.04536102,7.071067812,12,7.615773106,11.04536102,6.32455532,12.16552506
30.2654919,33.28663395,32.24903099,35.22782991,24,34.40930107,22.20360331,27.65863337,18,31.6227766,16.2788206,31.144823,18.97366596,28.42534081,18.02775638,27.45906044,16.1245155,19.72308292,10.29563014,20.51828453,10.81665383,22.02271555,7.071067812,19.23538406,7.810249676,19.31320792,8.062257748,19.23538406,9.055385138,21.1896201,11.04536102,21.21320344,11.18033989,22.56102835,12.08304597,22.20360331,12.64911064,25.3179778,8.246211251,21.54065923,15.8113883,19.6977156,13,23.76972865,16.15549442,23.53720459,20.61552813,25,22.56102835,22.47220505,23.02172887,25.49509757
31.32091953,2.828427125,31.95309062,1.414213562,32.20248438,4.123105626,28.7923601,4.472135955,27.45906044,1,25.8069758,6.403124237,24.20743687,6.403124237,26.2488095,5.099019514,26.17250466,6.708203932,27.29468813,10.63014581,28.17800561,5,26.92582404,7.810249676,24.16609195,5.385164807,22.8035085,6.708203932,25.3179778,4,25.3179778,3.16227766,29.15475947,6.708203932,28.0713377,9,29.61418579,5.099019514,30.59411708,5,32.24903099,1.414213562,33.54101966,3.605551275,35.35533906,4.123105626,41.30375286,5.385164807,42.29657197,5.385164807,46.5295605,7.615773106
4.123105626,9.433981132,2,7.071067812,3,6.708203932,2,5.830951895,3.16227766,9.486832981,3.16227766,9,6.08276253,10.04987562,10.44030651,14.14213562,9.486832981,13.92838828,7.615773106,18.02775638,13.60147051,19.31320792,12.08304597,21.84032967,16.15549442,21.54065923,15.8113883,28.16025568,14.2126704,26.47640459,15.8113883,28.16025568,15,29.27456234,13,32.01562119,16.1245155,36.49657518,14.76482306,33.24154028,17.20465053,34.13209633,17.4642492,34.0147027,16.55294536,34.23448554,22.47220505,40.19950248,25,37.12142239,23.19482701,45.27692569
10.29563014,7.810249676,10,8.062257748,11.66190379,7.211102551,8.94427191,7.071067812,8.485281374,6.403124237,10,6.708203932,8.602325267,6.32455532,9.219544457,6.08276253,8.485281374,6.08276253,5,5.099019514,8.062257748,7.071067812,7.615773106,7,5.830951895,7,5.830951895,6,5.830951895,7.071067812,7.280109889,10.19803903,5.830951895,8.062257748,4.472135955,7,5.830951895,7.071067812,5.099019514,7.280109889,3.605551275,8.544003745,5.830951895,6.708203932,5.830951895,7.615773106,6.403124237,7.071067812,7.211102551,8.485281374,7.211102551,8.602325267
8.062257748,27.58622845,7.280109889,29.41088234,7.615773106,24.08318916,8.94427191,26.62705391,9.486832981,23.34523506,7.211102551,24.75883681,7.071067812,21.9317122,5.099019514,23.02172887,4.472135955,20.61552813,4.472135955,21.21320344,4.242640687,24.08318916,1.414213562,20.1246118,1,19.72308292,1.414213562,22.02271555,1.414213562,18.60107524,4.242640687,21.09502311,3.16227766,21.63330765,4,18.43908891,6.08276253,19.41648784,7.071067812,20.61552813,3,17.02938637,3.605551275,21.9544984,3.16227766,18.02775638,5.656854249,18.43908891,7.810249676,17.69180601,5.385164807,20.59126028
18.60107524,6.403124237,18.86796226,7.211102551,19.41648784,7.211102551,19.23538406,5.830951895,17.69180601,5.830951895,18.02775638,4.472135955,18.43908891,5,16.2788206,5.099019514,16.2788206,3.605551275,16.97056275,5,17.02938637,5,15.62049935,4.242640687,14.86606875,5,14.86606875,5,15.55634919,3.605551275,16.2788206,5,16.2788206,5,14.2126704,2.828427125,15.55634919,6.32455532,13.45362405,4.242640687,15,5.385164807,14.86606875,5.099019514,13.89244399,5,15.8113883,7.211102551,16.40121947,6.708203932,15.8113883,5.830951895
2.236067977,15.8113883,1,17.49285568,2.236067977,15,1.414213562,16.64331698,1,15.8113883,2,14.86606875,3,14.4222051,2.236067977,15,2.236067977,16.2788206,2,14.14213562,3,15.62049935,3,14.86606875,3.16227766,14.14213562,3.16227766,13.45362405,1,14.14213562,0,14.86606875,2.236067977,13.45362405,1.414213562,12.52996409,1,14.86606875,1,12.80624847,2.236067977,14.4222051,1,14.4222051,1,13.89244399,1,15.26433752,1,14.4222051,1.414213562,17.80449381
5.830951895,8.544003745,4.123105626,8.246211251,5.385164807,7.615773106,6.708203932,13,6.403124237,8.94427191,4,8.602325267,6.708203932,8.062257748,7.280109889,6.08276253,5,7.280109889,16.4924225,6.403124237,8.062257748,6.708203932,8.062257748,6.32455532,8.94427191,7.071067812,9.486832981,7.211102551,8.544003745,5.830951895,9.486832981,7.810249676,9.486832981,5.656854249,9.486832981,8.062257748,9.486832981,5.656854249,9.848857802,7.615773106,10.29563014,7.211102551,9.486832981,6.08276253,9.219544457,7.280109889,12.36931688,9.848857802,11.40175425,10.29563014,10.44030651,9.433981132
12.16552506,10.77032961,11.04536102,13.89244399,8.94427191,13.60147051,13.60147051,16.2788206,16.4924225,19.31320792,6.32455532,23.34523506,13.92838828,18.68154169,10,20.24845673,13.03840481,20.61552813,8,23.2594067,8.94427191,24.73863375,5.099019514,24.69817807,6.403124237,23.40939982,8.246211251,28.7923601,11.04536102,26.92582404,10.44030651,29.83286778,10.19803903,29.41088234,11.40175425,31.57530681,11.18033989,33.54101966,10.77032961,33.54101966,10.44030651,35.17101079,8.246211251,35.6931366,8.062257748,37.10795063,8.062257748,42.95346319,6.708203932,44.14748011,8.062257748,46.87216658
13,23.53720459,8.94427191,22.56102835,9.433981132,19.02629759,9.219544457,21.02379604,9.219544457,20.09975124,7.071067812,21.09502311,6.403124237,16.76305461,9.848857802,14.31782106,6.403124237,14.86606875,13.45362405,16.40121947,9.433981132,19.84943324,10.63014581,15.55634919,12.04159458,22.20360331,11.66190379,22.47220505,13.89244399,21.9317122,13.60147051,25.49509757,13.41640786,25,15.23154621,26.2488095,19.23538406,29.15475947,17.20465053,26.2488095,20.61552813,35.6931366,17.88854382,33.95585369,16.15549442,33.95585369,20.22374842,40.44749683,22.13594362,42.29657197,24.73863375,41.59326869
14.31782106,9.433981132,16.15549442,16.76305461,14.4222051,11.40175425,17.49285568,11.66190379,16.1245155,5.830951895,14.76482306,9.486832981,13.92838828,10.63014581,11.40175425,7.211102551,12.04159458,9.219544457,10.04987562,12.04159458,8.94427191,8.602325267,13.60147051,10.19803903,10.77032961,8.062257748,13,8.246211251,13.60147051,8.246211251,11.40175425,7.280109889,10.81665383,6.32455532,11.40175425,5.385164807,12.08304597,9.219544457,9.848857802,7.071067812,9.848857802,3.16227766,9.219544457,6.08276253,7.615773106,5,9.486832981,6.708203932,9.848857802,7.071067812,9.486832981,7.615773106
19.41648784,14.4222051,19.23538406,14.2126704,18.86796226,12.80624847,21.02379604,13.45362405,19.41648784,12.04159458,18.86796226,13.45362405,18.60107524,12.04159458,17.88854382,12.04159458,18.02775638,11.3137085,14.31782106,10.63014581,17,12.04159458,16.55294536,11.3137085,16.1245155,10.63014581,16.1245155,12.72792206,15.65247584,11.3137085,17,12.04159458,15.26433752,11.3137085,13.60147051,10.81665383,13.89244399,11.3137085,13.03840481,11.40175425,13.60147051,9.899494937,14.4222051,10.63014581,12.04159458,10,14.2126704,12.04159458,14.4222051,11.3137085,12.80624847,11.40175425
28.60069929,6.32455532,30,5.830951895,30.61045573,7.211102551,31.40063694,7.211102551,30.41381265,6.403124237,30.47950131,7.071067812,31.82766093,9.219544457,29.73213749,7.810249676,30.41381265,8.062257748,28.28427125,9.219544457,30.47950131,9.219544457,29.69848481,8.062257748,29.73213749,8.94427191,30.41381265,8.062257748,29.73213749,10.81665383,32.80243893,10,31.2409987,9.433981132,29.68164416,7.211102551,32.20248438,8.062257748,30.8058436,8.246211251,32.44996148,8.544003745,32.44996148,8.544003745,31.90611227,6.32455532,34.98571137,7.211102551,34.66987165,8.544003745,34.98571137,7.280109889
17.2626765,1,16.1245155,1,18.43908891,2,18.38477631,4.123105626,16.4924225,4.242640687,17.08800749,4.472135955,17.4642492,4.123105626,19.31320792,5,20.61552813,5,21.54065923,7.211102551,27.31300057,5.385164807,23.70653918,7.280109889,26.41968963,8.062257748,28.23118843,6.32455532,27.85677655,6.08276253,31.38470965,7.071067812,32.20248438,7.280109889,33.10589071,6.08276253,34.0147027,7.615773106,35.77708764,5.099019514,37.69615365,7,37.16180835,8,40.49691346,10,43.65775991,11.04536102,44.01136217,9,46.23851209,10.04987562
10.19803903,29.06888371,12.16552506,28.17800561,10.19803903,29.06888371,12,28.65309756,12.16552506,27.73084925,11.18033989,26.92582404,12.08304597,28.42534081,10.44030651,24.04163056,11.70469991,24.41311123,11.66190379,26.90724809,9.433981132,25.61249695,9.433981132,23.34523506,11.40175425,26.87005769,10.29563014,25.49509757,11.3137085,26.17250466,10.29563014,26.40075756,10.77032961,27.80287755,10.29563014,26.40075756,12.52996409,27.20294102,10.77032961,28.65309756,12.64911064,26.40075756,11.40175425,28.63564213,13.15294644,30.41381265,14.03566885,32.89376841,10.77032961,32.69556545,13.34166406,34.53983208
15,5,14.86606875,3,15.62049935,4,16.64331698,3.605551275,14.86606875,3.16227766,14.86606875,4.242640687,14.86606875,5,16.2788206,4.242640687,14.86606875,4.242640687,15.62049935,4.242640687,16.40121947,5.385164807,15.62049935,5.830951895,16.40121947,5,15,5,15.8113883,5.830951895,16.64331698,5.385164807,15.8113883,5.656854249,17,5,16.1245155,5,17,5.099019514,17,5,16.1245155,4.472135955,17.88854382,3.605551275,19.6977156,5.385164807,18.78829423,5.385164807,19.23538406,5
20.24845673,13,20.24845673,8,23.02172887,8.246211251,23.60084744,9.055385138,22.20360331,7.615773106,22.6715681,7.071067812,22.6715681,5.385164807,23.34523506,5.656854249,24.08318916,3.16227766,25,4.242640687,29.68164416,2,25.55386468,4.123105626,26.92582404,6.08276253,27.31300057,3.16227766,29.54657341,4,30.6757233,6,30.87069808,6.708203932,31.01612484,7.071067812,32.89376841,7.280109889,32.28002478,8.94427191,34.20526275,9.219544457,33.24154028,10.29563014,35.17101079,11.04536102,40.80441153,15.03329638,39.29376541,15,39.84971769,14.03566885
8.062257748,31.04834939,5,28.46049894,5.385164807,27.85677655,4.123105626,30.41381265,6.403124237,27.73084925,5,27.45906044,5.830951895,27.29468813,10.63014581,27.20294102,9.219544457,26.40075756,12.04159458,26.90724809,13,28.42534081,9.219544457,23.60084744,12.16552506,25,10.19803903,29.52964612,9.219544457,28.63564213,9.486832981,30.46309242,12.36931688,30.08321791,9.055385138,32.31098884,11.70469991,33.83784863,11.04536102,33.83784863,8.246211251,35.17101079,9.055385138,35.90264614,7.615773106,34.92849839,9.848857802,40.02499219,10,39.05124838,10.44030651,41.77319715
16.03121954,14.56021978,18.43908891,16.1245155,18.43908891,15.5241747,16.15549442,18.97366596,16.55294536,16.55294536,17.49285568,15.23154621,18.02775638,15,18.86796226,17.80449381,19.41648784,14.2126704,22.8035085,17.80449381,23.43074903,17.80449381,24.04163056,19.41648784,24.04163056,17.49285568,24.8394847,19.23538406,27.01851217,18.02775638,28.60069929,19.92485885,29.73213749,21.37755833,29.20616373,21.09502311,30.61045573,22.56102835,30.47950131,23.19482701,30,23.02172887,30,24.0208243,30,29.01723626,33.28663395,30.06659276,32.44996148,29.27456234,33.01514804,32.24903099
11.70469991,33.30165161,13,28.31960452,14.31782106,28.28427125,15.5241747,29.73213749,12.52996409,30.41381265,10,22.6715681,11.18033989,18.35755975,12.16552506,19.10497317,9.486832981,18.86796226,5,16.1245155,8.246211251,16.4924225,7.071067812,17.08800749,7,20.09975124,9.219544457,21.02379604,10.44030651,21.02379604,13.34166406,18.02775638,18.97366596,26.07680962,16.76305461,25.01999201,17.4642492,26.30589288,20.39607805,30.41381265,19.02629759,26.92582404,19.10497317,29.41088234,21.37755833,26.83281573,28,31.78049716,26,27.45906044,29.41088234,30.88689042
14.76482306,13.60147051,11.66190379,14.31782106,12.36931688,16.2788206,10.04987562,16,13.03840481,12.04159458,13.60147051,13.34166406,13.41640786,13,13.89244399,14.2126704,17.49285568,12.04159458,18.43908891,12.04159458,23.02172887,12.20655562,21.21320344,12.64911064,22.6715681,14.56021978,22.20360331,17.11724277,22.6715681,15.13274595,27.80287755,20.02498439,27.01851217,20.09975124,29.20616373,20.09975124,25.61249695,22.8035085,27.80287755,22.56102835,27.78488798,27.29468813,26.62705391,26.17250466,25.23885893,29.42787794,28.65309756,32.55764119,29.52964612,33.37663854,27.29468813,35.51056181
15,10,15.62049935,8.485281374,15.8113883,14.2126704,11.40175425,15.62049935,11.40175425,15.62049935,7.810249676,17.69180601,5.830951895,18.43908891,6.708203932,21.26029163,4.242640687,22.6715681,3,22.627417,3.16227766,27.58622845,6.08276253,25.8069758,7.071067812,28.3019434,7,32.44996148,8.246211251,29.52964612,10.04987562,32.24903099,10.04987562,31.76476035,13.60147051,36.67424164,15.13274595,34.53983208,15.13274595,36.76955262,15.29705854,36.68787266,18.68154169,35.44009029,15.8113883,38.07886553,18.35755975,41,16.1245155,38.07886553,17.80449381,41
16.03121954,12.52996409,15.5241747,12.04159458,16.2788206,14.2126704,16.2788206,14.86606875,14.86606875,13.60147051,14.76482306,17.02938637,16.64331698,17.02938637,16.2788206,17.20465053,16.97056275,18.02775638,16.2788206,18.02775638,16.1245155,20.59126028,16.1245155,19.72308292,19.31320792,19.6977156,20.39607805,19.23538406,20.61552813,21.09502311,21.84032967,21.9544984,23.08679276,21.9544984,25.01999201,22.47220505,26.01922366,22.36067977,27.07397274,21.09502311,28.0713377,19.23538406,27.16615541,18.35755975,31.06444913,14.2126704,35,17.02938637,34.05877273,18.38477631,38.01315562,15.65247584
14.14213562,23.34523506,13.34166406,24.73863375,13.15294644,23.76972865,15.03329638,22.82542442,12,21.9544984,14,22.47220505,16.2788206,21.9317122,17.02938637,23.34523506,15,21.63330765,11.04536102,21.02379604,15.03329638,19.72308292,12,21.47091055,12.04159458,22.36067977,8.062257748,25.96150997,11.40175425,26.17250466,8.246211251,28.28427125,8.94427191,28.28427125,7.280109889,29.01723626,7.071067812,30.06659276,5,31,4.472135955,33,1.414213562,32,2,32.06243908,4.242640687,38.20994635,6.32455532,37.12142239,5.099019514,38.20994635
29.27456234,32.75667871,37.16180835,25.49509757,32.69556545,22.36067977,28.8444102,31.06444913,33.01514804,31.144823,32.55764119,28.42534081,38.89730068,41.40048309,33.24154028,44.55333882,46.5188134,35.51056181,52.80151513,27.31300057,49.979996,52.20153254,37.57658846,42.42640687,43.96589587,42.44997055,39.81205847,48.01041554,49.64876635,54.03702434,52.08646657,55.6057551,52.34500931,65.36818798,55.14526272,60,57.00877125,66.57326791,59.00847397,55.21775077,68.00735254,59.94163828,63.03173804,51.42956348,70.00714249,53.66563146,86.28441342,55.90169944,74.33034374,54.12023651,80.00624976,52.35456045
5.830951895,19.02629759,5.830951895,20.39607805,3.605551275,19.31320792,3.605551275,20.24845673,1.414213562,17.49285568,1.414213562,23.60084744,7.071067812,22.20360331,6,23.34523506,8.246211251,26.90724809,7.280109889,23.32380758,10.04987562,27.29468813,11.18033989,26.40075756,11.40175425,25.49509757,10.77032961,29.73213749,10.04987562,31.40063694,12.36931688,33.54101966,10.19803903,35.22782991,12.16552506,33.13608305,9.486832981,36.49657518,8.246211251,36.01388621,12.16552506,37.05401463,11.40175425,38.05259518,9.219544457,40.01249805,8.602325267,44.01136217,10.63014581,44,11.40175425,47.01063709
66.61080993,27.80287755,71.34423593,30.47950131,73.00684899,30.88689042,72.00694411,36.89173349,69.52697318,36.05551275,70.09279564,34.40930107,66.60330322,33.61547263,73.10950691,31.40063694,70.17834424,58.41232747,75.29276194,48.41487375,82.68010643,41.23105626,75.21303079,39.05124838,80.99382693,41.59326869,81.54140053,38.48376281,77.38862966,42.05948169,92.47702417,44.41846463,80.99382693,46.23851209,79.37883849,43.829214,86.97700846,41.59326869,88.54377448,32.31098884,83.52245207,37.80211634,85.0940656,31.6227766,88.88756943,23.70653918,97.98469268,26.2488095,92.35799911,31.144823,98.49365462,26.83281573
20.59126028,11.18033989,19.6977156,9.219544457,20.80865205,10.29563014,20.80865205,11.3137085,21.21320344,11.3137085,24.04163056,11.40175425,24.08318916,11.40175425,24.08318916,12.52996409,23.43074903,13.03840481,23.60084744,15.26433752,25.8069758,15.26433752,26.07680962,15.23154621,26.83281573,15.8113883,26.40075756,14.4222051,27.31300057,17.49285568,30.08321791,18.02775638,29.12043956,17,30.08321791,15.8113883,29.83286778,17.20465053,30.8058436,16.64331698,32.38826948,15.8113883,32.38826948,15,33.54101966,13.03840481,35.90264614,12.72792206,36.138622,12.72792206,36.67424164,13.60147051
12.36931688,15.13274595,15.5241747,14,14.56021978,16.03121954,17,15.5241747,15.65247584,15.5241747,15.8113883,15.8113883,15,16.55294536,14.2126704,19.6977156,15.62049935,20.24845673,15.8113883,22.84731932,17.20465053,25.94224354,17,23.32380758,17.4642492,23.85372088,18.38477631,27.29468813,18.02775638,29.06888371,17.4642492,32.64965543,21.09502311,32.24903099,22.09072203,32.20248438,21.02379604,33.54101966,20.02498439,33.54101966,23,34.92849839,22.02271555,33.10589071,25.01999201,32.69556545,28.0713377,34.53983208,27.01851217,32.20248438,28.01785145,34.0147027
18.43908891,9.055385138,20.61552813,9,17.08800749,8,17.08800749,7.280109889,14.2126704,5.385164807,14.86606875,5,14.86606875,5,17,5.385164807,18.02775638,3.605551275,19.6468827,7.071067812,22.02271555,5,23,1.414213562,25,3.16227766,28.0713377,5,29.27456234,6.708203932,35.12833614,6.403124237,34.36568055,11.3137085,38.11823711,9.219544457,41.30375286,15.8113883,38.20994635,16.40121947,39.3192065,17.69180601,38.11823711,15.55634919,40.19950248,12.80624847,46.27094121,15.62049935,47.16990566,13.45362405,47.38143096,14.14213562
22.8035085,3.16227766,20.80865205,2.236067977,21.40093456,5.099019514,21.9317122,3.16227766,22.02271555,2,19.84943324,2.236067977,20,1,21.40093456,2,20,4,21.26029163,4.123105626,25.49509757,7.280109889,24.08318916,7.071067812,26.90724809,8,26.40075756,7.071067812,29.20616373,8.062257748,31.40063694,8,31.40063694,8.062257748,33.83784863,9,35,9.848857802,35,8.94427191,34.66987165,9.848857802,34.40930107,10.29563014,34.66987165,11.70469991,38.58756276,12.64911064,37.73592453,11.70469991,36.7151195,11.70469991
21.47091055,6.32455532,26.40075756,6.32455532,21.63330765,6.08276253,22.02271555,8,20.80865205,6,21.09502311,7.615773106,20.61552813,10.19803903,21.63330765,9.848857802,19.72308292,12.64911064,18.60107524,11.40175425,21.9544984,17.08800749,20,18.02775638,21.63330765,21.54065923,23.32380758,22.47220505,24.20743687,22.8035085,28.8444102,23.76972865,29.20616373,23.76972865,29.68164416,24.35159132,32.24903099,24.73863375,33.01514804,23.76972865,34.66987165,27.20294102,36.40054945,25.3179778,35.51056181,26.30589288,39.11521443,29.42787794,34.4818793,28.16025568,40.81666326,28.46049894
10.77032961,13.15294644,11.40175425,15.13274595,8.602325267,14.31782106,8.062257748,12.64911064,6.403124237,16.4924225,5.656854249,15.5241747,6.403124237,16.1245155,5,18.68154169,3.16227766,19.6468827,2,19.6977156,2.236067977,23.76972865,4.472135955,23.76972865,2,26.40075756,3.605551275,30.46309242,4.123105626,30.46309242,4.472135955,33.10589071,4.123105626,33.10589071,1.414213562,38.48376281,5,38.48376281,6,39.39543121,9.055385138,37.94733192,6.08276253,38.27531842,8.062257748,40.16217126,12.04159458,43.46262762,12.16552506,42.72001873,9.055385138,43.08131846
10.44030651,13.34166406,9.219544457,12.08304597,11.18033989,13.92838828,10.81665383,11.18033989,12.16552506,12,14.86606875,12.16552506,16.1245155,10.04987562,17.08800749,9.055385138,18.02775638,9.486832981,18.78829423,11.70469991,22.84731932,13.92838828,23.2594067,10.77032961,26.40075756,11.66190379,26.40075756,13.03840481,27.85677655,16.1245155,31.01612484,20.59126028,30.08321791,19.20937271,33.52610923,19.72308292,33.24154028,23.02172887,32.984845,24.08318916,32.984845,22.8035085,29.61418579,23.60084744,35.51056181,22.47220505,38.83297568,25.61249695,36.138622,25.49509757,38.07886553,23.60084744
10,14.86606875,7.615773106,14.86606875,7.615773106,16.4924225,7.071067812,16.15549442,4.472135955,17.4642492,5,18.38477631,4.472135955,17.4642492,2.828427125,18.97366596,2.236067977,22.36067977,2.236067977,22.82542442,1.414213562,25.05992817,0,27.29468813,2.236067977,28.3019434,2.236067977,31.30495168,3,30.41381265,4.123105626,35.77708764,4.123105626,34.43835072,4.472135955,37.16180835,6.403124237,38.91015292,9.486832981,36.67424164,7.211102551,38.62641583,9.486832981,38.07886553,8.544003745,36.40054945,5,39.56008089,8,40.49691346,7.071067812,41.23105626
12.36931688,9.848857802,13.34166406,7.615773106,13,8.246211251,12.64911064,6.708203932,12.36931688,5.099019514,15.29705854,5.099019514,15.8113883,5.385164807,17.08800749,3,18.78829423,1,20.59126028,2,24.59674775,5,23.2594067,1.414213562,25.94224354,4,28.63564213,4,29.15475947,4,33.54101966,8.062257748,31.78049716,8.544003745,35.84689666,7.071067812,35.84689666,9.055385138,34.53983208,11.40175425,36.68787266,11.04536102,34.78505426,10,34.4818793,10.04987562,38.89730068,10.04987562,39.84971769,9,39.84971769,11
1,18.24828759,2.236067977,15.8113883,2.828427125,19.6468827,1,21.1896201,5.830951895,22.47220505,6.403124237,18.78829423,5.385164807,19.31320792,5.385164807,19.6977156,9.848857802,17,13.89244399,23.32380758,13,26.07680962,16.55294536,24.41311123,14.86606875,26.40075756,16.15549442,26.41968963,18.43908891,27.45906044,20.24845673,31.90611227,18.43908891,30.8058436,20.02498439,37.73592453,20.09975124,36.35931793,19.02629759,38.01315562,19.10497317,40.81666326,18.02775638,36.35931793,20.02498439,36.23534186,24.0208243,40.24922359,24,39.96248241,22.02271555,42.05948169
14.31782106,1.414213562,14.31782106,1,16.1245155,1.414213562,16.1245155,3.605551275,15.26433752,3.16227766,15.8113883,6,15,7,13.03840481,8.246211251,12.80624847,12.36931688,15,11.70469991,17.69180601,15.13274595,16.97056275,15.5241747,19.10497317,17.2626765,19.10497317,17.72004515,19.79898987,19.10497317,23.34523506,23.34523506,21.9317122,25.07987241,25.61249695,23.08679276,27.20294102,23.08679276,26.2488095,24,28.01785145,25,28.01785145,24.0208243,26.62705391,28,30.8058436,30.01666204,28.3019434,29,29.52964612,29.01723626
13.03840481,10.04987562,14.76482306,7.071067812,17.08800749,6.32455532,15.26433752,3.16227766,15.26433752,4.472135955,18.02775638,5.830951895,18.60107524,5.099019514,19.23538406,4,19.20937271,4.123105626,21.63330765,5,25.23885893,4.242640687,26.07680962,5.830951895,26.62705391,8.602325267,30.41381265,8.062257748,29.52964612,7.615773106,33.54101966,7.810249676,36.24913792,10,37.57658846,9.219544457,39,10.77032961,37.57658846,11.70469991,40.49691346,10.19803903,40.49691346,11.18033989,42.05948169,9.848857802,45.54119015,10.29563014,45.22167622,9.848857802,45.22167622,11.70469991
15.23154621,6.32455532,14.86606875,6.08276253,16.76305461,7.071067812,17,5.099019514,16.55294536,4,17.88854382,4,17,4.472135955,19.23538406,2,19.72308292,0,22.36067977,1,26.07680962,1,24.41311123,2.236067977,27.29468813,4.242640687,28.65309756,2.236067977,29.06888371,4.472135955,34.43835072,3,34.53983208,4,36.67424164,7,38.07886553,6.08276253,37.16180835,9.055385138,38.27531842,8.544003745,37.33630941,9.219544457,38.89730068,9.055385138,44.27188724,7.071067812,42.3792402,7.071067812,42.72001873,8.062257748
14.14213562,11,15.5241747,10,13.92838828,9,16.55294536,8.062257748,16.15549442,9.055385138,17.08800749,9.055385138,18.38477631,8,20.24845673,7.071067812,19.6977156,6.08276253,22.84731932,7.071067812,25.49509757,8.246211251,26.40075756,7.615773106,26.92582404,7.211102551,29.54657341,8.246211251,28.17800561,11.40175425,32.20248438,11.18033989,31.01612484,15,34.0147027,13.89244399,35.4682957,15,34.0147027,15.55634919,35.84689666,16.40121947,35.84689666,15.62049935,36.40054945,15.62049935,38.62641583,17.80449381,39.56008089,15.8113883,39.56008089,19.20937271
2,18.97366596,2.236067977,17.08800749,2,18.68154169,2.828427125,17.08800749,1.414213562,19.31320792,4.123105626,18.38477631,5.385164807,17,5.099019514,19.6977156,8.544003745,20.61552813,9.848857802,22.84731932,8.246211251,24.59674775,9.433981132,25.05992817,10.19803903,25.55386468,10.19803903,27.78488798,10.77032961,27.73084925,11.40175425,33.12099032,12.16552506,32.64965543,12.04159458,34.43835072,12.16552506,36.23534186,9,35.84689666,11,38.47076812,13.03840481,37.12142239,11.04536102,38.48376281,13.03840481,42.48529157,12.04159458,40.71854614,13,41.62931659
19.41648784,10.81665383,19.92485885,12.20655562,20.61552813,10.81665383,16.15549442,14.4222051,18.97366596,13.03840481,18.38477631,12.52996409,19.72308292,12.20655562,17.88854382,11.66190379,19.41648784,17.69180601,17.80449381,15.55634919,19.84943324,18.43908891,20.51828453,17.69180601,20.51828453,19.20937271,22.02271555,20.61552813,22.627417,18.02775638,24.75883681,21.47091055,24.75883681,21.47091055,25.61249695,21.9317122,28.31960452,22.82542442,28.28427125,22.47220505,27.58622845,23.40939982,28.28427125,23.08679276,27.65863337,23.76972865,30.41381265,26.92582404,29,24.04163056,29.73213749,27.65863337
7.071067812,3.605551275,7.071067812,5,6.08276253,5.656854249,6.08276253,5.656854249,7.280109889,5.385164807,6.708203932,4.472135955,8.544003745,5,6.708203932,6.403124237,8.062257748,6.403124237,7.615773106,5.830951895,10.29563014,6.708203932,12.52996409,8.602325267,6.32455532,8.602325267,7.071067812,4.472135955,14.86606875,4.123105626,7.615773106,10.29563014,9.219544457,8.94427191,9.219544457,14.56021978,11.66190379,15.29705854,7,4.123105626,12.04159458,4.242640687,10.63014581,10.19803903,9.219544457,4.472135955,10.63014581,10.19803903,10.63014581,9.219544457,10.63014581,9.486832981
22.56102835,11.40175425,22.13594362,12.16552506,22.13594362,10.19803903,21.09502311,11.40175425,20.1246118,11.18033989,21.9544984,11.40175425,21.9544984,10.29563014,22.02271555,11.66190379,23.60084744,12.20655562,22.6715681,12.80624847,28.31960452,14.86606875,27.65863337,14.2126704,28.28427125,15.62049935,28.31960452,14.2126704,28.31960452,15.23154621,31.82766093,15.23154621,33.24154028,16.55294536,31.144823,16.55294536,34.6554469,15.5241747,31.89043744,17.4642492,33.30165161,16.1245155,32.52691193,16.2788206,31.144823,20.09975124,34.05877273,21.09502311,31.11269837,22.36067977,32.55764119,22.09072203
13.45362405,18.02775638,13.45362405,18.60107524,13.45362405,20.61552813,9.219544457,21.63330765,10,22.02271555,7.071067812,23.34523506,5.830951895,22.8035085,3.605551275,25.49509757,5.099019514,29.06888371,1,29.20616373,2.236067977,32.20248438,4.472135955,32.64965543,4.123105626,31.2409987,5,33.01514804,5.099019514,35.22782991,7.615773106,37.21558813,9.219544457,38.07886553,9.219544457,40.31128874,9.486832981,40.70626487,10.44030651,39.35733731,12.16552506,41.23105626,12.64911064,40.71854614,11,40.85339643,11,43.46262762,11.04536102,43.08131846,11,45.18849411
17.2626765,9.219544457,15.8113883,13.60147051,16.4924225,12.80624847,12.36931688,12.80624847,13,13.45362405,12.52996409,13.45362405,12.08304597,15,11.66190379,17.80449381,11.40175425,17.20465053,11.40175425,19.41648784,14.76482306,25,13.41640786,25.55386468,13.92838828,25.55386468,14.31782106,28.17800561,15.5241747,27.73084925,18.38477631,31.78049716,18.38477631,31.78049716,17.08800749,34.17601498,20.1246118,34.78505426,20.59126028,35.11409973,21.9317122,34.92849839,22.36067977,34.92849839,18.38477631,36.67424164,18.02775638,42.20189569,18.35755975,40.02499219,19.23538406,40.79215611
21.47091055,6.08276253,22.47220505,6.32455532,23.2594067,8.062257748,18.43908891,6.403124237,20.80865205,5.099019514,21.63330765,6.32455532,19.84943324,2,16.1245155,2.236067977,17.49285568,4.472135955,19.20937271,8.94427191,22.47220505,10.44030651,25.94224354,9.486832981,24.18677324,9.219544457,24.69817807,12.04159458,27.01851217,15.03329638,28.3019434,15,29.20616373,19.02629759,29,22,33.42154993,21.09502311,34.71310992,22.20360331,31.40063694,22.36067977,31.82766093,24.18677324,33.9705755,26.92582404,34.20526275,29.61418579,32.01562119,29.61418579,36.12478374,32.01562119
19.31320792,17.20465053,19.31320792,18.60107524,18.02775638,16.2788206,18.35755975,17.80449381,15.26433752,16.97056275,16.2788206,19.23538406,14.14213562,17.88854382,11.40175425,19.23538406,12.08304597,19.72308292,11.18033989,21.47091055,15.23154621,24.20743687,14.03566885,24.75883681,12.04159458,26.87005769,18.24828759,28.31960452,15.03329638,27.58622845,19.02629759,30.61045573,21,30.61045573,17.02938637,31.90611227,16.76305461,34.4818793,21.09502311,34.0147027,19,33.54101966,19,34.0147027,18.02775638,35.11409973,21.02379604,37,19.10497317,40.16217126,22.02271555,41.76122604
8.544003745,17.4642492,6.32455532,15.8113883,9.433981132,18.78829423,9.848857802,16.1245155,8.485281374,17.88854382,9.433981132,18.02775638,9.899494937,17.49285568,12.80624847,17.02938637,12.80624847,19.20937271,13.41640786,19.20937271,16.64331698,22.6715681,16.1245155,21.9317122,16.1245155,21.9317122,16.15549442,23.43074903,17.08800749,25.49509757,18.43908891,28.42534081,18.68154169,28.42534081,19.23538406,27.20294102,20.61552813,32.64965543,19.10497317,29.83286778,21,30.8058436,22.09072203,31.06444913,23.08679276,31.38470965,24.08318916,33.28663395,23,33.12099032,27.01851217,34
6.32455532,14.56021978,5.830951895,16.76305461,5,15.5241747,5,16.03121954,4.123105626,11.04536102,5,14,8.062257748,13,8.246211251,14.31782106,8.062257748,13.45362405,5.385164807,9.219544457,10.44030651,16.1245155,10,13.60147051,13.60147051,16.76305461,17.20465053,20.39607805,12.36931688,24.73863375,17,29.41088234,17.20465053,28.44292531,17.02938637,30.06659276,17.80449381,33.73425559,21.09502311,35.44009029,20.61552813,39.56008089,22.02271555,37.10795063,24.59674775,41.23105626,24.69817807,42.42640687,23.40939982,43.73785546,25.96150997,45.27692569
11.18033989,35.60898763,10.29563014,30.8058436,10.44030651,33.01514804,7,31.38470965,9.055385138,32.75667871,7.071067812,28.3019434,6.08276253,25.94224354,5.830951895,26,5.385164807,23.34523506,7.071067812,21.37755833,9.486832981,18.11077028,12.52996409,21.21320344,12.20655562,22.09072203,12.80624847,20.22374842,14.86606875,20.39607805,17.20465053,18.97366596,18.35755975,20.88061302,18.35755975,18.68154169,23.2594067,21.84032967,25.05992817,24.33105012,22.84731932,24.35159132,23.70653918,25.96150997,26.2488095,22.8035085,29.12043956,26.2488095,26.68332813,24.16609195,29.83286778,25.94224354
20.59126028,89.19641248,19.23538406,112.4010676,23.02172887,100.2247474,20.61552813,105.3090689,10.29563014,87.658428,17.02938637,103.0776406,23.02172887,88.32326987,7.071067812,84.31488599,5.830951895,99.36297097,5,74.41102069,7.810249676,103.9663407,17.20465053,87.09190548,17.4642492,93.86160024,5.830951895,104.0624812,10,108.7060256,20.39607805,126.589889,16.03121954,124.4025723,14.86606875,107.6150547,15.62049935,121.6593605,12.80624847,99.40321926,5,110,22.20360331,121.2641744,12,104.0432602,29.20616373,136.4990842,24.69817807,126.589889,26.90724809,118.2285921
15.13274595,10.19803903,16,11.40175425,14.14213562,10,20.02498439,9.433981132,15.5241747,7.211102551,13.60147051,7.810249676,15.26433752,8.246211251,17.20465053,13.03840481,14.2126704,11.04536102,14.2126704,11.40175425,15.62049935,18.11077028,14.31782106,17.72004515,15.5241747,23.02172887,15.5241747,23.53720459,17.11724277,25.07987241,18.02775638,29.42787794,17,30.41381265,20.02498439,31.06444913,20.22374842,34.13209633,20.61552813,31.25699922,19.6468827,32.24903099,22.20360331,33.06055051,23.02172887,35,26.17250466,38.05259518,25.07987241,38.11823711,31.06444913,38.05259518
6.08276253,28.63564213,7.071067812,28.65309756,8.062257748,29.68164416,7.615773106,26.62705391,7.280109889,28.8444102,8.062257748,28.42534081,7.280109889,25.23885893,7.810249676,26.62705391,8.94427191,25.49509757,9.433981132,25,12.20655562,27.58622845,11.40175425,29,12.80624847,29,14.2126704,30.41381265,12.72792206,29.73213749,14.2126704,33.24154028,14.4222051,35.38361203,14.76482306,34.20526275,14.4222051,36.79673899,12.08304597,36.76955262,13,38.20994635,13.92838828,36.06937759,13.60147051,36.06937759,16.2788206,39.62322551,17.11724277,36.79673899,15.13274595,40.36087214
21.26029163,1.414213562,21.26029163,5.099019514,21.63330765,2.828427125,21.63330765,3,19.23538406,2.236067977,17.20465053,4.242640687,16.55294536,6.32455532,13.60147051,8.062257748,8.94427191,7.071067812,13.92838828,12.04159458,14.76482306,11.04536102,12.16552506,14.03566885,14.14213562,16.03121954,15.29705854,18.11077028,14.31782106,23.08679276,17.02938637,24.18677324,17.4642492,27.07397274,18.97366596,28.0713377,18.68154169,30.2654919,19.92485885,31.57530681,18.78829423,30.41381265,20.24845673,33,17.08800749,34.0147027,19.23538406,40.11234224,20.24845673,38.05259518,19.72308292,40
20.24845673,5.830951895,19.6977156,6.32455532,19.6977156,8.544003745,15.26433752,5,18.02775638,6.708203932,20.61552813,8.062257748,19.31320792,9.486832981,19.6977156,11.18033989,19.6977156,10.29563014,19.23538406,12.52996409,22.82542442,16.1245155,21.09502311,14.31782106,23.85372088,16.1245155,26.41968963,16.1245155,26.83281573,17.88854382,30.01666204,18.38477631,31.38470965,19.6977156,31.38470965,18.02775638,32.75667871,18.78829423,34.98571137,19.31320792,35.35533906,17.72004515,34.98571137,18.02775638,35.84689666,18.43908891,38.47076812,19.41648784,38.94868419,18.68154169,40.31128874,18.43908891
13.03840481,18.60107524,12.08304597,17.02938637,11.18033989,17.69180601,10.63014581,15.62049935,13.89244399,15.55634919,13.41640786,15.55634919,12.64911064,14.14213562,14.76482306,10.29563014,17.88854382,11.18033989,16.55294536,8.94427191,22.36067977,11.18033989,19.72308292,10.44030651,22.36067977,12.16552506,24.18677324,12.16552506,23.08679276,11.40175425,30.87069808,13.60147051,30.87069808,13,33.54101966,13.41640786,32.31098884,17.49285568,33.83784863,18.78829423,34.20526275,16.55294536,34.20526275,16.15549442,37.94733192,15.65247584,43.68065934,17.08800749,40.02499219,18.35755975,41.48493703,18.86796226
15.13274595,5,17.4642492,5,16.76305461,3.605551275,18.02775638,3.16227766,18.97366596,4,20.24845673,3.16227766,20.24845673,3.16227766,21.54065923,3.605551275,22.82542442,3.605551275,23.2594067,3.605551275,27.29468813,4.472135955,25.94224354,4.123105626,28.17800561,4,29.06888371,4,30.87069808,4,32.20248438,4.123105626,33.10589071,4.123105626,35.4682957,4.123105626,36.76955262,4.242640687,34.92849839,6.403124237,36.76955262,5,36.24913792,5,36.40054945,5,39.92492956,6.403124237,38.62641583,6.403124237,40.71854614,5.830951895
10,20,8.602325267,19.10497317,9.433981132,20,8.94427191,18.02775638,8.246211251,16.64331698,10.44030651,19.41648784,11.40175425,15.62049935,11.04536102,15.62049935,14.03566885,11.18033989,15.03329638,12.52996409,17.72004515,17.49285568,16.4924225,13.03840481,18.97366596,14.76482306,21.84032967,15.65247584,23.53720459,16.64331698,25.96150997,20.24845673,27.31300057,20.80865205,27.89265136,21.47091055,28.7923601,24.41311123,31.32091953,24.41311123,31.6227766,25.8069758,30.08321791,26.40075756,30.8058436,27.01851217,34.92849839,30.23243292,33.95585369,31.06444913,34.36568055,33.12099032
17.4642492,15.29705854,16.76305461,13.60147051,17.02938637,10.77032961,17.49285568,13.34166406,17.72004515,11.18033989,18.78829423,9.486832981,18.97366596,8,19.6468827,5.099019514,20.09975124,9.055385138,18.43908891,7.071067812,23.76972865,4.472135955,21.84032967,6.32455532,24.04163056,6.403124237,28.16025568,4.472135955,27.20294102,2.828427125,30.6757233,3.605551275,32.31098884,2.828427125,34.4818793,2.828427125,35.11409973,2.236067977,35.11409973,5.099019514,37.69615365,5,38.27531842,4.123105626,38.27531842,4.123105626,42.72001873,4.123105626,41.43669871,3.16227766,43.32435804,5.099019514
9.219544457,5,8.485281374,4.242640687,7.810249676,4.242640687,9.219544457,5,8.485281374,5,8.485281374,4.242640687,8.602325267,5,9.219544457,4.472135955,10,4.472135955,9.433981132,4.123105626,11.40175425,5.099019514,10.81665383,5.099019514,11.18033989,5.099019514,12.52996409,5.099019514,12.08304597,4,13.41640786,5.099019514,13.89244399,5.385164807,14.86606875,4.123105626,14.86606875,4.123105626,15.23154621,5.099019514,16.15549442,5.830951895,15.23154621,5.385164807,15.8113883,5.385164807,17.72004515,5.099019514,18.02775638,6.708203932,18.02775638,5.385164807
15.26433752,14.31782106,15,14.76482306,14.86606875,14.76482306,17.02938637,14.2126704,18.38477631,15.26433752,17.02938637,15.62049935,19.20937271,15.55634919,20,17.69180601,20.24845673,16.2788206,19.72308292,16.2788206,23.2594067,21.26029163,23.2594067,21.21320344,24.59674775,21.26029163,24.59674775,20.51828453,25.63201124,22.6715681,27.20294102,23.43074903,27.20294102,24.20743687,29.41088234,26.40075756,29.12043956,27.01851217,29.12043956,25.61249695,29.83286778,27.45906044,28.86173938,28.01785145,29.61418579,25.55386468,32.55764119,29.41088234,32.28002478,28.3019434,32.984845,28.65309756
16.76305461,19.10497317,18.02775638,15,17.4642492,16.4924225,20.61552813,15.03329638,17.88854382,14.14213562,18.60107524,13.15294644,18.43908891,11.40175425,19.10497317,9.219544457,19.79898987,9.848857802,22.47220505,8.485281374,21.47091055,11.40175425,21.84032967,11.66190379,22.47220505,11.66190379,24.73863375,13.03840481,23.40939982,13,27.16615541,16.15549442,26.07680962,14.56021978,29.27456234,16.15549442,30.06659276,15.5241747,28.01785145,16.76305461,31.01612484,18.02775638,32.01562119,18.68154169,34.0147027,16.4924225,40.04996879,18.24828759,38.05259518,15.13274595,41.10960958,17.08800749
9.219544457,25.49509757,10.04987562,26.2488095,7.071067812,26.17250466,8.062257748,25.8069758,8.246211251,24.8394847,7.280109889,27.01851217,6.708203932,25.23885893,7.810249676,25.8069758,7.071067812,25.8069758,8.94427191,25.8069758,9.848857802,28.01785145,12.08304597,27.45906044,12.36931688,28.3019434,12.36931688,29.20616373,14.03566885,29.20616373,16.1245155,30.41381265,16.03121954,31.89043744,18.02775638,31.11269837,17,33.24154028,18.02775638,32.55764119,18.11077028,33.24154028,18.11077028,32.55764119,19.10497317,31.2409987,22.09072203,35.60898763,21.09502311,33.30165161,22.09072203,34.20526275
9.219544457,3.16227766,9.899494937,3.16227766,11.3137085,2,11.40175425,2.236067977,11.3137085,2.236067977,12.04159458,2.236067977,12.04159458,2.236067977,12.04159458,2.236067977,12.80624847,2.236067977,12.04159458,2.236067977,14.86606875,3,14.2126704,3.16227766,14.2126704,4,15.8113883,4,13.89244399,4,15.8113883,4,15.65247584,4.123105626,14.31782106,5,14.76482306,4,15.65247584,4.123105626,16.55294536,4,15.65247584,5,17.08800749,4.123105626,18.38477631,4.123105626,17.4642492,4,17.4642492,4.123105626
2,17.20465053,2,17.20465053,2.236067977,17.02938637,2.236067977,17.80449381,1.414213562,15.62049935,2.828427125,17.80449381,1,16.2788206,1.414213562,16.2788206,3.16227766,16.2788206,3.16227766,14.14213562,2.828427125,17.02938637,2.236067977,16.2788206,1.414213562,15.55634919,2.236067977,14.86606875,2.236067977,14.86606875,1,16.2788206,0,15.62049935,1,15,0,15.62049935,1,13.45362405,0,13.60147051,0,15,1,13.60147051,2.236067977,15.62049935,1,15.55634919,2,16.40121947
5.830951895,13.03840481,4.472135955,12.52996409,5.656854249,12.20655562,3.16227766,13.03840481,4.472135955,10.77032961,3.605551275,11.18033989,2.236067977,9.486832981,3.16227766,9.433981132,3.605551275,9.219544457,4.242640687,7.071067812,5,8.062257748,4.242640687,9,6.403124237,7.071067812,6.403124237,6,5.656854249,8.062257748,6.403124237,7.071067812,7.211102551,7.615773106,6.403124237,7.280109889,7.211102551,6.32455532,7.071067812,7.615773106,8.062257748,7.280109889,8.062257748,7.615773106,8.062257748,8.062257748,8.94427191,8.062257748,9.848857802,8.544003745,9.486832981,8.062257748
15.62049935,18.38477631,16.2788206,21.9544984,19.10497317,19.72308292,16.40121947,20.80865205,16.97056275,20.61552813,19.84943324,19.79898987,21.26029163,20.51828453,21.9317122,19.79898987,19.84943324,20,22.6715681,20.24845673,24.08318916,21.9544984,22.6715681,20.1246118,21.9317122,19.6977156,24.20743687,21.54065923,22.8035085,20.88061302,26.62705391,23.08679276,25,20.61552813,25.94224354,23.53720459,26.83281573,22.36067977,25.05992817,22.20360331,25.07987241,24.51530134,25.07987241,24.33105012,23.76972865,26.30589288,25.07987241,30.8058436,23.76972865,29.41088234,24.16609195,29.41088234
2.236067977,13.89244399,4.242640687,14.76482306,3.605551275,15.65247584,2.828427125,14.86606875,2,14.31782106,1,13,0,13,0,12.36931688,1,11.40175425,2,9.486832981,1.414213562,11.18033989,2.236067977,10,2,10,2.236067977,9.055385138,1,9.219544457,2,9.219544457,2,8.94427191,2.828427125,8.062257748,3,8.544003745,4,10.29563014,3,9.433981132,3.16227766,10.81665383,2.236067977,10,3.16227766,11.40175425,3.16227766,11.40175425,3,11.3137085
5.385164807,14.31782106,5,14.31782106,4.123105626,14.31782106,3.16227766,15.23154621,4.242640687,14.31782106,5.830951895,14.56021978,5,17.11724277,8.062257748,16,9.486832981,18.11077028,10.04987562,18.24828759,10.19803903,21.58703314,13.34166406,25,13.15294644,25,13.15294644,30.08321791,14.14213562,31.32091953,14.03566885,35.17101079,14.14213562,36.76955262,14.14213562,39.56008089,13.15294644,43.65775991,14.56021978,40.16217126,14.86606875,40.80441153,13,42.05948169,15.13274595,40.80441153,17.72004515,45.607017,16.1245155,43.96589587,18.24828759,46.84015371
14.86606875,8.062257748,14.86606875,11.66190379,11.3137085,10.77032961,7.071067812,10.44030651,10.29563014,12.08304597,9.433981132,11.66190379,6.08276253,16.55294536,9.055385138,16.55294536,6.08276253,20.59126028,7,20.1246118,8.062257748,23.70653918,9.055385138,24.69817807,10.04987562,25.94224354,11.18033989,31.76476035,12.04159458,30.41381265,13.03840481,35.84689666,13.15294644,37.16180835,12.64911064,37.69615365,15,39.39543121,14.14213562,39.2173431,17.02938637,38.89730068,17.02938637,37.36308338,15.29705854,40.26164428,16.1245155,45.35416188,15.13274595,43.17406629,14,44.91102315
15.5241747,11.18033989,5.830951895,17.02938637,13.03840481,13.45362405,14,14.2126704,9.055385138,14.2126704,7.615773106,8.062257748,7.211102551,15,8.062257748,15,9.486832981,8.544003745,13.92838828,14.14213562,13.15294644,15.62049935,15.29705854,16.40121947,17.02938637,18.43908891,17.02938637,18.60107524,19.02629759,21.63330765,19.41648784,25.23885893,21.37755833,28.31960452,19,29.41088234,20.22374842,30.01666204,19.10497317,31.6227766,20.22374842,33.12099032,21.21320344,32.64965543,22.13594362,34.88552709,22.8035085,37.57658846,24.33105012,37.12142239,23.53720459,37
8.246211251,15.5241747,10.44030651,9.486832981,13,10.77032961,13,11.18033989,13.45362405,7.615773106,14.14213562,9.055385138,17.69180601,7.211102551,19.72308292,5.830951895,21.47091055,7,19.31320792,6.08276253,23.76972865,8,24.04163056,7.280109889,27.65863337,9.486832981,28.86173938,11.18033989,31.57530681,10.77032961,33.24154028,14.76482306,31.144823,17.08800749,35.05709629,17.08800749,33.06055051,17.88854382,34,17.4642492,37.01351105,17.08800749,39.05124838,15.23154621,41.0487515,13,43.01162634,12.52996409,43,13,44.01136217,10.77032961
7.280109889,26.83281573,6.08276253,29.73213749,7.615773106,26.92582404,4,25,4.472135955,22.8035085,1,25,4.123105626,20.09975124,2.828427125,19.02629759,5.099019514,14.31782106,2.236067977,15.8113883,4.472135955,15,4.472135955,13.89244399,3.605551275,20.61552813,7,22.6715681,3.16227766,20.80865205,7.211102551,22.82542442,10,23.76972865,10.44030651,28.23118843,12.04159458,29.73213749,13,30.46309242,11.04536102,33.54101966,11,32.69556545,9,33.24154028,11.70469991,41.43669871,8,41.10960958,11.18033989,43.01162634
12.36931688,16.2788206,13.03840481,18.68154169,13.03840481,17.4642492,14.03566885,17.72004515,10.44030651,17.72004515,11.66190379,17.72004515,12.04159458,16.76305461,11.66190379,13,12.52996409,14.76482306,16.76305461,10,17.08800749,12.80624847,19.41648784,11.66190379,19.23538406,13.60147051,21.58703314,16.4924225,23.53720459,12.04159458,25.70992026,19.02629759,25.3179778,17.02938637,28.28427125,21.09502311,29.83286778,22.02271555,27.89265136,22.56102835,30.41381265,23.19482701,27.65863337,22.20360331,31.40063694,22.36067977,36.67424164,23.76972865,35.51056181,23.53720459,36.12478374,24.18677324
28.63564213,5.830951895,29.61418579,5.385164807,26.17250466,6.32455532,29.01723626,4.472135955,26,6.403124237,23.08679276,9.219544457,21.09502311,8,21.21320344,9.219544457,18.02775638,9,20.24845673,13.92838828,21.63330765,14.31782106,21.9317122,17.08800749,19.79898987,18.02775638,21.09502311,18.24828759,23.70653918,18.97366596,29.15475947,21.1896201,27.85677655,22.47220505,28.16025568,23.40939982,32.28002478,24.69817807,31.32091953,21.84032967,33.73425559,25.29822128,33.95585369,26.2488095,32.55764119,27.89265136,36.67424164,29.83286778,33.73425559,32.01562119,36.34556369,32.55764119
26.2488095,67.95586803,36.06937759,69.02897942,29.06888371,62.76941931,32.75667871,64.47480128,27.29468813,52.39274759,29.54657341,56.08029957,28.7923601,52.39274759,29.01723626,45.12205669,35.4682957,48.09365863,35.84689666,48.09365863,31.144823,52.08646657,28.17800561,50.03998401,29.20616373,49.04079934,27.20294102,51.00980298,36.89173349,49.01020302,34.88552709,51.623638,43.38202393,48.50773134,45.54119015,50.24937811,44.38468204,47.04253395,44.94441011,51.97114584,55.36244214,48.27007354,52.92447449,50.35871325,55.97320788,49.64876635,60.44005295,50.59644256,59.48108943,49.39635614,63.90618123,49.04079934
7.810249676,9.219544457,6.32455532,4.472135955,7.810249676,6.32455532,7.810249676,5,7.810249676,5.385164807,7.211102551,6.32455532,5.830951895,5.385164807,5.656854249,5,5.830951895,7.211102551,3.605551275,5,5.385164807,5.656854249,5.385164807,8.062257748,5.830951895,7.071067812,7.615773106,8.485281374,5,8.602325267,6.708203932,9.433981132,7.615773106,8.602325267,6.32455532,9.433981132,6.708203932,9.433981132,7.280109889,8.94427191,7.615773106,9.848857802,6.708203932,8.94427191,5.830951895,9.486832981,8.062257748,10.77032961,8.94427191,9.486832981,8.062257748,10.44030651
8.062257748,18.35755975,6.708203932,18.86796226,6.32455532,20.59126028,5.830951895,19.84943324,3.605551275,21.63330765,3.605551275,21.40093456,2.828427125,22.20360331,2.828427125,23.02172887,2,23.60084744,2.236067977,24.8394847,2.236067977,28.01785145,3,27.20294102,3,30,3.16227766,32.20248438,3.16227766,31.6227766,3.16227766,33.60059523,5,34.40930107,5.656854249,34.13209633,5.830951895,36.89173349,6.32455532,34.40930107,8.544003745,37.73592453,8.062257748,36.7151195,7.071067812,34.4818793,7.810249676,39.35733731,7.810249676,38.47076812,8.602325267,38.91015292
16.03121954,8.062257748,15.5241747,7.071067812,13.41640786,8.062257748,14.31782106,4.242640687,14.2126704,4.123105626,11.66190379,4.472135955,12.80624847,5.830951895,16.76305461,6.708203932,16.76305461,2.236067977,16.2788206,7,20.02498439,5.099019514,21,5,23,5,26,7.810249676,25.01999201,8.062257748,28.0713377,13.03840481,28.16025568,13.60147051,31.25699922,13.41640786,31,14.31782106,34,14.86606875,34.0147027,16.64331698,34.0147027,18.35755975,34.05877273,13.60147051,41.01219331,14.2126704,38.20994635,14.86606875,41.0487515,16.97056275
7.280109889,24.35159132,7.071067812,25,8.246211251,23.34523506,10.44030651,21.09502311,7.211102551,20.09975124,8.544003745,22.56102835,7.280109889,19.41648784,8.485281374,21.54065923,4.242640687,18.35755975,6.708203932,20.51828453,5,24.04163056,6.08276253,26.40075756,4.242640687,26.07680962,3.16227766,26.41968963,2.828427125,28.17800561,2.236067977,34,1.414213562,33.61547263,2.236067977,33.61547263,2,38.07886553,2.236067977,37.16180835,5.099019514,37.94733192,5.099019514,36.05551275,3.16227766,39.56008089,5.099019514,43.96589587,4.472135955,41.97618372,3.16227766,41.23105626
12.20655562,32.44996148,13.60147051,34.98571137,15,33.54101966,12.64911064,31.78049716,13.41640786,29.54657341,13.41640786,30.46309242,13,27.85677655,12.16552506,25.3179778,10.04987562,25.3179778,9.055385138,23.02172887,8.062257748,25.01999201,9.848857802,27,8.485281374,28.0713377,8.485281374,25.3179778,11.3137085,27.07397274,13.89244399,24.33105012,14.76482306,28.16025568,17.4642492,24.51530134,17.72004515,25.3179778,17.88854382,28.63564213,17.08800749,26.2488095,17.88854382,25.29822128,19.31320792,23.76972865,21.84032967,27.85677655,20.88061302,26.83281573,24.16609195,24.16609195
5,17.4642492,10,20.61552813,4.472135955,24.59674775,6.708203932,18.68154169,7.810249676,12.72792206,8.246211251,20.80865205,10.81665383,15.55634919,19.10497317,16.2788206,16,10.29563014,9.899494937,21.02379604,18.11077028,25.63201124,14.86606875,16.2788206,10.81665383,27.78488798,21.02379604,14.86606875,23.08679276,17.4642492,26.92582404,21.1896201,23.08679276,27.85677655,19.23538406,29.27456234,26.68332813,21.02379604,29,22.20360331,25.49509757,27.01851217,34.36568055,16.03121954,26.30589288,20.09975124,39.01281841,16.1245155,33.95585369,19,39.05124838,15.23154621
9.219544457,3.605551275,10,6.08276253,9.433981132,8,6.403124237,8,7.615773106,11.04536102,5,14,8.246211251,14.03566885,6,15.13274595,6.08276253,19.23538406,10.19803903,24.08318916,11.18033989,25.07987241,11.66190379,25.70992026,12.08304597,28.01785145,15.23154621,29.27456234,17.49285568,30.2654919,18.35755975,33.06055051,20.1246118,33.06055051,20.61552813,33.06055051,23.32380758,35.12833614,23.32380758,34.05877273,24.18677324,37.01351105,22.36067977,36,20.61552813,37,23.2594067,43,20.1246118,42.01190308,23.08679276,44.01136217
5.830951895,17,6,17.4642492,8.062257748,17.88854382,8,16.2788206,7.071067812,15.23154621,5.830951895,13.34166406,7.810249676,15.29705854,10.63014581,16.1245155,10.19803903,13,9.848857802,13.34166406,17.11724277,16.1245155,20.22374842,15.29705854,20.61552813,14.14213562,21.09502311,13,24.08318916,16.1245155,30.01666204,15.03329638,28.16025568,15.8113883,32.24903099,14.86606875,34.05877273,18.02775638,33.01514804,17.4642492,34.23448554,18.78829423,35.22782991,17.4642492,37.21558813,15.65247584,42.19004622,16.1245155,42.29657197,12.52996409,41.59326869,13.60147051
17.4642492,10.44030651,17.4642492,6.32455532,16,8.544003745,17.02938637,8.94427191,12.04159458,3.16227766,14.31782106,5.656854249,11.40175425,5.830951895,10.81665383,3.605551275,16.40121947,4.123105626,12.80624847,7.615773106,15.65247584,10.81665383,16.55294536,11.3137085,22.47220505,9.433981132,24.04163056,13.60147051,24.51530134,10.63014581,24.33105012,15.62049935,26.30589288,19.20937271,32.38826948,20.80865205,31.78049716,22.02271555,31.78049716,23.34523506,35.44009029,25.55386468,35.90264614,24.08318916,35.17101079,21.63330765,40.60788101,25.23885893,41.43669871,24.69817807,41.97618372,24.59674775
6.403124237,24.04163056,6.708203932,26.17250466,3.605551275,25.49509757,2.236067977,24.20743687,3.16227766,24.75883681,1,27.58622845,1,26.2488095,1.414213562,26.17250466,1.414213562,25.49509757,3.16227766,26.17250466,4.472135955,29,5.385164807,29.73213749,5.830951895,31.144823,7.615773106,31.144823,6.708203932,31.82766093,6.708203932,33.42154993,6.708203932,34.05877273,7.615773106,34.40930107,7.071067812,36.40054945,8.602325267,35,9.219544457,35.80502758,7.810249676,35.51056181,10,36.35931793,10.81665383,38.58756276,10,38.58756276,11.40175425,38.07886553
14.31782106,36.23534186,15.5241747,33.42154993,12.64911064,36.40054945,16.03121954,36.61966685,14.03566885,35.60898763,14.03566885,36.40054945,13.03840481,34.82814953,13,32.01562119,13.60147051,31.2409987,12.20655562,30.23243292,13.89244399,30.61045573,11.18033989,27.45906044,9.219544457,27.20294102,10,27.65863337,9.433981132,27.01851217,10.29563014,25.8069758,11.18033989,25.8069758,9.486832981,24.41311123,11.18033989,23.02172887,11.04536102,24.20743687,11.40175425,26.62705391,12.08304597,27.01851217,11.40175425,24.04163056,15.8113883,30.41381265,14.86606875,29.06888371,13.15294644,29
11.66190379,3,12.20655562,2,12.20655562,2.236067977,13.89244399,2.236067977,12.20655562,1.414213562,11.66190379,2.828427125,12.20655562,3,11.40175425,2,11.66190379,3.605551275,12.20655562,3.16227766,12.20655562,5,13.03840481,5,12.80624847,5,12.04159458,5.656854249,12.04159458,5.656854249,12.72792206,5.656854249,12.72792206,5.830951895,11.40175425,5.830951895,12.72792206,6.403124237,12.04159458,6.403124237,13.45362405,6.403124237,12.04159458,6.403124237,12.20655562,7.211102551,12.80624847,8.94427191,12.04159458,6.708203932,13.60147051,7.615773106
8.062257748,10.04987562,6.708203932,10,7.211102551,8.062257748,7.615773106,9,7.211102551,7.280109889,6.708203932,7.280109889,7.211102551,7.071067812,7.615773106,6.32455532,6.403124237,7.211102551,4.472135955,6.403124237,5.099019514,6.708203932,5.099019514,6.403124237,6.08276253,5.830951895,5.385164807,6.403124237,4.123105626,6.403124237,4.123105626,8.062257748,4.123105626,5.385164807,3,6.708203932,3.16227766,6.32455532,4,6.32455532,2,7.071067812,3.16227766,7.071067812,4.123105626,7,4.472135955,8.062257748,3.16227766,7,4,8.062257748
13.34166406,21.58703314,12.52996409,21.84032967,14.4222051,18.68154169,11.18033989,19.92485885,13.92838828,16.55294536,14.86606875,17.20465053,16.64331698,18.78829423,17,16.2788206,20.24845673,16.64331698,20.59126028,16.2788206,26.83281573,16.64331698,21.9317122,17.49285568,24.35159132,19.72308292,25.07987241,19.6977156,29.73213749,16.76305461,31.01612484,21.02379604,31.38470965,19.6468827,33.52610923,20.02498439,32.57299495,17.11724277,32.57299495,19.10497317,34.4818793,21.09502311,30.3644529,23.08679276,32.28002478,24.0208243,35.90264614,27.16615541,32.984845,25.01999201,32.984845,28.16025568
11.66190379,3,11.66190379,2,11.18033989,3,11.18033989,2,11.18033989,3.16227766,11.18033989,1,8.544003745,1.414213562,8.544003745,2,9.486832981,3,8.246211251,2.236067977,9.219544457,4,9.219544457,4,8.246211251,4.123105626,8.246211251,5,8.246211251,6,9.219544457,7,8.246211251,7.071067812,7.280109889,8,8.246211251,8.062257748,8.246211251,9.055385138,8.544003745,9,8.544003745,10.19803903,8.544003745,10,7.280109889,12,9.486832981,11.04536102,6.708203932,11.04536102
7,19.23538406,9.219544457,18.78829423,8.94427191,18.35755975,9.848857802,18.78829423,10.81665383,17,13.03840481,17.4642492,14.86606875,15.65247584,14.4222051,14.4222051,13.60147051,12.52996409,13.92838828,15.62049935,19.6468827,13.89244399,17.08800749,16.1245155,21.54065923,15.8113883,20.61552813,17.02938637,23.34523506,15.62049935,27.07397274,21.40093456,26.30589288,20,29.15475947,20.80865205,29.01723626,23.60084744,28.01785145,24.41311123,28.28427125,26.07680962,30.14962686,26.41968963,31.144823,24.16609195,33.13608305,27.29468813,33.01514804,26.57066051,35,28.23118843
9.848857802,8.94427191,7.615773106,9.486832981,8.062257748,9.848857802,10.77032961,11.18033989,7.615773106,15.29705854,10.77032961,13.60147051,9.848857802,18.02775638,6.708203932,17.02938637,7.211102551,20.09975124,5.385164807,20,5,25.07987241,5,24.0208243,5.830951895,26.30589288,8.062257748,29.01723626,6.708203932,31.06444913,4.123105626,32.01562119,5.830951895,33.13608305,5.099019514,34.23448554,5,37,7.615773106,34.36568055,7.615773106,37.12142239,8.062257748,39.45883931,8,37.05401463,9,43.18564576,10.44030651,39.11521443,9,43.41658669
1.414213562,18.86796226,2.236067977,19.72308292,1,18.86796226,1.414213562,19.6977156,1,17.88854382,2.236067977,17.88854382,2.236067977,17.4642492,2,15.8113883,3,16.15549442,1.414213562,14.86606875,2.236067977,14.56021978,3.16227766,15.5241747,2.236067977,14.31782106,2.236067977,14.14213562,2.828427125,14.31782106,3.605551275,14.03566885,4.242640687,13.03840481,3.605551275,12,4,13,4.123105626,12.04159458,4.123105626,12.04159458,4.123105626,12.04159458,5.099019514,11.40175425,5.385164807,11.70469991,6.32455532,12.36931688,6.08276253,11.70469991
8.544003745,12.04159458,8.94427191,12.20655562,6.708203932,13.60147051,7.810249676,13.41640786,6.403124237,12.20655562,7.071067812,13.03840481,7.071067812,13.03840481,7.810249676,11.66190379,8.602325267,11.66190379,8.94427191,11.18033989,9.848857802,11.66190379,8.602325267,12.52996409,8.544003745,12.52996409,8.544003745,11.66190379,9.486832981,12.52996409,10.44030651,12.20655562,10.77032961,12.20655562,11.40175425,11.40175425,11.40175425,12.20655562,12.64911064,10.81665383,12.36931688,12.04159458,12.36931688,12.20655562,12.36931688,11.40175425,14.14213562,11.40175425,12.36931688,12.04159458,14.31782106,12.04159458
17,20.1246118,15.26433752,19.23538406,16.64331698,18.78829423,15.62049935,18.02775638,15.55634919,18.68154169,16.2788206,20.61552813,17.69180601,19.41648784,15.8113883,20.22374842,17,19.10497317,16.55294536,17.4642492,20.1246118,19.23538406,22.36067977,18.02775638,21.84032967,19.02629759,23.76972865,18.02775638,25,16.1245155,28.86173938,18,28.86173938,17.02938637,30.08321791,15.03329638,31.04834939,16.4924225,32.01562119,16.1245155,32.55764119,15.5241747,31.40063694,15.29705854,33.54101966,12.36931688,37.65634077,15.29705854,37.65634077,12.16552506,36.67424164,12.64911064
8,23.60084744,5.385164807,25.55386468,5.385164807,26.62705391,5.656854249,26.83281573,5.656854249,24.69817807,6.32455532,25.55386468,7.071067812,24.18677324,9.055385138,23.85372088,9.055385138,24.69817807,10.19803903,24.41311123,12,26.92582404,12,24.69817807,14.03566885,26.07680962,15,26.40075756,15,25.61249695,18.02775638,27.65863337,18.02775638,26.90724809,19.02629759,25.45584412,19,28.28427125,20.09975124,26.87005769,20.22374842,26.90724809,21.21320344,27.65863337,22.02271555,25,26.07680962,29.41088234,25.01999201,27.20294102,24,28.3019434
24.20743687,3,24.8394847,3,27.01851217,2.236067977,25.49509757,3,27.01851217,3.16227766,26.90724809,3.16227766,24.75883681,3.16227766,26.87005769,4.472135955,26.87005769,4.472135955,29.73213749,8.062257748,31.144823,7.810249676,28.31960452,7.071067812,29.73213749,8.602325267,30,9.219544457,30,9.899494937,33.83784863,9.219544457,33.60059523,9.899494937,35.84689666,9.219544457,34.98571137,8.602325267,34.4818793,10.81665383,36.23534186,11.18033989,35.35533906,11.3137085,35.34119409,9.899494937,40.31128874,11.40175425,38.07886553,10,38.07886553,10
24.75883681,2,24.75883681,1,24.8394847,1.414213562,25.61249695,2.236067977,24.75883681,4.123105626,26.17250466,4.472135955,28.28427125,6.708203932,25.49509757,7.280109889,26.17250466,7.615773106,27.65863337,8.544003745,30.47950131,8.94427191,30.47950131,10.77032961,30.47950131,9.848857802,31.6227766,12.08304597,30.8058436,9.486832981,35.22782991,13.92838828,35.22782991,12.52996409,36.23534186,12.36931688,35.84689666,12.52996409,35.84689666,13.41640786,34.43835072,14.31782106,36.24913792,14.4222051,35.34119409,14.31782106,39.81205847,15.8113883,37.69615365,15.29705854,40.31128874,16.4924225
13.45362405,10.63014581,15.26433752,8.602325267,14.2126704,13,16.64331698,14.31782106,13.60147051,14.76482306,12.80624847,16.76305461,14.2126704,16.76305461,14.4222051,15.29705854,14.86606875,19.92485885,16.97056275,21.1896201,20.80865205,23.76972865,18.35755975,23.08679276,17.20465053,23.76972865,16.97056275,24.73863375,18.43908891,26.07680962,20.61552813,27.45906044,19.10497317,28.44292531,20.51828453,28.63564213,21.9317122,31.40063694,20.51828453,29.15475947,20.61552813,31.144823,19.84943324,29.15475947,18.86796226,32.14031736,21.09502311,36.22154055,20.24845673,34.36568055,21.9544984,36.34556369
12.80624847,4.123105626,10.63014581,5,9.219544457,5.656854249,9.433981132,8.485281374,11.18033989,10,13.89244399,9.848857802,13,10,18.02775638,8.544003745,18.02775638,8.246211251,18.97366596,13,22.36067977,13.34166406,21.54065923,13,22.84731932,15.65247584,25.29822128,14.56021978,24.69817807,13.92838828,27.20294102,14.86606875,28.7923601,14.56021978,30.8058436,17.72004515,31.6227766,16.76305461,31.04834939,17.72004515,33.73425559,17.72004515,32.01562119,18.43908891,32.75667871,18.43908891,38.63935817,20.61552813,36.49657518,19.10497317,37.65634077,19
13.45362405,6.403124237,11.40175425,7.071067812,12.04159458,5,12.80624847,7.211102551,11.40175425,7.211102551,11.40175425,7.810249676,10.81665383,8.485281374,10.81665383,5,8.602325267,5.385164807,9.433981132,4.123105626,9.848857802,4.123105626,9.219544457,5,8.062257748,5.385164807,10.04987562,2.236067977,9.055385138,4,10.04987562,4,10.04987562,3.605551275,7,4.472135955,8.062257748,4.242640687,10.04987562,3.605551275,11,4.472135955,9.055385138,5.830951895,9.219544457,5,9.219544457,6.403124237,10.44030651,7.071067812,9.848857802,7.071067812
21.9317122,9.433981132,19.79898987,9.433981132,19.10497317,10.81665383,19.20937271,10.29563014,18.43908891,10.81665383,19.20937271,10,18.43908891,10.81665383,16.64331698,10,16.40121947,9.433981132,15.8113883,8.062257748,18.60107524,10.29563014,15.65247584,9.433981132,14.76482306,9.433981132,13.41640786,6.403124237,13,6.708203932,14.56021978,7.615773106,13.60147051,6.403124237,14.86606875,5,14.31782106,5,14.31782106,5.830951895,15.13274595,5.385164807,12.16552506,6.708203932,14.03566885,6.32455532,14.03566885,5,15.03329638,7.071067812,15,5.385164807
10.29563014,9.433981132,12.08304597,10.81665383,11.18033989,11.40175425,12.64911064,7.810249676,12.52996409,9.433981132,11.18033989,7.810249676,10.77032961,8.485281374,9.848857802,5,10.29563014,7.071067812,10.29563014,6.403124237,9.433981132,7.211102551,7.615773106,5,7.615773106,8.544003745,7.211102551,7.071067812,5.385164807,5,6.708203932,7.071067812,6.32455532,7.071067812,5.099019514,8.062257748,4.472135955,8,6.32455532,9.055385138,5.385164807,9.219544457,6.32455532,9.219544457,6.708203932,7.280109889,5.830951895,9.486832981,7.615773106,7.615773106,6.708203932,8.544003745
17.80449381,5.656854249,17.20465053,5,17.20465053,5.656854249,16.64331698,4.242640687,14.4222051,4.472135955,15.8113883,2.236067977,15.8113883,3.605551275,13.89244399,3.16227766,14.31782106,4,13.03840481,3.16227766,14.31782106,2,12.52996409,4.123105626,12.08304597,4.123105626,11.40175425,4.123105626,11.40175425,5,12.64911064,4.123105626,11.04536102,5.099019514,10.19803903,4.123105626,11,5.099019514,10.04987562,6.708203932,10.04987562,4.472135955,10.04987562,4.472135955,10.04987562,5,11.04536102,5,11.40175425,5,11.40175425,6.403124237
11.18033989,17.80449381,10.44030651,17.69180601,11.70469991,18.60107524,12.64911064,17.20465053,12.08304597,17.02938637,11.66190379,15,12.52996409,14.4222051,10.29563014,14.4222051,10.29563014,12.52996409,8.544003745,12.52996409,10.29563014,15.23154621,8.602325267,12.64911064,7.211102551,13.60147051,7.211102551,12.64911064,6.403124237,11.18033989,8.062257748,13.15294644,7.810249676,12.16552506,5.656854249,12.16552506,6.708203932,11.04536102,6.403124237,13,6.708203932,11.04536102,6.403124237,12.16552506,6.403124237,11.18033989,7.071067812,13.15294644,8.062257748,12.36931688,6.403124237,13
17.02938637,10.04987562,17.80449381,12.16552506,17.20465053,10.44030651,17.69180601,13.03840481,16.97056275,9.219544457,16.40121947,9.486832981,14.2126704,10.77032961,13.45362405,10.44030651,13.45362405,8.062257748,12.20655562,6.708203932,13.89244399,8.94427191,13.41640786,7.280109889,12.52996409,7.810249676,12.08304597,7.211102551,10.29563014,5.656854249,11.66190379,7.810249676,10.77032961,5.830951895,11.18033989,5.385164807,12.36931688,6.708203932,10.77032961,4.472135955,11.40175425,5.385164807,11.40175425,6.32455532,10.19803903,6.708203932,11.18033989,7.280109889,12.16552506,8.246211251,12.64911064,7.280109889
6.08276253,21.63330765,5.385164807,20.24845673,6.08276253,20.80865205,7.071067812,20.1246118,6,19.41648784,5,19.41648784,4.123105626,20.24845673,4.123105626,17.20465053,4,18.35755975,4,15.8113883,4.123105626,17.49285568,2.828427125,16.64331698,2.828427125,15.8113883,2.236067977,14.4222051,3.16227766,14.76482306,4,15.26433752,4,15,5.099019514,13.03840481,7,13.60147051,4.123105626,12.52996409,5.099019514,13.89244399,5.830951895,13.03840481,7.071067812,13.03840481,7.615773106,13.03840481,7.211102551,14.31782106,6.708203932,13.03840481
21.63330765,5,21.09502311,5.099019514,20.80865205,5,20.59126028,6.08276253,19.41648784,4,19.41648784,5,20,3.16227766,18.02775638,4.123105626,18.02775638,2.236067977,14.4222051,4,16.64331698,3.16227766,15.65247584,1,15.26433752,2.236067977,15.26433752,1.414213562,15.26433752,1.414213562,14.76482306,2,15.65247584,3.16227766,12.20655562,3.16227766,13.41640786,5.099019514,12.64911064,6.08276253,13,5.385164807,13,5.830951895,11.18033989,4.472135955,13,5.830951895,11.70469991,7.211102551,13,6.403124237
19.84943324,10.19803903,19.84943324,10.04987562,19.10497317,9.055385138,19.20937271,8.246211251,19.84943324,9.486832981,19.84943324,11.40175425,17.02938637,8.94427191,16.64331698,9.486832981,17.02938637,8.94427191,15.8113883,8.062257748,16.64331698,9.486832981,16.64331698,8.94427191,16.1245155,7.810249676,14.4222051,7.071067812,14.76482306,7.211102551,13.89244399,7.810249676,13.41640786,6.403124237,13.89244399,5,13.92838828,5.385164807,13,5.830951895,11.70469991,5.830951895,11.70469991,5.385164807,10.44030651,6.32455532,13.60147051,6.08276253,14.31782106,7.211102551,14.31782106,6.32455532
20,6.32455532,18.60107524,5.830951895,19.41648784,6.32455532,18.60107524,5.385164807,19.20937271,6.32455532,18.60107524,7.071067812,17.80449381,5.099019514,16.40121947,4,16.40121947,5.099019514,15.62049935,4.123105626,16.40121947,4,15.26433752,5.099019514,14.76482306,2,13.60147051,2.236067977,13.03840481,2.828427125,14.4222051,2.828427125,12.80624847,3.605551275,10.81665383,3,12.08304597,2.236067977,11.18033989,2.236067977,11.66190379,4.123105626,11.18033989,3.605551275,11.66190379,4.123105626,12.52996409,4.472135955,13.92838828,4.472135955,11.70469991,5.385164807
9.848857802,42.20189569,20.51828453,43.38202393,16.55294536,50.47771786,14.86606875,49.73932046,15.8113883,41.59326869,8.062257748,35.51056181,16.40121947,35.51056181,11.40175425,38.28837944,15.23154621,28.63564213,17.72004515,30.52867504,11.40175425,35.51056181,3,31.40063694,1.414213562,35.84689666,2.828427125,30.87069808,7.280109889,31.01612484,6.708203932,26.83281573,8.062257748,23.2594067,7.280109889,22.84731932,8.94427191,25.05992817,8.062257748,21.37755833,8.602325267,25.49509757,13.45362405,24.04163056,13.45362405,17.72004515,16.2788206,22.13594362,15.55634919,21.21320344,15.5241747,24.35159132
16.1245155,13.60147051,17,13.60147051,16.55294536,14.4222051,18.02775638,12.80624847,17,12.04159458,17.88854382,11.3137085,15.65247584,11.40175425,16.55294536,9.219544457,14.31782106,9.219544457,12.52996409,8.602325267,14.31782106,7.071067812,12.52996409,7.211102551,11.18033989,8.062257748,12.08304597,8.544003745,10.77032961,6.32455532,11.18033989,7.280109889,10,8.544003745,8.602325267,7.615773106,8.062257748,9.055385138,6.708203932,9.219544457,6.708203932,10.04987562,6.708203932,9.055385138,6.708203932,8.062257748,7.280109889,13.15294644,9.486832981,10.77032961,7.615773106,12.36931688
18.02775638,8.246211251,19.20937271,10.19803903,17.02938637,8.062257748,15.62049935,9.055385138,15.55634919,8.94427191,17.02938637,8.94427191,15.8113883,9.486832981,13.03840481,8.544003745,12.20655562,9.433981132,10.63014581,6.708203932,14.4222051,7.615773106,11.70469991,5.830951895,11.66190379,7.071067812,10.29563014,5.830951895,9.486832981,6.403124237,10.77032961,7.211102551,10.44030651,5,9.486832981,5.099019514,10.44030651,5.099019514,9.486832981,5.385164807,10.19803903,5.099019514,10.19803903,5,9.219544457,6,11.18033989,6.08276253,10.19803903,6.08276253,14.03566885,6
30.2654919,23.34523506,32.75667871,22.6715681,30.8058436,22.6715681,32.01562119,22.627417,27.20294102,22.20360331,28.7923601,19.20937271,26,19.84943324,25.07987241,17.69180601,25.63201124,16.2788206,21.02379604,14.86606875,19.72308292,13.41640786,17.49285568,13.89244399,18.02775638,11.70469991,17.80449381,10.19803903,14.86606875,9.055385138,17.69180601,11,15,11.18033989,15.23154621,11.70469991,14.4222051,17.08800749,14.86606875,18.43908891,14.14213562,17.49285568,15.5241747,17.72004515,14,18.02775638,15.29705854,20.1246118,17.4642492,19.6977156,19.02629759,21.47091055
18.78829423,32.69556545,21.9317122,33.10589071,17.80449381,37.33630941,16.55294536,35.77708764,13.89244399,32.20248438,12.08304597,31.78049716,3,29.15475947,5,24.59674775,5,23.85372088,4.242640687,19.6468827,4.123105626,18.97366596,9.486832981,15.29705854,6.708203932,18.43908891,8.94427191,16.1245155,14.76482306,14.14213562,19.79898987,13.60147051,20.80865205,13.34166406,25,14.76482306,22.627417,12.80624847,30.47950131,16.2788206,29.73213749,17.80449381,29,17.69180601,30.41381265,16.97056275,36.06937759,21.21320344,32.80243893,22.6715681,36.23534186,22.6715681
3.605551275,10.44030651,5,9.848857802,3.605551275,9.848857802,2.236067977,10.19803903,2.236067977,8.94427191,1.414213562,7.615773106,1,5.385164807,2.236067977,7,1,4,2.236067977,4,1,3,1,5,4.472135955,3.605551275,2.236067977,3.605551275,3.16227766,4.242640687,3.605551275,5.656854249,2.236067977,4.472135955,2.828427125,5.385164807,4.472135955,5.830951895,3.605551275,6.32455532,3.605551275,6.403124237,4.472135955,8.062257748,4.472135955,7.615773106,5.385164807,8.544003745,4.472135955,8.94427191,5,7.615773106
12.20655562,31.6227766,10.81665383,29.15475947,10.81665383,27.31300057,8.602325267,25.29822128,8.602325267,23.76972865,7.810249676,24.04163056,3,22.13594362,6,18.68154169,3,16.2788206,3.605551275,14.03566885,1,15.03329638,5.099019514,12.04159458,7.810249676,10.19803903,6.32455532,12.08304597,8.602325267,10.29563014,10.63014581,12.08304597,8.062257748,12.72792206,9.219544457,11.40175425,11.40175425,12.72792206,13.60147051,14.86606875,15.26433752,12.72792206,16.2788206,13.45362405,15.55634919,16.40121947,17.69180601,17.02938637,16.2788206,18.43908891,17.20465053,21.40093456
7.615773106,12.36931688,5,11.70469991,7.071067812,10.44030651,9.219544457,9.055385138,5.830951895,11.40175425,7.211102551,7.071067812,8,7.280109889,11.66190379,4.472135955,14.31782106,6.403124237,18.43908891,14.31782106,3.16227766,4.242640687,3.16227766,3.605551275,3.16227766,7.071067812,3.16227766,5.099019514,4.472135955,5,5,8.544003745,4.472135955,5.385164807,7,7.071067812,4.472135955,6.708203932,5.099019514,5,6.708203932,4.123105626,8.062257748,7.071067812,7.211102551,6.08276253,9.219544457,5.099019514,9.486832981,5.385164807,8.062257748,8.062257748
39.81205847,24.33105012,34.92849839,23.08679276,35.84689666,22.02271555,33.10589071,24.18677324,28.17800561,22.02271555,29.54657341,20.02498439,21.54065923,19.23538406,21.1896201,14.31782106,16.15549442,17.4642492,15.29705854,11.66190379,13.03840481,12.36931688,14,5.830951895,14.86606875,7.211102551,16.55294536,5,16.40121947,3.16227766,21.09502311,8.485281374,20.61552813,9.433981132,18.43908891,9.848857802,22.627417,12.52996409,25,11.3137085,27.58622845,13.60147051,26.2488095,11.40175425,26.90724809,12.72792206,34.71310992,16.64331698,31.40063694,13.03840481,30.41381265,17
7.071067812,10.44030651,9.848857802,5.099019514,8.544003745,8.246211251,6.708203932,11.04536102,7.615773106,11.40175425,2.236067977,4.123105626,5.099019514,8.062257748,5.385164807,9.486832981,6,3.605551275,2.236067977,6.08276253,3.16227766,5.099019514,1,2,4.472135955,0,4.472135955,2.828427125,3.605551275,4.242640687,5,2.236067977,4.472135955,2,5,3.605551275,6.708203932,5.099019514,5.656854249,5.099019514,5.656854249,6.08276253,6.403124237,6.32455532,5,5,5.830951895,6.32455532,7.071067812,7.615773106,6.708203932,7.615773106
13,2.828427125,14.31782106,3.605551275,13.41640786,2.828427125,12.64911064,3.16227766,11.70469991,4.123105626,10.77032961,1.414213562,9.486832981,2.236067977,8.94427191,1.414213562,6.32455532,2.236067977,6.708203932,2.236067977,8.062257748,1,5.099019514,1,6.08276253,2.236067977,3,2.236067977,6.32455532,3.605551275,5.385164807,3.16227766,5.656854249,5,5.656854249,3.605551275,6.403124237,5.830951895,6.403124237,5.830951895,6.403124237,5,7.211102551,5,5.656854249,6.403124237,7.810249676,6.708203932,8.485281374,5.830951895,7.810249676,6.708203932
5,12.16552506,5,10.04987562,3.605551275,9,4.472135955,10.04987562,4.472135955,10.44030651,1,8.246211251,1.414213562,8.246211251,3.16227766,6.08276253,3,6.08276253,2.828427125,6.32455532,2.236067977,3.16227766,2.236067977,3.16227766,2.236067977,3.16227766,3.605551275,2,5,3.605551275,5,1.414213562,6.403124237,2.236067977,6.403124237,0,7.071067812,2,7.810249676,2.236067977,9.219544457,2.236067977,9.219544457,1,9.219544457,1.414213562,10.81665383,1,11.66190379,2.236067977,10.81665383,1.414213562
5.830951895,9.486832981,6.08276253,9.219544457,6.32455532,8.544003745,6.403124237,9.055385138,4.123105626,8,4.242640687,7.615773106,2,7.071067812,1,5,2.236067977,5.385164807,2,4,2,4,2.236067977,2,2.828427125,2,2.828427125,2.828427125,5,3.605551275,5.656854249,3.605551275,3.605551275,4.123105626,4.242640687,3,5.656854249,5.099019514,5.656854249,3.16227766,5.656854249,5,6.403124237,6.403124237,6.403124237,5.385164807,7.810249676,6.708203932,7.211102551,7.615773106,7.071067812,5.830951895
10.81665383,11.04536102,11.40175425,10.04987562,10,10.19803903,8.602325267,12,6.403124237,10,7.211102551,10.19803903,6.708203932,7.280109889,5.830951895,7.071067812,4.123105626,6.08276253,3.605551275,5.385164807,4.123105626,4.123105626,6.08276253,5.385164807,4,3.16227766,5.830951895,3.16227766,4.472135955,2.236067977,5.385164807,1,5,1,6.403124237,3.16227766,7.071067812,3.16227766,7.810249676,2,7.211102551,2.236067977,9.219544457,2.236067977,9.899494937,4.123105626,9.219544457,3.16227766,9.899494937,3,9.899494937,4
13.15294644,5.099019514,13.60147051,4,12.36931688,3,12.16552506,4.123105626,10.44030651,2.236067977,9.219544457,1.414213562,9.219544457,1.414213562,7.071067812,1,7.615773106,2,5.385164807,0,6.08276253,0,5.385164807,2.236067977,5.099019514,3.605551275,4,3.605551275,4.123105626,5,3,4.242640687,3.605551275,3.605551275,3.16227766,5.830951895,3.16227766,7.810249676,1,8.485281374,4.472135955,9.219544457,3.605551275,9.219544457,4.472135955,9.433981132,2.236067977,10.29563014,5.830951895,10.63014581,3.605551275,10.77032961
43.46262762,61.52235366,28.46049894,61.39218191,36.67424164,56.56854249,31.78049716,56.56854249,24.20743687,55.57877293,23.2594067,45.22167622,21.02379604,43.17406629,17.20465053,38.11823711,8.602325267,36.12478374,7.615773106,24.04163056,14.4222051,25.07987241,12.04159458,23.08679276,17.02938637,20.09975124,26.41968963,17.4642492,29.73213749,12.80624847,34.82814953,15.55634919,41.10960958,11.3137085,33.9705755,21.26029163,51.2249939,20.24845673,52.0096145,17.11724277,54.45181356,22.82542442,44.20407221,16.03121954,46.87216658,14.31782106,60.87692502,13.41640786,68.01470429,24.41311123,60.41522987,25
18.35755975,36.76955262,20.59126028,38.48376281,18.02775638,38.47076812,14.56021978,35.34119409,15.26433752,29.68164416,13.15294644,29.96664813,12,25.63201124,14,21.1896201,9.055385138,18.97366596,8.246211251,16.1245155,4.472135955,15,2.236067977,12.04159458,2.236067977,14.31782106,3.605551275,14.4222051,7.071067812,16.40121947,9.433981132,17.69180601,11.18033989,18.43908891,9.848857802,21.63330765,15.03329638,25,13.03840481,26.2488095,10.44030651,27.45906044,13.34166406,27.80287755,10,30,13.03840481,32.75667871,10.44030651,35.80502758,13.15294644,34.88552709
9.055385138,12.36931688,9.219544457,13.60147051,5.385164807,10.19803903,5.830951895,11.40175425,7.211102551,11.18033989,4.472135955,9.055385138,2,6.708203932,2.236067977,8.062257748,3.16227766,5.385164807,2,6.08276253,1,4,2,5,4.242640687,4,4.242640687,6,4.123105626,2.236067977,5,4,5.830951895,3.16227766,6.403124237,4.123105626,7.071067812,3,8.485281374,2,7.810249676,4.123105626,9.899494937,3.16227766,8.485281374,3.16227766,10.63014581,2.236067977,11.40175425,2,14.14213562,4
8.94427191,7.615773106,9.433981132,7.615773106,7.810249676,8.062257748,7.071067812,8.544003745,5.830951895,7.071067812,7.211102551,6,4.472135955,7,3,5,3.16227766,3,2.828427125,2.828427125,3.16227766,2.236067977,2.828427125,1.414213562,2.236067977,0,3.605551275,1,5,1.414213562,5,1.414213562,5,3,5.830951895,2.236067977,6.403124237,2,8.485281374,2,7.810249676,3.605551275,8.602325267,4.123105626,7.810249676,4,8.94427191,3.16227766,11.18033989,3,10.29563014,4.123105626
5.830951895,11,4.123105626,10,6.08276253,11.04536102,5.385164807,10,4.123105626,9.055385138,4,8.062257748,5,8,1,8.246211251,1.414213562,4.123105626,1,6.08276253,1,5,3,3.16227766,4,3,2.828427125,2.236067977,4.242640687,2.236067977,5.830951895,2,7.211102551,1,6.708203932,0,7.071067812,1.414213562,8.485281374,1.414213562,7.810249676,2,9.219544457,2.236067977,9.433981132,1,9.433981132,0,10.81665383,1.414213562,11.66190379,1
3.605551275,39.2173431,2.236067977,39.2173431,4,37.64306045,2,40.26164428,1.414213562,32.38826948,5,36.34556369,7.071067812,31.06444913,4.472135955,30,3.605551275,28,3,27.16615541,5.656854249,30.41381265,5.385164807,30.41381265,5.656854249,28.16025568,7.071067812,26.40075756,6,27.73084925,9.055385138,28.3019434,8,28.3019434,11.18033989,25.61249695,11.18033989,27.65863337,7,27.01851217,9,31.82766093,9.486832981,29.83286778,8.062257748,32.64965543,9.219544457,36.05551275,11,34.13209633,12.04159458,35.35533906
15.5241747,13.15294644,12.16552506,11.18033989,11.40175425,16.4924225,11.04536102,13.15294644,9,18,10.19803903,19.23538406,10,22.20360331,10.04987562,23,10.04987562,23.08679276,6.708203932,26.30589288,7.280109889,26.17250466,9,27.16615541,10.04987562,29.15475947,6.708203932,32.55764119,6.708203932,33.13608305,8.94427191,36.34556369,8.544003745,34.23448554,8.062257748,39.81205847,7.810249676,37.48332963,9.219544457,38.32753579,8.485281374,40.44749683,8.485281374,40.19950248,9.219544457,42.42640687,9.899494937,47.67598976,8.062257748,47.07440918,9.433981132,48.05205511
16.40121947,9.433981132,16.1245155,10.29563014,17.08800749,9.486832981,15.5241747,13,18.78829423,13,14.86606875,17.4642492,20.61552813,17.11724277,16.64331698,19.02629759,16.2788206,19.10497317,16.15549442,17.02938637,19.6977156,20.22374842,18.38477631,20.22374842,17.4642492,20.22374842,17,23.08679276,19.72308292,23.34523506,21.02379604,23.34523506,20.24845673,22.02271555,22.13594362,23.53720459,22.47220505,26.07680962,24.16609195,23.76972865,23.2594067,27.29468813,26.92582404,25.49509757,26.2488095,25.49509757,32.57299495,28.63564213,30.87069808,25,32.31098884,27.65863337
15.62049935,19.20937271,19.41648784,23.43074903,15.62049935,23.34523506,18.43908891,24.75883681,15,24.08318916,13.89244399,23.02172887,13.60147051,24.8394847,13.60147051,26.07680962,10.81665383,25,12.08304597,23.32380758,14.76482306,25.55386468,13.89244399,25.05992817,14.31782106,26.07680962,11.66190379,26.92582404,11.66190379,25.49509757,11.66190379,30.6757233,12.52996409,26.92582404,11.40175425,29.12043956,12.20655562,27.20294102,14.86606875,27.85677655,14.2126704,29.41088234,15.62049935,29.12043956,17.49285568,28.46049894,20.80865205,33.52610923,20.24845673,34.53983208,20.24845673,36.05551275
3,11.66190379,5.099019514,12.08304597,5.099019514,10.77032961,4.123105626,12.36931688,4.123105626,10.19803903,2.236067977,9.486832981,3.16227766,8.544003745,1.414213562,9.055385138,3.16227766,8,3.605551275,6,3.605551275,8.246211251,3.16227766,7,3.605551275,8.062257748,2.828427125,6.08276253,2.236067977,6.708203932,4.242640687,7.071067812,4.242640687,6.32455532,5,6.32455532,5,6.32455532,4.242640687,5.830951895,5,7.615773106,6.403124237,5.830951895,6.08276253,6.403124237,6.32455532,8.602325267,7.211102551,7.810249676,7.071067812,7.211102551
21.40093456,33.24154028,21.63330765,31.38470965,20,31.95309062,21.9544984,30.6757233,19.31320792,26.92582404,20.61552813,26.92582404,20.39607805,27.85677655,18.11077028,22.84731932,17,23.76972865,18.02775638,21.9317122,20.02498439,22.36067977,19.23538406,20.59126028,19.23538406,21.9544984,18.68154169,22.20360331,20.61552813,22.20360331,19.31320792,24.20743687,18.78829423,22.6715681,18.60107524,24.75883681,19.41648784,23.43074903,18.02775638,24.08318916,21.26029163,23.34523506,21.26029163,24.08318916,21.9317122,22.02271555,24.20743687,24.08318916,22.8035085,24.8394847,24.20743687,23.60084744
19.6977156,34.40930107,20.61552813,34.66987165,18.78829423,33.60059523,20.24845673,33.28663395,20.1246118,30.8058436,21.9317122,31.30495168,21.54065923,28.63564213,20.24845673,29.52964612,18.97366596,26.41968963,17.08800749,25.05992817,18.97366596,26.57066051,16.76305461,24.69817807,16.2788206,24.04163056,14.56021978,22.8035085,12.64911064,22.56102835,13.15294644,22.20360331,13.15294644,20.22374842,11.40175425,19.23538406,8.062257748,21.09502311,9.055385138,21.02379604,8.062257748,22,9.055385138,21.02379604,7.280109889,20.39607805,8.062257748,24.33105012,7.071067812,21.84032967,9.219544457,23.08679276
3,15.62049935,6.708203932,17.69180601,6.32455532,23.76972865,7.615773106,18.43908891,2,18.86796226,7.615773106,21.02379604,5.099019514,21.02379604,3.16227766,19.23538406,4.123105626,12.52996409,4.242640687,13.89244399,3.605551275,15.26433752,4.242640687,12.64911064,2.236067977,14.56021978,2,13.92838828,2.236067977,9.486832981,3.605551275,14.31782106,1.414213562,12.64911064,4.123105626,11.04536102,5,12.04159458,3.16227766,10,5.099019514,11.04536102,4,10,4.123105626,9.055385138,3,11,3.16227766,11.04536102,4.123105626,13.15294644
18.86796226,4.472135955,18.86796226,5,17.20465053,4.242640687,18.78829423,3.605551275,17,3.605551275,16.55294536,3.605551275,17.4642492,4,15.65247584,3.16227766,13.41640786,2.236067977,13.41640786,2.236067977,14.86606875,3.16227766,13.92838828,2.236067977,13.92838828,1.414213562,14.14213562,2.236067977,10.19803903,1.414213562,12.36931688,2.236067977,11.18033989,4.123105626,9.055385138,3.605551275,11,3.605551275,11.04536102,3,10,2.828427125,11.18033989,5,9.486832981,2.236067977,11.04536102,3.605551275,11.40175425,1,10.77032961,3.16227766
2.236067977,21.09502311,4,22.82542442,3.16227766,22.47220505,5.099019514,21.09502311,4,21.09502311,5.099019514,19.23538406,6,18.35755975,4.123105626,19.23538406,6,17.88854382,4.123105626,17.4642492,5.099019514,18.78829423,5.099019514,18.02775638,4.472135955,18.02775638,3.16227766,15.8113883,4,15.23154621,3.605551275,15.5241747,5,14.31782106,3.605551275,12.36931688,2.236067977,14.31782106,2.828427125,15.13274595,2.236067977,14.03566885,2.828427125,13.03840481,2.236067977,11.04536102,2.236067977,13.03840481,1.414213562,12.16552506,2.236067977,14.14213562
5.385164807,40.22437072,2.236067977,40.49691346,3.605551275,39.40812099,3.16227766,38.94868419,2.828427125,37.44329045,2.236067977,38.58756276,2.236067977,38.07886553,1.414213562,34,2.828427125,33.12099032,1,29.96664813,3.16227766,34.43835072,2.236067977,30.87069808,2.236067977,31.38470965,3,30.46309242,3.16227766,29.15475947,4.123105626,28.7923601,4,28.46049894,4.472135955,25.29822128,3.605551275,28.16025568,4.472135955,26.92582404,4.472135955,24.73863375,3.605551275,24.51530134,4.472135955,22.36067977,4.123105626,25.17935662,4.242640687,25.07987241,3.16227766,25.01999201
9.848857802,21.40093456,8.062257748,22.20360331,8.94427191,22.8035085,8.062257748,21.9317122,7.810249676,21.09502311,6.403124237,21.09502311,5.656854249,20.59126028,5.830951895,19.23538406,4.472135955,19.31320792,6.708203932,17.49285568,6.403124237,18.78829423,5.830951895,17.4642492,6.403124237,17.72004515,7.211102551,17.4642492,6.403124237,15.8113883,7.071067812,16.4924225,5,17.4642492,7.211102551,14.31782106,7.810249676,13.15294644,7.810249676,15.29705854,5.830951895,15.03329638,7.211102551,14.03566885,5,13.15294644,5.656854249,17,4.472135955,15.03329638,6.403124237,15.03329638
16.64331698,9.486832981,16.1245155,9.486832981,16.1245155,9.486832981,17.4642492,7.615773106,16.64331698,7.615773106,16.1245155,7.615773106,14.76482306,6.32455532,12.08304597,5.830951895,14.31782106,5.385164807,10.77032961,5.385164807,14.86606875,6.708203932,12.36931688,5.830951895,12.36931688,5.830951895,12.36931688,4.472135955,10.44030651,5.656854249,12.16552506,6.403124237,12.16552506,7.071067812,11.04536102,7.071067812,10.04987562,6.403124237,10,5.656854249,11,6.403124237,10.04987562,6.403124237,9.486832981,5.656854249,11.18033989,5.656854249,10.19803903,5.830951895,9.486832981,7.071067812
19.10497317,27.20294102,19.41648784,25.96150997,22.02271555,24.04163056,21.47091055,23.08679276,21.63330765,21.1896201,24.18677324,18.35755975,23.40939982,16.1245155,22.56102835,13.41640786,23.08679276,12.08304597,21.21320344,9.848857802,23.76972865,12.72792206,22.8035085,11.40175425,23.53720459,13.60147051,21.09502311,7.810249676,21.84032967,20.39607805,21.37755833,7.810249676,25.23885893,14.31782106,28.42534081,8.246211251,22.13594362,16.4924225,21.02379604,7,22.47220505,1,27.58622845,7.615773106,20.1246118,2.828427125,19.6977156,3.605551275,20.1246118,6.08276253,20.80865205,4.472135955
47.42362281,90.97252332,53.07541804,86.53323061,57.38466694,92.35799911,59.09314681,93.29523032,46.14108798,80.7093551,47.01063709,87.45856162,61.74139616,79.40403012,58.18075283,74.63243263,58.24087911,77.17512553,73.87827827,78.87331615,65.74191966,80.80222769,66.28725368,81.05553652,63.00793601,78.5684415,48.66210024,77.23341246,42.15447782,77.23341246,61.18823416,81.34494453,57.218878,72.13875519,35.51056181,67.35725648,42.01190308,72.12489168,48.09365863,76.36753237,51.0881591,74.27651042,56.56854249,71.70076708,39.11521443,71.50524456,50.009999,85.0411665,47.4341649,76.69419796,54.12023651,76.57675888
92.61749295,16.03121954,94.86832981,11.70469991,99.48869282,10.77032961,98.00510191,5,88.48163651,10,92.96235797,5.830951895,92.11405973,3.16227766,85.44588931,16.1245155,97.65244493,12.64911064,90.02777349,41.59326869,95.67131231,25,86.82165628,21.58703314,89.4427191,25.63201124,81.60882305,17.72004515,80.28075735,19.10497317,82.32860985,21.9317122,85.0411665,23.02172887,76.38062582,24.08318916,78.64477096,26.68332813,83.86894539,25.96150997,82.75868534,32.57299495,82.07313811,26.92582404,80.9197133,29.27456234,89.14033879,32.01562119,84.17244205,29.15475947,82.8794305,33.52610923
18.60107524,22.8035085,18.02775638,24.41311123,19.20937271,24.41311123,18.02775638,24.18677324,18.38477631,24.18677324,17.69180601,24.69817807,17.02938637,23.85372088,17.49285568,25.8069758,17.49285568,24.41311123,18.78829423,22.8035085,21.9544984,26.62705391,21.02379604,22.47220505,21.9317122,24.41311123,22.47220505,23.34523506,21.84032967,22.627417,24.35159132,25.49509757,25,24.08318916,24.35159132,24.20743687,26.92582404,26.2488095,27.20294102,24.8394847,28.16025568,25.8069758,25.29822128,25.61249695,28.7923601,25.8069758,32.28002478,26.62705391,29.73213749,27.80287755,30.6757233,29.20616373
11.40175425,24.8394847,10,25.49509757,12.72792206,22.6715681,11.3137085,25.05992817,9.899494937,26.2488095,11.66190379,25.8069758,11.18033989,24.18677324,11.40175425,22.8035085,12.36931688,23.02172887,13.60147051,18.86796226,15.8113883,21.63330765,16.76305461,20.61552813,17.2626765,22.02271555,19.6468827,21.9317122,17.2626765,21.9317122,22.36067977,22.02271555,21.84032967,24.08318916,24.04163056,23.85372088,24.35159132,25.61249695,24.73863375,26.2488095,25.49509757,28.60069929,25.3179778,28.3019434,27.45906044,26.07680962,30.08321791,30.52867504,30.2654919,28.3019434,31.04834939,32.64965543
30.88689042,13.45362405,27.73084925,15.8113883,29.52964612,17.20465053,26.41968963,17.4642492,26,14.76482306,27.85677655,14.86606875,25.07987241,16.4924225,24.16609195,16.1245155,22.36067977,16.1245155,22.82542442,14.14213562,22.82542442,16.03121954,21.09502311,16.2788206,23.70653918,16.2788206,19.72308292,14.56021978,21.26029163,14.31782106,20.61552813,15.65247584,21.40093456,16.1245155,20.61552813,15,22.6715681,15.55634919,20.51828453,17.20465053,22.627417,17.02938637,21.9317122,19.20937271,21.26029163,18.86796226,24.08318916,20.59126028,24.08318916,21.09502311,27.20294102,23.70653918
32.01562119,18.38477631,33.28663395,17.72004515,32.01562119,14.31782106,32.24903099,12.52996409,30.23243292,12.80624847,30.88689042,11.66190379,30.41381265,9.433981132,25.55386468,10.63014581,25.94224354,11.3137085,27.45906044,11.40175425,28.17800561,12.20655562,24.16609195,12.80624847,26,12.52996409,25.05992817,14.4222051,23.2594067,13.89244399,22.82542442,16.76305461,24.16609195,15.65247584,21.9544984,18.38477631,23.70653918,19.6977156,22.36067977,18.02775638,21.9544984,20.24845673,21.02379604,19.31320792,20.61552813,21.84032967,21.54065923,25,20.61552813,24.73863375,21.47091055,26.47640459
62.28964601,18.02775638,79.40403012,16.4924225,77.62087348,18.35755975,70.49113419,8.062257748,74.43117626,17,65.4369926,11.18033989,75.74298647,16.15549442,68.59300256,33.30165161,85.95929269,7.810249676,76.6093989,27.20294102,75.92759709,21.9317122,60.81118318,21.63330765,77.20103626,16,69.63476143,14.86606875,71.40028011,13.89244399,84.59905437,18.02775638,72.20110802,23.02172887,76.2758153,12.08304597,78.77182237,15.62049935,76.55063684,19.6977156,82.66196223,11.40175425,75.60423269,20.59126028,81.63332653,15.03329638,98.11218069,14.56021978,91.23595782,11.40175425,94.51454914,8
20,11.18033989,19.84943324,13.92838828,20,12.52996409,19.10497317,12.08304597,19.10497317,11.18033989,20.51828453,12.36931688,20.24845673,12.36931688,20.80865205,10.44030651,20.59126028,11.40175425,22.47220505,8.544003745,23.70653918,9.486832981,24.18677324,9.219544457,25.55386468,8.246211251,26.83281573,7.211102551,26.92582404,8.062257748,29.73213749,9.899494937,29.15475947,10.81665383,31.01612484,9.219544457,31.01612484,9.219544457,30.08321791,12.04159458,30.6757233,12.04159458,30.46309242,12.04159458,31.6227766,9.219544457,37,12.20655562,32.89376841,11.3137085,37,11.40175425
6.08276253,16.55294536,7.071067812,16.55294536,8.246211251,15.26433752,8.062257748,14.31782106,10,11.40175425,9.486832981,12.20655562,12.36931688,11.40175425,11.04536102,10.63014581,13.15294644,11.3137085,13.03840481,10.63014581,18,14.2126704,17.02938637,12.04159458,19.10497317,12.04159458,21.21320344,14.2126704,20.22374842,13.60147051,22.36067977,16.1245155,22.36067977,16.1245155,21.58703314,16.55294536,24.73863375,18.78829423,21.37755833,17,23.34523506,19.72308292,22.20360331,20.61552813,25.3179778,18.38477631,27.29468813,20.59126028,28.63564213,19.31320792,28.63564213,22.47220505
11.66190379,12.20655562,13.60147051,13.60147051,11.18033989,15,12.20655562,13.03840481,13.34166406,9.433981132,10.77032961,12.08304597,14.86606875,15.8113883,16.2788206,15.29705854,17.11724277,15.13274595,16.1245155,13.03840481,22,18.24828759,19.02629759,19,22,20,24.33105012,20,26.07680962,18.02775638,27.07397274,22.09072203,28.44292531,20.09975124,28.16025568,22.36067977,30.14962686,21.21320344,30.8058436,22.20360331,33.73425559,23.08679276,31.78049716,23.08679276,32.75667871,26.17250466,35.6931366,31.40063694,35.44009029,30.59411708,35.6931366,30.59411708
7.810249676,14.76482306,5.830951895,14.4222051,6.403124237,14.86606875,6.32455532,14.86606875,7.280109889,15.62049935,8,18.43908891,9.055385138,18.78829423,8.246211251,17.80449381,8.062257748,18.02775638,10.04987562,19.92485885,12.08304597,23.19482701,11.70469991,22.56102835,12.36931688,25.49509757,13.15294644,25.17935662,13.92838828,27.01851217,14.56021978,31.06444913,15.5241747,31,16.4924225,31.01612484,17.2626765,34.0147027,18.38477631,31.06444913,19.02629759,33.06055051,16.76305461,34.13209633,17.4642492,37.01351105,20.61552813,43.01162634,21.54065923,41.30375286,21.84032967,41.30375286
28.7923601,10.19803903,29.15475947,13.34166406,26.92582404,14.14213562,28.28427125,13.15294644,26.30589288,12.04159458,24.33105012,11.40175425,24.0208243,13,22,11.18033989,21.21320344,12,20.39607805,12.16552506,23.76972865,11.18033989,19.92485885,12.36931688,20.1246118,9.219544457,19.6977156,11.18033989,21.09502311,8.94427191,22.20360331,8.94427191,22.6715681,7.615773106,23.34523506,5.656854249,24.8394847,7.810249676,22.02271555,8.602325267,25,6.708203932,25.8069758,7.211102551,25.94224354,3.605551275,29.52964612,5.656854249,30.08321791,6.403124237,32.31098884,7.615773106
20.61552813,31.38470965,17.88854382,31.38470965,21.02379604,32.24903099,14.76482306,31.38470965,19.10497317,31.01612484,17.88854382,28.23118843,12.04159458,31.6227766,18.11077028,26.30589288,16.03121954,41.40048309,15,25,16.76305461,25.70992026,15.03329638,25.01999201,14.14213562,27.07397274,14.14213562,24,14.31782106,24.18677324,13,22,13.89244399,22.02271555,15.65247584,20.09975124,18.02775638,19.10497317,16.64331698,19.23538406,17.02938637,18.02775638,17.02938637,19.23538406,18.43908891,19.41648784,19.23538406,18.68154169,23.02172887,16.1245155,23.60084744,20.24845673
34.88552709,4.472135955,34,4,32.20248438,2,32.31098884,2.236067977,32.20248438,2.828427125,32.57299495,3.16227766,33.95585369,2.236067977,27.89265136,4.123105626,26.47640459,3.16227766,24.0208243,5,29.15475947,6.32455532,26.17250466,4,26.07680962,6.708203932,25.17935662,6.32455532,24.18677324,7.615773106,25.17935662,7.280109889,20.39607805,8.94427191,20.22374842,11.18033989,21.58703314,11.66190379,20.88061302,10.77032961,20.24845673,13.41640786,18.97366596,13,19.31320792,15.5241747,17.08800749,19.41648784,20.24845673,19.41648784,19.6977156,21.09502311
18.35755975,20,17.88854382,19.41648784,18.86796226,20.61552813,19.6977156,19.20937271,18.78829423,17.80449381,19.23538406,17.69180601,19.23538406,14.86606875,18.78829423,14.86606875,18.38477631,14.86606875,15.65247584,13.45362405,17.88854382,12.80624847,16.76305461,12.80624847,15.23154621,13.03840481,14.31782106,12.20655562,14.76482306,11.40175425,13.92838828,11.40175425,13,11.66190379,10.77032961,10.81665383,10.44030651,11.66190379,9.219544457,10.81665383,9.486832981,11.18033989,11.70469991,11.66190379,8.94427191,10,8.544003745,12.52996409,9.486832981,13.92838828,8.246211251,13
23.40939982,1,25.63201124,1.414213562,25.94224354,5,26.92582404,5,26.62705391,6.708203932,29.20616373,8.602325267,32.01562119,10,27.65863337,11.40175425,30.61045573,12.20655562,29.20616373,13.03840481,31.6227766,13.60147051,30,14.4222051,28.65309756,15.65247584,31.38470965,11.18033989,30.87069808,12.08304597,32.57299495,13.92838828,32.89376841,13.89244399,31.95309062,12.80624847,30.8058436,11.66190379,30.14962686,12.04159458,28.86173938,10.81665383,28.44292531,11.40175425,27.29468813,12.52996409,32.75667871,15.29705854,27.65863337,14.03566885,30.08321791,18.02775638
16.15549442,30.23243292,17.2626765,31.06444913,18.43908891,30.23243292,20.61552813,31.06444913,18.68154169,28.60069929,19.6468827,27.80287755,20.61552813,26.40075756,20.39607805,24.41311123,18.24828759,23.43074903,18.11077028,20.61552813,20.22374842,24.20743687,18.43908891,22.20360331,18.11077028,20,16.2788206,20,16.03121954,17.20465053,18.02775638,19.41648784,14.14213562,15.8113883,12.04159458,16.40121947,10,15.8113883,10.04987562,16.1245155,8.246211251,14.4222051,7.071067812,14.76482306,7.071067812,15.23154621,7.280109889,17.4642492,7.280109889,15.23154621,7.280109889,18.38477631
21.26029163,4,21.26029163,3,23.43074903,2,21.63330765,1.414213562,21.26029163,1,21.26029163,0,20.61552813,1.414213562,18.43908891,1,19.10497317,1.414213562,18.43908891,2.236067977,19.10497317,2.236067977,19.20937271,3.16227766,19.84943324,3.16227766,19.10497317,4.123105626,17.69180601,4.123105626,19.10497317,5,19.79898987,4,17.69180601,6,19.10497317,5.099019514,19.10497317,5,19.79898987,5,19.79898987,4,18.43908891,5,21.21320344,6,20.51828453,5.099019514,20.51828453,6
71.11258679,58.79625838,74.94664769,49.40647731,77.07788269,54.3783045,74.33034374,48.82622246,74.62573283,50.47771786,75.59100476,44.55333882,77.17512553,37.20215048,82.15229759,40.49691346,68.79680225,33.28663395,68,24.20743687,74.70609078,32.64965543,58.52349955,28.28427125,59.9082632,28.31960452,57.70615219,19.20937271,53.31041174,27.01851217,59.03388857,27.20294102,48.66210024,23.34523506,49.03060269,18.60107524,42.72001873,28.3019434,32.06243908,28.42534081,39.11521443,33.24154028,33.01514804,32.64965543,27.20294102,29.12043956,38.07886553,42.44997055,30.87069808,37.21558813,34.13209633,46.17358552
2.236067977,12.20655562,1,14.2126704,1,12.04159458,2,12.72792206,1.414213562,12.80624847,3.605551275,12.04159458,3.605551275,12.20655562,4.472135955,11.40175425,4.242640687,10.81665383,4.242640687,9.899494937,3.16227766,10,3.605551275,8.062257748,2.828427125,8.062257748,2.236067977,8.062257748,2.828427125,8.544003745,2,8.062257748,2,6.708203932,1,5.830951895,2,6.708203932,2,7.280109889,1.414213562,6.32455532,2.236067977,7.280109889,2,7.615773106,3.16227766,7.280109889,3,7.615773106,4,8.246211251
1,11.40175425,1.414213562,12.04159458,2.828427125,10.81665383,2.236067977,12.04159458,2.828427125,12.04159458,2.236067977,12.04159458,3,12.04159458,2.828427125,11.40175425,2.236067977,10,3.16227766,9.899494937,2.236067977,10,3.605551275,9.433981132,2,8.062257748,2,7.211102551,2.236067977,6.708203932,3,7.615773106,1,7.280109889,2,6.32455532,1,5.099019514,2,5.099019514,2,5.385164807,2,7.071067812,2,4.123105626,3,5,3,6.08276253,5.099019514,7
33.9705755,18.43908891,35.4682957,17.49285568,34.05877273,14.76482306,31.11269837,13.60147051,36.40054945,18.02775638,36.06937759,17.49285568,34.6554469,13.60147051,32.55764119,11.40175425,29.73213749,8.544003745,30.47950131,10.29563014,32.55764119,11.18033989,29.20616373,10.44030651,26.62705391,9.848857802,22.8035085,11.18033989,21.09502311,11.18033989,25.05992817,10.63014581,21.47091055,11.40175425,19.41648784,13.45362405,21.40093456,16.2788206,22.82542442,15.55634919,22.82542442,18.43908891,21.54065923,17.80449381,21.54065923,19.10497317,24.35159132,19.20937271,28.46049894,19.84943324,25,21.40093456
15.26433752,5.385164807,15.26433752,5,15.26433752,6.32455532,15.62049935,5.385164807,16.64331698,5.099019514,15.62049935,6.08276253,15.62049935,5.099019514,15.62049935,4.123105626,16.2788206,5.099019514,14.86606875,3.16227766,14.86606875,4.472135955,14.2126704,3.16227766,14.4222051,4.123105626,13.60147051,3.605551275,13.60147051,2.236067977,13.60147051,3.605551275,13.03840481,4.242640687,11.40175425,4.242640687,13.60147051,5.385164807,13.03840481,5.656854249,13.03840481,5,13.03840481,5.656854249,12.20655562,5.656854249,13.41640786,5.830951895,12.52996409,5.830951895,14.31782106,6.403124237
4,15.8113883,4.472135955,15,4.472135955,15.8113883,3.605551275,15.62049935,5.385164807,14.4222051,4.472135955,16.2788206,7.615773106,15.62049935,6.403124237,14.2126704,5,15.55634919,5,12.72792206,5.830951895,14.86606875,5.656854249,13.60147051,5,14.4222051,5.656854249,13.45362405,3.605551275,12.80624847,5.099019514,15,3.605551275,13.41640786,3,13.60147051,3,13.03840481,4,13.03840481,4.123105626,13.03840481,4,13.03840481,3,12.52996409,3.16227766,14.76482306,5.099019514,12.52996409,3.605551275,13.89244399
26,21.02379604,26.92582404,20.59126028,28.63564213,22.47220505,26.07680962,21.26029163,27.29468813,20.51828453,28.3019434,20.51828453,28.3019434,17.69180601,27.20294102,16.97056275,25.61249695,16.40121947,24.75883681,16.64331698,25.49509757,17.02938637,22.627417,15.65247584,22.6715681,16.55294536,22.627417,17,22.02271555,15.65247584,21.09502311,17.08800749,19.72308292,17.08800749,19.23538406,16.1245155,15.23154621,18.38477631,17.4642492,21.02379604,18.68154169,19.23538406,19.41648784,20.59126028,16.4924225,18.38477631,19,21.47091055,20,20.1246118,22.09072203,22.36067977
16.2788206,12.20655562,17.80449381,11.66190379,18.60107524,13.60147051,17.20465053,13.41640786,18.43908891,13.45362405,21.40093456,15.55634919,17.80449381,14.86606875,19.20937271,14.86606875,18.43908891,14.4222051,17.80449381,13.03840481,19.79898987,14.2126704,18.38477631,13.03840481,17.69180601,14.4222051,18.38477631,15,14.86606875,14.4222051,16.97056275,13.60147051,15.62049935,15.26433752,14.86606875,11.66190379,14.86606875,12.04159458,14.14213562,10,12.80624847,11.66190379,14.2126704,12.04159458,13.60147051,8.602325267,15.26433752,10.81665383,15.65247584,10,15.26433752,9.219544457
2.828427125,26.90724809,2.828427125,29,1.414213562,29.73213749,2.828427125,29,3.605551275,28.28427125,1.414213562,29,1,29,1,29,0,27.65863337,1.414213562,26.2488095,2.236067977,29.20616373,2,27.20294102,1.414213562,25.8069758,1,26.2488095,0,23.60084744,2.236067977,26.40075756,0,24.20743687,1,23.60084744,2.236067977,23.43074903,3,21.9544984,2,21.63330765,1,23.32380758,2.236067977,20.59126028,3.605551275,22.47220505,1.414213562,22.36067977,2.828427125,22.36067977
12.80624847,14.4222051,11.3137085,13.03840481,13.60147051,12.52996409,12.80624847,13.03840481,12.80624847,13.60147051,12.80624847,13.03840481,13.03840481,14.86606875,12.04159458,14.14213562,11.40175425,12.80624847,11.40175425,12.72792206,12.04159458,14.2126704,10.81665383,13.60147051,11.40175425,12.80624847,12.04159458,13.03840481,10.63014581,12.20655562,12.04159458,13.03840481,10.63014581,12.20655562,11.40175425,11.66190379,12.80624847,12.08304597,12.04159458,10.77032961,12.04159458,12.52996409,11.40175425,12.08304597,10.63014581,10.77032961,12.72792206,11.70469991,10.63014581,13.60147051,12.04159458,12.16552506
20,17.80449381,20.80865205,17.02938637,20.61552813,19.20937271,20.61552813,18.38477631,19.20937271,18.38477631,19.84943324,19.10497317,19.10497317,19.84943324,17.69180601,19.10497317,18.38477631,18.43908891,17.69180601,17.80449381,19.79898987,21.40093456,19.10497317,20.24845673,19.84943324,18.60107524,19.20937271,19.20937271,17.80449381,20,18.60107524,20,18.02775638,20,19.41648784,17.02938637,18.60107524,19.20937271,18.86796226,17.20465053,18.86796226,17.80449381,18.86796226,18.60107524,18.35755975,16.40121947,21.9544984,16.40121947,20.80865205,18.02775638,20.80865205,17.49285568
6.32455532,24.8394847,6.32455532,24.8394847,8.062257748,26.2488095,6.403124237,26.40075756,7.810249676,25.61249695,7.810249676,26.2488095,8.485281374,24.8394847,7.810249676,24.08318916,8.062257748,24.08318916,7.615773106,24.08318916,8.94427191,26.17250466,8.544003745,24.8394847,8.94427191,23.34523506,8.544003745,24.04163056,9.486832981,23.34523506,9.486832981,25.45584412,9.486832981,24.08318916,7.280109889,24.08318916,8.246211251,24.08318916,8.062257748,22.6715681,8.246211251,22.6715681,8.062257748,23.43074903,7.071067812,22.8035085,7,24.20743687,7.071067812,24.08318916,7,24.8394847
9.219544457,25.49509757,8.544003745,26.90724809,8.544003745,27.65863337,8.062257748,28.01785145,5.830951895,27.01851217,6.403124237,27.01851217,4.242640687,27.80287755,5,26.40075756,4.472135955,26.40075756,5.830951895,25.61249695,7.615773106,27.80287755,6.32455532,26.62705391,7.280109889,25.8069758,7.071067812,25.61249695,7.071067812,25.61249695,8.062257748,27.80287755,9,26.40075756,9,24.08318916,9,24.8394847,9,24.20743687,10,24.08318916,9.055385138,23.43074903,10.04987562,22.6715681,13.03840481,23.43074903,11.04536102,23.43074903,12.16552506,23.43074903
14.76482306,21.21320344,16.1245155,21.26029163,14.4222051,22.627417,14.4222051,22.20360331,13.60147051,22.6715681,13.60147051,22.8035085,12.80624847,22.8035085,12.04159458,22.20360331,12.72792206,22.20360331,12.04159458,20.24845673,13.60147051,22.47220505,12.80624847,21.63330765,13.60147051,21.9544984,13.03840481,21.63330765,12.20655562,21.63330765,13.41640786,23.02172887,13.89244399,21.63330765,13.92838828,19.41648784,14.76482306,20.24845673,14.31782106,19.41648784,14.31782106,19.41648784,14.31782106,18.02775638,14.86606875,17.80449381,16.55294536,18.86796226,16.55294536,18.86796226,16.55294536,18.86796226
22.627417,8.94427191,23.34523506,9.433981132,24.75883681,8.602325267,25.8069758,10,24.08318916,7.810249676,26.2488095,7.810249676,24.8394847,7.810249676,23.43074903,7.211102551,24.20743687,7.211102551,21.40093456,8.062257748,25.61249695,8.94427191,24.20743687,8.062257748,24.20743687,8.544003745,23.43074903,8.544003745,22.8035085,9.219544457,23.43074903,9.219544457,23.43074903,9.219544457,22.6715681,10.44030651,22.02271555,10.19803903,22.6715681,11.40175425,22.627417,10.19803903,21.9317122,10.44030651,20.51828453,11.40175425,22.6715681,12.64911064,22.6715681,11.40175425,23.34523506,12.64911064
14.86606875,23.60084744,14.86606875,23.60084744,15.55634919,23.43074903,16.40121947,22.8035085,17.20465053,21.26029163,17.20465053,22.02271555,17.20465053,21.9317122,16.64331698,20.51828453,16.1245155,21.26029163,15.65247584,20.51828453,17,21.9317122,16.55294536,21.21320344,16.55294536,21.26029163,14.31782106,20.51828453,15.65247584,20,16.55294536,21.40093456,16.55294536,20.61552813,13.41640786,21.63330765,14.31782106,22.20360331,13.60147051,20.80865205,13.41640786,21.09502311,13.92838828,20.80865205,12.08304597,21.63330765,12.64911064,23.85372088,12.64911064,22.47220505,12.64911064,23.02172887
7.071067812,34.71310992,7.071067812,33.30165161,5,31.82766093,3.16227766,34.05877273,4,33.24154028,3,34.05877273,1,34.82814953,1,32.64965543,0,32.55764119,1,31.82766093,3.16227766,34.05877273,2.828427125,32.01562119,4.472135955,31.89043744,2.236067977,31.89043744,4.472135955,32.55764119,4.242640687,33.9411255,4.472135955,32.55764119,5.385164807,32.55764119,5.099019514,31.11269837,6.708203932,31.82766093,5,30.47950131,6.32455532,31.144823,5.385164807,30.47950131,7.071067812,32.55764119,6.08276253,33.24154028,7.071067812,33.24154028
5,22.02271555,4.123105626,25,4.242640687,22.627417,3.605551275,24.20743687,6.403124237,21.26029163,4.472135955,24.20743687,5.656854249,24.20743687,7.280109889,22.6715681,4.472135955,23.43074903,4.123105626,19.79898987,7.071067812,23.43074903,5,21.21320344,5.099019514,22.6715681,6,22.627417,5.099019514,21.9317122,6,24.04163056,6,22.627417,5.099019514,23.34523506,5.099019514,21.40093456,6.32455532,21.26029163,5.385164807,23.34523506,5.099019514,22.6715681,4.472135955,22.20360331,5.385164807,23.43074903,5.830951895,22.6715681,4.472135955,23.43074903
8.246211251,22.627417,8.544003745,23.34523506,7.280109889,23.34523506,8.062257748,24.8394847,5.830951895,24.04163056,5.830951895,24.08318916,5,24.8394847,5.656854249,22.8035085,5.830951895,24.08318916,4.242640687,22.02271555,5.385164807,24.8394847,5.385164807,25,7.280109889,23.43074903,7.071067812,23.34523506,6.08276253,23.43074903,7.071067812,24.8394847,7.071067812,23.43074903,8.062257748,22.627417,8,23.34523506,9.055385138,22.6715681,9.055385138,24.04163056,8.062257748,22.627417,9.055385138,21.21320344,11,23.34523506,9.055385138,23.34523506,10.19803903,24.75883681
17.20465053,15,17.02938637,15.26433752,18.60107524,15.8113883,17.69180601,16.40121947,18.43908891,15.62049935,19.10497317,15.62049935,19.10497317,14.86606875,19.10497317,14.86606875,19.10497317,14.86606875,17.69180601,14.14213562,19.10497317,16.2788206,19.20937271,15.62049935,19.20937271,15.62049935,19.84943324,15.8113883,19.10497317,15,19.84943324,15.26433752,19.84943324,15.26433752,18.38477631,16.1245155,19.10497317,15.26433752,19.10497317,15.65247584,19.10497317,14.76482306,19.10497317,17,18.38477631,17,19.10497317,17.88854382,19.10497317,18.35755975,19.84943324,17.88854382
20.61552813,7.211102551,19.79898987,9.219544457,21.26029163,8.062257748,21.9317122,7.810249676,22.02271555,8.602325267,21.21320344,6.403124237,21.21320344,7.071067812,21.9317122,6.403124237,21.9317122,5.830951895,21.26029163,7.211102551,22.6715681,8.062257748,21.9317122,6.708203932,21.21320344,7.280109889,22.627417,8.544003745,21.9317122,7.280109889,24.08318916,8.246211251,21.9317122,8.062257748,21.21320344,10.44030651,21.9317122,10.44030651,20.51828453,9.848857802,21.26029163,10.19803903,21.9317122,9.486832981,20.51828453,10.44030651,21.9317122,12.16552506,21.9317122,11.40175425,22.627417,12.16552506
15.26433752,16.1245155,15.62049935,16.40121947,15.62049935,17.49285568,17.20465053,17.02938637,15.62049935,17.80449381,14.86606875,17.80449381,14.86606875,18.38477631,13.45362405,17.69180601,13.45362405,19.79898987,14.2126704,16.97056275,15,19.10497317,14.2126704,18.43908891,15,17.69180601,15.8113883,17.69180601,14.4222051,18.38477631,16.64331698,20.51828453,16.1245155,18.38477631,16.1245155,17.69180601,15.26433752,17.69180601,15.65247584,17.69180601,16.1245155,19.10497317,17,19.10497317,16.55294536,18.38477631,20.1246118,19.10497317,18.35755975,19.84943324,19.23538406,19.10497317
17.69180601,4.472135955,19.10497317,3.16227766,20.51828453,4.123105626,19.79898987,3,19.79898987,3.16227766,19.79898987,3.16227766,19.79898987,4.123105626,19.79898987,2.828427125,19.79898987,3.605551275,18.43908891,2.236067977,21.9317122,4.123105626,19.79898987,4.472135955,20.51828453,4,20.61552813,4.123105626,19.79898987,3.16227766,20.61552813,5.099019514,21.26029163,5.099019514,20.80865205,4.123105626,22.02271555,5,21.26029163,5.385164807,20,4.123105626,21.40093456,4.472135955,20.80865205,4.123105626,23.02172887,4.472135955,22.02271555,4.472135955,23.60084744,4.472135955
2.828427125,5.099019514,2.236067977,4,2.236067977,5.099019514,2.236067977,6.32455532,0,5.385164807,3,8.062257748,1,7,1.414213562,6,2.236067977,8.062257748,1,5,2,7.071067812,0,7,1.414213562,8.062257748,2,8.062257748,2.236067977,9,0,9.219544457,1,9.055385138,2,9,1.414213562,9.055385138,1,10,1,11.18033989,1,11.18033989,3.16227766,11,2.828427125,12.16552506,2.828427125,12.08304597,5,12.36931688
6.403124237,4.472135955,8.94427191,5,9.433981132,3.605551275,7.810249676,4.472135955,6.708203932,5,9.433981132,5,10.44030651,6.403124237,8.94427191,5.830951895,9.486832981,6.708203932,8.544003745,5.656854249,10.44030651,7.211102551,9.486832981,7.211102551,10.19803903,5,11.04536102,6.708203932,11.18033989,7.211102551,11.18033989,6.708203932,11.18033989,6.708203932,12.16552506,7.615773106,13.34166406,8.544003745,12.64911064,5.830951895,12.64911064,6.08276253,13.60147051,6.708203932,13.34166406,7.280109889,14.86606875,7.211102551,15.23154621,6.708203932,14.31782106,7.615773106
3.16227766,10,3.16227766,11.40175425,2.236067977,12.04159458,3.16227766,12.80624847,2,12.20655562,1,12.04159458,2.236067977,12.20655562,2,12.80624847,2.236067977,12.80624847,1,12.20655562,3.16227766,15,1.414213562,12.20655562,2.236067977,13.03840481,4.242640687,13.03840481,2.828427125,13.41640786,2.236067977,14.4222051,2.236067977,14.76482306,3,13.41640786,3.16227766,13.89244399,4.123105626,13.89244399,2.828427125,14.31782106,3,14.31782106,4,14.76482306,3,15.65247584,3.16227766,16.64331698,3.16227766,15.65247584
10,11.40175425,9.433981132,10.63014581,10.81665383,12.04159458,10,12.04159458,8.94427191,12.20655562,8.062257748,13.60147051,8.94427191,14.4222051,9.486832981,13.60147051,10.77032961,13.45362405,9.848857802,13.45362405,10.44030651,14.2126704,9.848857802,14.2126704,9.219544457,13.60147051,11.40175425,13.60147051,10.77032961,14.4222051,11.40175425,15.8113883,11.70469991,14.4222051,12.64911064,14.4222051,11.70469991,15.8113883,12.64911064,14.4222051,12.08304597,15.26433752,13,15.26433752,13,14.76482306,13.92838828,15.26433752,14.76482306,15.8113883,14.31782106,16.40121947
15.62049935,5,15.62049935,5,16.40121947,5,15.62049935,5,15.62049935,7.071067812,17.20465053,7.810249676,16.40121947,7.810249676,16.64331698,7.810249676,16.64331698,7.810249676,15.26433752,7.810249676,18.02775638,7.071067812,16.64331698,8.602325267,17,7.211102551,18.35755975,7.810249676,17,7.810249676,18.35755975,9.219544457,17,8.485281374,17.4642492,7.810249676,18.35755975,7.810249676,17.88854382,7.810249676,17.88854382,8.062257748,18.35755975,7.810249676,17.88854382,8.602325267,20.1246118,7.211102551,20.24845673,8.602325267,21.63330765,7.810249676
14.14213562,5.830951895,14.14213562,6.403124237,14.86606875,5.830951895,14.86606875,5.830951895,14.14213562,7.071067812,14.2126704,7.071067812,15,6.403124237,14.4222051,7.810249676,13.60147051,7.071067812,12.80624847,7.810249676,15.26433752,8.485281374,15.26433752,8.485281374,15.26433752,8.485281374,15.65247584,8.485281374,14.76482306,8.485281374,15.65247584,8.485281374,15.65247584,9.899494937,16.15549442,7.810249676,16.55294536,7.810249676,15.65247584,7.071067812,15.65247584,8.602325267,17,7.810249676,17,8.602325267,17.88854382,7.810249676,17.49285568,8.602325267,18.35755975,8.062257748
14.31782106,13.92838828,13.60147051,14.14213562,11.70469991,14.03566885,6.708203932,13.15294644,5,12.20655562,5.099019514,15.62049935,10.19803903,17.80449381,12.36931688,16.97056275,10.44030651,16.64331698,7.071067812,15.23154621,2.236067977,15.26433752,2.236067977,15.8113883,6,18.78829423,8.94427191,21.47091055,10.81665383,18.86796226,8.602325267,19.10497317,4,14.2126704,7.615773106,12.80624847,9.219544457,15.5241747,14.14213562,17.2626765,12.52996409,18.43908891,13.60147051,17.08800749,9.848857802,12.52996409,9.899494937,8.602325267,14.86606875,5.099019514,19.31320792,8.94427191
6.403124237,12.72792206,5.830951895,12.80624847,5.656854249,13.45362405,5.656854249,13.45362405,6.403124237,13.45362405,7.071067812,14.14213562,6.403124237,14.2126704,6.403124237,14.14213562,6.403124237,14.86606875,7.211102551,14.14213562,8.602325267,15.55634919,8.062257748,15.62049935,7.211102551,14.86606875,6.708203932,14.86606875,6.32455532,15,6.32455532,17.20465053,5.830951895,17.80449381,7.280109889,16.40121947,6.32455532,15.8113883,6.32455532,15.62049935,5.099019514,17.49285568,6.32455532,15.8113883,6.32455532,15.8113883,8.062257748,16.1245155,6.32455532,15.8113883,8.062257748,16.64331698
10.29563014,4.242640687,13.03840481,4.472135955,13.60147051,4.472135955,11.40175425,2.828427125,13.03840481,4.123105626,13.03840481,3.605551275,13.60147051,5,13.03840481,4.472135955,13.60147051,5,13.89244399,5,15.26433752,7.810249676,16.40121947,6.403124237,15.26433752,6.403124237,17,7.211102551,16.64331698,6.403124237,17,7.211102551,15.65247584,7.810249676,17.4642492,6.403124237,17,7.211102551,16.55294536,6.403124237,17,7.810249676,17,6.403124237,17,7.071067812,18.35755975,6.403124237,17.4642492,7.211102551,18.86796226,7.211102551
5.656854249,13.89244399,7.810249676,12.52996409,8.485281374,14.31782106,7.810249676,12.52996409,7.810249676,12.52996409,7.615773106,13.41640786,7.810249676,16.1245155,5.385164807,14.76482306,9.486832981,18.35755975,8.94427191,17.49285568,7.211102551,18.86796226,6.403124237,16.2788206,7.211102551,17.02938637,8.062257748,16.64331698,7.280109889,18.86796226,7.615773106,18.02775638,8.544003745,18.02775638,7.615773106,18.86796226,6.708203932,19.72308292,7.615773106,19.41648784,6.708203932,18.86796226,8.544003745,18.02775638,7.615773106,19.41648784,8.94427191,19.23538406,7.615773106,19.72308292,8.062257748,20.59126028
10.63014581,11.66190379,10.63014581,11.66190379,10.63014581,12.52996409,11.40175425,12.20655562,10.63014581,12.52996409,10.63014581,12.20655562,11.40175425,13.03840481,12.04159458,14.2126704,11.40175425,13.60147051,12.04159458,13.03840481,12.20655562,15,11.40175425,14.86606875,10.81665383,14.2126704,11.66190379,14.2126704,12.80624847,15,13.03840481,16.40121947,12.20655562,15.8113883,12.52996409,15,12.52996409,15.8113883,13.03840481,15,12.52996409,16.40121947,12.52996409,15.62049935,12.52996409,16.40121947,13.41640786,16.40121947,13.03840481,16.40121947,13.89244399,17.02938637
14.86606875,9.486832981,14.86606875,9.848857802,14.86606875,9.219544457,16.2788206,8.544003745,16.40121947,9.848857802,16.2788206,9.486832981,16.40121947,10.81665383,16.2788206,10.29563014,17.02938637,9.433981132,15,10.81665383,18.43908891,11.40175425,17.69180601,12.04159458,18.43908891,11.40175425,17.80449381,11.40175425,18.43908891,12.20655562,18.60107524,12.80624847,18.43908891,12.20655562,17.80449381,12.80624847,17.80449381,12.80624847,17.80449381,12.04159458,16.64331698,13.03840481,17.20465053,12.72792206,17.20465053,12.80624847,18.86796226,14.2126704,18.02775638,13.45362405,18.60107524,12.04159458
13.03840481,4.123105626,13.03840481,4.123105626,13.89244399,4.472135955,13.60147051,3.16227766,14.4222051,4.123105626,14.4222051,3,14.4222051,4.123105626,14.4222051,4.123105626,16.40121947,3.16227766,13.60147051,4,17.02938637,4.472135955,17.02938637,3.605551275,17.20465053,4.472135955,17.20465053,4.123105626,17.20465053,5.385164807,17.20465053,6.403124237,17.20465053,6.403124237,17.20465053,5,17.20465053,5.830951895,17.20465053,5,17.20465053,5.656854249,17.20465053,6.403124237,16.64331698,5.656854249,18.02775638,5.656854249,18.60107524,5,18.02775638,5
17.88854382,10.63014581,20.59126028,12.80624847,21.02379604,14.2126704,19.41648784,14.2126704,23.32380758,14.2126704,23.43074903,14.86606875,22.6715681,14.4222051,25,13.45362405,24.08318916,13.60147051,23.43074903,13.89244399,27.80287755,18.35755975,28.31960452,16.1245155,29.73213749,18.78829423,31.144823,18.02775638,31.2409987,15.8113883,35,17.72004515,33.30165161,15.29705854,30.52867504,17.4642492,33.42154993,16.2788206,31.6227766,17.02938637,31.40063694,17.11724277,31.40063694,18.11077028,27.78488798,17.11724277,30.8058436,20.39607805,29.41088234,20.61552813,30.23243292,22.13594362
8.062257748,20.80865205,9,22.8035085,9.055385138,23.02172887,8.062257748,26.17250466,7.280109889,25.61249695,8.94427191,25.61249695,10,28.31960452,11.40175425,27.80287755,10.63014581,27.65863337,10.81665383,29.20616373,12.04159458,30.61045573,13.45362405,30.61045573,12.80624847,29.41088234,15.62049935,31.06444913,13.45362405,30.52867504,16.40121947,33.28663395,16.2788206,31.38470965,15.55634919,33.12099032,17.02938637,32.75667871,16.40121947,31.38470965,14.86606875,32.20248438,14.86606875,30.87069808,12.72792206,29.96664813,14.14213562,33.61547263,12.80624847,33.12099032,12.04159458,33.61547263
10.63014581,9.433981132,11.3137085,9.219544457,11.3137085,9.219544457,11.3137085,9.433981132,10.63014581,10,11.40175425,10.81665383,12.04159458,10.63014581,11.40175425,11.3137085,10.63014581,10.63014581,10.63014581,11.40175425,11.40175425,12.04159458,12.04159458,12.04159458,12.20655562,11.3137085,12.20655562,12.04159458,12.20655562,12.80624847,13.03840481,13.45362405,12.20655562,12.80624847,11.66190379,12.80624847,12.80624847,12.04159458,12.52996409,12.04159458,12.20655562,12.04159458,11.66190379,13.45362405,11.66190379,12.04159458,13.03840481,12.04159458,12.52996409,12.80624847,13.03840481,12.04159458
8.602325267,12.20655562,9.433981132,12.80624847,7.810249676,14.4222051,9.219544457,14.14213562,8.485281374,14.2126704,9.219544457,14.2126704,9.219544457,14.2126704,8.485281374,14.2126704,8.485281374,14.2126704,9.219544457,12.80624847,10.63014581,15.62049935,9.219544457,14.86606875,9.219544457,16.2788206,8.602325267,15.55634919,8.602325267,17.02938637,9.219544457,17.02938637,8.602325267,17.02938637,10,16.40121947,8.602325267,17.20465053,8.94427191,16.2788206,8.062257748,17.02938637,8.602325267,15.62049935,7.810249676,15.62049935,9.848857802,17.02938637,8.602325267,16.2788206,10.29563014,17.02938637
12.72792206,4.472135955,13.45362405,5.830951895,12.80624847,5,14.2126704,4.472135955,12.80624847,5.830951895,15,6.403124237,14.2126704,6.403124237,15,6.403124237,14.2126704,5.656854249,14.2126704,5.656854249,15.62049935,6.403124237,15.62049935,6.403124237,15,5,15,5.656854249,15.8113883,5.656854249,16.64331698,6.403124237,15.8113883,6.403124237,15.8113883,7.211102551,15.8113883,7.071067812,17.20465053,5.830951895,15.8113883,7.071067812,15.8113883,6.403124237,15.26433752,7.211102551,18.02775638,5.830951895,17.20465053,7.211102551,17.20465053,6.708203932
12.20655562,7.810249676,12.20655562,7.810249676,12.20655562,7.810249676,12.80624847,8.602325267,12.20655562,8.485281374,12.80624847,7.810249676,12.80624847,7.071067812,13.45362405,7.810249676,13.60147051,8.602325267,12.80624847,9.219544457,13.45362405,10,14.86606875,7.810249676,14.2126704,8.602325267,15.62049935,8.602325267,14.86606875,8.602325267,14.86606875,9.433981132,15.62049935,9.433981132,14.2126704,9.433981132,15.62049935,8.602325267,14.86606875,8.94427191,14.86606875,8.062257748,14.86606875,8.062257748,14.2126704,8.544003745,14.2126704,9.848857802,14.86606875,9.848857802,15.62049935,10.29563014
54.12947441,66.84309987,59.94163828,65,71.34423593,66.03029608,67.94115101,71.28113355,60.03332408,64.07027392,67.08203932,65.21502894,70.80254233,71.84010022,65.73431372,63.03173804,54.4885309,75.23961722,48.7954916,71.56116265,79.64923101,80.15609771,65.60487787,66.70832032,72.18032973,79.20227269,77.15568676,78.81624198,72.34638899,78.89233169,89.27485648,90.42676595,88.00568163,92.43916919,80.05623024,83.24061509,87.20665112,80.15609771,73.24616031,82.37718131,81.68843247,82.41965785,81.56592426,74.43117626,66.57326791,74.43117626,76.55063684,92.59049627,74.27651042,84.21995013,71.06335202,76.66159404
6.32455532,8.246211251,8.062257748,6.08276253,8.062257748,7.280109889,9.433981132,5.830951895,10.29563014,5.830951895,8.062257748,8.602325267,8.062257748,6.403124237,10.29563014,6.708203932,7.071067812,17.4642492,7.810249676,16.2788206,10,9.848857802,8.602325267,8.602325267,10,8.062257748,10,8.94427191,10.81665383,8.94427191,12.20655562,10.81665383,10.81665383,9.433981132,11.18033989,10.29563014,10.63014581,10.81665383,11.18033989,9.433981132,10.81665383,9.433981132,12.52996409,9.433981132,11.18033989,10.29563014,13.41640786,10,12.08304597,12.20655562,13.03840481,12.20655562
6.08276253,10.63014581,7.071067812,11.40175425,7.280109889,10.63014581,7.615773106,11.3137085,8.062257748,12.04159458,8.062257748,12.80624847,8.062257748,12.04159458,7.810249676,12.04159458,8.602325267,11.3137085,8.485281374,10.63014581,9.219544457,12.20655562,9.219544457,12.20655562,9.219544457,11.66190379,9.899494937,11.66190379,9.219544457,11.66190379,10.63014581,12.52996409,9.219544457,12.08304597,8.485281374,12.52996409,9.899494937,12.52996409,9.219544457,13.41640786,9.899494937,12.52996409,9.219544457,13.41640786,8.485281374,13,9.219544457,14.31782106,9.219544457,14.76482306,7.810249676,14.76482306
14.2126704,4,14.14213562,3.16227766,15,3,14.86606875,3,15.62049935,3.16227766,15.62049935,5,16.2788206,5,16.40121947,4.472135955,17.02938637,5.830951895,15.8113883,4.123105626,18.60107524,5.385164807,18.43908891,5.099019514,17.80449381,4,18.60107524,5.385164807,18.60107524,5.385164807,18.86796226,6.32455532,18.86796226,6.32455532,18.35755975,5.385164807,19.72308292,5.385164807,18.86796226,5.099019514,19.23538406,6.32455532,19.23538406,6.32455532,18.78829423,5.099019514,20.59126028,4,21.9544984,5.099019514,21.09502311,5
6.08276253,8.94427191,7.071067812,9.433981132,7.071067812,10.81665383,6.708203932,10.63014581,7.615773106,10.63014581,7.615773106,10.81665383,8.062257748,10.81665383,8.94427191,11.66190379,8.062257748,11.40175425,8.602325267,10.81665383,10,13.60147051,9.219544457,13.60147051,10.63014581,13.03840481,10,13.89244399,10.63014581,12.52996409,10.81665383,14.31782106,11.40175425,13.41640786,10.81665383,13.92838828,11.40175425,13.41640786,11.3137085,13.92838828,10.81665383,14.31782106,12.20655562,14.31782106,10.81665383,15.23154621,11.66190379,16.55294536,12.20655562,14.76482306,11.40175425,16.55294536
4.123105626,23.32380758,3.605551275,24.41311123,6.32455532,24.41311123,5.656854249,26.2488095,5.656854249,27.20294102,5.099019514,28.42534081,4.472135955,29.20616373,3,30.61045573,4,30.8058436,6,32.20248438,4.123105626,35.80502758,4.472135955,34.82814953,7.810249676,35.80502758,5,36.05551275,4.242640687,35.22782991,5.830951895,37.58989226,7.211102551,36.35931793,4.242640687,37.12142239,5.830951895,40.70626487,6.708203932,37.58989226,6.403124237,37.57658846,6.403124237,37.57658846,6.708203932,38.01315562,6.08276253,39.81205847,7.615773106,38.47076812,5,42.48529157
5,5.385164807,5.656854249,5.385164807,6.403124237,5,5.656854249,5.830951895,6.403124237,5.656854249,7.211102551,8.062257748,9.433981132,6.403124237,7.211102551,8.062257748,8.062257748,7.810249676,8.602325267,8.602325267,9.219544457,7.211102551,9.433981132,8.485281374,8.544003745,8.062257748,8.94427191,10,8.544003745,10,9.486832981,12.04159458,8.544003745,10.81665383,9.219544457,8.602325267,7.615773106,10.81665383,10.19803903,10.29563014,8.246211251,10.77032961,9.219544457,10.29563014,10.19803903,10.29563014,10.19803903,12.20655562,10.19803903,11.18033989,11.70469991,10.81665383
14.14213562,4.123105626,15.5241747,3.605551275,16.76305461,4,20.1246118,5,21.1896201,5.385164807,23.08679276,4.123105626,22.84731932,2.236067977,26.40075756,1.414213562,24.69817807,2.828427125,27.85677655,2,29.54657341,4.472135955,29.06888371,3.605551275,30.08321791,7.280109889,29.15475947,6,31.6227766,6,34.17601498,6.08276253,33.24154028,7,33.95585369,6,36.138622,4.123105626,34.92849839,5,37.36308338,3,33.95585369,3.16227766,36.138622,1.414213562,39.29376541,3.605551275,38.60051813,1,40.16217126,3
5,21.1896201,3.605551275,21.37755833,4.123105626,20.61552813,7.071067812,19.23538406,10.19803903,21.58703314,12.36931688,21.58703314,12.36931688,23.53720459,14.14213562,24.33105012,16.03121954,24.33105012,19.23538406,24.73863375,21.02379604,26.47640459,21.21320344,28.28427125,20.02498439,28.44292531,23.02172887,25.17935662,24.51530134,24.51530134,27.45906044,25.3179778,26.30589288,23.53720459,29.27456234,22.20360331,29.61418579,21.1896201,28.46049894,18.97366596,32.01562119,18.02775638,32.01562119,14.56021978,32.55764119,10.77032961,39.11521443,9.486832981,39.01281841,6.708203932,43.01162634,8.062257748
14.76482306,0,17.49285568,0,16.2788206,2,19.20937271,2,15.55634919,4.472135955,18.86796226,5.830951895,21.9544984,6.403124237,23.70653918,6.403124237,23.76972865,10,23.76972865,11.66190379,26.40075756,12.04159458,28.46049894,11.3137085,27.31300057,12.04159458,27.85677655,12.52996409,30.87069808,13,33.83784863,12.36931688,33.24154028,14.56021978,32.28002478,14.56021978,34.92849839,15.03329638,30.8058436,12.16552506,35.51056181,19.02629759,37.12142239,14.31782106,37.05401463,13.03840481,43.01162634,16.2788206,42.04759208,16.03121954,42.57933771,15.03329638
16.4924225,2,17.4642492,3,18.68154169,4.123105626,19.31320792,4.123105626,21.1896201,6.08276253,22.47220505,5.099019514,24.69817807,7.280109889,25.63201124,7.071067812,25.63201124,7.071067812,26.40075756,6.08276253,29.96664813,7,29.96664813,7,30.41381265,7.071067812,29.54657341,7.071067812,32.69556545,7,34.92849839,7.280109889,35.4682957,7.071067812,36.40054945,7.071067812,35.84689666,6.08276253,34.0147027,6.32455532,36.24913792,5.099019514,33.61547263,7.071067812,34.53983208,6,37.16180835,9,34.43835072,8.062257748,36.67424164,8.246211251
13.92838828,14.4222051,16.15549442,13.03840481,17.08800749,14.76482306,17.4642492,14.2126704,20.61552813,15.62049935,21.54065923,17.02938637,23.2594067,17.02938637,23.40939982,15.62049935,23.40939982,17.20465053,24.35159132,18.60107524,27.51363298,23.60084744,25.63201124,22.20360331,26.92582404,22.02271555,25.29822128,22.8035085,26.57066051,22.47220505,29.73213749,25.8069758,27.89265136,26.62705391,28.86173938,25.23885893,29.41088234,26.92582404,28.46049894,26.07680962,29.12043956,26.07680962,26.2488095,25.23885893,27.51363298,23.70653918,30.3644529,26.83281573,29.15475947,25.55386468,30.08321791,25.55386468
23.43074903,3.16227766,24.08318916,2.236067977,25,3,24.8394847,1.414213562,26.40075756,2.828427125,27.80287755,4.123105626,26.40075756,4.472135955,27.20294102,3.605551275,26.62705391,4.472135955,27.78488798,6.403124237,30.52867504,6.32455532,26.62705391,7.280109889,28.3019434,8.544003745,30.01666204,6.708203932,29.06888371,6.32455532,31.30495168,7.211102551,30.41381265,6.32455532,31.78049716,6.708203932,31.30495168,5.830951895,31.30495168,5.385164807,32.64965543,5.385164807,31.30495168,3.605551275,32.20248438,4.472135955,36.67424164,4.472135955,34,3.16227766,36.7151195,3.605551275
8.246211251,24.08318916,8.062257748,25.49509757,10.29563014,28.60069929,10.63014581,27.58622845,11.40175425,27.20294102,12.20655562,27.80287755,13.45362405,28.8444102,14.2126704,28.65309756,13.45362405,27.45906044,15.62049935,28.3019434,15.62049935,31.76476035,14.2126704,30.01666204,14.86606875,29.52964612,15.8113883,30.01666204,16.2788206,30.41381265,16.40121947,31.30495168,15.8113883,30.87069808,14.4222051,33.10589071,17,32.20248438,15.8113883,32.64965543,17,31.76476035,15.8113883,33.12099032,14.76482306,33.54101966,13.89244399,37.58989226,15.26433752,36.35931793,15.26433752,37.21558813
0,14.2126704,0,13.60147051,1,15,0,15,1.414213562,13.60147051,1.414213562,15.8113883,2.236067977,15,2,15.8113883,1,15.26433752,2,14.4222051,2.236067977,17.49285568,2.236067977,15.8113883,2.236067977,16.64331698,2,16.1245155,3,16.55294536,2,17,2.236067977,17,2.236067977,17.88854382,2,17,2.236067977,17,1.414213562,17.49285568,1,18.35755975,1,17.49285568,1.414213562,19.23538406,0,19.41648784,0,19.72308292
0,15.55634919,1,17.69180601,1,17.02938637,1.414213562,17.69180601,2.236067977,17.02938637,0,17.80449381,2,17.80449381,2.236067977,17.02938637,2.236067977,18.43908891,3.605551275,18.60107524,3.605551275,18.60107524,4,17.80449381,3.16227766,18.60107524,3,17.20465053,3,18.60107524,4,20.24845673,3,18.86796226,3.16227766,19.72308292,1,20.1246118,2.828427125,19.72308292,3,19.72308292,2.236067977,19.72308292,1.414213562,20.24845673,1.414213562,21.47091055,2.236067977,21.09502311,2.236067977,20.59126028
3,27.58622845,1,28.28427125,0,31.144823,1.414213562,30.41381265,1,29.73213749,1.414213562,30.41381265,3,32.55764119,4.123105626,30.61045573,3,31.2409987,4,29.06888371,4.123105626,33.42154993,5,31.40063694,5.099019514,31.2409987,4,31.6227766,5.099019514,30.8058436,5.099019514,33.28663395,5.099019514,34.13209633,5,32.24903099,4,33.61547263,4.123105626,31.38470965,3,33.61547263,2,32.75667871,1.414213562,32.24903099,1.414213562,37.21558813,2.828427125,34.13209633,2.236067977,35.84689666
11.3137085,3.605551275,12.04159458,2.828427125,12.72792206,4.123105626,13.45362405,2.236067977,12.04159458,2.828427125,13.45362405,3.605551275,14.2126704,4.242640687,14.2126704,3.16227766,13.45362405,3.605551275,13.45362405,4.472135955,14.2126704,4.472135955,13.45362405,4.472135955,14.86606875,5,15,5.385164807,13.03840481,5.830951895,14.4222051,5.099019514,15.26433752,6.403124237,14.4222051,3.605551275,14.4222051,4.472135955,14.76482306,5.099019514,14.31782106,5.385164807,14.76482306,4.472135955,13.41640786,3.16227766,15.23154621,2.828427125,14.76482306,4.472135955,16.1245155,3.605551275
4.123105626,14.2126704,3.605551275,15,5.385164807,15.8113883,5,14.2126704,4,15.55634919,5.385164807,14.86606875,4.123105626,19.10497317,5.099019514,16.40121947,11,12.04159458,9.219544457,19.41648784,8,19.41648784,7,18.60107524,6.32455532,18.43908891,6.08276253,16.2788206,6.32455532,19.41648784,7,20.24845673,4.123105626,20,5,18.60107524,8.062257748,18.02775638,8,18.02775638,6,18.02775638,7.071067812,16.64331698,7.071067812,18.02775638,9.055385138,19.41648784,8.062257748,18.60107524,10.04987562,19.20937271
11.66190379,7.280109889,12.20655562,7.211102551,13.03840481,6.708203932,13.89244399,7.810249676,13.89244399,6.708203932,14.2126704,7.211102551,14.4222051,8.062257748,14.4222051,8.94427191,16.1245155,9.433981132,17,8.94427191,17.49285568,10,16.64331698,9.219544457,16.64331698,10.63014581,17.49285568,9.219544457,16.1245155,10,17,11.40175425,17,11.40175425,17,10.63014581,17,11.66190379,17,11.3137085,17,11.40175425,16.64331698,11.40175425,17,10.81665383,18.78829423,12.20655562,19.23538406,12.20655562,19.72308292,11.40175425
12.20655562,6,12.80624847,6.08276253,11.66190379,5.099019514,12.20655562,4.123105626,12.20655562,5.099019514,13.60147051,5.385164807,13.60147051,6.32455532,13.03840481,5.385164807,14.4222051,5.385164807,12.80624847,7.615773106,15.8113883,6.708203932,15,6.403124237,13.60147051,5.830951895,16.64331698,7.211102551,15.26433752,7.211102551,16.64331698,8.94427191,15,8.062257748,15.8113883,7.211102551,16.64331698,8.602325267,15.26433752,7.810249676,14.31782106,8.062257748,15.26433752,8.94427191,14.76482306,9.433981132,16.55294536,9.219544457,16.64331698,8.062257748,17.20465053,8.602325267
10.63014581,9.486832981,10.63014581,8.94427191,11.40175425,10.77032961,11.3137085,9.433981132,11.40175425,8.94427191,12.72792206,10.81665383,12.20655562,10.81665383,10.63014581,8.602325267,13.45362405,11.40175425,11.40175425,9.433981132,12.80624847,12.20655562,13.45362405,12.04159458,13.60147051,10.63014581,14.2126704,12.20655562,12.52996409,11.40175425,13.60147051,13.45362405,14.4222051,12.80624847,14.4222051,11.40175425,13.89244399,12.20655562,13.89244399,11.3137085,12.08304597,12.72792206,13.89244399,12.04159458,12.52996409,12.04159458,14.76482306,12.04159458,13.89244399,12.04159458,14.76482306,12.80624847
2.828427125,15.26433752,2.828427125,15,1.414213562,16.64331698,1,15,1.414213562,15.8113883,1.414213562,16.40121947,3.16227766,16.40121947,1,16.40121947,1,18.60107524,1,16.64331698,1,19.41648784,1,19.84943324,2,19.20937271,1,18.60107524,1.414213562,18.60107524,3.16227766,20,3.16227766,20,2.236067977,20.24845673,2.236067977,20,2.236067977,19.20937271,4.472135955,18.02775638,2.236067977,18.60107524,2,18.60107524,3.16227766,20,2,20,2.236067977,20
21.47091055,18.60107524,21.47091055,19.41648784,22.82542442,20,21.9544984,20.61552813,21.9544984,20.24845673,24.18677324,21.40093456,23.32380758,22.20360331,23.32380758,22.20360331,23.85372088,21.63330765,24.41311123,23.02172887,27.20294102,26.62705391,25.8069758,25,27.01851217,25.23885893,28.01785145,25.23885893,28.60069929,23.85372088,30.23243292,25.55386468,30.8058436,24.69817807,30.52867504,25.94224354,33.01514804,23.85372088,30.61045573,24.69817807,31.6227766,24.18677324,29.41088234,23.32380758,28.8444102,24.69817807,31.40063694,27.78488798,29.41088234,27.45906044,30.61045573,26.92582404
5.385164807,11.40175425,4.472135955,11.66190379,5.830951895,13.60147051,5,12.80624847,5.830951895,12.20655562,5.385164807,12.20655562,6.32455532,13.60147051,6.403124237,14.2126704,5.830951895,14.4222051,5.656854249,14.2126704,5.830951895,15.8113883,5.830951895,14.2126704,7.211102551,15.62049935,7.211102551,16.40121947,7.810249676,14.4222051,8.602325267,16.64331698,8.062257748,14.4222051,8.602325267,15.26433752,8.602325267,15.8113883,8.485281374,15.8113883,8.602325267,14.4222051,9.219544457,15.8113883,8.062257748,15.26433752,8.602325267,16.64331698,8.602325267,16.40121947,7.211102551,15.8113883
11.40175425,4.472135955,11.40175425,5.385164807,11.40175425,5.385164807,11.3137085,4.472135955,12.20655562,6.708203932,12.80624847,5.830951895,12.80624847,6.403124237,12.04159458,5,12.20655562,5.830951895,11.40175425,5,13.60147051,7.211102551,14.2126704,7.071067812,13.03840481,5,14.4222051,7.810249676,13.60147051,6.403124237,15.26433752,8.485281374,15,7.810249676,13.89244399,7.810249676,14.4222051,7.211102551,14.4222051,7.810249676,13.89244399,7.810249676,13.89244399,7.211102551,12.52996409,7.810249676,13.89244399,7.810249676,14.4222051,7.810249676,15.26433752,7.071067812
16.40121947,3.16227766,15.62049935,3,16.40121947,4.123105626,16.2788206,4.123105626,16.40121947,4.472135955,17.02938637,3.16227766,18.43908891,2.236067977,17.02938637,2.236067977,17.02938637,2.828427125,16.2788206,2.236067977,19.20937271,3.605551275,17.69180601,2.828427125,18.43908891,3.605551275,17.80449381,2.828427125,19.20937271,2.236067977,20.61552813,2.236067977,19.20937271,1.414213562,19.41648784,2,20,2.236067977,19.20937271,2.236067977,18.60107524,1,17.80449381,2,18.60107524,2,18.60107524,3,19.20937271,2,19.20937271,3
9.219544457,8.602325267,9.899494937,8.602325267,10,9.433981132,9.899494937,9.219544457,9.219544457,8.602325267,11.40175425,9.219544457,10.63014581,9.219544457,10,9.219544457,10.81665383,9.899494937,10,8.485281374,11.40175425,10.63014581,11.40175425,9.899494937,12.20655562,10.63014581,13.03840481,10.63014581,11.40175425,10.63014581,12.20655562,11.40175425,12.52996409,11.3137085,12.52996409,10.63014581,12.20655562,10.63014581,12.52996409,11.3137085,12.52996409,10.63014581,11.66190379,11.3137085,11.18033989,9.219544457,12.52996409,11.3137085,11.66190379,11.3137085,13.03840481,10.63014581
12.20655562,5.830951895,12.20655562,5,12.80624847,5.830951895,12.80624847,6.403124237,13.60147051,5.656854249,14.2126704,5,13.60147051,5,13.60147051,4.242640687,14.2126704,5,13.45362405,5.656854249,14.86606875,5,14.2126704,5,14.2126704,5,15.62049935,5.830951895,15.62049935,4.472135955,15.62049935,5.385164807,16.40121947,5,15.8113883,5.385164807,15.62049935,5.385164807,15,5.830951895,15.62049935,4.472135955,14.86606875,4.472135955,15,5.099019514,15.62049935,6.32455532,15.62049935,6.32455532,15.62049935,6.32455532
12.04159458,3,12.04159458,4.472135955,11.40175425,4.123105626,13.45362405,3.16227766,12.80624847,3.16227766,12.72792206,3.16227766,13.45362405,3.16227766,12.80624847,3.605551275,14.2126704,3.605551275,13.45362405,2.236067977,14.14213562,2.828427125,14.14213562,3.605551275,14.2126704,3.605551275,14.2126704,4.242640687,14.2126704,3.605551275,15,5,15.8113883,5,15.8113883,4.242640687,15.26433752,4.242640687,14.4222051,4.472135955,15,4.242640687,15.8113883,5,15,4.472135955,15.8113883,3.16227766,15.26433752,3.605551275,15.8113883,3.16227766
8.246211251,12.52996409,9.219544457,13.41640786,8.544003745,15.23154621,8.544003745,13.03840481,8.544003745,13.92838828,8.544003745,13.41640786,8.94427191,11.66190379,8.544003745,13.41640786,8.94427191,14.76482306,10.29563014,13.03840481,8.544003745,17.20465053,11.18033989,15.8113883,11.66190379,14.76482306,12.52996409,16.64331698,12.20655562,16.1245155,12.08304597,15.65247584,13.60147051,16.64331698,13.03840481,16.55294536,13.41640786,17,14.4222051,17.49285568,13.92838828,15.26433752,15.26433752,17.49285568,12.52996409,16.1245155,15.62049935,19.23538406,14.4222051,17.49285568,14.2126704,19.41648784
10.44030651,5.385164807,10.77032961,5.830951895,10.77032961,5.830951895,9.848857802,5.830951895,10.77032961,6.403124237,11.70469991,7.211102551,12.08304597,6.708203932,12.08304597,6.708203932,12.52996409,5.830951895,12.52996409,7.211102551,13.89244399,8.062257748,13.41640786,8.062257748,13.89244399,8.94427191,13.89244399,8.062257748,13.89244399,7.211102551,15.26433752,7.615773106,15.26433752,8.062257748,15.26433752,7.615773106,15.26433752,8.062257748,14.4222051,8.062257748,15.26433752,7.615773106,16.1245155,8.062257748,15.26433752,8.94427191,16.64331698,9.848857802,16.64331698,8.062257748,16.64331698,9.433981132
2,10.77032961,2,10.77032961,1.414213562,12.08304597,1,11.66190379,1.414213562,11.18033989,2.236067977,13.03840481,1.414213562,13.89244399,1.414213562,11.66190379,1,13.03840481,1,12.20655562,1.414213562,15.26433752,1.414213562,14.4222051,1,14.4222051,0,15.26433752,0,15.8113883,1,16.64331698,1,15.8113883,1,15.26433752,0,17.49285568,1.414213562,15.26433752,2.236067977,15.8113883,1.414213562,15.26433752,1,15.26433752,1.414213562,17.49285568,1.414213562,15.8113883,1,17.49285568
21.9544984,12.80624847,22.36067977,12.80624847,24.18677324,14.2126704,22.47220505,13.60147051,23.32380758,15,24.69817807,15,25.23885893,13.60147051,25.23885893,15.26433752,25.23885893,15.26433752,26.07680962,14.4222051,28.8444102,15.8113883,27.20294102,17.20465053,28.60069929,17.49285568,29.41088234,16.64331698,28.8444102,16.1245155,33.01514804,16.64331698,32.20248438,16.1245155,31.38470965,16.1245155,33.01514804,16.64331698,31.6227766,15.26433752,32.20248438,15.8113883,30.8058436,14.76482306,30.23243292,16.1245155,32.20248438,17.49285568,30.61045573,18.35755975,31.40063694,17.49285568
13.03840481,4.123105626,13.03840481,3.16227766,13.89244399,3,14.4222051,2,13.60147051,3.16227766,15,3.605551275,14.76482306,3.605551275,14.4222051,3.605551275,14.4222051,3.16227766,15,3.16227766,17.20465053,4.472135955,16.40121947,2.828427125,17.20465053,3.605551275,18.02775638,5.385164807,17.20465053,5,17.20465053,5.656854249,18.60107524,5,16.64331698,5,17.20465053,5,18.02775638,5,18.02775638,5.830951895,17.20465053,5.656854249,15.8113883,5,18.86796226,5,17.20465053,5,18.86796226,4.242640687
12.80624847,5.830951895,13.60147051,5.830951895,13.03840481,5.830951895,13.03840481,5.385164807,14.4222051,5.830951895,14.2126704,5.830951895,14.4222051,7.071067812,14.4222051,5.656854249,15.8113883,5.656854249,15,6.403124237,18.02775638,5.656854249,16.40121947,6.403124237,16.64331698,7.810249676,16.64331698,7.071067812,17.49285568,8.062257748,18.02775638,8.602325267,18.02775638,7.810249676,18.02775638,7.810249676,18.35755975,8.602325267,17.49285568,8.602325267,17.49285568,9.219544457,17.49285568,7.810249676,17.49285568,7.810249676,18.86796226,7.810249676,18.35755975,8.602325267,18.02775638,8.485281374
5.385164807,10.63014581,5.830951895,12.04159458,5.830951895,12.20655562,5,12.04159458,5,12.20655562,4.242640687,12.20655562,5.830951895,13.60147051,6.403124237,13.03840481,6.403124237,13.60147051,5.656854249,13.60147051,6.403124237,16.64331698,7.071067812,12.80624847,6.403124237,15.26433752,6.403124237,15.26433752,6.403124237,15.26433752,7.071067812,15.8113883,8.485281374,15.8113883,7.810249676,16.1245155,7.071067812,15.26433752,7.810249676,15.65247584,9.219544457,16.1245155,7.810249676,15.26433752,8.485281374,15.26433752,7.810249676,16.1245155,8.485281374,15.26433752,7.071067812,17.49285568
15.62049935,2.236067977,15.62049935,1,15.55634919,1.414213562,15.55634919,0,15,1,15.62049935,0,17.80449381,2,15.62049935,2,17.80449381,2,16.2788206,2,18.60107524,1.414213562,19.10497317,2.236067977,19.41648784,1.414213562,20,2.236067977,19.41648784,2,21.63330765,3,20.80865205,3,19.72308292,2,20.80865205,3.16227766,21.63330765,3,20.80865205,3.16227766,20.24845673,3,18.86796226,3.16227766,21.09502311,1.414213562,20.24845673,2.236067977,20.80865205,2
7.810249676,10.63014581,7.211102551,10.63014581,7.211102551,10.63014581,8.602325267,10,8.062257748,10,10.29563014,9.899494937,10.29563014,11.40175425,8.602325267,10.63014581,10.77032961,10.63014581,12.08304597,10.63014581,13,12.80624847,11.66190379,12.72792206,12.08304597,12.04159458,10.77032961,12.04159458,11.66190379,14.86606875,12.08304597,14.14213562,12.52996409,14.2126704,13.41640786,13.45362405,13.41640786,14.2126704,11.40175425,12.80624847,10.44030651,12.80624847,11.70469991,13.45362405,12.08304597,13.60147051,12.36931688,14.2126704,13.41640786,13.60147051,12.64911064,13.60147051
8.544003745,2,9.486832981,0,11.40175425,1.414213562,9.848857802,2,9.848857802,2,11.70469991,1,10.77032961,3,13,1.414213562,13,1,11.66190379,2,15.23154621,1.414213562,14.76482306,1.414213562,14.76482306,1.414213562,15.65247584,1.414213562,15.65247584,2.828427125,17,3.605551275,16.55294536,2.828427125,16.55294536,3.605551275,16.55294536,3.605551275,16.1245155,2.828427125,16.1245155,4.472135955,15.65247584,3.605551275,15.23154621,3.605551275,18.02775638,4.242640687,17,3.605551275,17.88854382,2.828427125
16.4924225,2,17.4642492,3,18.68154169,4.123105626,19.31320792,4.123105626,21.1896201,6.08276253,22.47220505,5.099019514,24.69817807,7.280109889,25.63201124,7.071067812,25.63201124,7.071067812,26.40075756,6.08276253,29.96664813,7,29.96664813,7,30.41381265,7.071067812,29.54657341,7.071067812,32.69556545,7,34.92849839,7.280109889,35.4682957,7.071067812,36.40054945,7.071067812,35.84689666,6.08276253,34.0147027,6.32455532,36.24913792,5.099019514,33.61547263,7.071067812,34.53983208,6,37.16180835,9,34.43835072,8.062257748,36.67424164,8.246211251
13.92838828,14.4222051,16.15549442,13.03840481,17.08800749,14.76482306,17.4642492,14.2126704,20.61552813,15.62049935,21.54065923,17.02938637,23.2594067,17.02938637,23.40939982,15.62049935,23.40939982,17.20465053,24.35159132,18.60107524,27.51363298,23.60084744,25.63201124,22.20360331,26.92582404,22.02271555,25.29822128,22.8035085,26.57066051,22.47220505,29.73213749,25.8069758,27.89265136,26.62705391,28.86173938,25.23885893,29.41088234,26.92582404,28.46049894,26.07680962,29.12043956,26.07680962,26.2488095,25.23885893,27.51363298,23.70653918,30.3644529,26.83281573,29.15475947,25.55386468,30.08321791,25.55386468
2.828427125,19.84943324,5.830951895,23.02172887,5.830951895,22.47220505,6.708203932,22.8035085,4.472135955,23.02172887,6.403124237,24.41311123,5.830951895,26.83281573,7.211102551,28.17800561,7.211102551,27.78488798,8.544003745,28.17800561,8.94427191,32.75667871,8.94427191,32.75667871,10.29563014,34.4818793,7.810249676,33.54101966,7.810249676,34.43835072,7.810249676,39.39543121,8.485281374,37.16180835,5.830951895,38.62641583,6.403124237,39,6.403124237,38.07886553,6.708203932,39.56008089,5.385164807,38.62641583,5.385164807,38.27531842,8.062257748,41.43669871,7.071067812,39.92492956,7,40.85339643
17.20465053,9.486832981,16.64331698,11.18033989,16.40121947,13.15294644,16.40121947,13.15294644,15.55634919,15.29705854,17.69180601,17.4642492,19.20937271,17.4642492,19.10497317,19.23538406,19.10497317,19.41648784,21.26029163,21.09502311,23.60084744,22.20360331,21.9317122,22.20360331,23.43074903,23.34523506,24.41311123,23.34523506,25,22.09072203,27.29468813,24.18677324,26.92582404,22.09072203,26.83281573,24.18677324,28.17800561,26.47640459,28.17800561,22.20360331,27.73084925,24.18677324,26.83281573,22.56102835,26.92582404,24.33105012,28.23118843,24.51530134,25.63201124,25.70992026,28.63564213,25.96150997
10.19803903,21.58703314,12,22.84731932,8.062257748,22.82542442,7.280109889,22.36067977,7,23.34523506,8.246211251,24.04163056,6,26.17250466,8,25,6.708203932,25.8069758,8.062257748,23.2594067,8.062257748,30.41381265,8.246211251,29.06888371,9.848857802,34.17601498,10,31.78049716,10,31.78049716,10.81665383,34.53983208,8.602325267,36.05551275,10,34.92849839,10.81665383,37.36308338,10.77032961,34.4818793,10.77032961,34.71310992,8.246211251,34.71310992,5.099019514,32.24903099,5.099019514,39.20459157,4.472135955,35.0142828,4.123105626,38
22.82542442,16.2788206,24.18677324,14.31782106,30.3644529,21.02379604,22.8035085,12.04159458,24.69817807,17.02938637,21.54065923,21.58703314,16.76305461,20.61552813,22.8035085,14.31782106,14.86606875,12.04159458,19.6468827,13.60147051,19.41648784,17.69180601,18.02775638,18.02775638,15.5241747,21.09502311,13.34166406,18.43908891,14.31782106,24.08318916,15.29705854,21.40093456,13.34166406,19.84943324,15.8113883,21.09502311,17.2626765,24.20743687,13.92838828,20.80865205,13.41640786,20,13.41640786,19.23538406,13.89244399,18.86796226,14.86606875,17.88854382,14.14213562,20.59126028,18.02775638,18.97366596
3.605551275,26.07680962,7.810249676,23.02172887,9.848857802,23,10.29563014,22.20360331,13.60147051,19.92485885,11.18033989,22.13594362,15.5241747,19.41648784,17.11724277,20.61552813,18.24828759,20.61552813,20.09975124,16.15549442,24,17,22,20.1246118,25.01999201,19.23538406,28.16025568,19.23538406,29,17.88854382,31.06444913,18.02775638,31.01612484,16.1245155,33,14.76482306,35,14.76482306,35,15.26433752,34.0147027,13.60147051,32,14.4222051,34.05877273,15.55634919,36,15.65247584,34.05877273,13.89244399,35.05709629,12.16552506
13.34166406,13.92838828,13.15294644,12.64911064,15.5241747,11.70469991,16.2788206,11.40175425,17.2626765,12.52996409,20.61552813,12.52996409,21.37755833,12.52996409,21.37755833,12.20655562,22.56102835,10.29563014,24.51530134,13.03840481,27.65863337,12.80624847,26.92582404,14.4222051,27.45906044,14.4222051,29.61418579,15.62049935,29.61418579,15.62049935,31.40063694,16.2788206,29.83286778,16.40121947,32.14031736,17.20465053,31.40063694,18.60107524,31.25699922,17.80449381,31.25699922,18.86796226,31.40063694,17.49285568,32.55764119,17,35.6931366,14.31782106,34.20526275,14.31782106,34.20526275,15.8113883
17.20465053,11.18033989,17.49285568,12.08304597,17.20465053,14.31782106,17.49285568,15.23154621,19.20937271,16.76305461,19.72308292,18.02775638,18.60107524,19.6468827,19.20937271,19.92485885,19.41648784,20.88061302,19.41648784,22.8035085,21.26029163,26.2488095,22.02271555,25,21.9317122,25.70992026,24.04163056,26.47640459,24.08318916,24.73863375,27.01851217,28.63564213,26.2488095,27.45906044,26.07680962,27.29468813,27.45906044,28.63564213,26.40075756,28.44292531,25.55386468,29.27456234,24.69817807,26.47640459,24.18677324,27.45906044,25.07987241,31.78049716,25.94224354,30.8058436,26,32.28002478
13.60147051,6.32455532,14.4222051,6.32455532,14.4222051,6.32455532,14.76482306,6.32455532,13.89244399,5.830951895,15,5.830951895,13.03840481,5.656854249,14.76482306,5.656854249,13.03840481,6.403124237,13.41640786,6.403124237,15.26433752,7.615773106,13.89244399,8.062257748,15.26433752,7.615773106,13.60147051,8.544003745,14.4222051,8.246211251,15.8113883,8.246211251,15.8113883,8.544003745,14.4222051,9.219544457,16.40121947,8.246211251,14.2126704,9.055385138,14.86606875,8,13.45362405,9,14.86606875,9,14.14213562,10,14.14213562,10,13.45362405,10.19803903
33.42154993,2.236067977,33.60059523,2.828427125,33.24154028,2,34.82814953,4.472135955,32.64965543,1.414213562,36.12478374,2.828427125,32.64965543,3.605551275,33.30165161,3.16227766,32.55764119,5.656854249,31.11269837,3.605551275,38.20994635,5,37.01351105,7.810249676,36.76955262,7.810249676,36.87817783,6.32455532,35.38361203,7.810249676,41.01219331,8.544003745,35.35533906,7.810249676,36.87817783,8.062257748,38.94868419,7.810249676,36.87817783,9.433981132,35.60898763,8.246211251,35.60898763,8.062257748,33.01514804,10,35.60898763,8.062257748,35.22782991,9.219544457,36.40054945,0
11.40175425,4.472135955,12.04159458,5,12.04159458,4.242640687,12.80624847,3.605551275,12.72792206,4.242640687,12.72792206,5,12.72792206,4.472135955,13.60147051,5,13.60147051,5.385164807,13.45362405,4.472135955,14.86606875,5.385164807,12.80624847,5.099019514,14.2126704,5.385164807,14.2126704,5.385164807,14.2126704,5.385164807,15.26433752,5.385164807,15.26433752,6.708203932,14.31782106,5.385164807,15.26433752,5.385164807,14.4222051,6.08276253,14.31782106,5.830951895,13.41640786,5.099019514,14.4222051,5.385164807,16.1245155,6.08276253,14.76482306,6.32455532,15.65247584,4.472135955
7.615773106,15,8.94427191,15.62049935,8.602325267,16.40121947,8.602325267,16.40121947,8.602325267,15,7.810249676,17.02938637,8.485281374,16.2788206,7.071067812,15.62049935,7.810249676,15.62049935,8.602325267,14.86606875,8.602325267,18.38477631,10,17.02938637,9.433981132,16.97056275,10,16.97056275,9.848857802,17.02938637,10.29563014,19.20937271,11.18033989,18.60107524,8.94427191,17.20465053,10.29563014,18.02775638,9.848857802,18.02775638,10.29563014,17.20465053,9.433981132,17.49285568,8.94427191,16.64331698,8.94427191,18.35755975,9.848857802,18.02775638,8.94427191,19.72308292
5.099019514,17.02938637,5.385164807,16.40121947,5.385164807,15.62049935,3.16227766,18.60107524,4.472135955,14.2126704,4.123105626,16.40121947,5.385164807,17.20465053,3.605551275,15.62049935,4.123105626,15.8113883,3.605551275,15.62049935,5,17.80449381,3.605551275,17.20465053,4.472135955,17.02938637,5,17.02938637,4.472135955,16.97056275,6.32455532,18.43908891,5.385164807,18.43908891,5.385164807,17.69180601,5.385164807,17.02938637,7.071067812,16.97056275,6.32455532,16.40121947,7.280109889,16.2788206,5.385164807,17.02938637,6.08276253,17.02938637,5.385164807,17.80449381,5.099019514,17.80449381
7.071067812,15.55634919,7.280109889,17.69180601,5.385164807,14.86606875,6.32455532,15.62049935,6.32455532,14.86606875,6.08276253,15.8113883,5.830951895,15.62049935,5,15,4.472135955,15.26433752,6.403124237,13.89244399,7.071067812,16.1245155,7.071067812,16.64331698,6.403124237,15.65247584,5.830951895,15.26433752,6.708203932,14.4222051,6.32455532,16.1245155,5.385164807,15.26433752,7.615773106,15.26433752,7.615773106,14.4222051,7.071067812,15.26433752,7.071067812,14.2126704,7.071067812,13.89244399,7,12.20655562,8.062257748,13.60147051,7,14.4222051,7.071067812,13.60147051
14.4222051,6.708203932,15.26433752,6.708203932,14.4222051,5.830951895,13.60147051,7.211102551,14.4222051,6.403124237,15.26433752,7.071067812,13.89244399,5.656854249,14.4222051,5.830951895,13.03840481,5,13.60147051,5,15.8113883,5.385164807,15.62049935,5.385164807,15.62049935,6.08276253,15.62049935,6.08276253,15.55634919,6.32455532,16.2788206,8.062257748,14.86606875,6.08276253,15.8113883,6.08276253,15,6,15,7,13.60147051,8,15.26433752,6,15,6,13.89244399,6,14.4222051,6,17.20465053,6.08276253
7.615773106,12.72792206,5.830951895,12.80624847,6.708203932,12.04159458,5.830951895,12.04159458,6.32455532,10.63014581,8.602325267,11.66190379,5,10.29563014,8.602325267,11.70469991,7.810249676,11.66190379,7.810249676,12.08304597,7.810249676,11.18033989,10,11.70469991,8.602325267,11.70469991,8.602325267,13.03840481,9.433981132,13,11.18033989,14.76482306,10.44030651,12.52996409,9.486832981,11.66190379,10.77032961,12.20655562,9.486832981,11.70469991,10.19803903,10.81665383,10.19803903,12.20655562,10.19803903,11.18033989,11.40175425,10.29563014,11.18033989,11.40175425,11.40175425,10.81665383
4.472135955,21.9317122,5.830951895,18.86796226,2.828427125,18.86796226,1,21.09502311,2.828427125,19.72308292,2,19.31320792,0,20.1246118,1.414213562,18.02775638,2.236067977,18.97366596,2,14.56021978,2,19.92485885,3.16227766,18.97366596,3,18.02775638,4,18.02775638,3.16227766,17.08800749,7.211102551,19.31320792,7.615773106,15.23154621,8.062257748,15.26433752,8.246211251,14.76482306,8.544003745,15.23154621,5.656854249,13.89244399,8.246211251,15.26433752,8.544003745,12.80624847,9.848857802,12.80624847,8.94427191,15.26433752,11.18033989,15
17.02938637,13,16.2788206,13.92838828,18.43908891,14.86606875,16.40121947,15.23154621,15.8113883,14.56021978,16.40121947,11.66190379,17.49285568,12.08304597,15.8113883,12.08304597,15.65247584,11.66190379,15.23154621,12.52996409,16.15549442,12.52996409,17.08800749,10,18.02775638,10.81665383,17.4642492,11.40175425,16.55294536,12.04159458,18.38477631,12.04159458,16.15549442,10.81665383,15.23154621,11.66190379,14.31782106,10.29563014,16.55294536,11.66190379,15.23154621,10.81665383,17,10.77032961,15.23154621,10.29563014,15.23154621,10.77032961,16.15549442,11.70469991,13.89244399,12.52996409
16.40121947,2.236067977,16.40121947,2,15.8113883,2.236067977,15.8113883,1.414213562,15.26433752,2.236067977,15.8113883,1.414213562,15.8113883,1,15.8113883,2.236067977,16.64331698,3.605551275,15.26433752,2.236067977,18.02775638,3.605551275,16.64331698,4.472135955,15.8113883,5.385164807,15,4.242640687,15.55634919,4.123105626,18.02775638,5,16.2788206,5,16.2788206,5,16.2788206,6.403124237,14.86606875,6.403124237,16.2788206,5.656854249,15.55634919,4.242640687,14.2126704,5,15,6.403124237,14.2126704,5,14.86606875,5.830951895
3.16227766,15.62049935,3.16227766,15.55634919,3.16227766,16.2788206,3.16227766,17.02938637,3.605551275,16.2788206,4.242640687,17.02938637,3.605551275,15.62049935,3.605551275,16.2788206,3.605551275,16.2788206,4,16.2788206,4.472135955,19.10497317,3.16227766,19.10497317,4.123105626,17.69180601,5,17.69180601,4.123105626,18.38477631,4,19.84943324,4.123105626,19.20937271,6.08276253,18.60107524,6.08276253,19.20937271,5.099019514,18.60107524,3.16227766,19.20937271,5.099019514,19.20937271,4.123105626,17.20465053,5,19.41648784,5,19.41648784,6,20
12.04159458,5.385164807,12.80624847,6.32455532,14.2126704,5.099019514,13.45362405,5.830951895,12.72792206,5.385164807,14.2126704,6.403124237,13.45362405,6.403124237,13.45362405,5.830951895,14.86606875,5.656854249,13.45362405,5,15.62049935,7.071067812,14.86606875,7.211102551,15.62049935,7.071067812,15.8113883,7.810249676,15.8113883,7.071067812,16.64331698,8.602325267,16.64331698,8.602325267,16.64331698,7.810249676,16.64331698,7.810249676,16.1245155,7.810249676,16.1245155,8.485281374,15.65247584,7.071067812,15.65247584,8.485281374,17.4642492,8.485281374,18.35755975,7.810249676,17,7.071067812
13.45362405,10.29563014,13.45362405,9.219544457,12.80624847,10,13.45362405,9.219544457,12.80624847,9.433981132,14.2126704,11.40175425,14.2126704,10.63014581,14.2126704,11.3137085,13.60147051,10.63014581,15,9.219544457,17.80449381,10.63014581,16.40121947,12.04159458,17.20465053,12.04159458,16.64331698,12.04159458,15.8113883,12.72792206,17.49285568,14.14213562,16.1245155,13.45362405,17.88854382,12.72792206,17.49285568,13.45362405,16.1245155,12.72792206,17,14.2126704,16.1245155,13.45362405,17,13.45362405,18.78829423,12.72792206,17.88854382,13.45362405,18.78829423,12.80624847
5,11.40175425,6.403124237,10.81665383,6.403124237,12.20655562,5.830951895,12.20655562,7.071067812,12.20655562,5.656854249,13.60147051,6.403124237,13.60147051,5.656854249,13.03840481,7.071067812,13.60147051,6.403124237,12.20655562,6.403124237,15.8113883,7.810249676,15,6.403124237,15.26433752,7.810249676,15.26433752,7.810249676,15.26433752,8.602325267,17.49285568,8.602325267,17,7.071067812,16.15549442,8.485281374,17.49285568,8.602325267,17,9.219544457,16.1245155,8.485281374,17,8.485281374,15.65247584,8.485281374,18.78829423,9.219544457,17.88854382,7.071067812,19.23538406
11.40175425,8.485281374,12.20655562,7.810249676,11.66190379,7.810249676,13.03840481,7.071067812,11.66190379,7.071067812,12.52996409,8.485281374,13.03840481,8.485281374,12.52996409,8.485281374,13.03840481,7.810249676,12.52996409,7.810249676,14.76482306,9.219544457,14.4222051,9.433981132,14.31782106,9.219544457,16.55294536,10,15.65247584,10.63014581,17,10,17,10.63014581,16.55294536,10.63014581,16.15549442,11.40175425,15.65247584,10.63014581,16.55294536,11.40175425,17,11.40175425,16.15549442,10.63014581,17.4642492,10,17,10.29563014,18.78829423,10.81665383
8.602325267,7.071067812,8.602325267,6.403124237,8.602325267,7.071067812,10,5.656854249,10,6.403124237,9.433981132,6.403124237,11.40175425,7.810249676,10.81665383,7.071067812,10.29563014,7.071067812,10.29563014,5.656854249,13.89244399,8.485281374,11.66190379,7.810249676,11.18033989,7.810249676,12.08304597,7.810249676,11.18033989,9.433981132,12.52996409,9.433981132,13,9.433981132,13.41640786,10.29563014,13,9.433981132,12.08304597,9.433981132,12.08304597,10.29563014,12.08304597,10.29563014,13,10.29563014,14.31782106,11.18033989,13.41640786,11.18033989,13.92838828,10.77032961
13.45362405,3.16227766,12.72792206,5.099019514,12.80624847,4.472135955,12.04159458,5.385164807,12.04159458,4.123105626,13.60147051,4.123105626,13.45362405,4,14.2126704,5.099019514,15,5.099019514,12.80624847,5.099019514,16.40121947,6.08276253,15,5.099019514,15.8113883,6.08276253,16.64331698,5.099019514,17.20465053,5.099019514,17.49285568,5.099019514,17.88854382,5,17.4642492,5.385164807,18.35755975,5.099019514,17.49285568,6,18.35755975,4.123105626,17.4642492,5.099019514,17.88854382,5,18.78829423,6.32455532,20.1246118,5.385164807,20.1246118,6.32455532
10.63014581,7.071067812,10.63014581,5.830951895,10.81665383,5.656854249,10,5.830951895,10.81665383,5,10.81665383,5.830951895,10.81665383,7.810249676,12.52996409,5.830951895,12.52996409,5.830951895,11.66190379,4.472135955,13.89244399,6.403124237,13.03840481,6.708203932,13.89244399,7.211102551,13.41640786,7.071067812,13,7.071067812,14.31782106,8.485281374,14.31782106,7.810249676,14.31782106,7.810249676,13.92838828,8.062257748,14.31782106,8.485281374,13.92838828,8.602325267,13.92838828,8.062257748,15.23154621,8.062257748,16.15549442,8.062257748,15.23154621,8.94427191,16.55294536,8.94427191
10.81665383,9.433981132,10.63014581,9.219544457,10.63014581,10.81665383,11.40175425,10.63014581,10,9.433981132,10,11.18033989,10.63014581,11.18033989,10.63014581,11.18033989,10.63014581,10.77032961,9.433981132,11.18033989,11.3137085,14.31782106,10.63014581,13.41640786,11.3137085,13,11.40175425,14.86606875,12.04159458,13,12.80624847,14.56021978,12.80624847,13.92838828,11.40175425,13.60147051,12.20655562,13.92838828,12.80624847,13.92838828,13.03840481,13.60147051,13.89244399,13.92838828,11.66190379,13.92838828,13.03840481,17.4642492,12.20655562,15.23154621,12.20655562,16.55294536
9.219544457,10,8.602325267,9.899494937,9.433981132,10.63014581,9.433981132,10,8.94427191,10.63014581,9.433981132,9.899494937,8.94427191,10.63014581,9.848857802,9.899494937,9.848857802,10.63014581,10.77032961,9.219544457,13.41640786,11.3137085,12.08304597,10.63014581,11.18033989,11.3137085,12.64911064,12.04159458,10.77032961,12.04159458,12.08304597,12.80624847,11.70469991,12.80624847,13,12.20655562,12.64911064,13.03840481,13,12.20655562,11.70469991,13.03840481,10.77032961,13.03840481,12.64911064,11.66190379,13.92838828,12.08304597,13.92838828,13.41640786,14.31782106,13.41640786
7.211102551,10.63014581,6.708203932,11.40175425,6.708203932,10.63014581,8.602325267,11.66190379,8.544003745,9.219544457,7.615773106,11.3137085,9.486832981,10.81665383,9.219544457,11.3137085,5.830951895,10.63014581,6.32455532,9.899494937,11.40175425,10.63014581,10.44030651,10.63014581,11.40175425,11.40175425,11.40175425,11.3137085,10.44030651,11.3137085,11.40175425,12.04159458,13.60147051,13.45362405,12.36931688,11.66190379,13.60147051,12.20655562,11.18033989,11.40175425,11.40175425,12.52996409,12.36931688,11.66190379,11.40175425,12.20655562,12.64911064,11.66190379,13.92838828,12.20655562,13.60147051,12.52996409
19.20937271,18.02775638,16.40121947,15.65247584,22.36067977,16.1245155,18.02775638,19.23538406,20.1246118,15.8113883,21.54065923,19.20937271,21.54065923,17.69180601,20.61552813,16.64331698,26.57066051,12.64911064,23.2594067,13,26,15.8113883,24.16609195,16.40121947,24.35159132,16.2788206,26.92582404,18.43908891,25.07987241,18.43908891,28.46049894,18.86796226,29.15475947,19.41648784,29.41088234,20,30.08321791,21.63330765,27.85677655,20.24845673,29.73213749,22.47220505,27.85677655,21.63330765,28.7923601,21.02379604,33.61547263,21.02379604,33.24154028,19.6977156,32.69556545,22.36067977
5.099019514,21.9317122,6.08276253,21.26029163,8.062257748,22.6715681,8,21.9317122,8,22.6715681,9,24.08318916,9,23.43074903,10,24.20743687,11,23.60084744,10,24.41311123,11.04536102,26.62705391,12.16552506,25.23885893,12.04159458,26.40075756,11.04536102,27.78488798,11.04536102,29.15475947,11.18033989,30.88689042,11.18033989,29.96664813,10.19803903,31.30495168,10.19803903,32.64965543,8.062257748,31.76476035,9.055385138,32.20248438,8.544003745,31.76476035,10.44030651,30.46309242,10.77032961,34.0147027,12.64911064,32.20248438,11.18033989,33.10589071
14.2126704,5,14.2126704,5.830951895,15.26433752,4.472135955,14.4222051,4.123105626,16.64331698,4.123105626,15.26433752,5.385164807,15.8113883,5.385164807,16.1245155,5.385164807,16.64331698,5.830951895,15.8113883,5,19.23538406,5.099019514,18.02775638,6.08276253,19.72308292,5.830951895,19.23538406,5.830951895,18.86796226,6.403124237,20.59126028,7.810249676,20.59126028,7.211102551,21.02379604,6.403124237,20.59126028,7.211102551,20.59126028,6.403124237,21.47091055,7.071067812,20.59126028,7.211102551,20.1246118,5,22.36067977,5.830951895,21.47091055,5.656854249,22.82542442,5.656854249
12.04159458,9.219544457,13.60147051,9.899494937,14.2126704,8.485281374,12.80624847,9.219544457,12.80624847,8.485281374,15,9.899494937,14.4222051,9.219544457,15,9.899494937,15.26433752,9.899494937,15,8.485281374,18.02775638,9.899494937,16.40121947,10.63014581,16.1245155,9.219544457,16.1245155,9.899494937,17.49285568,10.63014581,17.88854382,10.63014581,17,12.04159458,17,11.3137085,16.1245155,11.3137085,17,12.04159458,17,12.80624847,17,12.04159458,16.55294536,11.3137085,18.35755975,10.63014581,18.35755975,12.04159458,18.35755975,11.40175425
14.4222051,1,13.60147051,1,14.4222051,1.414213562,14.2126704,1.414213562,15.62049935,2.828427125,15.62049935,1,15.62049935,1.414213562,15.8113883,2.236067977,15,3.16227766,16.40121947,2.236067977,18.02775638,3,17.80449381,2,18.60107524,3,19.41648784,2,18.60107524,2.236067977,19.72308292,2,20.24845673,1.414213562,19.72308292,1.414213562,19.72308292,1.414213562,19.72308292,1.414213562,19.72308292,1.414213562,19.72308292,1.414213562,18.35755975,2.828427125,20.1246118,3.16227766,19.72308292,2,19.72308292,2
5.656854249,9.848857802,5.656854249,11.18033989,6.403124237,11.18033989,5.656854249,11.18033989,5.656854249,11.70469991,5.830951895,12.64911064,6.403124237,13,5.656854249,13,5,13,5.656854249,13,7.071067812,15.23154621,7.211102551,15.23154621,7.810249676,15.23154621,7.810249676,15.65247584,8.602325267,14.76482306,8.062257748,17.08800749,9.433981132,16.55294536,9.433981132,17.08800749,10,17.88854382,8.602325267,16.55294536,9.433981132,16.15549442,8.94427191,16.55294536,9.486832981,15.65247584,10.77032961,17.4642492,11.18033989,17.88854382,9.848857802,18.35755975
19.10497317,18.60107524,28.60069929,15.26433752,27.29468813,17.02938637,18.38477631,18.11077028,22.13594362,16.4924225,21.21320344,24.35159132,21.54065923,9.219544457,20.61552813,17.4642492,33.95585369,13.03840481,13.89244399,13.92838828,30.06659276,32.01562119,23.34523506,22.13594362,28.44292531,25,37,27.29468813,32.06243908,29.15475947,34.0147027,21.02379604,43.28972164,23.08679276,38.58756276,29.15475947,34.92849839,31,33.54101966,31.32091953,32.55764119,20.22374842,34.13209633,34,37.85498646,34.23448554,40.26164428,36.40054945,37.48332963,29.61418579,32.75667871,30.87069808
14.4222051,8.544003745,15.8113883,8.544003745,15.26433752,9.486832981,16.40121947,8.94427191,15,9.433981132,17.49285568,9.848857802,18.02775638,11.66190379,16.64331698,11.40175425,18.02775638,10.81665383,18.35755975,10.29563014,18.86796226,12.20655562,18.02775638,12.04159458,18.35755975,11.3137085,17.88854382,12.04159458,18.35755975,12.80624847,19.23538406,14.2126704,19.23538406,13.03840481,19.23538406,13.03840481,19.72308292,12.20655562,18.86796226,13.45362405,19.23538406,12.20655562,20.24845673,12.80624847,20.1246118,12.04159458,21.47091055,12.80624847,22.47220505,13.60147051,21.09502311,12.80624847
15,10.63014581,17.80449381,10.63014581,17.80449381,11.3137085,17.69180601,12.72792206,17.69180601,10.63014581,18.43908891,11.40175425,17.69180601,11.40175425,19.10497317,11.40175425,19.10497317,10.81665383,17.69180601,10.81665383,19.79898987,12.20655562,20.51828453,10.81665383,19.79898987,11.66190379,20.51828453,12.08304597,20.51828453,10.29563014,19.84943324,12.52996409,19.79898987,11.18033989,19.20937271,12.08304597,19.84943324,11.18033989,19.10497317,13,20.51828453,11.18033989,19.20937271,12.08304597,19.20937271,11.66190379,19.84943324,14.31782106,19.79898987,12.52996409,20.51828453,13.89244399
14.86606875,5.830951895,15.55634919,5,16.2788206,6.403124237,16.97056275,4.242640687,15.55634919,5.656854249,16.2788206,6.403124237,16.2788206,6.403124237,17.02938637,5.656854249,17.80449381,6.403124237,17.20465053,5,19.41648784,6.708203932,17.80449381,6.708203932,17.80449381,6.403124237,18.02775638,7.071067812,18.60107524,7.810249676,18.86796226,7.810249676,18.60107524,8.602325267,18.86796226,7.810249676,18.60107524,6.403124237,18.60107524,7.810249676,18.35755975,8.485281374,17.80449381,7.810249676,16.64331698,7.071067812,18.86796226,7.071067812,18.60107524,8.485281374,19.41648784,7.810249676
22.02271555,7.615773106,26.57066051,11.70469991,20.39607805,4.123105626,44.27188724,3,29.15475947,5.099019514,33.24154028,8.062257748,29.73213749,5,39.2173431,6.708203932,20.61552813,21.84032967,22.02271555,4.242640687,41.62931659,6.08276253,39.20459157,9,37.36308338,4.472135955,41.10960958,3,41.43669871,10.44030651,48.08326112,4,45.607017,6,41.59326869,12.08304597,50.99019514,5.830951895,39.92492956,7.810249676,42.72001873,9.899494937,42.05948169,2.828427125,36.49657518,8,48.84669897,4.472135955,43.38202393,6.708203932,46.09772229,9.486832981
27.73084925,9.433981132,27.73084925,9.848857802,28.3019434,10.04987562,27.31300057,13.34166406,24.69817807,13.03840481,26.07680962,13.03840481,24.69817807,17,22.20360331,15,23.02172887,19.10497317,24.8394847,17.11724277,24.8394847,20.22374842,26.40075756,20.02498439,25.8069758,18.11077028,26.90724809,19.10497317,24.75883681,20.02498439,26.90724809,19.23538406,27.58622845,22,23.85372088,21.37755833,28.42534081,21.09502311,27.65863337,21.02379604,25.23885893,21.02379604,22.47220505,22.36067977,23.32380758,23.19482701,26.92582404,25.07987241,25.23885893,24.33105012,25.94224354,23.76972865
11.66190379,10.81665383,11.66190379,9.848857802,10.81665383,10.81665383,12.20655562,9.848857802,12.04159458,9.848857802,12.04159458,9.848857802,12.04159458,10.77032961,11.3137085,10.44030651,12.04159458,9.219544457,12.04159458,9.486832981,12.80624847,9.848857802,12.80624847,10.44030651,13.89244399,9.219544457,13.41640786,8.544003745,14.4222051,8.544003745,14.31782106,9.486832981,14.76482306,9.848857802,15.23154621,8.544003745,14.76482306,8.94427191,14.86606875,8.544003745,15.23154621,8.94427191,14.86606875,8.062257748,13.92838828,7.615773106,15.23154621,8.062257748,15.23154621,7.211102551,16.15549442,8.062257748
9.848857802,12.52996409,8.94427191,13,10.44030651,12.20655562,9.219544457,12.20655562,9.219544457,12.80624847,10.44030651,12.72792206,9.486832981,10.63014581,10.19803903,11.40175425,9.055385138,12.04159458,8.246211251,10.81665383,8,13.60147051,9,12.80624847,9.055385138,14.76482306,8.246211251,13.89244399,9.055385138,13.89244399,8.246211251,14.76482306,8.246211251,14.86606875,7.071067812,13.92838828,7.615773106,15.23154621,7.280109889,14.56021978,7.280109889,14.86606875,6.32455532,15.23154621,5.385164807,15.5241747,5.099019514,16.4924225,6.32455532,18.02775638,5.385164807,16.76305461
1,9.433981132,2.828427125,9.433981132,3,9.848857802,1,13,3.16227766,12.16552506,2.236067977,12.36931688,2,13.15294644,3.16227766,13,2,14.03566885,2.236067977,14.03566885,2.236067977,16.1245155,3,15.03329638,2.236067977,16.2788206,3.16227766,18.02775638,3,16.2788206,4.123105626,18.43908891,3,18.24828759,3.16227766,19.23538406,4.123105626,17.4642492,3,17.4642492,3.16227766,18.24828759,3.16227766,18.43908891,3,18.02775638,2.828427125,21.1896201,2.236067977,19.92485885,2.236067977,22.84731932
13.15294644,3.605551275,17.02938637,6.708203932,14.14213562,10.77032961,13.15294644,6.708203932,13.34166406,7.071067812,8.544003745,5,7.615773106,8.062257748,12.08304597,2,11.3137085,6.403124237,8.94427191,3.605551275,12.04159458,6.32455532,10.63014581,5,8.062257748,8.062257748,12.52996409,8,13.41640786,7.280109889,12.08304597,9.055385138,12.36931688,8.544003745,13,9.219544457,13.41640786,13.15294644,13.60147051,8.94427191,12.36931688,12.16552506,11.70469991,9,14.03566885,11.40175425,14.14213562,10.44030651,13.34166406,8.94427191,14.14213562,8.062257748
16.1245155,33.28663395,18.24828759,30.88689042,16.76305461,31.6227766,20.09975124,26.41968963,17.72004515,23.40939982,18.24828759,26.07680962,16.2788206,25.8069758,15.13274595,23.76972865,18.24828759,22.82542442,13.34166406,20.1246118,17.72004515,18.78829423,17.08800749,20.24845673,13.92838828,23.70653918,14.31782106,18.97366596,14.76482306,17.72004515,11.18033989,17.08800749,11.70469991,20.24845673,5,19.31320792,8.94427191,18.02775638,10.81665383,18.24828759,7.071067812,17.4642492,8.94427191,15.29705854,5.830951895,14.86606875,6.403124237,12.52996409,6.403124237,16.76305461,5,18.38477631
14.56021978,20.22374842,14.31782106,18.68154169,15.23154621,17.4642492,17.88854382,18.43908891,15.23154621,18.24828759,15.65247584,15.13274595,16.1245155,18.24828759,13.41640786,17.4642492,15.26433752,14.31782106,14.4222051,10.19803903,14.86606875,13.15294644,15.55634919,13.34166406,14.14213562,11.04536102,18.02775638,13.15294644,12.52996409,8.246211251,15.8113883,12.16552506,13.41640786,8.544003745,14.31782106,9.219544457,14.86606875,6.32455532,14.76482306,7.810249676,16.15549442,5.385164807,13.92838828,6.403124237,14.56021978,7.810249676,14.56021978,9.433981132,15.23154621,8.602325267,15.23154621,9.219544457
26.2488095,5.830951895,25.3179778,6,23.34523506,5.385164807,24.73863375,8,20.88061302,5.830951895,22.84731932,6.08276253,23.08679276,6.32455532,18.97366596,4.123105626,19.10497317,8.602325267,18.02775638,5.830951895,18.97366596,5,17.72004515,4.242640687,17.08800749,6.403124237,18.38477631,5.830951895,13.89244399,7.071067812,14.86606875,5.385164807,13.41640786,7.280109889,11.18033989,5.099019514,13.41640786,6,15.26433752,6.08276253,11.18033989,8.062257748,11.40175425,4.472135955,10.63014581,4.472135955,10.63014581,3.605551275,14.14213562,5.099019514,12.80624847,5.099019514
7.071067812,42.95346319,9.055385138,43.46262762,10,40.85339643,10.04987562,42.05948169,9.219544457,37.69615365,11,40.80441153,11,35.73513677,9.055385138,34.92849839,10.04987562,31.78049716,10.44030651,32.55764119,8.246211251,33.37663854,7.071067812,30.2654919,5.385164807,31.01612484,7.280109889,28.01785145,6.32455532,25.01999201,4.242640687,26.01922366,6.32455532,25,4.472135955,23.08679276,4.242640687,24.18677324,3.16227766,22.09072203,2.236067977,22.20360331,4.472135955,22.36067977,2.236067977,19.23538406,1.414213562,22.20360331,1.414213562,22.36067977,3.16227766,20.39607805
24.33105012,19.31320792,25.49509757,18.38477631,26.68332813,18.38477631,25.07987241,16.76305461,23.53720459,16.76305461,22.56102835,16.2788206,21.09502311,13.92838828,22.02271555,13.15294644,20.22374842,14.03566885,17.02938637,11.18033989,21.02379604,12.04159458,20.02498439,12.04159458,18,11.04536102,15.13274595,11.04536102,14.14213562,10.19803903,13,12.36931688,13.34166406,10.44030651,11,10.81665383,10,11.18033989,12,11.18033989,8.062257748,10,10.19803903,10.81665383,7.071067812,6.403124237,7.071067812,13.89244399,9.486832981,13.03840481,5.099019514,12.04159458
14.31782106,17.08800749,13.60147051,14.56021978,14.76482306,14.31782106,12.64911064,13,16.55294536,12.52996409,13.41640786,10.44030651,15,13.89244399,12.80624847,10,14.86606875,11.66190379,8.485281374,10,12.72792206,10,10,12.20655562,11.40175425,13.41640786,11.3137085,10.63014581,8.485281374,9.219544457,10.63014581,12.80624847,8.485281374,13.41640786,8.062257748,12.20655562,7.810249676,12.08304597,5.830951895,11.70469991,7.810249676,15.65247584,7.615773106,15.13274595,7.810249676,14.03566885,5,15.8113883,5.385164807,15.65247584,8.246211251,15.29705854
21.63330765,3.605551275,23.32380758,5.830951895,24.16609195,6,23.85372088,7,22.82542442,5.099019514,23.60084744,7.280109889,21.09502311,7.280109889,18.35755975,5.099019514,18.60107524,7.071067812,17.20465053,7.071067812,20,6.08276253,19.20937271,6,19.10497317,5.099019514,19.79898987,6.32455532,16.2788206,6.08276253,17.69180601,6.32455532,16.97056275,3,14.86606875,4.123105626,17.02938637,7.280109889,16.2788206,3.605551275,17.80449381,4.123105626,16.97056275,5.656854249,16.40121947,2.236067977,18.02775638,6.708203932,19.20937271,3.605551275,19.10497317,3.605551275
38.47076812,17.72004515,38.91015292,19.92485885,36.89173349,21.37755833,36.67424164,19.31320792,32.75667871,21.1896201,33.61547263,20.09975124,33.60059523,19.41648784,30.46309242,18.24828759,26.68332813,17.4642492,26.92582404,18.43908891,31.78049716,16.1245155,24.16609195,13.60147051,28.63564213,14.31782106,27.65863337,15.13274595,25.49509757,12.04159458,24.33105012,12.36931688,26.30589288,9.848857802,21.37755833,14.14213562,19.23538406,10.19803903,20.09975124,8.246211251,20.39607805,9,21.02379604,8.246211251,20.09975124,7,20,7.615773106,19.02629759,4.123105626,18.11077028,5.830951895
25.05992817,17.08800749,25.07987241,19.31320792,23.70653918,18.38477631,27.85677655,17,21.9317122,14.76482306,24.04163056,15.8113883,21.54065923,13.92838828,20.39607805,12.08304597,20.61552813,11.70469991,19.41648784,11.70469991,20.39607805,13,21.09502311,12.64911064,19.02629759,11.66190379,17.02938637,11.66190379,17.11724277,9.848857802,19,10,18.02775638,9.433981132,14.14213562,9.433981132,15.13274595,9.848857802,15.13274595,8.544003745,14.31782106,7.280109889,14.31782106,8.94427191,13.60147051,7.615773106,14.86606875,8.246211251,15.23154621,8,15.23154621,9.055385138
6.08276253,28.17800561,5.099019514,25.07987241,5.385164807,26,4.472135955,26,4.242640687,24.69817807,3.605551275,23.08679276,2.236067977,23.76972865,3.16227766,21.84032967,3.605551275,20.88061302,3.605551275,19.41648784,4.472135955,20.61552813,4.123105626,21.21320344,5.385164807,20.61552813,6.08276253,20.22374842,6,18.24828759,6,19.10497317,6.08276253,17.02938637,5.385164807,16.03121954,6.32455532,15.03329638,6,15,7.071067812,14,6.08276253,16.03121954,6.08276253,13.15294644,7.071067812,13.60147051,6.08276253,14.56021978,7.071067812,14.31782106
25.05992817,7.810249676,24.69817807,9.219544457,25.55386468,10.81665383,25.05992817,9.848857802,22.82542442,9.486832981,22.82542442,10.04987562,22.82542442,10.19803903,22.82542442,10.19803903,20.59126028,10.19803903,21.9544984,9,21.63330765,10,21.9544984,10.04987562,21.09502311,11.40175425,19.72308292,10.19803903,20,10.19803903,21.63330765,13,18.60107524,11.40175425,17.69180601,9.848857802,19.41648784,10.44030651,18.60107524,10.81665383,19.20937271,11.18033989,18.60107524,10,17.02938637,10.63014581,17.69180601,12.72792206,16.40121947,12.04159458,18.38477631,12.04159458
3.16227766,19.41648784,2,20,1.414213562,19.20937271,1,19.72308292,0,20.24845673,1,20,2.236067977,20,2.236067977,19.20937271,3.605551275,19.41648784,4.123105626,19.84943324,4,20,6,22.02271555,4.472135955,20,4.472135955,20.61552813,5.830951895,20.51828453,6.403124237,20.51828453,5.830951895,19.79898987,5.830951895,19.20937271,5.830951895,19.10497317,6.708203932,19.20937271,5.830951895,19.10497317,6.32455532,18.60107524,6.708203932,19.84943324,7.615773106,20.51828453,8.246211251,18.60107524,0,0
2,11.66190379,3,12.20655562,3.16227766,11.40175425,4.123105626,11.18033989,1.414213562,11.40175425,2.236067977,10.63014581,2.236067977,10,4.123105626,9.219544457,3,11.3137085,5.385164807,12.20655562,4.472135955,12.80624847,4.472135955,13.45362405,4.472135955,13.45362405,5,12.72792206,6.403124237,12.80624847,5.830951895,15,5.656854249,13.89244399,6.32455532,14.4222051,4.472135955,15.26433752,5.830951895,14.76482306,5.830951895,15.65247584,3.605551275,15.23154621,5.830951895,16.15549442,5.830951895,17.4642492,5.830951895,17,5.099019514,17.08800749
19.6468827,6.708203932,17.4642492,6.08276253,19.41648784,5.385164807,18.24828759,5.385164807,17.11724277,3.16227766,16,3.16227766,17,4.123105626,15.03329638,2.236067977,15.13274595,2.236067977,14.56021978,4.242640687,15.5241747,4.242640687,14.86606875,3.605551275,15.23154621,3.605551275,14.31782106,4.472135955,13.89244399,4.242640687,14.76482306,3.605551275,14.4222051,5,13.60147051,3.16227766,12.80624847,4.472135955,12.72792206,3.16227766,13.45362405,4.472135955,14.2126704,2.828427125,12.80624847,3.16227766,13.60147051,2.828427125,13.89244399,3.605551275,13.41640786,3.16227766
10.77032961,40.80441153,7.810249676,40.26164428,7.071067812,38.89730068,8.062257748,38.63935817,7.071067812,33.24154028,7.280109889,36.34556369,8.062257748,33.06055051,10,29.15475947,9,29.01723626,9.055385138,26,13.15294644,28.16025568,13.92838828,27.45906044,15.13274595,27.45906044,17.2626765,26.30589288,16.03121954,23.34523506,20.09975124,24.51530134,20.02498439,25.63201124,21,20.24845673,22.20360331,23.76972865,22.02271555,20.61552813,24.08318916,20.59126028,26.07680962,19.72308292,24.08318916,21.40093456,28.28427125,20.51828453,28.28427125,20,30.2654919,19.84943324
20.1246118,23.70653918,19.72308292,24.69817807,19.20937271,24.35159132,18.43908891,24.73863375,18.38477631,22.13594362,19.84943324,22.8035085,19.20937271,21.84032967,19.41648784,20.61552813,19.72308292,20.61552813,21.9544984,19.92485885,25.49509757,21.1896201,23.70653918,21.84032967,25.07987241,21.84032967,24.69817807,21.02379604,25.07987241,21.02379604,27.51363298,19.23538406,26.92582404,21.02379604,27.20294102,18.02775638,27.20294102,18.60107524,27.20294102,18.02775638,29.12043956,18.60107524,29.12043956,18.43908891,28.86173938,17.69180601,33.24154028,16.97056275,33.24154028,17.02938637,34.20526275,16.40121947
5.385164807,10.63014581,5.099019514,12.04159458,4.123105626,12.04159458,4,12.04159458,4.123105626,12.04159458,4.123105626,11.40175425,4.123105626,12.52996409,3,11.40175425,4,11.40175425,3.16227766,10.63014581,5,13.60147051,6,13.03840481,5,13.89244399,4.123105626,14.76482306,4.123105626,15.65247584,4,16.55294536,3.16227766,16.55294536,3.16227766,15.23154621,4.123105626,16.1245155,3.16227766,15.65247584,2.236067977,15.23154621,4.472135955,15.23154621,3.16227766,16.15549442,3.16227766,16.55294536,3.605551275,15.23154621,3.605551275,16.1245155
4,10.81665383,5.099019514,8.602325267,4,9.219544457,5.099019514,9.219544457,4.472135955,9.219544457,3.605551275,9.219544457,4.242640687,8.485281374,4.242640687,10,5,10.63014581,6.708203932,8.602325267,7.280109889,12.04159458,5.385164807,11.3137085,6.403124237,12.04159458,5.830951895,12.04159458,6.708203932,12.20655562,5.830951895,14.4222051,7.211102551,13.89244399,7.280109889,13.03840481,6.708203932,14.4222051,6.403124237,13.03840481,6.708203932,15.65247584,4.472135955,13.41640786,6.32455532,13.89244399,7.280109889,15.23154621,6.08276253,15.23154621,6.32455532,13.92838828
8,3,8.062257748,5,7.280109889,5,8.246211251,4,7,6,6.708203932,6.08276253,4.472135955,7.071067812,4.472135955,6.08276253,5.385164807,7.071067812,7.071067812,8,6.708203932,7.071067812,5.656854249,9.055385138,5.656854249,9.219544457,5.385164807,10.19803903,5.830951895,10.04987562,5.385164807,12.36931688,5,11.40175425,4.123105626,12.16552506,4.123105626,12.16552506,4.472135955,12.16552506,4.472135955,12.36931688,5.099019514,13.15294644,4,13.34166406,5.385164807,16.2788206,4.242640687,14.56021978,4.123105626,14.31782106
10.44030651,2,11.18033989,2.236067977,10,3,8.062257748,1,9.899494937,2.236067977,9.219544457,1.414213562,9.219544457,2.236067977,10,4,11.18033989,3,7.615773106,1.414213562,11.70469991,1,11.18033989,1,11.70469991,2.236067977,13.03840481,1.414213562,13.03840481,1,14.31782106,1,14.03566885,1,15.03329638,2.236067977,15.03329638,1,14.14213562,2.236067977,14.03566885,2.236067977,16.03121954,3.605551275,16.03121954,2.236067977,16.03121954,3.16227766,18,2.236067977,18.02775638,2.828427125
2,21.54065923,1.414213562,19.92485885,1.414213562,18.38477631,2.236067977,21.54065923,2,20.24845673,2.236067977,18.38477631,3.16227766,18.02775638,3.16227766,18.02775638,2.828427125,15.8113883,2.828427125,15.23154621,4.472135955,16.15549442,4.472135955,16.15549442,4,15.23154621,5,13.41640786,5.099019514,14.76482306,5,16.1245155,6,14.4222051,6,11.3137085,5,13.45362405,6.08276253,13.45362405,6,11.3137085,6,13.45362405,5.099019514,13.45362405,6,15,5,13.60147051,4.123105626,14.4222051
16.76305461,8.062257748,17.08800749,8.544003745,16.15549442,10.81665383,15.8113883,10.29563014,13.92838828,8.602325267,13.92838828,8.94427191,13.60147051,9.219544457,11.18033989,7.810249676,9.848857802,9.219544457,11.04536102,7.071067812,11.70469991,9.433981132,12.16552506,9.219544457,11.40175425,8.602325267,11.40175425,10,10.44030651,8.544003745,9.486832981,10.81665383,8.544003745,9.848857802,7.211102551,9.219544457,8.94427191,9.486832981,9.433981132,9.848857802,8.062257748,10.77032961,8.602325267,10.77032961,7.810249676,8.246211251,8.485281374,9.219544457,9.219544457,10.77032961,9.899494937,9.219544457
16.4924225,8.94427191,14.31782106,7.615773106,14.86606875,10.29563014,15.8113883,10.29563014,13.34166406,10,13.60147051,9.433981132,12.36931688,10.81665383,11.40175425,9.219544457,11.40175425,10.63014581,10.77032961,9.219544457,11.18033989,12.20655562,9.219544457,10,11.18033989,10,8.062257748,10.29563014,9.219544457,9.486832981,7.280109889,11.70469991,6.32455532,11.40175425,7.280109889,12.64911064,7.615773106,11.18033989,8.602325267,10.44030651,7.615773106,12.64911064,5.830951895,12.36931688,5.830951895,14.56021978,8.602325267,14.14213562,7.810249676,12.64911064,8.485281374,13.60147051
2.828427125,13.15294644,3.16227766,13.34166406,2.828427125,13.15294644,3.16227766,12.64911064,4.123105626,10.44030651,6.08276253,9.219544457,7.071067812,9.219544457,6.08276253,9.055385138,5,9.486832981,7.071067812,8.062257748,8,8.062257748,7.071067812,7.071067812,8.062257748,7.280109889,9,7.071067812,8,6.32455532,10,6.32455532,10,6.32455532,10.04987562,5.385164807,10,5.830951895,9.055385138,5.830951895,10.04987562,4.472135955,10,6.403124237,11.04536102,5.830951895,11.04536102,5.830951895,11.04536102,5.830951895,10.04987562,6.708203932
7.280109889,19.31320792,8.246211251,20.24845673,7.211102551,18.02775638,8.94427191,19.31320792,9.433981132,16.55294536,7.615773106,17.08800749,9.219544457,16.64331698,8.062257748,14.86606875,7.211102551,15.8113883,7.615773106,15.26433752,7.810249676,17.49285568,8.485281374,15.26433752,5.830951895,13.89244399,8.062257748,12.80624847,9.848857802,14.2126704,7.211102551,15,9.848857802,14.2126704,8.246211251,13.60147051,8.062257748,13.45362405,8.94427191,12.72792206,7.615773106,12.04159458,6.32455532,12.20655562,6.32455532,13.60147051,6.32455532,15.65247584,7,14.76482306,6.708203932,15.65247584
14.86606875,9.433981132,16.4924225,10,15.8113883,9.433981132,16.2788206,10.81665383,12.04159458,9.433981132,13.15294644,10,11.04536102,9.433981132,12.04159458,10,11.04536102,9.899494937,11.18033989,7.071067812,12.16552506,9.219544457,12,7.810249676,10.04987562,9.219544457,10,8.602325267,9.219544457,9.433981132,10.04987562,10.81665383,8,10.81665383,9,11.70469991,7,9.848857802,7,10.77032961,7.071067812,11.70469991,6,8.94427191,6.08276253,10.29563014,4.472135955,11.70469991,5.385164807,12.08304597,5.830951895,10.77032961
17.4642492,1.414213562,16.76305461,1.414213562,16.76305461,2,17.4642492,2,15.8113883,2.236067977,14.56021978,1,14.86606875,2.236067977,13.60147051,3,13,3.605551275,12.52996409,4.123105626,13,4.123105626,11.40175425,4.123105626,11.70469991,3,11.70469991,4.123105626,9.486832981,5.099019514,10.77032961,6,9.848857802,6.08276253,10.29563014,6.32455532,10.77032961,5.099019514,10,6,8.602325267,6.08276253,10,6.32455532,9.219544457,6.08276253,9.899494937,5,9.219544457,6.32455532,10,6.08276253
5.099019514,13.34166406,6.708203932,13.60147051,7.280109889,13.34166406,7,11.40175425,6.08276253,12.36931688,8.062257748,11.40175425,8.246211251,10.19803903,11,9.486832981,10.19803903,8.544003745,10.04987562,8.94427191,10.04987562,10.44030651,9.055385138,7.615773106,9.486832981,8.246211251,10.19803903,8.544003745,10.19803903,7.615773106,12.16552506,8.062257748,11.04536102,7.211102551,10.19803903,7.810249676,10.77032961,7.211102551,10.44030651,9.219544457,11.70469991,6.403124237,12.52996409,9.219544457,11.70469991,9.486832981,13,9.486832981,13.41640786,8.602325267,12.64911064,9.848857802
10.44030651,10.63014581,11.18033989,9.899494937,11.70469991,12.72792206,9.848857802,10.63014581,9.486832981,11.40175425,7.071067812,11.40175425,6.708203932,12.80624847,8.544003745,11.40175425,7.615773106,12.04159458,7.071067812,10.63014581,7.280109889,13.03840481,6.08276253,12.20655562,7.615773106,12.52996409,7.615773106,12.80624847,6.32455532,11.66190379,7.211102551,13.03840481,6.708203932,12.52996409,5.656854249,11.66190379,5.385164807,10.81665383,7.071067812,12.20655562,7.810249676,12.52996409,7.211102551,11.18033989,6.708203932,10.81665383,8.062257748,12.52996409,8.062257748,13.03840481,9.486832981,12.80624847
40.31128874,17.20465053,38.05259518,38.01315562,31.57530681,24.18677324,53.14132102,31.01612484,49.39635614,41.77319715,42.19004622,26.57066051,36.34556369,24.18677324,31.82766093,32.89376841,27.01851217,27.07397274,38.94868419,8.485281374,44.40720662,26.68332813,23.76972865,20.80865205,43.10452412,24,29.41088234,28.44292531,28.63564213,15.13274595,22.02271555,27.65863337,32.55764119,28.01785145,31.89043744,22.13594362,28.8444102,23.08679276,31.2409987,23.02172887,31.2409987,28.01785145,23.32380758,32.28002478,31.95309062,33.24154028,39.44616585,34.13209633,23.34523506,37.57658846,42.01190308,28.42534081
12.52996409,16.64331698,14.31782106,17.20465053,14.4222051,16.40121947,15.8113883,17.02938637,15.8113883,15,15.8113883,16.40121947,15.26433752,13.89244399,15.62049935,14.14213562,17.02938637,14.86606875,13.45362405,13.45362405,17.02938637,15.55634919,15.55634919,13.60147051,15.55634919,14.86606875,15.55634919,14.14213562,14.14213562,14.86606875,16.40121947,15,15,14.86606875,14.2126704,15.62049935,14.2126704,15,12.80624847,15.8113883,15.26433752,13.60147051,12.72792206,18.60107524,14.4222051,16.64331698,13.89244399,17,15.65247584,17,14.76482306,17.49285568
29.15475947,15.62049935,31.6227766,16.40121947,28.8444102,15.65247584,30.23243292,19.72308292,27.45906044,16.55294536,29.15475947,16.64331698,24.59674775,18.35755975,24.59674775,15.65247584,26.07680962,18.02775638,23.32380758,16.1245155,26.41968963,16.4924225,25.55386468,14.31782106,24.69817807,16.15549442,22.84731932,13,21.63330765,16.64331698,22.36067977,15.65247584,21.47091055,15.23154621,21.63330765,14.31782106,20.59126028,11.18033989,20.24845673,13,18.86796226,11.66190379,19.72308292,10.77032961,15.62049935,12.08304597,20.80865205,11.70469991,20.59126028,8.94427191,21.47091055,10.29563014
31.38470965,2.828427125,33.61547263,3.16227766,33.83784863,3.16227766,32.64965543,4,30.52867504,3,29.52964612,3.16227766,30.52867504,2.236067977,28.3019434,3.16227766,28.17800561,1.414213562,25.94224354,1,26.40075756,2,26.83281573,1.414213562,26.83281573,1,24.59674775,2.236067977,25.49509757,1,24.16609195,1.414213562,24.59674775,1.414213562,21.9317122,3.605551275,21.02379604,2.236067977,21.9317122,3.605551275,22.36067977,3.605551275,20.61552813,3.16227766,18.78829423,2,21.54065923,3.16227766,19.6977156,2.236067977,18.78829423,2.236067977
5.830951895,14.14213562,5,15.13274595,6.708203932,14.31782106,5.830951895,15.8113883,7.280109889,16.76305461,6.32455532,18.38477631,6,18.38477631,7.071067812,18.78829423,6.08276253,19.6977156,7.071067812,19.6977156,5.099019514,21.02379604,7.280109889,19.6977156,6.32455532,21.02379604,7.615773106,22.84731932,7.615773106,20.61552813,8.94427191,23.2594067,8.94427191,22.36067977,7.615773106,23.2594067,8.062257748,22.82542442,9.433981132,22.36067977,9.219544457,23.2594067,9.219544457,24.18677324,8.062257748,23.2594067,9.219544457,26.41968963,8.062257748,24.69817807,7.810249676,25.23885893
24.18677324,28.17800561,25.07987241,29.52964612,24.69817807,28.65309756,23.76972865,29.52964612,23.2594067,27.29468813,23.2594067,26.41968963,23.76972865,24.16609195,22.13594362,23.70653918,21.58703314,21.47091055,18.68154169,21.47091055,20.61552813,22.82542442,20.39607805,21.54065923,20.09975124,21.54065923,19.23538406,21.1896201,19.23538406,18.97366596,20.09975124,19.92485885,18.02775638,20.88061302,16,18.68154169,17.02938637,17.4642492,14,16.76305461,13.03840481,18.43908891,14.03566885,16.4924225,12.16552506,15.29705854,13.15294644,18.24828759,13.15294644,17.02938637,14.14213562,14
26.41968963,25.55386468,25.05992817,28.17800561,24.18677324,26.40075756,24.69817807,26.92582404,22.82542442,24.16609195,23.76972865,25.63201124,21.47091055,24.04163056,19.31320792,25.70992026,20.61552813,22.8035085,20.24845673,21.58703314,20.61552813,23.76972865,19.31320792,22.20360331,19.92485885,20.22374842,18.97366596,21.02379604,18.43908891,21.09502311,18.43908891,23.02172887,19.23538406,19.02629759,17.11724277,17.11724277,16.03121954,18,15.13274595,20.09975124,16,18.11077028,14.03566885,18.24828759,14.03566885,16.4924225,15.13274595,16.76305461,13.60147051,16.4924225,13.60147051,16.15549442
14.31782106,25.29822128,16.15549442,24.69817807,13.92838828,23.40939982,14.56021978,24.35159132,14.31782106,21.1896201,14.31782106,21.84032967,14.31782106,19.6468827,14.03566885,19.41648784,13.03840481,17.72004515,13.15294644,17.72004515,13,17.2626765,13.15294644,18.24828759,13.15294644,16.1245155,13.15294644,17,11.18033989,15.13274595,12.36931688,16,11.40175425,15.03329638,9.486832981,13.15294644,10.77032961,14.14213562,8.544003745,12.36931688,10.29563014,13.34166406,11.18033989,12.64911064,9.433981132,11.18033989,10.63014581,12.52996409,10,11.66190379,7.810249676,13.03840481
10.63014581,33.83784863,6.403124237,29.73213749,9.219544457,25.63201124,6.08276253,30.08321791,9.848857802,27.51363298,8.94427191,26,7.071067812,25.63201124,4.472135955,25.96150997,5.656854249,18.68154169,5.656854249,19.6468827,5.830951895,22.36067977,4.242640687,22.09072203,4.123105626,23.08679276,7.280109889,20.09975124,7.071067812,21.02379604,4.123105626,21.02379604,8,16,7,16.03121954,6.08276253,18,9.219544457,16,5.385164807,16,6.708203932,16.03121954,5.385164807,13,6.403124237,15.13274595,7.211102551,15.13274595,6.403124237,13.15294644
18.02775638,25.07987241,16.4924225,25.63201124,17.4642492,24.35159132,20.39607805,24.04163056,18.43908891,22.8035085,17.11724277,21.84032967,18.24828759,21.58703314,16.2788206,20.61552813,16.2788206,19.41648784,15.03329638,20.02498439,16.03121954,19,15.13274595,19.02629759,15.13274595,18,12.04159458,15.03329638,13.15294644,16.03121954,13.03840481,17.11724277,12.04159458,16.2788206,9.219544457,14.31782106,11.18033989,15.5241747,11.18033989,13.92838828,8.246211251,14.56021978,9.486832981,14.86606875,7.615773106,11.66190379,8.544003745,13.41640786,8.602325267,13.89244399,8.602325267,13.89244399
11.70469991,23.34523506,11.70469991,24.51530134,11.18033989,22.20360331,9.486832981,23.34523506,9.219544457,21.09502311,9.486832981,23.34523506,8.062257748,21.02379604,6,19.02629759,7.071067812,20.02498439,8.062257748,17,8.062257748,21.02379604,7,18.02775638,9.055385138,17.02938637,7.280109889,16.03121954,7.615773106,13.03840481,8.544003745,15.03329638,8.062257748,14.03566885,8.062257748,11.40175425,8.602325267,10,8.485281374,11.04536102,7.810249676,9.055385138,9.219544457,9.055385138,8.062257748,9.055385138,9.433981132,7,9.433981132,8,8.94427191,6
16.1245155,18.02775638,17.11724277,16.76305461,19.02629759,16.4924225,19.02629759,15.29705854,19.02629759,14.31782106,17.02938637,14.56021978,16.03121954,14.14213562,16.03121954,12.04159458,16.03121954,13,15.03329638,11.04536102,14.03566885,13.15294644,15.13274595,13.15294644,13.15294644,11.40175425,13.15294644,10.44030651,12.36931688,10.77032961,11.40175425,10.77032961,11.70469991,10.29563014,10.19803903,9.433981132,9.219544457,11.66190379,8.062257748,11.40175425,7.280109889,9.219544457,7.280109889,9.899494937,5,11.40175425,5.099019514,12.52996409,4,12.80624847,5,13.89244399
17.08800749,17.4642492,14.56021978,16.1245155,15.5241747,17.4642492,13.60147051,19.23538406,13.34166406,17.72004515,13.60147051,16.1245155,11.04536102,16.2788206,12.36931688,15.03329638,11.04536102,16,11.04536102,15.13274595,11.04536102,14,11.18033989,12,11.40175425,12,10.19803903,11.18033989,9.848857802,11,10.77032961,11.04536102,11.18033989,11,10.29563014,10.04987562,11.40175425,8.062257748,9.219544457,8.062257748,10.63014581,7.071067812,11.3137085,7,11.40175425,6,11.66190379,7,13.03840481,8,12.08304597,5
18.43908891,14.03566885,18.68154169,14.03566885,16.2788206,16.1245155,15.8113883,13,15.13274595,13,15.03329638,14.03566885,13.03840481,13,12.16552506,12.04159458,10.19803903,11.18033989,11.04536102,11.70469991,10,11.18033989,10.04987562,11.40175425,8.246211251,9.486832981,8.246211251,9.055385138,10.44030651,8.94427191,9.848857802,8.544003745,10,7.615773106,9.219544457,7.615773106,9.433981132,6.708203932,8.485281374,6.32455532,9.899494937,4.472135955,10.63014581,4.472135955,10,5,12.20655562,4.242640687,10.77032961,3.16227766,12.08304597,2.828427125
27.20294102,5.099019514,26.2488095,6.32455532,27.20294102,6.08276253,27.89265136,7.071067812,24.04163056,6,24.51530134,6.32455532,24.33105012,7.071067812,23.34523506,7.615773106,23.08679276,7.615773106,20.22374842,6.403124237,23.08679276,6.32455532,20.02498439,4.472135955,20.22374842,5.656854249,19.23538406,6.403124237,18,5,19.02629759,7.071067812,17.11724277,7.071067812,15.03329638,6.32455532,14.14213562,7.280109889,13.34166406,8.246211251,16.1245155,8.246211251,14.31782106,9.486832981,12.64911064,10.04987562,13.60147051,11.04536102,10.44030651,10.77032961,10.44030651,12.04159458
26.57066051,5.830951895,27.20294102,5.385164807,27.51363298,5.385164807,27.20294102,4.472135955,25.70992026,4.472135955,25,4.472135955,25.3179778,3.605551275,22.36067977,2.236067977,21.21320344,3,20.39607805,2.236067977,21.09502311,3,19.02629759,3,19.02629759,5.099019514,18.02775638,5,16,3.605551275,18,3.605551275,16.03121954,4.472135955,15.03329638,4.242640687,15.29705854,5.830951895,15,5,14.03566885,5.385164807,13.03840481,5,12.36931688,7.615773106,13.34166406,6.32455532,11.18033989,8.602325267,11.40175425,9.848857802
1,26.83281573,2.236067977,31.01612484,1,29.15475947,1,31.01612484,3.16227766,29.15475947,1,27.85677655,2.236067977,24.35159132,0,26.2488095,2,23.53720459,1,22.56102835,2.828427125,23.53720459,2.236067977,23.08679276,1,21.37755833,2.236067977,20.39607805,2.236067977,20.22374842,1.414213562,20.22374842,0,19.10497317,1,15,1.414213562,18,2.236067977,19.10497317,2.828427125,17,2,17.02938637,3,14.14213562,3,16,4.123105626,15.03329638,4,15.29705854
13.34166406,27.73084925,12.64911064,25.05992817,14.56021978,25.07987241,15.29705854,25.63201124,13.15294644,21.54065923,13.03840481,25.07987241,13.03840481,20.88061302,12.04159458,18.97366596,12.16552506,19.6468827,12.64911064,19.6468827,12.04159458,20.61552813,10.44030651,22.20360331,9,19.10497317,10.04987562,18.43908891,9.055385138,17.11724277,9.055385138,17.02938637,9,17.02938637,5,15,7,17.02938637,7,17.11724277,8,16.1245155,5,14.56021978,4.123105626,14.31782106,5.830951895,14.31782106,6.708203932,15.23154621,4.123105626,14.56021978
16.64331698,1,17.49285568,1,16.55294536,1.414213562,18.97366596,1,17,2.236067977,16.15549442,0,16.64331698,2.236067977,15.65247584,2.236067977,15.23154621,3.16227766,13.03840481,0,15.26433752,3.16227766,15.65247584,3.16227766,14.76482306,2,13.89244399,3.16227766,13.03840481,5.099019514,13.60147051,7,12.52996409,5.099019514,13.41640786,7.071067812,12.08304597,7.280109889,11.40175425,6,10.63014581,7,12.20655562,5.385164807,12.72792206,8,12.04159458,7.280109889,12.72792206,9.055385138,12.80624847,7
7.071067812,17.49285568,7.280109889,19.23538406,5.385164807,15.65247584,7.810249676,19.41648784,6.403124237,19.72308292,4.472135955,20.24845673,8.94427191,21.09502311,5.656854249,17.88854382,5,19.23538406,3.16227766,18.02775638,3.16227766,19.23538406,4.472135955,16.64331698,5.099019514,13.41640786,3.16227766,14.4222051,6.708203932,15.8113883,6.08276253,16.64331698,7.280109889,15.55634919,4,14.86606875,4.472135955,14.14213562,6.32455532,14.86606875,4.123105626,14.2126704,4,14.86606875,6,14.86606875,3,14.86606875,5.099019514,13.89244399,5,17.02938637
24.59674775,7.071067812,20.59126028,5.385164807,22.36067977,5.099019514,23.70653918,5.099019514,21.02379604,5.830951895,20.59126028,5,22.36067977,4.123105626,18.60107524,7.071067812,21.02379604,6.403124237,19.23538406,2.236067977,23.2594067,3.16227766,21.47091055,5.656854249,19.41648784,2.828427125,19.72308292,2.828427125,17.49285568,3.16227766,18.60107524,4.123105626,16.64331698,3.16227766,16.1245155,4.123105626,18.02775638,6,16.64331698,6,16.40121947,6,14.86606875,7.071067812,17.80449381,6.32455532,17.80449381,7.280109889,16.40121947,5.099019514,16.2788206,5.099019514
12,26.41968963,14.14213562,20.61552813,13.15294644,27.29468813,20.09975124,25.05992817,14.14213562,22.36067977,13.60147051,24.59674775,11.40175425,20,11.18033989,23.76972865,12.36931688,20.59126028,12.04159458,18.86796226,11.04536102,21.02379604,11.18033989,19.72308292,11.18033989,21.63330765,10.77032961,18.86796226,10.77032961,21.02379604,12.08304597,20.1246118,9.848857802,18.02775638,9.433981132,16.1245155,9.219544457,17.4642492,6.403124237,19.6977156,7.810249676,16.64331698,8.062257748,16.1245155,8.485281374,16.55294536,9.899494937,16.64331698,7.615773106,18.35755975,6,17.20465053
12.20655562,43.0464865,13.89244399,40.80441153,5.830951895,43.41658669,13.45362405,42.94182111,7.071067812,37.94733192,10.04987562,38.62641583,8.544003745,41.67733197,16.64331698,36.12478374,13.34166406,49.04079934,7.211102551,53.26349594,5,44.94441011,7.810249676,38.62641583,6.708203932,39.44616585,9.219544457,41.59326869,3.16227766,37.01351105,3.605551275,39.8246155,8.602325267,33.24154028,3.16227766,32.20248438,16.03121954,25,5.656854249,33.12099032,7.211102551,27.58622845,4.123105626,30.8058436,5,32.01562119,5.099019514,29.83286778,12.72792206,30.88689042,11.3137085,36.79673899
16.64331698,14.31782106,15.23154621,11.66190379,18.60107524,12.52996409,19.23538406,12.64911064,16.15549442,12.52996409,16.1245155,13.41640786,17.72004515,12.08304597,13,13.03840481,14.86606875,12.64911064,12.36931688,11.70469991,14.86606875,11.66190379,16.2788206,10.29563014,14.56021978,10.81665383,11.04536102,9.433981132,13.34166406,10,13.34166406,12.52996409,12.04159458,9.433981132,13.03840481,9.219544457,11.04536102,11.3137085,9.055385138,8.062257748,9.486832981,9.219544457,11.04536102,9.219544457,10.44030651,12.04159458,9.486832981,9.219544457,9.219544457,10.63014581,9.848857802,11.40175425
6,21.47091055,4.123105626,20.1246118,6.08276253,21.54065923,6.08276253,21.02379604,6.32455532,15.23154621,6.708203932,18.38477631,5.099019514,17.4642492,6.08276253,17.4642492,5.099019514,16.15549442,4.123105626,14.86606875,3.16227766,16.4924225,5.385164807,17.4642492,5,15.8113883,5.656854249,13.92838828,3,14.14213562,7.615773106,14.03566885,5.099019514,15.13274595,5,11.40175425,2.828427125,13.15294644,2.236067977,12.16552506,7.071067812,10.44030651,5,12.04159458,5,11.18033989,8.544003745,11.40175425,6.08276253,11.70469991,6.08276253,11.18033989
12.20655562,20.1246118,9.899494937,21.1896201,10.81665383,19.6977156,11.40175425,20.61552813,10.81665383,17.08800749,11.40175425,21.1896201,8.94427191,19.92485885,9.848857802,20.24845673,7.280109889,19.41648784,8.062257748,16.2788206,9.486832981,18.43908891,10.44030651,17.72004515,8.94427191,16.15549442,8.062257748,16.76305461,7,15.29705854,8.062257748,14.31782106,9,15.29705854,8.246211251,13,8.246211251,12.36931688,9.055385138,12.36931688,6.708203932,11.40175425,8.544003745,12.36931688,8.94427191,9.848857802,8.94427191,10.77032961,8.062257748,10.29563014,8.062257748,9.486832981
6.08276253,24.69817807,8.062257748,24.18677324,7.071067812,24.69817807,10,24.59674775,8.062257748,21.09502311,9.055385138,22.82542442,7,22.36067977,6,21.02379604,6,20.1246118,5.099019514,18.78829423,5.099019514,19.92485885,6.08276253,20.88061302,5.099019514,21.1896201,5.099019514,18.38477631,4.472135955,17.4642492,5.099019514,19.41648784,4.472135955,17.08800749,3.605551275,15.29705854,2.828427125,17.72004515,3.605551275,15.5241747,4.242640687,13.03840481,4,13.34166406,4.123105626,14.14213562,5,14.56021978,5.099019514,14.31782106,7.071067812,15.13274595
25.8069758,13,27.20294102,13.92838828,27.29468813,13.41640786,27.78488798,14.56021978,25.23885893,13.34166406,24.69817807,12.08304597,25.94224354,12.08304597,25.05992817,11.40175425,22.36067977,13.92838828,21.9544984,11.40175425,24.16609195,13,23.76972865,11.18033989,23.70653918,10.44030651,21.9317122,10.44030651,19.23538406,10.77032961,20.88061302,9.486832981,20.24845673,8.544003745,18.38477631,7.810249676,18.97366596,8.062257748,16.4924225,9.433981132,16.4924225,8.544003745,16.76305461,9.486832981,15.8113883,8.94427191,15.5241747,7.071067812,17.72004515,10.63014581,16.4924225,7.810249676
20.1246118,20.24845673,21.09502311,20,19.41648784,20,22.47220505,20.80865205,18.60107524,18.43908891,19.6977156,21.09502311,20.1246118,20.24845673,17.88854382,19.41648784,19.6977156,17,16.4924225,18.35755975,19.31320792,19.41648784,18.02775638,18.02775638,18.38477631,17.4642492,17,18.02775638,16.55294536,14.86606875,14.76482306,16.55294536,17,16.55294536,16.1245155,13.60147051,14.31782106,15.23154621,14.31782106,15.23154621,13.89244399,14.31782106,14.31782106,15.5241747,11.66190379,12.08304597,12.52996409,13.89244399,10.29563014,15.8113883,13.41640786,14.56021978
5,29.41088234,5.656854249,29.15475947,6,30.23243292,6.32455532,33.28663395,3.605551275,29.68164416,3.605551275,30.01666204,4.242640687,28.17800561,3.605551275,27.78488798,5,28.8444102,3.605551275,25.55386468,2.828427125,30.41381265,5,26.41968963,2.828427125,27.45906044,4.472135955,24.59674775,7.071067812,22.82542442,5.656854249,24.59674775,3.16227766,24.59674775,4.472135955,26.83281573,1.414213562,21.9317122,2.236067977,21.1896201,4.123105626,20.59126028,4.123105626,20.59126028,0,22.36067977,0,20.1246118,5,19.23538406,4.472135955,21.54065923
17.02938637,28.01785145,18.02775638,30.23243292,15.55634919,30,15.62049935,28.63564213,15.55634919,27.45906044,15.8113883,28.01785145,14.2126704,28.17800561,13.60147051,27.78488798,12.04159458,24.59674775,12.20655562,23.70653918,16.40121947,26.83281573,15,25.49509757,13.60147051,25.07987241,12.20655562,22.82542442,12.20655562,24.18677324,13.89244399,24.16609195,14.4222051,24.16609195,11.18033989,22.36067977,10.81665383,20.1246118,9.433981132,20.59126028,11.66190379,20.1246118,11.18033989,19.23538406,11.18033989,17.4642492,13.03840481,20.59126028,11.70469991,19.72308292,12.64911064,20.1246118
18.60107524,23.60084744,21.26029163,24.69817807,18.60107524,25.55386468,19.41648784,26.83281573,17.20465053,24.69817807,17,23.32380758,17.20465053,23.32380758,16.2788206,22.82542442,16.40121947,23.2594067,15,22.36067977,15.8113883,23.70653918,15.8113883,22.84731932,14.4222051,22.36067977,14.4222051,21.47091055,13.89244399,19.72308292,13.60147051,21.9317122,11.70469991,21.02379604,13.89244399,17,13,18.78829423,11.66190379,17.88854382,13,17.88854382,12.52996409,16.1245155,11.70469991,15.23154621,11.70469991,17,10.77032961,16.55294536,10.19803903,16.1245155
16.55294536,26.62705391,15.65247584,27.45906044,19.23538406,26.92582404,19.6977156,26.62705391,17.49285568,25,15.65247584,25.8069758,17.49285568,24.41311123,16.55294536,23.02172887,17,25,15.23154621,23.60084744,17.08800749,27.01851217,17,23.02172887,14.86606875,21.63330765,13.41640786,21.63330765,12.08304597,20.80865205,14.76482306,21.09502311,13.89244399,22.20360331,10.77032961,18.86796226,12.52996409,20.59126028,13,19.72308292,13.41640786,19.23538406,10.29563014,20.59126028,10.77032961,17.49285568,10.63014581,17.49285568,10.29563014,22.36067977,10.81665383,17.88854382
60.80296045,21.09502311,62.80127387,27.58622845,69.52697318,28.17800561,67.41661516,29.15475947,59.9082632,26.40075756,66.21933252,25.55386468,61.6116872,29.68164416,57.62811814,25.49509757,57.80138407,30.88689042,56.8594759,22.36067977,66.4003012,27.85677655,59.94163828,29.41088234,59.81638571,28.65309756,58.6003413,23.76972865,51.86520992,23.32380758,57.14017851,26,54.3783045,20.61552813,49.57822102,17.20465053,54.03702434,25.05992817,50.80354318,22.47220505,44.94441011,22.20360331,46.04345773,21.47091055,45.45327271,19.10497317,50,19.31320792,48.37354649,27.29468813,49.92995093,20.24845673
1,30.61045573,2.236067977,30.47950131,1,30.47950131,3,28.8444102,3.16227766,27.01851217,2,28.3019434,3.16227766,31.40063694,3.605551275,29.83286778,2.828427125,26.40075756,3,25.23885893,4.123105626,29.41088234,3,26.62705391,3,26.40075756,3.16227766,26.40075756,3.16227766,25.23885893,3.605551275,25.61249695,4.242640687,27.20294102,2.236067977,23.43074903,4.242640687,24.20743687,2.828427125,22.02271555,4.242640687,22.8035085,2,24.08318916,1.414213562,22.20360331,3,24.20743687,1,24.20743687,1.414213562,23.60084744
22.6715681,14.86606875,23.43074903,15.62049935,23.43074903,18.43908891,23.32380758,14.86606875,22.6715681,15.8113883,21.9317122,14.86606875,21.26029163,14.86606875,22.20360331,12.80624847,22.02271555,13.45362405,20.80865205,14.86606875,21.63330765,15.55634919,21.63330765,15,21.63330765,13.45362405,20.80865205,13.45362405,20.80865205,14.2126704,21.26029163,14.2126704,21.40093456,11.3137085,17.69180601,12.72792206,17.69180601,12.72792206,19.20937271,12.80624847,19.84943324,14.4222051,19.84943324,12.80624847,16.97056275,12.20655562,17.80449381,14.2126704,18.02775638,14.2126704,20,12.80624847
19.10497317,25,19.84943324,24.69817807,19.84943324,25.8069758,21.21320344,27.78488798,18.38477631,24.69817807,19.84943324,25.61249695,19.10497317,25.8069758,17.69180601,24.41311123,16.40121947,26.07680962,17.69180601,21.47091055,18.38477631,24.69817807,19.84943324,22.82542442,18.38477631,21.9544984,18.43908891,23.02172887,17.69180601,22.82542442,16.2788206,24.69817807,16.2788206,21.63330765,17.69180601,19.72308292,16.97056275,21.47091055,15.55634919,21.09502311,15.55634919,21.40093456,16.97056275,20.80865205,17.69180601,20.24845673,16.97056275,20.24845673,16.2788206,18.86796226,16.97056275,22.20360331
18.35755975,57.62811814,23.43074903,53.82378656,21.63330765,61.22091146,24.20743687,62.68173578,18.38477631,58.41232747,18.02775638,55.80322571,17.69180601,56.85068161,21.63330765,56.08029957,15.55634919,54.81788029,17.02938637,55,20.51828453,59.07622195,18.60107524,57.20139858,21.26029163,52.80151513,23.34523506,53.53503526,14.86606875,54.03702434,17.69180601,56.0357029,15.62049935,55.21775077,15,49.40647731,16.40121947,47.20169488,18.86796226,46.86149806,14.2126704,46.04345773,14.2126704,46.40043103,14.14213562,46.22769733,21.63330765,49.2036584,18.86796226,48.60041152,16.40121947,51.03920062
23.02172887,12.04159458,24.75883681,10.29563014,24.41311123,12.72792206,24.18677324,13.45362405,22.20360331,15,21.09502311,12.04159458,22.8035085,10.63014581,20.59126028,10,23.02172887,10.63014581,20.24845673,9.219544457,21.63330765,10.63014581,21.09502311,12.04159458,19.41648784,12.72792206,20.59126028,10.63014581,20.24845673,12.04159458,20,13.60147051,21.63330765,11.3137085,17.80449381,8.485281374,19.72308292,9.219544457,18.35755975,11.40175425,18.60107524,10,16.1245155,11.40175425,17.49285568,10.63014581,17.20465053,11.40175425,18.35755975,13.03840481,19.72308292,9.899494937
27.80287755,3.16227766,25.23885893,4.123105626,26.07680962,3.605551275,25.94224354,3.16227766,24.69817807,5,25.23885893,1,26.07680962,1,23.32380758,3.16227766,25.8069758,1.414213562,23.02172887,3.605551275,25.23885893,3.605551275,24.18677324,3.16227766,22.36067977,4.472135955,20.59126028,1,23.02172887,2,22.47220505,1,23.02172887,2.236067977,19.41648784,1.414213562,19.41648784,2.828427125,19.41648784,2,20.80865205,2,20.24845673,2.828427125,18.02775638,2.828427125,19.41648784,2.828427125,18.60107524,3.605551275,18.86796226,2.236067977
18.86796226,13.45362405,20.1246118,14.2126704,20.61552813,13.03840481,21.02379604,12.72792206,17,10.63014581,16.64331698,13.60147051,18.35755975,13.60147051,18.78829423,11.40175425,17.4642492,11.3137085,16.1245155,12.04159458,17.88854382,12.20655562,17.49285568,13.60147051,16.15549442,12.04159458,16.1245155,13.45362405,14.4222051,11.40175425,16.64331698,11.40175425,15.26433752,10.29563014,15.26433752,10.63014581,14.4222051,10,13.89244399,10,13.60147051,11.18033989,13.60147051,10.81665383,11.40175425,11.18033989,13.60147051,11.3137085,14.4222051,10.81665383,14.2126704,10.81665383
5.099019514,23.02172887,4.123105626,21.9544984,4,23.60084744,5.099019514,23.70653918,3.605551275,23.32380758,5.385164807,24.18677324,3.16227766,23.85372088,1.414213562,21.9544984,7,21.9544984,5,20.24845673,4.123105626,24.69817807,3.605551275,21.09502311,4.242640687,21.47091055,3.605551275,20.24845673,4.123105626,18.02775638,2.828427125,21.63330765,2.236067977,20.24845673,4.472135955,17.20465053,4.242640687,19.20937271,3.16227766,18.02775638,3.16227766,17.80449381,2.236067977,17.20465053,2.828427125,17.80449381,4.242640687,18.43908891,3.605551275,17.20465053,3.605551275,18.43908891
23.02172887,3.16227766,23.60084744,1,24.41311123,3.605551275,24.18677324,4,22.47220505,2,23.60084744,4,23.60084744,2.828427125,22.47220505,1.414213562,21.63330765,4.123105626,23.32380758,1.414213562,23.02172887,3.16227766,21.9544984,1,20.59126028,1.414213562,20.59126028,2,20,1,20.24845673,3.16227766,19.20937271,2.828427125,17.20465053,1.414213562,20.24845673,2.236067977,18.35755975,0,17.20465053,2.236067977,18.02775638,2,18.60107524,1.414213562,20.24845673,2,18.02775638,2.236067977,19.41648784,2
5.099019514,23.02172887,6.708203932,22.6715681,8.062257748,24.20743687,7.280109889,23.32380758,5.385164807,22.20360331,6.32455532,22.8035085,7.071067812,22.20360331,6.08276253,22.20360331,6.32455532,20.24845673,4.472135955,20,5.385164807,22.47220505,5.099019514,20,3.605551275,19.72308292,8.062257748,18.60107524,5,19.72308292,5,20.80865205,5.830951895,19.72308292,3.605551275,17.80449381,5.830951895,18.86796226,5.830951895,18.02775638,3.605551275,17.49285568,4.472135955,18.02775638,4.123105626,16.40121947,4.472135955,20,3.605551275,18.86796226,3.16227766,18.86796226
11.70469991,14.76482306,11.70469991,14.4222051,11.70469991,16.1245155,12.36931688,17,10.44030651,14.4222051,8.94427191,14.76482306,8.544003745,16.1245155,9.848857802,12.52996409,9.486832981,12.64911064,12.20655562,12.08304597,10.29563014,13,9.433981132,11.70469991,9.219544457,12.52996409,9.219544457,13,9.219544457,10.77032961,8.485281374,11.70469991,8.602325267,11.70469991,8.485281374,9.848857802,8.602325267,10.19803903,10.63014581,12.08304597,8.544003745,10.44030651,10,11.70469991,8.062257748,8.94427191,10.29563014,9.486832981,10.29563014,9.486832981,9.848857802,8.544003745
17.4642492,3,16.55294536,3.16227766,18.78829423,2.236067977,16.76305461,2.828427125,16.76305461,1.414213562,16.1245155,3.16227766,17,2,15.65247584,2,15.65247584,1.414213562,13.92838828,1,15.23154621,2.236067977,15.23154621,2.236067977,13.60147051,2.828427125,14.4222051,2.236067977,13.03840481,1.414213562,15,2.236067977,13.89244399,3.16227766,12.04159458,2.236067977,14.86606875,3.16227766,12.72792206,2.236067977,12.72792206,4.123105626,14.2126704,3.605551275,12.20655562,2.828427125,14.2126704,4.472135955,13.03840481,4.123105626,13.03840481,3.16227766
23.70653918,13.60147051,24.41311123,14.2126704,24.59674775,15,25.94224354,15,21.9544984,13.45362405,26.62705391,12.80624847,25,11.40175425,24.18677324,11.40175425,23.60084744,12.04159458,23.32380758,12.80624847,23.70653918,14.2126704,22.36067977,11.40175425,21.09502311,14.14213562,21.63330765,14.4222051,24.18677324,10.63014581,21.9544984,12.04159458,22.36067977,11.3137085,21.9544984,10.63014581,18.60107524,13.45362405,18.02775638,7.810249676,20.80865205,11.3137085,19.20937271,10,16.40121947,9.219544457,15.55634919,11.3137085,15.62049935,14.4222051,18.02775638,11.66190379
4,28.01785145,2.828427125,28.01785145,5.385164807,28.60069929,4.123105626,29.15475947,3.16227766,26.62705391,4.123105626,29.83286778,3.16227766,27.45906044,4.472135955,25,2.236067977,26.92582404,3,26.07680962,3.605551275,27.78488798,4.472135955,27.29468813,5.099019514,26.62705391,3.605551275,24.69817807,1,24.20743687,4.123105626,24.41311123,2.236067977,24.41311123,3.16227766,22.8035085,3.16227766,24.41311123,4.123105626,21.63330765,2,20.80865205,2.236067977,22.20360331,4.242640687,21.40093456,3.16227766,23.60084744,3.16227766,21.40093456,3.16227766,22.20360331
25,6.403124237,25.55386468,8.602325267,28.01785145,5.830951895,28.3019434,7.615773106,25.23885893,3.16227766,24.69817807,5.099019514,26.62705391,5,24.69817807,4.242640687,25.61249695,4.242640687,21.47091055,4.242640687,25.55386468,3.605551275,24.18677324,4.123105626,21.40093456,6.32455532,24.41311123,3.605551275,24.18677324,4.472135955,23.32380758,5.385164807,22.82542442,3,17.80449381,3.605551275,19.41648784,4.123105626,22.36067977,3,17.20465053,6.08276253,19.20937271,3.605551275,18.86796226,2.236067977,21.9544984,4.472135955,22.82542442,3,17.80449381,6.08276253
24.04163056,15.65247584,22.47220505,17.08800749,22.8035085,16.76305461,22.20360331,17.08800749,19.20937271,15.65247584,21.9317122,17.08800749,17.49285568,15.65247584,22.02271555,14.31782106,22.6715681,15.5241747,22.627417,11.70469991,23.02172887,17.4642492,21.47091055,13.89244399,22.20360331,13.15294644,18.60107524,13.41640786,18.86796226,12.08304597,18.60107524,16.15549442,19.20937271,14.31782106,13.45362405,9.848857802,15.8113883,8.602325267,15.8113883,11.18033989,12.80624847,9.219544457,14.4222051,8.544003745,17.49285568,10.77032961,16.2788206,6.403124237,18.35755975,12.64911064,17.88854382,10.29563014
19.41648784,26.2488095,19.84943324,24.69817807,19.10497317,24.41311123,19.84943324,27.29468813,16.2788206,25.23885893,18.60107524,25.8069758,17.02938637,25.55386468,17.69180601,24.69817807,15.62049935,23.85372088,15,21.63330765,17.02938637,24.69817807,16.64331698,23.70653918,15,22.47220505,15.55634919,22.82542442,14.76482306,24.18677324,15.8113883,23.32380758,14.76482306,22.82542442,13.03840481,20.24845673,13.60147051,18.35755975,14.2126704,18.78829423,12.80624847,17.49285568,15.65247584,18.86796226,12.20655562,17.49285568,15.8113883,18.02775638,13.89244399,18.35755975,13.41640786,19.72308292
27.80287755,20.80865205,28.01785145,20.80865205,28.42534081,23.02172887,27.80287755,23.70653918,24.41311123,19.72308292,26.90724809,21.09502311,24.20743687,22.20360331,25.23885893,20.1246118,25.23885893,19.72308292,23.02172887,18.86796226,23.85372088,21.47091055,23.32380758,20.1246118,23.02172887,18.78829423,23.60084744,19.72308292,21.63330765,17.88854382,23.32380758,18.35755975,22.20360331,17.49285568,17.49285568,16.55294536,21.9317122,16.55294536,18.35755975,13.92838828,16.55294536,13.89244399,17.4642492,13.92838828,16.55294536,14.31782106,18.78829423,14.76482306,19.6977156,15.65247584,19.23538406,14.86606875
7.211102551,17.4642492,6.403124237,18.78829423,7.211102551,18.38477631,5.656854249,18.38477631,5,17.49285568,6.708203932,17.08800749,5,17.4642492,6.403124237,15.65247584,3.605551275,17,7.071067812,15.26433752,4.472135955,16.55294536,5.830951895,15.8113883,6,14.31782106,4.123105626,12.52996409,4.123105626,14.86606875,6.08276253,14.86606875,6,14.76482306,5,14.31782106,5.099019514,14.4222051,5.385164807,13.60147051,6.08276253,11.40175425,6.32455532,13.03840481,5.830951895,11.3137085,7.615773106,11.40175425,7.280109889,14.4222051,5.830951895,13.45362405
19.6977156,3.605551275,17.88854382,5,20.24845673,2.828427125,20.61552813,4.123105626,18.38477631,4.123105626,18.02775638,1.414213562,19.31320792,1.414213562,18.02775638,3.605551275,15.5241747,0,16.76305461,2,16.2788206,1.414213562,14.31782106,1.414213562,15.8113883,1.414213562,13.60147051,3.16227766,15.5241747,3.605551275,15.5241747,3.605551275,12.64911064,2.828427125,13.34166406,4.472135955,9.486832981,5,11.70469991,5.385164807,11.70469991,8.485281374,10.44030651,7.211102551,8.544003745,6.708203932,11.18033989,8.062257748,12.08304597,9.433981132,13.41640786,7.280109889
14.86606875,13.60147051,14.56021978,14.76482306,16.76305461,13.89244399,16.76305461,13.89244399,14.56021978,13.03840481,13.92838828,13.41640786,16.15549442,13,14.86606875,11.18033989,14.56021978,10.77032961,14.86606875,12.16552506,14.56021978,11.40175425,13,12.36931688,13.60147051,12.04159458,14.56021978,11.18033989,13,11,11.40175425,11,10.77032961,10.19803903,9.486832981,10.04987562,10.44030651,10.19803903,8.94427191,11.04536102,9.486832981,9.433981132,11.70469991,10.44030651,8.94427191,10.77032961,8.544003745,10.77032961,10.29563014,9.848857802,10.29563014,10
15.65247584,18.86796226,15.65247584,18.02775638,15.65247584,18.60107524,18.97366596,18.35755975,14.86606875,17.88854382,16.15549442,17,14.86606875,17.88854382,13.34166406,14.76482306,15.65247584,14.86606875,13.34166406,14.86606875,13.34166406,16.15549442,13.60147051,14.86606875,12.64911064,13.34166406,12.64911064,12.64911064,13,13.15294644,13.41640786,13.34166406,10.44030651,11,8.062257748,11.04536102,10.77032961,13,10.29563014,14,8.94427191,11.04536102,8.94427191,11.04536102,8.94427191,10.04987562,9.433981132,11.04536102,9.433981132,11.04536102,9.219544457,12.64911064
19.20937271,21.02379604,18.86796226,20.1246118,19.20937271,20.1246118,20.80865205,21.1896201,19.72308292,20.1246118,18.86796226,21.1896201,16.64331698,18.78829423,15.65247584,20.61552813,17.49285568,19.31320792,16.64331698,19.23538406,17.88854382,20.88061302,14.76482306,18.78829423,13.92838828,18.38477631,13.92838828,15.8113883,13.92838828,14.86606875,15.5241747,15.8113883,14.56021978,16.1245155,12.36931688,14.31782106,14.14213562,14.56021978,11,13.41640786,12.04159458,12.08304597,13.34166406,12.52996409,11.40175425,12.52996409,10.04987562,14.31782106,12.04159458,13.41640786,11,12.52996409
30.23243292,4.123105626,29.41088234,4.123105626,29.68164416,6.08276253,30.01666204,7,26.92582404,6,28.3019434,5,28.8444102,7.071067812,26.41968963,6.08276253,26.41968963,7.071067812,23.70653918,4.472135955,27.29468813,7.071067812,24.59674775,5.385164807,24.59674775,5.099019514,23.2594067,5,22.84731932,5.099019514,24.69817807,5,22.84731932,5.830951895,21.02379604,4.472135955,22.82542442,3.605551275,22.47220505,2.828427125,20.1246118,3.605551275,20.59126028,4.242640687,18.02775638,4.472135955,18.38477631,5,19.31320792,4.123105626,20.24845673,5.099019514
5,26.62705391,5,28.60069929,7.280109889,27.78488798,7.280109889,28.8444102,5,26.62705391,7.280109889,28.01785145,5.099019514,26.62705391,6.32455532,26.07680962,5.385164807,27.29468813,5.385164807,25.05992817,4.123105626,26.83281573,6.08276253,24.59674775,7.071067812,23.85372088,6,25.94224354,3,21.9544984,5.099019514,23.70653918,5.385164807,21.47091055,3,21.47091055,3.605551275,21.47091055,3.16227766,19.31320792,2.828427125,19.6977156,3,19.6977156,4.242640687,17,1,18.78829423,3.605551275,19.92485885,3.605551275,18.38477631
20.80865205,17.80449381,21.09502311,16.97056275,21.9544984,16.2788206,21.9317122,16.2788206,19.23538406,16.2788206,18.86796226,16.40121947,21.47091055,14.86606875,20.61552813,15,19.23538406,14.86606875,19.23538406,14.2126704,20.61552813,16.40121947,17.88854382,15,18.38477631,15,17.4642492,13.60147051,17,12.72792206,18.02775638,15,15.26433752,13.60147051,15.23154621,13.60147051,14.31782106,13.89244399,14.86606875,11.66190379,14.86606875,12.52996409,13,13.41640786,13.03840481,10.81665383,14.31782106,12.52996409,11.66190379,12.08304597,13.41640786,12.64911064
36.89173349,23.32380758,37.73592453,22.47220505,38.58756276,21.40093456,38.47076812,22.47220505,36.7151195,20,37.12142239,20.80865205,36.67424164,17.80449381,34.88552709,18.60107524,34.43835072,16.40121947,32.20248438,16.64331698,34.92849839,17.80449381,32.31098884,17.20465053,31.95309062,17.20465053,29.15475947,16.40121947,29.15475947,15,31.01612484,15.8113883,29.41088234,15,24.35159132,14.2126704,25.96150997,14.4222051,25.96150997,13.60147051,24.73863375,14.4222051,24.51530134,13.03840481,21.37755833,13.41640786,24.33105012,14.76482306,22.09072203,14.76482306,22.09072203,13.41640786
27.45906044,23.02172887,27.78488798,25.05992817,26.40075756,26.41968963,26.62705391,23.40939982,23.60084744,23.2594067,25.23885893,22.36067977,22.47220505,25.49509757,21.63330765,25.49509757,20.24845673,22.13594362,20.80865205,22.47220505,23.02172887,24.35159132,21.9544984,21.84032967,21.9544984,21.37755833,20.24845673,20.88061302,18.86796226,20.88061302,20.59126028,19.92485885,17.88854382,20.39607805,17,16.4924225,17.88854382,17.4642492,18.38477631,16.2788206,16.55294536,16.2788206,18.02775638,15.29705854,15.23154621,15.13274595,16.55294536,14,17.08800749,15.13274595,16.76305461,14.03566885
14.2126704,32.44996148,15,34.98571137,14.31782106,32.24903099,16.4924225,33.12099032,13.92838828,31.76476035,15.8113883,31.38470965,18.02775638,28.17800561,16.76305461,27.73084925,15,27.31300057,15.23154621,31.82766093,16.15549442,30.52867504,16.1245155,26.92582404,14,27.29468813,12,25.05992817,15.03329638,24.59674775,13.15294644,25.49509757,14.31782106,24.69817807,10.04987562,21.02379604,9,23.08679276,11.04536102,21.84032967,10,19.92485885,10.19803903,19.92485885,8.062257748,18.43908891,7.071067812,20.39607805,8.246211251,19.23538406,9,20.09975124
37.21558813,7.071067812,36.67424164,6.403124237,36.7151195,5.830951895,38.47076812,6.32455532,35.84689666,5.099019514,35.35533906,5.385164807,34.88552709,4,34,3,33.54101966,4.123105626,30.87069808,2.236067977,32.69556545,4,32.31098884,5.099019514,28.7923601,5.099019514,27.31300057,5.099019514,27.85677655,3.16227766,28.7923601,3.16227766,25.96150997,3.605551275,23.40939982,3.605551275,24.73863375,3.16227766,22.8035085,5.830951895,22.56102835,5.656854249,22.56102835,2.828427125,21.37755833,4.242640687,22.20360331,5,22.20360331,4.242640687,21.09502311,5
23.85372088,10.29563014,24.18677324,13.41640786,23.02172887,12.64911064,21.9544984,13.60147051,20.80865205,12.64911064,21.63330765,12.64911064,19.41648784,13.92838828,18.86796226,12.36931688,17.88854382,13.15294644,17.49285568,11.18033989,19.72308292,11.18033989,18.78829423,11.18033989,17.88854382,11.04536102,17.88854382,9.219544457,15.65247584,10.19803903,15.65247584,11.04536102,15.23154621,10.04987562,14.31782106,8,14.86606875,8.062257748,13,9,13,8,13.60147051,9,13.34166406,7.071067812,13.34166406,6,14.31782106,6,13.15294644,6
17.02938637,29.15475947,17.80449381,29.52964612,16.40121947,31.76476035,16.2788206,30.6757233,14.14213562,28.63564213,15.62049935,30.88689042,14.4222051,29.06888371,15,26.57066051,12.80624847,26.57066051,12.80624847,25,14.2126704,28.46049894,13.45362405,28.46049894,12.72792206,25.29822128,12.04159458,25.29822128,9.433981132,20.24845673,12.80624847,23.76972865,10.81665383,21.58703314,11.40175425,18.68154169,12.08304597,19.92485885,13,18.43908891,9.848857802,19.23538406,12.08304597,18.24828759,11.66190379,17.2626765,11.18033989,17.2626765,12.36931688,19.10497317,10.77032961,18
2.828427125,32.75667871,3.16227766,33.83784863,4.472135955,33.61547263,4.123105626,35.35533906,5.385164807,31.90611227,8.246211251,31.76476035,6,30.01666204,6,29.06888371,7,29.06888371,5.099019514,26.40075756,8.062257748,29.06888371,7,28.23118843,8,27.85677655,6.08276253,25.07987241,5,24.69817807,6.08276253,25.63201124,6.08276253,24.69817807,4.123105626,22.84731932,3.16227766,22.13594362,3.605551275,23.08679276,4.123105626,20.88061302,4,21.21320344,3.16227766,18.24828759,4.123105626,21.37755833,3.16227766,18.11077028,2,19.10497317
7.615773106,31.6227766,7.615773106,32.75667871,6.403124237,33.01514804,5.830951895,34.88552709,6.708203932,31.90611227,6.708203932,30.01666204,5,30.87069808,4.472135955,29.15475947,3.605551275,29.06888371,4.123105626,27.73084925,4.242640687,29.54657341,5,29.41088234,4.242640687,27.31300057,2.828427125,26.92582404,3.605551275,24.69817807,2.828427125,26.57066051,2.236067977,24.04163056,5,21.1896201,5,22.47220505,5.830951895,22.56102835,2.236067977,21.58703314,1,20.39607805,4.472135955,18.24828759,2.828427125,19.23538406,2.236067977,21.21320344,4.123105626,19.10497317
17.80449381,29.68164416,16.40121947,30.01666204,15,31.38470965,14.86606875,31.30495168,13.60147051,31.06444913,14.4222051,29.15475947,14.2126704,27.78488798,14.14213562,26.83281573,11.40175425,27.73084925,12.20655562,24.69817807,14.86606875,26.92582404,14.4222051,26.57066051,11.3137085,26.57066051,12.04159458,24.04163056,10.81665383,24.35159132,12.80624847,24.73863375,11.40175425,23.08679276,11.40175425,19.92485885,12.20655562,21.37755833,10.81665383,20.39607805,9.486832981,19.41648784,10.77032961,17.11724277,9.486832981,17.2626765,10.77032961,18.24828759,8.94427191,19.10497317,9.848857802,20
9.433981132,31.06444913,7.810249676,32.75667871,8.94427191,32.24903099,9.219544457,32.64965543,6.708203932,29.52964612,8.485281374,30.52867504,6.708203932,30.41381265,7.071067812,26.83281573,7.810249676,27.31300057,5.656854249,25.49509757,7.810249676,27.31300057,6.708203932,26.2488095,7.211102551,26.92582404,5,24.69817807,5,24.35159132,6.403124237,25,5,23.08679276,7.071067812,21.84032967,6.403124237,22.56102835,7.071067812,21.58703314,6.403124237,22.56102835,5.830951895,19.41648784,4.472135955,18.24828759,5.656854249,20.39607805,5.656854249,19.02629759,4.242640687,19.10497317
1,31.06444913,1,31.90611227,2.236067977,31.90611227,2,32.64965543,2,31.06444913,1,31.30495168,4.123105626,29.52964612,3,27.73084925,4,28.23118843,2,25.49509757,3.16227766,29.06888371,2.236067977,27.31300057,2.236067977,24.35159132,2.828427125,24.69817807,4.242640687,24.35159132,5.385164807,24.04163056,4.472135955,23.08679276,2.828427125,20.88061302,3.605551275,22.13594362,4.242640687,20.61552813,2.828427125,20.61552813,4.472135955,19.10497317,4.472135955,18.43908891,3.16227766,19.10497317,3.605551275,19.02629759,3.16227766,18.02775638
13.89244399,27.78488798,15.26433752,27.78488798,15.26433752,27.78488798,15.8113883,26.92582404,14.86606875,23.32380758,15.23154621,24.69817807,15.65247584,22.82542442,13.60147051,23.70653918,15.8113883,22.36067977,13.60147051,20.61552813,15.29705854,22.84731932,15.03329638,21.02379604,12.16552506,21.02379604,14.03566885,20.59126028,12,18.97366596,13,18.97366596,14.03566885,18.38477631,12.04159458,18.38477631,11.40175425,15.8113883,10,16.76305461,10.44030651,16.76305461,10.44030651,15.5241747,9.219544457,15.8113883,9.848857802,15.5241747,12.64911064,16.2788206,9.848857802,17.11724277
10,27.29468813,10,28.3019434,10.63014581,28.65309756,7.211102551,29.54657341,6.403124237,27.29468813,8.602325267,26.83281573,6.403124237,26.83281573,6.403124237,23.76972865,7.810249676,23.40939982,7.211102551,21.58703314,7.071067812,24.04163056,7.211102551,21.84032967,7.071067812,21.58703314,5.830951895,20.39607805,5.656854249,20.61552813,8.062257748,21.21320344,7.211102551,21.09502311,5.830951895,17,9.219544457,19.10497317,7.071067812,18,7.211102551,18.02775638,7.211102551,17.02938637,5.830951895,15.03329638,4.472135955,17.2626765,5.385164807,17.11724277,3.16227766,17.2626765
7.071067812,26.92582404,6.708203932,30.01666204,6.403124237,27.29468813,7.280109889,27.78488798,7.615773106,24.18677324,8.94427191,25.94224354,8.062257748,24.59674775,7.280109889,23.2594067,7.615773106,22.84731932,6.08276253,21.1896201,7.071067812,22.84731932,6.32455532,23.08679276,6,21.54065923,6,20.24845673,7.071067812,20.88061302,8.062257748,19.92485885,9.219544457,20.88061302,5.830951895,17.4642492,5.385164807,18.43908891,6.08276253,16.2788206,6.708203932,16.4924225,6.708203932,17.2626765,6.708203932,15.13274595,5,16.03121954,6.708203932,16.03121954,5.830951895,16.03121954
18.35755975,17.80449381,19.41648784,17.20465053,18.35755975,17.49285568,18.35755975,17.88854382,16.55294536,16.1245155,16.64331698,17.88854382,15.65247584,18.38477631,15.26433752,16.55294536,12.52996409,16.76305461,13.41640786,14.86606875,14.76482306,15.8113883,14.31782106,15.5241747,13.41640786,16.2788206,14.76482306,13.34166406,12.08304597,15.29705854,14.31782106,14.03566885,12.08304597,15.03329638,12.52996409,11,11.70469991,13,13,12.36931688,11.40175425,11.04536102,11.70469991,12,8.544003745,11.18033989,10.19803903,12.36931688,11.18033989,12.16552506,9.219544457,12.36931688
29.68164416,1.414213562,29.15475947,1,31.06444913,2.828427125,29.54657341,2.236067977,28.65309756,1,27.78488798,2,27.78488798,2,24.59674775,2.236067977,24.69817807,2.828427125,21.9317122,4.472135955,26.83281573,3.605551275,24.35159132,3.605551275,24.69817807,3.605551275,22.84731932,3.605551275,21.54065923,3.605551275,22.13594362,4.242640687,23.76972865,2.828427125,20.24845673,4.123105626,19.92485885,4.123105626,18.24828759,5.099019514,20.61552813,5.099019514,19.23538406,5.385164807,17.2626765,5.385164807,17.11724277,5.830951895,19.02629759,6.403124237,17.02938637,5
14.76482306,27.80287755,17,27.45906044,16.1245155,27.20294102,17.4642492,29.06888371,12.52996409,25.55386468,14.31782106,27.29468813,13,26.83281573,12.52996409,26.40075756,11.66190379,22.36067977,12.08304597,24.18677324,12.20655562,26,13.03840481,23.76972865,12.04159458,23.08679276,10,23.40939982,9.433981132,22.8035085,11.3137085,21.84032967,9.219544457,22.36067977,8.485281374,18.43908891,10,20.39607805,11.40175425,19.10497317,8.602325267,19.10497317,9.219544457,19.02629759,8.062257748,16.03121954,9.433981132,18.02775638,8.062257748,18,9.848857802,19
29.15475947,9.219544457,28.3019434,9.219544457,28.01785145,10,28.3019434,12.36931688,25.55386468,10.77032961,26.41968963,11.70469991,26.40075756,10.77032961,24.16609195,10.19803903,23.2594067,11.18033989,21.9317122,9.055385138,24.59674775,10.19803903,23.76972865,12.16552506,22.47220505,10.04987562,19.6977156,10.04987562,21.1896201,9.055385138,21.54065923,11.04536102,20.24845673,10.04987562,18.97366596,6.32455532,18.68154169,7.280109889,17.72004515,9.219544457,18.97366596,8.544003745,17.4642492,8.544003745,15.29705854,7.615773106,18.43908891,8.062257748,17.11724277,8.062257748,17.2626765,7.211102551
17.88854382,25.23885893,20.1246118,29.68164416,15,26.83281573,17.88854382,31.30495168,14.4222051,26.92582404,15.65247584,27.29468813,13,25.49509757,12.72792206,25.05992817,11.40175425,28.01785145,18.02775638,29.06888371,14.2126704,25.63201124,14.76482306,22.47220505,12.04159458,26.47640459,10.63014581,24.51530134,11.40175425,23.53720459,10.81665383,23.08679276,9.899494937,22.36067977,10.81665383,18.43908891,12.04159458,19.23538406,11.66190379,17.2626765,8.062257748,15,10.29563014,17,9.899494937,16.03121954,10,18.02775638,8.246211251,17.11724277,9.433981132,15.29705854
21.9317122,20.61552813,23.76972865,21.54065923,23.2594067,20.88061302,24.35159132,21.1896201,22.47220505,18.02775638,24.73863375,19.92485885,23.40939982,20.88061302,22.13594362,18.24828759,22.8035085,16.2788206,19.6468827,18.24828759,24.04163056,17.4642492,22.56102835,16.2788206,21.84032967,18.24828759,21.1896201,15.13274595,19.92485885,17.11724277,21.54065923,17.11724277,20.24845673,16.2788206,16.15549442,15.5241747,17.08800749,15.29705854,15.23154621,14.31782106,13,13.34166406,16.1245155,12.64911064,13.89244399,12.16552506,13.03840481,11.70469991,13.92838828,11.70469991,13,11.66190379
22.47220505,25.23885893,22.82542442,25.55386468,23.02172887,26.41968963,21.63330765,27.73084925,19.72308292,26.62705391,20.59126028,25.05992817,21.09502311,24.59674775,19.23538406,24.16609195,18.86796226,23.08679276,16.55294536,21.1896201,16.55294536,25.07987241,17.49285568,24.04163056,17.88854382,25.29822128,15.8113883,21.58703314,15.65247584,19.92485885,14.76482306,21.37755833,15.26433752,18.43908891,15.23154621,17.11724277,15.65247584,22.09072203,14.76482306,19.02629759,14.31782106,16.03121954,14.31782106,16.1245155,14.31782106,15.03329638,11.70469991,16.03121954,14.56021978,16.03121954,12.08304597,15.03329638
31.06444913,2.236067977,34.13209633,3,31.76476035,3.16227766,33.54101966,4,30.01666204,5,30.41381265,3.16227766,31.76476035,4.123105626,28.65309756,6,27.78488798,5.099019514,26.40075756,4.123105626,28.23118843,5,26.40075756,4.123105626,25.63201124,5.099019514,23.76972865,4.123105626,23.40939982,7.071067812,25,6,24.35159132,5.385164807,22.47220505,3.605551275,21.37755833,3,20.39607805,4.472135955,19.6468827,5,19.6468827,2.236067977,18.43908891,1.414213562,18.43908891,2.236067977,20.39607805,4.123105626,20.09975124,2.236067977
63.63175308,27.45906044,71.69379332,35.38361203,68.24221567,31.89043744,58.30951895,20.61552813,63.0634601,29.20616373,68.9492567,38.28837944,67.67569726,26.92582404,53.60037313,21.63330765,69.64194139,53.85164807,59.36328832,41.18252056,64.56004957,26.92582404,60.40695324,25.45584412,66.48308055,26.2488095,57.70615219,16.55294536,53.46026562,23.43074903,59.41380311,28.60069929,51.92301994,19.92485885,39.56008089,22.47220505,36.22154055,12.08304597,42.10700654,28.63564213,41.30375286,24.51530134,37.05401463,28.23118843,35.35533906,25.3179778,38.05259518,21.02379604,39.05124838,26.01922366,34.0147027,19.92485885
63.50590524,65.11528238,58.6003413,55.86591089,70.22819946,60.20797289,76.53757247,49.64876635,61.68468205,55.6057551,50.44799302,62.17716623,77.62087348,51.6139516,62.58594091,44.20407221,63.0634601,56.40035461,52,42.80186912,80.62257748,60.74537019,67.11929678,41.03656906,61.39218191,63.60031446,57.27128425,51.4781507,48.05205511,39,61.81423784,34.13209633,44.38468204,55.03635162,33.95585369,39.62322551,41.43669871,42.3792402,60.03332408,24.04163056,35,41.97618372,61.13100686,26.83281573,23.08679276,35.90264614,42.01190308,42.01190308,38.01315562,30.01666204,43.01162634,40.04996879
7.211102551,28.3019434,8.544003745,28.3019434,7.810249676,27.45906044,9.055385138,28.65309756,7.280109889,25.49509757,7.615773106,27.29468813,8.544003745,25.49509757,9.219544457,25.05992817,9.219544457,23.2594067,6.32455532,23.2594067,10.19803903,24.69817807,8.062257748,24.69817807,6,21.84032967,7.280109889,21.84032967,6.08276253,20.88061302,8,21.1896201,7.071067812,20.61552813,5.099019514,17.2626765,5,19.41648784,4.123105626,19.23538406,5,18.24828759,6,16.1245155,4.123105626,16.2788206,6,18.11077028,5.099019514,17.11724277,5,16
10.63014581,34.40930107,8.485281374,33.83784863,9.219544457,33.83784863,11.18033989,34.98571137,10,32.44996148,10,31.6227766,9.848857802,31.06444913,11.18033989,29.68164416,9.433981132,31.38470965,9.433981132,28.63564213,9.486832981,31.76476035,9.848857802,29.52964612,10.19803903,27.78488798,9.486832981,29.15475947,8.94427191,27.29468813,11.18033989,28.17800561,9.486832981,25.94224354,8.246211251,24.59674775,7.280109889,24.16609195,8.246211251,23.76972865,8.246211251,22.84731932,8.246211251,21.9317122,5.385164807,19.6977156,8.246211251,22.84731932,7.280109889,23.08679276,7.280109889,22.47220505
31.6227766,15.65247584,32.20248438,17,33.01514804,16.1245155,31.76476035,17.20465053,30.52867504,13.89244399,31.06444913,15,30.88689042,15,29.52964612,14.4222051,30.88689042,12.80624847,27.73084925,12.08304597,29.96664813,14.4222051,28.23118843,14.4222051,26.40075756,11.40175425,26.40075756,11.3137085,25.49509757,11.40175425,28.23118843,12.04159458,26,10,21.54065923,12.80624847,23.40939982,11.66190379,21.54065923,11.40175425,23.08679276,10.29563014,23.08679276,9.899494937,20.61552813,10.81665383,21.58703314,10,22.36067977,8.485281374,21.37755833,9.848857802
15.62049935,34.66987165,15.26433752,34.66987165,15.26433752,33.83784863,16.15549442,36.35931793,16.1245155,31.6227766,15.65247584,33.28663395,17.4642492,32.75667871,15.23154621,28.8444102,17.4642492,29.15475947,14.31782106,27.78488798,16.1245155,30.88689042,15.8113883,28.63564213,16.76305461,26.83281573,14.14213562,25.49509757,14.56021978,24.18677324,15.29705854,25.05992817,14.31782106,25.94224354,12.04159458,22.82542442,11,23.76972865,13,22.36067977,11.04536102,21.9317122,10,22.84731932,9,21.54065923,11,20.61552813,11.18033989,19.92485885,10.04987562,20.61552813
5.099019514,28.3019434,5.385164807,28.65309756,4.123105626,29.15475947,3.16227766,27.73084925,3.16227766,26.83281573,4.123105626,26.83281573,2.236067977,24.16609195,2.236067977,25.07987241,4.123105626,23.40939982,3.605551275,25.49509757,4.472135955,25.29822128,4.472135955,25,3.605551275,22.36067977,1.414213562,20.39607805,1.414213562,21.21320344,2.236067977,20.39607805,1,20.22374842,1.414213562,18.24828759,1.414213562,20.02498439,2.236067977,19,2,17.02938637,1.414213562,19.02629759,2,16.03121954,1,17,2.236067977,18.11077028,3.16227766,16.1245155
24.69817807,15.26433752,26.62705391,16.55294536,24.18677324,15.65247584,22.36067977,15.23154621,21.9544984,15,21.9317122,16.15549442,20.61552813,15.23154621,20.61552813,15.5241747,20.24845673,14.76482306,18.78829423,15.13274595,20.24845673,14.56021978,19.92485885,14.14213562,18.97366596,12.64911064,17.4642492,12.16552506,18.43908891,13.34166406,17.4642492,14.14213562,17.2626765,12.04159458,14.03566885,12.04159458,16.1245155,11,15.03329638,11,15,10,13,10,14,9,15,10,15.03329638,10.04987562,14.14213562,9.055385138
23.85372088,14.4222051,25.05992817,15.26433752,25.55386468,14.76482306,24.16609195,15.65247584,22.82542442,12.52996409,24.16609195,12.52996409,23.76972865,12.08304597,21.1896201,11.18033989,22.47220505,10.77032961,19.6977156,11.18033989,22.47220505,12.08304597,21.58703314,11.40175425,19.41648784,12.08304597,18.43908891,10.44030651,18.11077028,9.055385138,19.10497317,11.40175425,19.23538406,11.04536102,16.1245155,8.062257748,17.02938637,10.04987562,16.03121954,9.055385138,15.13274595,9.055385138,14,8,13,7.071067812,15.03329638,9.219544457,14,10.19803903,13,8.544003745
26.92582404,1,26.07680962,2.828427125,25.55386468,1,27.29468813,2.236067977,25.05992817,1,25.49509757,1.414213562,23.76972865,1.414213562,23.2594067,1.414213562,24.35159132,2.236067977,21.9317122,1.414213562,23.40939982,2.236067977,22.56102835,2,20.88061302,0,20.61552813,2,19.23538406,2,21.09502311,2,18.24828759,2.236067977,18.11077028,2,20,1,18.02775638,1,15.13274595,1.414213562,17,1.414213562,14.03566885,1.414213562,18.02775638,1,17.2626765,1,16.4924225,1.414213562
34.66987165,2.828427125,34.98571137,2.828427125,34.66987165,3,34,3,33.12099032,2,32.64965543,2.236067977,33.54101966,3.605551275,29.52964612,2.828427125,30.41381265,4.472135955,29.06888371,3.605551275,31.76476035,5.385164807,30.46309242,4.242640687,29.15475947,2.236067977,27.31300057,3.605551275,23.76972865,3.16227766,26.57066051,3.16227766,26.2488095,3.16227766,21.1896201,3,23.08679276,3,22.8035085,2,20.61552813,2,22.36067977,3,18.68154169,2,19.41648784,2,20.09975124,1,20.09975124,2.236067977
11.40175425,33.61547263,12.52996409,33.61547263,12.20655562,34.4818793,11.40175425,35.77708764,10.63014581,33.12099032,10.29563014,32.20248438,8.485281374,33.54101966,8.062257748,30.41381265,9.219544457,29.52964612,9.219544457,28.46049894,9.899494937,31.95309062,8.602325267,29.41088234,9.219544457,28.16025568,7.211102551,27.51363298,5.656854249,25.29822128,7.211102551,27.20294102,8.062257748,25.29822128,5.656854249,23.08679276,6.32455532,21.1896201,5.830951895,22.56102835,6.32455532,20.61552813,5.385164807,21.21320344,5.385164807,20.61552813,7.615773106,21.37755833,5,21.09502311,6.08276253,20.22374842
11.40175425,31.38470965,13.03840481,34.13209633,11.70469991,33.61547263,14.31782106,33.54101966,13.89244399,30.01666204,13,31.90611227,14.76482306,30.88689042,13.60147051,28.3019434,13.92838828,29.15475947,9.486832981,28.3019434,13.60147051,27.73084925,12.16552506,28.63564213,12.36931688,27.31300057,11.18033989,25.49509757,11.18033989,24.69817807,12.36931688,25.94224354,12.16552506,22.84731932,8.246211251,22.84731932,9,23.76972865,10.19803903,19.92485885,10,18.97366596,8.062257748,19.92485885,8.246211251,17.4642492,8.062257748,19.6468827,9.055385138,18.43908891,8.246211251,20.39607805
79.20227269,20.59126028,72.42237223,26,91.30169768,20.24845673,89.55445271,17.20465053,80.05623024,16.64331698,75.17978452,22.8035085,75.45197148,13.34166406,72.42237223,5.385164807,82.68010643,18.60107524,105,34.43835072,74.94664769,9.219544457,68.42514158,9.055385138,67.06713055,13,63.1585307,10.81665383,56.8594759,8.062257748,67.62396025,10.63014581,59.09314681,5.830951895,60.44005295,7.071067812,52.20153254,10.29563014,54.40588203,2.236067977,48.70318265,3.605551275,54.45181356,14.56021978,47.75981575,11.18033989,47.07440918,5.385164807,53.60037313,4.472135955,48.66210024,4.242640687
30.23243292,7.280109889,32.44996148,5.830951895,33.28663395,5.385164807,32.64965543,5,30.23243292,3.605551275,30.01666204,2.236067977,30.01666204,3.16227766,27.29468813,4.242640687,30.41381265,4.472135955,25.07987241,6.403124237,25.05992817,5.099019514,23.2594067,3.605551275,27.85677655,4.123105626,21.9317122,5.099019514,21.9317122,2,22.84731932,2.828427125,24.04163056,4.472135955,23.08679276,4.123105626,24.73863375,4.242640687,21.58703314,5,19.6468827,4.472135955,21.37755833,3.16227766,19.41648784,5,20.22374842,3.605551275,18.24828759,2.236067977,20.09975124,3.16227766
29.41088234,17.88854382,30.52867504,18.02775638,28.3019434,16.64331698,30.01666204,16.40121947,27.78488798,12.80624847,28.17800561,13.89244399,29.52964612,12.52996409,27.73084925,10.81665383,27.73084925,12.20655562,26.41968963,11.18033989,28.23118843,12.72792206,26,13.89244399,26,12.52996409,23.40939982,12.52996409,23.76972865,11.18033989,24.35159132,11.66190379,22.47220505,10.29563014,20.88061302,10,21.84032967,10.29563014,20.39607805,8.94427191,20.39607805,10.44030651,19.23538406,8.544003745,18.24828759,8.94427191,19.10497317,8.94427191,18.11077028,10.44030651,18.02775638,9.219544457
16.55294536,27.45906044,16.1245155,25.23885893,17.88854382,24.08318916,17.88854382,25.05992817,13.60147051,26.07680962,17.88854382,27.78488798,8.602325267,21.09502311,11.66190379,21.9317122,14.76482306,26.2488095,7.810249676,21.09502311,14.31782106,25.63201124,13.03840481,21.9317122,10.81665383,21.9317122,11.66190379,21.9317122,11.18033989,20.24845673,11.66190379,18.97366596,11.18033989,20.24845673,10.81665383,19.6468827,11.70469991,18.24828759,7.211102551,18.68154169,9.486832981,19.23538406,11.70469991,20.22374842,7.071067812,16.1245155,7.615773106,16.1245155,10.77032961,17.02938637,8.94427191,16.03121954
9.433981132,27.45906044,10.29563014,28.3019434,8.94427191,30.88689042,8.94427191,30.88689042,7.615773106,27.73084925,8.602325267,28.63564213,6.708203932,29.06888371,8.062257748,26.92582404,6.32455532,25.07987241,6.32455532,24.69817807,5.830951895,26,8.062257748,24.35159132,8.602325267,24.35159132,7.211102551,23.40939982,4.472135955,23.08679276,5.656854249,22.8035085,6.403124237,20.61552813,5.656854249,18.24828759,7.211102551,19.41648784,5.830951895,19.10497317,5,18.11077028,4.242640687,17.4642492,5,16.1245155,5,19.02629759,5.830951895,18.02775638,6.08276253,17
30.01666204,2.236067977,31.76476035,0,29.41088234,3.16227766,30.41381265,2,26.92582404,3,28.17800561,3.16227766,28.17800561,3.605551275,25.05992817,3,24.69817807,5.385164807,24.16609195,4.242640687,26.92582404,5,25.29822128,4.242640687,22.13594362,5.656854249,23.08679276,3.605551275,20.88061302,3.605551275,21.84032967,5,21.84032967,3.605551275,18.43908891,4.472135955,21.21320344,2.236067977,20.09975124,5.385164807,17.2626765,4.472135955,18.11077028,4.472135955,17,4.242640687,19,3.605551275,17,4,17.11724277,4.472135955
28.3019434,13.41640786,27.45906044,13.03840481,28.17800561,12.52996409,29.06888371,10.81665383,27.29468813,10.29563014,26.83281573,9.848857802,25.94224354,10.29563014,24.16609195,8.94427191,23.76972865,9.433981132,22.84731932,9.899494937,24.69817807,10.63014581,23.76972865,9.433981132,22.47220505,8.94427191,21.84032967,6.708203932,21.84032967,9.219544457,21.58703314,8.062257748,21.58703314,8.544003745,19.41648784,8.062257748,18.43908891,8.062257748,18.02775638,6.403124237,18.11077028,6.403124237,18,7.211102551,17,7.071067812,16,7.211102551,19.10497317,5,16.03121954,6.08276253
9.899494937,26.41968963,9.433981132,27.78488798,10.63014581,26.83281573,12.08304597,26.40075756,10.29563014,24.16609195,11.18033989,24.59674775,12.20655562,23.76972865,9.848857802,21.9317122,10.44030651,22.84731932,10.29563014,22.82542442,11.18033989,22.84731932,11.18033989,21.1896201,10.04987562,21.02379604,9.055385138,18.97366596,9,18.38477631,11.18033989,20.24845673,11.04536102,18.02775638,9.219544457,16.4924225,8,18.97366596,9.219544457,15.5241747,8.246211251,17.4642492,8.062257748,14.31782106,7.615773106,14.03566885,8.544003745,15.13274595,10.19803903,15.03329638,8.062257748,14
16.1245155,25.23885893,16.1245155,25.8069758,15.26433752,26.41968963,16.1245155,27.29468813,15.26433752,24.18677324,14.76482306,25.05992817,12.52996409,23.70653918,13.03840481,22.36067977,11.66190379,23.2594067,12.08304597,19.92485885,13.03840481,22.13594362,13.03840481,22.47220505,13.03840481,21.84032967,11.40175425,21.37755833,9.433981132,19.41648784,11.18033989,20.61552813,9.848857802,18.24828759,10.29563014,16.4924225,10.29563014,17.11724277,10.81665383,18.24828759,10.29563014,16.03121954,11.66190379,16.03121954,9.433981132,15,10.29563014,16.03121954,9.848857802,16.03121954,8.94427191,17.11724277
28.01785145,18.86796226,28.8444102,19.72308292,27.45906044,21.47091055,27.78488798,21.47091055,25.23885893,19.23538406,24.59674775,19.23538406,22.82542442,19.72308292,23.32380758,18.38477631,22.82542442,18.02775638,21.09502311,16.76305461,22.82542442,19.41648784,23.76972865,18.43908891,21.9317122,18.24828759,20.1246118,18.24828759,20.1246118,17.4642492,21.9317122,18.02775638,21.9317122,17.2626765,19.23538406,15,18.38477631,13.03840481,19.6977156,14,15.65247584,13.03840481,18.02775638,15.29705854,15.8113883,11.04536102,17.2626765,14.14213562,16.4924225,12.16552506,15.5241747,12.04159458
39.20459157,73.81734214,44.20407221,72.9451849,41.88078318,73.23933369,43.46262762,69.77105417,39.35733731,65.19202405,38.01315562,64.35060217,43.829214,62.12889827,39.2173431,57.30619513,38.07886553,62.64982043,39.29376541,59.36328832,35.90264614,61.05735009,43.18564576,63.1585307,39.05124838,57.38466694,39.62322551,55.03635162,34.71310992,52.39274759,41.10960958,56.46237685,36.05551275,53.22593353,28.01785145,43.38202393,29.01723626,42.54409477,32.38826948,45.607017,30.2654919,44.77722635,33.95585369,46.4865572,24.73863375,36.68787266,32.28002478,39.05124838,36.138622,48.76474136,32.01562119,41.19465985
13,27.20294102,11.66190379,25.55386468,11.66190379,27.45906044,11.18033989,29.06888371,9.433981132,25.49509757,12.04159458,26.92582404,8.602325267,26.41968963,9.219544457,24.16609195,7.211102551,23.70653918,9.486832981,22.82542442,9.219544457,25.29822128,8.062257748,21.02379604,7.211102551,21.84032967,8.485281374,22.8035085,8.602325267,21.58703314,9.219544457,25.49509757,10.29563014,20.22374842,10.29563014,18.43908891,9.433981132,20.22374842,4.123105626,16.1245155,7.211102551,15.03329638,5.099019514,16.03121954,10.81665383,16,5.830951895,17.02938637,9.433981132,16.03121954,8.062257748,15.03329638
11.66190379,31.90611227,11.40175425,32.75667871,10.29563014,32.75667871,10.63014581,33.12099032,9.433981132,32.64965543,10.81665383,30.41381265,9.219544457,32.64965543,8.485281374,29.06888371,8.485281374,28.63564213,8.485281374,28.63564213,8.602325267,29.15475947,7.810249676,28.7923601,7.810249676,27.51363298,7.810249676,26.2488095,8.062257748,24.04163056,8.062257748,27.20294102,7.211102551,24.04163056,8.062257748,23.76972865,8.602325267,22.8035085,8.602325267,21.37755833,8.602325267,22.36067977,7.071067812,21.37755833,7.810249676,18.24828759,7.615773106,20.09975124,8.602325267,21.09502311,7.810249676,20
31.6227766,11.18033989,31.38470965,13.41640786,30.52867504,15.23154621,31.06444913,12.64911064,31.06444913,12.64911064,32.20248438,14.14213562,32.64965543,11.70469991,26.83281573,13.60147051,26.40075756,12.16552506,23.32380758,14.14213562,27.73084925,13.03840481,25.07987241,12,26,11,23.76972865,10.04987562,22.47220505,11.04536102,21.54065923,10.04987562,21.54065923,11.18033989,21.1896201,8.246211251,23.08679276,11.18033989,19.92485885,9.486832981,19.92485885,9.486832981,20.61552813,8.544003745,18.68154169,8.062257748,19.23538406,8.062257748,20.22374842,9.486832981,18.11077028,8.94427191
15,31.90611227,16.64331698,32.75667871,15.26433752,31.90611227,16.15549442,30.41381265,14.76482306,28.65309756,16.55294536,27.29468813,18.38477631,28.17800561,14.56021978,27.29468813,16.76305461,25.94224354,12.04159458,23.32380758,13.60147051,26.41968963,16.2788206,25.07987241,14.14213562,26,13.34166406,23.2594067,13.03840481,22.84731932,14,22.36067977,12,21.02379604,8.062257748,20.1246118,13.03840481,20.24845673,13.34166406,18.38477631,11.40175425,18.02775638,11.18033989,20.24845673,7.071067812,17.72004515,10.44030651,19.6468827,11.70469991,18.02775638,11.66190379,19.41648784
1.414213562,32.01562119,3,35.51056181,1,35.35533906,3.605551275,35.35533906,2.236067977,31.38470965,2.828427125,33.12099032,1.414213562,34,3.16227766,31.78049716,3.16227766,31.01612484,3,30.08321791,2.236067977,32.31098884,2.828427125,28.23118843,5.656854249,29.12043956,3,28.46049894,1.414213562,26.92582404,3.16227766,27.51363298,5.099019514,25.70992026,2.236067977,21.37755833,4.123105626,22.56102835,2.828427125,21.84032967,2,22.56102835,3,20.22374842,3.605551275,21.37755833,2.828427125,21.21320344,1.414213562,22.02271555,1.414213562,20.02498439
30.8058436,19.23538406,28.42534081,22.36067977,28.3019434,21.47091055,28.65309756,21.47091055,28.01785145,21.63330765,25.94224354,22.84731932,25.94224354,21.9317122,24.18677324,22.47220505,23.70653918,22.13594362,22.47220505,19.92485885,23.32380758,21.37755833,23.2594067,21.58703314,21.02379604,19.41648784,20.61552813,18.68154169,18.78829423,17.4642492,21.9317122,18.02775638,20.61552813,15.03329638,18.97366596,14.31782106,18.97366596,14.14213562,18.97366596,16.1245155,18.02775638,15.03329638,16.76305461,15,15.8113883,15.03329638,15.29705854,12,17.2626765,14.03566885,18.02775638,11
25.23885893,15.8113883,24.18677324,16.1245155,25.05992817,16.1245155,25.49509757,17,23.70653918,14.31782106,23.32380758,14.76482306,24.16609195,13.89244399,22.36067977,12.08304597,23.76972865,11.18033989,21.1896201,13.92838828,22.56102835,13,22.8035085,12.64911064,20.61552813,13,20.88061302,11.70469991,18.43908891,12.64911064,19.31320792,11.70469991,18.43908891,10.44030651,17.2626765,10.19803903,16.1245155,11.18033989,17.11724277,9.055385138,15.13274595,10.19803903,17.11724277,8.246211251,16.03121954,9.219544457,15.03329638,10.04987562,16,10.04987562,15.29705854,9.055385138
29.15475947,5,28.65309756,2.236067977,28.8444102,4.242640687,28.65309756,3,27.45906044,2.828427125,29.52964612,4.472135955,26.40075756,5.385164807,25.05992817,4.472135955,25.07987241,6.08276253,24.16609195,3,24.69817807,6,23.08679276,5.385164807,24.73863375,5.099019514,22.13594362,5.099019514,20.61552813,4.123105626,23.53720459,5.099019514,20.39607805,4.123105626,18.43908891,4.123105626,19.10497317,3.16227766,19.23538406,4.123105626,18.11077028,2,18.11077028,3,16.2788206,2,17.11724277,3,16,3,18,2
17.20465053,21.63330765,16.64331698,22.36067977,17,22.82542442,15,24.16609195,16.1245155,21.47091055,16.1245155,21.9317122,13.89244399,22.82542442,14.76482306,21.54065923,13.41640786,20.88061302,13,19.92485885,15.23154621,18.97366596,13,19.6468827,13,18.97366596,12.64911064,18.43908891,11.40175425,18.43908891,12.16552506,18.24828759,12.04159458,16.2788206,13.15294644,17.2626765,11.40175425,16.1245155,11.40175425,14.14213562,10.19803903,15,9.055385138,14.14213562,10.04987562,13.15294644,10.04987562,14.14213562,10.04987562,14.03566885,11,13.03840481
10.77032961,22.20360331,11.70469991,21.09502311,11.70469991,23.32380758,13.34166406,21.9544984,10.44030651,21.09502311,10.44030651,21.9544984,12.36931688,19.23538406,10.44030651,19.6977156,10.44030651,17.4642492,10.04987562,17.08800749,10.19803903,21.54065923,11.18033989,18.02775638,11.04536102,18.02775638,9.055385138,17.08800749,10.19803903,17.4642492,10.04987562,15.29705854,9,15.29705854,5,15.29705854,8.062257748,15.29705854,7.071067812,16.03121954,6.08276253,15.13274595,5.099019514,15.03329638,5,13.03840481,6.08276253,14.03566885,6,14,7.071067812,14.03566885
9.219544457,26.41968963,7.615773106,23.85372088,8.062257748,24.18677324,8.544003745,24.16609195,9.486832981,23.2594067,8.544003745,21.47091055,10.77032961,21.47091055,9.486832981,20.1246118,10.44030651,19.6977156,6.708203932,20.61552813,9.055385138,19.6468827,7,20.88061302,7.280109889,19.6468827,8.062257748,18.68154169,7,18.43908891,7.071067812,18.24828759,8.062257748,15.29705854,7.071067812,14.56021978,5.099019514,17.2626765,7.071067812,16.1245155,5.099019514,14.03566885,5.099019514,14.14213562,4,13,4,14.03566885,5,15,4.123105626,13.03840481
24.18677324,7.810249676,25.55386468,8.602325267,24.69817807,7.810249676,24.69817807,10.77032961,21.09502311,6.708203932,24.16609195,8.602325267,22.82542442,8.94427191,20.24845673,9.486832981,20.24845673,11.40175425,19.31320792,7.211102551,18.02775638,8.062257748,19.6468827,7.071067812,20.61552813,8.246211251,20.88061302,7.615773106,17.2626765,5.385164807,21.58703314,8.062257748,16.1245155,6,19.02629759,10,17.2626765,6.08276253,15.13274595,7,22,7.071067812,15.03329638,5,13.03840481,6.08276253,20.02498439,7.071067812,15.29705854,8.062257748,16.1245155,5.099019514
24.18677324,10.81665383,23.32380758,9.848857802,22.82542442,11.18033989,23.32380758,12.08304597,21.9317122,10.44030651,22.36067977,8.94427191,21.47091055,10.77032961,19.6977156,9.433981132,20.24845673,10.77032961,18.68154169,10.77032961,20.88061302,10.44030651,18.97366596,8.246211251,17.4642492,9.219544457,17.72004515,9.486832981,16.2788206,9.219544457,18.43908891,9.219544457,17.2626765,8.062257748,16.03121954,9.055385138,15.03329638,7.071067812,15.03329638,7.071067812,14,7,15.03329638,7.071067812,12.16552506,5,13.15294644,7,14.14213562,6.08276253,13.15294644,5
21.9544984,18.35755975,21.09502311,17.08800749,19.23538406,17.88854382,21.47091055,19.72308292,18.86796226,17.88854382,21.02379604,18.02775638,17.4642492,18.02775638,18.02775638,17.08800749,16.55294536,16.15549442,14.86606875,16.4924225,16.4924225,16.4924225,18.02775638,16.4924225,15.5241747,14.31782106,15.29705854,14.14213562,13.34166406,12.04159458,16.03121954,16.03121954,14.03566885,13.03840481,13.15294644,12,14.14213562,14,13.15294644,12.04159458,12,11.18033989,12,11.18033989,11.04536102,11,10.04987562,12.04159458,12.64911064,12.04159458,11.40175425,11.04536102
22.82542442,14.4222051,24.59674775,15,23.2594067,14.2126704,24.69817807,13.60147051,22.84731932,13.60147051,22.84731932,13.03840481,22.84731932,12.80624847,21.1896201,11.18033989,21.1896201,10.81665383,18.43908891,11.70469991,21.58703314,13,21.58703314,10.77032961,19.41648784,11.70469991,20.22374842,9.486832981,18.24828759,9.219544457,17.2626765,11.18033989,17.02938637,9.055385138,15.13274595,9,16.03121954,12.04159458,15,11,14,8.062257748,13.03840481,11.04536102,13.03840481,9,13.03840481,10.19803903,13,9.486832981,15.03329638,9.486832981
15.26433752,22.47220505,16.55294536,22.36067977,16.1245155,22.47220505,15.65247584,24.69817807,15.65247584,20.1246118,13.92838828,19.72308292,14.86606875,20.59126028,14.86606875,19.23538406,16.15549442,17.88854382,14.31782106,18.78829423,14.86606875,18.38477631,14.14213562,15.8113883,14.31782106,17.72004515,13.15294644,15.5241747,12.36931688,16.4924225,13.34166406,15.5241747,14.14213562,16.1245155,11.04536102,14.03566885,12,16.03121954,11.04536102,14,11.04536102,15.03329638,10,13.03840481,9.219544457,12.04159458,11.18033989,14.03566885,9.055385138,12.36931688,8.062257748,12.04159458
27.45906044,4.242640687,26.92582404,2.828427125,26.07680962,3.605551275,28.17800561,2.828427125,24.59674775,3.605551275,25.05992817,4.472135955,23.70653918,3.16227766,22.84731932,2.236067977,23.40939982,4.123105626,22.13594362,4.123105626,23.40939982,4.123105626,22.8035085,4.123105626,21.84032967,2.236067977,20.88061302,2.236067977,19.6468827,2.236067977,21.37755833,2.236067977,20.61552813,2.236067977,17.2626765,3.605551275,17.11724277,4.123105626,17.11724277,2.828427125,16.2788206,2.236067977,17.02938637,4,14,2,15.03329638,3,16,2,17.02938637,2.236067977
15.8113883,26.07680962,13.89244399,25.49509757,16.64331698,25.23885893,16.15549442,26.41968963,15.26433752,24.59674775,15.65247584,25.05992817,16.55294536,23.32380758,13.92838828,22.36067977,14.56021978,21.47091055,12.64911064,21.47091055,13.92838828,19.72308292,13.60147051,23.40939982,16.4924225,20.24845673,13.34166406,19.92485885,12.64911064,18.02775638,12.64911064,18.43908891,12.36931688,18.43908891,11.70469991,16.76305461,12.08304597,18.24828759,10.19803903,16.76305461,10.19803903,17.2626765,11.18033989,17.11724277,9.219544457,13.34166406,10.77032961,15.13274595,10.19803903,16.03121954,10.77032961,16.1245155
9.219544457,32.44996148,8.94427191,32.75667871,8.94427191,32.24903099,9.486832981,30.41381265,10.44030651,30.52867504,9.433981132,29.52964612,11.70469991,29.52964612,11.40175425,29.15475947,10.29563014,26.83281573,8.94427191,24.59674775,8.062257748,29.52964612,8.544003745,28.63564213,9.219544457,28.7923601,8.246211251,26.57066051,9.486832981,23.40939982,8.544003745,25.63201124,7.280109889,23.08679276,7.071067812,19.92485885,5.099019514,22.36067977,7.071067812,22.36067977,6.32455532,20.22374842,5.830951895,21.37755833,6,20.09975124,6.08276253,20.39607805,8.246211251,21.21320344,7.280109889,21.09502311
21.40093456,24.41311123,19.41648784,24.41311123,20.80865205,25.23885893,23.40939982,24.18677324,20.61552813,23.02172887,19.41648784,23.32380758,21.9317122,21.9544984,20.59126028,21.63330765,21.9317122,21.02379604,17.4642492,20.24845673,22.13594362,21.9544984,18.97366596,18.78829423,18.02775638,22.36067977,20.88061302,18.97366596,18.38477631,20.24845673,19.41648784,20.24845673,19.6468827,16.2788206,15.5241747,15.8113883,15.29705854,17.4642492,15.29705854,16.4924225,15.8113883,17.4642492,13.15294644,17.72004515,13.15294644,14.86606875,15.03329638,13.92838828,14.03566885,17.2626765,13,15.13274595
4.123105626,33.01514804,3.16227766,31.90611227,1,33.28663395,2,34.43835072,3,31.76476035,2,31.90611227,2.236067977,31.76476035,2.236067977,30.01666204,4,27.29468813,4,27.51363298,2.236067977,30.6757233,4.242640687,29.06888371,2.828427125,29.54657341,4,26.92582404,2.236067977,25.29822128,3.16227766,25.29822128,2.236067977,25.70992026,2.236067977,23.40939982,1,22.8035085,3.16227766,20.88061302,1,23.53720459,2.236067977,22.36067977,3.16227766,20.22374842,2.236067977,20.88061302,3.16227766,20.22374842,1,20.22374842
30.88689042,15.55634919,30.52867504,13.45362405,29.41088234,15,30.01666204,15.65247584,27.29468813,15.26433752,29.52964612,15,26.83281573,15.26433752,25.94224354,15.26433752,23.2594067,13.41640786,23.40939982,16.40121947,25.49509757,16.1245155,26.92582404,14.86606875,25.07987241,13.41640786,24.69817807,14.31782106,22.47220505,12.36931688,24.73863375,14.31782106,23.08679276,13,21.84032967,11.04536102,18.24828759,10.19803903,19.31320792,11.04536102,19.41648784,13.15294644,18.68154169,11.40175425,18.24828759,9.486832981,17.11724277,11.18033989,18.68154169,10.44030651,19.02629759,12.08304597
36.05551275,5.830951895,34.98571137,8.062257748,35.51056181,7.280109889,34.98571137,8.062257748,33.28663395,8.062257748,33.61547263,8.062257748,33.61547263,8.94427191,31.78049716,9.433981132,31.76476035,9.219544457,30.41381265,7.280109889,31.78049716,8.246211251,30.08321791,7.071067812,30.6757233,7.071067812,27.85677655,7,26.2488095,8,28.16025568,6.08276253,26.92582404,7.280109889,23.76972865,5,25.49509757,6.08276253,23.53720459,4,24.51530134,6,21.37755833,5,20.61552813,4,23.34523506,4.123105626,22.20360331,5,21.37755833,3
86.95401083,38.41874542,85.70297544,34.82814953,91.0659102,30.8058436,85.61541917,31.2409987,78.26237921,33.30165161,81.88406438,32.20248438,91.70605214,34.13209633,78.29431652,24.8394847,81.85963596,32.80243893,74.73285757,29.06888371,89.1571646,27.80287755,82.54089895,22.6715681,85.86617495,28.31960452,70.9365914,30.61045573,67.41661516,28.65309756,71.56814934,28.8444102,70.21395873,24.69817807,54.7813837,21.9544984,63.89053138,30.87069808,65.30696747,19.6977156,64.5368112,30.41381265,56.88585061,21.9544984,51.66236541,25.63201124,59.43904441,29.12043956,56.43580424,27.16615541,63.95310782,25.17935662
20.51828453,30.01666204,18.02775638,30.88689042,14.03566885,28.16025568,20.51828453,27.51363298,21.9317122,25.96150997,19.79898987,26.2488095,21.40093456,26.2488095,20.80865205,25,21.40093456,22.56102835,18.35755975,22.8035085,20.80865205,24.51530134,17.88854382,26.68332813,19.41648784,25.3179778,15.26433752,24.51530134,18.02775638,22.56102835,18.35755975,21.21320344,18.38477631,22.02271555,16.64331698,20.22374842,14.31782106,18.02775638,15.23154621,22.20360331,14.31782106,17.2626765,14.31782106,21,11.70469991,16,13.60147051,20.02498439,13.60147051,19.10497317,13.34166406,17
50.20956084,82.15229759,42.44997055,85,42.44997055,86.60831369,38.28837944,89.73850901,41.40048309,70.26378868,37.80211634,83.19254774,35.38361203,89.1571646,34.71310992,82.63776376,36.79673899,85.44003745,36.23534186,71.69379332,44.68780594,89.19641248,40.45985665,74.04052944,37.73592453,80.04998438,38.89730068,71.30918594,42.19004622,63.3245608,38.94868419,70.88018059,38.83297568,75.18643495,35.60898763,56.5154846,37.21558813,59.48108943,39.35733731,54.14794548,38.94868419,57.97413216,31.30495168,61.66036004,30.3644529,44.28317965,37.57658846,55.57877293,37.10795063,53.46026562,34.20526275,57.31491952
17.80449381,23.02172887,17.80449381,24.69817807,18.02775638,25.55386468,18.86796226,23.85372088,17.20465053,22.82542442,17,23.02172887,18.35755975,20.61552813,16.1245155,20.59126028,18.78829423,19.72308292,15.65247584,19.6977156,18.38477631,21.47091055,16.76305461,20.61552813,15.8113883,20.1246118,14.86606875,19.23538406,15.29705854,18.78829423,15.29705854,17.08800749,16.2788206,16.55294536,13.60147051,18.02775638,13.34166406,17.08800749,15.13274595,16.55294536,12.16552506,17.72004515,12.16552506,15.5241747,12.04159458,13.92838828,13.03840481,15.23154621,14.03566885,16.2788206,14.03566885,15.29705854
26.40075756,12.08304597,24.8394847,16.15549442,24.41311123,16.55294536,24.08318916,15.29705854,26.41968963,15,31.2409987,15.13274595,24.16609195,15.65247584,22.84731932,15.03329638,29.06888371,16.2788206,26.90724809,18.35755975,24.59674775,14,21.9544984,16.4924225,22.82542442,12.04159458,21.63330765,13.03840481,21.47091055,10,23.2594067,11,19.31320792,15.03329638,17.08800749,11,17.4642492,10.19803903,19.31320792,11.04536102,18.11077028,8.062257748,16.1245155,7.071067812,16.2788206,9.219544457,18.24828759,9.486832981,16.03121954,8.246211251,16.1245155,9.433981132
6.403124237,30,5.656854249,30.01666204,7.280109889,30.01666204,7.280109889,32.75667871,6.708203932,28.8444102,5.830951895,30.8058436,6.708203932,28.65309756,5.830951895,27.78488798,6.08276253,27.73084925,5,27.29468813,8.246211251,29.52964612,7.071067812,28.17800561,7,27.31300057,8.062257748,25.49509757,6,25.63201124,8.062257748,25.29822128,7.071067812,23.76972865,6.08276253,22.13594362,4,21.1896201,5.385164807,22.36067977,4,20.88061302,6.08276253,20.61552813,5,18.68154169,5.099019514,17.72004515,7,19.6468827,6.08276253,19.10497317
17.80449381,30.23243292,20.24845673,30.23243292,20.59126028,32.20248438,21.02379604,31.90611227,17.88854382,27.78488798,19.72308292,27.78488798,19.72308292,28.3019434,18.78829423,27.73084925,19.6977156,24.18677324,17,25.23885893,18.02775638,28.23118843,17.4642492,24.59674775,16.4924225,26.40075756,13.34166406,22.47220505,15.5241747,24.16609195,18.43908891,22.84731932,15.29705854,21.1896201,16.4924225,20.24845673,13.34166406,21.02379604,14.03566885,18.97366596,12.36931688,17.72004515,13.34166406,19.6468827,11.04536102,14.56021978,15.13274595,19.41648784,16,17.4642492,13.03840481,17.2626765
32.75667871,10.81665383,33.12099032,10.81665383,29.68164416,13.89244399,31.76476035,11.04536102,31.38470965,12.08304597,30.41381265,9.848857802,30.41381265,13.41640786,27.73084925,11.70469991,29.06888371,10.44030651,26.41968963,10.19803903,29.06888371,13.15294644,27.85677655,11,26.57066051,9.055385138,25.07987241,8.062257748,23.76972865,9.055385138,25.63201124,10.04987562,22.8035085,9.055385138,21.84032967,9,22.8035085,9.055385138,21.84032967,8,19.6468827,9,22.36067977,8,19.10497317,7.280109889,18.24828759,6.08276253,20.09975124,6,19.10497317,8
25.55386468,15,28.23118843,12.64911064,27.45906044,15.65247584,26.92582404,17.4642492,25.07987241,15.23154621,26.83281573,16.1245155,21.9544984,14.31782106,22.36067977,14.76482306,20.1246118,13.34166406,23.08679276,14.03566885,25.07987241,13.34166406,24.69817807,16.2788206,20.24845673,13.60147051,19.41648784,12.36931688,20.61552813,13.03840481,18.02775638,16.03121954,18.97366596,16,20.61552813,9,14.56021978,9,20.22374842,14.03566885,20.02498439,12,19.23538406,14,14.14213562,8.062257748,13.15294644,16,16.03121954,7.071067812,13.03840481,9
1,29.06888371,1.414213562,27.29468813,1.414213562,29.06888371,3,28.63564213,5,27.29468813,1.414213562,27.31300057,2.236067977,25.29822128,1,24.69817807,1.414213562,24.04163056,2,23.76972865,3.605551275,24.73863375,3.605551275,23.76972865,3.16227766,21.37755833,3.605551275,23.53720459,3,21.58703314,5,22.36067977,4.123105626,23.19482701,4.123105626,17.02938637,4,19.02629759,3.16227766,18.02775638,5.099019514,17.02938637,3.605551275,19,2.236067977,15,2.828427125,17.2626765,2,16.1245155,2.236067977,15.5241747
20.1246118,24.18677324,19.31320792,23.60084744,18.38477631,21.54065923,19.23538406,22.13594362,17.88854382,19.6977156,17.4642492,19.6977156,17,21.54065923,13.89244399,20.59126028,15.23154621,19.6977156,14.31782106,18.02775638,15.8113883,19.92485885,16.15549442,19.23538406,14.76482306,16.2788206,15.8113883,18.43908891,13.03840481,16.2788206,14.56021978,20.02498439,12.08304597,19.10497317,8.485281374,18,12.08304597,11.04536102,12.08304597,20,11.40175425,14.03566885,14.86606875,9.219544457,6.32455532,17.11724277,10.77032961,14.31782106,13.15294644,13.34166406,9.219544457,12.64911064
3.605551275,30.88689042,2.828427125,32.75667871,5,32.24903099,5,29.96664813,5.385164807,27.31300057,5,30.01666204,6.708203932,25.49509757,7.615773106,26.40075756,7.071067812,27.29468813,7.615773106,25.49509757,6.708203932,26.92582404,8.544003745,26.92582404,5,23.76972865,7.280109889,25.49509757,6.08276253,24.04163056,4.472135955,23.08679276,7.280109889,24.51530134,5.385164807,23.76972865,6.708203932,17.72004515,3.605551275,26.47640459,8.062257748,21.58703314,8.062257748,22.20360331,1.414213562,16.1245155,6.708203932,16.76305461,3.605551275,22.20360331,5.385164807,20.09975124
12.20655562,28.3019434,13.89244399,28.01785145,14.31782106,26,13.60147051,27.29468813,14.4222051,22.82542442,13.03840481,24.18677324,9.848857802,23.70653918,12.36931688,22.84731932,14.31782106,21.9317122,13.03840481,22.84731932,12,24.04163056,14.03566885,23.08679276,9.219544457,25.29822128,14.14213562,20.24845673,6.08276253,22.47220505,9.055385138,19.92485885,14,20.39607805,12,16.15549442,6.08276253,23.76972865,9.055385138,15.8113883,11.04536102,17.2626765,14,12.64911064,12.04159458,21.21320344,7.071067812,17.2626765,9.055385138,19.02629759,10.04987562,19.41648784
24.59674775,31.06444913,24.18677324,30.01666204,25.23885893,29.52964612,23.2594067,30.41381265,21.9544984,27.78488798,22.47220505,29.52964612,19.72308292,28.63564213,19.23538406,27.31300057,18.78829423,26.57066051,17,25.63201124,19.6977156,26.92582404,18.78829423,27.20294102,19.23538406,26.92582404,17.88854382,24.73863375,16.55294536,21.84032967,17.4642492,23.34523506,17.08800749,23.53720459,16.55294536,21.37755833,17.4642492,21.21320344,18.02775638,21.09502311,14.31782106,20.22374842,15.8113883,21.21320344,13.60147051,19.02629759,15.8113883,21.02379604,13.34166406,17,13.34166406,19.02629759
16.15549442,24.69817807,14.76482306,24.59674775,15.26433752,25.94224354,17.4642492,26.40075756,13.41640786,24.59674775,13.41640786,22.84731932,12.52996409,22.84731932,11.40175425,21.54065923,13.03840481,22.13594362,12.52996409,20.88061302,13.03840481,22.8035085,12.08304597,20.39607805,9.848857802,19.41648784,10.29563014,22.36067977,10.77032961,19.10497317,9.848857802,21.21320344,10.77032961,19.23538406,8.062257748,16.1245155,8.544003745,15,10.44030651,17,9.486832981,15,9.848857802,16,6.08276253,15,9.848857802,16.1245155,7.071067812,16.03121954,8.062257748,15.13274595
23.02172887,18.78829423,22.20360331,22.36067977,23.32380758,20.61552813,22.47220505,21.02379604,21.09502311,19.6977156,20.59126028,18.78829423,21.47091055,17.08800749,19.6977156,16.76305461,19.31320792,14.31782106,20.61552813,14.86606875,21.54065923,18.78829423,21.21320344,16.76305461,19.23538406,17,19.41648784,13.92838828,18.24828759,13.92838828,21.09502311,13.92838828,16.1245155,13.92838828,16.03121954,14.31782106,16.1245155,13,18.02775638,11.18033989,17.02938637,11.40175425,16.03121954,10.77032961,15,10.44030651,16,10.44030651,17.02938637,9.219544457,14.14213562,9.486832981
25.94224354,8.94427191,27.78488798,9.219544457,27.29468813,10,26.92582404,10.77032961,24.59674775,12.52996409,25.49509757,10.77032961,22.84731932,9.219544457,22.47220505,9.486832981,20.61552813,11.40175425,21.47091055,8.062257748,24.16609195,11.04536102,21.1896201,11.04536102,21.1896201,9,19.31320792,9.055385138,19.31320792,10.19803903,19.92485885,10.19803903,18.97366596,9.219544457,17.08800749,8.246211251,18.68154169,9.848857802,16.4924225,9.486832981,16.76305461,9.433981132,14.56021978,8.062257748,14.56021978,8.544003745,15.29705854,9.433981132,13.15294644,9.433981132,16.1245155,7.810249676
13.60147051,27.45906044,13.92838828,27.78488798,13.89244399,27.78488798,14.2126704,28.63564213,12.08304597,25.49509757,12.20655562,26.83281573,12.20655562,26.40075756,10.81665383,24.35159132,10.63014581,24.04163056,9.848857802,24.73863375,11.66190379,24.04163056,11.66190379,23.53720459,10.63014581,22.56102835,10,23.76972865,9.899494937,22.36067977,10.81665383,23.19482701,10.29563014,23.19482701,10.81665383,19.10497317,8.602325267,19.10497317,11.40175425,19.02629759,8.062257748,19,9.899494937,17.02938637,8.602325267,16.03121954,8.602325267,18.02775638,9.899494937,17.2626765,9.219544457,18.24828759
27.78488798,8.246211251,27.78488798,8.544003745,29.15475947,7.280109889,28.17800561,7.810249676,26.41968963,5,25.07987241,5.830951895,26.40075756,5,24.16609195,6.403124237,24.69817807,5,23.76972865,5.830951895,26.57066051,6.403124237,25.96150997,6.708203932,21.84032967,6.708203932,23.40939982,5.385164807,21.84032967,6.08276253,23.08679276,7,22.56102835,6.08276253,19.6468827,7.280109889,20.61552813,7.615773106,19.23538406,8,18.43908891,7.615773106,17.4642492,7.280109889,16.2788206,7,17.02938637,8.062257748,17,7.071067812,17,8.246211251
30.52867504,5,32.24903099,5.830951895,30.88689042,7.615773106,30.01666204,7.280109889,27.78488798,7.071067812,29.52964612,7.280109889,28.65309756,7.280109889,26.83281573,6,26,9.219544457,25.07987241,7.615773106,28.23118843,9.219544457,26.57066051,8.062257748,26.57066051,8.246211251,25.29822128,8.062257748,24.04163056,8.544003745,24.69817807,8.94427191,21.84032967,8.94427191,21.1896201,8.602325267,23.08679276,8.94427191,21.58703314,9.219544457,20.24845673,7.810249676,20.61552813,8.062257748,17.4642492,7.810249676,18.24828759,7.211102551,18.11077028,9.219544457,18.11077028,7.071067812
24.69817807,16.15549442,23.32380758,16.1245155,24.18677324,17,25.94224354,17,22.36067977,14.76482306,23.76972865,14.76482306,24.16609195,14.31782106,23.76972865,13,21.9317122,12.52996409,22.13594362,13,24.35159132,13.03840481,23.08679276,11.66190379,22.56102835,12.52996409,20.39607805,11.18033989,20.39607805,11.40175425,21.21320344,11.66190379,20.22374842,11.18033989,18.43908891,10.29563014,18.24828759,11.40175425,18.11077028,10.81665383,16,10.29563014,17.02938637,8.062257748,16,9.433981132,16.03121954,7.211102551,16.03121954,8.544003745,15.03329638,7.615773106
41.23105626,68.9637586,34.78505426,61.40032573,38.83297568,67.9779376,40.85339643,72.89718787,33.54101966,63.56099433,33.24154028,61.77378085,34.13209633,68.54195795,39.2173431,70.77428912,36.87817783,92.76313923,26.17250466,59.50630219,39.62322551,72.69112738,39.11521443,70.09279564,27.45906044,63.78871374,23.85372088,65.2533524,22.47220505,48.83646179,26.07680962,65.9241989,29.06888371,64.51356447,28.17800561,49.03060269,23.43074903,54.23098745,25.05992817,48.50773134,24.41311123,46.09772229,23.85372088,46.32493929,18.43908891,40.31128874,18.86796226,48.83646179,23.85372088,49.16299421,31.06444913,44.91102315
31.38470965,7.071067812,30.52867504,6.403124237,32.24903099,6.403124237,29.96664813,5.385164807,28.17800561,5.830951895,28.17800561,5.099019514,28.23118843,7.211102551,28.7923601,6,27.31300057,7.071067812,25.29822128,7.071067812,26.92582404,8.062257748,24.35159132,6.08276253,25.63201124,7.071067812,23.76972865,8.062257748,22.13594362,7.615773106,23.40939982,8.544003745,22.8035085,10.04987562,20.88061302,6.708203932,20.61552813,7.280109889,21.58703314,6.708203932,19.41648784,8.062257748,18.43908891,6.08276253,16.76305461,5.830951895,18.24828759,5,18.02775638,8.062257748,17.02938637,7.211102551
20.24845673,23.32380758,22.82542442,22.47220505,21.47091055,20.59126028,22.84731932,22.36067977,19.31320792,23.32380758,21.9317122,23.32380758,21.02379604,19.72308292,19.92485885,19.23538406,19.92485885,17,18.43908891,18.78829423,22.56102835,20.1246118,19.23538406,18.78829423,20.22374842,17.88854382,19.10497317,17.4642492,17.11724277,17,19.23538406,17,18.11077028,16.55294536,16,17,18.02775638,14.76482306,16.03121954,15.23154621,17.11724277,15.23154621,18.11077028,15.23154621,15.13274595,13.60147051,14.31782106,14.76482306,15.29705854,14.86606875,13.34166406,13.92838828
28.8444102,5.385164807,29.15475947,1,30.01666204,1.414213562,29.06888371,1,26.83281573,1,27.73084925,2.236067977,26.40075756,1,25.94224354,1,26,2.828427125,25.07987241,1,26.92582404,3.16227766,27.20294102,3,25.63201124,3.605551275,24.04163056,3.605551275,22.8035085,3.605551275,23.53720459,3.605551275,22.8035085,2.828427125,21.58703314,3.16227766,19.41648784,4.123105626,19.10497317,5.830951895,20.22374842,5.099019514,18.24828759,4.472135955,15.5241747,6.32455532,18.02775638,4.123105626,17.11724277,4.472135955,16,3.16227766
2.828427125,26.41968963,1.414213562,29.06888371,1,26.41968963,2,27.73084925,1,26.40075756,3,26.40075756,1.414213562,27.73084925,3.16227766,25.63201124,1.414213562,24.69817807,4.472135955,22.47220505,2.828427125,25.70992026,3.16227766,24.73863375,3.605551275,24.51530134,6.32455532,23.08679276,5,22.56102835,6.403124237,22.20360331,3.16227766,21.37755833,6.708203932,17.4642492,6.32455532,22.09072203,6.403124237,15.03329638,5,16.1245155,5,14.03566885,6.08276253,20.02498439,6.08276253,16.03121954,5.830951895,20.02498439,6.403124237,15.29705854
24.18677324,6.403124237,24.18677324,6.403124237,24.59674775,8.94427191,26,6.32455532,22.84731932,6.708203932,23.2594067,8.062257748,23.76972865,7.615773106,21.54065923,7.280109889,21.1896201,8,19.6468827,7.071067812,21.84032967,9.486832981,20.88061302,9.055385138,19.41648784,9.219544457,19.92485885,8.544003745,19.41648784,8.94427191,20.39607805,7.280109889,18.43908891,8.94427191,16.4924225,9.219544457,17.11724277,8.602325267,16.1245155,9.433981132,16.2788206,9.219544457,16.2788206,7.810249676,13.34166406,9.899494937,14.03566885,9.899494937,14.03566885,8.485281374,13,8.485281374
6.708203932,20.61552813,7.810249676,20.1246118,7.280109889,18.38477631,8.062257748,20.88061302,6.708203932,20.24845673,7.071067812,18.02775638,8.94427191,17.4642492,7.071067812,16.4924225,7.280109889,16.76305461,7,16.4924225,8.062257748,17.72004515,7.280109889,17.2626765,8.246211251,15.29705854,8.544003745,16.2788206,7.280109889,15.29705854,10.29563014,15.13274595,8.94427191,15.03329638,7.211102551,12.04159458,7.211102551,13.03840481,9.219544457,12,10,11.04536102,8.485281374,11.04536102,9.219544457,10,9.899494937,10.04987562,9.219544457,9.055385138,10.63014581,9.486832981
19.6977156,8.062257748,19.31320792,8.602325267,19.31320792,9.848857802,18.68154169,10.04987562,18.38477631,10.19803903,17.72004515,8.062257748,17.72004515,8.246211251,15.5241747,8.246211251,15.29705854,8.062257748,15.29705854,8.062257748,15.29705854,9.219544457,14.31782106,8.246211251,14.14213562,9.219544457,14.14213562,8.94427191,12,8.94427191,14.03566885,9.433981132,13.15294644,9.433981132,12,9.219544457,11,9.219544457,12.16552506,8.485281374,10.04987562,9.219544457,9.219544457,9.219544457,9.055385138,8.602325267,10.19803903,8.602325267,9.848857802,9.219544457,9.848857802,10.29563014
60.41522987,19.79898987,58.6003413,8.485281374,62.17716623,18.02775638,64.77653896,22.20360331,63.2455532,14.14213562,49.33558553,10.44030651,53.16013544,18,47.26520919,22.13594362,55.75840744,23.85372088,55.75840744,15.8113883,53.36665626,26,46.09772229,29.12043956,48.09365863,25.07987241,50.03998401,25.61249695,47.01063709,18.43908891,37.05401463,17.88854382,44.10215414,28.28427125,40.11234224,18.35755975,41.0487515,15,37,18.60107524,39.56008089,14.86606875,45.27692569,20.24845673,31.40063694,16.2788206,41.43669871,27.65863337,35.51056181,20.51828453,38.47076812,19.84943324
18.02775638,15.26433752,18.38477631,14.76482306,17.4642492,14.76482306,17.08800749,16.15549442,16.55294536,15.8113883,15.23154621,14.86606875,15.23154621,14.86606875,14.31782106,14.31782106,13.41640786,14.31782106,13.92838828,12.04159458,14.31782106,16.03121954,13.92838828,14,13,15.03329638,13,14.03566885,12.08304597,14.31782106,12.08304597,13.34166406,10.77032961,13.15294644,10.77032961,11.70469991,11.70469991,13.60147051,10.29563014,12.64911064,9.848857802,10.77032961,9.848857802,12.08304597,8.544003745,11.66190379,9.486832981,12.20655562,8.246211251,12.52996409,8.544003745,12.80624847
8.246211251,19.72308292,9.486832981,21.02379604,8.544003745,21.02379604,7.280109889,22.47220505,6.708203932,19.6977156,7.615773106,19.92485885,5,19.92485885,5.830951895,18.68154169,5.656854249,18.43908891,7.211102551,17.2626765,7.211102551,19.10497317,5.656854249,20.09975124,7.071067812,16.03121954,7.071067812,17.02938637,5.830951895,17.02938637,6.708203932,17.02938637,7.810249676,16.1245155,6.708203932,15.03329638,7.615773106,15.13274595,5.099019514,14.31782106,7.280109889,14.31782106,8.544003745,13.60147051,6.32455532,12.64911064,7.280109889,14.76482306,6.08276253,13,7.280109889,13.89244399
23.32380758,26.41968963,25.05992817,26.83281573,25.05992817,26.07680962,27.51363298,27.78488798,24.59674775,23.32380758,24.69817807,25.8069758,23.76972865,22.47220505,23.40939982,21.63330765,23.40939982,20.80865205,20.88061302,20.24845673,23.76972865,22.20360331,22.56102835,21.63330765,21.58703314,21.63330765,19.41648784,21.40093456,19.41648784,18.60107524,22.36067977,20.80865205,20.39607805,18.02775638,16.2788206,17.80449381,18.02775638,18.02775638,18.11077028,16.40121947,16.1245155,17.20465053,16.1245155,16.40121947,13.03840481,14.2126704,15.03329638,16.40121947,14,15.26433752,13,17
25,27.29468813,26.83281573,29.15475947,27.78488798,28.8444102,30.46309242,28.01785145,27.73084925,26.07680962,27.31300057,24.69817807,28.23118843,23.85372088,26.83281573,22.47220505,24.35159132,22.20360331,23.02172887,16.76305461,26.68332813,24.20743687,25,21.09502311,24.73863375,20.80865205,23.76972865,20.80865205,22.56102835,19.10497317,23.53720459,21.40093456,21.58703314,19.84943324,20.09975124,19.10497317,19.41648784,20.61552813,18.11077028,17.80449381,18.24828759,17.02938637,18.11077028,18.02775638,15.29705854,17.02938637,17.02938637,17.80449381,17.02938637,18.60107524,16,18.02775638
7.280109889,32.44996148,6.403124237,33.61547263,5.830951895,33.61547263,5.656854249,34.0147027,5,30.88689042,5.656854249,31.30495168,3.605551275,31.38470965,4.123105626,30.41381265,4.123105626,29.52964612,4.472135955,26.41968963,4.123105626,30.41381265,6,28.63564213,5.099019514,27.73084925,5.099019514,26.40075756,4.123105626,25.49509757,5.099019514,26.92582404,4,24.16609195,5.099019514,23.2594067,5,22.84731932,6,21.1896201,5,20.1246118,5,21.02379604,5,17.88854382,6.32455532,20.1246118,6.32455532,20.24845673,6.32455532,18.38477631
34.43835072,1,34.88552709,1.414213562,35.77708764,1.414213562,36.24913792,2.236067977,33.54101966,3.605551275,31.76476035,2.236067977,33.54101966,4.123105626,31.30495168,3.605551275,30.41381265,3.16227766,29.52964612,2.828427125,31.30495168,5.656854249,30.87069808,4.242640687,27.73084925,5,29.54657341,5.830951895,24.59674775,5,27.73084925,4.242640687,25.05992817,4.242640687,22.82542442,4.242640687,24.59674775,3.605551275,23.2594067,4.242640687,22.36067977,3.605551275,22.36067977,4.472135955,18.86796226,4.123105626,21.09502311,5,21.47091055,3.16227766,20.1246118,3
12.80624847,23.32380758,12.20655562,22.82542442,12.52996409,23.02172887,13.92838828,23.02172887,13.89244399,20.80865205,13.03840481,20.80865205,13.89244399,21.40093456,11.18033989,20,14.31782106,18.60107524,11.70469991,17.80449381,12.64911064,21.40093456,13.60147051,20,12.64911064,17.80449381,11.70469991,17.80449381,11.70469991,17.69180601,11.70469991,19.20937271,11.18033989,18.43908891,9.486832981,16.2788206,9.486832981,17.02938637,10.19803903,17.02938637,9.219544457,15.55634919,10.19803903,16.2788206,8.062257748,15.55634919,8.062257748,16.97056275,9.055385138,16.97056275,8.062257748,17.69180601
20.51828453,2.236067977,21.26029163,3.605551275,21.26029163,5.656854249,23.43074903,5,21.21320344,4.123105626,21.21320344,4.242640687,21.26029163,5,23.34523506,4,15.8113883,7.071067812,16.40121947,5,21.26029163,7.280109889,21.26029163,5.099019514,20.51828453,6.08276253,21.26029163,4.123105626,19.79898987,5,19.10497317,6,19.84943324,5.385164807,17.69180601,6.403124237,19.79898987,5,18.43908891,5.656854249,19.10497317,5,18.43908891,6.403124237,17.69180601,5,18.38477631,7.211102551,19.84943324,7.071067812,19.84943324,8.062257748
23.08679276,33.01514804,17.11724277,42.95346319,11.40175425,40.31128874,24.59674775,52.63078947,7.615773106,23.34523506,13,46.04345773,15.8113883,40.01249805,17.08800749,21.37755833,36.87817783,32.38826948,23.08679276,41.23105626,7.280109889,50.32891813,24.04163056,43.93176527,15.23154621,38.32753579,20.88061302,45.88027899,21.9544984,55.36244214,35.44009029,57.48912941,16.4924225,34,6,46.09772229,12.04159458,51.66236541,24.0208243,47.16990566,13.60147051,49.24428901,20.24845673,53.48831648,16.4924225,46.69047012,17.11724277,49.64876635,15.13274595,61.52235366,15.13274595,51.6139516
3,5,3,5,3,9.055385138,3.16227766,5,4,8.246211251,4.123105626,6.32455532,5.099019514,8.246211251,5,8.544003745,2,11.18033989,2,10.77032961,4.123105626,8.544003745,5.830951895,8.602325267,3.605551275,8.544003745,4.123105626,9.848857802,4.123105626,8.94427191,4.472135955,10.77032961,6.08276253,9.433981132,5.385164807,10.44030651,5,9.848857802,4.123105626,9.848857802,5.385164807,10.77032961,5.385164807,9.848857802,6.32455532,10.77032961,6.32455532,11.18033989,7.211102551,11.18033989,5.385164807,12.52996409
18.35755975,10.44030651,16.64331698,9.219544457,19.31320792,9.848857802,20.61552813,8.602325267,21.54065923,8.602325267,20.61552813,7.071067812,24.69817807,7.211102551,25.29822128,7.810249676,25.63201124,5,26,5.385164807,29.54657341,5.830951895,28.23118843,6.32455532,30.46309242,7.280109889,33.10589071,7,32.31098884,5.099019514,35.11409973,5.099019514,34.92849839,5.385164807,37,4.472135955,39.2173431,4.242640687,38.07886553,3.16227766,40.49691346,2.236067977,38.62641583,3.605551275,38.89730068,5.099019514,43.32435804,4,42.15447782,4,43.65775991,3.16227766
8.602325267,44.01136217,9.433981132,44.59820624,7.615773106,39.92492956,9.219544457,41.78516483,9.219544457,36.68787266,12.36931688,38.62641583,12.04159458,34.17601498,11.04536102,30.08321791,12.04159458,28.23118843,8.544003745,28.7923601,11.70469991,31.01612484,10.77032961,29.15475947,11.18033989,28.65309756,10.29563014,29.52964612,11.66190379,25.05992817,11.40175425,26.41968963,12.20655562,28.17800561,12.04159458,23.85372088,11.3137085,26.62705391,12.80624847,24.59674775,11.40175425,25.23885893,13.03840481,21.47091055,12.04159458,20.80865205,13.60147051,21.9544984,13.89244399,21.02379604,14.76482306,20.59126028
6.08276253,21.54065923,6.32455532,21.54065923,8.246211251,21.9544984,9.055385138,20.24845673,7.071067812,18.97366596,6,18.68154169,8.246211251,17.4642492,6,16.15549442,8,15.5241747,5,15.23154621,7,16.76305461,7.071067812,14.31782106,4,15.5241747,5.099019514,13.60147051,5.099019514,13.34166406,5,14.14213562,2,13.34166406,3,10.19803903,2,13.34166406,3,12.04159458,2.236067977,12.16552506,2,11.18033989,1.414213562,11.18033989,2.236067977,12.04159458,3.605551275,11.18033989,2.828427125,10.04987562
14.86606875,5,14.56021978,5.099019514,13.92838828,5,15.29705854,1.414213562,13.60147051,2.236067977,11.70469991,5.099019514,10.77032961,2.236067977,11.70469991,2.236067977,10.19803903,2.236067977,14.03566885,2.236067977,11,4.123105626,11.04536102,5.099019514,11.04536102,5,10.04987562,6.32455532,10.04987562,5.385164807,8,7.280109889,9.055385138,6.08276253,9.055385138,7.071067812,10.04987562,8.062257748,8.062257748,8,8.062257748,8.246211251,6.08276253,8.062257748,7.280109889,8.062257748,8.246211251,10,9.219544457,10,7.615773106,11.04536102
16.1245155,6.32455532,17.08800749,8.246211251,18.38477631,5.099019514,18.68154169,5.830951895,15.5241747,5,16.4924225,5.830951895,15.5241747,4.242640687,15.29705854,3.605551275,14.14213562,5,14.14213562,3.605551275,14.03566885,5.830951895,15.03329638,5.385164807,15,5.099019514,14,7.071067812,13.03840481,6.08276253,12.04159458,8.062257748,13.15294644,7.280109889,10.44030651,7.280109889,11.18033989,8.062257748,11.40175425,8.062257748,9.486832981,8.062257748,8.246211251,8.062257748,8.94427191,9,10.29563014,10,10.29563014,10.04987562,10,11
7.615773106,9.848857802,7.615773106,9.486832981,6.708203932,10.77032961,6.708203932,10.29563014,6.32455532,10.29563014,6.708203932,11.66190379,6.708203932,13.03840481,6.403124237,11.40175425,6.403124237,12.20655562,6.403124237,12.20655562,5.656854249,13.60147051,5.656854249,12.80624847,5.656854249,13.60147051,5.830951895,12.80624847,4.472135955,13.03840481,5.830951895,15,5.385164807,14.4222051,6.32455532,13.60147051,6.32455532,13.60147051,7.280109889,12.80624847,6.08276253,13.89244399,6.32455532,14.4222051,6.32455532,13.89244399,8.246211251,14.4222051,7.280109889,15.8113883,8.544003745,15
2.236067977,6.708203932,2.236067977,6.708203932,2.828427125,7.280109889,2.828427125,7.071067812,2.828427125,8.062257748,3.605551275,9,3.605551275,8,3.605551275,8.062257748,2.828427125,8.062257748,4.472135955,8.246211251,4.472135955,10.44030651,3.16227766,10.44030651,3.16227766,11.40175425,4.123105626,11.40175425,3,11.18033989,4.123105626,11.70469991,3,12.64911064,5,11.70469991,5.099019514,12.64911064,5,12.36931688,5,12.36931688,4,12.36931688,5.099019514,13.34166406,7,14.86606875,6.08276253,14.86606875,6.08276253,13.92838828
4.123105626,9.219544457,4.123105626,11.18033989,4,11.40175425,3.16227766,12.08304597,4.472135955,12.64911064,4.472135955,13,3.605551275,13.41640786,2.828427125,13.41640786,1.414213562,13.41640786,1,14.76482306,1,16.1245155,2.236067977,15.8113883,2.236067977,15.26433752,2.828427125,15.65247584,2.236067977,14.76482306,2.236067977,16.1245155,2.828427125,17,2,15.23154621,2.236067977,16.55294536,2,15.65247584,2.236067977,15.65247584,1,16.15549442,1,15.65247584,2,18.78829423,2.236067977,17,2.236067977,18.86796226
18.78829423,7.211102551,21.47091055,8.062257748,18.35755975,8.062257748,19.6468827,9.055385138,19.23538406,8.544003745,18.78829423,6.08276253,17.88854382,8.246211251,17,8,15.13274595,8.246211251,19.20937271,9.848857802,20.24845673,8.062257748,17.88854382,7.280109889,16.15549442,9.848857802,14.86606875,10.77032961,15.8113883,7.615773106,15.26433752,9.433981132,13.41640786,8.544003745,12.52996409,8.602325267,13.41640786,8.602325267,13.41640786,10,13.89244399,9.899494937,11.66190379,10,11.18033989,8.602325267,10.77032961,11.40175425,11.18033989,10,10.81665383,11.18033989
13,15.8113883,14.56021978,16.1245155,12.64911064,16.1245155,13.92838828,17.72004515,10.77032961,14.76482306,13,16.15549442,8.94427191,15.23154621,9.486832981,14.56021978,14.4222051,15,14.2126704,13.15294644,9.219544457,14.03566885,9.486832981,15.03329638,9.433981132,15.03329638,10.63014581,12.04159458,8.602325267,13.15294644,8.602325267,13.03840481,7.810249676,13,8.602325267,11.18033989,7.810249676,12.16552506,7.810249676,13.34166406,7.211102551,12.36931688,8.94427191,10.44030651,8.062257748,10.77032961,10,11.18033989,10.63014581,11.18033989,9.219544457,10
13.92838828,15.26433752,14.31782106,15.65247584,13.41640786,16.15549442,13.92838828,17.08800749,11.66190379,16.15549442,12.08304597,14.86606875,11.18033989,14.56021978,9.848857802,14.56021978,9.433981132,14.31782106,10.81665383,13.15294644,10.81665383,15.03329638,10.29563014,14,10,14.03566885,9.219544457,12,8.602325267,12.04159458,9.219544457,13.15294644,9.219544457,12.36931688,8.485281374,11.70469991,9.899494937,11.70469991,8.602325267,11.70469991,8.485281374,12.08304597,9.219544457,11.18033989,7.810249676,10.81665383,7.810249676,11.40175425,7.071067812,12.20655562,7.810249676,11.40175425
45.39823785,63.51377803,29.42787794,57.98275606,35.6931366,39.05124838,54.00925847,58.79625838,43.93176527,46.14108798,39.05124838,47.01063709,38.20994635,55.90169944,22.09072203,40.52159918,22.36067977,52.39274759,25.17935662,46.04345773,41.30375286,32.55764119,36.49657518,67.08203932,42.95346319,33.37663854,31,48.01041554,16.15549442,54.33231083,39.62322551,64.00781202,32.14031736,27.16615541,11.18033989,9.219544457,21.02379604,24.04163056,12.08304597,45.04442252,14.4222051,27.07397274,21.09502311,36.22154055,7.211102551,27.85677655,22.36067977,32.89376841,25.49509757,49.24428901,20.80865205,38.47076812
17.4642492,14.86606875,18.38477631,15.5241747,17.4642492,15.8113883,17.08800749,16.1245155,16.15549442,14.31782106,15.23154621,14.56021978,13.92838828,14.31782106,13.92838828,13.03840481,13.92838828,13.03840481,13,11,13.60147051,14.03566885,13.34166406,14.03566885,12.16552506,12.04159458,11.18033989,12,11.04536102,10,12.04159458,12,10.04987562,11,9.055385138,9,11,8,10.04987562,9,9.055385138,7,9.219544457,6,8.062257748,7,8.246211251,6.32455532,8.246211251,6.08276253,8.246211251,6.08276253
6.708203932,26,6.708203932,25.63201124,5.656854249,24.16609195,4.472135955,25.96150997,4.242640687,22.84731932,5,24.35159132,4.242640687,22.47220505,5,21.84032967,4.242640687,21.84032967,3.605551275,17.4642492,4.242640687,21.58703314,4.242640687,20.39607805,4.242640687,19.41648784,4.242640687,18.24828759,2.828427125,17.4642492,3.605551275,18.43908891,3.16227766,18.24828759,2.236067977,15.13274595,4.123105626,15.03329638,3.16227766,14.03566885,2.236067977,14.14213562,2.236067977,13.15294644,3.16227766,12.04159458,3.16227766,12.16552506,3.16227766,13.03840481,4.123105626,12.04159458
22.84731932,9.899494937,24.35159132,11.3137085,22.47220505,10.63014581,25.29822128,9.433981132,23.08679276,7.810249676,22.13594362,9.219544457,21.58703314,8.485281374,19.23538406,8.602325267,23.02172887,7.211102551,21.09502311,8,18.02775638,8.602325267,18.11077028,9.219544457,17.11724277,8.602325267,17.2626765,7.211102551,16.1245155,5.830951895,17.11724277,7.615773106,15.29705854,7.615773106,13.15294644,7.280109889,15.03329638,7,14.14213562,7,13.03840481,6,13.15294644,6.08276253,9.055385138,6.08276253,11.40175425,7,11.18033989,6.08276253,10.44030651,6
24.59674775,2,23.2594067,2.828427125,26.92582404,3.16227766,26.57066051,3.605551275,22.84731932,4.123105626,21.54065923,3.16227766,22.84731932,1.414213562,21.37755833,3.16227766,25,7.615773106,22.8035085,7,22.8035085,2.828427125,19.41648784,0,19.6468827,1.414213562,19.6468827,2.828427125,16.2788206,1.414213562,18.43908891,1,15.29705854,1,15.13274595,0,16.1245155,1,14.03566885,2,14.03566885,1.414213562,13.03840481,0,12.16552506,1.414213562,12.04159458,1.414213562,13,1.414213562,12.04159458,2.828427125
15.23154621,23.70653918,13.89244399,24.16609195,13,21.9544984,12.52996409,24.35159132,12.08304597,20.59126028,11.66190379,20.88061302,12.20655562,21.54065923,11.18033989,20.24845673,14.2126704,21.9317122,12.04159458,20.59126028,10.29563014,22.13594362,11.18033989,19.6468827,10.77032961,18.68154169,7.810249676,17.2626765,8.062257748,16.76305461,9.848857802,16.4924225,7.280109889,16.2788206,8.544003745,14.31782106,9.848857802,13.34166406,8.544003745,14.31782106,7.071067812,13.03840481,6.32455532,13.15294644,6.08276253,11.40175425,7.280109889,13.34166406,6.32455532,13.15294644,8,11.04536102
21.9317122,15.23154621,22.84731932,16.15549442,21.02379604,14.86606875,21.9317122,16.76305461,18.78829423,13.92838828,19.6977156,13.60147051,18.78829423,16.4924225,18.38477631,14.14213562,16.55294536,14.31782106,16.15549442,12.16552506,18.38477631,14.31782106,16.15549442,14.14213562,15.23154621,14.14213562,15.8113883,12.16552506,14.86606875,11.04536102,13.92838828,13.03840481,13,12.04159458,12.64911064,9,12.16552506,10.04987562,12.36931688,9,11.18033989,9,11.18033989,10,9.055385138,9.055385138,11.04536102,8,9.055385138,9.055385138,10,8
25.49509757,13,25.49509757,13.89244399,27.31300057,13.41640786,27.51363298,12.52996409,24.69817807,11.66190379,23.76972865,12.20655562,23.76972865,9.433981132,23.40939982,9.433981132,22.47220505,9.433981132,21.1896201,10.81665383,23.08679276,10.81665383,21.58703314,9.433981132,21.58703314,10.29563014,20.39607805,8.94427191,19.6468827,8.062257748,20.39607805,8.602325267,18.43908891,8.062257748,17.2626765,7.615773106,17.2626765,7.615773106,17.11724277,7.280109889,17.11724277,7.280109889,15.29705854,7.280109889,13.15294644,5.385164807,15.13274595,7.280109889,15.13274595,6.32455532,14.14213562,6
21.47091055,13.89244399,22.84731932,14.4222051,21.9317122,13.89244399,21.84032967,14.86606875,21.1896201,14.4222051,19.6977156,11.40175425,21.84032967,11.66190379,18.43908891,11.40175425,19.72308292,8.94427191,17.2626765,8.94427191,19.41648784,11.40175425,19.6468827,8.602325267,18.43908891,10.81665383,17.2626765,10,16.4924225,8.94427191,17.4642492,9.848857802,15.29705854,9.433981132,14.14213562,8.94427191,14.31782106,9.433981132,14.03566885,8.94427191,13.15294644,8.062257748,13.15294644,8.544003745,10.04987562,7.211102551,12.04159458,8.062257748,12.04159458,8.94427191,12.16552506,9.486832981
23.32380758,23.70653918,24.59674775,24.16609195,25.07987241,23.70653918,26.57066051,24.59674775,22.84731932,21.09502311,24.16609195,21.47091055,23.76972865,20.59126028,22.47220505,19.23538406,21.84032967,18.35755975,19.6468827,18.35755975,22.56102835,18.86796226,22.56102835,18.78829423,21.58703314,17.88854382,19.6468827,17.88854382,19.6468827,15.65247584,19.6468827,16.1245155,18.43908891,16.1245155,15.29705854,14.76482306,17.2626765,15.65247584,16.2788206,14.31782106,16.2788206,13,16.4924225,13,14.14213562,9.848857802,14.14213562,11.70469991,14.31782106,11.70469991,13.15294644,12.36931688
9,35.35533906,6.08276253,35.51056181,9.848857802,36.24913792,6.403124237,32.64965543,6.08276253,31.30495168,2.236067977,29.15475947,5,31.76476035,6.708203932,29.54657341,5.385164807,25.49509757,6.708203932,26.41968963,10,31.78049716,7.810249676,29.15475947,5.099019514,30.6757233,7,27.31300057,4,28.7923601,8.485281374,25.49509757,4,25.63201124,6.32455532,21.9317122,5.830951895,25.29822128,6.32455532,22.47220505,5,24.35159132,5.830951895,18.68154169,4.472135955,18.97366596,5.830951895,21.1896201,6.403124237,21.58703314,4.242640687,19.41648784
23.32380758,38.07886553,23.70653918,38.07886553,24.59674775,38.07886553,25.07987241,37.58989226,23.40939982,35.84689666,24.69817807,35.84689666,24.35159132,34.98571137,23.08679276,32.75667871,23.08679276,31.38470965,21.58703314,30.01666204,23.53720459,32.75667871,22.36067977,29.52964612,21.21320344,30.88689042,21.21320344,29.15475947,20.22374842,27.78488798,21.21320344,29.15475947,20.09975124,26.92582404,18.11077028,26.07680962,18.11077028,26.41968963,17.02938637,25.05992817,16.03121954,24.18677324,17,22.82542442,14,21.9544984,15,24.18677324,14.03566885,22.36067977,14.03566885,22.36067977
21.47091055,30.52867504,20.59126028,30.52867504,20.80865205,31.76476035,19.41648784,33.10589071,18.02775638,29.96664813,17.20465053,29.96664813,17.80449381,28.63564213,17.02938637,28.23118843,16.40121947,28.23118843,15.62049935,27.20294102,16.2788206,28.7923601,16.2788206,27.51363298,15.55634919,26.57066051,15.62049935,26.57066051,13.45362405,23.40939982,17.02938637,26.92582404,14.2126704,23.76972865,14.86606875,19.6468827,14.14213562,22.36067977,11.66190379,23.34523506,14.14213562,20.39607805,17.80449381,18.68154169,14.14213562,20.61552813,13.60147051,17.2626765,14.86606875,15.29705854,14.14213562,18.11077028
6.08276253,27.29468813,5.830951895,27.29468813,5.830951895,27.78488798,5,27.73084925,5,26.83281573,5,25.49509757,3.605551275,25.94224354,3.605551275,23.76972865,3.16227766,24.59674775,4,21.9317122,5.385164807,24.16609195,4.472135955,23.40939982,4.472135955,22.84731932,3.16227766,21.02379604,3,20.61552813,4.123105626,22.47220505,3.16227766,19.23538406,5.385164807,18.38477631,4.123105626,18.78829423,5,18.02775638,4,16.55294536,4.123105626,17.4642492,4.472135955,15.65247584,5.385164807,17.4642492,3.605551275,17,5.385164807,17.08800749
30.41381265,18.35755975,31.30495168,18.60107524,30.88689042,18.02775638,31.78049716,17.49285568,29.54657341,16.40121947,30.46309242,17.20465053,29.54657341,15.26433752,29.54657341,15,28.63564213,14.86606875,27.31300057,14.2126704,28.23118843,14.2126704,28.63564213,12.80624847,26.92582404,15,25.49509757,15.62049935,25.07987241,12.04159458,22.82542442,14.2126704,23.2594067,11.3137085,19.72308292,11.3137085,21.02379604,13.45362405,21.02379604,12.80624847,21.54065923,12.20655562,20.61552813,10.63014581,18.78829423,10.63014581,18.78829423,14.4222051,17.4642492,11.40175425,19.6977156,12.04159458
23.85372088,7.280109889,24.41311123,6.32455532,24.41311123,5.830951895,26.07680962,5,25.8069758,3.605551275,25.49509757,5.385164807,23.85372088,3.605551275,21.09502311,5.385164807,20.80865205,9.219544457,18.11077028,7.280109889,21.47091055,6.32455532,22.82542442,2.236067977,21.63330765,3.16227766,22.02271555,5.385164807,20,3,21.63330765,4,19.84943324,5,20.80865205,6,20,6.32455532,16.64331698,7.071067812,19.41648784,5.099019514,16.64331698,6.08276253,16.2788206,6.08276253,17.80449381,9.219544457,19.72308292,6,17.49285568,6.32455532
13.34166406,11.40175425,13.60147051,14.03566885,14.56021978,13.03840481,15.13274595,14.03566885,15.03329638,15.03329638,18.02775638,17.11724277,16.03121954,17.2626765,18,17.4642492,18.02775638,19.92485885,20.22374842,19.6468827,22.36067977,20.61552813,22.8035085,19.92485885,22.8035085,19.92485885,24.73863375,22.13594362,26.2488095,19.6468827,26.92582404,21.58703314,27.51363298,22.8035085,27.89265136,22.8035085,30.08321791,22.13594362,28.46049894,23.08679276,29.12043956,24.04163056,28.7923601,22.8035085,28.16025568,26.2488095,31.95309062,28.46049894,30.46309242,26.83281573,31.38470965,28.23118843
24.51530134,36.87817783,30.41381265,33.24154028,27.89265136,37.33630941,44.18144407,46.57252409,39.62322551,45.27692569,45.12205669,57.42821606,37,38.83297568,39.2173431,47.29693436,29.20616373,42.20189569,17.02938637,93.17188417,46.04345773,73.68174808,43.41658669,58.69412236,53.75872022,73.37574531,52.20153254,77.1621669,49.81967483,81.04319836,60.16643583,96.79876032,58.69412236,89.53770156,48.27007354,95.07891459,50.53711507,96.66436779,42.54409477,89.9888882,53.14132102,85.38149682,48.82622246,97.14422268,45.88027899,83.48652586,55.00909016,96.04686356,48.02082881,93.04837452,46.14108798,95.21029356
14.14213562,7.810249676,15.03329638,7.211102551,16.03121954,7.615773106,17.02938637,7.280109889,20.02498439,8,21.02379604,10,22.09072203,7.071067812,23.34523506,8.246211251,23.34523506,8.062257748,25.49509757,7,29.61418579,9.219544457,25.96150997,9,28.16025568,11,31.32091953,9.055385138,32.28002478,8.062257748,33.24154028,9.055385138,33.52610923,8,35.17101079,8.246211251,35.11409973,7.071067812,33.83784863,7.071067812,35.73513677,8.062257748,37,8.062257748,36.68787266,10.04987562,40.16217126,10.44030651,41.10960958,10.77032961,39.56008089,11.18033989
15.29705854,7.211102551,16.2788206,8.602325267,17.02938637,8.544003745,17.02938637,6.708203932,20.09975124,8.94427191,21.37755833,9.219544457,21.37755833,8.062257748,23.76972865,10.04987562,24.33105012,9.055385138,26.68332813,8.062257748,28.16025568,10,28.16025568,10.04987562,28.7923601,9.055385138,30.3644529,8.062257748,31.6227766,8,33.83784863,8.062257748,34.17601498,9,36.40054945,9,37,8.246211251,36.05551275,8,37.36308338,8,36.76955262,9,37,9.486832981,39.56008089,10.77032961,39.92492956,10.44030651,40.85339643,10.29563014
1.414213562,7.280109889,1,7.280109889,1.414213562,8.544003745,2.236067977,8.544003745,1.414213562,9.219544457,1,10.44030651,1,10.44030651,1,10.44030651,2,11.40175425,2,12.08304597,2,13,1.414213562,12.08304597,1,13,1,13,0,13.92838828,1,14.31782106,0,16.15549442,1.414213562,14.86606875,0,15.23154621,1.414213562,15.23154621,1.414213562,15.23154621,1,16.15549442,1,15.8113883,0,17.08800749,1,17.08800749,1,17.4642492
7.211102551,3.16227766,8.062257748,3.605551275,8.94427191,2.828427125,7.615773106,2.236067977,8.544003745,2,9.848857802,3.605551275,9.848857802,2.828427125,9.848857802,3.16227766,10.77032961,2.236067977,11.70469991,3.16227766,12.08304597,3.16227766,11.66190379,3.16227766,12.08304597,2,13.92838828,4.123105626,13.60147051,1,15.23154621,2.828427125,15.8113883,2.236067977,16.15549442,3.16227766,15.23154621,2.236067977,16.55294536,3,15.8113883,0,15.23154621,2.236067977,15.8113883,1,17.08800749,2,16.76305461,1,18.02775638,1
5.099019514,7.280109889,4.472135955,6.708203932,6.08276253,6.08276253,6.32455532,6.708203932,6.08276253,6.32455532,6.32455532,5.830951895,9.055385138,3.16227766,8.062257748,5.385164807,5.099019514,4,6.08276253,4.123105626,10.04987562,5.385164807,10.19803903,5.830951895,11.04536102,4.242640687,12.16552506,3.605551275,11.18033989,5.830951895,13.03840481,6.403124237,13.15294644,5,13.15294644,5,14.31782106,6.403124237,12.04159458,5,13.34166406,5.656854249,13.15294644,5.656854249,15.13274595,5,15.29705854,3.605551275,14.56021978,5,14.31782106,4.242640687
14.14213562,12.08304597,13.92838828,13,13.41640786,13.60147051,12.08304597,13.41640786,11.40175425,16.1245155,10.63014581,18.11077028,9.219544457,18.24828759,11.3137085,18.24828759,10.29563014,19.02629759,7.280109889,21,8.94427191,24.0208243,11.18033989,24.33105012,11.70469991,28.28427125,10.44030651,29.15475947,9.486832981,28.28427125,10.44030651,33.37663854,9.848857802,30.41381265,9.486832981,34.525353,9.486832981,33.73425559,8.062257748,34.20526275,9.486832981,34.92849839,7.280109889,34.525353,8,35.6931366,11,37.85498646,11.18033989,35.90264614,10.04987562,38.07886553
4.472135955,3.16227766,5,4.472135955,5.099019514,4.123105626,4.472135955,4.123105626,6.08276253,5.385164807,6,6.32455532,6,6.08276253,7.071067812,6,7.071067812,6.08276253,7.280109889,6,8.062257748,8,8.246211251,8,8.544003745,7,10.19803903,8,8.544003745,6.08276253,10.44030651,8.062257748,10.44030651,7.071067812,10.44030651,8.062257748,10.44030651,8.246211251,10.44030651,8.062257748,12.36931688,7.071067812,12.64911064,8.062257748,12.36931688,8.062257748,12.36931688,9.219544457,12.64911064,9.055385138,12.64911064,9.219544457
13.34166406,3.605551275,17.08800749,6,18.68154169,5.385164807,18.11077028,6,20,6.08276253,22.02271555,6.08276253,21.02379604,8.062257748,22.02271555,6.708203932,22.36067977,7,24.51530134,8.062257748,28.86173938,8.94427191,26.68332813,10.19803903,29.61418579,9.055385138,31.78049716,7.280109889,32.01562119,8.602325267,35.73513677,7,35.11409973,7,36.68787266,7.071067812,37.36308338,7.615773106,37.36308338,6.32455532,40.16217126,8.246211251,36.68787266,7,37.94733192,9,40.52159918,10,38.89730068,10.04987562,41.43669871,9.219544457
2.828427125,6.08276253,2.828427125,6.08276253,3.605551275,6.08276253,3.16227766,5.099019514,3.16227766,8.062257748,3,8.062257748,3,8,3,9,3.16227766,10,4,10.04987562,4.123105626,11.18033989,4.123105626,10.19803903,3,11.18033989,4,12.36931688,3.16227766,12.36931688,3.16227766,13.60147051,3,13.34166406,4,14.31782106,4,14.56021978,3,13.60147051,2,14.56021978,2,14.31782106,2.236067977,14.56021978,4,16.2788206,2,16.76305461,4.123105626,16.76305461
12.52996409,7.810249676,16.55294536,6.32455532,18.43908891,6.32455532,18.02775638,7.211102551,18.24828759,7.615773106,23.02172887,7.615773106,21.02379604,11.70469991,18.02775638,9.486832981,38.05259518,6.403124237,31.06444913,8.94427191,28.44292531,14.86606875,26.47640459,14.76482306,31.57530681,13.89244399,32.75667871,13.89244399,33.54101966,16.55294536,36.49657518,18.35755975,32.55764119,18.35755975,35.35533906,17.49285568,36.67424164,18.78829423,35.51056181,18.86796226,36.49657518,18.86796226,35.6931366,19.23538406,36.87817783,20.61552813,38.07886553,19.23538406,36.40054945,17.4642492,39.84971769,19.31320792
6.403124237,3.605551275,5.385164807,3.605551275,6.32455532,3.16227766,6.708203932,3.16227766,6.32455532,3.605551275,7.280109889,4.472135955,7.280109889,4.123105626,8.246211251,4.472135955,9.486832981,5.099019514,9.486832981,4,10.44030651,6,10.77032961,4,10.77032961,5,11.70469991,5.099019514,12.64911064,6,13.60147051,5.099019514,14.56021978,6.08276253,13.92838828,6,14.86606875,6,13.92838828,6,14.56021978,4.123105626,14.56021978,5,15.5241747,5,15.8113883,6.08276253,15.8113883,5.099019514,15.8113883,5.099019514
10,3.605551275,10,3.16227766,8.602325267,2.236067977,8.602325267,3.16227766,9.848857802,2,11.40175425,2.236067977,10.29563014,3.16227766,11.18033989,2.236067977,12.08304597,2.236067977,13,2,13.41640786,2,13.89244399,2,14.31782106,2,14.76482306,1,14.76482306,1.414213562,16.55294536,2.236067977,16.55294536,2.828427125,16.55294536,3.16227766,16.55294536,2.828427125,15.65247584,3.605551275,16.55294536,5,16.55294536,5,17.08800749,4.242640687,18.38477631,2.828427125,17.4642492,5.385164807,18.38477631,3.16227766
16,11,19.10497317,10.19803903,20.22374842,11.40175425,19.23538406,11,20.88061302,12.04159458,22.13594362,14,23.76972865,13.03840481,22.47220505,13.15294644,24.16609195,13.15294644,23.32380758,14.14213562,28.17800561,15.29705854,26.83281573,13.92838828,28.17800561,13.92838828,29.52964612,17.08800749,29.15475947,17.88854382,30.41381265,18.38477631,29.52964612,19.72308292,31.78049716,19.23538406,32.64965543,21.54065923,29.52964612,21.09502311,31.30495168,21.47091055,29.52964612,19.72308292,32.20248438,18.35755975,35.34119409,19.23538406,33.54101966,17.80449381,34.43835072,19.41648784
14.14213562,15.03329638,14.31782106,16,16.76305461,17.02938637,16.15549442,16.03121954,17.4642492,17.2626765,18.35755975,18.24828759,18.35755975,18.24828759,18.38477631,18.43908891,18.86796226,19.41648784,19.72308292,20.61552813,23.85372088,21.54065923,22.82542442,21.54065923,21.09502311,22.36067977,21.9544984,24.16609195,21.63330765,24.59674775,22.47220505,27.73084925,22.82542442,26.41968963,23.70653918,27.73084925,22.82542442,28.17800561,22.82542442,26.41968963,21.47091055,27.73084925,23.70653918,26.92582404,22.36067977,27.29468813,27.29468813,29.52964612,25.94224354,26.92582404,28.65309756,27.78488798
18.24828759,8.062257748,19.92485885,8.246211251,21.58703314,9.055385138,21.1896201,9,24.04163056,8.246211251,24.69817807,11.04536102,24.16609195,11.18033989,24.16609195,10.44030651,27.31300057,8.544003745,26.83281573,10.19803903,29.06888371,11.70469991,27.78488798,11.66190379,29.52964612,12.52996409,30.41381265,13,29.52964612,13.89244399,32.64965543,14.31782106,31.30495168,15.26433752,33.10589071,14.76482306,33.54101966,16.64331698,32.64965543,17.20465053,32.64965543,16.64331698,31.76476035,14.2126704,34.88552709,14.4222051,36.23534186,14.86606875,36.23534186,13.60147051,37.57658846,15.62049935
15.13274595,9.848857802,16.4924225,8.544003745,18.43908891,10.44030651,17.4642492,8.544003745,19.6468827,10.19803903,22.13594362,11.70469991,21.54065923,12.64911064,21.54065923,12.64911064,22.47220505,12.64911064,24.16609195,14.86606875,26.40075756,15.23154621,25.49509757,15.23154621,25.49509757,15.65247584,26.40075756,17.4642492,26.92582404,17.4642492,28.23118843,19.6977156,26.40075756,19.23538406,28.7923601,19.6977156,28.63564213,21.47091055,27.29468813,20.1246118,28.23118843,21.9317122,28.23118843,19.6977156,29.15475947,19.31320792,32.69556545,22.84731932,32.20248438,21.02379604,33.54101966,21.54065923
8.602325267,25.55386468,7.810249676,25.05992817,9.219544457,24.69817807,9.848857802,25.55386468,9.433981132,23.02172887,10.29563014,23.02172887,11.66190379,22.47220505,9.848857802,22.20360331,10.44030651,21.63330765,9.486832981,20.80865205,9.486832981,23.02172887,9.219544457,21.09502311,9.486832981,20.80865205,8.544003745,20,8.544003745,18.60107524,10.44030651,20.80865205,9.486832981,18.60107524,6.08276253,18.43908891,8.246211251,17.80449381,7.071067812,17.20465053,8.062257748,17.80449381,7.071067812,17.02938637,6,17.69180601,6,19.10497317,6,17.80449381,5.099019514,18.43908891
9.848857802,16.2788206,8.94427191,16.2788206,9.848857802,17.69180601,8.544003745,18.02775638,8.062257748,17.02938637,7.810249676,17.02938637,7.211102551,16.40121947,7.071067812,16.40121947,7.211102551,16.40121947,7.810249676,15.62049935,6.403124237,17.80449381,6.403124237,16.64331698,6.403124237,15.62049935,7.810249676,15.8113883,5,16.40121947,6.708203932,17.20465053,6.32455532,14.2126704,7.615773106,13.45362405,8.062257748,14.86606875,8.062257748,13.60147051,7.211102551,14.2126704,8.062257748,14.4222051,8.246211251,12.80624847,10.44030651,13.60147051,8.544003745,13.60147051,9.848857802,13.89244399
17.69180601,5.099019514,17.02938637,5,16.40121947,6.08276253,19.20937271,4.472135955,17.02938637,5.385164807,15.62049935,6.708203932,17.69180601,5.830951895,17.02938637,6.403124237,17.69180601,6.403124237,16.2788206,6.403124237,17.69180601,7.071067812,16.2788206,5.656854249,17.69180601,5.830951895,16.2788206,7.211102551,17.69180601,7.071067812,17.69180601,7.211102551,17.02938637,8.062257748,16.40121947,5.656854249,16.2788206,6.403124237,18.43908891,6.708203932,17.20465053,6.403124237,16.40121947,6.708203932,16.40121947,5.385164807,17.80449381,6.32455532,17.20465053,6.32455532,19.20937271,5.099019514
11.18033989,14.2126704,10.29563014,14.2126704,10.81665383,15.62049935,10.81665383,15.55634919,10,16.2788206,10,16.97056275,9.219544457,16.2788206,9.899494937,16.2788206,9.219544457,16.97056275,8.485281374,16.2788206,10.63014581,17.69180601,10.63014581,16.97056275,10,16.2788206,8.602325267,15.55634919,10,16.2788206,9.433981132,17.69180601,8.94427191,17.69180601,9.848857802,15.55634919,10.29563014,17.69180601,10.77032961,15.55634919,10.29563014,16.2788206,11.18033989,15.55634919,10.44030651,16.2788206,12.08304597,15.55634919,12.08304597,15.55634919,11.70469991,16.2788206
7.280109889,13.60147051,6.32455532,13.60147051,8.94427191,12.80624847,9.219544457,13.60147051,9.848857802,13.45362405,8.602325267,13.45362405,10,13.45362405,8.602325267,12.04159458,9.899494937,12.72792206,9.219544457,12.80624847,10.63014581,14.14213562,9.899494937,13.45362405,11.3137085,12.20655562,11.3137085,12.20655562,9.899494937,12.80624847,12.20655562,13.60147051,10.63014581,13.60147051,9.899494937,13.03840481,11.40175425,12.20655562,10,12.20655562,10.63014581,14.76482306,9.219544457,13.03840481,8.485281374,13.89244399,10,14.76482306,10.81665383,15.26433752,8.602325267,15.26433752
6.08276253,16.2788206,5.099019514,16.97056275,6.08276253,16.2788206,4,18.38477631,4,16.97056275,4,16.97056275,2.236067977,16.97056275,1.414213562,17.69180601,2,17.69180601,1.414213562,16.97056275,1.414213562,19.79898987,1.414213562,18.38477631,1,16.97056275,0,17.69180601,1.414213562,17.69180601,1.414213562,19.10497317,2.236067977,18.43908891,2,18.43908891,1.414213562,18.60107524,2.236067977,18.43908891,2.828427125,17.80449381,3.605551275,17.80449381,3.605551275,17.80449381,4.123105626,18.60107524,3.16227766,19.20937271,4.123105626,19.20937271
27.65863337,82.54089895,27.65863337,93.17188417,19.41648784,97.86214794,25.61249695,119.8874472,29.68164416,92.78469701,21.47091055,114.6123903,28.3019434,104.890419,33.61547263,81.88406438,20.09975124,109,20.61552813,76.69419796,13.45362405,123.9072234,31.78049716,99.32270637,16.76305461,97.83659847,17.80449381,104.4030651,22.13594362,105.6882207,10.77032961,127.0157471,9.219544457,121.4907404,22.6715681,113.4548368,13,130.9083649,23.70653918,98.23441352,18.43908891,103.1746093,22.8035085,110.4219181,37.12142239,89.30845425,39.40812099,120,32.89376841,113.8639539,36.01388621,105.8914539
4.242640687,14.86606875,3.16227766,15,3.605551275,14.14213562,3.16227766,16.2788206,4.123105626,14.14213562,2,14.2126704,3.605551275,14.86606875,2.828427125,14.86606875,2.236067977,14.86606875,3.16227766,14.86606875,3.16227766,16.97056275,3.605551275,14.2126704,3.605551275,14.14213562,3.16227766,14.86606875,4.123105626,15,4.123105626,15,5.099019514,14.86606875,4,15.62049935,4,15.62049935,4,15,4.123105626,15,4.123105626,14.4222051,4.123105626,14.2126704,4.472135955,15.8113883,3.605551275,16.40121947,3.605551275,15.8113883
6.32455532,17.80449381,6.32455532,18.60107524,6.08276253,18.43908891,5.099019514,19.20937271,5.099019514,18.43908891,5.385164807,19.84943324,6.32455532,19.20937271,5,19.10497317,6.708203932,19.10497317,6.403124237,18.43908891,6.403124237,21.21320344,5.656854249,18.38477631,6.403124237,18.38477631,6.403124237,18.43908891,7.071067812,16.2788206,10,19.84943324,8.602325267,17.80449381,7.211102551,18.60107524,7.211102551,18.60107524,6.708203932,19.41648784,6.708203932,19.41648784,6.403124237,18.60107524,6.708203932,19.41648784,6.32455532,19.72308292,5.385164807,20.24845673,5.385164807,20.24845673
10.29563014,14.4222051,10.29563014,15.26433752,11.66190379,13.89244399,11.3137085,13.03840481,11.3137085,12.80624847,11.3137085,13.45362405,12.04159458,13.45362405,11.3137085,12.04159458,11.3137085,14.14213562,11.40175425,12.72792206,12.80624847,14.14213562,12.80624847,12.04159458,12.04159458,11.40175425,12.80624847,13.03840481,12.04159458,12.20655562,12.80624847,13.60147051,12.80624847,13.03840481,11.40175425,13.89244399,12.20655562,13.41640786,12.20655562,13.89244399,11.66190379,13.41640786,10.81665383,13.41640786,11.40175425,15.23154621,10.81665383,14.31782106,11.40175425,14.76482306,10.29563014,16.55294536
5,12.72792206,4.242640687,13.45362405,4.242640687,12.80624847,2.828427125,13.45362405,3,13.45362405,3.16227766,14.2126704,2.236067977,14.86606875,2,14.14213562,1.414213562,13.45362405,1,12.72792206,2.236067977,14.86606875,2.236067977,14.86606875,2.236067977,13.45362405,2.236067977,15.62049935,3.16227766,13.60147051,4.123105626,15.62049935,3.16227766,15,4,14.2126704,4.123105626,15,4,13.60147051,3,14.4222051,4.123105626,14.4222051,3.16227766,15.26433752,4.123105626,16.64331698,2.828427125,15.8113883,5,16.40121947
15.03329638,23.60084744,15.13274595,22.6715681,12.16552506,22.8035085,12.64911064,24.08318916,10.44030651,24.75883681,10.77032961,26.2488095,11.18033989,25.49509757,8.062257748,25.61249695,8.485281374,26.2488095,8.485281374,27.65863337,8.485281374,30,6.708203932,27.65863337,7.615773106,27.80287755,7.211102551,27.80287755,8.062257748,27.01851217,8.062257748,31.40063694,7.071067812,29.41088234,9.219544457,30.23243292,11,29.15475947,9.055385138,28.8444102,11,30.01666204,11.04536102,28.8444102,12.04159458,28.8444102,14.14213562,30.01666204,15,29.41088234,15,30.23243292
7.810249676,15.65247584,9.219544457,14.76482306,9.219544457,14.4222051,11.18033989,13.03840481,9.899494937,11.40175425,11.40175425,12.20655562,12.20655562,12.20655562,9.219544457,12.04159458,10.81665383,12.04159458,8.602325267,12.72792206,8.602325267,12.72792206,10,12.72792206,8.602325267,12.04159458,10.63014581,11.3137085,9.219544457,12.04159458,10,12.20655562,8.485281374,10.63014581,8.485281374,12.20655562,8.485281374,12.20655562,9.433981132,10.81665383,7.211102551,12.52996409,7.211102551,12.08304597,7.211102551,12.08304597,8.062257748,14.76482306,7.211102551,13,6.708203932,14.76482306
20,9.433981132,20.24845673,10.63014581,21.63330765,10.63014581,21.9544984,10.63014581,20,10.63014581,20.24845673,11.40175425,19.20937271,12.04159458,18.43908891,10.81665383,18.43908891,11.66190379,17.80449381,10.81665383,19.79898987,12.20655562,19.10497317,13.03840481,18.38477631,11.18033989,18.43908891,12.08304597,17.69180601,11.66190379,18.43908891,12.52996409,18.38477631,12.52996409,17.80449381,9.433981132,18.43908891,10.77032961,16.40121947,9.486832981,16.40121947,9.848857802,16.40121947,8.94427191,16.40121947,8.544003745,19.41648784,8.544003745,20,8.544003745,18.60107524,8.246211251
7.615773106,8.544003745,7.615773106,7,8.94427191,8,10,7.071067812,8.062257748,8.062257748,8.602325267,11.18033989,7.280109889,8.062257748,7.211102551,10.19803903,6.32455532,10.77032961,8.602325267,16.4924225,9.219544457,12.36931688,5.830951895,10.29563014,8.602325267,12.08304597,7.071067812,11.70469991,5,12.08304597,5.830951895,14.31782106,7.615773106,11.66190379,5.830951895,11.18033989,5.830951895,13.03840481,6.403124237,13.03840481,5,12.20655562,6.708203932,13.03840481,4.242640687,12.20655562,5.656854249,13.89244399,4.242640687,14.4222051,6.403124237,14.4222051
17.4642492,16.2788206,18.86796226,15.55634919,21.9544984,15.62049935,22.20360331,14.14213562,23.85372088,13.41640786,23.32380758,13.89244399,25,12.16552506,26.92582404,13.15294644,25.55386468,14.03566885,26.41968963,15.03329638,30.88689042,13.34166406,28.65309756,13.15294644,28.3019434,11.70469991,29.06888371,19.6468827,29.52964612,16.55294536,32.20248438,17.08800749,31.30495168,17.88854382,34.0147027,16.76305461,34.92849839,19.23538406,31.38470965,16.1245155,34.53983208,17.49285568,34.0147027,16.40121947,35.73513677,15.26433752,41.23105626,14.76482306,39.39543121,14.86606875,40.31128874,14.14213562
19.10497317,18.02775638,19.23538406,18.97366596,20.61552813,19.31320792,20.24845673,19.31320792,22.13594362,16.1245155,25.07987241,17.20465053,23.2594067,16.1245155,26.40075756,15.8113883,26.83281573,14.2126704,28.63564213,13.60147051,31.78049716,14.4222051,28.65309756,13.45362405,29.15475947,12.20655562,29.52964612,13.03840481,30.87069808,11.40175425,32.64965543,13.03840481,31.76476035,13.60147051,32.20248438,13.41640786,34.13209633,14.31782106,30.52867504,15.23154621,34.4818793,15.5241747,31.38470965,15.8113883,32.24903099,17.4642492,34.13209633,20.22374842,32.24903099,18.97366596,34.13209633,20.39607805
22.20360331,12.04159458,21.40093456,14.14213562,22.36067977,14.86606875,21.02379604,16.40121947,21.9317122,16.40121947,21.84032967,18.38477631,21.37755833,19.10497317,22.02271555,16.2788206,24.0208243,17.69180601,23.02172887,17.69180601,26.30589288,20.51828453,25.70992026,21.40093456,25.70992026,20.24845673,27.45906044,18.02775638,27.89265136,18.35755975,30.08321791,19.23538406,30.08321791,17.4642492,30.6757233,18.78829423,34.92849839,20.1246118,31.78049716,20.24845673,33.24154028,20.24845673,31.78049716,22.47220505,30.87069808,23.76972865,35.84689666,27.31300057,33.10589071,27.51363298,33.54101966,29.15475947
17,15.8113883,15.65247584,14.86606875,16.76305461,18.43908891,16.03121954,16.2788206,17,16.40121947,18.02775638,16.55294536,20.09975124,18.35755975,21.37755833,15.5241747,20.88061302,16.2788206,19.92485885,19.10497317,24.69817807,21.02379604,25.07987241,18,25.29822128,18.02775638,25.07987241,19.23538406,24.69817807,21.58703314,27.85677655,22.56102835,26.92582404,23.08679276,27.85677655,24.04163056,31.01612484,24.04163056,28.7923601,24.16609195,29.73213749,25.49509757,31.38470965,21.9317122,34.4818793,21.9317122,35.73513677,23.70653918,37.33630941,22.36067977,37.94733192,23.76972865
4,19.23538406,1,21.37755833,2.828427125,21.58703314,3.16227766,20.02498439,2.828427125,23.08679276,4.472135955,25.17935662,4.242640687,24.33105012,5.385164807,26.68332813,3.16227766,26.2488095,4.242640687,29.73213749,3.16227766,29.73213749,3.16227766,26.83281573,4,29.96664813,4.123105626,31.30495168,2.236067977,33.10589071,4.242640687,35.34119409,4.242640687,34.43835072,5,34.17601498,4.242640687,35.77708764,4.242640687,36.24913792,5.385164807,37.16180835,5.830951895,35.84689666,4.123105626,36.40054945,3.605551275,41.23105626,3,42.48529157,4,41.62931659
7.071067812,1,8,1,8.94427191,5.099019514,8.062257748,2,8.246211251,3.16227766,10.29563014,3,10.81665383,4.123105626,10.77032961,1,9.486832981,3.16227766,12.04159458,4.472135955,11.18033989,3.605551275,10.81665383,3.16227766,12.20655562,3.605551275,12.20655562,2.236067977,11.66190379,2.236067977,12.52996409,2.828427125,13.03840481,3.605551275,12.52996409,2.236067977,13.03840481,2.236067977,12.20655562,3.605551275,13.41640786,3.16227766,13.89244399,3,12.52996409,4,13.89244399,5.099019514,13.89244399,4,14.4222051,4.123105626
18.24828759,15.03329638,20.09975124,16.76305461,14.31782106,18.35755975,18.24828759,18.38477631,19.23538406,13.03840481,11.40175425,23.60084744,25,21.63330765,10.19803903,26.2488095,26.01922366,12.04159458,5.830951895,14.03566885,36.76955262,6.403124237,17.20465053,17.08800749,15.62049935,13.15294644,31.06444913,24.73863375,21.09502311,15.13274595,21.21320344,30.01666204,25.55386468,32.06243908,29.69848481,18.68154169,23.43074903,26.92582404,29.41088234,20.51828453,23.32380758,27.51363298,21.54065923,25.8069758,25.8069758,32.06243908,28.63564213,31.78049716,25.07987241,30,29.06888371,19.31320792
19.31320792,2.236067977,19.31320792,3.605551275,19.41648784,4.123105626,20.39607805,4.472135955,20.22374842,7.071067812,24.0208243,6.403124237,23,9.219544457,27.16615541,7.071067812,25.70992026,7.280109889,28.44292531,7.615773106,29.83286778,10,28.16025568,8.544003745,30.08321791,6.403124237,32.31098884,6.08276253,32.31098884,3.605551275,35.11409973,4.472135955,36.24913792,3.16227766,34.92849839,3.16227766,35.84689666,2.236067977,36.24913792,2.236067977,37.57658846,5.830951895,34.92849839,3.16227766,36.76955262,8.246211251,40.49691346,9.219544457,39.2173431,11.18033989,41.62931659,9.848857802
17.88854382,14.2126704,18.43908891,14.86606875,20.22374842,15,20.02498439,13.45362405,21.09502311,13.60147051,21.09502311,15.26433752,22.36067977,15.65247584,24.73863375,14.86606875,25,13.92838828,24.69817807,14.14213562,29.54657341,15.13274595,28.63564213,14.03566885,27.85677655,14.03566885,31.38470965,17.4642492,31.78049716,17.72004515,32.69556545,19.6468827,31.78049716,18.02775638,33.61547263,20.24845673,34.0147027,20.1246118,32.69556545,19.23538406,34.53983208,18.35755975,31.95309062,19.23538406,33.83784863,16.1245155,41.78516483,18.02775638,38.62641583,14.2126704,40.85339643,17.69180601
18.24828759,6.08276253,17.4642492,5.099019514,22.36067977,7.071067812,19.10497317,7.280109889,22.02271555,6.708203932,23,8.062257748,25,8.602325267,23.08679276,7.071067812,24.18677324,8.602325267,25.3179778,8.602325267,28.63564213,10.63014581,28.16025568,10.63014581,27.51363298,7.810249676,32.28002478,7.211102551,29.73213749,7.810249676,34.53983208,8.485281374,32.69556545,7.810249676,34.17601498,8.602325267,35.34119409,8.062257748,35.77708764,7.211102551,35.84689666,6.32455532,34,7.810249676,34.0147027,8.544003745,38.48376281,9.848857802,37.57658846,10.77032961,38.94868419,11.66190379
57.97413216,29.15475947,82.07923002,42,72.12489168,42.95346319,77.83315489,46.5295605,72.9177619,29.68164416,84.53401682,36.24913792,78.79086241,32.38826948,68.44705983,33.06055051,85,38.89730068,64.20280368,18.86796226,94.04786016,44.94441011,79.93122043,32.984845,93.1933474,43.26661531,98.23441352,50.80354318,93.29523032,51.42956348,119.707978,69.7782201,112.0580207,68.26419266,108.78419,55.22680509,117.0042734,67.53517602,88.54942123,48.10405388,99.40321926,46.81879964,108.2312339,61.22091146,93.02150289,42.29657197,113.6529806,61.26989473,112.5077775,58.05170109,101.5923225,41.23105626
1.414213562,9,2.236067977,9.055385138,1.414213562,9.219544457,2.236067977,9.219544457,1,9.219544457,2,9.219544457,3.16227766,10.44030651,2.236067977,10.44030651,2.236067977,10.77032961,2.236067977,11.18033989,2.236067977,12.08304597,2.236067977,12.08304597,1.414213562,12.52996409,1.414213562,13.89244399,1,13.89244399,1.414213562,13.89244399,1.414213562,13.41640786,1.414213562,13.41640786,1,14.76482306,2,13.41640786,1,14.31782106,1.414213562,13.41640786,2.236067977,13.89244399,2,14.76482306,2,16.1245155,2,15.65247584
9.219544457,19.10497317,10.44030651,18.11077028,11.70469991,20.22374842,12.52996409,20.22374842,13.41640786,21.37755833,13.89244399,23.34523506,13.03840481,20.88061302,15.26433752,24.04163056,16.64331698,23.40939982,14.4222051,23.40939982,16.64331698,26.92582404,15.26433752,26.40075756,15.8113883,27.73084925,16.40121947,29.96664813,15,29.06888371,16.1245155,33.12099032,15.26433752,30.88689042,16.1245155,31.38470965,16.64331698,33.12099032,15.26433752,31.38470965,15.65247584,33.61547263,15.26433752,32.24903099,16.1245155,32.24903099,18.86796226,35.35533906,20.80865205,32.64965543,18.35755975,35.84689666
2.828427125,22.36067977,3.16227766,21.37755833,3.16227766,24.51530134,4.123105626,23.08679276,3.605551275,25,4.472135955,26.2488095,3.16227766,27.51363298,3.605551275,26.92582404,5.830951895,28.7923601,5.385164807,29.54657341,5.830951895,34.0147027,5.385164807,32.20248438,5.830951895,33.12099032,3.16227766,35.34119409,3.16227766,35.34119409,2.236067977,38.91015292,3.16227766,36.67424164,2.236067977,39.39543121,1.414213562,40.24922359,2.236067977,39.8246155,2,40.24922359,2.236067977,39.35733731,3,38.48376281,5,42.48529157,5.385164807,41.14608122,5.385164807,44.72135955
13.41640786,16.03121954,13.41640786,17.11724277,13.60147051,20.22374842,13.41640786,18.68154169,15.23154621,21.58703314,15.8113883,22.8035085,16.15549442,23.40939982,16.15549442,24.04163056,17.4642492,24.69817807,17.88854382,25,21.02379604,28.23118843,20.1246118,27.73084925,21.09502311,28.23118843,22.82542442,29.15475947,22.36067977,27.51363298,25.94224354,30.46309242,24.18677324,29.54657341,25.94224354,30.6757233,25.94224354,31.01612484,26.40075756,30.08321791,25.94224354,31.38470965,25.49509757,30.08321791,25.07987241,33.24154028,27.85677655,36.76955262,26.83281573,36.24913792,27.73084925,36.24913792
5.099019514,18.02775638,3.16227766,19.02629759,2,20.22374842,3,21.37755833,1,22.36067977,1,24.51530134,1.414213562,25.70992026,1,26.92582404,2,27.20294102,2.236067977,28.7923601,3,32.57299495,2.828427125,30.08321791,2.828427125,31.95309062,5,32.89376841,5.830951895,34.17601498,5.830951895,35.4682957,7.211102551,36.40054945,6.708203932,36.05551275,7.615773106,37.69615365,7.615773106,37.69615365,8.062257748,37.94733192,7.211102551,36.40054945,6.403124237,38.27531842,6.32455532,43.08131846,6.32455532,42.15447782,6.08276253,42.15447782
15,9.848857802,15.8113883,9.848857802,14.14213562,11.40175425,13.45362405,12.36931688,14.2126704,12.04159458,15,14.14213562,16.40121947,14.14213562,15.8113883,15.03329638,16.64331698,16.03121954,16.64331698,17.02938637,20.24845673,18.02775638,18.86796226,17.2626765,18.60107524,17.11724277,21.09502311,18.11077028,21.47091055,17.02938637,23.70653918,19.10497317,24.18677324,18.02775638,23.76972865,20.22374842,24.16609195,20.22374842,24.16609195,20.22374842,25.63201124,20.09975124,24.69817807,21.21320344,24.69817807,20.39607805,27.51363298,23.76972865,26.57066051,22.56102835,27.85677655,22.13594362
10.81665383,13.03840481,10,16.03121954,10.63014581,15,9.848857802,17.02938637,11.18033989,19.10497317,11.70469991,20.22374842,10.04987562,20.39607805,11.18033989,22.56102835,12.16552506,25.70992026,12,25,13.03840481,29.12043956,12.04159458,28.46049894,12.16552506,29.73213749,11,32.89376841,11.40175425,32.57299495,12.04159458,35.11409973,13.03840481,35.73513677,14.14213562,36.40054945,13.03840481,37.64306045,13,37.33630941,12.04159458,38.60051813,13,40.16217126,15.03329638,39.29376541,16.1245155,43.68065934,16.2788206,42.05948169,15.5241747,42.3792402
16.64331698,16.4924225,14.86606875,18.43908891,17.4642492,15.23154621,15.03329638,14.86606875,20,12.20655562,22.02271555,13.60147051,22.09072203,14.2126704,23.19482701,11.40175425,25.3179778,10.29563014,27.29468813,13.34166406,29.27456234,13.03840481,28.16025568,13.15294644,27.29468813,11.04536102,27.16615541,14.03566885,28.0713377,13.15294644,32.38826948,15.13274595,31.144823,14.14213562,34.13209633,16.2788206,34.13209633,18.43908891,33.24154028,16.2788206,37.33630941,17.11724277,36.12478374,15.29705854,40.60788101,14.31782106,41.43669871,13.34166406,43.93176527,13.34166406,45.89117562,14.14213562
4.123105626,3.16227766,5,4.123105626,3,4.472135955,3.16227766,4.123105626,4.123105626,5,3.16227766,5.099019514,2.236067977,6.32455532,2.236067977,6.08276253,2.236067977,7.071067812,2.236067977,7.071067812,3,8.062257748,1.414213562,7.071067812,1.414213562,8,2.236067977,8,2.236067977,8,2.236067977,9,2.236067977,9.055385138,1,9.055385138,1.414213562,10.19803903,1.414213562,10,1.414213562,10.04987562,2.236067977,11.04536102,1,11.04536102,1.414213562,12.16552506,0,12.16552506,0,12.36931688
16.55294536,5.830951895,17.4642492,3.16227766,20.39607805,2.236067977,20.24845673,5.385164807,26.17250466,5.830951895,24.69817807,2.828427125,24.69817807,3.605551275,28.3019434,8.94427191,27.73084925,4.472135955,26.41968963,8.485281374,28.7923601,6.708203932,30.41381265,5,29.15475947,7.071067812,29.15475947,8.062257748,28.46049894,5.656854249,31.78049716,9.848857802,31.95309062,8.246211251,33.61547263,5.385164807,34.17601498,8.602325267,34.17601498,8.246211251,35.11409973,9.219544457,34.78505426,6.708203932,35.73513677,5,39.56008089,4,38.07886553,3.16227766,39,4
18.78829423,8.246211251,19.6977156,7.280109889,21.9317122,8.544003745,22.82542442,9.219544457,25.49509757,9.055385138,26.41968963,10.04987562,28.3019434,10.04987562,29.15475947,11.18033989,29.68164416,10.44030651,31.90611227,13,36.05551275,14.86606875,31.90611227,15.26433752,31.38470965,15,33.61547263,18.02775638,31.76476035,18.02775638,34.88552709,21.09502311,31.76476035,18.60107524,33.61547263,20.80865205,39,25.94224354,34.92849839,31.78049716,47.80167361,39.56008089,23.43074903,13.45362405,25.94224354,24.69817807,44.59820624,22.84731932,56.04462508,24.69817807,44.01136217,22.84731932
11.04536102,11,12,12.04159458,15.29705854,10.04987562,14.14213562,11.18033989,19.6468827,10.19803903,19.31320792,10.77032961,20.24845673,10.44030651,23.76972865,13.92838828,23.40939982,13.92838828,24.16609195,17.88854382,29.54657341,16.64331698,25.63201124,19.79898987,27.20294102,19.84943324,27.85677655,22.20360331,25.29822128,22.8035085,29.83286778,26.2488095,28.86173938,24.8394847,30.08321791,23.85372088,30.8058436,25.8069758,29.61418579,26.40075756,30.41381265,25.55386468,30.59411708,24.69817807,31.78049716,22.82542442,36.87817783,24.41311123,36.68787266,23.32380758,38.32753579,24.16609195
17.72004515,9.899494937,19.6977156,9.219544457,17.88854382,9.848857802,17.20465053,7.280109889,14.86606875,11.18033989,12.72792206,14,14.56021978,15.03329638,13.34166406,16.03121954,13,16.1245155,13.15294644,19.10497317,18.24828759,22.02271555,17.08800749,20.02498439,18.02775638,24.0208243,21.58703314,23.02172887,21.84032967,22.20360331,25.49509757,28.44292531,23.08679276,26.68332813,24.35159132,27.65863337,26.92582404,29.27456234,25.70992026,28.28427125,26.47640459,32.55764119,25.3179778,32.14031736,25.17935662,35.05709629,27.29468813,37.05401463,25.49509757,36,26.30589288,38.05259518
2.236067977,9,1,7,2.236067977,6,2.828427125,5.099019514,2,5.385164807,1,5.830951895,1.414213562,5,2,5,1,5.656854249,1,4.242640687,2,6.708203932,0,5.656854249,1.414213562,5.830951895,0,6.708203932,0,6.708203932,1,8.062257748,1,7.280109889,0,7.615773106,1,7.280109889,0,8.544003745,0,8.246211251,1,8.062257748,1,9.486832981,1,10.04987562,1,9.219544457,1,10.04987562
9.219544457,15,10,16.2788206,9.219544457,13.45362405,10.44030651,13.60147051,11.40175425,17.20465053,10,13.45362405,10.63014581,12.20655562,12.36931688,12.04159458,12.36931688,14.76482306,14,15.62049935,15,19.20937271,16.1245155,19.20937271,17,20.61552813,17.02938637,24.69817807,17,23.60084744,16.03121954,28.3019434,17.4642492,26.62705391,19.02629759,29.52964612,20.02498439,30.88689042,17.11724277,31.38470965,19.10497317,31.76476035,18.11077028,30.41381265,18,29.15475947,21.09502311,33.24154028,21.09502311,32.89376841,22.09072203,33.24154028
12.20655562,7.071067812,13.60147051,5.830951895,14.76482306,7.615773106,15.26433752,8.062257748,17.08800749,8.246211251,14,12.16552506,16.2788206,11.18033989,18,12.16552506,17,13.34166406,19.10497317,13,24.33105012,14.86606875,19.41648784,16.15549442,22.36067977,14.56021978,26.40075756,14.86606875,25.94224354,16.76305461,31.01612484,18,28.7923601,18.43908891,29.12043956,18.11077028,32.64965543,17.11724277,30.41381265,20.22374842,32.31098884,20.02498439,30.88689042,21.58703314,30.8058436,19,34.17601498,24.0208243,31.78049716,20.22374842,32.89376841,23.08679276
12,14.86606875,15,16.55294536,17.4642492,14.86606875,16.15549442,12.52996409,16.76305461,11.18033989,21.84032967,10.81665383,20.24845673,8.602325267,21.9317122,6.403124237,22.47220505,7.615773106,25.29822128,7.071067812,28.7923601,7,28.16025568,8.544003745,26.57066051,5.830951895,27.20294102,7.615773106,29.83286778,7.211102551,32.57299495,8.94427191,32.01562119,8.94427191,33.24154028,7.211102551,32.28002478,9.433981132,32.75667871,10.63014581,35.17101079,8.485281374,33.52610923,9.219544457,35.90264614,7.071067812,41.76122604,8.602325267,39.05124838,7.211102551,37.85498646,7.211102551
16.1245155,15.8113883,15.03329638,14.86606875,14.14213562,16.1245155,14,18,11.04536102,20.22374842,11.04536102,22.20360331,9.219544457,23.53720459,7.615773106,25.3179778,9.486832981,25.70992026,5,26.68332813,5,31.04834939,2.828427125,29.12043956,4,31.32091953,4,33.52610923,2,32.75667871,5,37.10795063,5,35.17101079,6.32455532,38.32753579,6.708203932,37.36308338,5.656854249,37.10795063,5,38.83297568,3.605551275,37.85498646,3.605551275,39.05124838,5.099019514,44.38468204,2.236067977,41.48493703,3.16227766,44.64302857
14.4222051,9.433981132,15.5241747,10,17.2626765,11.40175425,15.29705854,12.80624847,16,12.04159458,19.10497317,12.80624847,21.21320344,11.40175425,23.34523506,10.63014581,22.13594362,11.66190379,22.56102835,9.433981132,31.04834939,9.486832981,26.92582404,8.246211251,26.2488095,11.40175425,31.6227766,10.04987562,30.3644529,10.04987562,34.20526275,10.04987562,32.57299495,10,32.28002478,12.04159458,35.44009029,12.04159458,33.95585369,11.04536102,35.44009029,12,32.89376841,14,33.73425559,14.03566885,40.02499219,18.11077028,37.33630941,18.43908891,39.84971769,18.43908891
2,5.385164807,5.099019514,4.123105626,1.414213562,8.246211251,6.08276253,7.211102551,5,8.544003745,3,8.062257748,5,10.77032961,2.236067977,9.433981132,2,11.18033989,3.16227766,10,2.236067977,10.29563014,3.16227766,11.18033989,1.414213562,11.18033989,1.414213562,10.77032961,1,13.34166406,2.236067977,12.36931688,1.414213562,12.08304597,1,12.64911064,2.236067977,13.03840481,1.414213562,12.16552506,4.472135955,12.36931688,2,13,3.16227766,13.92838828,2.236067977,14.31782106,1.414213562,14.31782106,1,16.15549442
6.08276253,11.40175425,7.071067812,13.60147051,6.08276253,14.31782106,6.32455532,15.65247584,6.708203932,18.78829423,3,21.47091055,2.236067977,22.36067977,1.414213562,24.18677324,4,23.85372088,2.828427125,25.05992817,5.385164807,28.17800561,5,26.92582404,7.211102551,28.17800561,6.708203932,31.38470965,5.385164807,29.41088234,7.615773106,34.53983208,8.544003745,31.95309062,7.211102551,31.04834939,7.615773106,34.78505426,7.211102551,33.24154028,7.211102551,36.68787266,9.433981132,35.90264614,10.29563014,34.92849839,11.18033989,40.26164428,11.70469991,38.07886553,10.04987562,40.52159918
3.16227766,4.472135955,2,5,3,5.385164807,1.414213562,6.403124237,0,7.211102551,1.414213562,7.810249676,1.414213562,7.615773106,0,7.211102551,1,10.77032961,1,9.433981132,2.236067977,11.70469991,2.236067977,9.486832981,2.828427125,9.848857802,3.16227766,9.848857802,2.828427125,10.44030651,2.236067977,10.44030651,3.605551275,11.40175425,2.828427125,11.18033989,3.605551275,12.64911064,3.16227766,11.18033989,2.236067977,11.40175425,2.236067977,12.36931688,1.414213562,13.60147051,2.236067977,14.31782106,1.414213562,13.60147051,1.414213562,14.31782106
6.708203932,13.15294644,7.211102551,15.5241747,6.403124237,16.15549442,9.219544457,17.88854382,9.848857802,17.88854382,8.94427191,20.59126028,9.848857802,23.2594067,9.055385138,24.59674775,9.219544457,25.94224354,7.071067812,28.17800561,10,30.87069808,9.219544457,29.15475947,12.36931688,29.06888371,9.848857802,31.78049716,9.486832981,32.31098884,9.848857802,35.84689666,13,34.53983208,11.70469991,33.83784863,12.36931688,35.11409973,10.77032961,35.17101079,13.92838828,37,15.5241747,35.44009029,17.11724277,36.40054945,18.02775638,41.48493703,20.02498439,39.84971769,19.10497317,42.05948169
10.04987562,7.615773106,9.219544457,6.32455532,9.055385138,8.246211251,9,11.18033989,10.04987562,12.04159458,11.40175425,14.14213562,12.36931688,14.03566885,14.56021978,15.5241747,16.4924225,16.76305461,17.08800749,16.03121954,22.84731932,17.2626765,21.9544984,17.72004515,22.36067977,18.02775638,24.69817807,20.02498439,25.07987241,19.02629759,27.31300057,19.02629759,27.85677655,19.02629759,30.08321791,20.02498439,29.73213749,20,29.73213749,21.02379604,29.73213749,23.02172887,30.6757233,22.02271555,31.6227766,22.09072203,33.24154028,28.01785145,32.984845,26.30589288,34.20526275,27.29468813
3.16227766,3.16227766,2.236067977,2.236067977,4.123105626,3.16227766,3,3.16227766,3,3.16227766,5,4,4,5,5.099019514,4.123105626,6.08276253,4,5,4.472135955,7.280109889,7.280109889,5.099019514,5.385164807,6.08276253,5.385164807,6.08276253,6.32455532,6.08276253,7.280109889,6.08276253,7.615773106,7,6.708203932,8.062257748,7.615773106,7.071067812,6.708203932,8,7.615773106,8.062257748,7.280109889,8,7.615773106,8,7.280109889,10.19803903,8.246211251,10.04987562,7.615773106,10.19803903,9.486832981
1.414213562,5.830951895,1,5,1,5.099019514,2,7,1,6.08276253,1.414213562,7.071067812,1,6.08276253,2,4.472135955,5.099019514,8.062257748,9.486832981,6.32455532,3.16227766,6.32455532,4.472135955,8.544003745,4.472135955,7.280109889,5,7.280109889,4.123105626,6.32455532,7.211102551,9.433981132,5,9.848857802,5.385164807,10.44030651,7.615773106,10.29563014,6.32455532,8.544003745,8.062257748,8.94427191,6.32455532,9.433981132,8,8.062257748,10,10.29563014,10,9.433981132,10.19803903,10
3.605551275,17.02938637,5,16.1245155,2.236067977,17.11724277,1,18.02775638,1,20.22374842,1,22.36067977,1,21.37755833,2.236067977,22.56102835,1.414213562,23.08679276,2.236067977,26.2488095,2,28.46049894,2,27.31300057,1,28.63564213,1.414213562,31.01612484,1,29.15475947,2.236067977,33.54101966,1.414213562,34,1.414213562,34.92849839,2.236067977,34.92849839,4.123105626,34.43835072,4.123105626,35.34119409,3.16227766,34.92849839,3,36.24913792,2,41.23105626,3.16227766,39,2.236067977,39
18.97366596,8.94427191,19.92485885,10,21.1896201,11.18033989,18.97366596,12.08304597,19.92485885,13.41640786,21.84032967,13.60147051,23.40939982,12.80624847,22.84731932,14.4222051,23.2594067,15.8113883,23.2594067,15,27.73084925,18.43908891,25.94224354,16.40121947,27.29468813,17.20465053,28.65309756,18.02775638,29.15475947,15.8113883,32.75667871,17,31.38470965,17.49285568,33.61547263,17.88854382,33.61547263,17.49285568,32.75667871,17.4642492,34.4818793,17.4642492,33.83784863,17.72004515,33.61547263,17.72004515,36.7151195,20.61552813,35.84689666,21.02379604,36.7151195,20.61552813
13.60147051,19.72308292,13,20.80865205,12.64911064,22.47220505,11.70469991,20.80865205,11.70469991,22.47220505,13,21.63330765,13.92838828,22.20360331,11.70469991,23.02172887,13,24.41311123,12.64911064,25.23885893,15.23154621,27.80287755,13.41640786,26.2488095,13.89244399,28.42534081,14.76482306,28.60069929,16.1245155,27.20294102,17.20465053,32.20248438,17.20465053,28.60069929,17.20465053,30.23243292,18.43908891,31.40063694,17.69180601,30,19.84943324,29.68164416,17.69180601,29.15475947,17.69180601,30.01666204,17.69180601,35.51056181,19.10497317,32.64965543,19.10497317,34.4818793
6.403124237,20.61552813,8.94427191,23.85372088,8.485281374,23.85372088,4.472135955,20.80865205,5.656854249,20.24845673,3.16227766,20.80865205,3.16227766,23.32380758,3.16227766,24.18677324,2.236067977,26.07680962,1.414213562,25.55386468,3.16227766,28.60069929,4.123105626,29.41088234,2.828427125,29.20616373,2,30.23243292,5.385164807,32.44996148,4.472135955,34.40930107,5,33.61547263,5.830951895,34.4818793,6.403124237,33.01514804,8.544003745,35.22782991,6.32455532,35.84689666,6.708203932,37.21558813,7,37.12142239,7.280109889,41.14608122,9.486832981,41.14608122,7.211102551,42.54409477
14.86606875,9.848857802,17.4642492,7.071067812,15.13274595,7.280109889,18.02775638,10.81665383,17.11724277,7.211102551,18.11077028,7.071067812,18.68154169,8.062257748,16.76305461,12.36931688,18.68154169,10,20.88061302,11.04536102,23.08679276,14.14213562,21.02379604,12.16552506,25.63201124,12.04159458,26.57066051,15.13274595,28.63564213,14.56021978,32.69556545,16.2788206,32.64965543,14.14213562,35.11409973,16.1245155,37.12142239,18.24828759,35.84689666,15,38.91015292,18.02775638,38.27531842,18,38.89730068,19.10497317,41.76122604,21.09502311,41.78516483,21.09502311,43.96589587,20.02498439
15.29705854,2,16.76305461,2,18.24828759,2.236067977,17.11724277,4.472135955,21.02379604,2,21.02379604,2.828427125,21.02379604,2.236067977,23.19482701,3.16227766,25,4.242640687,24.51530134,1,29.12043956,2.236067977,29.73213749,2.236067977,29.73213749,3.16227766,34.20526275,1,30.6757233,2.236067977,37.64306045,0,34.53983208,3.16227766,37.64306045,2.236067977,39.92492956,4.242640687,39.2173431,3.605551275,41.10960958,4.472135955,42.05948169,5,40.26164428,6.08276253,45.88027899,6.32455532,47.12748667,5.830951895,50.59644256,5
5.830951895,19.6468827,7.211102551,18.97366596,8.062257748,19.92485885,9.848857802,19.72308292,10,20.61552813,10.29563014,22.47220505,9.219544457,21.9317122,11.66190379,23.40939982,13.41640786,24.69817807,12.52996409,26.40075756,14.76482306,30.46309242,15.26433752,26.41968963,15.65247584,29.68164416,16.15549442,31.38470965,13.03840481,33.12099032,14.31782106,36.7151195,15.5241747,34.98571137,15.8113883,35.77708764,14.86606875,35.77708764,16.2788206,39.44616585,17.11724277,40.70626487,17.11724277,38.01315562,17.02938637,38.48376281,22.36067977,43.38202393,20.22374842,44.77722635,21.37755833,46.09772229
24.20743687,5.830951895,21.63330765,6.708203932,21.40093456,10,19.10497317,9.433981132,17.80449381,9.433981132,18.60107524,10.77032961,20,11.70469991,17.49285568,13,19.72308292,12.04159458,22.36067977,13,23.70653918,16.2788206,22.36067977,15.03329638,24.18677324,16.2788206,25.05992817,15.8113883,26.41968963,16.2788206,27.73084925,17.4642492,28.63564213,17.72004515,29.52964612,18.43908891,32.24903099,19.23538406,29.06888371,22.36067977,34,21.02379604,32.24903099,21.21320344,31.76476035,22.56102835,34.43835072,25.70992026,34.0147027,24.51530134,36.40054945,23.53720459
12.64911064,22.02271555,12.36931688,22.6715681,14.86606875,22.20360331,13.41640786,19.72308292,11.66190379,20.1246118,9.219544457,22.36067977,10.81665383,22.13594362,9.433981132,23.40939982,9.848857802,22.13594362,9,26.92582404,9,28.16025568,10.19803903,26.68332813,10.04987562,29.15475947,9.486832981,30.6757233,10.19803903,33.83784863,10.19803903,34.53983208,10.44030651,34.43835072,11.70469991,35.11409973,11.18033989,35.77708764,11.04536102,36.35931793,11.04536102,38.48376281,12.16552506,41.23105626,15,40.31128874,16.1245155,46.81879964,15.13274595,44.38468204,14.03566885,48.10405388
26.17250466,17.20465053,26.90724809,15.62049935,26.90724809,15.55634919,26.17250466,13.45362405,25,14.86606875,26.2488095,14.14213562,25.8069758,12.04159458,23.60084744,13.60147051,23.02172887,12.20655562,23.85372088,16.2788206,26.41968963,18.43908891,24.18677324,15.55634919,24.41311123,16.97056275,24.69817807,18.43908891,25,16.2788206,26.62705391,19.10497317,26.40075756,19.10497317,28.3019434,19.84943324,29.83286778,19.84943324,29.06888371,20.51828453,29.83286778,18.43908891,31.144823,19.20937271,27.80287755,20.80865205,32.80243893,22.47220505,31.2409987,23.2594067,35,23.2594067
3.16227766,11.66190379,2.236067977,8.602325267,5.099019514,8.485281374,3.16227766,10.81665383,5.385164807,10,1.414213562,10,2.236067977,10.81665383,3.16227766,9.899494937,3,7.071067812,2,10.63014581,3.16227766,12.04159458,2,10,2.236067977,9.219544457,2,9.219544457,4,10.63014581,1.414213562,12.20655562,1.414213562,9.899494937,1,9.899494937,0,10,1,10.63014581,1,10.63014581,1,10.63014581,1,9.219544457,1,12.04159458,1,10.63014581,2,12.80624847
60.14149982,37.33630941,67.26812024,32.55764119,66.52818951,37.85498646,64.35060217,32.69556545,58,31.95309062,60.14149982,35.60898763,63.78087488,26.2488095,48.02082881,27.58622845,83.76156637,37.21558813,71.86793444,43.60045871,60.10823571,35.80502758,55.1724569,27.65863337,57.28001397,32.01562119,55.15432893,38.27531842,57.48912941,31.89043744,54.45181356,34.4818793,53.81449619,32.55764119,60.30754513,34.20526275,64.20280368,37.48332963,61.58733636,41.86884283,62.00806399,39.11521443,60,45.607017,63.00793601,45.31004304,74.40430095,54.12947441,68.8839604,46.4865572,66.06814664,50.59644256
1,7.810249676,2,6.403124237,1,8.062257748,1,8.485281374,1,8.602325267,1,6.403124237,0,5.656854249,1,6.403124237,1,7.211102551,1,5.656854249,1,6.403124237,1,6.403124237,0,7.071067812,0,7.071067812,1,7.071067812,0,7.810249676,1,8.485281374,2.236067977,7.071067812,2.236067977,9.219544457,2.236067977,8.485281374,3,7.810249676,2.236067977,8.602325267,1,9.433981132,2.236067977,10,2.236067977,10.29563014,3.16227766,11.66190379
23.32380758,14.4222051,27.01851217,15.23154621,26.87005769,14.56021978,18.86796226,11,22.6715681,14.31782106,19.10497317,14.56021978,15.8113883,18.43908891,18.60107524,14.4222051,16.40121947,17.2626765,19.31320792,20.39607805,20.61552813,21.54065923,18.97366596,24.18677324,18.60107524,25.05992817,20.24845673,23.2594067,21.9544984,23.32380758,23.85372088,25.05992817,24.20743687,24.18677324,25.05992817,30.23243292,24.69817807,26.41968963,26.90724809,29.54657341,29.68164416,35.35533906,29.15475947,31.38470965,28.3019434,31.78049716,32.20248438,35.4682957,33.28663395,37.33630941,31.38470965,38.27531842
20.51828453,19.23538406,19.20937271,14.31782106,17.80449381,17.2626765,18.43908891,17.11724277,14.4222051,17.2626765,14.76482306,19.6977156,15.65247584,20.88061302,13.60147051,22.13594362,15.5241747,20.61552813,16.2788206,23.76972865,16.2788206,25.07987241,15.8113883,25.05992817,17.4642492,25.55386468,19.31320792,27.78488798,18.86796226,29.41088234,18.97366596,28.8444102,21.47091055,28.60069929,21.1896201,31.06444913,21.9544984,33.28663395,22.47220505,32.20248438,25.94224354,34.13209633,23.32380758,33.12099032,24.69817807,33.10589071,29.06888371,40.71854614,28.65309756,36.67424164,28.65309756,39
27.45906044,7.615773106,29.54657341,9.433981132,26.40075756,7.071067812,24.59674775,6.403124237,26.92582404,6.403124237,25.05992817,6.08276253,27.31300057,5.099019514,27.73084925,6,26.41968963,4,28.17800561,4.123105626,34.4818793,5.385164807,30.8058436,4.472135955,34.66987165,6.403124237,34.40930107,6.403124237,33.83784863,6.32455532,36.61966685,5,37.20215048,5.099019514,38.83297568,6,39.20459157,7.071067812,39.20459157,4.123105626,40.22437072,5.830951895,40,6.403124237,41.0487515,4.472135955,45.79301257,5.385164807,44.41846463,5.830951895,47.4341649,5
5,28.8444102,7.071067812,29.15475947,5,30.01666204,3.605551275,27.29468813,4.123105626,28.63564213,4.123105626,27.73084925,7.280109889,28.23118843,2.828427125,26.83281573,5.385164807,27.78488798,7.071067812,28.65309756,7.810249676,32.75667871,6.403124237,33.28663395,7.071067812,34.13209633,6.708203932,33.83784863,8.062257748,35,8.544003745,38.60051813,7.615773106,35.60898763,7.615773106,37.44329045,6.708203932,37.53664876,6.08276253,39.05124838,5.099019514,40.80441153,6.32455532,38.60051813,2.828427125,40,3.605551275,42.43819035,3.605551275,44.40720662,5,45.48626166
18.43908891,15.8113883,20.80865205,15.26433752,18.60107524,15.8113883,16.40121947,17,19.31320792,17.4642492,16.55294536,17.88854382,17.08800749,15.26433752,17.4642492,17.49285568,15.65247584,18.02775638,15.8113883,18.02775638,15.8113883,18.60107524,15.23154621,19.84943324,17.08800749,22.02271555,18.38477631,21.26029163,18.86796226,21.9317122,19.23538406,21.9317122,19.41648784,22.02271555,18.86796226,21.9317122,20.80865205,22.8035085,19.84943324,22.627417,20,23.34523506,20.61552813,21.21320344,18.43908891,22.02271555,21.9317122,24.20743687,21.9317122,25.61249695,23.34523506,26.92582404
26.40075756,11.40175425,24.8394847,13,25.8069758,12.08304597,23.34523506,11.66190379,24.18677324,11.66190379,24.18677324,11.66190379,25.05992817,12.08304597,23.70653918,10.63014581,23.70653918,12.80624847,20.59126028,12.72792206,23.70653918,16.2788206,22.36067977,17.02938637,21.9544984,16.40121947,25.49509757,17.02938637,26.62705391,17.02938637,25.94224354,18.43908891,27.20294102,16.40121947,26.62705391,16.2788206,31.38470965,19.41648784,29.06888371,17.20465053,28.31960452,16.97056275,28.42534081,16.2788206,29.83286778,17.02938637,29.83286778,20.80865205,32.52691193,18.60107524,32.01562119,19.41648784
29.20616373,2,29.41088234,3.16227766,26.92582404,3.16227766,24.69817807,2.236067977,25.94224354,1,26.41968963,1,26.41968963,1,25.05992817,2.236067977,25.55386468,3.16227766,27.73084925,5.830951895,29.52964612,7.071067812,27.78488798,6.708203932,29.41088234,7,30.23243292,7.280109889,31.40063694,6.08276253,33.60059523,6.08276253,32.64965543,4.123105626,33.01514804,5.099019514,33.42154993,5,31.89043744,4,34.05877273,3.16227766,33.24154028,2.828427125,32.64965543,4.472135955,37.01351105,5.830951895,35.38361203,6.32455532,36.23534186,5.099019514
18.78829423,23.34523506,15.8113883,26.2488095,15.23154621,21.63330765,13.92838828,21.9317122,17.08800749,19.41648784,17.4642492,17.20465053,21.54065923,22.20360331,21.1896201,18.86796226,10.81665383,7.280109889,25.07987241,9.899494937,27.29468813,15.8113883,26.07680962,14.4222051,23.60084744,18.35755975,25.49509757,21.09502311,26.40075756,15.26433752,26.40075756,21.40093456,25.61249695,20,28.01785145,19.20937271,29,21.9317122,24.41311123,19.84943324,24.69817807,21.9317122,26.62705391,17.80449381,25.23885893,19.84943324,31.38470965,22.20360331,30.8058436,19.72308292,33.12099032,20
29.06888371,10.81665383,29,11.66190379,26.40075756,9.486832981,26.62705391,9.486832981,26.07680962,8.544003745,24.69817807,10.77032961,21.9544984,9.433981132,23.70653918,11.66190379,23.2594067,13.92838828,21.02379604,13.41640786,25.49509757,15.8113883,24.16609195,16.97056275,25.94224354,16.97056275,26.40075756,16.2788206,28.17800561,16.40121947,30.01666204,16.97056275,30.52867504,17.69180601,31.06444913,17.02938637,32.44996148,18.60107524,30.47950131,17.02938637,30,14.14213562,31.89043744,16.2788206,30.61045573,17.20465053,35,19.41648784,34.05877273,18.86796226,35.60898763,19.72308292
29,8.485281374,27.65863337,6.403124237,26.2488095,8.062257748,25.61249695,5,24.20743687,7.810249676,24.69817807,6.403124237,23.70653918,7.071067812,23.32380758,7.615773106,20,9.219544457,21.09502311,12.04159458,25.55386468,13.03840481,25.05992817,14.2126704,27.45906044,13.60147051,27.78488798,14.4222051,28.8444102,13.89244399,32.20248438,12.20655562,29.20616373,13.60147051,30.23243292,12.52996409,32.20248438,15.26433752,31.82766093,11.3137085,32.64965543,10.81665383,31.2409987,10.81665383,31.2409987,14.86606875,34.71310992,15.65247584,32.64965543,16.55294536,34.05877273,15.26433752
26.2488095,20.51828453,25.8069758,16.97056275,23.43074903,18.86796226,21.63330765,19.79898987,21.9317122,20.80865205,19.41648784,19.41648784,19.72308292,19.84943324,17.4642492,20,18.02775638,19.10497317,19.92485885,21.26029163,19.6468827,24.04163056,18.68154169,26.2488095,17.72004515,26.17250466,21.9317122,29,19.6977156,25.61249695,25.07987241,27.65863337,22.82542442,26.90724809,25.94224354,26.17250466,24.69817807,29.83286778,26.07680962,28.31960452,27.20294102,27.58622845,25.8069758,25.45584412,24.20743687,28.01785145,28.60069929,29.20616373,31.2409987,28.60069929,31.40063694,30.52867504
7.071067812,27.78488798,5,26.92582404,7.071067812,26.40075756,5.830951895,24.41311123,3.16227766,24.69817807,5.099019514,26.40075756,4.123105626,26.40075756,4.472135955,24.59674775,6.08276253,25.07987241,7.810249676,27.31300057,8,28.65309756,8.062257748,31.06444913,9.055385138,32.01562119,7.615773106,33.60059523,8.062257748,31.40063694,9.433981132,37.64306045,5.830951895,36.12478374,6.08276253,36.23534186,4.123105626,38.20994635,3.16227766,38.89730068,3,38.20994635,1.414213562,36.12478374,4.123105626,38.28837944,3,38.83297568,3.605551275,41.40048309,4.242640687,41.77319715
23.2594067,8.246211251,24.16609195,7.211102551,25.49509757,6.32455532,24.59674775,9.486832981,25.07987241,11.40175425,25.55386468,11.66190379,27.45906044,10.81665383,28.01785145,12.20655562,28.01785145,12.20655562,29.41088234,14.2126704,32.20248438,14.4222051,29.83286778,12.20655562,32.52691193,12.72792206,34.05877273,12.80624847,35.4682957,12.04159458,37.48332963,10.63014581,34.71310992,12.20655562,35.60898763,13.41640786,37.53664876,13.03840481,38.20994635,12.08304597,38.60051813,13.34166406,36.23534186,13.60147051,35.60898763,14.31782106,40,16.2788206,40.60788101,16.2788206,41.61730409,17.2626765
8.94427191,5.830951895,10.29563014,6.403124237,9.848857802,7.211102551,8.602325267,8.602325267,9.433981132,7.211102551,10.81665383,7.810249676,10.81665383,6.403124237,10,7.810249676,10,7.810249676,12.04159458,7.810249676,12.04159458,7.810249676,12.72792206,7.810249676,12.72792206,8.485281374,13.45362405,7.810249676,12.72792206,8.485281374,14.14213562,7.810249676,13.45362405,8.062257748,13.45362405,8.062257748,13.45362405,8.602325267,13.45362405,8.94427191,13.45362405,8.544003745,12.72792206,7.615773106,13.45362405,8.544003745,14.2126704,9.848857802,14.86606875,10.44030651,14.2126704,9.848857802
1.414213562,11.3137085,1,12.04159458,3.605551275,11.40175425,2.236067977,10,3.16227766,13.03840481,2.236067977,9.219544457,3.16227766,10.81665383,5,12.72792206,3.605551275,7.071067812,7.211102551,6.403124237,5.385164807,12.72792206,5.830951895,11.40175425,5.385164807,12.04159458,4.242640687,11.40175425,5.385164807,11.3137085,6.08276253,11.40175425,4.123105626,13.45362405,4.472135955,11.40175425,4.123105626,12.80624847,5.099019514,11.3137085,5.099019514,11.3137085,3.16227766,12.80624847,6.08276253,11.3137085,6.08276253,12.04159458,6.32455532,14.86606875,8.062257748,13.45362405
23.34523506,18.78829423,21.9317122,18.78829423,21.40093456,17,21.40093456,16.15549442,22.8035085,15.5241747,22.20360331,16.55294536,21.9317122,17.08800749,23.60084744,13.89244399,25.61249695,25.49509757,28.01785145,29.27456234,29.20616373,20.88061302,27.58622845,18.02775638,28.31960452,14.56021978,26.17250466,18.02775638,29,19.72308292,30.41381265,19.6977156,30.47950131,20,27.58622845,20.24845673,28.31960452,20.80865205,31.144823,23.02172887,30.41381265,22.6715681,25.49509757,22.6715681,28.31960452,22.627417,31.2409987,25.45584412,29.83286778,23.43074903,33.61547263,22.6715681
15,18.68154169,11.66190379,18.38477631,7.810249676,19.23538406,5.830951895,22.36067977,7.615773106,20.39607805,7.211102551,23.43074903,7,21.9317122,6.708203932,23.08679276,3.16227766,21.9317122,8.602325267,28.17800561,9.486832981,28.8444102,7.810249676,33.30165161,7.071067812,31.2409987,8.485281374,31.2409987,7.071067812,28.65309756,8.062257748,33.9705755,4.123105626,36.06937759,5.656854249,33.01514804,7.810249676,35.38361203,8.544003745,34.6554469,5.830951895,34.20526275,10.04987562,33.9705755,11,32.24903099,11,38.07886553,12.04159458,36.35931793,10,36.23534186
17,24.41311123,18.02775638,23.85372088,16.40121947,20.24845673,17.20465053,20.61552813,18.86796226,20.24845673,18.86796226,21.63330765,20,18.86796226,20.80865205,20,20.80865205,19.20937271,22.6715681,19.20937271,26.07680962,19.79898987,28.01785145,19.84943324,25.8069758,21.9317122,24.20743687,22.6715681,26.2488095,24.75883681,25,25.61249695,22.8035085,27.01851217,24.75883681,24.08318916,26.2488095,26.40075756,24.75883681,25.8069758,24.08318916,27.45906044,22.8035085,27.29468813,24.18677324,26.92582404,26.83281573,27.29468813,28.17800561,26.83281573,28.7923601,26.62705391
7.615773106,1.414213562,9.433981132,0,8.94427191,1.414213562,8.062257748,2.236067977,7.810249676,1,8.602325267,2.828427125,10.29563014,3.605551275,7.071067812,3.16227766,7.071067812,2.828427125,13.03840481,8.062257748,7.615773106,3.16227766,9.219544457,5.830951895,11.3137085,4.472135955,12.80624847,3.16227766,10.63014581,3,12.80624847,3.605551275,11.40175425,3.605551275,12.20655562,5,10.63014581,4.123105626,10.63014581,6.08276253,11.3137085,4,10.81665383,4.123105626,12.04159458,6,11.3137085,6.08276253,12.04159458,8,12.04159458,6
15.8113883,12.04159458,15.13274595,15.8113883,14.31782106,12.08304597,14.03566885,13.03840481,10.19803903,16.2788206,6.708203932,22.02271555,9.848857802,21.37755833,4.472135955,22.02271555,5,19.41648784,3.16227766,27.45906044,3,24.73863375,5.385164807,29.61418579,3.16227766,31.40063694,7,32.55764119,10.44030651,36.67424164,8.602325267,34.4818793,8,37.48332963,9.486832981,38.32753579,11.18033989,40.52159918,12.08304597,41.77319715,10.44030651,44.72135955,10.77032961,43.73785546,9.848857802,51.0881591,10.63014581,50.48762225,9.433981132,52.08646657,10.44030651,0
27.45906044,24.33105012,25.3179778,25.3179778,24.73863375,25.49509757,22.36067977,28.0713377,22,24.0208243,20.02498439,22.09072203,19,25.07987241,17.11724277,23.08679276,17.02938637,20.61552813,15.13274595,23.2594067,13.15294644,21.09502311,13.03840481,21.9317122,14.03566885,23.85372088,13.15294644,21.40093456,10.77032961,20.51828453,14.03566885,22.627417,12.52996409,21.63330765,13,22.47220505,11.70469991,24.41311123,13.89244399,22.36067977,13.03840481,24.59674775,15.26433752,26.41968963,13.45362405,25.29822128,15,31.04834939,17.02938637,26.92582404,14.4222051,31.95309062
4.123105626,36.24913792,1.414213562,37,2.236067977,37.94733192,1,35.44009029,3.605551275,33.83784863,4.472135955,32.28002478,5,32.01562119,5.385164807,28.63564213,6.708203932,27.45906044,8.062257748,26.92582404,8.544003745,27.65863337,11.66190379,26.30589288,10.44030651,25.3179778,11.40175425,22.56102835,12.16552506,23.19482701,13.60147051,22.20360331,14.14213562,21.09502311,16.03121954,20.09975124,16.1245155,22.20360331,15.03329638,21.02379604,16.03121954,20,16.1245155,21.02379604,19.02629759,17.11724277,20,18.43908891,21.09502311,18.68154169,21.09502311,17.72004515
37.58989226,15.29705854,38.91015292,13.34166406,37.16180835,11.40175425,37.69615365,9.848857802,34.17601498,8.062257748,34.17601498,9.219544457,32.57299495,7.810249676,30.3644529,8.602325267,28.16025568,11.18033989,28.16025568,10.29563014,30.3644529,12.08304597,29.12043956,13.34166406,28.86173938,13.34166406,28.16025568,14.31782106,23.76972865,13.15294644,26.92582404,15.5241747,23.76972865,15.29705854,21.84032967,18.24828759,24.73863375,17.2626765,23.34523506,17.2626765,22.56102835,19.10497317,21.37755833,18.11077028,18.11077028,19.10497317,21.02379604,22.09072203,20.09975124,23.08679276,20.09975124,24.18677324
29.54657341,17.11724277,30.6757233,16.4924225,31.38470965,14.86606875,30.6757233,13.03840481,27.51363298,11.40175425,28.86173938,12.04159458,28.16025568,11.3137085,26.92582404,10.29563014,25.70992026,10.77032961,21.84032967,13.89244399,23.76972865,14.76482306,24.04163056,15.23154621,22.8035085,15.5241747,21.1896201,15.8113883,19.31320792,17.72004515,21.54065923,18.43908891,20.24845673,18.02775638,18.38477631,19.41648784,21.02379604,19.41648784,20.24845673,18.43908891,21.47091055,21.37755833,18.97366596,20.39607805,18.02775638,22.36067977,17.4642492,24.33105012,15.8113883,24.08318916,17.08800749,27.45906044
31.32091953,5.385164807,31.40063694,5.656854249,29.83286778,3.605551275,28.63564213,4,26.47640459,7.280109889,27.65863337,11.04536102,25.3179778,11.70469991,23.34523506,12.36931688,20.39607805,10.44030651,20.59126028,13.34166406,20.88061302,18.68154169,21.1896201,16.1245155,21.1896201,21.09502311,19.31320792,20.02498439,17.4642492,18.02775638,18.02775638,21.02379604,18.38477631,24.08318916,16.55294536,24,17.49285568,23.08679276,16.64331698,25.01999201,18.02775638,27,16.64331698,26,16.64331698,27.01851217,16.64331698,32.06243908,15.55634919,31.06444913,15.55634919,35.05709629
7.810249676,27.07397274,9.219544457,29.06888371,12.72792206,26,12.72792206,24.0208243,13.60147051,22.20360331,18.02775638,23.08679276,20.61552813,19.41648784,19.31320792,16.1245155,21.84032967,15.5241747,22.09072203,11.18033989,25.3179778,14.14213562,23.08679276,13,27.16615541,13.60147051,31.06444913,12.36931688,27.07397274,11.70469991,32.24903099,11.04536102,30.06659276,13,33.01514804,12.64911064,35.0142828,11.18033989,35,14.56021978,38.11823711,10.44030651,37.05401463,11.66190379,39.11521443,11.3137085,43.0464865,12.04159458,45,11.66190379,46.09772229,8.602325267
21.02379604,8.485281374,21,9.486832981,24.0208243,11.40175425,25.07987241,10.19803903,19.23538406,11.18033989,21.84032967,16.03121954,17.88854382,13.03840481,19.72308292,15.29705854,15.23154621,15.29705854,14.76482306,16,16.2788206,19,14.86606875,20.22374842,13.60147051,17,18.02775638,22.02271555,14.31782106,22,19.31320792,26.01922366,17.49285568,24.08318916,14.86606875,26.01922366,18.68154169,25.07987241,15.5241747,28,16.1245155,30.01666204,16.15549442,31.01612484,16.4924225,35.05709629,16.4924225,41.0487515,13.03840481,41.0487515,15.13274595,39.3192065
7.071067812,23.08679276,9.899494937,20.88061302,8.94427191,21.9317122,10.19803903,25,11.04536102,19.6977156,14.31782106,19.92485885,14.14213562,19.31320792,18.02775638,17.4642492,14.03566885,15.8113883,16.1245155,13.89244399,21.21320344,13.60147051,19.10497317,10.63014581,21.09502311,12.72792206,23,9.433981132,21.02379604,10.63014581,26.01922366,10,24,12.52996409,27.01851217,12.64911064,26.01922366,10.77032961,25.17935662,13.60147051,30.06659276,15.65247584,29.01723626,18.43908891,31,19.41648784,31.01612484,25.70992026,33.06055051,22.36067977,33.13608305,24.04163056
20.1246118,12.04159458,21.47091055,13.92838828,19.6977156,10.19803903,23.85372088,8.544003745,20.61552813,10,23.43074903,12.04159458,23.34523506,11.18033989,21.9317122,12.08304597,21.9317122,12.04159458,20.24845673,14.03566885,23.60084744,17,20.1246118,15.65247584,20.61552813,13.60147051,20.24845673,16.03121954,21.1896201,16,24.35159132,18.11077028,21.84032967,16.03121954,26.30589288,18,30.08321791,18.43908891,31.06444913,16.1245155,31.40063694,18.43908891,31.40063694,17,38.47076812,16.76305461,43.56604182,18.68154169,43.18564576,18.11077028,44.14748011,21.09502311
18.68154169,13.89244399,14.56021978,16.1245155,16.15549442,15.65247584,15.5241747,18.38477631,12.52996409,16.64331698,12.64911064,17.69180601,14.14213562,21.26029163,8.246211251,19.79898987,7.280109889,17,9.219544457,20.59126028,8,23.2594067,7.071067812,23.2594067,5,20.61552813,7.280109889,22.8035085,5,20.39607805,4.472135955,24.51530134,4.472135955,25.3179778,5,29.27456234,7.211102551,29.15475947,8.602325267,31.144823,8.94427191,32.01562119,12.52996409,33.24154028,12.36931688,34.23448554,18.24828759,40,20.61552813,38.63935817,16.15549442,43.01162634
18.24828759,7.280109889,20.22374842,6.32455532,18.43908891,9.486832981,18.24828759,8.062257748,16.55294536,12.04159458,17.08800749,17.11724277,15.5241747,13.15294644,14.4222051,17.11724277,8.062257748,18.02775638,7,16.4924225,8.485281374,25.01999201,6.708203932,23.53720459,6.08276253,23.76972865,10.04987562,27,12,25.96150997,12,28.0713377,13.60147051,29.01723626,16.03121954,31.144823,15.29705854,34.525353,18.43908891,35,19.02629759,40.01249805,20.22374842,35.12833614,22.8035085,36.22154055,28.01785145,43.01162634,30.14962686,46.17358552,28.28427125,47.01063709
6.708203932,14.2126704,5.656854249,9.219544457,8,9.848857802,8,8.544003745,8.062257748,9.433981132,10.44030651,8.602325267,13,5.385164807,14.86606875,9.219544457,16.1245155,9.486832981,17.49285568,1.414213562,24.16609195,4.123105626,24.59674775,3.605551275,20.24845673,4.242640687,24.16609195,7.810249676,24.16609195,9.486832981,29.83286778,9.433981132,30.59411708,9.848857802,34.13209633,10,33.73425559,14.56021978,35.12833614,14.31782106,39.05124838,15.5241747,38.11823711,15.23154621,42.19004622,11.04536102,51.0881591,13,51,15.03329638,53.08483776,11.18033989
5.099019514,14.03566885,1,12.16552506,6.708203932,16.1245155,4.123105626,17.2626765,8.246211251,11,7.615773106,13.03840481,5.385164807,13.60147051,11.18033989,15.29705854,9.433981132,17.88854382,12.20655562,23.32380758,9.219544457,22.20360331,8.602325267,25.55386468,12.52996409,21.9317122,10.77032961,28.60069929,7.615773106,26.92582404,12.36931688,28.60069929,12,31.82766093,17.11724277,32.01562119,16,33.60059523,19.92485885,29.41088234,21.58703314,32.75667871,24.69817807,30.88689042,23.08679276,33.54101966,27.65863337,37.58989226,26.68332813,36.76955262,29.42787794,39.2173431
13.15294644,10.77032961,12.04159458,10.29563014,11.18033989,10.81665383,9,12.20655562,10.04987562,14.4222051,9.219544457,17.80449381,10,18.43908891,8.94427191,17.20465053,7.280109889,19.10497317,7.071067812,19.84943324,8.485281374,26.62705391,9.433981132,23.34523506,8.062257748,24.08318916,8.062257748,27.20294102,13,27.65863337,16.76305461,31.40063694,16.4924225,29.68164416,17,31.30495168,15.13274595,33.54101966,17.02938637,33.10589071,16.1245155,35.4682957,19.10497317,33.83784863,17.4642492,35.17101079,19.6468827,41.48493703,18.68154169,39.29376541,16.4924225,45.12205669
4.242640687,18.78829423,5,20.61552813,5,16.4924225,10.19803903,17.72004515,8.062257748,17.88854382,9.848857802,17.20465053,11.40175425,21.40093456,10,20.24845673,11.40175425,18.35755975,10.81665383,20.61552813,15.62049935,26.90724809,13.45362405,28.28427125,12.08304597,29,15.8113883,26.90724809,13.89244399,25.61249695,17,32.55764119,16.1245155,33.01514804,22.36067977,26.87005769,21.37755833,32.01562119,23.08679276,32.64965543,23.08679276,31.144823,27.07397274,32.01562119,27.16615541,28.31960452,34.05877273,33.24154028,31.25699922,32.52691193,36.22154055,31.6227766
16.40121947,16.1245155,18.43908891,16.03121954,17.02938637,12.04159458,20,12.16552506,20.61552813,11.18033989,24.04163056,13.60147051,20.61552813,12.16552506,25.23885893,8.062257748,27.58622845,11.18033989,23.60084744,11.18033989,31.82766093,13.60147051,30.47950131,9.219544457,30.47950131,11.18033989,27.58622845,14.4222051,29.73213749,15,34.6554469,13.60147051,31.144823,16.15549442,32.55764119,17.08800749,33.9705755,19.41648784,33.01514804,20.88061302,33.01514804,17.4642492,33.28663395,22.36067977,35.77708764,21.54065923,41.78516483,18.24828759,40.31128874,19.23538406,40.31128874,19.10497317
22.8035085,13.89244399,20.59126028,15.23154621,23.76972865,19.20937271,20.1246118,15.65247584,17,18.02775638,18.35755975,21.47091055,20,19.20937271,20.61552813,19.79898987,21.9317122,24.20743687,21.9317122,22.47220505,23.34523506,26.2488095,24.69817807,27.58622845,24.41311123,24.8394847,25.8069758,23.34523506,25.55386468,25,27.01851217,28.01785145,26.40075756,28.01785145,26.92582404,29.68164416,28.65309756,27.85677655,28.63564213,28.7923601,29.54657341,29.41088234,26.92582404,30.08321791,25.49509757,31.32091953,24.59674775,38.89730068,28.46049894,35.73513677,27.31300057,35.90264614
14,24.08318916,13.03840481,22.8035085,13,24.75883681,12.04159458,26.17250466,11.18033989,26.17250466,13,26.40075756,10.29563014,26.62705391,11.66190379,28.31960452,8.602325267,27.80287755,11.66190379,29.83286778,11.66190379,31.89043744,13.03840481,31.2409987,13.03840481,33.30165161,14.86606875,31.82766093,15.65247584,33.9705755,15.8113883,35.38361203,15.5241747,35.4682957,13.34166406,35.60898763,16.4924225,36.40054945,20.02498439,37.44329045,18,36.35931793,16,35.84689666,17,38.47076812,16.03121954,40.71854614,16.03121954,42.05948169,18,42.15447782
10.19803903,19.84943324,12.04159458,20.61552813,11.04536102,22.6715681,9.055385138,21.40093456,8.062257748,22.6715681,8.544003745,22.02271555,8.062257748,24.08318916,8.062257748,24.20743687,7.810249676,23.43074903,7.071067812,24.20743687,8.485281374,25.49509757,9.433981132,26.2488095,9.433981132,26.2488095,10.29563014,26.17250466,12.08304597,26.87005769,12.08304597,28.31960452,11.40175425,28.28427125,11.70469991,27.01851217,12.36931688,27.80287755,13.03840481,27.80287755,13.15294644,30,13.15294644,28.8444102,11.04536102,27.78488798,12,31.76476035,12,30.01666204,12.04159458,31.30495168
17,22.02271555,16.55294536,25.55386468,18.02775638,29.15475947,16.40121947,22.8035085,15.8113883,26.07680962,15.8113883,27.45906044,16.40121947,25.23885893,14.86606875,25,16.2788206,26.62705391,16.2788206,26.40075756,17.02938637,30,16.64331698,28.60069929,17,29.06888371,16.64331698,29.06888371,18.35755975,27.65863337,20.59126028,29,20.1246118,27.58622845,19.23538406,28.42534081,20.1246118,27.65863337,20.61552813,28.42534081,19.6977156,28.8444102,19.31320792,28.01785145,18.38477631,28.3019434,18.38477631,30.88689042,17.08800749,30.01666204,18.38477631,30.88689042
14.86606875,5,15,5.099019514,14.86606875,5,15.62049935,4.123105626,14.86606875,4.123105626,14.86606875,3.16227766,15,5.385164807,14.2126704,4.242640687,15,3.605551275,14.4222051,2.828427125,15.62049935,2.828427125,15.62049935,3.605551275,15.62049935,3.605551275,15.62049935,4.472135955,15,4.472135955,16.2788206,5.385164807,15.62049935,5.385164807,14.86606875,5.099019514,14.86606875,5.099019514,14.86606875,5,14.14213562,5.099019514,15.55634919,5,13.45362405,5.099019514,14.86606875,5.385164807,14.14213562,6.08276253,14.86606875,6.32455532
9.433981132,16.40121947,8.062257748,15.62049935,8.602325267,15.62049935,9.433981132,14.86606875,8.602325267,13.45362405,8.602325267,17.02938637,9.219544457,15.55634919,7.810249676,15.55634919,7.211102551,15.55634919,9.433981132,15.62049935,9.433981132,16.2788206,9.219544457,15.8113883,9.219544457,15.62049935,9.899494937,16.40121947,9.219544457,14.86606875,9.219544457,17.20465053,7.071067812,15,11.3137085,15,9.219544457,16.40121947,8.602325267,15.8113883,8.602325267,15.8113883,8.062257748,15.8113883,8.062257748,13.89244399,8.94427191,15.26433752,9.433981132,15.26433752,9.486832981,13.89244399
24.41311123,17.4642492,26.62705391,17.4642492,25.61249695,17.11724277,26.2488095,13.15294644,29,14.03566885,29.69848481,14.03566885,27.65863337,12.16552506,27.58622845,12.36931688,29.41088234,11.70469991,28.01785145,13.34166406,31.06444913,10.44030651,33.28663395,9.219544457,33.83784863,12.20655562,33.28663395,11.40175425,31.6227766,13.45362405,33.83784863,11.18033989,30.52867504,12.08304597,29.68164416,12.64911064,31.38470965,14.86606875,32.20248438,14.56021978,30.52867504,15.13274595,28.8444102,15,25.94224354,14.31782106,30,15.5241747,28.65309756,17.08800749,26.62705391,17.08800749
16,24.41311123,15.03329638,22.8035085,15,26.2488095,13,24.75883681,13.34166406,24.75883681,14.14213562,27.65863337,13.92838828,28.42534081,13.41640786,29.06888371,13,29.20616373,13.60147051,29.41088234,15.26433752,31.6227766,12.80624847,30.23243292,13.45362405,32.44996148,15.8113883,30.61045573,15.26433752,31.89043744,15.26433752,31.2409987,15.65247584,33.60059523,16.15549442,30,15.8113883,32.64965543,16.2788206,30.41381265,16.76305461,29.73213749,17.02938637,30.47950131,16,28.28427125,17,30.41381265,15.13274595,30.47950131,17.4642492,29.73213749
9.055385138,9.899494937,10.19803903,10,10,12.04159458,10.19803903,10.29563014,10.19803903,10.81665383,6.32455532,10.81665383,9.219544457,10.29563014,11.40175425,10,11.18033989,8.94427191,14.86606875,15.62049935,9.433981132,12.20655562,7.810249676,11.66190379,8.602325267,11.40175425,10,10.81665383,9.899494937,10.81665383,10.81665383,11.40175425,9.899494937,10.81665383,9.219544457,10,10,10.81665383,10.81665383,9.899494937,10.81665383,9.899494937,10.81665383,9.219544457,8.94427191,9.433981132,9.848857802,10,10,10.81665383,9.433981132,12.80624847
12.80624847,12.08304597,12.80624847,12.52996409,12.72792206,13.92838828,14.14213562,12.52996409,12.72792206,13.41640786,13.45362405,11.66190379,14.2126704,13.60147051,12.80624847,12.80624847,13.60147051,12.72792206,14.2126704,11.3137085,16.40121947,14.14213562,14.2126704,12.80624847,14.86606875,12.80624847,14.86606875,12.80624847,14.2126704,12.80624847,15.55634919,14.4222051,14.14213562,13.89244399,14.14213562,13.60147051,15.62049935,14.4222051,14.86606875,13.41640786,14.86606875,13.41640786,13.45362405,14.31782106,14.2126704,13,15,12.64911064,14.2126704,13,15.8113883,12.64911064
9.899494937,11.70469991,12.20655562,13.41640786,11.3137085,11.70469991,11.3137085,11.70469991,10,12.08304597,11.66190379,11.66190379,12.20655562,11.18033989,11.40175425,10.29563014,12.20655562,11.40175425,11.66190379,10,13.03840481,12.04159458,12.80624847,12.72792206,12.80624847,12.04159458,12.80624847,11.3137085,12.04159458,13.45362405,13.45362405,14.14213562,12.80624847,13.60147051,12.72792206,12.04159458,12.04159458,13.60147051,12.04159458,12.52996409,10.63014581,13.60147051,10.63014581,11.66190379,10,12.20655562,12.20655562,13.03840481,12.04159458,13.41640786,13.03840481,12.52996409
2.236067977,17.02938637,3.605551275,18.02775638,4.123105626,18.60107524,2.236067977,18.43908891,3.16227766,17.80449381,2.236067977,17.69180601,2.236067977,19.10497317,3,19.79898987,1,18.38477631,1.414213562,17.69180601,2.828427125,21.26029163,1,20.51828453,0,20.51828453,2.828427125,20.51828453,2,20.51828453,2.236067977,22.6715681,1,19.84943324,2.236067977,19.79898987,3.16227766,20.51828453,4.472135955,19.84943324,4.123105626,19.10497317,4.123105626,19.84943324,3.605551275,17.69180601,5,20.51828453,6.708203932,19.84943324,5.656854249,19.10497317
8.062257748,14.2126704,7.280109889,13.45362405,8.246211251,14.2126704,8.94427191,15.55634919,8.062257748,14.86606875,7.615773106,15.62049935,7.211102551,14.86606875,8.062257748,16.2788206,7.810249676,15.55634919,7.071067812,14.86606875,8.485281374,17.02938637,7.810249676,16.40121947,8.602325267,16.97056275,10,15.55634919,9.433981132,16.2788206,9.433981132,17.69180601,8.94427191,16.97056275,8.94427191,16.40121947,8.94427191,17.69180601,9.219544457,16.40121947,9.848857802,14.86606875,8.246211251,16.2788206,7.280109889,16.2788206,8.062257748,17.20465053,9.055385138,17.02938637,9.055385138,17.02938637
28.3019434,6.403124237,28.8444102,7.615773106,33.01514804,7.615773106,29.20616373,7.280109889,30.61045573,6.708203932,32.80243893,6.32455532,33.24154028,6.08276253,33.9411255,4,32.55764119,3.16227766,32.55764119,4,36.79673899,2.236067977,35.38361203,2.236067977,36.79673899,0,34.6554469,2.236067977,35.4682957,1,36.76955262,2.828427125,36.79673899,4.242640687,35.35533906,4.242640687,36.12478374,5.656854249,35.4682957,5,35.4682957,7.211102551,33.9705755,8.485281374,31.82766093,7.615773106,35.38361203,9.848857802,34.05877273,10.81665383,34.71310992,9.848857802
5.099019514,12.20655562,5,12.80624847,5.099019514,13.60147051,4.123105626,12.80624847,5.099019514,12.80624847,5,13.45362405,5,15.55634919,3,13.45362405,3.16227766,14.14213562,3.605551275,14.86606875,2.236067977,16.97056275,2.828427125,16.2788206,4.242640687,15.55634919,3.605551275,15.55634919,4.472135955,15.62049935,4.123105626,16.2788206,4.472135955,16.2788206,4,15.55634919,4.123105626,14.86606875,6,15.55634919,5.099019514,14.86606875,6,14.86606875,5.099019514,14.86606875,4.472135955,16.2788206,6.32455532,16.2788206,6.708203932,14.86606875
7,10,7.071067812,9.219544457,7.071067812,10.63014581,6.32455532,11.3137085,7.280109889,9.899494937,7.280109889,11.3137085,7.280109889,11.3137085,6.708203932,12.04159458,7.211102551,12.04159458,7.211102551,11.3137085,8.602325267,12.72792206,6.403124237,14.86606875,7.810249676,13.45362405,8.485281374,12.72792206,8.485281374,12.80624847,9.219544457,13.45362405,9.219544457,12.72792206,7.810249676,12.80624847,8.062257748,12.80624847,9.848857802,13.45362405,10.29563014,12.04159458,8.062257748,12.20655562,7.211102551,11.40175425,7.615773106,13.89244399,8.544003745,14.2126704,8.544003745,15
9.055385138,6.08276253,9.486832981,5.099019514,13.60147051,8.602325267,12.72792206,5,12.72792206,6.08276253,14.4222051,8.062257748,16.2788206,7.211102551,15.55634919,5.099019514,12.80624847,7.615773106,12.72792206,6.403124237,17.02938637,5.099019514,16.40121947,4.472135955,15.55634919,5.830951895,13.60147051,6.403124237,14.14213562,7.071067812,15.55634919,6.403124237,15.55634919,5.830951895,15.55634919,7.810249676,15.55634919,5.830951895,14.14213562,4.242640687,14.14213562,7.810249676,14.14213562,8.062257748,13.60147051,7.280109889,17.02938637,5.385164807,16.2788206,5.830951895,15.8113883,6.32455532
23.08679276,15,24.04163056,16.64331698,25.63201124,17,24.59674775,18.02775638,24.16609195,20,25.05992817,20.24845673,25.55386468,20.80865205,26.07680962,19.20937271,26.07680962,21.26029163,27.65863337,18.60107524,29.73213749,21.26029163,30.41381265,21.26029163,30.41381265,20.51828453,31.144823,21.21320344,30.41381265,20.61552813,33.9705755,20.61552813,33.24154028,19.72308292,31.82766093,20,33.24154028,20.24845673,32.55764119,20.24845673,31.82766093,19.72308292,30.47950131,19.72308292,31.2409987,21.02379604,31.144823,24.69817807,29.83286778,23.2594067,32.01562119,22.84731932
7.071067812,9,7.810249676,6,8.485281374,8.062257748,8.485281374,7.071067812,8.485281374,7.071067812,10.63014581,7.280109889,9.219544457,9.486832981,9.899494937,8.062257748,10.63014581,8.602325267,9.219544457,7.211102551,11.3137085,10,9.219544457,9.219544457,10,9.219544457,10,9.899494937,10.81665383,10.63014581,10.81665383,11.3137085,10,10.63014581,11.18033989,10,10.81665383,10.63014581,10.29563014,11.40175425,10.29563014,10.63014581,9.433981132,9.219544457,10.77032961,9.433981132,12.08304597,11.40175425,12.08304597,10,12.08304597,11.66190379
9.848857802,3.605551275,7.615773106,3,10.81665383,5,10.63014581,5.830951895,12.52996409,5.830951895,10.81665383,5.385164807,11.40175425,4,10.81665383,5,13.03840481,5,15.26433752,5.099019514,13.45362405,5.385164807,12.72792206,5.385164807,12.80624847,4.472135955,14.86606875,3.605551275,12.72792206,4.242640687,13.45362405,3,14.2126704,3.605551275,14.14213562,2.828427125,14.14213562,3.605551275,14.14213562,2,14.14213562,2.236067977,14.86606875,3,14.2126704,3,15.62049935,4.123105626,15.62049935,5.099019514,14.86606875,5
4.123105626,11.18033989,6.08276253,10.77032961,4.123105626,11.66190379,4.123105626,12.20655562,4.123105626,11.66190379,5.385164807,12.80624847,5.385164807,13.60147051,4.472135955,13.45362405,5,14.2126704,5,12.72792206,7.071067812,14.86606875,5.656854249,15.62049935,5,15.55634919,4.472135955,15.55634919,4.472135955,15.62049935,5,16.97056275,4.123105626,16.97056275,5.385164807,16.2788206,5.099019514,16.2788206,5,15.62049935,5.099019514,16.2788206,4,15.55634919,5.099019514,14.2126704,7.071067812,16.40121947,6,16.2788206,8,15.62049935
10.44030651,22.13594362,12.64911064,22.36067977,11.66190379,24.16609195,13.41640786,22.47220505,13.60147051,23.02172887,13.89244399,26.62705391,13.60147051,26.40075756,13.60147051,27.65863337,12.72792206,28.42534081,12.72792206,30.47950131,14.86606875,30.41381265,14.4222051,31.82766093,14.76482306,33.24154028,13.89244399,33.9705755,13.60147051,32.52691193,15.8113883,35.35533906,13.34166406,34.6554469,15.29705854,33.30165161,13.60147051,35.35533906,15.13274595,33.9411255,15,33.30165161,15.03329638,33.24154028,17.02938637,31.2409987,20.09975124,33.30165161,20.09975124,31.144823,21.21320344,31.89043744
12.04159458,23.70653918,12.16552506,24.41311123,13.60147051,26.07680962,13.15294644,24.75883681,13.41640786,27.65863337,11.18033989,31.144823,11.40175425,30.41381265,11.40175425,30.41381265,13.45362405,31.82766093,12.20655562,33.24154028,12.20655562,37.48332963,12.04159458,34.05877273,10.77032961,34.05877273,12.08304597,35.38361203,11.04536102,33.9411255,11.04536102,38.20994635,11.04536102,34.6554469,12,35.38361203,12,36.06937759,15.03329638,35.35533906,14.14213562,34.05877273,14.03566885,31.2409987,17.02938637,30.61045573,18.11077028,36.12478374,18,32.20248438,18,32.64965543
12.04159458,6.32455532,11.40175425,6.708203932,10.63014581,6.32455532,12.72792206,5.385164807,12.04159458,5.830951895,12.80624847,7.071067812,12.04159458,7.810249676,12.72792206,6.403124237,13.45362405,8.062257748,12.80624847,7.810249676,14.2126704,10.29563014,12.80624847,8.94427191,13.60147051,8.062257748,13.60147051,9.433981132,13.60147051,10.29563014,14.76482306,10.29563014,13.41640786,9.433981132,13.41640786,9.433981132,13.89244399,8.94427191,13.41640786,8.544003745,13.92838828,8.94427191,13.41640786,7.615773106,13.92838828,7.615773106,15.8113883,8.246211251,15.23154621,7.615773106,15.65247584,8.544003745
14.2126704,5.099019514,14.2126704,5,14.86606875,4.123105626,17.02938637,5.385164807,15.55634919,4.123105626,16.2788206,3.605551275,16.97056275,3.16227766,15.55634919,3.605551275,16.97056275,3.16227766,17.02938637,3.16227766,18.38477631,3.16227766,18.38477631,3,18.38477631,4,18.38477631,4,17.69180601,4.123105626,19.10497317,5.099019514,19.20937271,5.099019514,18.43908891,6.08276253,19.10497317,4.472135955,17.69180601,5.830951895,18.43908891,5.385164807,18.43908891,5.385164807,17.80449381,6.32455532,17.80449381,7.280109889,17.80449381,7.071067812,17.02938637,7.280109889
11.66190379,7.615773106,13.60147051,8.062257748,14.2126704,8.062257748,14.14213562,8.602325267,14.86606875,7.211102551,15.62049935,8.062257748,15.62049935,7.810249676,15.55634919,7.071067812,15.55634919,8.602325267,15.62049935,7.071067812,17.69180601,9.433981132,17.80449381,8.602325267,17.02938637,8.602325267,16.97056275,7.615773106,17.69180601,7.615773106,19.10497317,8.94427191,18.38477631,8.544003745,16.97056275,9.219544457,17.69180601,8.246211251,17.02938637,8.246211251,16.2788206,8.246211251,17.69180601,9.219544457,16.2788206,9.219544457,16.97056275,11.04536102,15.55634919,10.19803903,16.2788206,10.77032961
5.385164807,12.20655562,5.385164807,12.80624847,5.830951895,12.20655562,5.830951895,12.04159458,5,12.80624847,6.403124237,14.14213562,5.656854249,14.86606875,5.656854249,13.45362405,5.656854249,14.14213562,6.403124237,14.14213562,6.708203932,16.2788206,6.708203932,15.62049935,6.708203932,14.86606875,6.708203932,14.86606875,7.280109889,15.55634919,7.071067812,16.97056275,7.071067812,16.2788206,8.062257748,15.62049935,7.280109889,16.2788206,8.246211251,15.62049935,8.062257748,15.62049935,8.062257748,15.62049935,8,15.62049935,10,14.86606875,8.062257748,15.62049935,9.055385138,15.62049935
11.66190379,10.81665383,11.40175425,10.81665383,10.81665383,11.66190379,11.40175425,12.04159458,12.04159458,10.63014581,12.04159458,12.80624847,12.04159458,13.45362405,12.72792206,13.45362405,13.45362405,12.72792206,12.80624847,11.3137085,13.45362405,14.86606875,12.20655562,14.2126704,13.60147051,13.45362405,13.60147051,14.86606875,13.03840481,14.86606875,14.4222051,15.55634919,13.89244399,15.55634919,13.41640786,14.86606875,13.41640786,15.55634919,13.41640786,15.62049935,13,15.55634919,13,14.86606875,14.31782106,16.97056275,15.23154621,15,15.65247584,15.62049935,15.65247584,15.62049935
3,12.72792206,3.16227766,12.04159458,2,12.72792206,1.414213562,12.72792206,2.236067977,12.72792206,2.236067977,13.45362405,2.236067977,14.2126704,2.236067977,13.45362405,2.236067977,14.86606875,3,13.45362405,3,15.62049935,2,15.62049935,3.16227766,14.86606875,3.605551275,14.86606875,3,14.86606875,4.472135955,16.97056275,4.123105626,16.2788206,4.472135955,15.62049935,4.472135955,15.62049935,5.385164807,14.86606875,5,15,4.472135955,14.86606875,5.385164807,15.8113883,6.08276253,15.8113883,5.385164807,15.62049935,6.32455532,15.8113883
3.16227766,14.86606875,2,13.45362405,2.236067977,12.80624847,2,14.86606875,2.236067977,14.14213562,1.414213562,15.62049935,1.414213562,16.40121947,2,14.86606875,2,15.55634919,3,14.86606875,3.16227766,18.38477631,4.123105626,16.97056275,3,16.2788206,4.123105626,16.2788206,4.123105626,16.2788206,5,17.80449381,5.099019514,17.02938637,3.16227766,16.40121947,4.123105626,17.80449381,4.123105626,16.40121947,5.099019514,17.20465053,5.385164807,15.8113883,5.385164807,16.1245155,5.385164807,17.49285568,6.32455532,18.02775638,4.242640687,18.02775638
28.42534081,10.04987562,29.83286778,9.055385138,30.61045573,8.544003745,31.40063694,7.211102551,31.2409987,7.810249676,32.01562119,9.219544457,31.89043744,9.899494937,32.55764119,10.81665383,31.82766093,10.81665383,32.55764119,11.40175425,35.38361203,11.66190379,33.9705755,11.70469991,33.9705755,13,34.05877273,12.08304597,34.20526275,13,36.40054945,13.41640786,35,15.23154621,36.05551275,13.41640786,36.05551275,16.55294536,33.61547263,14.31782106,34.98571137,16.15549442,35.51056181,13.92838828,34.88552709,13,37.58989226,11.70469991,38.07886553,12.36931688,37.21558813,11.70469991
9.219544457,3.16227766,10.81665383,3.16227766,10.63014581,3.16227766,11.66190379,3.605551275,10.81665383,2.828427125,11.40175425,3.605551275,10.63014581,3.605551275,10.63014581,4.472135955,12.04159458,3.605551275,10.63014581,4.123105626,13.45362405,5.385164807,12.80624847,5.099019514,12.04159458,4.123105626,12.80624847,5.099019514,12.20655562,5.830951895,14.4222051,6.32455532,13.60147051,6.32455532,13.03840481,5.099019514,13.41640786,5.385164807,12.52996409,6,12.52996409,5.099019514,13.89244399,5.385164807,13.41640786,6,14.31782106,5,14.76482306,5.099019514,14.31782106,5
11.40175425,5.385164807,12.20655562,5.385164807,10.81665383,5.830951895,11.66190379,5,11.40175425,5.656854249,12.80624847,7.211102551,12.04159458,5.830951895,11.3137085,6.708203932,12.72792206,6.708203932,12.72792206,7.211102551,13.45362405,7.615773106,13.45362405,8.246211251,12.80624847,6.32455532,13.60147051,6.32455532,13.60147051,6.708203932,14.4222051,8.246211251,13.89244399,9.219544457,13.89244399,7.280109889,14.4222051,7.280109889,13.41640786,7.071067812,13.41640786,7.280109889,14.31782106,7.071067812,13,7.071067812,14.86606875,6.08276253,15.65247584,6.08276253,14.76482306,6.08276253
14.4222051,5.385164807,13.60147051,5.099019514,15.62049935,5.385164807,15.8113883,4.242640687,16.2788206,4.242640687,15,5.830951895,14.86606875,5,14.86606875,6.32455532,14.86606875,5.830951895,14.86606875,5.099019514,16.97056275,8,16.97056275,6,17.69180601,6.08276253,17.02938637,6.32455532,17.02938637,7.071067812,17.20465053,8.062257748,18.02775638,8.062257748,16.64331698,7.071067812,17.20465053,7,16.64331698,7,17,8,17.88854382,7,17,6.08276253,17.88854382,7.071067812,18.35755975,7,17.88854382,6.08276253
13.45362405,3.16227766,14.2126704,3,15.62049935,2,16.64331698,2,14.86606875,2,14.86606875,1.414213562,16.2788206,1.414213562,15.62049935,2.236067977,15.62049935,2,15,2.236067977,17.02938637,3,17.02938637,4.123105626,16.2788206,4.123105626,15.55634919,4.123105626,16.97056275,4.123105626,17.69180601,5.099019514,16.97056275,5.099019514,17.02938637,5.385164807,17.02938637,5.099019514,15.62049935,5.385164807,16.40121947,5.099019514,16.40121947,5.385164807,15.8113883,5,17.20465053,5.830951895,17.20465053,5,16.64331698,5
4.123105626,15.55634919,5,16.2788206,3.605551275,16.2788206,5,14.2126704,3.605551275,13.60147051,5.830951895,15.55634919,5,16.2788206,2.828427125,13.89244399,6.708203932,20.61552813,4.472135955,21.40093456,4.472135955,18.02775638,5,17.80449381,7,15,7,17.02938637,7.071067812,14.86606875,6,17.20465053,6.08276253,16.2788206,7.071067812,17.02938637,8.062257748,16.2788206,8,16.2788206,8,16.2788206,10.19803903,14.86606875,8.062257748,15.55634919,10.04987562,15.55634919,10,16.97056275,10.04987562,15.62049935
13.60147051,9.848857802,13.60147051,10.77032961,15.62049935,9.848857802,14.86606875,10.29563014,14.86606875,9.433981132,14.86606875,10,14.86606875,9.433981132,14.86606875,8.485281374,15,8.602325267,15.8113883,9.899494937,15.8113883,10.81665383,16.64331698,10.63014581,16.64331698,10.29563014,15.8113883,9.848857802,18.02775638,9.848857802,16.40121947,10.77032961,16.40121947,10.29563014,15.62049935,11.40175425,17.20465053,10.77032961,15.8113883,11.70469991,15.62049935,12.16552506,15.62049935,11.40175425,14.2126704,11.18033989,15,12.36931688,14.4222051,13.34166406,15,13.60147051
12.64911064,15.62049935,11.18033989,14.86606875,13.03840481,14.2126704,13,15.62049935,10.29563014,16.40121947,13.03840481,17.02938637,11.40175425,15.62049935,12.04159458,18.02775638,12.04159458,17.02938637,11.40175425,15.8113883,13.45362405,18.02775638,11.40175425,16.64331698,10.63014581,17.20465053,12.52996409,16.64331698,11.18033989,16.64331698,12.08304597,18.02775638,12.08304597,16.64331698,12.64911064,15.8113883,13,15,9.848857802,14.4222051,12.08304597,18.02775638,11.40175425,15,12.64911064,14.4222051,14.31782106,12.80624847,13.60147051,13.60147051,14.86606875,14.4222051
37.58989226,29.96664813,45.3431362,30.88689042,35.51056181,25.17935662,48.75448697,31.2409987,30.52867504,29.73213749,47.20169488,22.82542442,35.51056181,29.69848481,38.58756276,28.31960452,39,35.22782991,35.80502758,23.2594067,39.2173431,46,43.18564576,49.24428901,38.83297568,32.28002478,40.80441153,32.55764119,53.15072906,31.01612484,47.50789408,47.04253395,31.57530681,36.49657518,34.0147027,29.42787794,44.91102315,37.01351105,43.829214,29.12043956,43.17406629,39.05124838,34.4818793,40.79215611,36.67424164,19.6977156,32.06243908,31.6227766,35.35533906,35.73513677,44.41846463,46.4865572
9.848857802,13.89244399,10.29563014,14.4222051,10,13.03840481,10.63014581,14.4222051,9.899494937,13.03840481,11.40175425,14.4222051,10.81665383,14.4222051,10.81665383,13.60147051,11.18033989,14.2126704,10.29563014,13.45362405,12.08304597,16.2788206,12.08304597,14.2126704,11.70469991,14.14213562,11.70469991,13.45362405,11.70469991,13.45362405,14.31782106,14.86606875,12.16552506,14.2126704,11.40175425,15,12.16552506,14.4222051,12.04159458,13.60147051,12.16552506,13.89244399,11.04536102,13.60147051,9.055385138,12.20655562,11,14.4222051,12,13.89244399,10.04987562,14.76482306
7.071067812,14.86606875,6.08276253,15.62049935,7.071067812,14.2126704,5.099019514,15.62049935,6.08276253,15,5.830951895,16.40121947,5.830951895,17.20465053,5.656854249,16.40121947,7.071067812,16.40121947,4.472135955,16.2788206,6.708203932,17.69180601,6.08276253,17.80449381,7.280109889,18.43908891,6.32455532,17.02938637,7.280109889,16.97056275,8.246211251,17.69180601,8.062257748,16.97056275,7.280109889,17.02938637,8.062257748,17.80449381,9.055385138,16.40121947,8.246211251,17.20465053,7,15.62049935,7,16.40121947,8,17.80449381,8.062257748,16.64331698,9.219544457,17.20465053
13.89244399,1.414213562,12.52996409,1,13.89244399,2.236067977,13.60147051,4,13.03840481,2.828427125,13.03840481,2.828427125,12.20655562,2,12.52996409,2.828427125,13.45362405,3.16227766,13.45362405,4.472135955,14.2126704,5.385164807,14.14213562,5,16.2788206,7.071067812,15.55634919,5.656854249,14.14213562,3.605551275,15.55634919,5.385164807,14.86606875,5,15.55634919,4.242640687,14.86606875,5.099019514,17.02938637,4.472135955,15.62049935,2.828427125,16.40121947,3.605551275,15.55634919,3.605551275,16.64331698,4,15.8113883,5.099019514,16.1245155,3.605551275
19.41648784,31.01612484,20.80865205,31.38470965,17.80449381,31.6227766,18.38477631,34.17601498,16.2788206,28.46049894,15.8113883,25.49509757,13.45362405,27.29468813,11.40175425,26,14.31782106,26,15.65247584,22.13594362,16.1245155,24.16609195,13.45362405,22.36067977,13.41640786,21.54065923,16.15549442,22.36067977,15.26433752,19.72308292,15.65247584,19.6977156,14.31782106,17.80449381,17.80449381,16.1245155,15.65247584,16.64331698,16.55294536,16.40121947,15.8113883,16.1245155,16.64331698,17.20465053,16.40121947,13.45362405,17.20465053,17.02938637,17.69180601,17.80449381,17.02938637,15.62049935
13.89244399,16.1245155,14.31782106,14.76482306,16.15549442,14.4222051,16.55294536,13.60147051,15.65247584,12.80624847,15.23154621,14.2126704,16.55294536,13.45362405,13.92838828,13.45362405,15.5241747,14.2126704,13.34166406,12.80624847,13.92838828,14.2126704,13.60147051,13.60147051,13.60147051,13.03840481,13.34166406,13.41640786,11.70469991,13.41640786,12.36931688,13.89244399,12.64911064,13.89244399,10.19803903,14.31782106,9.219544457,13.41640786,10.04987562,13.41640786,9.055385138,13,9.055385138,14.31782106,8.062257748,14.31782106,7.071067812,15.65247584,9,13.92838828,8,15.8113883
25,37.64306045,17.4642492,31.04834939,28.31960452,43.0464865,22.09072203,37.21558813,41.88078318,30.8058436,20.61552813,20.88061302,26.62705391,36.12478374,20.02498439,26.62705391,5.830951895,26,40.24922359,12.04159458,37.20215048,29.73213749,27.01851217,34.13209633,46.06517123,34.82814953,34.98571137,30.47950131,33.01514804,20.59126028,36.01388621,53,49.2036584,56.85068161,46.86149806,42.05948169,44.04543109,34.6554469,38.20994635,31.90611227,38.20994635,26.40075756,40.45985665,36.79673899,36.23534186,30.61045573,49.47726751,36.05551275,29.42787794,44.82186966,45.35416188,36.79673899
10.77032961,7.280109889,11.18033989,6.08276253,10.29563014,7.280109889,10.81665383,5.099019514,11.18033989,8.062257748,11.40175425,5.099019514,10.29563014,7.280109889,11.66190379,6.32455532,12.20655562,7.280109889,12.72792206,5.830951895,14.2126704,6.708203932,14.2126704,5.385164807,13.45362405,5.099019514,17.02938637,9.433981132,14.2126704,6.08276253,16.2788206,7.615773106,13.45362405,8.602325267,14.4222051,8.485281374,14.86606875,8.485281374,13.60147051,7.071067812,14.2126704,7.810249676,14.86606875,7.810249676,14.2126704,5.830951895,15,7.211102551,15.62049935,8.602325267,16.40121947,8.062257748
1.414213562,14.31782106,2.828427125,12.64911064,2.236067977,11.70469991,2.828427125,12.36931688,3,12.52996409,2,12.52996409,2,11.70469991,4.123105626,12.52996409,2.236067977,11.66190379,2.828427125,10.77032961,2.236067977,14.2126704,3.16227766,12.80624847,3.605551275,12.20655562,3.16227766,14.76482306,2,12.80624847,3.605551275,14.14213562,2.236067977,14.2126704,2.236067977,14.86606875,2.236067977,14.14213562,1.414213562,14.2126704,1,14.2126704,0,14.14213562,1,12.04159458,0,15,1,14.2126704,1.414213562,15
18.02775638,24.08318916,16.76305461,24.75883681,19.31320792,24.75883681,17.49285568,25.61249695,17.4642492,24.75883681,18.86796226,25.61249695,18.02775638,24.8394847,17.20465053,23.60084744,17.02938637,23.34523506,16.2788206,24.8394847,16.2788206,27.65863337,17.02938637,26.2488095,17.80449381,26.2488095,17.69180601,26.90724809,19.20937271,24.8394847,18.43908891,27.65863337,19.20937271,26.90724809,17.80449381,26.17250466,18.60107524,26.87005769,20.1246118,25.45584412,19.72308292,25.49509757,20.1246118,24.75883681,16.15549442,26.2488095,18.02775638,28.42534081,17.72004515,27.58622845,19.92485885,28.31960452
9.848857802,17.80449381,9.848857802,17.02938637,10.29563014,17.69180601,11.18033989,17.69180601,9.433981132,17.69180601,9.433981132,18.38477631,9.433981132,18.43908891,10,17.02938637,9.219544457,17.02938637,10,16.2788206,10.63014581,19.20937271,9.219544457,17.80449381,9.219544457,17.80449381,9.219544457,17.80449381,9.219544457,17.80449381,8.485281374,18.60107524,8.485281374,18.60107524,10,17.80449381,9.219544457,17.20465053,10,17.49285568,8.602325267,16.64331698,9.433981132,17.20465053,8.602325267,15.26433752,10.29563014,17.49285568,8.94427191,17.49285568,9.848857802,16.64331698
16.2788206,5.830951895,16.97056275,5.830951895,17.69180601,5.099019514,18.43908891,4.123105626,16.97056275,4,16.97056275,4.472135955,16.97056275,3.16227766,15.62049935,3.605551275,15.62049935,3.16227766,15.62049935,4.242640687,16.40121947,4.242640687,15,5,15.8113883,3.605551275,15.62049935,4.472135955,16.2788206,3.605551275,16.40121947,3.605551275,15.62049935,2.828427125,14.2126704,3.605551275,15.62049935,3.605551275,14.4222051,4.472135955,14.2126704,3.605551275,15,3.16227766,13.60147051,3.16227766,14.4222051,4.123105626,14.4222051,3.605551275,13.89244399,5.385164807
11.66190379,21.63330765,11.18033989,20.80865205,10.29563014,20,10.63014581,20.24845673,9.899494937,19.10497317,7.211102551,19.20937271,8.062257748,19.41648784,5,18.02775638,5.830951895,18.60107524,5.830951895,15,6.403124237,17.02938637,6.403124237,16.40121947,6.403124237,17.20465053,5,16.40121947,5.385164807,14.2126704,6.708203932,15.62049935,6.403124237,13.60147051,6.403124237,12.80624847,7.810249676,12.20655562,5.656854249,12.52996409,5,12.52996409,6.708203932,12.52996409,4.472135955,11.70469991,4.242640687,13,5,13,8.062257748,14.86606875
48.76474136,108.9311709,38.32753579,105.5130324,63.12685641,102.2007828,50.009999,96.50906693,48.16637832,89.81091248,58.30951895,95.90099061,54.23098745,85.42833254,49.81967483,81.90848552,42.05948169,81.0246876,51.0881591,56.08921465,56,68.02940541,46.17358552,63.97655821,32.75667871,75.23961722,40.04996879,47.50789408,35.90264614,31.57530681,43.01162634,36.05551275,32.57299495,47.41307836,44.41846463,35.51056181,34.13209633,40.71854614,37.20215048,29.41088234,29.20616373,36.23534186,33.9705755,25,33.28663395,39.66106403,42.72001873,31.82766093,59.48108943,39.96248241,52.15361924,26.90724809
15.26433752,8,16.1245155,10,14.2126704,10.44030651,18.02775638,11,15,10,14.2126704,8.062257748,14.14213562,10,12.04159458,9.219544457,13.45362405,9.219544457,11.40175425,7.071067812,12.20655562,7.280109889,11.3137085,7.615773106,11.3137085,7.615773106,11.40175425,5,11.66190379,5.099019514,12.04159458,5,12.52996409,4.472135955,12.20655562,3.605551275,11.66190379,3.16227766,10.81665383,2.236067977,11.40175425,1.414213562,12.20655562,2.828427125,11.66190379,0,12.20655562,2.236067977,13.03840481,1,12.04159458,0
23.76972865,19.20937271,23.76972865,20,23.76972865,19.79898987,26.92582404,16.97056275,22.47220505,16.40121947,22.47220505,17.02938637,21.54065923,17.20465053,20.61552813,15.26433752,20.1246118,18.35755975,17.4642492,15.65247584,21.1896201,17.88854382,18.38477631,16.1245155,18.97366596,17,16.15549442,18.78829423,16.55294536,16.1245155,17.49285568,17.08800749,16.1245155,17.20465053,14.31782106,17.88854382,15,17.88854382,13.89244399,18.35755975,13.60147051,19.23538406,13.45362405,15.8113883,12.20655562,17.4642492,14.86606875,20.59126028,13.45362405,19.72308292,14.2126704,19.72308292
26.41968963,22.02271555,25.49509757,21.9317122,30.08321791,19.84943324,27.31300057,19.20937271,25.49509757,19.41648784,25.94224354,20.24845673,25.49509757,20.24845673,26.40075756,18.86796226,21.47091055,17.49285568,21.02379604,19.72308292,22.82542442,19.72308292,23.2594067,19.72308292,20.24845673,21.02379604,21.09502311,20.1246118,19.41648784,18.78829423,21.63330765,19.31320792,20.24845673,18.78829423,14.4222051,20.59126028,17.20465053,19.72308292,15.8113883,20.24845673,16.97056275,19.23538406,16.2788206,22.20360331,16.40121947,20.24845673,17.69180601,20.24845673,16.40121947,19.72308292,16.97056275,20.24845673
21.02379604,22.8035085,21.02379604,22.02271555,21.47091055,23.34523506,24.04163056,21.9317122,21.9317122,19.10497317,20.59126028,20.51828453,22.36067977,19.20937271,20.1246118,18.60107524,19.23538406,17.49285568,18.78829423,17.80449381,18.38477631,20.61552813,17.4642492,18.60107524,19.31320792,20.80865205,17.49285568,19.41648784,15.65247584,18.43908891,17.49285568,21.09502311,16.1245155,19.72308292,15,19.23538406,15,20.24845673,15.26433752,19.23538406,14.2126704,19.23538406,15,18.86796226,12.80624847,20.24845673,13.45362405,21.9544984,13.45362405,20.51828453,12.80624847,20
19.92485885,24.41311123,21.58703314,23.43074903,21.1896201,23.34523506,21.58703314,24.75883681,19.92485885,24.75883681,18.97366596,21.9317122,19.6977156,23.43074903,18.68154169,19.84943324,18.97366596,20,18.38477631,21.26029163,19.31320792,21.63330765,17.4642492,19.41648784,15.5241747,20.80865205,14.86606875,20.24845673,13.92838828,21.09502311,13.92838828,22.47220505,13.60147051,21.9544984,13,20.59126028,10.77032961,21.9544984,11.70469991,20.24845673,11.18033989,21.9544984,10.29563014,21.09502311,11.40175425,20.80865205,10.81665383,23.60084744,11.40175425,23.43074903,10,22.02271555
19.31320792,24.20743687,20.24845673,22.8035085,18.38477631,23.34523506,20.88061302,23.60084744,20.24845673,20.51828453,21.54065923,19.84943324,19.6977156,22.02271555,18.78829423,20.61552813,17.72004515,20,17.08800749,18.38477631,17.72004515,20.80865205,17.4642492,18.60107524,15.5241747,21.9544984,17.08800749,21.63330765,15.65247584,20.24845673,13.41640786,22.47220505,15.8113883,22.20360331,13.41640786,20.1246118,11.70469991,22.20360331,12.08304597,22.47220505,10.81665383,22.20360331,12.20655562,20.24845673,11.40175425,18.86796226,10,23.60084744,12.04159458,20.80865205,12.20655562,22.8035085
22.02271555,19.23538406,23.43074903,20.61552813,21.26029163,20.61552813,21.9317122,22.84731932,22.02271555,18.78829423,21.9317122,20.1246118,20.51828453,21.9544984,19.20937271,17.88854382,18.43908891,19.23538406,19.10497317,17.08800749,20.24845673,17.88854382,20,19.31320792,20.24845673,15.65247584,20.80865205,14.76482306,20.24845673,16.55294536,21.09502311,16.1245155,21.40093456,15.65247584,21.9544984,12.80624847,22.20360331,14.4222051,21.63330765,13.89244399,21.09502311,14.4222051,20.80865205,15,20.61552813,12.04159458,23.32380758,14.14213562,21.40093456,12.80624847,20.61552813,13.45362405
6.403124237,33.01514804,8.94427191,32.20248438,8.94427191,32.01562119,10.44030651,31.40063694,10.77032961,29.20616373,9.486832981,29.83286778,9.848857802,28.42534081,11.40175425,27.65863337,9.486832981,28.31960452,7.071067812,25.45584412,10.04987562,26.87005769,9.055385138,28.31960452,8,26.87005769,7.280109889,26.87005769,7.615773106,26.17250466,10.44030651,26.90724809,8.246211251,26.90724809,7.071067812,25.49509757,8.062257748,26.90724809,6.08276253,26.2488095,5.385164807,26.2488095,5.385164807,26.17250466,5.099019514,24.8394847,7.280109889,26.90724809,5.385164807,26.87005769,4.472135955,26.90724809
72.9451849,79.20227269,57.80138407,93.34880824,61.07372594,56.08029957,102.474387,39.05124838,71.1758386,74,69.89277502,82.03657721,75.66372975,55.6596802,73.02739212,45.70557953,70.09279564,9.848857802,75.27283707,42.54409477,70.71067812,63.15061362,54.62600113,55.6596802,77.31752712,60.00833275,78.77182237,79.30952024,45.31004304,65.73431372,48.01041554,54.70831747,82.20097323,57.24508713,64.12487817,71.0070419,54.00925847,63.03173804,44.04543109,62.12889827,70.60453243,67.11929678,66.70832032,65.11528238,26.07680962,56.32051136,41.77319715,62.42595614,85.79627032,76.55063684,61.58733636,63.0634601
26.40075756,20.24845673,25.61249695,20.24845673,24.08318916,19.41648784,25,20.59126028,21.9317122,19.72308292,22.02271555,19.20937271,22.02271555,20.80865205,20.51828453,18.02775638,20.51828453,18.02775638,19.79898987,14.4222051,21.21320344,16.1245155,19.84943324,15.26433752,21.26029163,15.26433752,21.40093456,16.1245155,20,14.76482306,20.51828453,13.89244399,21.26029163,14.86606875,20.51828453,15.62049935,20.51828453,14.86606875,17.80449381,11.3137085,19.79898987,15.62049935,19.79898987,12.72792206,17.80449381,14.14213562,19.84943324,14.14213562,19.41648784,14.86606875,19.41648784,15
30,4.123105626,30.8058436,4.472135955,30.61045573,7.280109889,30.8058436,8,25.49509757,7.071067812,27.80287755,6.32455532,25.61249695,6.708203932,26.40075756,6.708203932,24.8394847,6.08276253,25.61249695,6.08276253,27.80287755,6,25.8069758,6,25,5.099019514,24.41311123,4.123105626,22.8035085,6,26.40075756,7.280109889,23.60084744,4.123105626,23.60084744,3,23.43074903,3.16227766,23.02172887,4,23.02172887,4,23.02172887,3.16227766,21.40093456,2,23.02172887,3.16227766,22.47220505,2.236067977,22.82542442,4.123105626
2.236067977,29.83286778,2,29.83286778,2,29.83286778,2,29.20616373,3,29.73213749,3.16227766,29.06888371,2,27.80287755,2.828427125,27.01851217,3.16227766,27.20294102,2,24.41311123,1,28.8444102,1.414213562,27.45906044,3.605551275,25.23885893,2.236067977,26.62705391,1.414213562,25.23885893,2.236067977,27.29468813,1,26.07680962,1,23.85372088,1,22.47220505,1,24.69817807,2.236067977,22.20360331,1.414213562,24.18677324,2.236067977,21.9544984,1,23.70653918,3.16227766,23.32380758,2,23.76972865
16.64331698,25,16.1245155,24.41311123,17.20465053,24.08318916,15.65247584,23.60084744,16.1245155,23.60084744,13.89244399,20,15.8113883,22.20360331,15.8113883,20.24845673,15.23154621,20.24845673,14.76482306,18.02775638,15.65247584,20.80865205,15.23154621,21.09502311,15.23154621,19.41648784,14.76482306,18.60107524,13.92838828,18.02775638,13.60147051,19.72308292,13,19.41648784,13.60147051,19.41648784,12.08304597,17.49285568,9.848857802,17,12.08304597,15.65247584,8.94427191,15.23154621,10.29563014,15.65247584,12.08304597,17.08800749,10.44030651,17.72004515,10.77032961,17.08800749
31.40063694,7.071067812,32.80243893,6.708203932,30.61045573,8.062257748,32.20248438,8.544003745,29.83286778,8.94427191,30.61045573,8.062257748,28.60069929,8.94427191,27.80287755,7.280109889,26.40075756,8.544003745,26.62705391,8.602325267,29.41088234,7.615773106,28.8444102,8.246211251,28.3019434,8.246211251,26.07680962,7.280109889,24.41311123,8.062257748,28.01785145,7.280109889,25.23885893,8.246211251,24.41311123,6.32455532,25.23885893,8.246211251,23.70653918,6.08276253,23.60084744,6.708203932,24.18677324,6.32455532,20.80865205,5.385164807,23.02172887,5.385164807,23.2594067,7.615773106,21.54065923,6.08276253
9.433981132,24.69817807,10.63014581,24.69817807,8.062257748,23.85372088,9.219544457,24.69817807,9.848857802,24.20743687,8.602325267,23.85372088,7.810249676,22.20360331,10,21.63330765,7.211102551,21.09502311,9.433981132,19.23538406,10.29563014,21.09502311,10.63014581,21.09502311,8.485281374,19.72308292,9.219544457,18.86796226,8.602325267,18.02775638,9.899494937,19.41648784,9.219544457,19.41648784,8.485281374,18.86796226,7.810249676,19.72308292,8.485281374,18.02775638,8.602325267,17.80449381,7.211102551,18.35755975,9.219544457,16.64331698,9.433981132,18.02775638,7.615773106,15.62049935,8.544003745,18.86796226
22.627417,25.61249695,21.21320344,25.61249695,22.6715681,25,22.6715681,25.61249695,21.40093456,24.41311123,22.6715681,24.69817807,22.8035085,23.32380758,21.40093456,22.36067977,20.61552813,23.70653918,20.80865205,22.84731932,21.09502311,25.07987241,20.59126028,24.69817807,20.24845673,23.76972865,18.02775638,23.08679276,18.02775638,20.88061302,19.6468827,21.1896201,19.41648784,23.08679276,18.24828759,20.24845673,19.10497317,19.92485885,19,20.61552813,18,18.97366596,18.02775638,19.23538406,18.43908891,17.2626765,20.22374842,18.11077028,18.02775638,20.02498439,18.02775638,17
26.90724809,23.43074903,27.80287755,21.40093456,27.65863337,23.34523506,28.01785145,22.20360331,28.01785145,23.43074903,29.15475947,23.60084744,28.65309756,21.63330765,25.94224354,21.63330765,25.07987241,21.9544984,22.47220505,20.24845673,27.73084925,24.16609195,25.96150997,20.24845673,23.76972865,22.13594362,23.34523506,23.40939982,23.19482701,22.13594362,23.53720459,20.22374842,22.02271555,22.09072203,20.02498439,19.10497317,20.02498439,20,21,21.02379604,21.09502311,19.02629759,19.23538406,18.24828759,18.97366596,16.1245155,21.1896201,18.02775638,21.54065923,16.76305461,24.16609195,18.38477631
23.70653918,20.59126028,23.70653918,20.24845673,22.82542442,21.02379604,22.13594362,23.40939982,21.54065923,19.6468827,23.08679276,22.36067977,21.37755833,22.20360331,19.41648784,22.09072203,19.10497317,20,19.02629759,23.34523506,19.10497317,23.34523506,18,22.56102835,15.03329638,22.8035085,17,22.84731932,17.02938637,22.36067977,15.03329638,23.85372088,15.29705854,25.23885893,13.92838828,20.61552813,14.31782106,24.04163056,14.31782106,24.75883681,13.89244399,24.20743687,13.92838828,24.20743687,15,23.02172887,15.8113883,27.78488798,14.86606875,27.29468813,16.2788206,29.96664813
21.54065923,29.20616373,24.35159132,29.41088234,23.76972865,30,24.73863375,28.65309756,21.1896201,28.60069929,24.35159132,30.01666204,23.08679276,28.17800561,21.84032967,29.06888371,20.61552813,27.31300057,20.24845673,25.07987241,22.8035085,25.29822128,22.20360331,25.70992026,20.88061302,25.70992026,19.92485885,24.51530134,22.13594362,24.08318916,20.24845673,23.02172887,20.61552813,23.02172887,17.08800749,21.09502311,19.31320792,23.19482701,17.4642492,22.09072203,15.23154621,20.39607805,14.86606875,21.21320344,14.4222051,18.68154169,15.8113883,22.13594362,14.86606875,20.61552813,16.2788206,21.47091055
14.86606875,7.280109889,13.60147051,8.246211251,13.60147051,7.071067812,15.8113883,7.280109889,13.89244399,7.071067812,12.52996409,7.615773106,15.65247584,7.071067812,13.03840481,8.062257748,13.89244399,7.071067812,12.52996409,4.123105626,13,7.071067812,12.36931688,6.32455532,13.92838828,6.32455532,12.36931688,6.32455532,11.40175425,5.385164807,10.44030651,6.403124237,11.40175425,5.830951895,10.44030651,5,10.04987562,5.656854249,9.219544457,5.656854249,10.19803903,5,9.219544457,5,8.246211251,6.708203932,9.055385138,7.810249676,10.19803903,6.708203932,8.246211251,8.544003745
18.60107524,2.236067977,18.02775638,4.123105626,20.24845673,1.414213562,18.35755975,1,17.88854382,2,18.35755975,1,17.49285568,1.414213562,17.88854382,0,15.65247584,1.414213562,16.55294536,1,15.65247584,2,16.55294536,2,15.23154621,1,14.31782106,2.236067977,12.08304597,2.236067977,15.8113883,2.236067977,13.60147051,2,12.64911064,2.236067977,13.34166406,2.828427125,12.36931688,2,12.04159458,2.236067977,11.04536102,3.605551275,10.19803903,3.605551275,10.44030651,4.472135955,11.18033989,5.656854249,11.04536102,6.32455532
3.16227766,17.80449381,3.605551275,15.26433752,2.828427125,14.4222051,4,17.20465053,1,15,1.414213562,15.26433752,2,13.60147051,1.414213562,15.26433752,1.414213562,14.31782106,3.16227766,14.31782106,3.16227766,13.92838828,3.16227766,13.60147051,2,13.60147051,3.16227766,14.31782106,1,11.70469991,2.236067977,13.34166406,3.16227766,13.15294644,3,12.16552506,4.123105626,13,2,11.40175425,4.123105626,11.18033989,3.16227766,12.16552506,4.123105626,9.055385138,4.472135955,10.44030651,5,12.16552506,3.605551275,9.055385138
40.81666326,5,39.8246155,3,40.70626487,1.414213562,36.23534186,3.16227766,38.01315562,3.16227766,38.01315562,3.16227766,33.10589071,2,33.83784863,0,32.89376841,1.414213562,32.01562119,4.472135955,33.24154028,4.472135955,31.57530681,3.16227766,31.40063694,3,28.44292531,7.071067812,29.06888371,4.123105626,30,6,27.01851217,7,26,8.062257748,27,8.062257748,28.0713377,4.123105626,28.16025568,9,27.16615541,6.32455532,25.49509757,4,24.69817807,5.099019514,23.76972865,5.099019514,27.29468813,7.071067812
13.89244399,15.62049935,13.41640786,14.86606875,14.76482306,15.55634919,13.41640786,15.8113883,12.52996409,15,12.08304597,13.03840481,10.29563014,14.4222051,11.18033989,13.41640786,11.70469991,13,12.08304597,12.64911064,12.08304597,11.70469991,11.66190379,14.31782106,11.18033989,13.92838828,12.20655562,12.16552506,9.433981132,13.34166406,10.81665383,13.15294644,10.29563014,13.03840481,10.81665383,12,10.81665383,12.04159458,9.219544457,12.04159458,10.29563014,13,8.062257748,12,7.211102551,10.04987562,7.211102551,12.16552506,8.544003745,12.36931688,7.211102551,11.70469991
8.544003745,21.09502311,8.602325267,19.41648784,8.94427191,16.64331698,9.899494937,18.60107524,10.81665383,17.20465053,7.071067812,18.38477631,11.3137085,20.80865205,9.219544457,11,8.602325267,15.8113883,17.4642492,13.03840481,8,14.56021978,8.062257748,17.08800749,8.062257748,16.55294536,7.615773106,15.65247584,7.280109889,14.76482306,9.055385138,16.1245155,7.615773106,16.1245155,9.219544457,14.31782106,5.385164807,14.31782106,7,15.23154621,10.04987562,13.03840481,7.071067812,13.92838828,9.055385138,13,8.062257748,12.64911064,9.055385138,12.64911064,5.099019514,11.40175425
12.80624847,19.72308292,12.04159458,18.86796226,13.45362405,19.41648784,12.04159458,18.02775638,12.04159458,17.49285568,11.40175425,16.64331698,13.60147051,15.65247584,13.41640786,16.1245155,11.18033989,14.76482306,11.18033989,13.41640786,11.70469991,14.31782106,10.44030651,16.15549442,9.848857802,14.31782106,9.486832981,13.92838828,9.486832981,13.92838828,12.36931688,15.8113883,9.219544457,13.92838828,7.071067812,14.56021978,8.062257748,13.92838828,7.071067812,13.60147051,8.062257748,12.16552506,8,12.36931688,8.246211251,11.40175425,9.055385138,12.04159458,10,11.04536102,9.219544457,12.04159458
11.70469991,35.80502758,11.18033989,36.40054945,11.70469991,35,8.94427191,34.98571137,7.615773106,34.13209633,11.40175425,33.61547263,8.246211251,33.54101966,7.280109889,31.30495168,6.708203932,30.08321791,8.94427191,30.08321791,8.544003745,31.95309062,10.04987562,29.12043956,9.219544457,29.83286778,8.544003745,27.65863337,7.615773106,27.29468813,7.211102551,28.44292531,7.211102551,27.29468813,7.615773106,26.01922366,7.615773106,27.07397274,6.708203932,26,6.32455532,26,6,26,5,23.19482701,7.280109889,24.33105012,5.099019514,23.34523506,7.071067812,23.53720459
19.41648784,5.830951895,19.41648784,5,20,4,18.02775638,3.605551275,17.80449381,5,18.43908891,6.403124237,18.35755975,4.123105626,16.15549442,4.472135955,19.10497317,6.708203932,14.76482306,1,17.4642492,3.605551275,16.15549442,3.605551275,16.15549442,5.099019514,15.23154621,4.472135955,12.52996409,5,15.8113883,5,14.86606875,3.605551275,13.60147051,4.472135955,15.29705854,7.071067812,13.15294644,5.830951895,13.34166406,5,12.04159458,6.32455532,13.34166406,4.472135955,14.03566885,6.32455532,14,4.472135955,13.03840481,5.385164807
18.60107524,8.602325267,18.43908891,10,18.43908891,7.071067812,18.02775638,7.810249676,18.60107524,7.810249676,17.49285568,7.810249676,18.35755975,6.403124237,16.55294536,5.656854249,16.1245155,7.810249676,14.31782106,7.071067812,17.08800749,8.602325267,16.15549442,8.062257748,14.86606875,7.071067812,14.56021978,6.403124237,15.5241747,7.810249676,15.5241747,7.071067812,15.5241747,7.071067812,12.36931688,7.810249676,12.04159458,6.403124237,13.15294644,7.071067812,15.13274595,5.656854249,12.04159458,5.656854249,13,6.708203932,12.04159458,5,13.03840481,4.472135955,14.31782106,4.472135955
24.8394847,1.414213562,23.60084744,1.414213562,24.20743687,0,23.60084744,2.236067977,22.8035085,1,24.20743687,2.236067977,23.02172887,1.414213562,24.18677324,2.828427125,21.9544984,2.236067977,20.80865205,2.236067977,23.32380758,2.236067977,21.47091055,2.236067977,21.47091055,3,22.36067977,3.16227766,20.1246118,3.16227766,22.84731932,3.16227766,21.54065923,3,20.1246118,3.16227766,18.78829423,3,19.92485885,3.16227766,18.97366596,3,18.38477631,2,17.08800749,1,18.68154169,1.414213562,18.24828759,2.236067977,18.24828759,2.828427125
11.18033989,29,6.32455532,29.69848481,10,29.73213749,10.04987562,31.6227766,10.04987562,29.06888371,9.486832981,32.20248438,7.615773106,29.20616373,7.280109889,27.78488798,8.062257748,28.3019434,4.472135955,26.41968963,7.810249676,29.15475947,10,29.52964612,10.63014581,26.92582404,10.63014581,28.8444102,8.062257748,27.73084925,9.433981132,29.52964612,9.433981132,29.96664813,8.94427191,26.41968963,11.18033989,27.78488798,7.071067812,28.17800561,8,28.65309756,8,28.3019434,10,24.69817807,10.19803903,28.8444102,9.848857802,27.45906044,10.29563014,26.62705391
13.45362405,6.403124237,15.62049935,7.211102551,13.60147051,8.062257748,15.62049935,6.08276253,14.2126704,7.615773106,14.4222051,8.062257748,14.4222051,6.708203932,13.03840481,8.062257748,12.64911064,7.071067812,11.18033989,7.280109889,13.41640786,7.280109889,12.52996409,7.615773106,11.18033989,7.071067812,10.77032961,7.280109889,9.433981132,5.385164807,12.08304597,7.280109889,11.70469991,5.385164807,9.486832981,7.071067812,10.04987562,5.099019514,8.544003745,5.385164807,8.246211251,6.32455532,8.246211251,5.385164807,8.246211251,5,7.071067812,5.830951895,9.055385138,4.472135955,9.219544457,5.656854249
78.39005039,60,77.82673063,66.03786792,84.11896338,68.54195795,101.0198,60.46486583,76.92203845,59.61543424,90.33825325,62.76941931,96.66436779,53.16013544,85.47514259,51.89412298,89.05054744,39.35733731,85.70297544,50.60632372,91.23595782,56.82429058,89.19641248,49.73932046,76.89603371,42.3792402,79.30952024,52.77309921,59.09314681,55.4436651,70.77428912,50.47771786,68.87670143,51.97114584,43.8634244,60.87692502,58.82176468,50.53711507,41.88078318,47.80167361,66.28725368,44.94441011,64.84597135,55.31726674,45.27692569,48.16637832,54.40588203,73.34848328,63.56099433,58.83026432,63.0634601,59.03388857
8.602325267,10.81665383,9.433981132,10,8.602325267,10.63014581,8.062257748,9.433981132,8.062257748,11.18033989,8.602325267,9.848857802,9.848857802,9.848857802,9.486832981,8.544003745,7.615773106,7.615773106,7.810249676,8.94427191,10.19803903,9.486832981,8.544003745,8.062257748,6.708203932,7.280109889,5.385164807,8.544003745,6.708203932,7.280109889,7.280109889,7.280109889,7.280109889,7.071067812,7.071067812,8.062257748,6,7.071067812,5.099019514,6.08276253,5.099019514,7.280109889,5,6.32455532,7.071067812,6.708203932,6.08276253,8.062257748,6.08276253,7.211102551,6.08276253,8.94427191
5,12.52996409,7.810249676,13.41640786,8.062257748,11.40175425,7.280109889,10.81665383,6.32455532,11.66190379,8.246211251,10.29563014,6.32455532,10.29563014,7.071067812,9.433981132,7.071067812,10.81665383,4,9.433981132,6.08276253,9.433981132,6,9.848857802,5.099019514,8.544003745,5.099019514,10.44030651,6,8.544003745,6.08276253,9.486832981,6.32455532,8.246211251,5.099019514,6.32455532,4.123105626,8.246211251,5.099019514,8.062257748,3.605551275,7.071067812,5,7.071067812,5.385164807,7,5.830951895,8.062257748,5.830951895,7.071067812,5.830951895,8.062257748
17.02938637,5.656854249,16.40121947,6.708203932,17.20465053,8.062257748,15.62049935,6.403124237,15,6.403124237,17.49285568,7.810249676,16.64331698,5,15.62049935,5,16.64331698,3.605551275,13.41640786,6.403124237,17.4642492,5.656854249,14.76482306,4.472135955,14.86606875,3.605551275,15.65247584,4.472135955,13.60147051,5,15.65247584,4.242640687,13.41640786,4.242640687,13.41640786,5,12.08304597,5.656854249,13.60147051,3.605551275,11.18033989,3,11.40175425,4.123105626,10.77032961,3.605551275,11.70469991,5,11.04536102,3,12.36931688,4.123105626
20,20,18.60107524,25.49509757,24.20743687,24.18677324,20.61552813,21.9544984,21.26029163,20.59126028,22.02271555,21.54065923,19.79898987,26.92582404,21.9317122,22.47220505,19.20937271,23.85372088,18.38477631,18.86796226,20.80865205,21.63330765,21.09502311,19.72308292,20.80865205,29.73213749,18.35755975,21.40093456,19.41648784,20.80865205,27.51363298,19.41648784,15.8113883,21.26029163,20.61552813,18.60107524,26.2488095,18.02775638,20.61552813,24.8394847,17.72004515,20.59126028,17,23.34523506,20.22374842,19.23538406,18.43908891,24.69817807,17.4642492,24.59674775,15.8113883,23.40939982
30.61045573,10.77032961,27.80287755,10.19803903,29.06888371,8.94427191,29.73213749,9.848857802,29,7.071067812,27.58622845,6.32455532,30.61045573,7.280109889,27.80287755,6.08276253,27.80287755,4.123105626,30,6.08276253,30.47950131,7.071067812,31.90611227,7.280109889,28.01785145,6.403124237,29.41088234,5.656854249,28.60069929,6.403124237,31.90611227,5,30.8058436,7.280109889,28.01785145,8.246211251,32.44996148,8.062257748,30.23243292,10,30.23243292,13,29.68164416,12,28.01785145,15.03329638,30.61045573,17.11724277,30,17,32.01562119,18.11077028
6.08276253,36.87817783,5.099019514,37.20215048,5.099019514,37.20215048,3.16227766,35.51056181,3,35.80502758,3.16227766,36.89173349,2.236067977,34.98571137,1.414213562,32.75667871,2.236067977,31.76476035,2.236067977,32.64965543,3.605551275,34,4.472135955,33.10589071,5.099019514,32.69556545,5.099019514,30.87069808,5,31.78049716,6,32.31098884,5,30.46309242,6.08276253,29.15475947,6,29.73213749,7,29.41088234,7,28.46049894,7.071067812,26.92582404,7,24.73863375,8,26.30589288,8,26.30589288,9.055385138,24.08318916
5.656854249,24.75883681,7.211102551,25.49509757,6.403124237,25.45584412,6.708203932,23.34523506,6.403124237,23.34523506,7.211102551,23.43074903,7.211102551,21.21320344,6.708203932,21.21320344,7.615773106,21.9317122,5.099019514,19.84943324,7.280109889,22.02271555,5.830951895,21.40093456,5.099019514,18.86796226,5.099019514,19.41648784,4.472135955,19.20937271,6.08276253,20.80865205,5.830951895,18.86796226,4,19.20937271,3.605551275,20,4.123105626,19.72308292,3,18.86796226,3.16227766,19.72308292,3.16227766,17,4.123105626,19.23538406,3.16227766,16.55294536,6.08276253,19.31320792
2,28.28427125,1.414213562,29,1,28.28427125,1,26.62705391,4.123105626,24.75883681,0,25.61249695,5.385164807,26.2488095,1.414213562,26.90724809,2.828427125,23.43074903,2,20.51828453,1.414213562,24.41311123,3.605551275,26.07680962,1.414213562,22.6715681,2.828427125,22.6715681,6,21.9317122,0,24.69817807,2.236067977,23.02172887,1.414213562,20.61552813,1,22.8035085,3.16227766,21.1896201,2.828427125,22.20360331,3.605551275,21.47091055,1,22.47220505,2.236067977,22.36067977,2.828427125,22.84731932,1,20.61552813
6.708203932,16.97056275,7.810249676,17.20465053,8.602325267,16.97056275,7.810249676,17.02938637,8.602325267,16.40121947,8.485281374,16.40121947,7.071067812,16.40121947,7.071067812,15.62049935,7.810249676,14.86606875,6.403124237,14.2126704,7.071067812,16.40121947,6.32455532,15.26433752,7.615773106,14.2126704,7.211102551,15,8.062257748,13.45362405,6.708203932,16.40121947,6.403124237,15,5.385164807,12.80624847,6.708203932,13.60147051,6.32455532,13.60147051,5.385164807,13.60147051,6.32455532,13.60147051,6.08276253,12.20655562,7,13.60147051,6.08276253,13.41640786,7.071067812,12.52996409
30.47950131,24.75883681,29,25.49509757,30,25.49509757,25.61249695,25.49509757,24.8394847,24.75883681,26.2488095,25.49509757,23.02172887,22.6715681,23.60084744,20.61552813,21.40093456,18.43908891,23.34523506,18.60107524,25.61249695,19.10497317,25.55386468,15.8113883,24.69817807,15.26433752,25.05992817,17,26.92582404,15.26433752,26.07680962,18.38477631,25.05992817,18.78829423,23.32380758,15.8113883,25.94224354,16.76305461,25.55386468,17.08800749,24.18677324,17.08800749,25.05992817,16.4924225,22.47220505,17.08800749,26,17.2626765,22.84731932,16,24.16609195,18.02775638
38.28837944,3.605551275,39.59797975,6.32455532,38.94868419,7.280109889,35.38361203,8.544003745,33.24154028,4.472135955,32.55764119,7.071067812,29.73213749,5.830951895,29,4.472135955,26.17250466,1.414213562,27.65863337,2,28.31960452,2,25.49509757,3.16227766,27.01851217,0,26.2488095,3.605551275,26.07680962,4,28.01785145,4,28.65309756,2,29.41088234,5.385164807,26.92582404,7,30.41381265,3,28.23118843,4,26.57066051,2.236067977,29.15475947,2.236067977,30.6757233,4.472135955,30.8058436,4.472135955,27.89265136,3.16227766
23.34523506,16.55294536,25.49509757,18.02775638,23.43074903,17.20465053,24.04163056,17.4642492,21.26029163,14.14213562,25,15.62049935,20.61552813,17.20465053,18.02775638,12.72792206,15.55634919,12.72792206,13.60147051,14.4222051,18.60107524,8.94427191,17.02938637,9.219544457,22.02271555,9.433981132,20.51828453,10.63014581,16.2788206,8.94427191,19.10497317,9.433981132,19.41648784,10.29563014,16.40121947,7.810249676,21.09502311,8.485281374,24.18677324,10,19.72308292,9.848857802,21.1896201,9.899494937,20.59126028,9.433981132,23.02172887,7.615773106,19.6977156,10,22.84731932,11.40175425
31.144823,3.605551275,31.144823,3.16227766,30.41381265,4.123105626,30,1,29,2.236067977,26.90724809,1,27.65863337,1,24.8394847,3.605551275,25.61249695,2.828427125,24.20743687,4.123105626,26.2488095,3.605551275,23.43074903,5,25.61249695,4.472135955,24.41311123,5.656854249,24.20743687,4.242640687,25,4.472135955,23.60084744,4.472135955,23.60084744,5.656854249,25.61249695,5.656854249,24.69817807,6.708203932,24.41311123,3.605551275,26.07680962,5,23.60084744,3.605551275,24.41311123,5.656854249,23.02172887,3.605551275,24.18677324,2.828427125
25.61249695,17.80449381,26.2488095,17.80449381,27.01851217,16.64331698,27.58622845,15.8113883,26.87005769,17.02938637,26.90724809,18.02775638,25.49509757,15.8113883,24.08318916,14.4222051,24.04163056,15.8113883,24.75883681,15,24.8394847,16.40121947,22.8035085,17.20465053,23.43074903,17.02938637,24.08318916,17.02938637,24.20743687,15,24.8394847,17.80449381,23.60084744,17.02938637,23.60084744,17.80449381,24.41311123,17.02938637,23.85372088,17.69180601,24.20743687,14.86606875,23.60084744,15.55634919,23.02172887,14.86606875,23.32380758,15.55634919,23.70653918,15.62049935,23.2594067,14.86606875
9.486832981,3.16227766,8.544003745,3,9.486832981,4,9.848857802,5,8.544003745,2.236067977,10,5.099019514,9.433981132,4.123105626,9.219544457,5.385164807,10.63014581,4.242640687,8.485281374,4.242640687,12.20655562,5.656854249,10.81665383,5.656854249,11.18033989,5,11.66190379,4.123105626,11.66190379,4.123105626,10.81665383,5.385164807,10.29563014,5,12.08304597,6.08276253,10.77032961,4.472135955,12.08304597,7.071067812,10.77032961,5.099019514,10.77032961,5.099019514,10.77032961,6,11.18033989,7.071067812,9.219544457,6.08276253,9.219544457,6
28.42534081,11.40175425,27.20294102,11.18033989,27.29468813,10.04987562,27.20294102,11.18033989,23.85372088,12.64911064,26.62705391,11.66190379,23.70653918,9.486832981,21.9544984,13.92838828,20.80865205,13.89244399,22.82542442,14.2126704,25.07987241,20.24845673,23.70653918,19.79898987,25.23885893,21.9317122,26.92582404,19.79898987,26.40075756,21.21320344,28.60069929,21.21320344,28.3019434,21.9317122,28.8444102,23.43074903,31.2409987,20.61552813,29.83286778,20.51828453,33.9705755,17.80449381,31.82766093,16.97056275,31.144823,18.60107524,32.52691193,21.21320344,29.69848481,19.84943324,31.89043744,21.40093456
18.43908891,33.52610923,12.04159458,33.52610923,15.55634919,35.44009029,11.70469991,37.94733192,12.04159458,35.4682957,13.03840481,29.15475947,12.52996409,32.20248438,12.04159458,26.41968963,13,31.78049716,21.09502311,29.15475947,17.02938637,32.01562119,21.1896201,28.3019434,18.43908891,25.05992817,17.4642492,22.47220505,21.02379604,21.21320344,22.02271555,19.41648784,26.30589288,23.43074903,26.92582404,16.97056275,25.70992026,20.61552813,29.15475947,13.03840481,27.16615541,13.45362405,28.86173938,11.66190379,31.144823,11.70469991,34.0147027,9.055385138,33.13608305,11.04536102,35.0142828,12.36931688
11.18033989,12.04159458,8.485281374,10.63014581,8.602325267,7.211102551,8.602325267,8.602325267,5.656854249,8.94427191,7.615773106,7.615773106,7.615773106,6.708203932,6.403124237,5.656854249,7.615773106,5,5.830951895,5.099019514,8.062257748,5.830951895,9.433981132,3,6.708203932,2.828427125,8.544003745,5,9.848857802,5,10.77032961,2.236067977,9.486832981,4.242640687,10.29563014,4.472135955,9.055385138,5,9.848857802,5.656854249,7.071067812,3.605551275,5.099019514,6.403124237,9.219544457,6.08276253,9.486832981,6,8.062257748,5.385164807,7.615773106,7.280109889
4.123105626,6,4.123105626,8,3.605551275,8.062257748,3,7.280109889,4.123105626,7.615773106,5,7.071067812,3.16227766,7.615773106,3,6.708203932,2.236067977,6.708203932,1.414213562,8.544003745,1.414213562,10.63014581,2,8.602325267,3.16227766,11.40175425,2.236067977,11.40175425,2.236067977,11.40175425,2.236067977,11.66190379,4,11.40175425,3.16227766,10.63014581,3.605551275,10.63014581,3.605551275,12.04159458,3.605551275,10.81665383,3.16227766,11.40175425,4.123105626,11.40175425,4.123105626,12.04159458,7.071067812,12.72792206,5.099019514,11.40175425
4.123105626,42.43819035,7.280109889,36.40054945,6.403124237,35.60898763,7.071067812,34.40930107,5.656854249,28.42534081,5.656854249,29,5.385164807,24.75883681,3.16227766,23.34523506,0,22.6715681,1,23.34523506,3.16227766,28.60069929,4.123105626,26.2488095,6.32455532,24.20743687,5,26.92582404,4.123105626,26.07680962,7.280109889,28.60069929,4.472135955,28.60069929,6.708203932,27.01851217,1,25.23885893,2,28.3019434,2.236067977,28.01785145,3.605551275,27.29468813,2.236067977,23.85372088,2,26.41968963,3.16227766,26.40075756,3,26.41968963
16.76305461,4.123105626,15.8113883,5.099019514,17.08800749,6,16.1245155,8.062257748,17,7.071067812,16.1245155,7.071067812,16.64331698,6.32455532,15.8113883,6.32455532,16.40121947,7.280109889,16.97056275,7.280109889,18.43908891,6.708203932,19.10497317,6.708203932,18.38477631,7.211102551,19.79898987,5,20.51828453,6.708203932,20.51828453,5.656854249,19.84943324,5.656854249,19.79898987,6.403124237,20.51828453,5,20,5.830951895,20.61552813,4.242640687,20,6.32455532,19.20937271,6.32455532,20.61552813,7.280109889,20,6.08276253,18.60107524,7.071067812
9.848857802,21.26029163,6.708203932,24.41311123,8,23.60084744,5.099019514,21.09502311,4,24.59674775,4.472135955,28.17800561,1,27.85677655,3.16227766,26.92582404,4.242640687,27.51363298,3.16227766,30.6757233,8.246211251,32.28002478,10,32.28002478,12.04159458,31.78049716,14.86606875,32.75667871,13.60147051,30.3644529,18.43908891,30.08321791,19.84943324,28.46049894,19.41648784,25.29822128,20.24845673,26.2488095,24.18677324,25.70992026,25.05992817,23.76972865,25.49509757,20.88061302,25.07987241,21.1896201,30.46309242,20.88061302,30.46309242,19.92485885,29.73213749,17.72004515
26.40075756,5.385164807,29.06888371,7.810249676,28.31960452,8.94427191,24.75883681,5.830951895,24.04163056,7.810249676,26.17250466,9.219544457,22.8035085,10.44030651,26.40075756,8.246211251,23.34523506,9.219544457,27.20294102,9.055385138,28.01785145,9.219544457,31.06444913,7.280109889,30.23243292,5.830951895,30,6.32455532,30.8058436,7.810249676,33.01514804,6.403124237,32.44996148,3.605551275,28.42534081,5,31.6227766,4.123105626,31.90611227,5.099019514,32.44996148,7.071067812,30.88689042,10.04987562,32.20248438,9.219544457,33.01514804,14.14213562,29.41088234,12.16552506,30.8058436,15.65247584
20.59126028,27.80287755,21.09502311,27.65863337,20,26.90724809,19.41648784,27.45906044,17.49285568,25,17.49285568,29.15475947,16.97056275,26.92582404,15.62049935,25.05992817,14.4222051,25.49509757,12.80624847,25.94224354,15.8113883,28.65309756,14.31782106,27.78488798,16.15549442,26.83281573,15.65247584,26.92582404,13.41640786,28.3019434,14.86606875,27.78488798,15.8113883,27.45906044,12.64911064,25.23885893,16.76305461,27.29468813,15.29705854,26.41968963,16.2788206,26.41968963,16.2788206,24.69817807,18,22.82542442,16.1245155,24.41311123,18.24828759,24.41311123,19.6468827,24.18677324
26.92582404,10.04987562,27.29468813,11.18033989,28.42534081,10.63014581,29.41088234,11.40175425,27.01851217,9.433981132,29.83286778,15.23154621,29.73213749,13.34166406,28.28427125,13.15294644,29.73213749,15.8113883,26.2488095,18.02775638,30.61045573,18.43908891,30.8058436,18.11077028,30.52867504,20,30.01666204,17.02938637,29.52964612,18.11077028,31.38470965,18.02775638,29.96664813,18.02775638,32.31098884,16,31.78049716,16.03121954,30.46309242,16.1245155,31.95309062,17.2626765,32.89376841,16.1245155,30.6757233,14.31782106,37.33630941,14.76482306,34.17601498,15.8113883,37.33630941,16.1245155
24.75883681,26.90724809,29.20616373,28.60069929,25.8069758,21.9317122,20.51828453,20.61552813,19.84943324,20,20.24845673,19.84943324,18.02775638,18.38477631,17.49285568,17.88854382,11.40175425,17.69180601,13.89244399,18.02775638,10.63014581,22.02271555,9.219544457,22.47220505,7.615773106,23.02172887,8.062257748,27.78488798,7.280109889,27.20294102,10.81665383,27.45906044,9.219544457,28.42534081,6.708203932,27.58622845,10.81665383,27.65863337,10.44030651,33.60059523,16.76305461,33.24154028,15.03329638,32.55764119,13.15294644,32.64965543,15.29705854,33.60059523,16.03121954,34.82814953,21.02379604,35.22782991
8.062257748,11.18033989,9.486832981,9.848857802,8.544003745,11.18033989,7.615773106,10.29563014,7.615773106,9.219544457,9.486832981,10.81665383,9.848857802,11.40175425,8.94427191,10.63014581,9.433981132,12.80624847,9.219544457,10.63014581,10,11.40175425,10.81665383,12.20655562,8.485281374,11.66190379,9.219544457,11.40175425,8.485281374,12.20655562,9.433981132,12.80624847,9.219544457,12.04159458,10.63014581,11.40175425,10,13.89244399,8.94427191,12.20655562,8.544003745,12.20655562,10.29563014,12.20655562,9.848857802,12.52996409,10.29563014,12.80624847,11.18033989,12.20655562,12.08304597,13.03840481
8.485281374,18.60107524,11.40175425,19.72308292,7.810249676,19.6977156,10,20,8.062257748,18.02775638,6.708203932,20.80865205,8.602325267,17.49285568,10.81665383,15.62049935,8.246211251,17.69180601,8.94427191,16.40121947,10.29563014,17.02938637,10,16.64331698,7.810249676,17.69180601,10.29563014,14.86606875,9.899494937,14.86606875,9.219544457,15.8113883,9.848857802,15.62049935,9.219544457,13.45362405,10.77032961,16.2788206,9.219544457,16.2788206,10.81665383,14.86606875,10.29563014,17.69180601,10.44030651,15.8113883,11.40175425,16.97056275,10.81665383,16.2788206,10.77032961,17.20465053
7.071067812,15.23154621,5.830951895,14.76482306,4.242640687,19.23538406,3.605551275,18.60107524,1,22.36067977,1,19.20937271,3.605551275,23.85372088,4.472135955,27.29468813,3.605551275,26.40075756,4.472135955,27.78488798,6.403124237,28.3019434,6,31.78049716,7.071067812,28.63564213,6.08276253,29.54657341,8.062257748,28.46049894,9.055385138,33.10589071,8.544003745,32.20248438,7.615773106,33.83784863,7.615773106,37.58989226,10.44030651,35.11409973,7.615773106,35.4682957,10.04987562,37.16180835,9.219544457,35.17101079,8,39.84971769,6.708203932,37.33630941,5.830951895,41.59326869
4.472135955,12.36931688,4.472135955,12.64911064,4.472135955,13.60147051,3,12.64911064,3.16227766,12.52996409,2.828427125,12.08304597,2.236067977,12.08304597,5,12.08304597,4.123105626,10.77032961,4.472135955,10.29563014,4.123105626,11.18033989,3.605551275,10.77032961,5,8.602325267,4,8.485281374,4,8.485281374,5.099019514,9.219544457,5.099019514,9.219544457,5.099019514,7.810249676,4,7.810249676,6.32455532,7.810249676,5,7.810249676,6,7.071067812,6.08276253,8.485281374,7,6.708203932,6.32455532,8.062257748,7.280109889,9.219544457
25.3179778,47.5394573,18.43908891,45.22167622,16.4924225,46.81879964,18.02775638,47.16990566,13.15294644,40.85339643,9.219544457,37.33630941,11.40175425,35.35533906,6.08276253,32.44996148,3.605551275,32.69556545,4.242640687,35.4682957,3,36.87817783,10.63014581,30.47950131,5.656854249,27.80287755,6.32455532,34.13209633,5.385164807,30.88689042,7.211102551,29.52964612,8,33.61547263,7.280109889,28.23118843,8.062257748,29.54657341,10,29.73213749,7.071067812,28.23118843,17.80449381,26.40075756,16.03121954,25.94224354,21.1896201,27.78488798,23.76972865,28.01785145,25.96150997,25.94224354
11.40175425,21.63330765,12.04159458,20.61552813,12.72792206,23.02172887,12.20655562,22.627417,12.04159458,22.20360331,13.03840481,21.9317122,13.03840481,20.80865205,7.810249676,24.18677324,14.31782106,17.02938637,17.08800749,20.61552813,11.66190379,26.92582404,15.23154621,22.02271555,15.23154621,23.43074903,15.26433752,24.41311123,17.4642492,21.63330765,18.02775638,25.8069758,16.55294536,25.55386468,16.15549442,25.05992817,17.88854382,28.01785145,17.4642492,27.20294102,18.02775638,28.01785145,17.08800749,25.55386468,19.6977156,26.62705391,19.31320792,29.15475947,18.78829423,29.41088234,18.97366596,28.3019434
11.66190379,8.062257748,13.03840481,9.219544457,11.40175425,9.433981132,11.66190379,8.602325267,12.04159458,9.433981132,12.80624847,8.485281374,12.04159458,9.899494937,11.3137085,8.485281374,12.04159458,10.63014581,12.20655562,8.485281374,14.2126704,9.219544457,12.80624847,9.219544457,12.04159458,9.219544457,12.20655562,11.3137085,12.80624847,10.63014581,13.60147051,11.3137085,12.80624847,11.3137085,13.03840481,10.63014581,13.03840481,11.3137085,13.41640786,9.899494937,12.52996409,11.3137085,13.03840481,12.04159458,13.03840481,10.63014581,14.76482306,10.63014581,15.26433752,12.04159458,15.26433752,10.63014581
28.17800561,19.20937271,28.17800561,18.43908891,26.92582404,19.79898987,26.07680962,20.80865205,23.85372088,18.38477631,25.23885893,20.61552813,22.8035085,21.63330765,22.02271555,21.09502311,22.6715681,19.41648784,21.26029163,18.02775638,24.08318916,21.09502311,21.9317122,20.59126028,23.34523506,19.72308292,22.627417,19.72308292,22.6715681,19.41648784,24.20743687,20.24845673,21.09502311,19.72308292,23.85372088,17.20465053,23.85372088,19.20937271,22.47220505,18.35755975,25.23885893,18.60107524,23.32380758,18.35755975,23.76972865,15.26433752,29.96664813,16.1245155,28.17800561,14.76482306,31.76476035,17
8.544003745,7.615773106,9.219544457,7.615773106,9.486832981,9.486832981,9.433981132,10.04987562,7.280109889,7.280109889,8.246211251,8.544003745,8.544003745,8.246211251,6.32455532,7.280109889,6,8.246211251,6.08276253,6.32455532,8,8,8,8.062257748,6.08276253,7,5,7.071067812,5.385164807,5,5.385164807,7,5.099019514,6.08276253,5.385164807,6.08276253,6.403124237,5.099019514,5.830951895,5.099019514,6.403124237,3,6.403124237,4,6.403124237,3,6.708203932,3,6.32455532,3.16227766,7.810249676,2
17.08800749,20.61552813,17,19.20937271,17.49285568,20.51828453,16.1245155,20.61552813,18.02775638,19.79898987,19.20937271,21.9317122,18.60107524,20.51828453,18.60107524,19.79898987,18.43908891,19.84943324,18.60107524,21.26029163,22.02271555,23.02172887,19.79898987,23.60084744,20.51828453,23.85372088,20,24.41311123,19.84943324,21.09502311,22.8035085,24.18677324,20.61552813,24.69817807,21.09502311,26.41968963,22.8035085,26.07680962,22.6715681,24.18677324,23.60084744,25.05992817,24.20743687,26.41968963,21.26029163,26.83281573,23.02172887,33.10589071,23.43074903,31.30495168,23.60084744,31.78049716
17.20465053,4.472135955,17.80449381,2.236067977,18.60107524,3.16227766,18.02775638,2,17.20465053,3.16227766,17.20465053,2.828427125,18.02775638,4.242640687,17.80449381,2.236067977,16.40121947,3.16227766,17.20465053,3,17.80449381,5.099019514,17.20465053,5,17.20465053,5,16.2788206,5.099019514,16.2788206,6,16.2788206,5.385164807,17.69180601,5.385164807,14.86606875,5.830951895,14.86606875,5,14.86606875,5.830951895,15.55634919,5.830951895,14.86606875,5.656854249,14.14213562,6.403124237,16.2788206,7.810249676,15.55634919,7.810249676,16.2788206,7.211102551
21.21320344,13.41640786,22.02271555,13.60147051,22.6715681,13.03840481,23.85372088,12.80624847,23.43074903,12.80624847,23.60084744,12.20655562,23.43074903,11.40175425,22.47220505,10.63014581,22.47220505,10.63014581,19.23538406,10.63014581,23.32380758,12.80624847,22.82542442,12.04159458,23.70653918,10.63014581,21.02379604,10.81665383,21.02379604,10.81665383,23.2594067,12.20655562,20.1246118,11.40175425,18.78829423,10.81665383,19.31320792,10.81665383,19.31320792,10.81665383,19.31320792,10.29563014,18.02775638,10.81665383,15.8113883,10.29563014,16.76305461,11.18033989,17.4642492,10.81665383,16.4924225,12.20655562
30.47950131,5,31.2409987,3.16227766,31.82766093,4.242640687,31.40063694,1.414213562,31.2409987,1.414213562,30.47950131,1.414213562,30.61045573,2,29.06888371,1,29.20616373,1,27.01851217,3,30.8058436,2.236067977,28.01785145,2.828427125,28.01785145,2.236067977,27.80287755,2.828427125,26.62705391,2.828427125,29.41088234,4.242640687,27.80287755,2.828427125,25.61249695,4.472135955,26.40075756,3.16227766,25.23885893,4.472135955,25.8069758,4.242640687,25.55386468,3.605551275,23.02172887,5,23.85372088,5.099019514,24.69817807,4.472135955,23.70653918,5.099019514
2.236067977,18.38477631,2.236067977,19.79898987,2.828427125,19.79898987,3,19.79898987,2.236067977,18.43908891,2.236067977,19.84943324,3.16227766,19.20937271,3.605551275,19.10497317,2.828427125,18.43908891,2,18.43908891,2.236067977,20.61552813,2,19.10497317,2.236067977,18.43908891,2.236067977,19.20937271,2.828427125,19.84943324,2.236067977,21.26029163,2.828427125,20.61552813,1.414213562,20.80865205,2.828427125,21.26029163,2.236067977,19.84943324,2.828427125,20,3.605551275,20.61552813,2.236067977,18.60107524,2.236067977,21.40093456,3.605551275,22.02271555,2.828427125,20.61552813
17.20465053,18.86796226,16.40121947,19.20937271,17.80449381,18.02775638,19.10497317,18.60107524,18.38477631,17.49285568,18.38477631,17.20465053,18.38477631,17.49285568,15.62049935,16.64331698,17.02938637,15.8113883,15.8113883,17.69180601,18.60107524,17.80449381,17,16.64331698,17,17.02938637,17,16.40121947,16.64331698,14.86606875,17.88854382,16.2788206,17,15.55634919,16.1245155,16.2788206,15.65247584,16.2788206,16.76305461,16.2788206,14.76482306,14.86606875,16.15549442,14.2126704,14.86606875,12.72792206,15.5241747,13.45362405,15.8113883,13.45362405,14.31782106,14.86606875
2,13.89244399,3,13.89244399,2.236067977,14.4222051,2.236067977,13.60147051,2.828427125,13.89244399,3,14.4222051,4,15.26433752,3.16227766,13.60147051,3.16227766,15.26433752,1.414213562,13.41640786,2.236067977,15.8113883,3.16227766,15,3.16227766,14.4222051,3.16227766,15,4.123105626,15,3.16227766,17.20465053,4.472135955,15.8113883,2,16.64331698,3.16227766,16.64331698,2.236067977,15,3.605551275,17.20465053,3.605551275,16.40121947,3.605551275,16.64331698,2.828427125,18.60107524,5,17.02938637,2.236067977,18.43908891
13,2.236067977,24.20743687,4.123105626,19.72308292,18.11077028,16,19.41648784,17.02938637,11.04536102,9.055385138,4.123105626,14.76482306,4.123105626,16.64331698,7.280109889,19,10.04987562,15.8113883,20.09975124,22.8035085,19.31320792,23.60084744,5.830951895,21.02379604,14.31782106,25.61249695,14.86606875,18.35755975,8.602325267,14.86606875,9,22.36067977,8.246211251,9.486832981,21.21320344,14.2126704,20,13.92838828,19,19.72308292,19.10497317,14.56021978,17.02938637,13.15294644,24.51530134,15.26433752,23.19482701,14.76482306,27.07397274,11.40175425,25.07987241
10.77032961,13.60147051,10.29563014,16.1245155,12.20655562,15.03329638,9.433981132,13.15294644,11.3137085,11.04536102,10,14.03566885,9.433981132,13.15294644,9.899494937,10.29563014,14.86606875,11.18033989,24.35159132,11.18033989,10.81665383,9.848857802,10.44030651,9.055385138,9.055385138,9.219544457,10.04987562,8.246211251,10.19803903,7.071067812,10.04987562,9.486832981,9,8.062257748,9.055385138,6.08276253,10,8.246211251,10.19803903,7.071067812,10.19803903,7,12.16552506,6.08276253,8.544003745,6.08276253,8.94427191,4.123105626,11.70469991,5.385164807,10.77032961,5.830951895
11.40175425,19.10497317,13.34166406,18.02775638,14.31782106,14.4222051,15,12.72792206,10.77032961,14.4222051,9,18.35755975,7.211102551,19.10497317,4.242640687,20.1246118,5.385164807,17.72004515,9.219544457,13.03840481,13.34166406,9.055385138,15.26433752,6.32455532,19.10497317,5.656854249,18.35755975,7.810249676,16.55294536,8.94427191,14.86606875,11,10,8.602325267,10.63014581,9.486832981,15.55634919,12.04159458,18.02775638,11.70469991,19.72308292,8.246211251,14.31782106,3.16227766,9.055385138,6.708203932,2.828427125,15.65247584,3.16227766,20.61552813,5.099019514,24.41311123
29.06888371,16.1245155,30,14.03566885,28.60069929,13.60147051,27.78488798,12,28.01785145,12.64911064,28.3019434,13,28.65309756,14.4222051,27.31300057,13.45362405,27.73084925,12.72792206,25.05992817,12.04159458,25.49509757,15,27.31300057,14.31782106,26.92582404,16.64331698,27.29468813,14.31782106,26.92582404,15.65247584,27.29468813,18.38477631,28.17800561,18.38477631,25.23885893,20.88061302,27.80287755,20.88061302,27.20294102,19.92485885,27.20294102,21.58703314,28.8444102,20.61552813,26.40075756,21.84032967,28.8444102,25.70992026,27.45906044,24.51530134,28.01785145,25.3179778
19.10497317,6.08276253,18.38477631,7.071067812,19.10497317,6.08276253,20,6,18.43908891,5,19.20937271,5,18.60107524,5,17.20465053,4.123105626,17,4,17.20465053,5.830951895,17.88854382,5,16.55294536,5.830951895,17,4.242640687,16.55294536,5.385164807,17.88854382,3.605551275,18.78829423,4.472135955,18.38477631,4.242640687,14.31782106,5.385164807,17.4642492,5,17.72004515,5.099019514,16.15549442,4.123105626,15.8113883,5,14.56021978,6.08276253,15.29705854,6,15.29705854,6.08276253,16.2788206,7
5.830951895,1,5.656854249,1.414213562,5.830951895,2.236067977,4.472135955,1.414213562,5,3.605551275,2.828427125,3.16227766,3.605551275,3.605551275,2.236067977,3.605551275,2.236067977,5,3.605551275,6.403124237,3.605551275,6.403124237,5.099019514,6.403124237,5,6.403124237,4.472135955,7.810249676,4.472135955,7.211102551,6.32455532,8.94427191,5,8.062257748,6.403124237,7.280109889,7.211102551,8.602325267,7.615773106,8.062257748,7.615773106,8.246211251,7.211102551,8.246211251,7.810249676,8.246211251,8.062257748,9.055385138,6.403124237,9,7.211102551,9.055385138
28.31960452,15.65247584,27.80287755,15.26433752,26.90724809,14.76482306,27.80287755,15,27.65863337,13.60147051,29.06888371,12.80624847,26.40075756,14.2126704,27.01851217,12.72792206,27.80287755,12.04159458,29.73213749,12.80624847,31.144823,14.14213562,29.06888371,12.80624847,29.06888371,13.41640786,30.41381265,14.76482306,30.47950131,13.41640786,32.52691193,15.65247584,31.11269837,15.65247584,31.144823,13.41640786,32.52691193,15.65247584,30.47950131,14.56021978,31.89043744,17.4642492,30.61045573,15.5241747,30,13.60147051,32.80243893,16.15549442,31.40063694,16.2788206,32.44996148,17.4642492
11.18033989,18.35755975,10.29563014,18.35755975,11.66190379,18.02775638,11.40175425,18.86796226,11.40175425,16.40121947,10.81665383,15.8113883,11.40175425,15,10,15.26433752,9.219544457,15.8113883,9.219544457,15.8113883,10,17.20465053,10,17.49285568,10.63014581,17.49285568,10,16.64331698,8.94427191,15.8113883,10.29563014,17.20465053,10.81665383,16.40121947,8.94427191,15,10.29563014,15.8113883,10.19803903,15,11.70469991,14.4222051,10.77032961,15,9.848857802,14.2126704,10.19803903,15.62049935,12.04159458,14.2126704,11,14.86606875
10.81665383,3.605551275,11.66190379,4.123105626,10.81665383,4.472135955,9.219544457,4.472135955,7.810249676,1.414213562,6.403124237,4.242640687,6.403124237,3.605551275,7.071067812,2.828427125,7.211102551,2,5,2.236067977,6.708203932,2,5,1,7.810249676,2.236067977,7.211102551,2,6.403124237,3.16227766,6.403124237,3.16227766,5.385164807,3.16227766,6.708203932,2.828427125,6.32455532,4.472135955,7.211102551,3.605551275,7.280109889,5.099019514,10.29563014,4.123105626,8.544003745,3.605551275,9.486832981,6.32455532,9.848857802,6.32455532,9.848857802,4.472135955
8.062257748,12.08304597,9.433981132,12.52996409,8.602325267,12.08304597,9.433981132,10.81665383,9.433981132,11.66190379,10,12.80624847,9.433981132,12.20655562,10.81665383,11.40175425,10.81665383,12.04159458,10,11.40175425,12.80624847,14.14213562,11.40175425,14.14213562,10,13.45362405,11.40175425,14.86606875,10.81665383,14.86606875,12.04159458,16.2788206,10.63014581,14.86606875,11.40175425,14.86606875,11.40175425,14.86606875,10.81665383,15,10.29563014,14.86606875,8.94427191,15.55634919,9.848857802,14.14213562,10.77032961,14.86606875,10.77032961,14.86606875,11.70469991,14.86606875
4.242640687,19.41648784,3.605551275,19.41648784,3.605551275,22.20360331,6.08276253,21.40093456,4.123105626,23.02172887,5.099019514,24.20743687,2.236067977,24.8394847,4.472135955,25.61249695,3.16227766,24.8394847,2.236067977,24.8394847,4,29.83286778,4,28.31960452,4.123105626,28.28427125,2,32.64965543,4.242640687,31.89043744,4.242640687,34.82814953,4.472135955,33.01514804,4.242640687,33.28663395,6.32455532,34.40930107,6.708203932,33.01514804,5.385164807,33.28663395,6.708203932,34.98571137,9.899494937,35.34119409,8.602325267,39.35733731,6.708203932,37.12142239,8.062257748,40.31128874
3.605551275,6.708203932,5,7.211102551,2.236067977,6.708203932,3.605551275,7.071067812,2.828427125,6.32455532,4.123105626,6.403124237,4.242640687,6.403124237,4.242640687,7.071067812,5.656854249,6.403124237,5.656854249,6.403124237,7.071067812,7.071067812,6.403124237,8.602325267,7.810249676,8.062257748,6.403124237,7.810249676,5.830951895,8.485281374,8.602325267,9.219544457,6.403124237,9.219544457,8.062257748,8.602325267,6.708203932,9.219544457,7.615773106,10.29563014,7.280109889,10.81665383,7.071067812,10.29563014,7.071067812,9.219544457,8.062257748,8.602325267,8.062257748,8.602325267,9.219544457,8.602325267
3.605551275,10,2.236067977,9.899494937,2.236067977,9.433981132,1.414213562,10.63014581,2.236067977,9.219544457,2.828427125,10,1,9.899494937,2,10.29563014,2.236067977,10.81665383,2.236067977,10,2.236067977,11.66190379,2.236067977,11.18033989,2.828427125,10.77032961,4.123105626,10.77032961,4.123105626,11.18033989,5,11.18033989,4,11.70469991,5.385164807,9.848857802,5.385164807,11.18033989,6.08276253,11.70469991,6.32455532,11.18033989,6.32455532,9.848857802,7.280109889,9.219544457,8.544003745,9.219544457,7.615773106,9.486832981,8.94427191,9.486832981
11.18033989,4.123105626,13.03840481,4.123105626,12.52996409,7.071067812,13.03840481,5,11.18033989,5.656854249,8.94427191,5,10,6.403124237,12.20655562,6.708203932,11.40175425,5.099019514,12.52996409,2.236067977,13.60147051,7.071067812,13.60147051,5.099019514,12.20655562,5,12.20655562,5,11.3137085,6.08276253,13.45362405,7.071067812,12.72792206,7.071067812,11.40175425,5.385164807,12.72792206,6,11.3137085,6.708203932,12.04159458,6.32455532,10.63014581,6.32455532,10.81665383,6.32455532,11.40175425,7.615773106,11.40175425,5.830951895,11.40175425,6.403124237
17.88854382,9.219544457,20.61552813,10,19.6468827,10.81665383,19.41648784,11.40175425,20.22374842,12.80624847,19.10497317,11.66190379,22.02271555,12.80624847,20.02498439,12.80624847,21.02379604,14.4222051,21.37755833,14.4222051,25.3179778,16.1245155,23.76972865,16.1245155,24.04163056,16.64331698,24.73863375,16.55294536,28.16025568,17.4642492,30.6757233,19.23538406,30.08321791,20.1246118,29.41088234,19.92485885,33.61547263,20.61552813,33.10589071,22.13594362,34.53983208,21.1896201,35.34119409,23.08679276,34.53983208,23.76972865,37.57658846,26.57066051,37.16180835,25.49509757,37.12142239,26.92582404
12,21.40093456,12.16552506,22.627417,14.31782106,19.84943324,14.14213562,20.80865205,13.92838828,22.84731932,13.60147051,20.24845673,14.56021978,19.31320792,11.04536102,18.78829423,10.44030651,22.36067977,11.3137085,23.08679276,11.66190379,25.17935662,11.66190379,25,10.81665383,25.01999201,10.63014581,28.0713377,10.63014581,29.06888371,10,30.14962686,10,32.55764119,10.77032961,36.34556369,11.66190379,34.36568055,9.219544457,35.51056181,11.40175425,39.05124838,12.08304597,39.05124838,12.36931688,40.79215611,16.1245155,44.64302857,15.13274595,43.68065934,16.03121954,44.92215489
27.58622845,10,24.75883681,10.29563014,26.2488095,10.63014581,26.17250466,10.44030651,25.49509757,9.899494937,24.75883681,11.3137085,23.43074903,12.72792206,22.02271555,10.63014581,21.40093456,11.3137085,20,7.071067812,25.49509757,10,22.627417,7.071067812,21.9317122,7.071067812,22.627417,8.062257748,20.51828453,8.602325267,24.75883681,8.602325267,22.6715681,8.062257748,21.9317122,5.830951895,23.43074903,8.062257748,22.02271555,6.708203932,21.26029163,7.810249676,22.8035085,7.211102551,22.02271555,7.211102551,24.08318916,6.403124237,23.02172887,8.602325267,24.41311123,7.211102551
14.14213562,4.242640687,14.14213562,2.828427125,14.86606875,3.605551275,15,2.236067977,15.55634919,2.236067977,16.2788206,1,16.2788206,1,15.55634919,1,16.2788206,1,15.55634919,2.828427125,18.38477631,2.828427125,17.69180601,3.605551275,19.10497317,3.16227766,17.69180601,3.605551275,17.69180601,4.123105626,18.43908891,5.385164807,18.60107524,5.385164807,18.02775638,5,18.60107524,5,17.80449381,5.830951895,17.49285568,4.472135955,17.20465053,5.385164807,16.64331698,5,18.86796226,6.403124237,19.41648784,4.242640687,18.86796226,5
24.69817807,4.123105626,23.32380758,7.280109889,24.41311123,2.236067977,24.18677324,4.123105626,22.84731932,4.123105626,21.09502311,5.385164807,20.1246118,1,18.78829423,3.16227766,20.1246118,2.236067977,21.02379604,4.123105626,20.61552813,4.123105626,19.92485885,2,17.72004515,4.123105626,18.43908891,3,16.4924225,4,19.23538406,4,15.13274595,5.099019514,14.14213562,5,16.03121954,6.32455532,15.03329638,5.385164807,15.03329638,7.280109889,16.1245155,5.830951895,13.03840481,7.071067812,14.03566885,5,15,7.071067812,16.03121954,7.810249676
14.31782106,10,16.03121954,12.20655562,19.02629759,10.63014581,20,12.20655562,19.02629759,12.08304597,24,9.848857802,22.36067977,12.52996409,24.18677324,10.44030651,24.18677324,13,28.0713377,10.77032961,30.2654919,13.60147051,28.63564213,12.08304597,27.65863337,11.18033989,30.59411708,13.41640786,31.78049716,12.36931688,32.75667871,15.5241747,33.54101966,13.92838828,36.67424164,15.5241747,37.10795063,12.36931688,34.92849839,13.60147051,37.10795063,14.86606875,36.40054945,17.2626765,36.68787266,15.8113883,41.48493703,20.24845673,38.27531842,18.02775638,40.85339643,20.1246118
9.219544457,29.83286778,8.246211251,30.23243292,9,30.8058436,7.071067812,32.24903099,3.16227766,32.24903099,4,32.75667871,2,31.30495168,2,30.88689042,4,30.41381265,5.385164807,29.52964612,7.615773106,32.20248438,8.94427191,30.41381265,10.29563014,30.88689042,9.848857802,29.15475947,11.18033989,26.92582404,12.08304597,30.52867504,13.60147051,27.45906044,15.8113883,25.8069758,15.5241747,29.41088234,17.08800749,25.23885893,17.72004515,27.20294102,18.02775638,25,20.39607805,22.6715681,23.34523506,24.8394847,23.34523506,25.8069758,25.17935662,25
22,64.66065264,26,64.38167441,23.08679276,63.12685641,28.28427125,58.6003413,19.02629759,55.1724569,24.08318916,58.89821729,19.41648784,63.81222453,21.54065923,53.85164807,21.9317122,77.07788269,42.95346319,79.88116173,28.3019434,69.35416354,17.2626765,63.56099433,21.58703314,65.11528238,19,55.54277631,16.1245155,56.71860365,14.31782106,68.8839604,19.20937271,64.03124237,16.15549442,59.07622195,14.03566885,64.07027392,10.77032961,58.03447251,5,61.20457499,5.099019514,52.88667129,7.810249676,49.03060269,11.66190379,65.1459899,12.64911064,58.30951895,12.16552506,59.09314681
25.61249695,10,27.65863337,8.544003745,27.65863337,9.219544457,27.29468813,7.280109889,27.80287755,8.94427191,26.92582404,5.385164807,29.15475947,5.830951895,27.78488798,6.403124237,28.8444102,7.071067812,28.01785145,5,31.06444913,7.071067812,30.01666204,7.071067812,32.75667871,6.708203932,31.40063694,8.062257748,31.40063694,7.071067812,31.89043744,8.544003745,30.41381265,8.544003745,30.41381265,7.615773106,32.52691193,9.848857802,31.144823,8.544003745,34.05877273,9.433981132,32.20248438,8.94427191,32.75667871,8.602325267,38.01315562,7.615773106,34.66987165,10.29563014,37.58989226,5.830951895
17.80449381,24.41311123,17.69180601,23.85372088,16.2788206,23.70653918,14.2126704,26.83281573,15.55634919,24.16609195,16.40121947,26.40075756,13.89244399,27.31300057,11.66190379,28.23118843,12.08304597,25.63201124,12.64911064,24.73863375,13.15294644,27.85677655,12.16552506,26.92582404,13.15294644,24.35159132,13.03840481,23.76972865,14.03566885,23.76972865,13.34166406,25.07987241,15.13274595,24.59674775,13.60147051,23.02172887,14.31782106,25.23885893,17.08800749,24.69817807,14.4222051,25.49509757,16.64331698,26.17250466,15.26433752,23.60084744,17.02938637,26.62705391,18.60107524,27.45906044,19.84943324,28.8444102
21.21320344,13.41640786,22.02271555,13.60147051,22.6715681,13.03840481,23.85372088,12.80624847,23.43074903,12.80624847,23.60084744,12.20655562,23.43074903,11.40175425,22.47220505,10.63014581,22.47220505,10.63014581,19.23538406,10.63014581,23.32380758,12.80624847,22.82542442,12.04159458,23.70653918,10.63014581,21.02379604,10.81665383,21.02379604,10.81665383,23.2594067,12.20655562,20.1246118,11.40175425,18.78829423,10.81665383,19.31320792,10.81665383,19.31320792,10.81665383,19.31320792,10.29563014,18.02775638,10.81665383,15.8113883,10.29563014,16.76305461,11.18033989,17.4642492,10.81665383,16.4924225,12.20655562
30.47950131,5,31.2409987,3.16227766,31.82766093,4.242640687,31.40063694,1.414213562,31.2409987,1.414213562,30.47950131,1.414213562,30.61045573,2,29.06888371,1,29.20616373,1,27.01851217,3,30.8058436,2.236067977,28.01785145,2.828427125,28.01785145,2.236067977,27.80287755,2.828427125,26.62705391,2.828427125,29.41088234,4.242640687,27.80287755,2.828427125,25.61249695,4.472135955,26.40075756,3.16227766,25.23885893,4.472135955,25.8069758,4.242640687,25.55386468,3.605551275,23.02172887,5,23.85372088,5.099019514,24.69817807,4.472135955,23.70653918,5.099019514
2.236067977,18.38477631,2.236067977,19.79898987,2.828427125,19.79898987,3,19.79898987,2.236067977,18.43908891,2.236067977,19.84943324,3.16227766,19.20937271,3.605551275,19.10497317,2.828427125,18.43908891,2,18.43908891,2.236067977,20.61552813,2,19.10497317,2.236067977,18.43908891,2.236067977,19.20937271,2.828427125,19.84943324,2.236067977,21.26029163,2.828427125,20.61552813,1.414213562,20.80865205,2.828427125,21.26029163,2.236067977,19.84943324,2.828427125,20,3.605551275,20.61552813,2.236067977,18.60107524,2.236067977,21.40093456,3.605551275,22.02271555,2.828427125,20.61552813
17.20465053,18.86796226,16.40121947,19.20937271,17.80449381,18.02775638,19.10497317,18.60107524,18.38477631,17.49285568,18.38477631,17.20465053,18.38477631,17.49285568,15.62049935,16.64331698,17.02938637,15.8113883,15.8113883,17.69180601,18.60107524,17.80449381,17,16.64331698,17,17.02938637,17,16.40121947,16.64331698,14.86606875,17.88854382,16.2788206,17,15.55634919,16.1245155,16.2788206,15.65247584,16.2788206,16.76305461,16.2788206,14.76482306,14.86606875,16.15549442,14.2126704,14.86606875,12.72792206,15.5241747,13.45362405,15.8113883,13.45362405,14.31782106,14.86606875
2,13.89244399,3,13.89244399,2.236067977,14.4222051,2.236067977,13.60147051,2.828427125,13.89244399,3,14.4222051,4,15.26433752,3.16227766,13.60147051,3.16227766,15.26433752,1.414213562,13.41640786,2.236067977,15.8113883,3.16227766,15,3.16227766,14.4222051,3.16227766,15,4.123105626,15,3.16227766,17.20465053,4.472135955,15.8113883,2,16.64331698,3.16227766,16.64331698,2.236067977,15,3.605551275,17.20465053,3.605551275,16.40121947,3.605551275,16.64331698,2.828427125,18.60107524,5,17.02938637,2.236067977,18.43908891
13,2.236067977,24.20743687,4.123105626,19.72308292,18.11077028,16,19.41648784,17.02938637,11.04536102,9.055385138,4.123105626,14.76482306,4.123105626,16.64331698,7.280109889,19,10.04987562,15.8113883,20.09975124,22.8035085,19.31320792,23.60084744,5.830951895,21.02379604,14.31782106,25.61249695,14.86606875,18.35755975,8.602325267,14.86606875,9,22.36067977,8.246211251,9.486832981,21.21320344,14.2126704,20,13.92838828,19,19.72308292,19.10497317,14.56021978,17.02938637,13.15294644,24.51530134,15.26433752,23.19482701,14.76482306,27.07397274,11.40175425,25.07987241
9.219544457,14.86606875,9.219544457,16.2788206,8.062257748,16.2788206,7.211102551,16.40121947,7.810249676,16.40121947,8.485281374,17.20465053,7.071067812,16.64331698,7.810249676,15,7.810249676,15.26433752,7.071067812,14.76482306,7.810249676,15.65247584,8.062257748,14.31782106,7.211102551,15.23154621,6.403124237,12.64911064,6.32455532,13.60147051,6.08276253,14.31782106,7.280109889,13.92838828,6.32455532,10.77032961,6.08276253,14.31782106,7.071067812,12.36931688,6,12.36931688,8,11.40175425,8.062257748,10.19803903,7,12.16552506,8.246211251,12.16552506,7.615773106,12.04159458
8.485281374,15.55634919,10,16.2788206,10,17.02938637,10.63014581,18.60107524,12.04159458,18.38477631,7.810249676,17.69180601,8.602325267,16.40121947,8.602325267,16.2788206,8.062257748,15.62049935,7.810249676,15.62049935,8.602325267,16.1245155,9.219544457,14.76482306,7.810249676,14.4222051,7.211102551,14.31782106,7.280109889,13.89244399,8.544003745,14.76482306,8.544003745,12.80624847,8.062257748,13.89244399,8.544003745,15.26433752,10.19803903,14.31782106,7.071067812,14.31782106,5.099019514,13,6,13,8.062257748,12.64911064,5.385164807,13.60147051,9.219544457,12.36931688
16.2788206,9.848857802,16.97056275,9.219544457,17.69180601,10,17.69180601,8.602325267,15.55634919,10.63014581,16.40121947,9.899494937,16.40121947,10.63014581,15,8.602325267,15,9.433981132,13.89244399,8.602325267,16.1245155,8.062257748,17,8.062257748,15.65247584,8.544003745,14.31782106,8.544003745,14.31782106,7.615773106,16.15549442,8.246211251,13.92838828,8.246211251,13.92838828,7.615773106,14.31782106,6.708203932,14.31782106,8.246211251,12.36931688,7.615773106,14.14213562,7.615773106,13.03840481,7.280109889,12.04159458,8.246211251,14,8.246211251,13,6.32455532
5.830951895,21.40093456,6.403124237,20.24845673,6.403124237,20,5.830951895,20.24845673,6.403124237,16.64331698,6.403124237,21.09502311,6.403124237,18.35755975,5.656854249,17.4642492,5.830951895,17.49285568,5,15.8113883,5.385164807,17.88854382,4.123105626,17.4642492,6.08276253,16.15549442,4.472135955,16.15549442,5,16.76305461,6.32455532,16.55294536,4.123105626,16.15549442,4.123105626,14.86606875,4.472135955,15.8113883,5,15.5241747,5.830951895,14.31782106,5.385164807,14.31782106,6.403124237,14.31782106,7.211102551,14.14213562,7.810249676,15.29705854,7.810249676,15.13274595
5,27.45906044,5,26.40075756,4,26.40075756,5.830951895,25.49509757,7.280109889,26.40075756,7.280109889,27.58622845,6.403124237,26.2488095,8.544003745,26.90724809,5,27.58622845,6.32455532,26.90724809,11.66190379,29.73213749,10.63014581,30.41381265,10,32.55764119,9.433981132,33.24154028,9.899494937,33.24154028,9.848857802,35.4682957,8.246211251,34.6554469,8.246211251,33.42154993,9.055385138,38.89730068,9.055385138,37.48332963,9,39.20459157,9.055385138,36.12478374,11.18033989,35,12.04159458,41.40048309,12.04159458,38.01315562,13,39.40812099
12.52996409,15.8113883,13.89244399,16.1245155,13.60147051,13.89244399,12.72792206,15.8113883,13.45362405,14.4222051,12.04159458,15.26433752,13.45362405,13.89244399,11.3137085,14.4222051,11.40175425,15.8113883,10.81665383,14.4222051,12.20655562,16.40121947,11.66190379,15.8113883,12.52996409,15.8113883,13.03840481,15.62049935,12.52996409,14.86606875,12.08304597,17.02938637,12.08304597,15.62049935,11.18033989,15.55634919,13.60147051,15.55634919,12.36931688,15.55634919,13.60147051,14.86606875,12.64911064,13.45362405,11.40175425,13.60147051,11.04536102,15,12.04159458,15.62049935,12.04159458,14.2126704
2.828427125,22.6715681,1.414213562,22.6715681,5.385164807,19.10497317,0,21.09502311,3,22.20360331,4,18.43908891,1.414213562,17.80449381,3.605551275,19.41648784,2,16.40121947,2.236067977,17.02938637,0,18.60107524,2.236067977,17.88854382,1.414213562,18.86796226,2,20.1246118,1,15.26433752,2,18.35755975,1,17.88854382,3.605551275,20.24845673,2.236067977,19.31320792,1.414213562,16.15549442,3.16227766,17.72004515,1,15.8113883,3.605551275,15.8113883,4.242640687,15.5241747,5.385164807,16.4924225,5.385164807,16.2788206
4.472135955,6.708203932,4.472135955,6.32455532,5.656854249,7.211102551,5.830951895,5,5.656854249,5.656854249,7.211102551,5.656854249,7.810249676,5.385164807,7.071067812,5,7.810249676,5.099019514,7.810249676,7.071067812,7.810249676,6.08276253,7.810249676,5,8.485281374,6,8.602325267,7,7.211102551,7.071067812,6.708203932,7.071067812,6.403124237,7,6.403124237,9.055385138,5.385164807,8,5,9,5,9.055385138,6.403124237,9,4.472135955,10.04987562,5,11,5.830951895,12.16552506,5,12.04159458
41.18252056,29,45.607017,25.23885893,43.829214,32.64965543,43.41658669,33.24154028,40.81666326,33.61547263,32.20248438,21.9317122,34.13209633,25.23885893,22.20360331,25.61249695,27.29468813,27.31300057,37.80211634,15.13274595,30,27.31300057,29.15475947,22.13594362,27.16615541,26.68332813,27.29468813,20.24845673,28.44292531,13,27.45906044,20.61552813,20.61552813,26.87005769,25.17935662,22.47220505,22.56102835,19.79898987,26.01922366,12.20655562,26.07680962,14.86606875,27,13,19.23538406,17.02938637,29.01723626,30,29.61418579,19.10497317,23,17.69180601
3.16227766,22.20360331,4.123105626,21.63330765,5.656854249,20.24845673,3.605551275,19.20937271,6.708203932,20.24845673,7.211102551,21.09502311,8.062257748,22.02271555,7.615773106,21.26029163,10.81665383,20.80865205,9.899494937,22.02271555,12.80624847,24.20743687,13.45362405,25.49509757,12.80624847,25.49509757,13.45362405,29.06888371,12.52996409,30,13.89244399,29.73213749,13.41640786,33.30165161,13.92838828,30.61045573,12.52996409,36.40054945,14.56021978,34.05877273,11.04536102,36.87817783,11.18033989,32.80243893,11.04536102,33.42154993,13.15294644,36.89173349,13,36.35931793,15.13274595,36.89173349
8.062257748,31.38470965,8.062257748,28.01785145,5,28.01785145,6.08276253,24.69817807,5,24.69817807,6.32455532,25.07987241,7.071067812,22.84731932,9.848857802,18.43908891,8.94427191,22.13594362,7.211102551,17.72004515,13.45362405,21.84032967,14.2126704,25.70992026,17.02938637,24.73863375,15.55634919,23.53720459,17.02938637,25.17935662,16.1245155,24.73863375,19.31320792,26.47640459,18.97366596,24.51530134,19.31320792,29.27456234,20.24845673,26.92582404,19.23538406,27.16615541,23.08679276,25.96150997,21.09502311,23.19482701,30.06659276,22.02271555,28.0713377,23.08679276,30,19.10497317
17.20465053,27.58622845,16.40121947,26.17250466,17.20465053,28.28427125,17.69180601,28.42534081,12.80624847,27.58622845,14.86606875,29.68164416,14.86606875,26.62705391,12.04159458,27.29468813,9.848857802,25.05992817,8.246211251,24.16609195,9.219544457,31.38470965,11,29.12043956,10,31.04834939,9.219544457,31.6227766,10,31.32091953,13.34166406,31.32091953,15.29705854,32.01562119,11.40175425,28.44292531,14.31782106,31.40063694,16.15549442,30.41381265,16.4924225,30.14962686,16.15549442,27.16615541,17,26.07680962,17,29.06888371,17,26.17250466,21.9544984,26.30589288
28.42534081,8.062257748,26.2488095,8.062257748,27.80287755,8.94427191,27.78488798,8.94427191,26.62705391,7.071067812,26.62705391,6.403124237,26.07680962,7.810249676,27.45906044,5.385164807,26.41968963,4,27.80287755,5.099019514,31.06444913,5.099019514,27.78488798,7.280109889,28.65309756,8.246211251,26.62705391,9.486832981,29.41088234,9.848857802,31.6227766,10.77032961,29.41088234,11.66190379,29.83286778,12.04159458,32.20248438,13.03840481,27.80287755,15,27.65863337,15.62049935,27.65863337,17.02938637,26.17250466,15.62049935,27.58622845,18.43908891,26.2488095,19.20937271,24.75883681,20
10.63014581,11.66190379,11.40175425,10.81665383,9.899494937,10.81665383,10.81665383,10.44030651,10,10.81665383,9.219544457,10.29563014,9.219544457,10,8.602325267,8.602325267,5.385164807,9.433981132,9.433981132,8.485281374,8.94427191,11.18033989,8.544003745,10.29563014,9.219544457,7.615773106,8.062257748,7.615773106,9.219544457,5.830951895,8.062257748,6.708203932,8,8.94427191,7,7.615773106,8,6.403124237,8.062257748,7.280109889,8.246211251,8.062257748,9.848857802,7.211102551,7.280109889,8.94427191,8.94427191,8.062257748,9.433981132,8.485281374,9.433981132,6.403124237
14.86606875,3,12.72792206,4,14.86606875,3.16227766,12.72792206,4,13.45362405,5.099019514,13.60147051,4.472135955,10.63014581,3.16227766,12.04159458,3.16227766,10,2.236067977,11.40175425,2,13.45362405,1.414213562,11.66190379,1.414213562,11.66190379,1.414213562,13.03840481,1.414213562,10.81665383,1,13.60147051,0,12.04159458,0,10,1.414213562,13.60147051,1.414213562,12.80624847,0,13.60147051,2,13.60147051,3.16227766,11.66190379,2.236067977,13.03840481,2.828427125,12.52996409,2.236067977,13.89244399,2.828427125
17.69180601,11.40175425,18.43908891,10.81665383,17.69180601,11.3137085,17.02938637,12.08304597,17.02938637,11.3137085,16.2788206,12.80624847,17.02938637,12.80624847,15.62049935,12.04159458,14.2126704,12.04159458,13.60147051,10.63014581,15.8113883,12.80624847,14.2126704,11.40175425,14.2126704,9.899494937,14.4222051,9.899494937,13.60147051,9.899494937,14.4222051,11.3137085,15.62049935,10,14.4222051,8.062257748,15,9.433981132,14.2126704,8.602325267,15,10,14.2126704,8.602325267,14.4222051,7.810249676,17.80449381,8.602325267,16.40121947,9.899494937,17.69180601,10
9.486832981,12.80624847,9.848857802,13.60147051,9.848857802,14.2126704,9.433981132,14.4222051,9.433981132,13.03840481,10.81665383,15,10,15.8113883,8.485281374,15,8.485281374,16.40121947,8.062257748,14.86606875,9.433981132,17.02938637,10.29563014,17.20465053,11.66190379,16.2788206,11.18033989,16.97056275,12.08304597,15.55634919,12.52996409,17.69180601,13.03840481,17.02938637,10.29563014,17.20465053,13.41640786,17.80449381,11.70469991,16.64331698,12.52996409,16.1245155,13.41640786,16.1245155,11.18033989,16.1245155,12.08304597,18.35755975,12.08304597,16.55294536,11.18033989,18.35755975
8.94427191,21.9544984,9.848857802,22.47220505,9.486832981,21.09502311,10.44030651,21.9544984,9.848857802,20.24845673,9.433981132,19.72308292,10.29563014,17.88854382,8.246211251,17,8.94427191,17.08800749,8.062257748,16.15549442,9.055385138,17.4642492,7.280109889,17.08800749,6.708203932,17,6.32455532,13.92838828,6.08276253,14.31782106,6.08276253,16.15549442,6,14.31782106,4,13.34166406,5,14.31782106,4,14.14213562,4.472135955,13.34166406,5.099019514,14.14213562,4.123105626,11.40175425,3.16227766,14.03566885,6.08276253,13.03840481,4,14
9,2,11.70469991,2,11.18033989,4.123105626,12.36931688,4,14.86606875,3.605551275,14.31782106,4.242640687,16.4924225,7.211102551,17.4642492,6.708203932,19.6468827,8.94427191,21.21320344,6.708203932,23.76972865,10,22.56102835,11.18033989,23.19482701,12.20655562,28.44292531,13.03840481,29.15475947,11.66190379,31.25699922,14.4222051,31.57530681,10.29563014,33.24154028,13.41640786,35.51056181,11.18033989,36.34556369,11.66190379,39.3192065,12.08304597,37.48332963,13,40.31128874,12.36931688,45.39823785,12.36931688,42.95346319,13.03840481,43.93176527,13
27.80287755,17.72004515,27.58622845,16.4924225,28.31960452,15.8113883,30,18.68154169,29.06888371,15.23154621,30.61045573,16.76305461,30.8058436,13.92838828,30.23243292,12.08304597,30.23243292,13.03840481,28.8444102,12.80624847,31.90611227,14.2126704,30.41381265,14.14213562,29.52964612,12.72792206,29.15475947,13.45362405,29.52964612,11.66190379,30.88689042,13.89244399,28.63564213,13.03840481,27.78488798,14.31782106,28.63564213,15.23154621,26.40075756,13.60147051,25.94224354,14.31782106,24.59674775,15.29705854,23.2594067,16.4924225,24.16609195,19.6468827,23.40939982,20.61552813,24.35159132,20.61552813
3.16227766,14.2126704,4.472135955,12.72792206,4.242640687,12.80624847,3.16227766,12.72792206,3.605551275,12.72792206,4.472135955,12.04159458,3.16227766,12.04159458,4.472135955,10.63014581,3.16227766,10.63014581,4.472135955,11.3137085,4.472135955,12.80624847,5.385164807,11.66190379,5.099019514,11.66190379,5.099019514,9.848857802,5.099019514,11.18033989,4.472135955,10.77032961,5.099019514,10.44030651,5.099019514,10.44030651,4,9.486832981,5,11.04536102,5,10.19803903,5.099019514,12.04159458,4,10.04987562,5,11.40175425,3,11.40175425,4.472135955,11.18033989
11.66190379,18.78829423,12.08304597,15.8113883,12,20.24845673,13,19.23538406,8.246211251,15.62049935,7.071067812,20.61552813,5.830951895,18.02775638,8.062257748,18.02775638,8.062257748,18.86796226,7.211102551,17.69180601,7.071067812,20.24845673,9.486832981,17.20465053,9.055385138,20.61552813,13.41640786,20.61552813,14.31782106,21.21320344,11.3137085,21.09502311,19.84943324,23.85372088,20.80865205,23.76972865,20.61552813,26.92582404,21.9317122,27.73084925,24.20743687,25.94224354,23.32380758,28.7923601,20.61552813,34.20526275,26.62705391,37.94733192,24.41311123,37.64306045,26.40075756,37.64306045
28.63564213,19.79898987,29.15475947,19.84943324,29.73213749,19.10497317,31.95309062,16.97056275,30.08321791,16.97056275,32.28002478,17.02938637,32.01562119,16.40121947,31.04834939,15.26433752,30.59411708,10.77032961,30.2654919,12.36931688,31.32091953,13,31.04834939,12.16552506,28.86173938,11,27.89265136,11,26.2488095,11.04536102,26.2488095,14.03566885,25.29822128,14.56021978,24.16609195,13.34166406,25.05992817,16.55294536,23.85372088,15.23154621,22.8035085,17.88854382,25.49509757,17.49285568,24.04163056,18.43908891,26.2488095,18.38477631,25.8069758,20.51828453,28.3019434,19.20937271
22.6715681,4.242640687,23.34523506,2.828427125,23.34523506,4.472135955,23.43074903,5.099019514,21.9317122,3,22.6715681,4.472135955,22.8035085,4.472135955,20.80865205,4.472135955,21.63330765,5,19.72308292,4,22.47220505,5.099019514,21.02379604,5.099019514,20.1246118,5.099019514,19.6977156,4.123105626,19.31320792,4.472135955,20.24845673,6.08276253,20.24845673,5.385164807,18.02775638,3.605551275,19.41648784,3.605551275,18.43908891,4.472135955,18.24828759,4.242640687,18.11077028,4.242640687,16,5,17.02938637,6.32455532,18.02775638,7.071067812,18.02775638,7.280109889
15.55634919,4.242640687,15.62049935,6.403124237,17.02938637,3.605551275,15.26433752,6.403124237,15.62049935,4.242640687,16.40121947,4.242640687,17.20465053,5,15.26433752,4.242640687,16.1245155,3.605551275,13.41640786,5,16.64331698,4.242640687,16.1245155,4.472135955,15.65247584,4.242640687,16.1245155,4.472135955,13.89244399,3.16227766,15.26433752,4.472135955,15,3.605551275,14.2126704,3.605551275,15.26433752,4.472135955,15.8113883,3.605551275,15.62049935,3.16227766,15,4,13.45362405,4.472135955,15.55634919,5,15.55634919,4.123105626,15.55634919,4.472135955
18.35755975,21.40093456,16.1245155,22.02271555,17.49285568,22.8035085,16.40121947,24.69817807,17.20465053,23.85372088,17.20465053,24.41311123,14.4222051,24.69817807,16.2788206,25.23885893,14.86606875,25.23885893,14.86606875,23.60084744,16.97056275,25.8069758,15.62049935,23.60084744,16.2788206,27.01851217,18.43908891,24.8394847,15,24.8394847,15.26433752,26.17250466,18.02775638,25.45584412,17.20465053,25.61249695,18.60107524,27.58622845,17.80449381,27.01851217,17.69180601,27.45906044,18.43908891,28.01785145,19.10497317,26.41968963,21.26029163,31.76476035,21.9317122,29.52964612,21.21320344,32.20248438
20,14.56021978,18.35755975,13.60147051,17.72004515,12.52996409,15.23154621,14.56021978,14.31782106,10,17.08800749,10.81665383,16.4924225,9.486832981,10,10.29563014,14.14213562,11.40175425,12.36931688,12.36931688,14.56021978,16.2788206,12.16552506,17.02938637,12.16552506,16.1245155,16.4924225,18.24828759,21.02379604,18.68154169,21.1896201,19.6468827,20.1246118,22.8035085,19.41648784,26.2488095,23.60084744,27.51363298,23.85372088,31.04834939,24.41311123,31.95309062,27.78488798,30.59411708,28.17800561,34.36568055,29.52964612,36.49657518,33.54101966,38.32753579,34.43835072,38.32753579
17.69180601,10.81665383,17.02938637,10,17.02938637,9.219544457,18.86796226,10.81665383,16.40121947,9.848857802,17.80449381,8.94427191,17.49285568,8.602325267,17.49285568,8.544003745,16.1245155,8.062257748,14.76482306,8.062257748,16.15549442,9.433981132,15.8113883,8.062257748,14.31782106,8.94427191,14.86606875,8.062257748,14.56021978,8.246211251,13.60147051,9.486832981,13.60147051,9.055385138,12.36931688,8.246211251,14.14213562,8.062257748,14.03566885,6,13,7,13,7,13.03840481,7.280109889,14.14213562,8.246211251,14.14213562,6.32455532,13.60147051,6.708203932
16.4924225,17,19.31320792,19.20937271,21.54065923,20.61552813,24.69817807,18.86796226,17.02938637,14.14213562,19.23538406,12.80624847,17.11724277,16.2788206,14.2126704,10.29563014,20.61552813,15.65247584,21.9317122,17.4642492,20.24845673,22.20360331,21.84032967,11.40175425,23.19482701,16.2788206,21.02379604,16,21.63330765,9.433981132,26.2488095,20.1246118,20.51828453,18.24828759,12.08304597,21.02379604,20.1246118,20.24845673,20.24845673,21.09502311,16.40121947,20.59126028,19.72308292,25.23885893,11.70469991,23.43074903,23.08679276,37.80211634,22.47220505,29.83286778,16.40121947,35.34119409
7.211102551,3.16227766,7.071067812,3,7.071067812,2.236067977,6.403124237,2.828427125,5.830951895,2.236067977,6.708203932,2.236067977,6.08276253,3.16227766,6.32455532,2,7.071067812,2,5.099019514,1,7.071067812,3.605551275,8.062257748,1.414213562,8,2.236067977,7.280109889,2,6.32455532,1.414213562,7.615773106,1.414213562,7.615773106,2,7.211102551,1.414213562,9.219544457,2,10,1.414213562,8.602325267,2,10.81665383,2,9.899494937,2,10,1,10.63014581,1,9.433981132,3.16227766
33.28663395,9.486832981,33.83784863,10.44030651,36.05551275,13.03840481,32.64965543,9.055385138,36.7151195,10.19803903,34.66987165,7.071067812,36.23534186,5.099019514,31.78049716,5.099019514,31.30495168,6,29.54657341,0,32.75667871,3,31.32091953,3.605551275,28.16025568,1.414213562,27.45906044,4.123105626,26.68332813,2.236067977,28.44292531,5,26.92582404,8.485281374,22.20360331,6.32455532,26.17250466,10.63014581,25.07987241,12.80624847,26.17250466,14.2126704,24.18677324,15.55634919,23.53720459,18.02775638,22.13594362,18.35755975,22.20360331,20.59126028,24.51530134,19.31320792
2.828427125,15.62049935,3.605551275,14.86606875,3.16227766,16.2788206,2.236067977,16.2788206,3.16227766,16.97056275,2.236067977,15.55634919,3,14.86606875,3.16227766,15.55634919,3.16227766,14.86606875,2.236067977,16.2788206,1.414213562,15.62049935,2.236067977,14.2126704,2.236067977,13.45362405,0,14.2126704,0,12.20655562,0,14.2126704,1,13.03840481,0,12.20655562,1.414213562,13.60147051,2.236067977,13.41640786,3.16227766,12.52996409,2,14.31782106,4.472135955,12.52996409,3.605551275,14.76482306,4,13.92838828,5,12.64911064
1,21.26029163,1.414213562,19.84943324,1.414213562,19.84943324,2.828427125,21.21320344,2.236067977,20.51828453,2.236067977,20.51828453,3.16227766,19.10497317,1,19.10497317,1.414213562,18.60107524,1,19.41648784,1.414213562,19.20937271,1.414213562,19.72308292,1,19.72308292,1,18.86796226,2,17.49285568,1.414213562,20.1246118,1,18.35755975,1,17.49285568,1,18.78829423,0,16.55294536,1.414213562,17,1,18.02775638,2.236067977,15.65247584,2.236067977,17.4642492,2,17.08800749,3,18.02775638
10,38.20994635,13.03840481,37.64306045,7.810249676,39.62322551,10.29563014,36.87817783,10.63014581,35.80502758,9.899494937,36.87817783,7.810249676,35.60898763,5.385164807,35.4682957,6.403124237,29.15475947,9.433981132,27.29468813,9.219544457,31.6227766,8.246211251,28.17800561,11.18033989,27.73084925,12.08304597,28.65309756,9.219544457,28.23118843,9.219544457,28.17800561,12.04159458,27.73084925,10,25.94224354,13,29.15475947,13.60147051,26.57066051,10.04987562,25,12.64911064,23.40939982,11.40175425,26.47640459,13.03840481,24.51530134,9.219544457,26.01922366,15,26
3.16227766,32.75667871,2.828427125,30.52867504,4.123105626,34.66987165,5,35,5.830951895,34.66987165,8.062257748,32.80243893,5.385164807,32.64965543,4.472135955,29,5.099019514,31.144823,6,27.80287755,8.544003745,34.82814953,7.280109889,32.44996148,9.219544457,34,6.32455532,32.75667871,6.708203932,32.64965543,8.602325267,36.23534186,5.830951895,32.69556545,4.472135955,34.0147027,7.071067812,35.11409973,8,34.20526275,7.280109889,32.28002478,7.071067812,32.75667871,8,29.15475947,9.055385138,35.05709629,9.055385138,33,13,33.06055051
17.88854382,25.96150997,16.1245155,26.57066051,21.58703314,24.04163056,20,23.08679276,25.63201124,26.68332813,19.31320792,21.37755833,16.2788206,21.84032967,20.80865205,16.15549442,18.24828759,23.76972865,14.31782106,18.68154169,25.49509757,20.59126028,16,24.20743687,16.1245155,17.20465053,15.65247584,29.41088234,5.099019514,19.84943324,9.848857802,21.9544984,12.64911064,21.9317122,12.80624847,9.848857802,7.810249676,25.29822128,14.31782106,25.29822128,10.77032961,26.47640459,12.52996409,19.23538406,15,25.3179778,25.49509757,28.28427125,20.80865205,24.51530134,23.2594067,28.63564213
2.236067977,11,3.16227766,10.19803903,2.828427125,11.04536102,4.472135955,9.055385138,2.828427125,7.071067812,3.16227766,8.246211251,4.123105626,7.280109889,5.099019514,8.062257748,4.472135955,6.32455532,5.830951895,5.385164807,6.708203932,5.385164807,6.32455532,5.099019514,7.280109889,6.08276253,8.246211251,5.385164807,8.246211251,5,10.04987562,5,10.04987562,3.605551275,11.18033989,2.236067977,10.04987562,3.605551275,12.16552506,2,12.04159458,4,11.04536102,2,12,2.236067977,15.03329638,1.414213562,15.03329638,1.414213562,16.03121954,1
2.828427125,8.062257748,2,5.099019514,3.16227766,5.099019514,3.16227766,3.605551275,3.16227766,6.32455532,3,5.385164807,3,4.242640687,4,5,3.16227766,5,3.16227766,4.472135955,5.099019514,5,4.123105626,3.605551275,6.08276253,5.385164807,6.32455532,5.385164807,7.071067812,5.385164807,7,7.071067812,7,6.08276253,8.246211251,7.071067812,7.071067812,7.071067812,7.071067812,8,8.062257748,6,8.544003745,7.071067812,10.19803903,7.071067812,10.19803903,9,12.36931688,8,12.36931688,8
27,3.605551275,30.01666204,5,27.01851217,4.472135955,30.41381265,1,26.30589288,3.16227766,25.17935662,1,26.68332813,5.385164807,18.97366596,4.472135955,21.02379604,5,21.47091055,4.123105626,21.26029163,8.544003745,18.43908891,6.08276253,20.61552813,7.071067812,21.40093456,11.04536102,21.09502311,9.219544457,26.57066051,8.246211251,22.47220505,11.40175425,26.92582404,9.486832981,27.65863337,12.52996409,26.68332813,13.15294644,24.51530134,13.03840481,26.30589288,15.23154621,28.28427125,16.76305461,27.29468813,18.24828759,30.2654919,18.11077028,31.06444913,17.2626765
10.04987562,33.54101966,13,31.40063694,11.18033989,29.27456234,12.16552506,30.01666204,12.16552506,24,11.04536102,28.01785145,13.03840481,25.3179778,15.13274595,23.76972865,12,20.88061302,8.062257748,19.31320792,10.04987562,19.6977156,7,21.40093456,7,20.61552813,4.123105626,21.9317122,6,22.02271555,4.472135955,24.8394847,3.16227766,26.2488095,2.236067977,23.60084744,1.414213562,28.23118843,4.472135955,25.49509757,1,31.38470965,1,28.7923601,3.605551275,29.15475947,4.123105626,35.4682957,6.32455532,32.75667871,3.16227766,34.525353
15,31.25699922,13.03840481,34.23448554,14.31782106,31.25699922,12.08304597,33.13608305,13.60147051,26.68332813,11.70469991,29.83286778,13.60147051,27.45906044,14.14213562,25.49509757,13.89244399,23.34523506,13.92838828,21.84032967,19.31320792,19.6468827,19.6468827,17.2626765,17.4642492,16.4924225,21.37755833,16.76305461,21.58703314,11.18033989,26.68332813,13.41640786,26.68332813,11.40175425,26.07680962,11.3137085,26.68332813,12.20655562,29.27456234,10,30.59411708,12.72792206,31.40063694,10.81665383,33.37663854,13,37.33630941,13,35.22782991,15.8113883,37.01351105,16.55294536
5.099019514,7.615773106,6,8.544003745,7.071067812,8.062257748,5.099019514,9.486832981,4.472135955,8.062257748,6.08276253,7.211102551,5,6.708203932,4.472135955,7.211102551,5.830951895,7.810249676,2.828427125,7.810249676,5,7.810249676,5,8.485281374,6.708203932,8.485281374,5.830951895,8.062257748,6.403124237,8.602325267,6.708203932,9.433981132,6.708203932,8.544003745,6.708203932,10.29563014,7.280109889,9.848857802,6.32455532,9.848857802,8.246211251,8.544003745,7.280109889,9.848857802,8.246211251,11.18033989,9,13.15294644,9.219544457,12.08304597,8,12.36931688
16.15549442,1,15.5241747,2.236067977,15.29705854,2.828427125,15.8113883,1.414213562,15.13274595,1,13.15294644,2.236067977,13.34166406,3,12,1,12.04159458,2.828427125,11.04536102,1,12,4.123105626,12.04159458,3.16227766,11.40175425,3,11.18033989,5.099019514,10.44030651,3,11.18033989,5,8.544003745,4,8.94427191,6,10.29563014,6.08276253,11.18033989,5,9.848857802,5,8.94427191,8,8.602325267,8.062257748,8.485281374,10.19803903,7.810249676,10.04987562,10,11
26.92582404,19.92485885,28.7923601,17.4642492,25.49509757,16.1245155,29.41088234,18.02775638,26.40075756,16.2788206,26.83281573,15.03329638,27.73084925,17.11724277,28.8444102,13.03840481,26.07680962,13.03840481,24.08318916,11.40175425,25.45584412,13.15294644,22.627417,11.40175425,25.45584412,11.40175425,26.40075756,13.41640786,25,13.41640786,25.23885893,11.40175425,26.41968963,13.03840481,26.92582404,10.63014581,30.08321791,11.3137085,27.51363298,13.60147051,28.7923601,12.52996409,32.69556545,11.66190379,34.20526275,6.403124237,40.26164428,8.602325267,37.36308338,8.062257748,43.17406629,6.708203932
7.615773106,13.92838828,8.062257748,13.92838828,7.211102551,13,8.544003745,13,8.94427191,13.92838828,7.810249676,13,8.602325267,12.64911064,8.485281374,12.64911064,7.071067812,11.18033989,8.602325267,10.19803903,8.602325267,11.18033989,8.602325267,10.44030651,10.29563014,7.615773106,10.29563014,9.848857802,9.486832981,8.246211251,10.19803903,9.219544457,10.44030651,7.280109889,11.40175425,8.544003745,10.19803903,8.544003745,11.04536102,7.211102551,12.36931688,7.615773106,12.16552506,8.602325267,13.15294644,6.403124237,15.29705854,9.899494937,15.5241747,9.219544457,15.29705854,7.810249676
6.32455532,7.280109889,8.062257748,7.280109889,5.385164807,7.280109889,8.062257748,7.280109889,6.32455532,7.071067812,5,6.32455532,5,8.062257748,7.071067812,7.280109889,6.708203932,8.062257748,7.211102551,5.099019514,7.280109889,5.099019514,8.544003745,4.123105626,8.246211251,4.123105626,8.544003745,4.123105626,9.219544457,2.236067977,11.40175425,4.123105626,11.40175425,3.16227766,12.16552506,3,11.04536102,2.236067977,12.36931688,4.123105626,14.31782106,2,13.15294644,2.236067977,16.2788206,3,16.2788206,4.123105626,17,3.16227766,17.11724277,2.828427125
10.44030651,33.24154028,9.848857802,33.24154028,8.544003745,32.31098884,8.246211251,32.31098884,8.246211251,29.96664813,10.04987562,31.78049716,6.08276253,29.54657341,7.280109889,29.96664813,5.830951895,27.73084925,8.062257748,24.59674775,7.211102551,26.07680962,8.94427191,25.23885893,9.219544457,24.41311123,9.899494937,22.02271555,10.63014581,23.60084744,10.63014581,24.75883681,11.40175425,23.34523506,11.40175425,24.08318916,13.45362405,24.08318916,9.899494937,22.8035085,11.3137085,25.23885893,9.433981132,23.32380758,12.80624847,27.73084925,14.4222051,31.78049716,12.20655562,30.87069808,11.18033989,31.76476035
7.615773106,10.44030651,9.486832981,10.44030651,7.280109889,8.544003745,6.32455532,9.055385138,5.099019514,7.280109889,8.062257748,9.219544457,7,8.544003745,6.08276253,8.246211251,6.32455532,8.246211251,7.615773106,5.385164807,5.830951895,8.246211251,5.830951895,8.246211251,7.211102551,4.472135955,7.211102551,5.385164807,7.615773106,5,8.602325267,6.32455532,8.485281374,5.385164807,9.219544457,5.385164807,9.219544457,5.385164807,9.219544457,4.472135955,9.433981132,5.656854249,9.219544457,5,10.29563014,4.472135955,11.18033989,6.708203932,11.18033989,5.830951895,13,6.403124237
31.01612484,9,33.83784863,5,29.52964612,5,31.01612484,7.071067812,27.29468813,6.32455532,27.65863337,11.40175425,24.73863375,10.29563014,27.16615541,11.40175425,25.3179778,10,22.20360331,13,27.01851217,18.38477631,21,17.4642492,21.02379604,14.4222051,18,18.60107524,22.09072203,19.6977156,19.23538406,19.23538406,17.72004515,22.36067977,14.14213562,24.69817807,17.11724277,22.13594362,11.40175425,23.08679276,16.2788206,31.06444913,14.03566885,29.41088234,9,29.61418579,14,33.13608305,9,35.35533906,10,37.12142239
19.20937271,29.15475947,19.20937271,31.06444913,13.60147051,32.75667871,16.1245155,42.44997055,19.10497317,33.24154028,19.10497317,33.52610923,11.04536102,23.02172887,16.64331698,19.23538406,41.97618372,45.27692569,29.06888371,36.06937759,13.03840481,23.08679276,25.07987241,24.18677324,22.8035085,18,27.20294102,21.37755833,22.8035085,28.16025568,26.92582404,21.47091055,22.47220505,25.07987241,16.1245155,19.84943324,21.1896201,19.72308292,24.8394847,27.31300057,25,18.97366596,21.9544984,21.63330765,26.2488095,26.57066051,20.1246118,34.92849839,31.82766093,28.46049894,29.68164416,32.69556545
14.76482306,2.236067977,15.65247584,2,15.65247584,4,17.08800749,4.123105626,14.56021978,2.828427125,14.86606875,3.16227766,13.41640786,3.605551275,13,1,13.60147051,2.828427125,11.70469991,2.236067977,13.92838828,2.828427125,13.92838828,3.16227766,10.77032961,2.236067977,12.08304597,2.236067977,11.70469991,4.472135955,11.70469991,5,9.848857802,6,9.219544457,4.123105626,11.66190379,6.08276253,11.18033989,5.099019514,10,6.08276253,11.66190379,6.08276253,9.219544457,7.280109889,12.72792206,8,11.3137085,7.280109889,13.45362405,8
7.211102551,7.615773106,7.615773106,7.280109889,7.071067812,7.071067812,7.615773106,8,6.708203932,7,5.830951895,6,8.062257748,4.472135955,6.708203932,5.385164807,5.830951895,5.385164807,4.472135955,5.385164807,5.656854249,6.708203932,5.656854249,6.403124237,5.656854249,7.211102551,6.403124237,5.656854249,7.810249676,7.071067812,6.708203932,8.485281374,7.211102551,8.062257748,8.544003745,8.062257748,7.615773106,8.94427191,8.544003745,6.708203932,8.246211251,8.544003745,7.071067812,8.246211251,10.19803903,9.848857802,11.18033989,9.486832981,11.04536102,9.486832981,12.36931688,10.44030651
7.615773106,8.544003745,8.94427191,12.08304597,8.062257748,9.848857802,8.544003745,9.486832981,8.062257748,9.055385138,7.615773106,9.219544457,7.810249676,9,7.211102551,7,8.062257748,8,7.810249676,8,6.403124237,8.246211251,7.071067812,8.062257748,7.211102551,7.071067812,7.211102551,7.280109889,7.071067812,8.062257748,7.211102551,9.433981132,5.656854249,7.810249676,5,7.071067812,5.830951895,9.219544457,7.211102551,9.219544457,6.708203932,7.810249676,7.280109889,9.899494937,7.211102551,8.602325267,8.062257748,10.63014581,8.062257748,10.29563014,10.44030651,10
34.66987165,11.70469991,26.92582404,11.04536102,31.78049716,8.94427191,34.36568055,13.89244399,25.49509757,5,27.45906044,8.544003745,24.69817807,13.34166406,25.96150997,12.80624847,32.69556545,17.49285568,36.79673899,8.544003745,27.20294102,17.88854382,25.49509757,14.86606875,27.29468813,14.03566885,27.45906044,18.24828759,24.69817807,16.2788206,25.96150997,16.03121954,29.15475947,21.02379604,17.02938637,18.43908891,23.32380758,19.02629759,23.76972865,21.02379604,25.49509757,23.34523506,26.83281573,23.02172887,15.62049935,20.09975124,29,27.65863337,23.32380758,26.01922366,23.34523506,25.07987241
4,16.1245155,3.16227766,17,4.123105626,15.65247584,4,16.76305461,4.242640687,13,3.605551275,14.86606875,5.656854249,14.86606875,3.605551275,12.64911064,5,12.64911064,4.242640687,12.36931688,6.32455532,12.64911064,4.472135955,11.18033989,6.32455532,13.34166406,5.099019514,12.04159458,6.32455532,11,7.071067812,11.04536102,7.280109889,10.04987562,8,10.04987562,8.062257748,9,9,9.055385138,10.04987562,8.062257748,10.04987562,10.19803903,11,8.246211251,12,8.246211251,12,8.246211251,14.03566885,8.246211251
2.236067977,7,1.414213562,7.071067812,3.16227766,8.062257748,3.605551275,9.055385138,1.414213562,8.246211251,2.236067977,8.246211251,2.236067977,7.615773106,2.828427125,7.211102551,2.828427125,6.403124237,3.16227766,7.211102551,4.472135955,8.602325267,3.605551275,7.810249676,3.16227766,9.219544457,3.16227766,10.63014581,3,10,3.16227766,10,2.236067977,10,4,11.18033989,4.123105626,10.29563014,5.099019514,11.18033989,4,10.44030651,4,10.77032961,5,10.44030651,6.708203932,13.92838828,6.08276253,12.16552506,8.246211251,13.34166406
23.76972865,14.76482306,21.84032967,18.02775638,27.16615541,14.76482306,25.01999201,16.1245155,24.51530134,13.60147051,25.07987241,15.23154621,23.34523506,18.35755975,20.39607805,15.5241747,21.84032967,17,20.61552813,9.486832981,21.9544984,13.89244399,22.82542442,12.20655562,28.01785145,12.04159458,25.94224354,12.20655562,24.18677324,14.14213562,29.73213749,13.60147051,26.90724809,13.45362405,25.49509757,12.64911064,28.60069929,14.86606875,28.60069929,15.8113883,29.41088234,12.52996409,27.45906044,15.62049935,28.3019434,17.4642492,31.76476035,20.22374842,31.38470965,20.88061302,34.0147027,24.16609195
6.403124237,31.30495168,8.062257748,31.38470965,8.602325267,31.01612484,7.615773106,31.95309062,7.810249676,31.38470965,9.899494937,31.01612484,12.04159458,29.12043956,12.20655562,28.86173938,13.89244399,26.2488095,12.08304597,28.16025568,13.34166406,28.16025568,14.31782106,25.70992026,14.14213562,24.73863375,17.11724277,23.76972865,18.11077028,22.56102835,21.02379604,21.58703314,20.09975124,20.88061302,22,20.88061302,24.0208243,20.24845673,23.02172887,18.97366596,25.07987241,18.97366596,27.01851217,21.9544984,26.01922366,17.80449381,31,21.26029163,29.06888371,23.60084744,34.05877273,21.9317122
15.8113883,7.615773106,16.1245155,9.433981132,16.64331698,7.211102551,17.08800749,8.94427191,16.55294536,7.280109889,16.15549442,7.280109889,15.23154621,7.615773106,16.15549442,7.280109889,13.92838828,7.071067812,14.31782106,8.062257748,15.23154621,5,15.5241747,7,14.31782106,6.32455532,14.56021978,7.071067812,16.15549442,6.708203932,13.92838828,8.544003745,13.92838828,8.062257748,11.18033989,6.403124237,13.60147051,7.615773106,13.41640786,8.602325267,12.08304597,7.810249676,13.41640786,8.485281374,10.63014581,8.062257748,12.80624847,8.602325267,13.03840481,9.848857802,12.80624847,10
2.236067977,8.544003745,2.236067977,8.544003745,1.414213562,7.615773106,2,9.219544457,2.236067977,7.615773106,2,7.615773106,3.605551275,6.32455532,2.236067977,7.071067812,2.236067977,7.280109889,1.414213562,5.830951895,2.828427125,6,5,6.08276253,3.605551275,6.08276253,4.472135955,7.071067812,5,6.32455532,5,4.472135955,4.472135955,4.472135955,5.830951895,4.123105626,6.708203932,6.403124237,6.403124237,5.385164807,6.32455532,5.385164807,6.08276253,6.32455532,7.615773106,5.385164807,8.246211251,4.472135955,9.219544457,5.385164807,10.04987562,4.472135955
1,13.03840481,0,12.52996409,1.414213562,12.52996409,1,13,2.236067977,9.848857802,1,11.18033989,1.414213562,9.848857802,2,10.77032961,2.236067977,9.486832981,1,9.486832981,1,10.19803903,1.414213562,10.19803903,3.16227766,10.04987562,4,9.055385138,3.16227766,10,4,9,5.099019514,9,4.123105626,7.071067812,5,9.055385138,5.099019514,8,5,8,6.08276253,8,7.071067812,6,9,7.071067812,7.071067812,8.062257748,10.04987562,7
37.57658846,6.08276253,39.2173431,6,37.69615365,7,38.27531842,8.94427191,33.83784863,7.810249676,36.40054945,11.40175425,32.89376841,10.81665383,31.38470965,12.52996409,30.6757233,12.64911064,26.92582404,13.15294644,30.08321791,12.36931688,29.41088234,13,27.85677655,12.04159458,29.73213749,15,25.63201124,16.03121954,26.2488095,20.09975124,25.07987241,18.24828759,21.02379604,19.02629759,24.18677324,19.23538406,25.49509757,21.02379604,21.9544984,22,22.82542442,23.02172887,24.8394847,23.08679276,24.04163056,27.29468813,26.90724809,29,26.40075756,29.06888371
32.984845,8.062257748,34.92849839,8.246211251,31.57530681,11.18033989,32.55764119,10.19803903,27.29468813,12,28.28427125,14.56021978,27.65863337,19.23538406,25.07987241,17.11724277,23.34523506,17.72004515,21.09502311,18.24828759,22.20360331,21.02379604,20.02498439,22.20360331,21.37755833,21.09502311,17.11724277,28.01785145,18.02775638,24.08318916,18.02775638,27.01851217,16,27.29468813,13.03840481,29.15475947,15.13274595,30.06659276,15.13274595,31.06444913,16.2788206,31,14.56021978,33.37663854,14.14213562,34.525353,15.62049935,37.05401463,17.69180601,39.20459157,15.55634919,40.44749683
11.18033989,4.123105626,10.44030651,4.472135955,11.04536102,5.099019514,12.04159458,5.385164807,9.219544457,5,9,5.830951895,9.055385138,5.830951895,8.062257748,7.280109889,8,7.615773106,8.246211251,9.219544457,7.071067812,9.486832981,7,11.40175425,7,9.486832981,6.08276253,10.04987562,5,10.44030651,6,13.03840481,5.099019514,12.36931688,4.123105626,12.16552506,4,13.34166406,4,12.16552506,4,13.15294644,2,13.34166406,4.472135955,13.34166406,4.242640687,16.1245155,5.099019514,15.5241747,4.472135955,16.76305461
10.44030651,3.605551275,11.70469991,4.123105626,8.062257748,4.472135955,9.219544457,5.385164807,6.708203932,4,11.04536102,5.099019514,9.219544457,8,9.055385138,2,8.602325267,7.071067812,7.810249676,5.099019514,9.486832981,3.605551275,8.544003745,6.08276253,5.385164807,7.071067812,7.280109889,9.055385138,5.385164807,8.062257748,6.708203932,10.19803903,6.32455532,11,5.830951895,10.44030651,5,9.219544457,5,10.19803903,2.828427125,10.19803903,5,11.18033989,5,11.18033989,7.211102551,11.18033989,6.403124237,13.34166406,6.708203932,12.64911064
15.13274595,28.8444102,16.1245155,28.60069929,15.03329638,28.60069929,15.13274595,29.41088234,13.03840481,27.80287755,13.34166406,27.65863337,11.18033989,30.47950131,8.544003745,29.69848481,8.544003745,28.31960452,8.94427191,27.58622845,7.615773106,30.47950131,7.280109889,31.144823,5.830951895,30.8058436,5.656854249,31.6227766,5.830951895,32.24903099,3.16227766,33.61547263,5.830951895,33.12099032,5,33.10589071,5.099019514,34.0147027,2.236067977,34.0147027,2.236067977,35.84689666,1,34.92849839,2.828427125,37.33630941,4.472135955,39.92492956,4.123105626,39.92492956,4.123105626,42.54409477
21.54065923,16.2788206,22.84731932,17.02938637,20.88061302,17,21.58703314,16.03121954,18.43908891,17.72004515,20.39607805,18.97366596,18.02775638,15.8113883,18.02775638,19.72308292,14.31782106,17.88854382,15.23154621,16.55294536,15.5241747,20.80865205,14.86606875,24.75883681,17.4642492,23.60084744,16.15549442,21.9317122,19.31320792,22.8035085,17.88854382,23.43074903,20.59126028,23.85372088,15.62049935,25.23885893,19.20937271,26.92582404,21.40093456,23.76972865,18.43908891,29.52964612,19.41648784,27.85677655,15.62049935,32.28002478,17.02938637,35.6931366,15.62049935,34.71310992,16.2788206,38.63935817
5.656854249,35.22782991,8.062257748,32.14031736,9.219544457,34.23448554,9.486832981,32.01562119,5.099019514,27.07397274,9.219544457,28.44292531,7.071067812,29.12043956,8.246211251,26,7,21.02379604,12,25.05992817,12.04159458,25.55386468,10.19803903,22.02271555,12.36931688,26.2488095,10.77032961,23.34523506,13.34166406,22.02271555,15.13274595,25.49509757,15.5241747,27.20294102,18,24.18677324,15.13274595,27.45906044,15.13274595,25.23885893,18.24828759,24.59674775,20.09975124,23.53720459,23.02172887,25.07987241,27,27.45906044,25.07987241,25.70992026,29.15475947,27.65863337
8.062257748,10.44030651,9.219544457,12.04159458,8.246211251,10.19803903,9.486832981,10.19803903,7.071067812,8.544003745,7.615773106,9.848857802,7.071067812,8.062257748,7.615773106,8.062257748,5.830951895,7.071067812,6.32455532,6.08276253,5.830951895,8.062257748,5.830951895,6.08276253,5.656854249,8,7.211102551,6.08276253,5.385164807,6.08276253,6.708203932,6.32455532,6.708203932,6.32455532,6.32455532,6.32455532,7.280109889,4.123105626,8.246211251,3,8.246211251,4.123105626,7.071067812,5.099019514,9.055385138,4,11.40175425,5,10.44030651,4.472135955,11.40175425,4
6.08276253,6.08276253,6.08276253,7.071067812,6.32455532,6,4.472135955,7.280109889,4.242640687,6,5,6.32455532,5,6.08276253,5,6.08276253,5,5.385164807,5.385164807,5.830951895,5.385164807,5.385164807,7.280109889,4.242640687,6.08276253,3.605551275,6.08276253,3.605551275,6.32455532,3.605551275,9.219544457,4.472135955,9.219544457,4.123105626,9.219544457,3,9.055385138,5.099019514,11.04536102,3,10.19803903,5,11.04536102,3,11,5.385164807,13.15294644,3,13.03840481,5.099019514,13,3
12.04159458,2.236067977,11.04536102,1.414213562,11.04536102,1,11.04536102,4,9.055385138,3,9.055385138,3,10.04987562,3,8,7.071067812,8.062257748,5.099019514,7.280109889,5,7.071067812,5.099019514,6.32455532,7,5.385164807,6,4.472135955,8.062257748,3.16227766,10.19803903,5.656854249,8,5,9,4.242640687,9,4.242640687,10.04987562,2.828427125,9.055385138,4.472135955,10.04987562,4,11.04536102,4.123105626,12,3.16227766,13.03840481,4.472135955,12.16552506,2.828427125,13.03840481
4.472135955,9.219544457,5.385164807,10.19803903,3,10.04987562,2.236067977,8.246211251,2.828427125,7.280109889,4.472135955,9,4.472135955,9.219544457,3.605551275,6,4.242640687,6.32455532,4.123105626,3.16227766,5,6.708203932,5.830951895,4.123105626,6.708203932,3.16227766,7.615773106,5,7.280109889,4.242640687,7.280109889,4.472135955,8.246211251,4.472135955,8.246211251,4.472135955,8.94427191,5,9.486832981,5.385164807,10.19803903,5.385164807,10.44030651,5,10.44030651,6.08276253,12,8.062257748,12.16552506,8.062257748,13.34166406,7.280109889
2,9.055385138,1.414213562,9.055385138,3.16227766,10.04987562,2,10,2,8,3.16227766,8,1.414213562,7.280109889,3.605551275,8.062257748,4.242640687,6.708203932,3.16227766,6.708203932,3.16227766,7.810249676,3,8.94427191,2.236067977,8.94427191,4.472135955,6.403124237,4.242640687,7.071067812,5.099019514,8.485281374,4,9.219544457,6.08276253,7.615773106,6.08276253,9.433981132,8.246211251,8.602325267,8,8.544003745,7,9.486832981,7.280109889,9.848857802,9,10.29563014,9,11.18033989,10,10.19803903
25.49509757,26.2488095,29.15475947,31.78049716,29.15475947,28.16025568,23.2594067,22.56102835,21.1896201,21.58703314,20.61552813,25.29822128,26.40075756,22.09072203,23.43074903,21.21320344,23.70653918,18.38477631,31.90611227,17.08800749,26.2488095,18.24828759,25.61249695,17.72004515,21.9317122,16.15549442,18.43908891,18,23.02172887,16.1245155,27.73084925,15.03329638,21.9544984,14.31782106,25.49509757,14.86606875,22.84731932,16.2788206,25.05992817,14.03566885,28.63564213,12,26.57066051,12.36931688,27.20294102,11.18033989,31.78049716,13.15294644,31.04834939,12.04159458,32.75667871,10.19803903
6.32455532,9.486832981,6.708203932,10.19803903,7.211102551,8.246211251,8.246211251,9.219544457,7.810249676,9.219544457,7.810249676,10.19803903,7.211102551,10.04987562,5.830951895,10.19803903,7.071067812,9.219544457,7.071067812,7.071067812,7.810249676,8,7.810249676,8.062257748,8.062257748,7,7.211102551,6.08276253,8.94427191,6.32455532,8.246211251,7.280109889,8.544003745,7.280109889,8.246211251,6.08276253,9.055385138,7.615773106,9.219544457,7.280109889,11.40175425,6.32455532,11.40175425,5.385164807,11.40175425,3.605551275,14.31782106,4,13.34166406,4.472135955,14.31782106,2.236067977
23.08679276,16.1245155,24.73863375,17,25.29822128,18.86796226,24.51530134,20.51828453,21.37755833,19.79898987,21.58703314,17.80449381,22.56102835,21.21320344,19.02629759,20.51828453,15.13274595,22.02271555,13.03840481,22.8035085,15.13274595,24.69817807,15.29705854,22.84731932,19.10497317,22.84731932,13.15294644,22.13594362,8,25.29822128,15.03329638,25.3179778,13.03840481,25.29822128,13.15294644,29.61418579,14,31.57530681,12.16552506,29.06888371,10.04987562,33.54101966,11.18033989,34.20526275,8.246211251,34.4818793,13.89244399,39.81205847,8.485281374,37.21558813,13.41640786,40.79215611
17.4642492,4.472135955,18.68154169,3.605551275,16.2788206,4.242640687,18.24828759,1.414213562,14.31782106,2.236067977,13.34166406,3.16227766,14.14213562,4,13.60147051,2.236067977,12.16552506,4.242640687,12.36931688,3,12.36931688,4.472135955,12.04159458,5,11.18033989,5,10.44030651,5.830951895,9.486832981,6.403124237,10.44030651,6.32455532,9.433981132,6.403124237,7.810249676,6.708203932,8.602325267,8.062257748,7.211102551,6.08276253,8.602325267,8.602325267,7.810249676,8.94427191,5.830951895,8.94427191,10.63014581,8.544003745,9.433981132,10.77032961,10,9.055385138
4.472135955,5,4.472135955,5,5.385164807,6.403124237,6.708203932,6.708203932,4.123105626,5.385164807,4.472135955,7.071067812,5.385164807,7.280109889,4.472135955,7,5,10,3.605551275,7.071067812,5,10,4.242640687,10.04987562,4.472135955,10,2.828427125,11.04536102,3.605551275,12,3.605551275,12.16552506,3.605551275,11.04536102,5.830951895,13.15294644,5,14.03566885,5.099019514,13.03840481,4.123105626,15.29705854,5.830951895,15.29705854,4.123105626,15,6.08276253,17.2626765,6.08276253,17.2626765,6.32455532,18.43908891
8.94427191,3.16227766,9.848857802,3.605551275,9.486832981,4.242640687,10.44030651,4.472135955,8.246211251,4.242640687,9.486832981,4.242640687,7,5.656854249,7.071067812,5,8.246211251,6.708203932,7,3.605551275,7.071067812,6.708203932,7.071067812,6.32455532,7,7.071067812,8.062257748,9.055385138,6,8.062257748,7.071067812,9.219544457,6,9.055385138,5,9,4.472135955,10,5.385164807,10,7.071067812,11,5.099019514,12.04159458,5.830951895,11.04536102,6.403124237,15.03329638,4.472135955,13.03840481,5.656854249,14.31782106
8.544003745,4.123105626,8.544003745,4.123105626,8.544003745,4.123105626,9.486832981,5.099019514,8.062257748,4.123105626,7.280109889,3.605551275,7.071067812,5,6.32455532,5.656854249,7.280109889,5,5.099019514,5,7,7.810249676,6,7.071067812,7.071067812,7.211102551,5,7.211102551,4.123105626,7.810249676,3.16227766,10.29563014,7,9.848857802,2.236067977,10.44030651,5.099019514,10.77032961,4,10.77032961,5,11.70469991,5,11.70469991,3.16227766,14.31782106,6.32455532,14.56021978,4.472135955,15.5241747,5.385164807,15.13274595
31.38470965,27.31300057,31.38470965,30.46309242,31.38470965,28.23118843,31.78049716,30.46309242,25.94224354,29.96664813,27.51363298,27.51363298,26.57066051,27.85677655,26.92582404,26.40075756,24.51530134,22.84731932,23.19482701,22.84731932,26.47640459,24.59674775,23.34523506,24.16609195,23.02172887,23.70653918,25.01999201,21.09502311,24.08318916,20.24845673,21.02379604,19.20937271,23.08679276,23.34523506,21.02379604,18.38477631,21.21320344,21.21320344,21.21320344,20.61552813,22.20360331,21.63330765,22.56102835,20.24845673,20.39607805,21.47091055,19.41648784,26.83281573,19.41648784,26.92582404,18.38477631,26.40075756
11.18033989,29.96664813,8.544003745,31.6227766,9,30.6757233,7,31.78049716,10,30.46309242,8.062257748,28.63564213,8.544003745,26.83281573,10.81665383,26.92582404,7.810249676,24.69817807,9.219544457,27.20294102,12.08304597,24.41311123,12.72792206,22.8035085,15,21.40093456,14.76482306,22.6715681,16.55294536,23.34523506,17.4642492,22.6715681,18.35755975,24.08318916,20.1246118,24.59674775,19.23538406,23.32380758,18.02775638,25.55386468,20.1246118,27.73084925,17.08800749,27.73084925,18.68154169,28.63564213,21.84032967,33.24154028,21.58703314,33.24154028,22.20360331,36.05551275
13.92838828,4.123105626,15.23154621,2.828427125,12.64911064,3.605551275,12.64911064,3.605551275,11.40175425,4.242640687,11.40175425,4.242640687,11.04536102,5,11.04536102,5,10,5,9.055385138,3.16227766,10,4.472135955,10.19803903,6.32455532,9,5.099019514,9.219544457,6,8.544003745,6.32455532,10.77032961,7.280109889,10.44030651,8.062257748,7.615773106,8.062257748,9.848857802,8.062257748,9.433981132,7,10,7.071067812,8.485281374,9,8.602325267,10,9.219544457,11.18033989,9.219544457,11.18033989,9.219544457,12.16552506
12.52996409,1,14.76482306,2,13.41640786,2.828427125,13,1.414213562,10.77032961,3.605551275,11.70469991,4.123105626,11.70469991,4.123105626,12.64911064,5.099019514,10.19803903,4,9.486832981,5.099019514,11.40175425,4.123105626,11.40175425,4.123105626,9.055385138,5.099019514,10,5.385164807,10,5.099019514,10.19803903,7.071067812,11.04536102,8.062257748,9,9.055385138,9,8.062257748,9,8.062257748,8.062257748,8.062257748,8.246211251,10.19803903,6.08276253,10.04987562,8.246211251,13,8.246211251,12.16552506,6,12.04159458
5.099019514,26.40075756,6.08276253,28.46049894,8.062257748,31.38470965,10.04987562,33.24154028,5.830951895,25.96150997,16.2788206,31.144823,2,33.54101966,16.2788206,25.05992817,5.830951895,27.16615541,7.280109889,21.09502311,2,26,7.071067812,32.24903099,17,26.17250466,19.23538406,19.92485885,10.29563014,18.38477631,23.34523506,25.29822128,25.3179778,25.96150997,13.34166406,20.61552813,27.16615541,21.9544984,21.37755833,26.92582404,26.57066051,20.80865205,25.70992026,19.31320792,29.01723626,21.9544984,42.42640687,24.16609195,29.15475947,23.32380758,38.47076812,28.23118843
12.52996409,1.414213562,11.66190379,1.414213562,13,1.414213562,13.92838828,1,12.52996409,1,12.20655562,2,10.29563014,1.414213562,12.08304597,3.16227766,11.18033989,2.828427125,10.77032961,3.16227766,10.29563014,5.099019514,9.433981132,4.472135955,10.44030651,5.830951895,11.66190379,4.472135955,10.29563014,5.830951895,11.40175425,5.830951895,10.29563014,7.615773106,9.899494937,7.211102551,10.63014581,7.211102551,10.63014581,6.32455532,10.63014581,7.615773106,10.63014581,8.062257748,10.81665383,8.246211251,12.20655562,9.219544457,12.80624847,8.246211251,12.52996409,8.062257748
18.35755975,2,18.35755975,1,20.59126028,0,19.6977156,0,18.78829423,1,19.6977156,0,18.35755975,2.236067977,16.76305461,1.414213562,16.55294536,3.16227766,14.86606875,2.828427125,16.15549442,3.16227766,16.76305461,4.123105626,16.4924225,5,13.92838828,4.123105626,15.5241747,6.32455532,14.31782106,6,15.23154621,7.280109889,13,6.08276253,14.31782106,8.246211251,14.31782106,6.08276253,13.92838828,9.219544457,13.03840481,9.219544457,13.03840481,9.219544457,14.2126704,10.19803903,14.2126704,10.04987562,14.2126704,11.18033989
4.472135955,12.20655562,6.32455532,13.89244399,5.830951895,13.03840481,6.708203932,13,7.280109889,12.08304597,6.708203932,12.64911064,5.830951895,12.64911064,5.385164807,12.64911064,5.385164807,12.16552506,5.099019514,11.04536102,5.385164807,11.04536102,4.123105626,12,4.123105626,13.03840481,5.385164807,12.04159458,6.32455532,11.04536102,5.830951895,12.04159458,5,11.18033989,5.656854249,9.219544457,5,11.18033989,5.656854249,12.16552506,5.830951895,9.848857802,7.071067812,10.77032961,6.708203932,8.94427191,8.94427191,9.848857802,8.544003745,10.77032961,9.486832981,8.94427191
10.44030651,3.16227766,10.19803903,4,11.04536102,3.16227766,11.18033989,3,10.04987562,3,11.04536102,4.123105626,10.04987562,1,8.062257748,2.828427125,9.055385138,1,10.19803903,1,9.486832981,2,9.848857802,3,10.29563014,2.236067977,9.433981132,1,9.219544457,2,9.899494937,2.236067977,11.3137085,2,10,2,10,3,10.63014581,2.236067977,11.66190379,1.414213562,11.66190379,2.236067977,10.29563014,2.236067977,13,3,13,1.414213562,13.60147051,3
25.63201124,15.62049935,25.63201124,15.55634919,25,15.55634919,25.29822128,15.8113883,24.35159132,16.2788206,24.35159132,16.2788206,23.40939982,17.80449381,23.40939982,16.97056275,22.13594362,19.20937271,20.61552813,20.59126028,18.68154169,21.9544984,20.1246118,18.86796226,21.02379604,21.09502311,17.4642492,21.47091055,17,22.36067977,17.4642492,25.63201124,16.1245155,25.49509757,17.49285568,25.29822128,18.43908891,25.29822128,14.86606875,24.35159132,17.69180601,26.92582404,16.2788206,27.20294102,17.49285568,27.89265136,19.72308292,29.42787794,20.24845673,29.12043956,20.1246118,31.6227766
13.89244399,31.38470965,14.31782106,31.78049716,13.41640786,31.76476035,14.76482306,31.78049716,13.60147051,30.46309242,15.13274595,31.01612484,12.04159458,27.85677655,13,29.73213749,13,28.16025568,14,26.2488095,16.1245155,28.46049894,17.2626765,26.30589288,16.4924225,26.92582404,17.72004515,25.29822128,17.08800749,25,18.86796226,26.92582404,17.49285568,26.2488095,19.20937271,24.16609195,20.51828453,25,17.69180601,24.35159132,19.41648784,22.84731932,18.60107524,22.84731932,18.86796226,22.47220505,23.02172887,24.41311123,23.32380758,22.8035085,24.59674775,22.02271555
6.708203932,3,9.219544457,1,10.29563014,1.414213562,11.70469991,3.16227766,8.246211251,2,9.055385138,2.236067977,8,1.414213562,8.246211251,2.236067977,7,2.828427125,8.062257748,3.605551275,10,5,8.246211251,5,10.04987562,7.071067812,7.071067812,6.08276253,7.280109889,8.602325267,8.544003745,7.211102551,7.280109889,8.544003745,8.94427191,7.280109889,8.544003745,9.219544457,8.062257748,8.246211251,8.062257748,7.615773106,8.94427191,9.486832981,7.071067812,9.219544457,8.062257748,11.18033989,7.810249676,10.44030651,7.810249676,11.18033989
13,3.605551275,12.16552506,3.605551275,13.03840481,3.605551275,14.03566885,5,11.40175425,5.830951895,12.08304597,6.403124237,12.08304597,8.062257748,13.41640786,6.403124237,12.72792206,8.062257748,11.40175425,9.219544457,13.60147051,10.44030651,12.04159458,11.40175425,14.86606875,12.16552506,12.72792206,13.03840481,14.14213562,14.31782106,14.4222051,17.2626765,14.4222051,15.13274595,14.76482306,18.11077028,15.23154621,19.23538406,13.41640786,19.41648784,13.60147051,20.02498439,13.60147051,21.02379604,16.76305461,20.09975124,19.41648784,22.09072203,17.11724277,22.02271555,19.10497317,25
20,6.32455532,23.02172887,5.099019514,23.53720459,4.242640687,22.56102835,6.32455532,19.6468827,5.099019514,24.16609195,5.385164807,21.9317122,6.32455532,21.63330765,6.08276253,21.40093456,5.385164807,22.6715681,5.385164807,24.08318916,2,24.20743687,4,24.20743687,5.385164807,24.69817807,5.099019514,25.63201124,3.16227766,27.31300057,3,30.08321791,4,31.6227766,4,32.89376841,3.605551275,32.984845,2,33.95585369,4.242640687,36.49657518,2.828427125,37.48332963,3.16227766,44.40720662,2,41.10960958,3.16227766,42.04759208,3.16227766
5.656854249,19.92485885,8.062257748,22.84731932,4,22.47220505,8.062257748,20.59126028,3.605551275,20,4.472135955,19.20937271,8.94427191,21.26029163,5.830951895,20.61552813,7.071067812,20.24845673,8.246211251,20.59126028,11.04536102,22.20360331,9,24.59674775,9.219544457,26,10.19803903,27.31300057,16.2788206,27.85677655,17.11724277,28.7923601,19,27.89265136,18,28.63564213,18.24828759,31.06444913,19.02629759,32.01562119,20.02498439,31.40063694,16.1245155,33.06055051,18.02775638,33.06055051,21.02379604,41.0487515,21,40.01249805,24.33105012,42.19004622
18.38477631,13,20.61552813,16.2788206,18.43908891,11.40175425,19.10497317,13.03840481,16.03121954,11.40175425,19.10497317,12.16552506,16.76305461,11,20.39607805,9.055385138,18.35755975,10.04987562,19.20937271,9.219544457,17.69180601,15.29705854,17.69180601,11.04536102,20.61552813,11.04536102,21.63330765,10.44030651,22.20360331,11,28.17800561,9.848857802,27.80287755,12.20655562,27.78488798,9.848857802,29.15475947,8.485281374,29.54657341,11.66190379,31.95309062,8.602325267,31.32091953,8.485281374,36.40054945,9.899494937,41.23105626,10,37.33630941,12.20655562,42.57933771,11.40175425
7.280109889,9.486832981,7.280109889,9.848857802,7.280109889,9.848857802,6.708203932,10.19803903,5.099019514,9.219544457,7.071067812,8.062257748,6.32455532,12.16552506,7.071067812,9,4.472135955,8.062257748,5.099019514,7,6.32455532,5.099019514,6,7,6.32455532,6.08276253,7.280109889,8.246211251,5,7.071067812,7.211102551,8.246211251,5.830951895,7.211102551,5,5.385164807,8.062257748,7.615773106,5,7.211102551,6.403124237,5.830951895,6.403124237,5.830951895,7.615773106,5,8.062257748,6.403124237,8.544003745,8.602325267,10.44030651,7.211102551
11.40175425,2.236067977,8.544003745,4.472135955,8.246211251,1.414213562,13.03840481,2,7.071067812,4.472135955,6.08276253,7.211102551,11,3.16227766,6.08276253,4.472135955,9.055385138,4.123105626,8,2,8.246211251,3.605551275,5,4.472135955,7.615773106,3.605551275,8.062257748,5,9.433981132,3.16227766,10.81665383,3.605551275,8.485281374,3,9.219544457,4.123105626,9.899494937,4.472135955,10.63014581,5,9.899494937,4,8.062257748,5,10.63014581,5.830951895,8.062257748,6.08276253,10.19803903,6.708203932,10.77032961,6.08276253
7.810249676,28.01785145,7.615773106,28.01785145,11.40175425,26.17250466,11.66190379,25.17935662,10,24.35159132,11.66190379,25,10.29563014,23.76972865,10.63014581,23.2594067,10.81665383,22.20360331,11.3137085,22.02271555,9.219544457,24.04163056,8.062257748,22.8035085,8.246211251,25.49509757,11.18033989,26.07680962,8.062257748,24.41311123,10.77032961,26.92582404,9.219544457,26.92582404,12.04159458,25.49509757,13.15294644,26.40075756,12.16552506,26.40075756,17.11724277,28.63564213,16.03121954,25.29822128,18.11077028,24.69817807,23.19482701,28.44292531,22.8035085,28.63564213,25.49509757,29.06888371
12.64911064,32.69556545,14.03566885,29.12043956,13.60147051,29.06888371,16.76305461,31.04834939,11.04536102,25.70992026,12.36931688,26.01922366,13.34166406,24.33105012,10.77032961,22.02271555,8.544003745,21.21320344,7,21.21320344,7.071067812,23.40939982,7.211102551,25.29822128,8,24.73863375,4.123105626,22.36067977,1.414213562,21.47091055,4.242640687,28.17800561,3.605551275,26.83281573,4.123105626,24.69817807,5.830951895,23.02172887,6.32455532,24.8394847,8.94427191,25.49509757,9.486832981,26.17250466,10.04987562,24.41311123,12.64911064,29.41088234,12.64911064,28.01785145,13.41640786,30.41381265
3.16227766,10.77032961,2.236067977,11.70469991,4.123105626,10.44030651,3.16227766,11.18033989,4.472135955,10.44030651,3.605551275,10.04987562,4.123105626,10,2.236067977,8,3.605551275,8,4.242640687,8,3.16227766,9.055385138,4.123105626,9.219544457,3.16227766,9.219544457,4,10.19803903,4.472135955,9.055385138,5.099019514,10.44030651,6,9.433981132,7,8.544003745,6,7.615773106,6.08276253,8.246211251,7,7.615773106,7.071067812,6.32455532,9,6.32455532,9,8.544003745,10.04987562,8.062257748,10,7.211102551
13.60147051,5,12.36931688,5.830951895,12.36931688,5,12.16552506,5.385164807,10.19803903,5.099019514,11.04536102,4.472135955,10.19803903,5.830951895,10.04987562,5.385164807,9.055385138,3.605551275,9.055385138,3,9,3,9.219544457,4,9.219544457,3,8.544003745,3.16227766,8.246211251,3.605551275,9.486832981,3.605551275,9.848857802,3.605551275,8.94427191,2.236067977,9.848857802,2.828427125,9.433981132,2.236067977,8.602325267,3.605551275,8.485281374,5,9.433981132,3.605551275,9.899494937,5.385164807,10,4.242640687,10.81665383,5.385164807
11.70469991,8.602325267,11.70469991,9.848857802,12.08304597,8.94427191,12.08304597,9.848857802,10.77032961,6.708203932,9.219544457,9.433981132,8.246211251,9.848857802,9.055385138,8.602325267,9.055385138,8.062257748,8.246211251,7.810249676,9.055385138,7.810249676,10.19803903,8.602325267,9,6.403124237,9.219544457,6.403124237,10.19803903,7.071067812,10.19803903,8.485281374,9.486832981,8.602325267,8.062257748,8.062257748,8.544003745,7.211102551,7.280109889,7.615773106,8.94427191,9.433981132,9.433981132,10,8.602325267,10.77032961,8.062257748,12.64911064,6.403124237,10.77032961,8.062257748,11.70469991
7.280109889,10.29563014,7,9.848857802,6.32455532,10.77032961,5,10.44030651,4,11.40175425,6.08276253,8.246211251,4,8.544003745,5.099019514,6.32455532,5.385164807,8.246211251,4.472135955,6.08276253,5.830951895,7.071067812,5.830951895,7.071067812,5.830951895,7,6.403124237,7.071067812,7.071067812,5.099019514,7.071067812,7,7.211102551,6.08276253,7.810249676,4.123105626,6.403124237,5.385164807,8.602325267,4.123105626,8.062257748,4.123105626,8.062257748,6.32455532,9.433981132,5.385164807,10.77032961,5.656854249,10.29563014,5.830951895,10.44030651,5.385164807
8.544003745,7.810249676,11.40175425,7.615773106,8.544003745,6.708203932,10.19803903,6.708203932,9.055385138,7.280109889,10.04987562,7.280109889,10.04987562,6.32455532,9,6.32455532,9.055385138,6,6,7.615773106,9.055385138,7.071067812,8.246211251,6,7.280109889,7.071067812,7.615773106,7.280109889,7.280109889,7.071067812,8.544003745,7.615773106,7.615773106,6.32455532,7.211102551,7.280109889,7.211102551,7.615773106,7.810249676,7.211102551,7.810249676,7.071067812,7.211102551,9.219544457,7.071067812,7.810249676,6.403124237,8.94427191,7.810249676,9.433981132,8.94427191,10.44030651
8.544003745,5.385164807,7.615773106,5,8.246211251,5,8.062257748,6,7.071067812,5.099019514,8.062257748,4.123105626,7,5.099019514,6,5.099019514,6.32455532,5,6.08276253,4.123105626,7.615773106,4.123105626,7.280109889,3.16227766,6.708203932,5.099019514,6.708203932,4.123105626,8.062257748,4.123105626,7.810249676,4.472135955,8.062257748,3.605551275,7.810249676,3.605551275,7.810249676,4.472135955,7.810249676,4.472135955,8.062257748,4.242640687,7.810249676,5,7.211102551,2.828427125,9.486832981,3.605551275,9.848857802,4.472135955,11.40175425,4.242640687
3.16227766,28.28427125,3.16227766,28.63564213,3,24.18677324,2.236067977,24.0208243,1.414213562,23,2.828427125,24.18677324,4,23.19482701,4,22.47220505,7.071067812,22.47220505,6.708203932,21.58703314,8.062257748,23.76972865,10.19803903,21.9544984,11.04536102,21.47091055,15.29705854,25.8069758,16.1245155,23.85372088,18,23.34523506,19,23.32380758,19.41648784,24.04163056,21,25.49509757,23.08679276,24.08318916,23.19482701,25.61249695,24.0208243,28.42534081,22.09072203,26.83281573,26.30589288,30.08321791,28.01785145,30.08321791,28,29.41088234
24.35159132,16.64331698,25.63201124,14.31782106,25.96150997,15.65247584,23.34523506,16.76305461,23.19482701,17,24.51530134,14.56021978,25.01999201,16.76305461,24.18677324,15.8113883,22.36067977,11.70469991,23.08679276,13.34166406,26.57066051,12.16552506,25.07987241,10.04987562,29.15475947,11,27.20294102,13,30.8058436,14.14213562,29.83286778,13.60147051,30.23243292,10.04987562,29.69848481,9.433981132,31.82766093,12.64911064,32.01562119,10.19803903,33.83784863,7.280109889,34.13209633,9,34.13209633,8.062257748,39,9,37.57658846,12.36931688,39.29376541,8.062257748
29.27456234,15.29705854,25.3179778,19.72308292,33.24154028,10.44030651,33.52610923,9.433981132,25.07987241,4,13.03840481,13.60147051,13,16.03121954,18.11077028,17.88854382,26.62705391,28.8444102,21.9317122,16.4924225,15.65247584,15,9.219544457,23.76972865,6,18.86796226,8.062257748,22.6715681,12.04159458,17.4642492,12.08304597,24.35159132,11.40175425,21.02379604,3.605551275,19.41648784,7.211102551,23.85372088,7.071067812,20.51828453,4.123105626,27.01851217,5.385164807,22.6715681,4.242640687,21.9544984,9.848857802,30.46309242,7.071067812,33.01514804,6.403124237,30.87069808
17.72004515,24.59674775,17,24.04163056,14.14213562,23.08679276,11.18033989,25,13.15294644,20.22374842,17.4642492,21.09502311,15.8113883,23.02172887,13.92838828,22.02271555,13.89244399,19.02629759,14.4222051,16.15549442,17.80449381,19.31320792,20.59126028,20.1246118,18.86796226,20.61552813,17.80449381,19.41648784,20.61552813,20,21.26029163,19.10497317,21.9317122,23.34523506,23.02172887,23.34523506,24.04163056,26.17250466,22.02271555,24.75883681,20.1246118,23.60084744,22.82542442,21.9317122,26.2488095,22.02271555,30.6757233,24.20743687,29.42787794,23.85372088,30.59411708,21.09502311
20.61552813,60.44005295,19.10497317,61.40032573,16.2788206,57.48912941,15.26433752,61.05735009,16.40121947,53.26349594,18.02775638,62.76941931,12.80624847,52.15361924,14.14213562,53.23532662,17.88854382,47.5394573,13.60147051,47.01063709,22.13594362,47.29693436,22,43.73785546,22.84731932,50.21951812,23.76972865,44.28317965,25.70992026,43.41658669,27.31300057,41.43669871,25.29822128,45.88027899,24.41311123,44.40720662,31.90611227,44.28317965,30.61045573,46.04345773,32.64965543,41.30375286,34.82814953,41.97618372,35.22782991,39.62322551,41.59326869,46.17358552,39.96248241,39.3192065,45.61797891,34.23448554
11.40175425,29.41088234,11.18033989,27.01851217,14.76482306,28.8444102,9.848857802,24.59674775,7.071067812,25.55386468,11.18033989,28.3019434,9.055385138,27.31300057,4.472135955,24.35159132,7.810249676,20.24845673,3.16227766,21.63330765,2.828427125,27.29468813,5,28.63564213,2.236067977,26,2,27.73084925,5.830951895,25.05992817,4.472135955,27.78488798,5.385164807,28.17800561,7.071067812,26.92582404,7.810249676,29.15475947,9.899494937,26.83281573,14.2126704,25.05992817,13.60147051,25.49509757,16.97056275,25.23885893,17.49285568,25.55386468,20.24845673,25,20.59126028,27.20294102
21.58703314,24.8394847,23.19482701,28.42534081,19.92485885,22.6715681,18.97366596,24.59674775,18.38477631,19.72308292,13.60147051,20.80865205,19.31320792,23.60084744,19.92485885,15.13274595,13.60147051,16.4924225,15.26433752,16.15549442,19.72308292,17,18.86796226,14.86606875,20.61552813,17.2626765,18.43908891,12.36931688,18.43908891,19.23538406,21.40093456,21.58703314,15.62049935,18.43908891,20.1246118,15.5241747,21.9317122,17.72004515,21.40093456,21.02379604,21.02379604,21.1896201,20.59126028,20.22374842,26.40075756,20.09975124,25.63201124,23,28.46049894,16.2788206,29.41088234,18.24828759
24.08318916,14.14213562,23.43074903,15.29705854,21.21320344,11,21.21320344,10.44030651,19.10497317,10.77032961,17.80449381,9.055385138,18.43908891,10,19.6977156,12.04159458,16.40121947,9.486832981,15,13.89244399,13.89244399,14.76482306,15.8113883,14.76482306,19.23538406,15.8113883,17.72004515,16.2788206,19.41648784,17.20465053,17.88854382,19.79898987,18.35755975,15.55634919,16.64331698,15.8113883,21.1896201,17.20465053,18.38477631,18.86796226,21.02379604,18.78829423,19.6468827,23.2594067,19.31320792,24.73863375,17.4642492,27.89265136,21.02379604,26.17250466,17.49285568,29.27456234
26.68332813,12,27.20294102,9.486832981,25.05992817,9.433981132,26.41968963,11.18033989,22.02271555,11.70469991,21.09502311,12.52996409,18.38477631,13.60147051,19.72308292,17.08800749,18.38477631,14.31782106,20.39607805,14.31782106,21.58703314,17.11724277,21.21320344,17.2626765,22,15.03329638,22.20360331,21.37755833,21.02379604,16.76305461,24.0208243,20.61552813,26.17250466,22.8035085,27.16615541,22.20360331,25.01999201,26.68332813,23.08679276,22.56102835,25.01999201,25.49509757,27.16615541,23.76972865,27.29468813,23.70653918,29.27456234,24.59674775,28.44292531,22.36067977,30.41381265,25.07987241
10,1.414213562,9.433981132,1,6.403124237,1.414213562,6.708203932,2.236067977,5.830951895,1.414213562,6.08276253,2.236067977,5.099019514,2,6.08276253,3,6,1.414213562,5,3,7.280109889,3,6.708203932,2.236067977,7.211102551,1.414213562,7.615773106,2.828427125,8.062257748,1,8.94427191,2.236067977,8.94427191,1,8.062257748,2.236067977,8.602325267,2,8.602325267,4.123105626,9.433981132,1.414213562,9.219544457,2.236067977,10.29563014,2.828427125,9.433981132,4.472135955,9.433981132,3.605551275,10,4.472135955
5.385164807,3.605551275,4.472135955,3.16227766,4.472135955,3.16227766,5.385164807,0,5.099019514,1,5.099019514,1,6.08276253,1,6,1,5,1,6.08276253,1,6.32455532,1.414213562,6.08276253,3.16227766,7.071067812,2.236067977,7.615773106,2.236067977,6.708203932,3.605551275,8.062257748,1,8.602325267,3.16227766,8.94427191,3.16227766,9.433981132,1,8.602325267,3,9.433981132,3,9.433981132,2,8.602325267,4.123105626,10,4.123105626,10.29563014,4,10.81665383,4.123105626
15,37.21558813,18.02775638,38.11823711,17.02938637,35.0142828,18.43908891,31,17.4642492,31.01612484,19.02629759,30.14962686,21.09502311,25.3179778,17.2626765,25.63201124,17.2626765,24.04163056,13.60147051,21.47091055,14.56021978,23.70653918,13,21.26029163,12.04159458,24.08318916,11,21.40093456,9.848857802,22.8035085,7,23.32380758,6.708203932,23.85372088,6.08276253,24.69817807,5.830951895,22.56102835,1,24.69817807,2,28.16025568,3.16227766,28.16025568,5,27.65863337,4.472135955,31.40063694,3,29.61418579,5.385164807,30.2654919
21.58703314,36.87817783,20.88061302,35.11409973,19.6468827,35.11409973,15.13274595,35.11409973,14.03566885,30.3644529,15.03329638,34.43835072,8.062257748,29.52964612,6.32455532,27.45906044,5.830951895,30.23243292,6.32455532,24.75883681,7.211102551,27.58622845,3,22.6715681,5,21.9317122,8.94427191,24.08318916,6,24.73863375,12.04159458,24.04163056,9.055385138,23.53720459,8.246211251,25.3179778,12.04159458,26,10.04987562,23.34523506,13,25.07987241,12.16552506,26.92582404,14.56021978,28.16025568,15.5241747,28.63564213,15.5241747,29.12043956,17.72004515,30.08321791
12.16552506,2,13.03840481,2.236067977,12.04159458,3.605551275,12.04159458,1.414213562,11,2,10.04987562,3,11.04536102,3,8.062257748,3.16227766,7.280109889,2.236067977,6,5,7,5.099019514,7.071067812,5.385164807,6.32455532,6,4.472135955,5.099019514,5.099019514,5.099019514,5,6.32455532,4,6.32455532,2.236067977,6.08276253,2,8.062257748,1,6.08276253,2.236067977,7,1.414213562,7.280109889,2.236067977,8.062257748,2,10.04987562,4.123105626,8.062257748,3.16227766,8.246211251
3.605551275,10,4.123105626,9.055385138,3.16227766,8.062257748,4.242640687,8.062257748,4.472135955,8.062257748,5,6.08276253,3.605551275,4.472135955,4.472135955,4.472135955,4.472135955,4.472135955,5.830951895,5,6.403124237,5,5.385164807,4.242640687,5.099019514,3.605551275,4.123105626,4.242640687,6,3.16227766,6.08276253,5.385164807,6.08276253,4.123105626,7.071067812,5.099019514,7.280109889,4.123105626,5.385164807,5.099019514,7.280109889,4,7.615773106,5,7.280109889,5,6.708203932,7.071067812,6.708203932,6,6.708203932,6
25.96150997,18.78829423,24.04163056,21.09502311,20.61552813,20.24845673,20.88061302,21.58703314,21.9317122,20.24845673,20.24845673,20.88061302,22.02271555,16.2788206,18.38477631,19.6468827,19.41648784,17.2626765,13.03840481,13.34166406,21.84032967,15.29705854,18.38477631,12.16552506,20.61552813,11.04536102,21.02379604,11.18033989,23.19482701,7.071067812,27,8,26.01922366,6.32455532,27.07397274,5,28.28427125,2,27.01851217,3.16227766,28.63564213,6,29.83286778,8.246211251,33.54101966,8.544003745,35.22782991,14.31782106,32.24903099,13.41640786,36.34556369,15.62049935
13.03840481,27.16615541,13.03840481,28.28427125,15.65247584,25.07987241,17.20465053,25.07987241,16.1245155,21.21320344,18.02775638,23.19482701,18.86796226,22.09072203,21.09502311,20.22374842,20,19.41648784,23.2594067,16.2788206,24.69817807,15.29705854,23.70653918,13.03840481,24.69817807,13.03840481,25.94224354,12.04159458,27.29468813,9.055385138,29.06888371,8.062257748,29.54657341,6.708203932,30.46309242,7.071067812,31.78049716,3.605551275,29.54657341,5.656854249,29.15475947,5,31.01612484,6.32455532,32.01562119,9.219544457,35.44009029,11.04536102,32.57299495,11.18033989,34.4818793,13.03840481
21.09502311,31.6227766,20.24845673,27.31300057,20.1246118,26.83281573,22.20360331,20.1246118,22.47220505,20.24845673,22.6715681,21.9544984,21.9317122,17.80449381,26.40075756,19.84943324,24.08318916,15.62049935,22.627417,17.69180601,27.58622845,15.8113883,24.8394847,17,30,13.89244399,28.60069929,14.76482306,25.8069758,14.31782106,27.45906044,12.04159458,31.76476035,15.29705854,30.87069808,11.04536102,30.01666204,9.219544457,30.46309242,11.66190379,29.12043956,9.433981132,32.69556545,9.219544457,32.57299495,8.485281374,36.68787266,7.810249676,36.138622,9.219544457,37.10795063,10.19803903
23.2594067,20.1246118,26.41968963,18.97366596,26.40075756,17.4642492,25.07987241,16.76305461,24.18677324,16.76305461,24.41311123,15.5241747,25,14.31782106,25.49509757,14.14213562,23.34523506,13.03840481,21.40093456,11.18033989,25,14,24.41311123,15.03329638,23.02172887,15,24.16609195,13.03840481,24.59674775,13.15294644,25.63201124,13,25.05992817,14.56021978,26.92582404,11.70469991,29.41088234,11.40175425,27.89265136,10.44030651,32.01562119,8.246211251,28.86173938,8,29.12043956,10.04987562,35.6931366,8.062257748,34.92849839,8.246211251,36.40054945,8.544003745
8.94427191,5.385164807,8.94427191,5.099019514,8.062257748,6.32455532,8.94427191,4.123105626,7.615773106,5,7.615773106,5,7.615773106,4.123105626,7.615773106,4,6.708203932,4.472135955,6.708203932,5,7.615773106,6.708203932,5.830951895,6.403124237,6.32455532,7.211102551,5.385164807,6.403124237,5.830951895,7.071067812,5.830951895,8.602325267,5.656854249,8.602325267,5.656854249,6.403124237,5.656854249,7.211102551,5,8.062257748,5,8.602325267,7.071067812,8.602325267,6.403124237,8.544003745,8.062257748,8.94427191,6.708203932,8.94427191,8.062257748,9.486832981
12.08304597,0,11.40175425,1,13,1.414213562,13,2.828427125,11.18033989,2.236067977,11.18033989,3,11.66190379,3.16227766,9.433981132,5,8.94427191,6,10.63014581,6.08276253,10.81665383,7,9.219544457,6,9.433981132,7,9.433981132,8.246211251,7.810249676,7,9.219544457,9.055385138,7.810249676,10,9.219544457,9,7.810249676,10.04987562,8.602325267,10.19803903,8.602325267,9.055385138,8.485281374,11.04536102,10,11.18033989,12.08304597,10.04987562,10.63014581,11.04536102,11.18033989,10.04987562
70.83784299,17.02938637,71.69379332,15.8113883,71.58910532,13.03840481,71.47027354,18.97366596,72.9177619,17.88854382,65.55150647,18.43908891,62.39390996,24.18677324,54.12947441,33.28663395,45.27692569,39.56008089,46.04345773,35.84689666,32.01562119,46.23851209,46.38965402,49.40647731,39.3192065,59.03388857,26.17250466,56.35601121,42.19004622,57.80138407,24,50.28916384,43.01162634,68.70953355,48.01041554,74,35,75,22.20360331,81.78630692,28.01785145,80.05623024,27.01851217,87.66413178,18.43908891,90.82400564,39.56008089,103.5808863,29.52964612,106.2308806,35.4682957,103.0970417
35.11409973,6.32455532,32.57299495,8.485281374,32.69556545,8.544003745,32.28002478,9.219544457,26.2488095,12.52996409,27.89265136,12.20655562,28.63564213,15.26433752,23.53720459,15.8113883,24.33105012,17.72004515,21.02379604,14.56021978,21.02379604,16.03121954,18.02775638,18,17,17.11724277,22.02271555,20.09975124,19.41648784,20.22374842,21.37755833,23.34523506,17,21.21320344,17.11724277,26.07680962,10.77032961,27.07397274,15.03329638,27.01851217,15.29705854,29.01723626,8,28.0713377,9.219544457,31.01612484,16.03121954,33.01514804,16.03121954,32.06243908,18.24828759,38
4.472135955,34.0147027,5,34.92849839,5.099019514,33.83784863,4.472135955,32.69556545,4.123105626,31.95309062,6.403124237,30.6757233,5.656854249,30.08321791,7.615773106,28.86173938,8.602325267,26.47640459,9.433981132,25,11.66190379,27.45906044,12.20655562,23.19482701,10,23.19482701,13.03840481,22.36067977,12.20655562,19.10497317,16.55294536,21.37755833,15.23154621,17.02938637,17,20.02498439,18.78829423,20.22374842,19.31320792,20.39607805,21.1896201,17.2626765,19.6468827,18.43908891,22.8035085,17.08800749,26.92582404,18.02775638,25.49509757,19.31320792,26.30589288,15.65247584
24.16609195,24.33105012,22.8035085,22.56102835,21.9544984,22.09072203,25.49509757,25.01999201,25.8069758,20,25,22.09072203,23.02172887,17.2626765,22.02271555,17.72004515,22.8035085,17.2626765,22.6715681,17.20465053,22.02271555,18.43908891,21.40093456,20.80865205,20.24845673,19.20937271,20.24845673,20.51828453,18.78829423,19.10497317,24.69817807,19.41648784,23.40939982,20.61552813,23.08679276,20,22.13594362,20.80865205,24.04163056,18.35755975,26.68332813,19.41648784,25.70992026,19.41648784,28.44292531,18.97366596,34.92849839,20.61552813,34.4818793,19.6977156,38.07886553,18.68154169
4.123105626,30.8058436,2.236067977,30.59411708,1,32.24903099,1.414213562,29.42787794,5.385164807,25.3179778,6.708203932,27.16615541,5.385164807,28,11.04536102,22.56102835,8,22.56102835,12.36931688,20.39607805,14.31782106,19.6977156,13.60147051,19.92485885,13.34166406,20.59126028,18.43908891,19.20937271,17.72004515,18.43908891,19.92485885,18.38477631,19.41648784,17.69180601,20.61552813,16.2788206,25,20.51828453,24.73863375,20,26.47640459,18.60107524,26.92582404,17.20465053,30.59411708,18.02775638,33.54101966,18.86796226,31.40063694,18.35755975,34.0147027,18.86796226
14.4222051,40.31128874,15.23154621,39.8246155,13.92838828,38.01315562,12.64911064,37.69615365,13.41640786,38.07886553,11.66190379,35.4682957,15.26433752,36.138622,9.899494937,28.44292531,12.80624847,28.44292531,8.94427191,30,10,30.01666204,7.810249676,29,5.830951895,27.01851217,8.602325267,25.07987241,7.810249676,27.89265136,8.602325267,27.89265136,8.544003745,28.86173938,10,25.29822128,10.04987562,30.46309242,11.18033989,29.73213749,12.64911064,27.73084925,14.86606875,27.31300057,17.02938637,28.3019434,20.39607805,31.90611227,18.43908891,28.42534081,20.61552813,31.2409987
4.472135955,6.08276253,3.16227766,6.08276253,2.236067977,5.099019514,4.123105626,5.385164807,4.123105626,5.099019514,6.08276253,3.16227766,6,5,6.08276253,5.830951895,7,3.605551275,6.08276253,2.236067977,8.062257748,3.16227766,9.055385138,3.605551275,10,5.099019514,10.04987562,5.099019514,9.055385138,6,12,6,10.04987562,6.08276253,12,6.32455532,12.16552506,7,13.03840481,6.08276253,12,7.280109889,12,8.062257748,13.03840481,7.280109889,15.13274595,7.280109889,15.03329638,7.071067812,16.03121954,6.708203932
21.84032967,21.54065923,25.63201124,21.1896201,26.57066051,22.13594362,24.33105012,21.21320344,25,19,25.49509757,18.02775638,24.04163056,18.02775638,22.8035085,14.86606875,20.61552813,14.86606875,18.11077028,16.15549442,17.72004515,20.24845673,18.24828759,19.72308292,20.39607805,18.43908891,18.02775638,20.61552813,10.77032961,20.51828453,13.60147051,20.51828453,13.41640786,19.10497317,11.18033989,21.63330765,11.40175425,26.62705391,13.34166406,23.60084744,9.848857802,22.47220505,11.18033989,24.18677324,10.29563014,26.83281573,13.03840481,28.23118843,15.26433752,30.46309242,12.04159458,27.51363298
24.69817807,18.43908891,24.69817807,17.20465053,23.02172887,16.15549442,25.49509757,16.76305461,20.80865205,18.02775638,20.80865205,17.2626765,20.51828453,18.02775638,18.43908891,19,15.62049935,21.84032967,12.80624847,26.68332813,15,27.20294102,13,27.20294102,13.92838828,24.59674775,15.5241747,27.85677655,13.03840481,29.15475947,15,31.32091953,14.31782106,34.53983208,12.16552506,31.6227766,16.76305461,34.92849839,13.03840481,34.78505426,13,31.32091953,12.80624847,35.11409973,12.80624847,33.24154028,13.03840481,35.4682957,13.89244399,35.4682957,11.66190379,38.60051813
8.602325267,41.10960958,6.08276253,40.04996879,11.04536102,38.05259518,8.062257748,38.20994635,6,30.41381265,4.123105626,35.35533906,7.810249676,30.8058436,7.071067812,29.83286778,4.123105626,27.51363298,7.071067812,26,6.08276253,24.18677324,6,24.41311123,6.708203932,21.21320344,5.099019514,23.43074903,4,22.6715681,5.099019514,22.47220505,3.16227766,20.80865205,3,22.56102835,6.403124237,20.88061302,6.403124237,19.6468827,7.810249676,21.1896201,7.211102551,18.68154169,8.246211251,17.4642492,5.099019514,20.39607805,8.544003745,18.11077028,7.071067812,20.39607805
10.19803903,7.810249676,10.44030651,5.830951895,10.04987562,5.385164807,10.44030651,5.830951895,9.486832981,5.385164807,9.848857802,6.32455532,9.486832981,7.071067812,9.848857802,7,8.062257748,9.055385138,8.602325267,6.08276253,8.602325267,9.055385138,8.602325267,7.071067812,8.602325267,8.544003745,8.485281374,8.94427191,7.810249676,9.219544457,8.062257748,10.19803903,7.211102551,7.280109889,9.219544457,8.544003745,9.848857802,8.94427191,8.544003745,7.211102551,7.615773106,8.94427191,8.544003745,8.94427191,8.062257748,8.062257748,11.18033989,8.544003745,12.36931688,10.29563014,11.18033989,8.485281374
6.708203932,8.602325267,5.830951895,10.81665383,6.708203932,9.219544457,4.472135955,8.602325267,3.16227766,9.219544457,4.472135955,7.810249676,3.605551275,9.219544457,3.605551275,9.219544457,2,9.433981132,4.123105626,11.18033989,1.414213562,9.486832981,4,8.246211251,3,10.19803903,2.236067977,10.04987562,4,9,2,10,3,11.40175425,4,11.18033989,3.16227766,12.36931688,5.099019514,12.36931688,4.472135955,11.40175425,2.828427125,10.77032961,5.385164807,11.40175425,2.828427125,12.36931688,4.242640687,11.70469991,2.828427125,11.70469991
6.32455532,7.280109889,6.32455532,6.32455532,6.08276253,7.280109889,5,6.08276253,4.123105626,7.071067812,4.123105626,6.08276253,4.472135955,5.385164807,1.414213562,5.099019514,3.605551275,5.385164807,2.828427125,3.605551275,2.828427125,5.099019514,3.16227766,6.403124237,1.414213562,6.403124237,3,5,2.236067977,5.830951895,2.236067977,7.211102551,2.236067977,6.708203932,2,6.708203932,2.236067977,8.246211251,3.16227766,6.08276253,2.236067977,7.071067812,2.236067977,7.280109889,3.605551275,8.246211251,2.236067977,9.486832981,2.236067977,9.219544457,2.236067977,10.19803903
5.830951895,5.099019514,3.605551275,5.099019514,5.099019514,7.071067812,4.123105626,4.123105626,4.472135955,3,2.236067977,2.236067977,4.472135955,2.236067977,4.123105626,3.605551275,3.605551275,4.242640687,3,2.236067977,4.472135955,2,5.099019514,2.236067977,5.385164807,2.236067977,5.385164807,3,5.830951895,5,6.708203932,3.16227766,7.615773106,2,8.94427191,5,7.810249676,4.123105626,7.211102551,4.123105626,8.062257748,4.123105626,8.602325267,5,8.602325267,6.08276253,8.94427191,7.071067812,9.433981132,5.385164807,10.29563014,6.08276253
31.25699922,14.2126704,29.15475947,16.97056275,26.30589288,20.61552813,30.01666204,19.79898987,25.49509757,19.84943324,25.3179778,23.43074903,20.22374842,23.43074903,21.58703314,23.02172887,17.4642492,23.60084744,17.08800749,23.85372088,15.5241747,26.41968963,11.40175425,26.41968963,11.18033989,28.17800561,12.52996409,30.08321791,10.77032961,27.31300057,7.211102551,31.78049716,6.403124237,30.46309242,6.403124237,31.6227766,5.385164807,31.32091953,2.236067977,31.6227766,2.236067977,31.04834939,1.414213562,32.89376841,5,30.08321791,7,36.40054945,8.062257748,33.83784863,10.44030651,34.78505426
2,18.02775638,2.236067977,18.11077028,1,17.02938637,1.414213562,18.11077028,1.414213562,16.1245155,1,14.31782106,2,13.92838828,2.236067977,13,4.123105626,12.08304597,2.828427125,11.66190379,2.828427125,12.80624847,2.236067977,12.72792206,1.414213562,12.04159458,1.414213562,12.20655562,1.414213562,13.03840481,1.414213562,12.52996409,1.414213562,13,2.236067977,11.18033989,1,12.36931688,3.605551275,9.219544457,1.414213562,12.36931688,2.828427125,11.04536102,3.605551275,10.04987562,6.32455532,12.04159458,4.123105626,11.04536102,6.08276253,11.04536102
35.84689666,12.20655562,36.05551275,11.18033989,35.4682957,12.08304597,35.4682957,12.08304597,32.69556545,12.52996409,33.61547263,13.41640786,31.01612484,14.76482306,29.54657341,13.03840481,28.63564213,14.4222051,27.29468813,13.03840481,28.65309756,14.4222051,26.83281573,13.89244399,24.59674775,13.89244399,23.32380758,12.72792206,24.41311123,12.72792206,23.02172887,12.04159458,22.47220505,11.3137085,22.8035085,10.63014581,22.02271555,10.63014581,22.6715681,9.899494937,21.9317122,8.485281374,21.9317122,9.899494937,20.61552813,7.810249676,24.20743687,7.810249676,22.8035085,7.071067812,22.8035085,7.071067812
5,8.544003745,5.099019514,7.280109889,6.08276253,8.246211251,6.32455532,8.062257748,5.099019514,8.062257748,5.099019514,9,5.099019514,10.04987562,5.385164807,9.055385138,4.472135955,10.04987562,5.385164807,10.19803903,5.830951895,11.70469991,5,10.44030651,5,10.77032961,4.472135955,12.08304597,4.242640687,13.92838828,5.830951895,14.31782106,3.605551275,13.41640786,5.830951895,13,3.605551275,13.92838828,5.385164807,14.31782106,4.123105626,14.31782106,4.123105626,15.65247584,5.099019514,14.76482306,6.08276253,14.76482306,5.099019514,14.76482306,7.071067812,14.76482306
15.5241747,7.280109889,14.31782106,8.062257748,15.5241747,8.062257748,14.03566885,8,12,6,13.03840481,8.062257748,10.19803903,8,10.04987562,5,8.544003745,7.071067812,8.544003745,4.123105626,10.44030651,4,9.433981132,4.123105626,10.29563014,3.16227766,10,3,9.219544457,2.828427125,10.63014581,2.828427125,10.29563014,2.828427125,10,2.236067977,9.433981132,2.236067977,10.81665383,0,8.94427191,1.414213562,9.433981132,1,9.433981132,1,11.18033989,2.828427125,9.848857802,1.414213562,10.44030651,2
13.60147051,31.40063694,16.1245155,30.14962686,16.40121947,26.68332813,16.40121947,27.45906044,15.8113883,23.76972865,22.47220505,21.58703314,22.6715681,19.41648784,24.18677324,18.02775638,22.82542442,14.86606875,26.41968963,13.60147051,30.41381265,10.81665383,26.40075756,10.81665383,30.41381265,9.433981132,28.63564213,9.219544457,32.28002478,9.899494937,33.24154028,7.810249676,33.83784863,6.32455532,34.71310992,7.280109889,31.6227766,7,33.95585369,7.071067812,36.138622,6,36.40054945,3.605551275,35.6931366,5.656854249,40.26164428,5,37.64306045,3.605551275,39.29376541,3.16227766
9.486832981,13.34166406,11.70469991,13.15294644,9.848857802,12.64911064,11.40175425,12.36931688,10.29563014,11,11.66190379,12.04159458,11.66190379,10.04987562,11.66190379,11,11.40175425,9.055385138,7.615773106,9.219544457,10.63014581,10,10.63014581,9.219544457,10.63014581,7,9.433981132,8.062257748,8.602325267,7.071067812,10.29563014,7.280109889,9.848857802,7.280109889,11.18033989,4.123105626,9.848857802,3.16227766,11.70469991,4.123105626,10.77032961,4.123105626,10.44030651,4.123105626,9.486832981,3.16227766,12.64911064,4.472135955,11.70469991,5.099019514,11.40175425,5
21.58703314,27.89265136,23.34523506,28.16025568,21.58703314,24.35159132,25,24.16609195,21.54065923,22.82542442,22.47220505,22.82542442,22.84731932,18.86796226,22.36067977,20.51828453,22.47220505,20.61552813,20.61552813,17.49285568,23.34523506,21.47091055,21.9317122,20.59126028,20.61552813,21.9317122,20.61552813,22.36067977,21.26029163,24.73863375,22.82542442,25.17935662,24.18677324,26.07680962,21.47091055,28.0713377,25.63201124,27,22.47220505,26.01922366,23.53720459,26.01922366,22.8035085,25.17935662,27.45906044,25,29.83286778,28.0713377,32.24903099,24.33105012,32.75667871,25.17935662
23.19482701,22.47220505,21.21320344,21.54065923,24,16.1245155,19.23538406,28.17800561,19.02629759,19.6977156,17.4642492,22.82542442,16.2788206,22.36067977,19.41648784,21.26029163,15.62049935,25.45584412,14.86606875,14.14213562,15.65247584,16.15549442,15.8113883,21.26029163,15.62049935,19.41648784,16.55294536,20.59126028,16.1245155,17.69180601,18.60107524,24.69817807,15.62049935,23.76972865,18.43908891,20.88061302,17.88854382,22.84731932,17,23.40939982,17.72004515,26.68332813,16.4924225,27.20294102,13.89244399,26.47640459,14.31782106,30.14962686,18.78829423,31.78049716,14.56021978,32.75667871
2,14.31782106,3,13.15294644,4.123105626,12.36931688,4,13.15294644,4,10.19803903,3.16227766,11.40175425,5.099019514,12.16552506,5.099019514,10.44030651,4.123105626,9.219544457,6,10.44030651,8,10.19803903,6,8.246211251,7.071067812,10.19803903,8,6.32455532,8,7.280109889,9,7.280109889,10.19803903,6.32455532,9.055385138,5.830951895,10,4.472135955,9.219544457,5,10.04987562,5.830951895,11,6.708203932,11,5,12,7.211102551,12.04159458,6.708203932,13.15294644,7.615773106
40.26164428,2.828427125,40.52159918,4,37.94733192,6.32455532,37.48332963,7,32.14031736,6.32455532,34.36568055,8.062257748,30.06659276,5.830951895,27.01851217,5.656854249,23.34523506,5,23.08679276,5.830951895,26,4.472135955,23.40939982,4.123105626,24.69817807,4.123105626,24.69817807,1.414213562,26.07680962,5.830951895,27.20294102,5.385164807,25.45584412,4.242640687,25.61249695,5.656854249,29.06888371,6.708203932,26.90724809,4.242640687,28.01785145,5,26.62705391,7.071067812,26.92582404,10.29563014,31.6227766,11.18033989,29.68164416,13,30.88689042,11.04536102
7.211102551,13,6.708203932,13,7.211102551,12.08304597,6.708203932,12.52996409,7.810249676,10.77032961,7.211102551,12.08304597,8.485281374,12.08304597,7.810249676,9.848857802,7.211102551,9.486832981,6.708203932,9.486832981,8.602325267,10.29563014,7.211102551,9.486832981,8.94427191,9.848857802,9.433981132,8.544003745,8.94427191,8.544003745,9.433981132,8.94427191,9.486832981,7.615773106,8.544003745,8.062257748,8.246211251,8.062257748,9.486832981,8.602325267,10.19803903,8.485281374,9.486832981,7.810249676,9.219544457,8.485281374,10.44030651,10,10.77032961,8.602325267,11.18033989,9.219544457
0,8.246211251,1.414213562,8.544003745,2.236067977,9.055385138,1.414213562,8,1.414213562,7.071067812,0,7.071067812,1.414213562,6.32455532,1,7.211102551,1,6.708203932,2,4.472135955,1,7.211102551,2.828427125,6.403124237,1.414213562,7.071067812,1,7.071067812,1,7.071067812,2.828427125,8.602325267,1,8.94427191,2.236067977,8.94427191,1.414213562,10,2.236067977,9.433981132,1.414213562,9.486832981,2.828427125,10.29563014,2.236067977,9.848857802,3.605551275,11.70469991,2,11.70469991,4,11.40175425
15.65247584,1,15.65247584,1,15.65247584,1,15.8113883,1,14.76482306,2.828427125,12.52996409,2,12.52996409,2.236067977,12.20655562,2.236067977,13.03840481,2.236067977,13.03840481,2,12.80624847,2.236067977,12.20655562,3.605551275,12.80624847,3.16227766,12.04159458,3.605551275,11.3137085,4,12.04159458,4.472135955,11.40175425,5.656854249,11.40175425,3.605551275,12.04159458,6.403124237,12.20655562,5.385164807,11.40175425,6.32455532,12.52996409,4.123105626,12.52996409,4.472135955,15.26433752,3.605551275,15,4.123105626,13.89244399,4
7.071067812,29.15475947,5.099019514,33.24154028,7.280109889,30.6757233,8.602325267,31.04834939,6.403124237,29.41088234,12.04159458,30.08321791,10.29563014,25.49509757,10.29563014,25.70992026,14.86606875,23.34523506,19.31320792,21.37755833,18.78829423,23.53720459,17.4642492,22.36067977,19.6977156,19.6468827,22.13594362,21.02379604,25.07987241,20.09975124,25.29822128,20.09975124,27.85677655,19.10497317,28.46049894,17.02938637,28.7923601,17.02938637,28.7923601,18.43908891,32.28002478,17.4642492,34.525353,14.31782106,33.37663854,14.31782106,38.83297568,17,35.51056181,16.40121947,37.01351105,16.64331698
8.246211251,6.708203932,8.94427191,6.708203932,8.246211251,7.211102551,9.219544457,8.062257748,7,6.708203932,8.062257748,7.810249676,5,7.810249676,5.099019514,6.403124237,6.08276253,8.602325267,6,5.830951895,5.099019514,7.810249676,5.099019514,7.211102551,7.280109889,6.403124237,7.211102551,8.544003745,5.656854249,6.708203932,5.656854249,8.544003745,6.403124237,7.615773106,5.656854249,8.246211251,6.403124237,8.544003745,6.403124237,7.280109889,6.708203932,8.246211251,5.830951895,10.44030651,4.242640687,9.486832981,5,11.04536102,5,11.40175425,3.605551275,12.16552506
4.242640687,8.062257748,4.472135955,7.280109889,2.828427125,7.071067812,3.605551275,8,3.605551275,7,4.472135955,7.071067812,4.123105626,5.099019514,5.385164807,6.32455532,5.099019514,5.385164807,4.472135955,6.403124237,6.32455532,5,6.708203932,5,6.08276253,5,7.071067812,4.242640687,6.08276253,6.403124237,8.544003745,8.062257748,8.062257748,7.211102551,9,6.08276253,8.246211251,7.615773106,8.062257748,6.32455532,10.19803903,8.062257748,8,8.544003745,10,7.615773106,11,7.071067812,12.04159458,8.544003745,12,8.544003745
35.35533906,18.78829423,30.87069808,17,29.52964612,15.5241747,32.20248438,14.56021978,26.83281573,12.36931688,27.85677655,13.15294644,25.07987241,13,22.13594362,11.70469991,19.23538406,11.70469991,20.88061302,14.31782106,15.29705854,19.41648784,15.13274595,22.02271555,17.02938637,21.09502311,16.03121954,21.26029163,17,19.84943324,14.14213562,25.45584412,17.11724277,22.6715681,13.34166406,24.8394847,12.16552506,27.01851217,13.60147051,27.58622845,13.15294644,32.80243893,14.56021978,30.52867504,13.15294644,34.43835072,16.03121954,35.34119409,12,37.33630941,15,40.52159918
5,28.63564213,9,32.31098884,6,31.01612484,9.055385138,32.89376841,3.605551275,26.47640459,8.544003745,24.73863375,4.472135955,26.30589288,6.32455532,20.02498439,7.071067812,22.02271555,7.211102551,20.39607805,8.602325267,25,8.544003745,25.70992026,6.708203932,23.08679276,9.219544457,23.2594067,7.615773106,20.1246118,7.615773106,25.94224354,8.94427191,26.41968963,10.81665383,24.75883681,8.94427191,28.42534081,8.062257748,25.23885893,8.602325267,27.65863337,9.433981132,27.58622845,12.52996409,29.20616373,11.70469991,29.20616373,14.31782106,29.20616373,16.2788206,32.24903099
3.605551275,10.19803903,5,9.486832981,5.656854249,8.246211251,5,9.055385138,3.605551275,8.062257748,6.403124237,8.062257748,5,7.071067812,5.830951895,7,7.211102551,6.08276253,7.280109889,6.08276253,6.32455532,6.08276253,5.830951895,6.08276253,6.08276253,6,8.246211251,6.08276253,6.32455532,5.099019514,9.055385138,5.385164807,8.062257748,4.123105626,8.062257748,4,9.055385138,2.828427125,8.062257748,4.123105626,10.04987562,3,11.04536102,2.236067977,11.18033989,4.123105626,12.16552506,4.123105626,12.16552506,3,12.04159458,3.605551275
5,7.280109889,6.08276253,7.615773106,6,8.544003745,5,9.486832981,5.099019514,8.246211251,5.385164807,7.280109889,5,6.08276253,6.403124237,7.280109889,5,6,5,5.099019514,6.403124237,7.071067812,7.810249676,6,6.403124237,4,6.708203932,5,6.708203932,4.123105626,8.544003745,4.123105626,8.062257748,3.16227766,9.486832981,3,9.486832981,2,8.544003745,2.236067977,10.44030651,3,10.44030651,2,9.219544457,2.828427125,13.34166406,2.828427125,11.18033989,3.16227766,13.15294644,2.828427125
20.61552813,13.15294644,20.09975124,20.02498439,19.02629759,18.11077028,19.02629759,19.10497317,13.03840481,16.2788206,15.5241747,18.24828759,15.65247584,16.76305461,16.1245155,17.88854382,16.97056275,15.8113883,16.2788206,13.45362405,18.38477631,21.63330765,14.86606875,17.88854382,17.02938637,21.1896201,17.69180601,21.58703314,15.55634919,22.56102835,16.64331698,29.83286778,18.02775638,24.33105012,20.24845673,28.0713377,20.24845673,28.01785145,20,29.01723626,17.20465053,28,21.9544984,26.17250466,19.72308292,26.07680962,25.05992817,30.01666204,23.40939982,31.06444913,25.63201124,31.06444913
3.16227766,9.219544457,4,10.77032961,3.605551275,9.219544457,3.605551275,10.19803903,3.605551275,7.615773106,5.099019514,9.219544457,5.099019514,7.615773106,5.099019514,7.615773106,7.280109889,7.280109889,6.708203932,7.615773106,6.32455532,6.32455532,8.246211251,7.280109889,8.062257748,5.830951895,10.19803903,5.830951895,9.219544457,4.472135955,10.44030651,4.472135955,10.19803903,5,10.04987562,6.403124237,11.04536102,5,10.04987562,5.830951895,12.16552506,5,11.18033989,5,11.04536102,5.385164807,13.15294644,8.062257748,13.15294644,6.708203932,13.15294644,7.615773106
29.73213749,10.29563014,28.46049894,10.81665383,32.28002478,9.848857802,31.78049716,7.211102551,26.17250466,10.81665383,29.06888371,6.708203932,29.06888371,10,27.29468813,8.602325267,26.30589288,5.656854249,24.73863375,6.08276253,25.63201124,7.211102551,25.63201124,6.403124237,26.40075756,5,25.55386468,4.242640687,25.8069758,3.16227766,26.40075756,5.830951895,27.80287755,3,26.2488095,1.414213562,28.31960452,5.099019514,29,4.472135955,28.42534081,1,29.73213749,4.472135955,30.52867504,4,34.98571137,6.403124237,33.01514804,7.810249676,34.92849839,6.403124237
34.0147027,10.77032961,31.76476035,18.38477631,31.38470965,15.65247584,25.07987241,14.31782106,24.73863375,11.40175425,25.70992026,9.848857802,20.39607805,11.18033989,22,5.099019514,23.34523506,4.472135955,22.47220505,8.246211251,20.88061302,7.211102551,22.56102835,4.472135955,23.70653918,8.062257748,25.07987241,7.071067812,22.36067977,8.94427191,27.29468813,9.055385138,28.8444102,9.219544457,23.60084744,11.04536102,26.92582404,13.03840481,30.23243292,10.04987562,29.83286778,14,28.28427125,11.04536102,31.89043744,14,35.60898763,16.55294536,35.22782991,15.5241747,40.31128874,17.4642492
71.30918594,19.6468827,75.76938696,17.11724277,66.00757532,12.52996409,68.65857558,6.08276253,58.82176468,7.211102551,56.43580424,5.385164807,54.03702434,6.32455532,49.36598019,4.242640687,40.52159918,9.433981132,49.64876635,8.246211251,42.52058325,4.472135955,33.61547263,4.242640687,48.60041152,11.04536102,33.30165161,9.055385138,39.8246155,11.18033989,44.72135955,16.2788206,46.87216658,9.219544457,59.61543424,18,56.92099788,13.41640786,58.18075283,23.53720459,57.48912941,20.39607805,68.54195795,16.40121947,68.00735254,26.87005769,83.43260753,22.20360331,79.24645102,31.06444913,87.46427842,26.90724809
7.071067812,35.35533906,6.403124237,36.67424164,5.385164807,34.71310992,7.280109889,34.05877273,3.605551275,29.15475947,3.605551275,31.01612484,4.123105626,27.16615541,4,26.92582404,6.403124237,19.6468827,8.602325267,18.68154169,7.615773106,21.02379604,2,19.72308292,3.605551275,17.80449381,1,22.627417,6.32455532,21.21320344,5.830951895,27.73084925,3.605551275,23.2594067,10.29563014,21.9544984,6.403124237,27.85677655,7.810249676,25.49509757,5.099019514,25.49509757,8.485281374,31.95309062,6.708203932,27.51363298,6.08276253,37.36308338,5,33.54101966,9.433981132,37.10795063
23.02172887,30.14962686,26.07680962,27.01851217,27.01851217,26.17250466,26.01922366,24.18677324,25.17935662,21.21320344,25.3179778,19.23538406,26.68332813,22.20360331,23.19482701,15.65247584,22.13594362,14.76482306,21.09502311,16.2788206,19.72308292,20.51828453,19.23538406,12.80624847,18.78829423,17.80449381,13.60147051,15.8113883,13.60147051,19.41648784,14.4222051,20.1246118,15.23154621,19.6977156,12.16552506,22.47220505,13.15294644,21.9317122,14.76482306,24.73863375,15.5241747,25.49509757,13.15294644,26.57066051,13.03840481,28.63564213,12.16552506,35.6931366,14.14213562,36.34556369,13.03840481,37.48332963
5.830951895,37.05401463,7.280109889,38.05259518,7.615773106,35.12833614,11.40175425,36.12478374,6.32455532,33.13608305,8.062257748,31.40063694,11.04536102,28.16025568,11.04536102,25.63201124,12.36931688,25.07987241,10.19803903,19.23538406,9.486832981,20.80865205,8.062257748,20.80865205,6.32455532,24.08318916,7.615773106,21.09502311,5.385164807,20.1246118,8.062257748,19.31320792,8.246211251,20.61552813,8.544003745,21.37755833,9.055385138,26.47640459,9.848857802,23.76972865,10.44030651,23.53720459,13.34166406,24.18677324,13,22.20360331,16.15549442,23.02172887,17.72004515,25.07987241,20.09975124,26.01922366
35.0142828,3.605551275,35.22782991,5.830951895,34.05877273,3.605551275,36.49657518,4.242640687,25.49509757,4.123105626,29.83286778,2,27.51363298,5.385164807,26.57066051,6,21.63330765,5.830951895,22.02271555,9,22.6715681,4,20.51828453,5.099019514,20.80865205,4.472135955,17.88854382,1.414213562,20.24845673,1.414213562,22.36067977,2.828427125,21.84032967,2,25,3,25.3179778,5.385164807,21.84032967,3.605551275,27.45906044,7.615773106,26.30589288,7.810249676,29.15475947,8.062257748,29.15475947,8.602325267,30.01666204,8.94427191,30.01666204,9.848857802
5.099019514,8.062257748,5,9.055385138,5,9,3,9.055385138,3,8,2.236067977,7,3.16227766,7,1,6,2.828427125,5.385164807,3.16227766,5,2.828427125,6.32455532,2.236067977,5.385164807,2.236067977,5.385164807,2.236067977,4.472135955,3.605551275,5.830951895,4.123105626,4.242640687,4.123105626,4.242640687,5.385164807,2.236067977,4.472135955,4.242640687,5,4.242640687,5.099019514,4.472135955,4.472135955,5,5.099019514,4.472135955,7.615773106,4.123105626,7.071067812,4.123105626,7.071067812,3
0,11.04536102,1,10.04987562,2.236067977,11,1,11,1.414213562,9.219544457,0,10,2,8.246211251,3,7.280109889,2.828427125,6.708203932,2.828427125,6.32455532,1.414213562,7.211102551,3,6.403124237,0,7.211102551,1.414213562,5.656854249,1,7.071067812,2.236067977,8.062257748,2.236067977,6.32455532,3.16227766,5.385164807,3,5.099019514,3.16227766,5.385164807,2.236067977,7.071067812,2.236067977,6.32455532,4,7.280109889,5.099019514,7.071067812,4,6.32455532,6.08276253,7.280109889
22.36067977,34.0147027,20.09975124,34.23448554,23.34523506,33.13608305,25,31,25.3179778,30.41381265,23.19482701,23.02172887,22.02271555,21.84032967,23.02172887,16.4924225,18.11077028,18.60107524,19.10497317,20,17.02938637,15.8113883,11.04536102,15.55634919,12.04159458,15.26433752,9.486832981,16.40121947,7,18.60107524,5.099019514,19.6468827,4,23.40939982,3,19.92485885,2.236067977,21.58703314,2.236067977,22.13594362,3.16227766,22.36067977,7.810249676,24.51530134,9.219544457,27.29468813,10.29563014,28.0713377,12.16552506,27.07397274,12.64911064,30.59411708
30.8058436,15.8113883,27.20294102,16.03121954,24.59674775,16.03121954,24.16609195,19.6468827,19.20937271,15.03329638,19.20937271,14.31782106,19.79898987,17.11724277,19.84943324,13.03840481,18.78829423,10.19803903,19.92485885,11.18033989,20.39607805,10.44030651,21.21320344,9.055385138,20.09975124,6.08276253,22,7.071067812,23.02172887,5,25.07987241,4.242640687,23.19482701,5.099019514,24.51530134,5.830951895,27.45906044,5,27.20294102,6.32455532,27.89265136,8.94427191,26.68332813,10.44030651,28.63564213,12.16552506,29.15475947,13.92838828,29.27456234,15,32.01562119,18.24828759
39.20459157,16.15549442,42.10700654,17.88854382,37,14.86606875,36.01388621,12.36931688,35.12833614,12.16552506,35.12833614,6.08276253,33.06055051,9.219544457,27.16615541,7.280109889,26.17250466,8.94427191,21.1896201,14.56021978,21.54065923,11.18033989,19.31320792,10.77032961,20.59126028,9.219544457,16.97056275,17.49285568,17.80449381,12.36931688,15.62049935,17.72004515,12.72792206,18.38477631,11.40175425,20.24845673,12.64911064,19.31320792,10,24.18677324,10.19803903,24.59674775,7.615773106,23.08679276,5.385164807,28.23118843,2.236067977,33.83784863,3,36.40054945,7.280109889,36.34556369
8.062257748,2.236067977,8.246211251,1.414213562,5.099019514,1.414213562,5,2,6,2.236067977,6,2,6,2,6.32455532,1,5,2.236067977,3.16227766,1,4.472135955,3.16227766,5.656854249,2,5.830951895,2,4.472135955,1.414213562,4.472135955,2.236067977,5.830951895,2.236067977,6.32455532,3.16227766,5.385164807,3.605551275,6.08276253,3.605551275,5.385164807,5.656854249,6.08276253,5,7.280109889,6.403124237,7.280109889,5.830951895,7.280109889,7.211102551,9.219544457,6.708203932,8.062257748,6.708203932
5.385164807,35.90264614,2.236067977,33.95585369,3,32.06243908,5.099019514,32.24903099,2.236067977,28.0713377,3.16227766,27.07397274,5.656854249,24.18677324,7.071067812,24.51530134,6.403124237,22.47220505,4.472135955,21.9544984,6.08276253,20.24845673,5,20.59126028,4.123105626,21.09502311,8.062257748,21.21320344,9,21.40093456,8.246211251,21.47091055,8.544003745,23.02172887,10.77032961,21.47091055,12.04159458,24.35159132,13.41640786,21.54065923,14.4222051,26.40075756,15.8113883,20.61552813,18.38477631,25.63201124,20.24845673,28.23118843,21.54065923,25.07987241,22.13594362,28.23118843
35.17101079,5.830951895,34.92849839,7.280109889,27.65863337,9,29.01723626,10.04987562,22.20360331,8.062257748,25.01999201,8.544003745,22.20360331,10.04987562,21.54065923,7.280109889,21.58703314,10.29563014,14.86606875,5,16.64331698,7.071067812,13,5.830951895,17.80449381,4.472135955,17.80449381,5.385164807,20.1246118,7,19.72308292,11,20.24845673,12.16552506,20.88061302,13.89244399,21.54065923,14.76482306,25.63201124,17.49285568,25.07987241,13.41640786,25.07987241,12.20655562,21.9317122,15.29705854,33.10589071,12.08304597,28.46049894,11.18033989,27.51363298,9.486832981
11.70469991,2.236067977,9.486832981,2,8.246211251,3,8.246211251,4.123105626,7.071067812,2,8,2.236067977,6,3.16227766,7.071067812,4.472135955,5,4,5.099019514,2.236067977,6.32455532,2.236067977,6.08276253,2,4.123105626,1.414213562,5,2.236067977,4.242640687,1,5.656854249,1.414213562,5.656854249,1,5.830951895,2.236067977,5.830951895,0,5.830951895,1.414213562,6.708203932,2.236067977,6.708203932,1.414213562,7.211102551,3,7.280109889,3,9.486832981,3,9.486832981,3
34.53983208,13.03840481,35.35533906,9.219544457,29.83286778,7.211102551,30.8058436,1.414213562,26.2488095,3.16227766,24.04163056,5.385164807,24.08318916,3,19.6468827,3.605551275,20.22374842,4.123105626,13.34166406,4.472135955,14.86606875,6.708203932,13,8.544003745,15.8113883,11.18033989,12.04159458,13.45362405,13.89244399,13.60147051,18.35755975,12.80624847,17.69180601,15.65247584,17.20465053,17.69180601,19.31320792,20,24.75883681,24.20743687,21.54065923,25.45584412,22.8035085,24.20743687,25.63201124,27.20294102,33.61547263,25.07987241,32.24903099,27.31300057,36.23534186,28.23118843
28.17800561,5.385164807,28.17800561,5.830951895,28.65309756,4.242640687,27.29468813,7.211102551,27.73084925,5.099019514,25.07987241,6.32455532,22.13594362,9.055385138,24.35159132,9.219544457,23.76972865,13.34166406,22.84731932,14.14213562,21.1896201,14.14213562,23.08679276,16.4924225,22.13594362,14.14213562,19.92485885,17.11724277,19.6468827,19.41648784,19.6977156,23.76972865,19.31320792,23.34523506,17,26.47640459,19.31320792,26.68332813,19.31320792,25.70992026,18.02775638,27.65863337,17.49285568,28.16025568,17.20465053,29.15475947,19.84943324,32.14031736,19.84943324,31,19.84943324,32.01562119
6.403124237,9.848857802,6.708203932,9.486832981,5.830951895,10.81665383,7.211102551,10.77032961,6.32455532,9.486832981,7.280109889,9.848857802,6,10.77032961,4,10.44030651,4,9.848857802,5,7.615773106,5.385164807,9.848857802,7.280109889,8.94427191,6.708203932,7.211102551,6.403124237,9.433981132,6.708203932,8.602325267,8.602325267,8.062257748,6.708203932,7.615773106,7.810249676,8.485281374,7.211102551,9.219544457,9.219544457,8.602325267,7.071067812,8.602325267,8.485281374,6.403124237,7.071067812,8.062257748,8.062257748,10,5.656854249,7.810249676,6.403124237,9.219544457
2.236067977,23.85372088,5.099019514,26.07680962,2.236067977,25.23885893,4,24.69817807,3.605551275,25.23885893,5.099019514,26.41968963,7.071067812,23.32380758,6.32455532,23.32380758,9,22.84731932,8.062257748,21.09502311,10.04987562,23.85372088,11.40175425,22.82542442,14.31782106,22.82542442,16.4924225,21.09502311,17.72004515,21.9544984,18.68154169,20.59126028,19.41648784,19.72308292,22.13594362,19.20937271,21.54065923,20.24845673,24.04163056,20.80865205,23.76972865,20.80865205,24.73863375,20.61552813,24.73863375,22.627417,25.29822128,24.8394847,24.18677324,26.2488095,27.29468813,23.85372088
7.071067812,29.54657341,4.472135955,28.46049894,8.544003745,27.89265136,7.071067812,28.46049894,6.08276253,26.68332813,11.04536102,27.89265136,8.062257748,26,13.60147051,27.65863337,7,25.17935662,10.29563014,24.08318916,11.18033989,24.33105012,12,25.17935662,15.03329638,26.30589288,15.03329638,21.58703314,12.64911064,20.88061302,19.02629759,19.41648784,20.02498439,20.1246118,22.09072203,21.9544984,23.34523506,20.80865205,20.09975124,22.82542442,22.02271555,20.59126028,24.0208243,20.80865205,23.19482701,18.43908891,30,16.2788206,28.16025568,15.62049935,26.01922366,13.60147051
27.85677655,1,29.41088234,0,26.92582404,3,29.12043956,2.236067977,24.35159132,4.123105626,28.28427125,7.071067812,25.07987241,9.055385138,25.01999201,7.071067812,22,8.062257748,23.34523506,8.246211251,23.34523506,9.055385138,22.09072203,12.04159458,20.61552813,11.40175425,22.47220505,14.56021978,22.84731932,17.11724277,21.9317122,17.08800749,23.32380758,17.4642492,20.61552813,19.31320792,20.24845673,19.41648784,21.40093456,20.22374842,22.02271555,20.22374842,19.41648784,22.20360331,17.80449381,23.19482701,21.40093456,29.15475947,18.38477631,27.16615541,16.97056275,29
6.32455532,8.062257748,7.615773106,7.615773106,7.615773106,7.280109889,8.94427191,7.615773106,7.211102551,7.211102551,8.485281374,6.32455532,6.403124237,7.071067812,7.071067812,8,6.403124237,6,6.403124237,7.071067812,6.708203932,7.071067812,7.211102551,7.280109889,6.403124237,7.071067812,7.810249676,5.385164807,8.062257748,6.32455532,8.246211251,6.708203932,7.280109889,6.32455532,8.246211251,6.32455532,9.219544457,5.830951895,9.055385138,6.708203932,9.219544457,5.830951895,10.19803903,5.830951895,11.04536102,5.830951895,12.16552506,6.32455532,12.36931688,5,12.04159458,6.32455532
10.81665383,18.11077028,8.485281374,19.10497317,10,18.02775638,7.211102551,18.97366596,7.810249676,15.65247584,13.41640786,18.86796226,13.60147051,17.80449381,12.52996409,19.20937271,9.848857802,21.26029163,11,25.49509757,10.04987562,25.8069758,12.36931688,25.49509757,11.40175425,24.69817807,14.14213562,26.92582404,13,28.7923601,12,32.89376841,11.40175425,34.20526275,13.03840481,33.24154028,14.14213562,37.65634077,13.15294644,36.138622,14,36.49657518,14.31782106,37.65634077,13,38.63935817,17,40.31128874,21.37755833,38.11823711,20.88061302,44.28317965
10.29563014,7.615773106,10.44030651,7.615773106,12.08304597,6.32455532,12.64911064,6.32455532,8.94427191,7.280109889,9.433981132,5,9.433981132,6,8.94427191,6.08276253,8.602325267,5.830951895,8.94427191,5.385164807,10,7.211102551,8.062257748,5.385164807,8.062257748,7.211102551,6.403124237,8.062257748,8.602325267,8.602325267,8.485281374,7.810249676,7.810249676,9.899494937,7.211102551,9.433981132,9.219544457,10,7.211102551,8.602325267,7.810249676,10.29563014,8.485281374,10.29563014,9.433981132,10.29563014,9.848857802,10.29563014,9.433981132,11.66190379,10.81665383,11.18033989
33.12099032,8,30.08321791,9.486832981,29.15475947,8.544003745,32.64965543,8.94427191,29.15475947,7.071067812,30.41381265,7.810249676,29.06888371,7.615773106,30.88689042,8.062257748,26.41968963,8.94427191,25.23885893,11.04536102,26.41968963,13.15294644,24.69817807,12.16552506,26.92582404,12.16552506,24.69817807,14.14213562,21.63330765,14.03566885,25.05992817,20.09975124,24.20743687,20.02498439,23.43074903,21.21320344,24.8394847,24.33105012,24.8394847,23.19482701,22.6715681,25.49509757,24.04163056,25.17935662,23.85372088,26.17250466,28.60069929,28.16025568,27.20294102,29.01723626,28.60069929,31.01612484
4.123105626,5.385164807,3.605551275,4.123105626,5.099019514,6.08276253,4.123105626,5,4.123105626,4,4.472135955,5.099019514,3.605551275,4.123105626,4.472135955,4.472135955,3.605551275,2.236067977,2.236067977,5,3.605551275,5.656854249,4.472135955,5.656854249,5,5.656854249,5.830951895,5.656854249,5,5.830951895,5.830951895,6.708203932,5.385164807,8.062257748,6.32455532,7.071067812,6.708203932,8.246211251,6.08276253,7.615773106,6.32455532,8.246211251,5.830951895,8.246211251,6.32455532,8.062257748,6.32455532,10.04987562,6,11.40175425,8,11.18033989
7.280109889,6.708203932,8.246211251,7.211102551,7.280109889,6.708203932,8.246211251,7.280109889,7.280109889,7.211102551,7.071067812,6.08276253,6.08276253,6.08276253,6.08276253,6.08276253,6,5,5.099019514,5.099019514,6.08276253,5.099019514,6.708203932,6.32455532,5.385164807,6.08276253,8.062257748,6.708203932,5.830951895,5.830951895,7.211102551,7.810249676,7.810249676,5.830951895,7.071067812,5,7.810249676,7.071067812,7.071067812,6.403124237,6.403124237,7.211102551,7.810249676,7.810249676,7.211102551,7.211102551,8.94427191,7.615773106,8.062257748,8.602325267,8.94427191,7.615773106
51.66236541,17,55.94640292,15.8113883,55.54277631,13.34166406,57.69748695,17.80449381,49.81967483,13.34166406,58.6003413,14.56021978,57.20139858,12.36931688,52.0096145,15.8113883,55.21775077,4,50.93132631,14.31782106,54.56189146,17.02938637,53.75872022,9.219544457,53.90732789,13.03840481,51.03920062,23.43074903,55.97320788,15.23154621,61.84658438,16.64331698,61.07372594,22.02271555,55.54277631,16.55294536,57.69748695,13.03840481,62.2655603,8.602325267,60.8276253,13.45362405,62.93647591,10,60.92618485,10.29563014,69.64194139,4.242640687,66.94027188,15.13274595,68.30812543,6.403124237
9.899494937,22.8035085,10.81665383,23.08679276,13.89244399,22.13594362,13.03840481,24.69817807,13.89244399,22.47220505,15.65247584,22.47220505,18.78829423,22.13594362,18.38477631,22.13594362,19.6977156,20.88061302,23.76972865,18.97366596,23.40939982,19.92485885,23.08679276,16.76305461,22.13594362,16.76305461,24.73863375,14.86606875,25.49509757,13.92838828,27.65863337,16.15549442,28.44292531,13,27.89265136,12.08304597,28.63564213,12.52996409,29.42787794,14.4222051,29.42787794,11.40175425,29.42787794,12.72792206,31.25699922,13.45362405,35.51056181,16.40121947,30.59411708,15.8113883,32.984845,15.8113883
13.92838828,8.246211251,14.56021978,8.94427191,13.92838828,7.071067812,15.8113883,6.708203932,13.60147051,5,12.64911064,8.544003745,12.08304597,7.071067812,12.08304597,6.08276253,13,5.099019514,11.70469991,6.32455532,11.70469991,6.708203932,10.19803903,7.280109889,9.848857802,9.433981132,11.18033989,6.708203932,9.433981132,7.071067812,10.29563014,7.211102551,8.602325267,9.219544457,7.810249676,7.810249676,10,8.602325267,8.602325267,8.602325267,7.810249676,9.899494937,9.433981132,9.219544457,7.071067812,9.433981132,10,9.433981132,9.899494937,11.66190379,11.66190379,8.602325267
6.08276253,5.385164807,6.32455532,6,5.099019514,7,4,8.246211251,3.605551275,7.071067812,5.830951895,6.08276253,5,6.08276253,7.211102551,5.385164807,5.830951895,5.830951895,6.708203932,6.403124237,8.062257748,7.071067812,6.708203932,7.071067812,7.615773106,5.830951895,9.219544457,5,7.615773106,8.062257748,10.04987562,7.615773106,9.486832981,8.544003745,10.44030651,8.246211251,10.44030651,8.246211251,10.19803903,8.062257748,11.18033989,8.246211251,10.19803903,8.062257748,12.04159458,9,14.14213562,7.071067812,12.16552506,9,13,8.062257748
17.08800749,10.29563014,17.08800749,9.848857802,17.49285568,11.18033989,17.08800749,8.544003745,14.4222051,13.03840481,17.20465053,18.68154169,14.14213562,13.15294644,15,18.24828759,13.60147051,17.11724277,18.35755975,19.10497317,18.43908891,22.02271555,17.4642492,22.02271555,18.68154169,22,18.11077028,21.02379604,19.02629759,26,21,28.01785145,21.09502311,27.07397274,23,30,24.08318916,27.16615541,24.18677324,27.01851217,24.18677324,29,23.34523506,28.16025568,23.19482701,31.01612484,25.17935662,34.05877273,22.20360331,31.01612484,23.34523506,34.13209633
2.236067977,10.19803903,2.828427125,12,2.828427125,10.04987562,1.414213562,11.40175425,2.236067977,9.219544457,1,9.486832981,1,8.544003745,0,10,1.414213562,10,1,7.810249676,1.414213562,8.602325267,3,9.899494937,2.236067977,10,3,11.40175425,3.16227766,10.81665383,2.236067977,11.70469991,2.828427125,11.40175425,2.236067977,11.70469991,2.828427125,11.40175425,4.123105626,13,3.605551275,13.60147051,3.605551275,12.64911064,3.605551275,13.34166406,2.828427125,14.31782106,3.16227766,13.34166406,4.472135955,15.03329638
25.96150997,21.58703314,28.63564213,27.16615541,24.35159132,24.33105012,25.96150997,27.65863337,23.08679276,23.53720459,22.20360331,22.13594362,19.10497317,22.8035085,19.10497317,21.02379604,19.23538406,20.24845673,19.41648784,19.6977156,18.97366596,17.88854382,18.97366596,16.1245155,20.59126028,17.20465053,18.35755975,18.02775638,18.38477631,16.40121947,20.51828453,15.62049935,21.21320344,15.8113883,20.61552813,14.86606875,21.9317122,15.23154621,19.41648784,16.55294536,22.02271555,15.23154621,20.80865205,17.72004515,20.24845673,19.41648784,21.63330765,20.09975124,20,23.76972865,21.02379604,22.56102835
13.03840481,30.08321791,10.81665383,33.83784863,11.70469991,32.69556545,10.44030651,31.95309062,13.34166406,28.63564213,12.04159458,29.52964612,7.071067812,29.54657341,10.19803903,27.29468813,9.219544457,27.31300057,11.66190379,25,10.81665383,27.45906044,12.80624847,23.85372088,12.72792206,24.20743687,12.04159458,24.8394847,15,23.43074903,16.64331698,25.49509757,17.69180601,20.51828453,18.35755975,20.61552813,18.02775638,21.63330765,18.35755975,21.63330765,18.86796226,23.32380758,19.72308292,22.36067977,17.72004515,25.05992817,19.72308292,27.31300057,19.6977156,26,19.31320792,28.23118843
5.385164807,10.77032961,7,11.18033989,5.099019514,11.18033989,5,12.08304597,6.08276253,10.77032961,6.32455532,12.08304597,4.472135955,10.29563014,4.472135955,9.486832981,5.830951895,10.29563014,4.242640687,7.810249676,5.656854249,9.899494937,6.403124237,7.810249676,7.071067812,8.602325267,6.403124237,9.219544457,6.708203932,8.602325267,7.615773106,9.219544457,8.544003745,8.062257748,8.94427191,9.848857802,8.544003745,10.44030651,7.211102551,10.44030651,8.062257748,11.70469991,8.544003745,9.486832981,8.246211251,11.18033989,7.810249676,9.486832981,7.211102551,11.70469991,7.280109889,12.36931688
14.76482306,2.236067977,14.86606875,2.828427125,14.31782106,1,13.41640786,0,15.23154621,1,13.92838828,2.828427125,13.92838828,3.605551275,13,4.472135955,11.70469991,4,9.486832981,4.472135955,11.18033989,5.830951895,10.19803903,6.32455532,10.19803903,7.211102551,10,8.062257748,10.19803903,9.848857802,9.219544457,9.486832981,10,10.77032961,7,9.486832981,8.062257748,11.18033989,7.280109889,13,7,12.36931688,8,12.64911064,8.062257748,13.60147051,7.071067812,13.34166406,6,13.34166406,7.280109889,14.14213562
5,28.23118843,6.403124237,30.46309242,6.708203932,28.17800561,7.071067812,29.54657341,8.062257748,25.94224354,11.66190379,29.06888371,10.77032961,27.29468813,13.92838828,25.49509757,13,25.05992817,13.34166406,23.60084744,17.4642492,26.40075756,15.29705854,23.02172887,17.02938637,23.60084744,19.23538406,23.02172887,19.02629759,21.21320344,21.02379604,21.21320344,21.02379604,20.51828453,23.02172887,20.61552813,24,22.20360331,23.02172887,19.84943324,24.0208243,21.63330765,21,21.09502311,20.02498439,24.18677324,24,28.17800561,22.02271555,27.73084925,23.19482701,29.54657341
4.123105626,13.60147051,5,14.76482306,5.385164807,11.66190379,5.385164807,13,5,10.77032961,6.403124237,13,6.708203932,12.64911064,5,10.77032961,7.211102551,9.848857802,7.615773106,8.94427191,7.615773106,10.29563014,6.708203932,9.848857802,7.280109889,8.062257748,8.246211251,8.062257748,8.246211251,7.615773106,9.055385138,7.615773106,10,6.708203932,9.055385138,7.615773106,8.062257748,8.602325267,9.055385138,7.615773106,9.055385138,6.403124237,9.219544457,7.211102551,10,7.071067812,9.219544457,10,12.16552506,9.899494937,11.18033989,10
9.219544457,8.544003745,13,10.29563014,10.29563014,8.94427191,9.848857802,10,11.70469991,9.848857802,9.486832981,8.544003745,8,10.29563014,8.062257748,6.32455532,8.062257748,7.810249676,7,7.071067812,7,9.433981132,8.062257748,7.071067812,7.071067812,7.071067812,7.280109889,7.071067812,6.708203932,7.211102551,7.280109889,7.810249676,5.830951895,7.071067812,6.708203932,6.708203932,7.280109889,7.211102551,7.615773106,6.32455532,6.708203932,8.94427191,8.062257748,8.544003745,5.830951895,9.486832981,6.403124237,10.44030651,7.211102551,10.44030651,8.062257748,10.77032961
8.246211251,28.60069929,8.246211251,28.17800561,7.615773106,30.46309242,8.485281374,29.73213749,8.602325267,26.92582404,3.605551275,30.08321791,8.246211251,27.29468813,6.32455532,27.29468813,6.403124237,25.70992026,9.848857802,25.3179778,8.062257748,26.07680962,9.848857802,24.33105012,12.36931688,26.17250466,14.56021978,26.17250466,17.88854382,25.17935662,18.02775638,26.30589288,20.61552813,26.17250466,23.76972865,26.47640459,22.8035085,23.19482701,27.65863337,25.3179778,24.35159132,24.0208243,25,24.18677324,25.29822128,22,30.6757233,23,29.12043956,20,30.08321791,20
8.544003745,7.211102551,9.848857802,7.810249676,9.055385138,7.211102551,11.70469991,8.602325267,9.486832981,7.211102551,9.486832981,6.708203932,9.486832981,6.403124237,8.544003745,6.708203932,8.94427191,6.32455532,7.615773106,4.472135955,8.94427191,5,7.280109889,7.071067812,6.708203932,6,7.615773106,5.099019514,5.830951895,5,6.32455532,5.099019514,5,4,5.656854249,4.472135955,5.656854249,6.08276253,6.403124237,5.385164807,5,5.385164807,5,4.123105626,5.385164807,3.16227766,7.211102551,6.32455532,6.708203932,5.385164807,8.062257748,4.123105626
11.18033989,5,11.70469991,5.656854249,8.544003745,5.385164807,10.29563014,6.403124237,10.29563014,3.605551275,8.94427191,6.08276253,8.602325267,5.099019514,9.219544457,5,8.062257748,5.830951895,7.810249676,6.403124237,9.219544457,7.071067812,9.219544457,8.485281374,11.40175425,8.062257748,8.485281374,8.485281374,8.602325267,8.602325267,10.63014581,7.810249676,10.81665383,9.219544457,11.3137085,9.433981132,10.81665383,9.219544457,12.20655562,9.219544457,12.20655562,5.830951895,13.03840481,8.062257748,11.40175425,6.708203932,12.08304597,11.18033989,13.92838828,7.615773106,11.66190379,8.94427191
20.59126028,13.34166406,12.36931688,2.828427125,13.03840481,20.61552813,11,13,12.04159458,12.04159458,15.13274595,15.13274595,13.34166406,6,5.099019514,10.77032961,29.27456234,13,27.89265136,12,16.55294536,7.211102551,16.55294536,4,16.55294536,8.246211251,18.02775638,5.099019514,18.02775638,9.055385138,18.43908891,13.03840481,20.80865205,10.19803903,18.43908891,9,19.10497317,11.18033989,19.20937271,14.56021978,20.61552813,16.2788206,14.2126704,17,16.2788206,17,15.62049935,21.58703314,15.62049935,16.15549442,15.55634919,25.3179778
2.828427125,10.81665383,1.414213562,10.77032961,3.605551275,10.81665383,2.828427125,10.29563014,3.16227766,10.81665383,4,10.29563014,4,9.219544457,3.16227766,9.219544457,4.472135955,7.810249676,3.605551275,9.433981132,6.403124237,9.899494937,5.099019514,9.899494937,4.472135955,8.485281374,5.830951895,9.219544457,6.403124237,9.219544457,6.403124237,9.219544457,6.32455532,9.219544457,7.071067812,10,7.211102551,12.04159458,7.071067812,9.848857802,6.403124237,10.81665383,4.472135955,11.66190379,5,10.29563014,5.830951895,11.18033989,4.242640687,11.70469991,5.385164807,11.18033989
18.38477631,15.8113883,19.20937271,16.1245155,20.61552813,17.2626765,20.51828453,14.56021978,20.51828453,13.03840481,23.34523506,15.29705854,21.26029163,11.40175425,24.04163056,12.52996409,27.80287755,13.03840481,27.80287755,13.45362405,29,14.86606875,29.73213749,14.2126704,27.01851217,14.4222051,28.42534081,16.2788206,29.41088234,15.65247584,31.6227766,18.86796226,29.41088234,21.9317122,31.06444913,18.78829423,30.23243292,19.6977156,30.88689042,21.1896201,31.30495168,23.76972865,29.52964612,21.84032967,28.65309756,19.6468827,32.24903099,22.02271555,33.28663395,20.02498439,30.87069808,20.02498439
17.72004515,37.36308338,26.57066051,34.525353,24.35159132,34.23448554,29.20616373,27.16615541,30.23243292,27.07397274,31.144823,23.08679276,28.60069929,15.29705854,35.38361203,18.02775638,35.22782991,14,33.9705755,5.099019514,39.8246155,4.472135955,35.22782991,5.830951895,38.58756276,6,39.35733731,3.16227766,38.48376281,5.830951895,42.54409477,8.485281374,38.83297568,8.602325267,40.16217126,11.70469991,42.72001873,17.88854382,39.84971769,14.86606875,38.60051813,19.10497317,37.65634077,19.10497317,37.85498646,25.05992817,38.47076812,26.40075756,40.79215611,27.31300057,37.10795063,31.38470965
8.246211251,7.810249676,8.246211251,9.433981132,11.40175425,10,7.810249676,8.246211251,7.810249676,7.810249676,8.544003745,9.486832981,6.708203932,8.94427191,5.830951895,7.615773106,5.830951895,10,5.385164807,5.830951895,3.605551275,10.77032961,2.236067977,10.29563014,5,10.81665383,5,12.04159458,5.830951895,12.20655562,2.828427125,10.63014581,6.708203932,12.80624847,4.242640687,12.80624847,5.830951895,12.72792206,6.08276253,12.20655562,6.32455532,11.3137085,6.08276253,10.63014581,5.099019514,9.219544457,7.071067812,13.03840481,7,11.40175425,6.08276253,11.40175425
8,3.16227766,9,3.16227766,8.246211251,4.472135955,9.848857802,4,8.544003745,3.16227766,9.486832981,2.236067977,8.94427191,3,9.433981132,3.605551275,10.81665383,4.123105626,10.81665383,4.242640687,11.40175425,3.605551275,12.04159458,4.123105626,12.04159458,4.123105626,12.04159458,3.16227766,12.04159458,5.099019514,12.72792206,5,14.14213562,5.099019514,12.72792206,5.099019514,14.14213562,4.123105626,12.72792206,6.08276253,12.72792206,5.099019514,12.04159458,5.385164807,11.40175425,7.280109889,12.80624847,7.071067812,12.04159458,7.280109889,13.45362405,8.544003745
2.828427125,7.810249676,3.605551275,6.403124237,3.16227766,5.656854249,3.16227766,7.211102551,3.16227766,3.605551275,2,5,3,3.605551275,1,4.472135955,2.236067977,5.099019514,2.236067977,6.32455532,2.236067977,6,1,5.385164807,2.236067977,5,2,7.615773106,2.236067977,6.32455532,3.605551275,7.211102551,4.123105626,8.062257748,4,6.708203932,4.472135955,7.810249676,5.385164807,7.810249676,4.242640687,8.062257748,5,5.830951895,5.385164807,7.211102551,7.211102551,6.403124237,7.810249676,7.211102551,6.708203932,5.385164807
7.810249676,2,8.602325267,0,7.071067812,1,5.830951895,2.236067977,6.708203932,2.236067977,5.830951895,2,5.099019514,1,7.280109889,3.16227766,6.08276253,1.414213562,4,2.236067977,7.071067812,3.605551275,7,3.605551275,7.615773106,3.605551275,8.246211251,4.472135955,7.615773106,5,8.062257748,2.236067977,10.19803903,2.828427125,10.44030651,3,9.848857802,5.099019514,10.29563014,3.16227766,11.66190379,3.16227766,11.18033989,2,10.81665383,3,10.81665383,4.123105626,11.40175425,4.123105626,10.77032961,5.099019514
33.60059523,21.47091055,30.01666204,13.03840481,33.01514804,8.544003745,30.52867504,12.08304597,24.20743687,13.45362405,26.40075756,10.29563014,21.58703314,6.32455532,17.49285568,9.486832981,14.4222051,10.63014581,12.80624847,17.49285568,18.60107524,13.60147051,8.062257748,12.72792206,16.64331698,18.02775638,13.15294644,19.41648784,17,18.43908891,15.23154621,23.85372088,14.76482306,22.6715681,17.08800749,25.8069758,16.1245155,31.2409987,19.72308292,24.20743687,21.02379604,25.55386468,21.9544984,24.41311123,20.24845673,29.41088234,19.31320792,33.01514804,21.47091055,28.7923601,22.36067977,29.96664813
8.062257748,1.414213562,8.062257748,2,8.94427191,2.828427125,7.810249676,2.236067977,7.810249676,1,7.615773106,1.414213562,7.211102551,3.16227766,7.810249676,3.16227766,5.830951895,2.236067977,6.403124237,3.605551275,7.810249676,3.605551275,9.219544457,3.605551275,10,4.123105626,7.810249676,4.242640687,11.40175425,2.828427125,12.04159458,5,9.899494937,4.472135955,10.63014581,4.242640687,11.3137085,4.242640687,12.80624847,3.605551275,12.80624847,3.605551275,10.63014581,3.605551275,11.40175425,4.123105626,13.03840481,5,12.20655562,3,9.219544457,5.385164807
14,18.11077028,14.14213562,19.10497317,16.2788206,18.02775638,12.36931688,17.11724277,15.23154621,14.03566885,17,14.14213562,17.08800749,12.16552506,17.08800749,13.15294644,20.24845673,13.60147051,19.41648784,13,23.43074903,14.86606875,25.23885893,11.40175425,27.01851217,10.77032961,30,12.04159458,29.06888371,14.2126704,35.60898763,15.62049935,31.6227766,14.86606875,33.83784863,16.97056275,35,18.60107524,33.01514804,19.41648784,35.22782991,21.26029163,31.6227766,21.63330765,32.75667871,20.80865205,36.35931793,22.36067977,32.44996148,23.70653918,34,23.2594067
11.04536102,5.830951895,12.36931688,3.16227766,13.15294644,4.123105626,12.64911064,5.099019514,12.64911064,6.08276253,13.41640786,4,14.76482306,4.123105626,12.20655562,3.16227766,14.4222051,3.16227766,12.20655562,4.123105626,17.20465053,4.123105626,16.40121947,4.472135955,17.80449381,2.828427125,17.20465053,3.16227766,17.80449381,2.236067977,18.43908891,3.605551275,18.60107524,3.16227766,20.61552813,3.16227766,19.20937271,3.16227766,18.43908891,4,20.51828453,3.605551275,19.10497317,4.123105626,17.80449381,4.472135955,19.84943324,6.708203932,19.10497317,3.605551275,17.80449381,5.830951895
9.486832981,8.544003745,10.29563014,7.615773106,11.66190379,8.062257748,12.52996409,5.830951895,12.80624847,6.32455532,11.66190379,6.08276253,12.20655562,6.08276253,13.03840481,4.123105626,12.80624847,5,14.2126704,5.099019514,15.8113883,5.385164807,15,5,15.62049935,5.830951895,16.40121947,4.242640687,17.02938637,5,19.20937271,5.830951895,17.20465053,6.403124237,17.20465053,6.403124237,18.60107524,5.830951895,17.80449381,7.615773106,17.80449381,6.403124237,17.20465053,7.615773106,16.1245155,7.615773106,18.60107524,7.280109889,19.41648784,8.544003745,18.02775638,7.280109889
8.062257748,7.280109889,7.615773106,8.062257748,8.062257748,7.280109889,7.071067812,6.708203932,8.246211251,6.32455532,9.219544457,7.280109889,9.055385138,7.211102551,8.544003745,5.385164807,9.848857802,6.708203932,8.062257748,5.656854249,8.94427191,6.708203932,9.433981132,8.485281374,9.219544457,7.211102551,10,8.602325267,10,6.708203932,11.40175425,6.708203932,12.72792206,7.615773106,11.3137085,8.94427191,11.3137085,6.708203932,11.3137085,8.246211251,10.63014581,7.071067812,11.3137085,7,11.3137085,8,10.63014581,9,10.63014581,9.055385138,9.899494937,10.04987562
6.08276253,7.615773106,6.08276253,8.544003745,7.071067812,7.615773106,6,6.708203932,5,6.08276253,6.08276253,8.246211251,6.08276253,9.219544457,8.062257748,8.062257748,8.246211251,7.071067812,6.708203932,8.246211251,9.848857802,8.246211251,6.403124237,6.708203932,8.602325267,7.615773106,10.81665383,7.280109889,10.81665383,8.94427191,12.80624847,7.211102551,12.20655562,9.848857802,12.20655562,9.433981132,12.80624847,9.848857802,12.04159458,9.433981132,12.80624847,10.63014581,10,9.219544457,10.29563014,10.63014581,13.89244399,11.3137085,12.52996409,11.3137085,12.20655562,12.04159458
51.66236541,17,55.94640292,15.8113883,55.54277631,13.34166406,57.69748695,17.80449381,49.81967483,13.34166406,58.6003413,14.56021978,57.20139858,12.36931688,52.0096145,15.8113883,55.21775077,4,50.93132631,14.31782106,54.56189146,17.02938637,53.75872022,9.219544457,53.90732789,13.03840481,51.03920062,23.43074903,55.97320788,15.23154621,61.84658438,16.64331698,61.07372594,22.02271555,55.54277631,16.55294536,57.69748695,13.03840481,62.2655603,8.602325267,60.8276253,13.45362405,62.93647591,10,60.92618485,10.29563014,69.64194139,4.242640687,66.94027188,15.13274595,68.30812543,6.403124237
9.899494937,22.8035085,10.81665383,23.08679276,13.89244399,22.13594362,13.03840481,24.69817807,13.89244399,22.47220505,15.65247584,22.47220505,18.78829423,22.13594362,18.38477631,22.13594362,19.6977156,20.88061302,23.76972865,18.97366596,23.40939982,19.92485885,23.08679276,16.76305461,22.13594362,16.76305461,24.73863375,14.86606875,25.49509757,13.92838828,27.65863337,16.15549442,28.44292531,13,27.89265136,12.08304597,28.63564213,12.52996409,29.42787794,14.4222051,29.42787794,11.40175425,29.42787794,12.72792206,31.25699922,13.45362405,35.51056181,16.40121947,30.59411708,15.8113883,32.984845,15.8113883
13.92838828,8.246211251,14.56021978,8.94427191,13.92838828,7.071067812,15.8113883,6.708203932,13.60147051,5,12.64911064,8.544003745,12.08304597,7.071067812,12.08304597,6.08276253,13,5.099019514,11.70469991,6.32455532,11.70469991,6.708203932,10.19803903,7.280109889,9.848857802,9.433981132,11.18033989,6.708203932,9.433981132,7.071067812,10.29563014,7.211102551,8.602325267,9.219544457,7.810249676,7.810249676,10,8.602325267,8.602325267,8.602325267,7.810249676,9.899494937,9.433981132,9.219544457,7.071067812,9.433981132,10,9.433981132,9.899494937,11.66190379,11.66190379,8.602325267
6.08276253,5.385164807,6.32455532,6,5.099019514,7,4,8.246211251,3.605551275,7.071067812,5.830951895,6.08276253,5,6.08276253,7.211102551,5.385164807,5.830951895,5.830951895,6.708203932,6.403124237,8.062257748,7.071067812,6.708203932,7.071067812,7.615773106,5.830951895,9.219544457,5,7.615773106,8.062257748,10.04987562,7.615773106,9.486832981,8.544003745,10.44030651,8.246211251,10.44030651,8.246211251,10.19803903,8.062257748,11.18033989,8.246211251,10.19803903,8.062257748,12.04159458,9,14.14213562,7.071067812,12.16552506,9,13,8.062257748
17.08800749,10.29563014,17.08800749,9.848857802,17.49285568,11.18033989,17.08800749,8.544003745,14.4222051,13.03840481,17.20465053,18.68154169,14.14213562,13.15294644,15,18.24828759,13.60147051,17.11724277,18.35755975,19.10497317,18.43908891,22.02271555,17.4642492,22.02271555,18.68154169,22,18.11077028,21.02379604,19.02629759,26,21,28.01785145,21.09502311,27.07397274,23,30,24.08318916,27.16615541,24.18677324,27.01851217,24.18677324,29,23.34523506,28.16025568,23.19482701,31.01612484,25.17935662,34.05877273,22.20360331,31.01612484,23.34523506,34.13209633
2.236067977,10.19803903,2.828427125,12,2.828427125,10.04987562,1.414213562,11.40175425,2.236067977,9.219544457,1,9.486832981,1,8.544003745,0,10,1.414213562,10,1,7.810249676,1.414213562,8.602325267,3,9.899494937,2.236067977,10,3,11.40175425,3.16227766,10.81665383,2.236067977,11.70469991,2.828427125,11.40175425,2.236067977,11.70469991,2.828427125,11.40175425,4.123105626,13,3.605551275,13.60147051,3.605551275,12.64911064,3.605551275,13.34166406,2.828427125,14.31782106,3.16227766,13.34166406,4.472135955,15.03329638
25.96150997,21.58703314,28.63564213,27.16615541,24.35159132,24.33105012,25.96150997,27.65863337,23.08679276,23.53720459,22.20360331,22.13594362,19.10497317,22.8035085,19.10497317,21.02379604,19.23538406,20.24845673,19.41648784,19.6977156,18.97366596,17.88854382,18.97366596,16.1245155,20.59126028,17.20465053,18.35755975,18.02775638,18.38477631,16.40121947,20.51828453,15.62049935,21.21320344,15.8113883,20.61552813,14.86606875,21.9317122,15.23154621,19.41648784,16.55294536,22.02271555,15.23154621,20.80865205,17.72004515,20.24845673,19.41648784,21.63330765,20.09975124,20,23.76972865,21.02379604,22.56102835
13.03840481,30.08321791,10.81665383,33.83784863,11.70469991,32.69556545,10.44030651,31.95309062,13.34166406,28.63564213,12.04159458,29.52964612,7.071067812,29.54657341,10.19803903,27.29468813,9.219544457,27.31300057,11.66190379,25,10.81665383,27.45906044,12.80624847,23.85372088,12.72792206,24.20743687,12.04159458,24.8394847,15,23.43074903,16.64331698,25.49509757,17.69180601,20.51828453,18.35755975,20.61552813,18.02775638,21.63330765,18.35755975,21.63330765,18.86796226,23.32380758,19.72308292,22.36067977,17.72004515,25.05992817,19.72308292,27.31300057,19.6977156,26,19.31320792,28.23118843
5.385164807,10.77032961,7,11.18033989,5.099019514,11.18033989,5,12.08304597,6.08276253,10.77032961,6.32455532,12.08304597,4.472135955,10.29563014,4.472135955,9.486832981,5.830951895,10.29563014,4.242640687,7.810249676,5.656854249,9.899494937,6.403124237,7.810249676,7.071067812,8.602325267,6.403124237,9.219544457,6.708203932,8.602325267,7.615773106,9.219544457,8.544003745,8.062257748,8.94427191,9.848857802,8.544003745,10.44030651,7.211102551,10.44030651,8.062257748,11.70469991,8.544003745,9.486832981,8.246211251,11.18033989,7.810249676,9.486832981,7.211102551,11.70469991,7.280109889,12.36931688
14.76482306,2.236067977,14.86606875,2.828427125,14.31782106,1,13.41640786,0,15.23154621,1,13.92838828,2.828427125,13.92838828,3.605551275,13,4.472135955,11.70469991,4,9.486832981,4.472135955,11.18033989,5.830951895,10.19803903,6.32455532,10.19803903,7.211102551,10,8.062257748,10.19803903,9.848857802,9.219544457,9.486832981,10,10.77032961,7,9.486832981,8.062257748,11.18033989,7.280109889,13,7,12.36931688,8,12.64911064,8.062257748,13.60147051,7.071067812,13.34166406,6,13.34166406,7.280109889,14.14213562
5,28.23118843,6.403124237,30.46309242,6.708203932,28.17800561,7.071067812,29.54657341,8.062257748,25.94224354,11.66190379,29.06888371,10.77032961,27.29468813,13.92838828,25.49509757,13,25.05992817,13.34166406,23.60084744,17.4642492,26.40075756,15.29705854,23.02172887,17.02938637,23.60084744,19.23538406,23.02172887,19.02629759,21.21320344,21.02379604,21.21320344,21.02379604,20.51828453,23.02172887,20.61552813,24,22.20360331,23.02172887,19.84943324,24.0208243,21.63330765,21,21.09502311,20.02498439,24.18677324,24,28.17800561,22.02271555,27.73084925,23.19482701,29.54657341
4.123105626,13.60147051,5,14.76482306,5.385164807,11.66190379,5.385164807,13,5,10.77032961,6.403124237,13,6.708203932,12.64911064,5,10.77032961,7.211102551,9.848857802,7.615773106,8.94427191,7.615773106,10.29563014,6.708203932,9.848857802,7.280109889,8.062257748,8.246211251,8.062257748,8.246211251,7.615773106,9.055385138,7.615773106,10,6.708203932,9.055385138,7.615773106,8.062257748,8.602325267,9.055385138,7.615773106,9.055385138,6.403124237,9.219544457,7.211102551,10,7.071067812,9.219544457,10,12.16552506,9.899494937,11.18033989,10
9.219544457,8.544003745,13,10.29563014,10.29563014,8.94427191,9.848857802,10,11.70469991,9.848857802,9.486832981,8.544003745,8,10.29563014,8.062257748,6.32455532,8.062257748,7.810249676,7,7.071067812,7,9.433981132,8.062257748,7.071067812,7.071067812,7.071067812,7.280109889,7.071067812,6.708203932,7.211102551,7.280109889,7.810249676,5.830951895,7.071067812,6.708203932,6.708203932,7.280109889,7.211102551,7.615773106,6.32455532,6.708203932,8.94427191,8.062257748,8.544003745,5.830951895,9.486832981,6.403124237,10.44030651,7.211102551,10.44030651,8.062257748,10.77032961
8.246211251,28.60069929,8.246211251,28.17800561,7.615773106,30.46309242,8.485281374,29.73213749,8.602325267,26.92582404,3.605551275,30.08321791,8.246211251,27.29468813,6.32455532,27.29468813,6.403124237,25.70992026,9.848857802,25.3179778,8.062257748,26.07680962,9.848857802,24.33105012,12.36931688,26.17250466,14.56021978,26.17250466,17.88854382,25.17935662,18.02775638,26.30589288,20.61552813,26.17250466,23.76972865,26.47640459,22.8035085,23.19482701,27.65863337,25.3179778,24.35159132,24.0208243,25,24.18677324,25.29822128,22,30.6757233,23,29.12043956,20,30.08321791,20
8.544003745,7.211102551,9.848857802,7.810249676,9.055385138,7.211102551,11.70469991,8.602325267,9.486832981,7.211102551,9.486832981,6.708203932,9.486832981,6.403124237,8.544003745,6.708203932,8.94427191,6.32455532,7.615773106,4.472135955,8.94427191,5,7.280109889,7.071067812,6.708203932,6,7.615773106,5.099019514,5.830951895,5,6.32455532,5.099019514,5,4,5.656854249,4.472135955,5.656854249,6.08276253,6.403124237,5.385164807,5,5.385164807,5,4.123105626,5.385164807,3.16227766,7.211102551,6.32455532,6.708203932,5.385164807,8.062257748,4.123105626
11.18033989,5,11.70469991,5.656854249,8.544003745,5.385164807,10.29563014,6.403124237,10.29563014,3.605551275,8.94427191,6.08276253,8.602325267,5.099019514,9.219544457,5,8.062257748,5.830951895,7.810249676,6.403124237,9.219544457,7.071067812,9.219544457,8.485281374,11.40175425,8.062257748,8.485281374,8.485281374,8.602325267,8.602325267,10.63014581,7.810249676,10.81665383,9.219544457,11.3137085,9.433981132,10.81665383,9.219544457,12.20655562,9.219544457,12.20655562,5.830951895,13.03840481,8.062257748,11.40175425,6.708203932,12.08304597,11.18033989,13.92838828,7.615773106,11.66190379,8.94427191
20.59126028,13.34166406,12.36931688,2.828427125,13.03840481,20.61552813,11,13,12.04159458,12.04159458,15.13274595,15.13274595,13.34166406,6,5.099019514,10.77032961,29.27456234,13,27.89265136,12,16.55294536,7.211102551,16.55294536,4,16.55294536,8.246211251,18.02775638,5.099019514,18.02775638,9.055385138,18.43908891,13.03840481,20.80865205,10.19803903,18.43908891,9,19.10497317,11.18033989,19.20937271,14.56021978,20.61552813,16.2788206,14.2126704,17,16.2788206,17,15.62049935,21.58703314,15.62049935,16.15549442,15.55634919,25.3179778
2.828427125,10.81665383,1.414213562,10.77032961,3.605551275,10.81665383,2.828427125,10.29563014,3.16227766,10.81665383,4,10.29563014,4,9.219544457,3.16227766,9.219544457,4.472135955,7.810249676,3.605551275,9.433981132,6.403124237,9.899494937,5.099019514,9.899494937,4.472135955,8.485281374,5.830951895,9.219544457,6.403124237,9.219544457,6.403124237,9.219544457,6.32455532,9.219544457,7.071067812,10,7.211102551,12.04159458,7.071067812,9.848857802,6.403124237,10.81665383,4.472135955,11.66190379,5,10.29563014,5.830951895,11.18033989,4.242640687,11.70469991,5.385164807,11.18033989
18.38477631,15.8113883,19.20937271,16.1245155,20.61552813,17.2626765,20.51828453,14.56021978,20.51828453,13.03840481,23.34523506,15.29705854,21.26029163,11.40175425,24.04163056,12.52996409,27.80287755,13.03840481,27.80287755,13.45362405,29,14.86606875,29.73213749,14.2126704,27.01851217,14.4222051,28.42534081,16.2788206,29.41088234,15.65247584,31.6227766,18.86796226,29.41088234,21.9317122,31.06444913,18.78829423,30.23243292,19.6977156,30.88689042,21.1896201,31.30495168,23.76972865,29.52964612,21.84032967,28.65309756,19.6468827,32.24903099,22.02271555,33.28663395,20.02498439,30.87069808,20.02498439
17.72004515,37.36308338,26.57066051,34.525353,24.35159132,34.23448554,29.20616373,27.16615541,30.23243292,27.07397274,31.144823,23.08679276,28.60069929,15.29705854,35.38361203,18.02775638,35.22782991,14,33.9705755,5.099019514,39.8246155,4.472135955,35.22782991,5.830951895,38.58756276,6,39.35733731,3.16227766,38.48376281,5.830951895,42.54409477,8.485281374,38.83297568,8.602325267,40.16217126,11.70469991,42.72001873,17.88854382,39.84971769,14.86606875,38.60051813,19.10497317,37.65634077,19.10497317,37.85498646,25.05992817,38.47076812,26.40075756,40.79215611,27.31300057,37.10795063,31.38470965
8.246211251,7.810249676,8.246211251,9.433981132,11.40175425,10,7.810249676,8.246211251,7.810249676,7.810249676,8.544003745,9.486832981,6.708203932,8.94427191,5.830951895,7.615773106,5.830951895,10,5.385164807,5.830951895,3.605551275,10.77032961,2.236067977,10.29563014,5,10.81665383,5,12.04159458,5.830951895,12.20655562,2.828427125,10.63014581,6.708203932,12.80624847,4.242640687,12.80624847,5.830951895,12.72792206,6.08276253,12.20655562,6.32455532,11.3137085,6.08276253,10.63014581,5.099019514,9.219544457,7.071067812,13.03840481,7,11.40175425,6.08276253,11.40175425
8,3.16227766,9,3.16227766,8.246211251,4.472135955,9.848857802,4,8.544003745,3.16227766,9.486832981,2.236067977,8.94427191,3,9.433981132,3.605551275,10.81665383,4.123105626,10.81665383,4.242640687,11.40175425,3.605551275,12.04159458,4.123105626,12.04159458,4.123105626,12.04159458,3.16227766,12.04159458,5.099019514,12.72792206,5,14.14213562,5.099019514,12.72792206,5.099019514,14.14213562,4.123105626,12.72792206,6.08276253,12.72792206,5.099019514,12.04159458,5.385164807,11.40175425,7.280109889,12.80624847,7.071067812,12.04159458,7.280109889,13.45362405,8.544003745
2.828427125,7.810249676,3.605551275,6.403124237,3.16227766,5.656854249,3.16227766,7.211102551,3.16227766,3.605551275,2,5,3,3.605551275,1,4.472135955,2.236067977,5.099019514,2.236067977,6.32455532,2.236067977,6,1,5.385164807,2.236067977,5,2,7.615773106,2.236067977,6.32455532,3.605551275,7.211102551,4.123105626,8.062257748,4,6.708203932,4.472135955,7.810249676,5.385164807,7.810249676,4.242640687,8.062257748,5,5.830951895,5.385164807,7.211102551,7.211102551,6.403124237,7.810249676,7.211102551,6.708203932,5.385164807
7.810249676,2,8.602325267,0,7.071067812,1,5.830951895,2.236067977,6.708203932,2.236067977,5.830951895,2,5.099019514,1,7.280109889,3.16227766,6.08276253,1.414213562,4,2.236067977,7.071067812,3.605551275,7,3.605551275,7.615773106,3.605551275,8.246211251,4.472135955,7.615773106,5,8.062257748,2.236067977,10.19803903,2.828427125,10.44030651,3,9.848857802,5.099019514,10.29563014,3.16227766,11.66190379,3.16227766,11.18033989,2,10.81665383,3,10.81665383,4.123105626,11.40175425,4.123105626,10.77032961,5.099019514
33.60059523,21.47091055,30.01666204,13.03840481,33.01514804,8.544003745,30.52867504,12.08304597,24.20743687,13.45362405,26.40075756,10.29563014,21.58703314,6.32455532,17.49285568,9.486832981,14.4222051,10.63014581,12.80624847,17.49285568,18.60107524,13.60147051,8.062257748,12.72792206,16.64331698,18.02775638,13.15294644,19.41648784,17,18.43908891,15.23154621,23.85372088,14.76482306,22.6715681,17.08800749,25.8069758,16.1245155,31.2409987,19.72308292,24.20743687,21.02379604,25.55386468,21.9544984,24.41311123,20.24845673,29.41088234,19.31320792,33.01514804,21.47091055,28.7923601,22.36067977,29.96664813
8.062257748,1.414213562,8.062257748,2,8.94427191,2.828427125,7.810249676,2.236067977,7.810249676,1,7.615773106,1.414213562,7.211102551,3.16227766,7.810249676,3.16227766,5.830951895,2.236067977,6.403124237,3.605551275,7.810249676,3.605551275,9.219544457,3.605551275,10,4.123105626,7.810249676,4.242640687,11.40175425,2.828427125,12.04159458,5,9.899494937,4.472135955,10.63014581,4.242640687,11.3137085,4.242640687,12.80624847,3.605551275,12.80624847,3.605551275,10.63014581,3.605551275,11.40175425,4.123105626,13.03840481,5,12.20655562,3,9.219544457,5.385164807
14,18.11077028,14.14213562,19.10497317,16.2788206,18.02775638,12.36931688,17.11724277,15.23154621,14.03566885,17,14.14213562,17.08800749,12.16552506,17.08800749,13.15294644,20.24845673,13.60147051,19.41648784,13,23.43074903,14.86606875,25.23885893,11.40175425,27.01851217,10.77032961,30,12.04159458,29.06888371,14.2126704,35.60898763,15.62049935,31.6227766,14.86606875,33.83784863,16.97056275,35,18.60107524,33.01514804,19.41648784,35.22782991,21.26029163,31.6227766,21.63330765,32.75667871,20.80865205,36.35931793,22.36067977,32.44996148,23.70653918,34,23.2594067
28.63564213,52.95280918,30.08321791,52.49761899,26,52.20153254,18.78829423,48.10405388,24.51530134,45.65084884,24.16609195,48.84669897,14.14213562,44.38468204,22.47220505,35.6931366,29.69848481,46.09772229,30.41381265,38.94868419,19.92485885,36.40054945,19.23538406,34.66987165,21.1896201,32.75667871,25.23885893,31.01612484,24.08318916,30.01666204,29.69848481,31.38470965,28.60069929,30.41381265,28.31960452,27.58622845,33.60059523,24.04163056,30.23243292,27.73084925,28.8444102,30.8058436,26.92582404,22.13594362,32.80243893,30.46309242,30.52867504,37.16180835,30.88689042,32.57299495,33.12099032,34.78505426
10.77032961,1,10.77032961,2.236067977,12.36931688,1,12.08304597,0,10.44030651,0,9.848857802,2,8.544003745,3.16227766,8.544003745,1.414213562,9.848857802,3,7.280109889,3.16227766,8.544003745,5.099019514,10.19803903,3,8.062257748,5.099019514,7.615773106,3.16227766,7.615773106,4.123105626,6.708203932,5,6.708203932,5.385164807,6.708203932,6.32455532,5.385164807,6.32455532,5.830951895,6.32455532,5.830951895,5.099019514,5.656854249,6.32455532,6.403124237,7.280109889,7.810249676,7,7.211102551,7.280109889,7.810249676,7.071067812
27.89265136,7.280109889,28.46049894,10.63014581,29.61418579,8.94427191,31.04834939,5.099019514,25.96150997,5.385164807,26.68332813,5.385164807,23.76972865,7.071067812,24.04163056,4.123105626,27.78488798,17.4642492,19.23538406,19.72308292,19.02629759,9.433981132,16.15549442,10,23.40939982,11.18033989,18.60107524,12.52996409,17.88854382,12.20655562,19.6977156,13.03840481,17.49285568,14.76482306,17.02938637,17.20465053,16.64331698,18.35755975,17.02938637,13.41640786,17.49285568,15.26433752,11.40175425,20.1246118,15.8113883,13,16.15549442,17.20465053,20.61552813,17.88854382,23.34523506,15.26433752
19.41648784,25.63201124,23.40939982,22.56102835,21.1896201,21.1896201,23.08679276,22.56102835,24.35159132,22.8035085,21.54065923,23.19482701,24.35159132,21.09502311,21.09502311,18.11077028,20.61552813,17.11724277,19.20937271,18.68154169,21.26029163,20.61552813,17.20465053,19.41648784,18.38477631,16.76305461,17.69180601,18.02775638,16.97056275,19.23538406,20,19.72308292,18.35755975,17.80449381,17.49285568,17.69180601,20.1246118,19.10497317,20.88061302,16.2788206,18.02775638,18.38477631,20.88061302,17.69180601,21.58703314,15.62049935,28.44292531,15.62049935,27.16615541,13.60147051,27.65863337,14.86606875
10.77032961,14.86606875,12.52996409,17.08800749,6,17.08800749,8.94427191,18.68154169,7,15.29705854,10,13.89244399,8.062257748,12.52996409,10.19803903,12.52996409,8.062257748,11.40175425,7.280109889,15.62049935,9.219544457,10,10.19803903,8.94427191,11,12.20655562,9.486832981,11.40175425,8.94427191,13.89244399,8.544003745,9.486832981,8.94427191,12.20655562,5,7.280109889,10,11.40175425,9.219544457,10.44030651,5.830951895,16.2788206,5.385164807,11.40175425,6.08276253,16.1245155,13.60147051,15.23154621,8.94427191,16.76305461,6.403124237,17.72004515
9.055385138,6.08276253,10.19803903,6.708203932,8.062257748,5.385164807,8.246211251,5.385164807,8,5.830951895,8,6.708203932,7.280109889,5.385164807,6.08276253,5.830951895,6.08276253,7.071067812,6.08276253,5.656854249,5.830951895,6.403124237,7.211102551,5,5.830951895,5,8.485281374,5.830951895,7.071067812,4.242640687,5.830951895,5,7.071067812,6.403124237,6.403124237,5.385164807,6.403124237,4.472135955,7.810249676,4.472135955,6.708203932,6.08276253,5.830951895,5.099019514,6.32455532,6.08276253,6.708203932,7.071067812,7.615773106,8.544003745,6.708203932,7.071067812
29.73213749,25.70992026,30.3644529,26.47640459,27.51363298,25,25.49509757,29.12043956,23.53720459,26.57066051,25,26.40075756,24.18677324,25.49509757,22.02271555,25.94224354,20.09975124,23.60084744,20,22.6715681,21.02379604,24.08318916,21.09502311,20.61552813,22.56102835,21.21320344,19.31320792,19.41648784,20.88061302,22.20360331,22.36067977,25.23885893,18.38477631,25.05992817,18.35755975,24.59674775,19.72308292,24.18677324,16.40121947,23.08679276,20.61552813,26.92582404,15.8113883,26.57066051,15.8113883,28.44292531,15.8113883,33.54101966,13.03840481,31.40063694,15,33.95585369
26.92582404,1.414213562,26.2488095,4.123105626,25.63201124,2,27.20294102,2.236067977,23.40939982,4.123105626,25,3.605551275,24.04163056,5.385164807,21.1896201,6.08276253,20.24845673,6.32455532,17.08800749,8,18.97366596,11.04536102,16.76305461,6,16.2788206,9.055385138,16.4924225,11.18033989,15.5241747,13,15.5241747,14.03566885,14.14213562,14.03566885,11.70469991,16.1245155,13.41640786,17.4642492,10.77032961,17.2626765,12.08304597,18.24828759,10.81665383,17.2626765,10.63014581,19.41648784,14.2126704,20.22374842,14.4222051,21.21320344,14.2126704,22.20360331
5.385164807,8.94427191,6.32455532,10.44030651,4.123105626,9.486832981,5,9.486832981,4,10.44030651,6.08276253,9.486832981,4.472135955,8.544003745,4.123105626,7.615773106,3.16227766,7.280109889,2.828427125,7.280109889,4.472135955,7.280109889,5,7.615773106,5.656854249,5.099019514,5,6.708203932,5,6.32455532,5,7.615773106,6.403124237,6.708203932,6.403124237,5.656854249,5.830951895,6.403124237,4.472135955,5.830951895,5.385164807,6.708203932,7.615773106,5,6.32455532,5,8.062257748,6.32455532,8.062257748,5.830951895,8.246211251,7.211102551
15.29705854,57.07013229,18.97366596,56.5154846,25.49509757,55.31726674,34.0147027,56.04462508,12.04159458,55.73149917,22.20360331,46.57252409,18.02775638,49.33558553,23.02172887,43.0464865,22.20360331,44.14748011,23.43074903,50.11985634,21.26029163,44.41846463,24.69817807,33.13608305,23.76972865,31.01612484,31.78049716,35.90264614,22.36067977,31.01612484,34.71310992,33.24154028,34.525353,34.23448554,37.21558813,30.6757233,32.01562119,35.44009029,42.04759208,33.61547263,45.04442252,29.96664813,45.54119015,19.6468827,38.05259518,20.09975124,52.08646657,21.21320344,45.01110974,17.08800749,55.00909016,22.20360331
32.57299495,9.055385138,33.73425559,8.062257748,32.38826948,9.055385138,34.20526275,8.94427191,30.59411708,9.433981132,29.12043956,11.40175425,28.86173938,16.40121947,28.63564213,15,25,14.14213562,22.02271555,14.14213562,23.19482701,13.89244399,23.02172887,15.23154621,21.02379604,17,24.08318916,18.97366596,19.10497317,18.02775638,18.43908891,21.58703314,15.5241747,18.11077028,15.23154621,22.36067977,18.97366596,23.34523506,15.65247584,22.20360331,13.89244399,24.18677324,11.18033989,24.0208243,13.34166406,26,12.36931688,29.06888371,15.29705854,29.06888371,11.04536102,32.01562119
20.61552813,10.77032961,18.02775638,6.403124237,16.03121954,3.605551275,18.68154169,4.242640687,16.2788206,1,20.59126028,6.08276253,17.4642492,4.472135955,23.43074903,8.062257748,19.6468827,4.242640687,10.63014581,5.385164807,15.13274595,10.77032961,16.64331698,8.544003745,15,8.485281374,12.20655562,8.062257748,12.72792206,7.071067812,16.2788206,8.544003745,17,7,13.89244399,7.071067812,11.18033989,4.123105626,13.92838828,7.211102551,14.31782106,6.08276253,13.15294644,7.615773106,14.03566885,6.708203932,17,9.219544457,15.03329638,6.403124237,15.29705854,11.40175425
16.03121954,30.08321791,18.68154169,31.6227766,14.31782106,29.41088234,19.6468827,32.75667871,17.11724277,24.51530134,17.08800749,27.65863337,18.78829423,25.70992026,17.20465053,23.02172887,15.65247584,24.08318916,15.8113883,21.09502311,17.69180601,18.43908891,14.2126704,19.41648784,17.20465053,22.56102835,15.8113883,19.41648784,17.49285568,20.1246118,18.78829423,18.78829423,18.78829423,17.4642492,19.6468827,18.60107524,20.39607805,19.41648784,20.61552813,16.97056275,20.39607805,18.43908891,21.09502311,15.62049935,24.18677324,13.45362405,25.07987241,15.55634919,28.16025568,16.2788206,27,15.62049935
50.6359556,69.92138443,49.03060269,77.83315489,52.39274759,75.80237463,47.67598976,70.21395873,48.09365863,66.70832032,46.17358552,74.94664769,42.95346319,70.51950085,38.83297568,66.09841148,53.31041174,66.64833081,34.4818793,50.99019514,40.36087214,67.60177512,55.47071299,59.53990259,51.03920062,58.6003413,46.22769733,57.30619513,47.80167361,56.08029957,56.85068161,49.67896939,55.4436651,52.20153254,50.60632372,53.75872022,56.79788728,49.92995093,63.60031446,50.80354318,64.47480128,49.39635614,53.71219601,52.43090692,65.30696747,61.98386887,68.70953355,63.89053138,62.09669879,62.29767251,65.78753681,62.8171951
33.73425559,14.31782106,34.71310992,12.08304597,32.984845,10.77032961,30.8058436,10.44030651,25.96150997,9,31.32091953,10.04987562,28.16025568,10.04987562,28.46049894,12.52996409,23.08679276,10.81665383,23.08679276,13.03840481,24.04163056,13.60147051,22.47220505,11.18033989,20.61552813,14.2126704,19.23538406,16.15549442,18.35755975,18.02775638,19.23538406,19.23538406,17.49285568,19.6977156,15,18.68154169,17.20465053,23.2594067,14.2126704,20.61552813,16.2788206,24.16609195,15.62049935,22.13594362,13.89244399,23.76972865,16.1245155,23.08679276,18.02775638,25.96150997,18.78829423,25.96150997
35.17101079,20.59126028,24.04163056,19.31320792,31.04834939,20.88061302,29,20.24845673,23.19482701,16.64331698,24,23.02172887,24.08318916,18.86796226,26.07680962,21.9544984,17.02938637,21.09502311,20.39607805,15,20.61552813,12.72792206,17.20465053,21.09502311,21.54065923,17.4642492,23.02172887,20.24845673,18.02775638,13.45362405,24.75883681,15,24.20743687,10,22.84731932,15,23.32380758,14.2126704,24.59674775,9.848857802,25.55386468,12.04159458,23.2594067,13.41640786,19.6977156,9.433981132,28.17800561,14.86606875,27.65863337,16.1245155,20.1246118,22.8035085
9.486832981,3.16227766,9.486832981,1,10.19803903,2,10.04987562,2.236067977,8.246211251,2.236067977,8.246211251,2.236067977,7.071067812,2.828427125,8.062257748,2.828427125,6,2.828427125,6.32455532,2.236067977,6.08276253,4.472135955,6.08276253,4.123105626,5,3.16227766,5.099019514,5.099019514,5.099019514,6.08276253,4.123105626,5,5.099019514,6.08276253,3.16227766,5,3.16227766,5,4.123105626,6,3.16227766,7.280109889,3.605551275,6.32455532,3.16227766,8.062257748,3.16227766,9.219544457,3.16227766,9.055385138,3,8
18.35755975,44.94441011,24.08318916,50,21.02379604,49.72926704,24.0208243,41.18252056,25.17935662,38.47076812,26.01922366,43.65775991,21.54065923,52.39274759,13,39.81205847,32.89376841,40.60788101,39.56008089,37.10795063,32.64965543,31.01612484,23.60084744,31.30495168,14.2126704,39.84971769,22.13594362,34.71310992,25.70992026,29.12043956,28.44292531,28.23118843,33.24154028,23.02172887,31.06444913,25.96150997,36.22154055,25.3179778,37.12142239,22.36067977,39.45883931,23.2594067,35.0142828,28.42534081,43.28972164,23.60084744,48.01041554,27.65863337,46.27094121,26.2488095,45.09988914,27.78488798
41.77319715,7.211102551,34.20526275,4.472135955,36.87817783,3.16227766,37.85498646,2.236067977,31.40063694,1,35.44009029,3.605551275,33.54101966,6.08276253,30.6757233,5.099019514,29.12043956,8.246211251,26.68332813,11.04536102,27.20294102,10.19803903,24.33105012,13.15294644,22.56102835,15.13274595,21.9317122,15.8113883,20.88061302,17.4642492,21.54065923,17.2626765,19.6977156,23.34523506,15.65247584,24.33105012,15.23154621,26.68332813,15.23154621,24.73863375,12.08304597,25.70992026,13.60147051,26.92582404,14.86606875,27.65863337,15.55634919,32.75667871,16.40121947,29.83286778,18.60107524,32.24903099
17.2626765,37.33630941,17.11724277,37,14.86606875,36.40054945,17.11724277,35.44009029,16.15549442,31.32091953,17.08800749,31.78049716,18.78829423,31.04834939,17.72004515,28.0713377,16.1245155,28.16025568,17.80449381,25.01999201,14.86606875,26,13.45362405,25.07987241,13.45362405,25.3179778,14.2126704,23.08679276,14.2126704,23.34523506,15.62049935,24.04163056,13.60147051,21.1896201,14.76482306,18.78829423,13.89244399,20.59126028,15.13274595,18.35755975,16,20.1246118,17.08800749,18.02775638,15.29705854,16.55294536,21.21320344,15.65247584,20.09975124,18.78829423,20.09975124,16.64331698
2.236067977,38.62641583,6.403124237,40.16217126,4.472135955,40.49691346,5,38.89730068,3,34.78505426,3.16227766,37.10795063,4.472135955,34.4818793,3.16227766,32.984845,7.615773106,29.61418579,7.071067812,29.83286778,9.848857802,29.15475947,8.246211251,30.08321791,9.055385138,26.68332813,13.03840481,25.3179778,13.03840481,23.34523506,14,24.18677324,14.14213562,24.08318916,15.13274595,22.02271555,16.4924225,21,14.31782106,16,17.2626765,16.1245155,17.11724277,17,20.88061302,14.56021978,19.6468827,15.29705854,20.24845673,14.86606875,21.37755833,16.76305461
13,4.472135955,13.60147051,5,13,4.472135955,13.92838828,3.16227766,12.08304597,4,10.77032961,3,10.44030651,3.605551275,10.77032961,2.236067977,11.40175425,2.236067977,9.486832981,3.605551275,10.77032961,3.605551275,8.246211251,4.242640687,9.219544457,3.605551275,8.246211251,4.242640687,7.280109889,5,7.615773106,5.830951895,6.08276253,5.830951895,6.708203932,5.830951895,6.708203932,6.708203932,5.385164807,6.32455532,5.385164807,6.708203932,6.08276253,5.830951895,4.123105626,6.32455532,5,8.062257748,6.708203932,8.062257748,6.403124237,7.615773106
11.70469991,6.08276253,12.64911064,6.708203932,10.77032961,6.08276253,11.40175425,7.280109889,10.44030651,5.385164807,10.44030651,5.385164807,11.40175425,7.211102551,10.04987562,5.385164807,8.062257748,6.403124237,8.062257748,5,9,5.830951895,9.055385138,5.830951895,8.246211251,4.242640687,8.062257748,5.656854249,7.280109889,4.472135955,8.544003745,6.403124237,8.062257748,5.385164807,6.32455532,6.708203932,6.403124237,3.605551275,7.211102551,5.385164807,6.403124237,5.099019514,7.071067812,5.385164807,6.403124237,6.08276253,5.830951895,7.280109889,5,7.280109889,7.211102551,8.062257748
39.84971769,8.246211251,37.94733192,8.062257748,37.33630941,11.04536102,36.40054945,10.19803903,33.52610923,7.615773106,34.17601498,10.29563014,33.24154028,10.81665383,29.83286778,9.219544457,28.86173938,10.81665383,27.65863337,12.08304597,28.44292531,11.18033989,25.17935662,10.29563014,26.07680962,8.94427191,24.18677324,11.18033989,25.01999201,13.60147051,23.02172887,13,23.02172887,16.1245155,20.22374842,15,22.02271555,16,19,16.2788206,17.02938637,16.4924225,18.02775638,17.02938637,16.03121954,18,16.76305461,20.39607805,17.72004515,21,16.4924225,20.02498439
25.63201124,34.4818793,27.51363298,33.52610923,24.16609195,31.01612484,21.58703314,35.73513677,21.54065923,34.20526275,21.21320344,30.87069808,19.10497317,29.15475947,20,29.06888371,19,26.40075756,16.1245155,30.46309242,19.6468827,28.7923601,16.4924225,27.85677655,19.41648784,24.35159132,16.15549442,23.08679276,18.78829423,20.61552813,19.72308292,22.47220505,20.61552813,20.24845673,22.02271555,19.72308292,20.51828453,18.02775638,22.02271555,19.23538406,18.38477631,17.02938637,19.10497317,17.80449381,19.84943324,17.20465053,22.8035085,18.02775638,22.627417,18.86796226,20.24845673,21.9544984
10.29563014,4,11.70469991,6.08276253,9.848857802,4,12.52996409,6.32455532,8.544003745,5,9.486832981,5,10.81665383,7.071067812,9.848857802,3.605551275,12.04159458,4,10,6.403124237,7,4,9.848857802,2.828427125,8.246211251,5.830951895,8.544003745,3,8.94427191,5,8.544003745,5.830951895,6.08276253,5,5,6.708203932,6.403124237,5.385164807,9.219544457,5,7.071067812,4.472135955,5.656854249,5.830951895,7.071067812,5.656854249,8.94427191,7.211102551,6.403124237,4.472135955,8.062257748,7.211102551
90.47651629,15.65247584,100.7223908,21.09502311,97.41663102,16.76305461,96.10411021,20.61552813,93.91485505,14.31782106,90.44335244,21.47091055,94.25497334,25.45584412,82.28000972,16.76305461,79.40403012,35.34119409,76.90253572,19.92485885,80.62257748,26.01922366,74.73285757,32.55764119,92.34717104,35.12833614,60.01666435,37.12142239,63.19810124,30.2654919,73.06161783,47.4341649,58.85575588,43.41658669,47.07440918,45.27692569,35.05709629,44.01136217,42.42640687,52.03844733,52.88667129,47.16990566,46,53.08483776,35.11409973,60.13318551,44.01136217,57.31491952,37.69615365,65.27633568,55.02726597,69.11584478
18.78829423,34.17601498,17.08800749,33.52610923,17.49285568,34.17601498,14.76482306,33.52610923,15.8113883,29.12043956,17.88854382,30.59411708,16.64331698,29.42787794,16.40121947,26.01922366,16.64331698,25,15.8113883,25.49509757,17.20465053,26.17250466,16.2788206,22.20360331,16.2788206,21.37755833,15.62049935,24.04163056,14.86606875,24.69817807,17.49285568,23.32380758,14.76482306,22.84731932,15.23154621,21.63330765,14.76482306,24.20743687,15.65247584,19.79898987,17.4642492,20.61552813,16.2788206,19.84943324,18.68154169,19.20937271,18.68154169,22.8035085,21.58703314,21.9317122,24.51530134,21.21320344
25.63201124,32.01562119,24.35159132,32.984845,23.76972865,30.6757233,23.53720459,31.04834939,22.56102835,29.73213749,21.21320344,30.6757233,20,28.17800561,19.02629759,26.40075756,18.02775638,26.83281573,18.43908891,21.47091055,20.24845673,27.29468813,21.54065923,22.82542442,22.82542442,20.1246118,21.09502311,22.47220505,20.80865205,23.43074903,23.43074903,19.20937271,21.40093456,19.79898987,20,19.20937271,21.21320344,19.10497317,22.6715681,18.60107524,20.80865205,20.24845673,21.40093456,21.09502311,20,20.61552813,21.9544984,25.07987241,22.82542442,23.76972865,23.32380758,25.49509757
9.219544457,24.35159132,7.810249676,24.04163056,17.49285568,28.28427125,10.63014581,29.06888371,10.29563014,28.01785145,11.3137085,22.02271555,12.80624847,23.08679276,10.19803903,18.43908891,9.219544457,22.47220505,10,17.2626765,10.77032961,21.47091055,9.219544457,22.82542442,14.31782106,19.72308292,10.44030651,19.23538406,9.486832981,19.41648784,4.242640687,17.80449381,10.19803903,17.02938637,7,19.10497317,6.403124237,20.1246118,7.071067812,22.6715681,5,20.80865205,6.32455532,20.1246118,11.40175425,22.47220505,10.19803903,21.9544984,8.246211251,20.24845673,8,26.2488095
28.16025568,16.4924225,29.12043956,20.88061302,26.2488095,17.72004515,27.29468813,20.39607805,23.76972865,18.02775638,25.3179778,18.78829423,23.02172887,17.4642492,21.02379604,16.1245155,21,17.20465053,20.02498439,15.8113883,21.21320344,16.40121947,20.39607805,16.2788206,20.61552813,16.2788206,19.31320792,14.4222051,18.35755975,15.26433752,20.1246118,18.35755975,19.23538406,16.64331698,19.41648784,17.08800749,18.43908891,18.24828759,17.02938637,18.97366596,17.80449381,18.43908891,17.20465053,20.39607805,15,20.09975124,17.02938637,25.17935662,15.62049935,24.08318916,16.2788206,27.16615541
23.08679276,21.63330765,25.3179778,17.08800749,20.88061302,16.97056275,27.16615541,14.03566885,20.09975124,17.02938637,16.64331698,14.31782106,17.02938637,19.23538406,19.6468827,18.60107524,25.23885893,20.51828453,19.23538406,5.656854249,36.23534186,7.280109889,17.49285568,8.544003745,19.20937271,1,17.80449381,9.899494937,17.88854382,9.219544457,24.08318916,11.40175425,17.80449381,9.055385138,15.8113883,6,17.08800749,10.81665383,17,8.544003745,18.02775638,4,21.40093456,10.29563014,24.69817807,3.16227766,22.13594362,8.062257748,16.76305461,8.485281374,20,5
30.8058436,22.56102835,29.41088234,25.29822128,30.08321791,21.58703314,29.41088234,21.37755833,28.16025568,17.11724277,28.46049894,19,29.12043956,17,28.16025568,14.86606875,27.73084925,14.86606875,22.84731932,16.15549442,27.29468813,18.78829423,23.32380758,17.49285568,22.47220505,20,19.41648784,20.61552813,19.72308292,18.38477631,23.34523506,24.04163056,19.84943324,22.6715681,16.97056275,22.20360331,20.61552813,22.20360331,18.60107524,22.47220505,19.72308292,22.82542442,20.1246118,21.02379604,20.24845673,21.9544984,24.35159132,23.2594067,23.76972865,23.76972865,25.07987241,23.2594067
37.65634077,52.92447449,37.94733192,52.81098371,37.16180835,50.69516742,34.20526275,46.32493929,38.48376281,45.89117562,46.06517123,47.67598976,34.98571137,48,37.73592453,44.28317965,34.40930107,42,31.89043744,40.70626487,38.60051813,34.92849839,33.12099032,39.2173431,32.55764119,40.80441153,29.73213749,36.7151195,23.34523506,39,36.12478374,37.58989226,36.06937759,40.31128874,31.78049716,45.607017,29.83286778,44.55333882,34.98571137,45.3431362,37.20215048,33.01514804,36.40054945,38.58756276,38.07886553,39.62322551,42.20189569,48.7954916,43.01162634,43.26661531,47.80167361,42.63801121
8.246211251,37.94733192,9.219544457,39.29376541,10.04987562,36.40054945,7,37.64306045,9,34.20526275,6.08276253,35.17101079,7.810249676,32.57299495,8.062257748,29.61418579,11.3137085,28.16025568,14.4222051,25.49509757,13.92838828,26.47640459,16.55294536,23.34523506,16.55294536,23.34523506,17,20.39607805,20.61552813,24.0208243,18.97366596,22,21.37755833,21.02379604,23.76972865,17.11724277,23.40939982,21.02379604,23.34523506,17.02938637,25.29822128,17.11724277,27.16615541,14.14213562,27.45906044,14.56021978,33.73425559,14.86606875,28.44292531,14.86606875,31.144823,12.52996409
8.544003745,4.472135955,7.615773106,4.472135955,8.544003745,6.32455532,9.219544457,4.123105626,7.615773106,5.099019514,7.615773106,3,7.615773106,5.099019514,6.08276253,3.16227766,7.615773106,4,5.385164807,4.123105626,6.708203932,4.472135955,5.830951895,5.099019514,5.830951895,5,5.830951895,5,4.472135955,4.472135955,4.242640687,6.403124237,4.472135955,5.656854249,4.242640687,5,5.656854249,6.403124237,4.242640687,5.830951895,4.242640687,6.403124237,4.472135955,5.385164807,4.123105626,5.385164807,6.32455532,6.32455532,5.385164807,6.708203932,6.32455532,6.32455532
2.236067977,10.19803903,2.828427125,9.486832981,2,9.486832981,1.414213562,9.486832981,1.414213562,8.246211251,2.828427125,8.544003745,2.828427125,8.544003745,2,8.062257748,2.236067977,7.071067812,3.16227766,6.08276253,4.472135955,6.32455532,3.605551275,6.708203932,4.123105626,6.708203932,5.385164807,6.708203932,4.123105626,5.385164807,5.385164807,6.708203932,6.32455532,5,5.385164807,5,5.385164807,4.242640687,6.32455532,5,6,5,6.08276253,4.242640687,6.32455532,5.385164807,7,6.32455532,7.280109889,7.211102551,7.071067812,6.708203932
0,10.19803903,1,10.44030651,1.414213562,10.77032961,1.414213562,10.19803903,2.828427125,9.219544457,2.236067977,9.219544457,4.123105626,7.280109889,3.16227766,7.280109889,1,6,4.472135955,6.08276253,4.123105626,7.280109889,4,5.830951895,4,7,5,5.099019514,5.099019514,5,6.32455532,6.32455532,7,3.16227766,6,4,6.08276253,4,7,2.236067977,7,4.123105626,7.071067812,4.242640687,8,3.16227766,8,4.242640687,9.055385138,5,9,4.242640687
10.44030651,4.472135955,10.04987562,3.605551275,10.44030651,3.16227766,10.44030651,3.16227766,8.246211251,4,11.40175425,3,9.219544457,2.236067977,8.062257748,3.16227766,7.615773106,2.236067977,7,3.16227766,7.280109889,4.242640687,7.280109889,3.16227766,6.08276253,5,6.32455532,5.385164807,4.472135955,6.708203932,5.385164807,6.708203932,5.830951895,6.708203932,4.472135955,6.32455532,5.385164807,6.708203932,5,7.211102551,4.242640687,8.062257748,4.242640687,8.062257748,5,7.280109889,5.830951895,8.544003745,5.656854249,9.219544457,6.708203932,8.246211251
1,7.615773106,3,8.062257748,3.605551275,10.19803903,2,8.246211251,1.414213562,8.062257748,2.236067977,8.062257748,3.16227766,8.062257748,2.236067977,8.544003745,9.055385138,6.708203932,3.16227766,10,5.099019514,7,4,5,3.16227766,6.32455532,5.099019514,7.280109889,6,4.123105626,6,5.385164807,7,4.123105626,7.071067812,3.16227766,6,5.830951895,6,4.472135955,6,3.605551275,6.08276253,3.605551275,8,3.16227766,8,3.605551275,9,3.605551275,9,4.472135955
9.486832981,1.414213562,10.44030651,2.828427125,11.40175425,1.414213562,10.44030651,2,10.19803903,1.414213562,9.486832981,1.414213562,9.219544457,2,9.486832981,2.236067977,7.280109889,3,8.94427191,2.828427125,8.544003745,4.123105626,7.615773106,4.123105626,7.280109889,4.472135955,6.708203932,5.099019514,6.32455532,5.099019514,5.830951895,6.08276253,5.385164807,6.32455532,5,6.08276253,5.385164807,7.071067812,5,7.071067812,4.472135955,7.071067812,5.656854249,7.280109889,5,8.062257748,5.830951895,8.246211251,5.656854249,7.071067812,6.708203932,9.055385138
1,30.46309242,8.246211251,28.28427125,2,29.96664813,4,37.65634077,2.236067977,29.12043956,9.219544457,38.27531842,3.605551275,30.01666204,7.211102551,25.70992026,5,23.70653918,9.055385138,21.02379604,12.16552506,29.61418579,9.848857802,19.92485885,8.544003745,19.02629759,18.02775638,14.31782106,17.2626765,11.70469991,15.23154621,15.03329638,23.02172887,19.10497317,15.13274595,22.09072203,19.10497317,17.4642492,10.19803903,11.66190379,22,10.19803903,16.1245155,13.34166406,30.87069808,6.708203932,23.08679276,15.8113883,20.61552813,7,21.54065923,12.80624847
8.246211251,3.605551275,10.19803903,4.123105626,10.19803903,4,9.055385138,4.123105626,9.219544457,4,8.062257748,2.236067977,7.071067812,3.605551275,7.280109889,2.236067977,8.062257748,1.414213562,6.32455532,2.828427125,7.071067812,5,5,3.605551275,6.08276253,4.242640687,5.099019514,5,5,5.385164807,5,6.32455532,5,5.385164807,5.099019514,6.708203932,4,6.708203932,3.16227766,6.32455532,3.16227766,7.280109889,3,7.280109889,3,7.071067812,1.414213562,8.246211251,2.236067977,8.246211251,2.828427125,8.544003745
4.472135955,8.246211251,4.472135955,9.219544457,4.472135955,9.219544457,5.830951895,8.062257748,4.472135955,9.219544457,5,9.055385138,5.656854249,7,4.242640687,6.08276253,5,6.08276253,5.656854249,6.08276253,5.656854249,6.08276253,3.605551275,5.099019514,7.071067812,7.615773106,5.385164807,5.385164807,5.385164807,5,5.830951895,5,6.708203932,5.656854249,6.32455532,5.656854249,6.708203932,5.830951895,6.08276253,5,7.071067812,7.211102551,6.08276253,6.403124237,7.071067812,5.385164807,8.062257748,5.385164807,9.219544457,5.830951895,8.062257748,5.830951895
33.73425559,14.31782106,34.71310992,12.08304597,32.984845,10.77032961,30.8058436,10.44030651,25.96150997,9,31.32091953,10.04987562,28.16025568,10.04987562,28.46049894,12.52996409,23.08679276,10.81665383,23.08679276,13.03840481,24.04163056,13.60147051,22.47220505,11.18033989,20.61552813,14.2126704,19.23538406,16.15549442,18.35755975,18.02775638,19.23538406,19.23538406,17.49285568,19.6977156,15,18.68154169,17.20465053,23.2594067,14.2126704,20.61552813,16.2788206,24.16609195,15.62049935,22.13594362,13.89244399,23.76972865,16.1245155,23.08679276,18.02775638,25.96150997,18.78829423,25.96150997
35.17101079,20.59126028,24.04163056,19.31320792,31.04834939,20.88061302,29,20.24845673,23.19482701,16.64331698,24,23.02172887,24.08318916,18.86796226,26.07680962,21.9544984,17.02938637,21.09502311,20.39607805,15,20.61552813,12.72792206,17.20465053,21.09502311,21.54065923,17.4642492,23.02172887,20.24845673,18.02775638,13.45362405,24.75883681,15,24.20743687,10,22.84731932,15,23.32380758,14.2126704,24.59674775,9.848857802,25.55386468,12.04159458,23.2594067,13.41640786,19.6977156,9.433981132,28.17800561,14.86606875,27.65863337,16.1245155,20.1246118,22.8035085
9.486832981,3.16227766,9.486832981,1,10.19803903,2,10.04987562,2.236067977,8.246211251,2.236067977,8.246211251,2.236067977,7.071067812,2.828427125,8.062257748,2.828427125,6,2.828427125,6.32455532,2.236067977,6.08276253,4.472135955,6.08276253,4.123105626,5,3.16227766,5.099019514,5.099019514,5.099019514,6.08276253,4.123105626,5,5.099019514,6.08276253,3.16227766,5,3.16227766,5,4.123105626,6,3.16227766,7.280109889,3.605551275,6.32455532,3.16227766,8.062257748,3.16227766,9.219544457,3.16227766,9.055385138,3,8
18.35755975,44.94441011,24.08318916,50,21.02379604,49.72926704,24.0208243,41.18252056,25.17935662,38.47076812,26.01922366,43.65775991,21.54065923,52.39274759,13,39.81205847,32.89376841,40.60788101,39.56008089,37.10795063,32.64965543,31.01612484,23.60084744,31.30495168,14.2126704,39.84971769,22.13594362,34.71310992,25.70992026,29.12043956,28.44292531,28.23118843,33.24154028,23.02172887,31.06444913,25.96150997,36.22154055,25.3179778,37.12142239,22.36067977,39.45883931,23.2594067,35.0142828,28.42534081,43.28972164,23.60084744,48.01041554,27.65863337,46.27094121,26.2488095,45.09988914,27.78488798
41.77319715,7.211102551,34.20526275,4.472135955,36.87817783,3.16227766,37.85498646,2.236067977,31.40063694,1,35.44009029,3.605551275,33.54101966,6.08276253,30.6757233,5.099019514,29.12043956,8.246211251,26.68332813,11.04536102,27.20294102,10.19803903,24.33105012,13.15294644,22.56102835,15.13274595,21.9317122,15.8113883,20.88061302,17.4642492,21.54065923,17.2626765,19.6977156,23.34523506,15.65247584,24.33105012,15.23154621,26.68332813,15.23154621,24.73863375,12.08304597,25.70992026,13.60147051,26.92582404,14.86606875,27.65863337,15.55634919,32.75667871,16.40121947,29.83286778,18.60107524,32.24903099
32.89376841,16.03121954,32.57299495,17.2626765,31.04834939,15.5241747,29.12043956,17.72004515,26.92582404,15.5241747,30.3644529,17.88854382,25.3179778,16.64331698,21.09502311,17.20465053,23,14.86606875,19.02629759,13.45362405,20.02498439,18.60107524,21.09502311,18.02775638,21.21320344,16.15549442,19.92485885,17.08800749,17.08800749,17.88854382,18.60107524,18.38477631,18.35755975,19.6468827,19.72308292,21.09502311,20.80865205,20.88061302,18.02775638,18.11077028,17.49285568,23,17.69180601,22.09072203,13.60147051,21.02379604,16.2788206,28.0713377,14.86606875,28.0713377,15.62049935,31.144823
5,37.65634077,7.211102551,26.47640459,3,25.96150997,3.16227766,30.59411708,2.236067977,27.89265136,3.16227766,26.2488095,3.605551275,25.70992026,4.242640687,23.76972865,5.656854249,23.08679276,8.062257748,21.1896201,7.071067812,22.47220505,10.77032961,19.6977156,10.77032961,19.23538406,12.64911064,17,13.92838828,19.41648784,14.56021978,18.02775638,16.15549442,17.80449381,15.8113883,16.97056275,17.08800749,18.43908891,18.02775638,15,17.4642492,17.20465053,20.88061302,17.4642492,16.15549442,17.72004515,19.92485885,21.1896201,19.31320792,20.24845673,16.76305461,21.84032967
4.123105626,8.062257748,4.123105626,6.708203932,4.123105626,8.062257748,4.123105626,5.830951895,5.099019514,5.830951895,3,4.472135955,4,5,2.236067977,2.828427125,2.828427125,5,2.236067977,3.605551275,4.242640687,3.16227766,2.236067977,3.605551275,2.236067977,5,3.605551275,5,2,4.472135955,3.16227766,6.32455532,2.236067977,6.08276253,3.16227766,6.708203932,2.236067977,6.403124237,3,6.403124237,2.236067977,7.615773106,3.16227766,7.211102551,1,9.486832981,3.16227766,8.94427191,2.828427125,7.615773106,3.16227766,8.062257748
9.486832981,6.08276253,10.77032961,6.08276253,10.77032961,7.071067812,10.44030651,7,8,5.099019514,8.062257748,6.32455532,7,7.071067812,5,5.099019514,6.08276253,6.08276253,5,5.830951895,5.385164807,4.472135955,5.099019514,4.472135955,4.472135955,3.605551275,5.385164807,5,3.16227766,2.828427125,4.472135955,5,5.656854249,4.242640687,5,4.123105626,5,3.605551275,6.403124237,3.605551275,5.656854249,4.123105626,5.830951895,4,5,5.099019514,8.602325267,4.123105626,6.403124237,4,7.071067812,5.099019514
4.123105626,8,5.099019514,6,4.472135955,7,5.099019514,6.32455532,4,6.32455532,5.099019514,6.08276253,3,5,3,4.472135955,4,5.830951895,3,2.236067977,4.123105626,5.099019514,4,5.385164807,1,6.32455532,2,6.32455532,2,7.280109889,2,8,2.236067977,8.062257748,0,7.071067812,0,8,1.414213562,9.055385138,3.605551275,8.246211251,2.236067977,8,1,10.04987562,0,10.04987562,1,9.055385138,1,10.04987562
39,16.03121954,37,14.14213562,30.6757233,17.02938637,27.45906044,18.02775638,23.34523506,16.2788206,21.84032967,14.56021978,17.02938637,18.43908891,13.34166406,17.20465053,12,14.76482306,15.03329638,18.86796226,16,17.88854382,14.31782106,18.78829423,13.34166406,16.4924225,14.31782106,21.37755833,13.03840481,26.07680962,8.544003745,27.01851217,17.11724277,28.0713377,12,28.0713377,15.03329638,30,6.08276253,30.06659276,16.03121954,30.2654919,15.29705854,32.55764119,15.03329638,30.06659276,16.76305461,37.01351105,11.04536102,38.63935817,15.8113883,40.01249805
10.77032961,2.236067977,8.544003745,4.242640687,9.219544457,3.16227766,8.246211251,0,7.280109889,1,7.071067812,2.236067977,5.099019514,3.16227766,6.08276253,1,6.32455532,2.236067977,3.605551275,2.236067977,4.472135955,4.123105626,3.605551275,3,4.472135955,3.605551275,5.656854249,4.123105626,3.605551275,5.099019514,5,5.099019514,5.656854249,5.385164807,4.472135955,6.708203932,6.403124237,5.385164807,5,6.708203932,5,7.211102551,5.830951895,7.615773106,5.385164807,6.708203932,6.32455532,8.544003745,7.211102551,7.615773106,5.830951895,7.615773106
7.280109889,8.062257748,6.32455532,6.708203932,8.246211251,7.280109889,8.544003745,4.472135955,7,4,6,6,6.32455532,3,7.071067812,4.123105626,5.099019514,3,5.099019514,3.605551275,5,3.16227766,4.472135955,4.472135955,3.605551275,4.242640687,4.123105626,5,2.828427125,3.605551275,2.828427125,5.656854249,4.242640687,5.830951895,4.123105626,5.830951895,4.472135955,5,3,5.830951895,5,5,4.472135955,6.708203932,4.472135955,6.403124237,4.123105626,8.062257748,5.385164807,7.211102551,4.123105626,8.062257748
14.14213562,38.91015292,14,36.40054945,17,33.52610923,17.11724277,29.42787794,15,26.2488095,13.41640786,27.29468813,14.14213562,24.33105012,11.18033989,22,14,20.02498439,12.52996409,24.73863375,7.280109889,21.54065923,6.32455532,22.47220505,6.403124237,20.24845673,8.485281374,24.75883681,6.708203932,21.9317122,8.94427191,26.90724809,4,24.08318916,7.280109889,26.62705391,6.708203932,28.31960452,8.94427191,30.47950131,12,29,8.94427191,27.20294102,10.19803903,26.07680962,9.055385138,34.98571137,8.602325267,29.96664813,9.848857802,35.34119409
21.09502311,34.88552709,22.36067977,32.64965543,24.33105012,28.7923601,23.19482701,31.95309062,19.02629759,24.04163056,19.6468827,24.33105012,19.6468827,20.02498439,18.11077028,19.02629759,15.29705854,17.4642492,12.04159458,19.72308292,13.03840481,20.1246118,11.04536102,19.6977156,9.055385138,17.80449381,9.848857802,19.41648784,7.071067812,24.75883681,8.544003745,23.34523506,7.071067812,22.20360331,9.219544457,25,8.544003745,26.2488095,7.071067812,26.87005769,8.246211251,27.20294102,11.18033989,27.20294102,8.602325267,29.68164416,10.04987562,30.88689042,8,33.12099032,10.29563014,32.31098884
11.70469991,2.236067977,9.848857802,1.414213562,8.544003745,1.414213562,9.848857802,2.236067977,7.615773106,2.236067977,9.055385138,1,8.246211251,2.236067977,8.062257748,3.605551275,7.071067812,2.236067977,5,2.236067977,5.099019514,4.242640687,5,3.605551275,5.830951895,2,4.472135955,3,5.385164807,4.123105626,6.32455532,3,5.656854249,3,3.605551275,4.123105626,5.656854249,5.385164807,6.403124237,6.08276253,5,5,5,4.123105626,5,5.385164807,6.403124237,7.071067812,5.656854249,5.385164807,6.403124237,6
36.22154055,15.5241747,31.6227766,17.02938637,31.57530681,17.02938637,31.57530681,19.10497317,26.30589288,17.72004515,25.96150997,17.4642492,23.02172887,18.86796226,23.19482701,17.20465053,19.02629759,17.80449381,16.1245155,17.20465053,16.76305461,20.1246118,15.8113883,20.24845673,18.86796226,21.54065923,17.49285568,20.09975124,16.2788206,17.11724277,15.55634919,22.36067977,14.86606875,25.07987241,16.1245155,29.01723626,17.80449381,29.01723626,14.76482306,28.01785145,18.02775638,30.59411708,16.64331698,32.55764119,16.1245155,34.92849839,12.20655562,35.51056181,15,38.11823711,10.44030651,40.04996879
23.34523506,29.12043956,21.09502311,25.29822128,21,24.04163056,26.01922366,25,22.02271555,14.31782106,19.6468827,16.15549442,16.76305461,13.15294644,18.78829423,10.19803903,17.20465053,9.055385138,17.88854382,7.280109889,15.65247584,11.40175425,19.31320792,8,18.78829423,12.04159458,24.04163056,11,20.61552813,13.15294644,31.57530681,9.848857802,23.19482701,13.03840481,31.25699922,12.36931688,32.01562119,13.92838828,33.06055051,13.41640786,30.01666204,19.31320792,30.06659276,14.76482306,34.13209633,18.02775638,38.05259518,16.2788206,38.11823711,12.16552506,38.01315562,12.36931688
19.92485885,28.16025568,18.11077028,26.47640459,20.09975124,21.21320344,23.34523506,20,19.02629759,21.37755833,18.68154169,18.02775638,15.26433752,15,16.1245155,14.4222051,14.2126704,14.2126704,17.20465053,15.65247584,18.02775638,15.65247584,15.62049935,18.02775638,15.8113883,17.11724277,17.08800749,18.24828759,16.76305461,18.68154169,17.4642492,21.21320344,18.02775638,24.0208243,17,29.01723626,19.23538406,26.17250466,19.41648784,27.16615541,20.61552813,25.01999201,24.51530134,24.0208243,25.49509757,25.17935662,30.2654919,24.0208243,29.42787794,26.01922366,31.40063694,27
36.24913792,17.72004515,39.81205847,18.38477631,34,17.88854382,29.54657341,19.10497317,27.73084925,19.72308292,22.47220505,18.02775638,18.97366596,19.41648784,18.43908891,17.72004515,15.29705854,17.88854382,10.77032961,20.88061302,11.70469991,23,9,23,7.280109889,26.30589288,11.04536102,27.16615541,8,25,8.544003745,31.57530681,7.280109889,33.24154028,11.04536102,34.92849839,12,36.24913792,10.04987562,39.8246155,13.15294644,39.35733731,17.02938637,37.57658846,16.03121954,42.48529157,14.03566885,41.59326869,16.4924225,44.29446918,16.03121954,44.27188724
33.24154028,20.22374842,29.12043956,19.23538406,29.83286778,20.61552813,28.46049894,19.10497317,25.96150997,20.61552813,25.3179778,20.61552813,24.18677324,20.24845673,23.02172887,20.1246118,20,18.86796226,20,17.20465053,21.58703314,19.84943324,19.6468827,15.55634919,20.61552813,17.80449381,18.35755975,17,20.80865205,16.55294536,23.32380758,15.23154621,21.40093456,17.08800749,22.20360331,17.72004515,21.9317122,16.4924225,21.26029163,19.23538406,21.26029163,21.21320344,21.9317122,18.11077028,21.9317122,22.02271555,20.51828453,23.08679276,19.41648784,25,22.8035085,26
10.29563014,24.18677324,8.94427191,25.17935662,8.062257748,23,10,22.02271555,9.486832981,23,10.77032961,19,10.29563014,20.09975124,14.4222051,19.02629759,15.8113883,20.39607805,16.40121947,20.88061302,19.20937271,22.47220505,19.20937271,19.6977156,20.61552813,22.36067977,18.60107524,24.59674775,20,21.9544984,22.8035085,27.80287755,23.34523506,26.40075756,24.41311123,27.20294102,24.20743687,29.83286778,24.41311123,31.144823,24.18677324,31.82766093,24.18677324,30.41381265,24.59674775,31.144823,25.94224354,31.82766093,24.69817807,31.2409987,27.51363298,31.89043744
10,18.24828759,10.04987562,17.2626765,8.062257748,18.11077028,8,18.24828759,6.08276253,16,6.403124237,16.03121954,3.605551275,16.1245155,1,14.56021978,3.605551275,14.03566885,3.16227766,12.64911064,2.828427125,15.26433752,5.656854249,14.31782106,3.605551275,15.8113883,7.071067812,15.26433752,7.211102551,17.69180601,7.211102551,16.40121947,9.219544457,16.97056275,10,18.43908891,9.899494937,19.10497317,11.66190379,22.20360331,8.062257748,20,8.94427191,22.84731932,8.94427191,20.59126028,10.19803903,21.9317122,9.055385138,22.84731932,11.04536102,25.63201124
20.59126028,28.28427125,19.10497317,25.17935662,13.89244399,28.7923601,14.76482306,26.47640459,7.810249676,24.33105012,8.94427191,21.02379604,6.708203932,19.02629759,5.385164807,19,3.16227766,20.09975124,5.656854249,22.36067977,8.062257748,23.40939982,10.29563014,22.47220505,8.485281374,23.70653918,5.385164807,26.07680962,7.071067812,26.87005769,9.219544457,32.01562119,10.63014581,32.64965543,7.615773106,32.64965543,12.36931688,36.79673899,13,37.80211634,13.92838828,36.76955262,10.04987562,36.79673899,14.31782106,39.62322551,21.21320344,44.55333882,17.4642492,41.03656906,21.9317122,38.28837944
4.472135955,4,3.605551275,5.099019514,3.605551275,6.08276253,2.236067977,3.16227766,4,5,3.16227766,4.123105626,2.236067977,4,2,4.472135955,1,3.16227766,2,5.385164807,1,5.385164807,1,5.830951895,1,6.403124237,0,6.708203932,1,6.708203932,1,8.602325267,1,7.211102551,0,8.602325267,2,9.899494937,2.236067977,8.485281374,1.414213562,10,3,9.219544457,2,8.602325267,4.123105626,10,3.16227766,9.433981132,3.16227766,9.848857802
7.615773106,8.544003745,7.280109889,9.055385138,6.32455532,8.062257748,5,11.18033989,5,9.219544457,6,9.219544457,6.08276253,8.062257748,5.099019514,8.062257748,6.32455532,7,6.403124237,6.08276253,5.830951895,7.071067812,5.830951895,5.385164807,6.403124237,7,5,5,5.830951895,4.472135955,6.708203932,5.099019514,7.211102551,3.605551275,6.708203932,3.605551275,8.062257748,3.605551275,7.211102551,3.605551275,8.062257748,2.828427125,8.062257748,3.16227766,8.544003745,2,9.848857802,2.236067977,9.848857802,3.605551275,10.44030651,2.236067977
9.055385138,7.615773106,11.04536102,7.615773106,12.16552506,8.544003745,13.03840481,7.280109889,11.18033989,7.071067812,10.19803903,5.385164807,8.246211251,7.071067812,8.246211251,5.099019514,8.246211251,6.08276253,7.615773106,4.123105626,7.615773106,6.708203932,8.246211251,5.830951895,6.32455532,5.830951895,5.385164807,6.403124237,6.08276253,7.071067812,5.830951895,7.211102551,4.242640687,8.602325267,4.242640687,7.211102551,5.385164807,7.615773106,3.605551275,8.062257748,4.242640687,7.810249676,3.605551275,8.062257748,4.472135955,8.544003745,5.385164807,8.94427191,5.385164807,8.062257748,5,7.280109889
4,12.64911064,3,13.34166406,5.099019514,12.64911064,5.099019514,13.60147051,4,10.19803903,4.123105626,11.40175425,5.099019514,10.19803903,3.16227766,10.19803903,4.472135955,9,3,8,3.16227766,8.062257748,2.828427125,8.246211251,3.16227766,8.062257748,2.828427125,8.246211251,3.605551275,8.062257748,2.828427125,8.062257748,2.828427125,7.810249676,3,7.211102551,3.16227766,8.602325267,3.605551275,7.211102551,3,7.810249676,3.16227766,7.810249676,3,7.071067812,4,7.071067812,4,8.602325267,4.123105626,7.071067812
10.04987562,38.07886553,15,39.2173431,12.08304597,39.81205847,10.44030651,38.60051813,12.16552506,37.10795063,14.31782106,33.54101966,13.60147051,30.41381265,17.02938637,29.15475947,10.04987562,29.73213749,13.60147051,31.40063694,15,27.31300057,12.80624847,24.51530134,13.60147051,19.41648784,13.89244399,20.88061302,11.40175425,20.88061302,13.03840481,22.47220505,10.29563014,18.35755975,12.64911064,21.9317122,13.34166406,17.20465053,10.19803903,20.51828453,13.03840481,20.80865205,14.14213562,21.40093456,17,19.20937271,19.02629759,21.9317122,17.11724277,18.38477631,20.02498439,19.84943324
40.52159918,6.403124237,38.32753579,6.32455532,39.29376541,6.708203932,36.40054945,6.08276253,34.71310992,6,33.95585369,6.32455532,32.75667871,5.830951895,29.15475947,5,28.44292531,7.211102551,27.16615541,8.485281374,25.01999201,8.544003745,22.02271555,7.280109889,23.02172887,8.062257748,22.09072203,11.04536102,19.23538406,10.77032961,20.88061302,13.03840481,21.1896201,13.15294644,15.8113883,13.34166406,18.38477631,16.2788206,18.78829423,16.76305461,16.1245155,17.72004515,17.08800749,16.76305461,15.65247584,20.39607805,16.1245155,21.58703314,13.41640786,22.56102835,13.89244399,24.33105012
11.70469991,2.236067977,12.64911064,3.605551275,12.36931688,3.16227766,12.16552506,1.414213562,11.18033989,1,11.40175425,1.414213562,11.18033989,0,9.055385138,1.414213562,10.04987562,1,7.071067812,3.605551275,8,3,8,3.16227766,7,2.828427125,7.280109889,3.16227766,6.32455532,3.605551275,7.071067812,5,6.32455532,4,5.385164807,5.099019514,4.472135955,5.830951895,5.830951895,5.385164807,6.708203932,7.071067812,5.830951895,7.211102551,3.605551275,6.708203932,3.605551275,8.246211251,3.605551275,6.708203932,3.605551275,7.615773106
7.071067812,9.848857802,6.32455532,10.44030651,8.246211251,9.219544457,6.32455532,7.615773106,5,10.19803903,6.32455532,8.062257748,7.071067812,6.08276253,6.08276253,7.071067812,4,6,5,6.08276253,5,6.08276253,5.385164807,6.32455532,4.123105626,4.472135955,3,6.708203932,4,6.708203932,4.123105626,7.211102551,4.123105626,7.071067812,3.16227766,6.403124237,1.414213562,7.810249676,2,6.403124237,2.828427125,6.403124237,1,7.810249676,2.236067977,6.708203932,1,7.810249676,2,7.211102551,2,8.485281374
3.16227766,10.44030651,3,11.70469991,5.099019514,11.40175425,6,11.18033989,4.123105626,9.055385138,3.16227766,8,4.242640687,9,2.828427125,9,4.472135955,7.071067812,3.605551275,7.280109889,3.605551275,7.211102551,3.605551275,6.32455532,2.828427125,6.708203932,5,7.211102551,3.605551275,7.211102551,3.16227766,7.071067812,3.16227766,6.403124237,4.123105626,7.211102551,4.123105626,7.211102551,4,8.485281374,4.123105626,7.211102551,4,7.071067812,5,6.32455532,6,7.211102551,5.099019514,7.615773106,6,7.615773106
31.57530681,22.09072203,32.24903099,24.33105012,32.38826948,23.19482701,30.01666204,21.84032967,27.01851217,20.88061302,28.16025568,23.08679276,23.34523506,20.61552813,26.47640459,23.40939982,20.39607805,21.37755833,20.59126028,16.64331698,20.61552813,19.10497317,22.36067977,17.69180601,22.47220505,17.69180601,23.60084744,17.20465053,20.80865205,17.02938637,25,17.20465053,25.8069758,15.8113883,26.41968963,14.76482306,25.49509757,14.31782106,25.05992817,13.15294644,24.69817807,13.15294644,26,16.2788206,21.54065923,21.02379604,24.16609195,23.08679276,22.47220505,23.08679276,23.76972865,22.09072203
38.01315562,11.70469991,34,9.486832981,27,9.848857802,27.07397274,11.18033989,26.01922366,11.3137085,28.0713377,11.40175425,24.33105012,12.04159458,25,12.20655562,23.08679276,14.14213562,22.82542442,13.45362405,20.59126028,14.2126704,19.41648784,14.76482306,18.43908891,16.15549442,21.9317122,14.31782106,20.80865205,15.5241747,21.02379604,19.92485885,22.36067977,16.76305461,23.40939982,17.4642492,23.40939982,19.10497317,20.61552813,18.02775638,19.6977156,20.22374842,21.37755833,19,22.47220505,22,21.37755833,26.01922366,19.23538406,27.16615541,22.20360331,27.45906044
4,8.602325267,4,6.708203932,2.828427125,8.062257748,5.385164807,7.810249676,5.385164807,7.211102551,6.32455532,6.708203932,5.099019514,6.403124237,6,5.656854249,6.08276253,4.242640687,8.062257748,3.605551275,7.071067812,4.242640687,7.071067812,4.242640687,8.062257748,4.472135955,7.280109889,4.472135955,9.055385138,5.830951895,9.486832981,5.385164807,9.486832981,6.08276253,9.219544457,6.708203932,10.44030651,6.32455532,9.486832981,5.830951895,10.44030651,7.211102551,9.848857802,6.708203932,9.486832981,6.708203932,11.70469991,8.602325267,9.848857802,8.062257748,10.77032961,7.211102551
5,7,5,5.099019514,4.123105626,6.708203932,4.123105626,4.123105626,5,5,4.472135955,5,5,3.605551275,3.16227766,4.472135955,2.828427125,5.385164807,1,4.123105626,2.828427125,7.280109889,2.828427125,5.099019514,3,6.708203932,3.16227766,6.08276253,2.236067977,7,2,7.071067812,2,8,3.16227766,7,3.605551275,7,3.16227766,7.071067812,4.242640687,8,3.605551275,8,4.242640687,8,3.605551275,10,3.16227766,9.055385138,4.472135955,9
5,6.403124237,6,7.071067812,4,7.071067812,3.16227766,5.830951895,3,2.828427125,3.16227766,5,2,4.472135955,3.16227766,5.099019514,3.605551275,4.123105626,3.16227766,4.472135955,3.16227766,5.099019514,4,5.385164807,3.16227766,7.615773106,4,7.615773106,4.123105626,8.062257748,3.16227766,6.32455532,3.16227766,9.848857802,3.16227766,9.433981132,3.605551275,9.848857802,3.16227766,8.94427191,3.16227766,8.94427191,3.16227766,11.18033989,2,10.77032961,3,10.29563014,3.16227766,10.29563014,3,9.848857802
6.708203932,8.544003745,4.472135955,8.246211251,4.242640687,9.486832981,5,8.544003745,3.16227766,7.280109889,3.605551275,6.32455532,2.236067977,6.08276253,5,6.08276253,4.472135955,5,4.472135955,4,4.472135955,7,5.830951895,5.099019514,4.472135955,3,4.472135955,3.605551275,5.099019514,3,7.615773106,4.123105626,6.708203932,5,7.615773106,3.16227766,8.246211251,4.123105626,7.615773106,3,8.544003745,3,7.615773106,3.16227766,7.615773106,3.16227766,8.246211251,5.099019514,8.544003745,3.16227766,9.433981132,4.123105626
10.19803903,5.099019514,10.04987562,5.099019514,8.062257748,5.385164807,8.246211251,5,7.071067812,4.123105626,7,5,7.071067812,4.242640687,5,3.605551275,6.32455532,4.123105626,3,2,6.32455532,2.828427125,3.605551275,4.123105626,5.830951895,2.236067977,4.242640687,3.605551275,5,3.16227766,5.656854249,3.605551275,5,3.16227766,5.830951895,2,6.403124237,3,5.830951895,3,5.385164807,4,6.32455532,4.123105626,5.385164807,5,6.32455532,5.099019514,6.708203932,5.385164807,5.099019514,5.099019514
15,34.23448554,14.2126704,35.12833614,8.246211251,30.14962686,4,29.01723626,7.211102551,29.42787794,2.236067977,25,3.605551275,23.19482701,1,22.36067977,6,20.24845673,5,24.08318916,2.236067977,20.51828453,1.414213562,23.76972865,5.830951895,23.2594067,4.242640687,23.76972865,6,22.84731932,7.071067812,31.25699922,5,28.86173938,5.099019514,30.41381265,8,32,14.03566885,29.01723626,9.486832981,34.05877273,10.77032961,32,13.41640786,33,15.23154621,39.01281841,13.41640786,42.04759208,12.08304597,41.0487515
19.6468827,36.05551275,16.1245155,28.7923601,19.10497317,30.08321791,20.22374842,29.41088234,21,24.69817807,21,22.13594362,16.2788206,23.40939982,21.09502311,18.43908891,15.8113883,13.92838828,17.4642492,14.03566885,16.2788206,14.03566885,14.4222051,12.64911064,20.61552813,13,18.35755975,11,18.78829423,12.08304597,22.8035085,14.56021978,24.08318916,17.11724277,27.16615541,12.08304597,23.34523506,20.1246118,29.01723626,17.4642492,27.45906044,18.60107524,29.15475947,15.26433752,31.40063694,17.88854382,32,20.24845673,36.12478374,19.41648784,34.05877273,17
11.04536102,42.72001873,12.36931688,40.16217126,14.14213562,37.94733192,16.03121954,39.05124838,13.03840481,33.24154028,10.04987562,32.75667871,12,27,12.64911064,25.07987241,13.34166406,24.18677324,11.40175425,20.39607805,10.19803903,23.76972865,6.08276253,22.36067977,4.472135955,24.08318916,8.544003745,24.41311123,6.403124237,24.08318916,6.708203932,25.49509757,4.123105626,24.20743687,6,25.61249695,10.44030651,26.87005769,8.544003745,24.8394847,9.848857802,30.88689042,9.055385138,31.76476035,7,33.61547263,9.433981132,35.77708764,7.615773106,36.76955262,8.94427191,37.33630941
8.062257748,7.211102551,8.062257748,6.403124237,8.246211251,5.385164807,7,4.123105626,8.246211251,5.830951895,7.071067812,4.123105626,5.385164807,3.16227766,6.08276253,3.16227766,8.246211251,4.123105626,5.099019514,4.472135955,5,5,3.16227766,4.242640687,4,5.385164807,3,3.605551275,4.123105626,5.656854249,3.605551275,5.385164807,4.472135955,5.830951895,2.236067977,6.32455532,1.414213562,7.810249676,2.236067977,6.708203932,3.16227766,7.211102551,4.242640687,7.211102551,2.828427125,8.062257748,2.236067977,9.848857802,2.236067977,9.848857802,3.16227766,8.94427191
7.280109889,42.05948169,12.16552506,45.31004304,9.055385138,39.81205847,14.31782106,39.56008089,14.03566885,36.40054945,10.44030651,32.24903099,11,27.01851217,12.04159458,31.06444913,9.055385138,27,8.062257748,22.09072203,7.071067812,24.35159132,2.828427125,25.55386468,2.236067977,26,4.242640687,26.07680962,4,24.20743687,1.414213562,29.69848481,5,27.58622845,4.123105626,30.8058436,7.810249676,30,9.433981132,29.06888371,8.062257748,32.80243893,8.94427191,32.20248438,5.099019514,33.12099032,6.708203932,39.66106403,8,38.01315562,2.236067977,43.0464865
5,8.94427191,5,10.81665383,4.123105626,8.246211251,6,8.544003745,5.385164807,6.708203932,6,8.544003745,5.099019514,5.099019514,4,6,4.472135955,5.385164807,3.605551275,5.830951895,3.16227766,5.385164807,3,5.385164807,1.414213562,7.071067812,2,4,2,6.403124237,3,5.656854249,2.236067977,7.071067812,1,7.071067812,1,5,2,8.485281374,2,7.810249676,1,8.602325267,3.16227766,8.062257748,1.414213562,9.219544457,2.236067977,7.615773106,1,9.219544457
10.19803903,3.16227766,8.246211251,2.828427125,8.062257748,3,7.615773106,4,8.246211251,3,7,2.828427125,7.071067812,2.236067977,7.071067812,2,5.385164807,3.16227766,3.605551275,3.16227766,5.656854249,3.605551275,4.472135955,3.16227766,4.242640687,3.605551275,5,4.123105626,5.385164807,3,5,3,6.403124237,4.123105626,5.385164807,5,6.708203932,4.472135955,5.830951895,5.830951895,6.32455532,4.123105626,6.708203932,4.123105626,7.615773106,5.099019514,6.32455532,7.280109889,6.708203932,6.32455532,6.32455532,7.280109889
5.099019514,6,7,9.055385138,6,7,5,7.071067812,3,4.123105626,3.16227766,4.123105626,4.242640687,5.099019514,4,4.472135955,3.605551275,5.099019514,3.605551275,3.605551275,4.242640687,3.16227766,4.472135955,1.414213562,4.242640687,2.236067977,5.385164807,3.16227766,6.32455532,5,6.08276253,3.605551275,6.08276253,2.236067977,7.615773106,3,6.32455532,2,7.280109889,3,7.280109889,3,7.071067812,4,7.615773106,3.16227766,9.219544457,3,9.486832981,4,9.055385138,2
5.830951895,6.08276253,5,8.062257748,4.472135955,6.708203932,2.236067977,7.280109889,3.605551275,7.280109889,2,4.123105626,2.236067977,5.656854249,2.236067977,2.828427125,3.605551275,3.605551275,3.16227766,4.242640687,3.16227766,7.280109889,2.236067977,5,2.828427125,4.472135955,4.472135955,5.099019514,4.472135955,4.123105626,5,6.08276253,5.099019514,6,6.708203932,7,5.385164807,7.071067812,7.211102551,5.099019514,8.062257748,7,5.830951895,6.08276253,5.830951895,7.071067812,7.071067812,6.32455532,8.544003745,7.071067812,8.062257748,6
6,5.099019514,6.08276253,5,6.08276253,4.123105626,7.071067812,5.099019514,6.08276253,4.123105626,6,2,6,2.236067977,6.08276253,2.236067977,7.071067812,2.236067977,7.071067812,4,7.280109889,3,7.615773106,3.16227766,9.219544457,3,8.544003745,5.099019514,8.94427191,4.123105626,10.44030651,5,11.70469991,4.123105626,11.70469991,5,13.41640786,3.605551275,13.41640786,5,13.41640786,4,13.41640786,4,12.08304597,4,12.52996409,5.099019514,13.41640786,5.099019514,14.31782106,5.099019514
4.123105626,10.19803903,5.830951895,9.219544457,3.605551275,7.071067812,5,8,2.828427125,5.099019514,5.385164807,6,4.242640687,4.123105626,3.605551275,4.123105626,3.605551275,4.472135955,4.472135955,2.236067977,3.605551275,3.16227766,5.385164807,4.472135955,3.16227766,4.472135955,4,3.16227766,4.123105626,3.16227766,5.099019514,4,5.385164807,4.123105626,4.472135955,5,5.830951895,4.472135955,7.211102551,5.099019514,7.615773106,6.08276253,5.830951895,5.099019514,7.211102551,4.472135955,5.830951895,7.071067812,7.810249676,5.385164807,7.211102551,6.08276253
40.01249805,15.8113883,42.29657197,10.04987562,38.63935817,11.18033989,40.31128874,10.44030651,33.24154028,11.04536102,33.73425559,7.615773106,33.54101966,7.615773106,32.64965543,9.433981132,25.55386468,11.3137085,27.58622845,9.433981132,28.42534081,11.70469991,26.87005769,11.18033989,30,12.08304597,30.01666204,9.219544457,30.52867504,12.04159458,29.12043956,12,29.54657341,16.1245155,31.32091953,14.31782106,29.42787794,14.31782106,31.40063694,15.13274595,32.38826948,13.60147051,31.40063694,18.02775638,31.06444913,20.51828453,32.38826948,20.51828453,34.0147027,23.32380758,33.13608305,23.2594067
9.219544457,7.211102551,10.04987562,5,11.04536102,6.708203932,9,5,11.04536102,6,9.055385138,4.123105626,11.18033989,4,10.19803903,2.236067977,10.19803903,4.123105626,9.486832981,2,12.64911064,2.828427125,10.29563014,1.414213562,12.20655562,1,14.2126704,2.828427125,12.20655562,1,14.2126704,1.414213562,14.2126704,1.414213562,15.62049935,1.414213562,14.86606875,1.414213562,16.2788206,1.414213562,15.62049935,3.16227766,15.62049935,4,17.20465053,4.123105626,17.80449381,4.123105626,17.02938637,6.08276253,16.40121947,6.08276253
28.28427125,34.53983208,24.04163056,33.54101966,24.35159132,28.46049894,23.02172887,32.89376841,25.63201124,26.92582404,23.70653918,19.31320792,15.62049935,17.02938637,16.64331698,10.63014581,10.63014581,13.41640786,12.20655562,12.36931688,9.848857802,16,2,15.8113883,3.605551275,18.78829423,2,19.6977156,5.656854249,21.9317122,7.071067812,23.85372088,13.92838828,28.01785145,14.76482306,26.41968963,13,33.60059523,20.59126028,30.52867504,20.61552813,31.6227766,27.65863337,30.61045573,28.65309756,31.06444913,30.61045573,31.06444913,30.61045573,26.62705391,32.64965543,28.01785145
26.57066051,23.76972865,20.24845673,28.23118843,17.08800749,21.1896201,9.848857802,22.8035085,13,18.02775638,12.04159458,21.40093456,9.486832981,19.41648784,12.36931688,16.55294536,11.18033989,13.89244399,9.486832981,13.60147051,16.15549442,13.15294644,20.59126028,10.19803903,17,10.77032961,22.47220505,11.70469991,22.13594362,10.44030651,27.29468813,10.63014581,26.40075756,13.92838828,29.96664813,17.08800749,31.78049716,17.72004515,31.38470965,21.37755833,34.17601498,20.1246118,31.57530681,20.39607805,34.71310992,29.42787794,37.48332963,26.01922366,39.45883931,28.0713377,39.81205847,27.01851217
17.80449381,14.31782106,14.86606875,12.36931688,16.64331698,12.16552506,12.04159458,9,14.31782106,9.219544457,13.34166406,7.071067812,15.29705854,5.656854249,14.14213562,3.605551275,13,5,12.36931688,2.828427125,18.97366596,2,17.72004515,2,22.36067977,3.605551275,25.94224354,2.236067977,23.70653918,3,29.06888371,3.605551275,30.8058436,7.615773106,33.10589071,8.485281374,34.98571137,6.708203932,35.51056181,8.602325267,34.88552709,11.40175425,34.43835072,15.8113883,36.23534186,13.89244399,40.24922359,17.20465053,39.81205847,14.2126704,40.71854614,13.60147051
6,8.544003745,5.099019514,6.08276253,7.071067812,6,5,5.099019514,5.385164807,7,5.830951895,6.08276253,5,5.099019514,5,4,7.211102551,4.123105626,6.403124237,4.123105626,8.602325267,2,9.219544457,4,9.899494937,4,10,3,10.63014581,3,12.04159458,5.385164807,10.63014581,3.605551275,13.45362405,3.605551275,12.04159458,4.472135955,12.72792206,6.403124237,12.20655562,5,10.63014581,6.403124237,12.80624847,6.403124237,13.60147051,7.211102551,11.66190379,8.485281374,15,8.062257748
11.18033989,1.414213562,11.70469991,1.414213562,10.77032961,2.236067977,9.486832981,1.414213562,9.486832981,2.828427125,8.544003745,3.16227766,10.19803903,3.605551275,7.615773106,2.236067977,5.385164807,5,6.403124237,4,7.211102551,5.656854249,8.485281374,5.830951895,8.485281374,7.211102551,8.602325267,8.062257748,7.071067812,9.219544457,8.485281374,10,9.219544457,9.219544457,9.899494937,10,10.63014581,10.29563014,10,10.63014581,12.20655562,8.062257748,10.81665383,10,12.80624847,8.94427191,12.52996409,10.29563014,13.03840481,7.615773106,12.52996409,9.486832981
6.708203932,18.38477631,5.385164807,18.97366596,5.385164807,17.4642492,5.385164807,19.6468827,3,17.08800749,5,17.4642492,4.123105626,16.2788206,5.099019514,15.29705854,3.16227766,15.29705854,4.123105626,12.04159458,5.099019514,14.03566885,5,14.03566885,4.472135955,13,5,12.04159458,5.830951895,12.04159458,5,12.04159458,7.071067812,10.04987562,6.403124237,11.18033989,7.211102551,12.36931688,5.656854249,11.40175425,6.403124237,8.94427191,7.810249676,7.280109889,7.211102551,9.848857802,8.602325267,9.486832981,8.602325267,8.544003745,8.94427191,9.219544457
4.123105626,8.062257748,5.385164807,8.246211251,5,9,5.830951895,9.433981132,5.385164807,8.246211251,5.656854249,8.062257748,5,7.071067812,6.708203932,8.544003745,3.16227766,10.81665383,17.11724277,9.219544457,1,7.280109889,7.615773106,6.32455532,6.08276253,7.280109889,6.08276253,5,8,4.123105626,10.19803903,7.071067812,7,6,8,6.32455532,8.246211251,4.242640687,8.246211251,7.810249676,9.219544457,5.830951895,9.486832981,6.403124237,11.04536102,6.708203932,10.04987562,6.32455532,9.219544457,5.656854249,9.055385138,6.708203932
9.848857802,3.16227766,8.544003745,4.472135955,10.29563014,3.605551275,9.848857802,2.828427125,9.433981132,3.605551275,8.602325267,3.605551275,9.219544457,4.472135955,7.810249676,5,7.810249676,4.123105626,9.219544457,4.123105626,9.219544457,5.099019514,6.403124237,5.385164807,7.071067812,6.32455532,8.602325267,6.32455532,7.810249676,7.280109889,8.94427191,6.08276253,8.94427191,9.219544457,5.830951895,7.071067812,8.602325267,8.062257748,8.602325267,6,8.062257748,9,7.615773106,9,9.486832981,5,12.64911064,6,9.486832981,7.071067812,11.18033989,6
2.236067977,17.08800749,4.242640687,17.08800749,4.123105626,16.76305461,2,18.24828759,2.236067977,14.31782106,3.16227766,15.5241747,5,14.31782106,4.472135955,13.34166406,3.605551275,13.03840481,5,13,5.656854249,14.03566885,4.472135955,13.03840481,5.656854249,11,5.830951895,11,6.403124237,11.04536102,7.211102551,12,8.062257748,10.04987562,8.602325267,10.04987562,11.18033989,9.219544457,8.94427191,9.055385138,9.848857802,8.062257748,10.19803903,9.486832981,7.615773106,6.08276253,10.44030651,7,10.19803903,8,14.56021978,6.708203932
1.414213562,24.33105012,5.830951895,24.51530134,3,25.17935662,5,24.0208243,5.099019514,20.02498439,6.08276253,21.02379604,6,22.8035085,9.055385138,17.88854382,10.44030651,19.31320792,11,20.51828453,12.36931688,21.9317122,11.04536102,19.84943324,15.03329638,23.43074903,15.03329638,21.40093456,15.13274595,22.20360331,16.1245155,25.05992817,17.2626765,24.59674775,17.11724277,25.49509757,18.43908891,28.23118843,18.68154169,27.31300057,19.23538406,28.7923601,21.37755833,27.51363298,21.21320344,29.41088234,27.16615541,30.08321791,25.07987241,28.86173938,26.01922366,31.32091953
13.03840481,6.08276253,13.03840481,6.708203932,13.89244399,5.099019514,14.31782106,6.32455532,11.18033989,6.32455532,12.20655562,6.08276253,10.81665383,6,10.81665383,5.099019514,11.66190379,6.32455532,10.63014581,6.403124237,11.18033989,6.403124237,10.77032961,7.211102551,8.94427191,8.062257748,10.29563014,6.403124237,9.433981132,7.071067812,9.219544457,8.485281374,8.062257748,8.062257748,8.485281374,8.94427191,9.433981132,8.602325267,9.219544457,8.485281374,8.485281374,8.602325267,8.602325267,9.433981132,7.810249676,9.848857802,10,9.848857802,11.3137085,11.70469991,10,9.486832981
29.54657341,1.414213562,29.06888371,3.605551275,29.52964612,2.236067977,28.23118843,2.828427125,28.63564213,6.32455532,28.23118843,7.071067812,26.41968963,10.04987562,25.05992817,9,25.05992817,9,21.9317122,12,24.59674775,14.03566885,23.02172887,12.16552506,24.69817807,16.1245155,23.02172887,17.4642492,22.02271555,19.23538406,25,20.09975124,22.8035085,21.37755833,24.08318916,21.09502311,22.627417,20.22374842,22.02271555,20.61552813,23.32380758,24.73863375,24.20743687,23.08679276,24.59674775,21.21320344,25.94224354,24.18677324,27.73084925,23,26.83281573,24.08318916
3.16227766,11.18033989,1.414213562,10.81665383,1,11.18033989,1.414213562,9.433981132,2,9.848857802,1,10,2.236067977,10.29563014,2.236067977,8.062257748,1.414213562,10.81665383,2.828427125,9.899494937,4.242640687,9.899494937,4.242640687,9.219544457,5,8.485281374,5.830951895,9.219544457,4.472135955,7.810249676,4.472135955,9.219544457,5,9.219544457,4.242640687,9.433981132,4.472135955,8.94427191,5.656854249,8.94427191,5,9.433981132,5.099019514,10.29563014,4.472135955,10.44030651,3.605551275,12.08304597,4.242640687,12.08304597,4.123105626,12.08304597
36.87817783,16.4924225,36.7151195,10.29563014,33.24154028,11.18033989,26.83281573,4.123105626,31.30495168,8,23.08679276,9.055385138,40.24922359,12.20655562,27.73084925,10.29563014,35.84689666,18.78829423,23.60084744,38.47076812,32.75667871,10.44030651,28.86173938,10.29563014,26.40075756,9.433981132,27.85677655,6.403124237,30.52867504,7.071067812,28.31960452,15,24.75883681,17.02938637,22.20360331,13.41640786,24.59674775,12.08304597,29.20616373,15.65247584,29.52964612,11.3137085,24.69817807,21.58703314,23.70653918,14.76482306,33.83784863,19.84943324,33.01514804,17.4642492,28.63564213,18.38477631
10.44030651,5,9.486832981,5,11.70469991,5.830951895,9.486832981,5.099019514,8.94427191,4.123105626,7.280109889,4.123105626,9.848857802,4.472135955,6.32455532,2.828427125,5.385164807,5.656854249,6.32455532,6.708203932,6.32455532,7.071067812,5.830951895,7.071067812,6.32455532,7.211102551,5.385164807,7.810249676,5.385164807,9.219544457,5,10.81665383,4.123105626,10,4.242640687,11.18033989,5.830951895,12.20655562,4.242640687,11.18033989,3.16227766,11.18033989,4.123105626,11.66190379,5.656854249,11.70469991,4.472135955,14.31782106,5.656854249,11.70469991,5.830951895,13.34166406
11.66190379,2.828427125,11.18033989,3.16227766,12.52996409,3.16227766,11.70469991,3.16227766,9.848857802,3.605551275,9.486832981,4.242640687,9.219544457,4.242640687,7.071067812,5.656854249,7.071067812,5.830951895,8.062257748,4.472135955,8.062257748,6.32455532,7.071067812,6.08276253,8,7.071067812,7.071067812,7,7.071067812,7.071067812,7.071067812,9.055385138,6.32455532,9.055385138,6.08276253,9.055385138,6.32455532,9.055385138,6,10,5.385164807,10.19803903,7.071067812,10,4.472135955,10.04987562,5.099019514,12.04159458,5.099019514,12,5.099019514,12.04159458
2.236067977,8.602325267,3,7.810249676,3.16227766,8.062257748,3.16227766,8.062257748,3.16227766,7.615773106,2.828427125,5.830951895,3.605551275,6.32455532,2.236067977,5.099019514,2.236067977,5.099019514,1.414213562,6.08276253,2.236067977,7,2,5.099019514,2,6.32455532,3,6.32455532,2.236067977,6.403124237,3.16227766,7.211102551,2.236067977,7.211102551,3.16227766,7.810249676,3.16227766,8.602325267,2.236067977,7.615773106,3.605551275,8.602325267,1.414213562,8.602325267,3.605551275,7.071067812,3,8.485281374,4,9.433981132,5,8.062257748
34.17601498,2.236067977,37.94733192,5.099019514,34.17601498,5.099019514,36.40054945,7.211102551,30.46309242,7.071067812,33.24154028,9.486832981,29.96664813,12.20655562,27.85677655,11.70469991,27.20294102,11.18033989,22.84731932,16.1245155,21.54065923,18,22.47220505,18.02775638,21.9317122,19.02629759,18.97366596,21.09502311,20.61552813,23.08679276,18.38477631,27.16615541,17.4642492,27.07397274,16.64331698,31.57530681,16.76305461,30.59411708,15.23154621,30.8058436,14.76482306,31.78049716,14.4222051,31.57530681,17.80449381,31.04834939,19.79898987,35.6931366,19.10497317,33.24154028,21.9317122,35.35533906
12.80624847,12.08304597,12.52996409,12.08304597,12.04159458,10.81665383,9.219544457,9.433981132,11.40175425,8.602325267,11.18033989,13.03840481,11.70469991,9.219544457,10.29563014,9.219544457,10.29563014,10,9.486832981,9.433981132,10.29563014,8.485281374,10.44030651,10,10.19803903,8.602325267,9.055385138,8.602325267,9,9.433981132,9,9.433981132,9,9.433981132,10.04987562,8.544003745,10.04987562,8.544003745,10.04987562,8.94427191,8.062257748,9.433981132,9.486832981,9.486832981,9.055385138,9.486832981,11.04536102,11.40175425,9.055385138,10.77032961,10.04987562,11.18033989
14.76482306,24.41311123,15.5241747,26.62705391,15.65247584,25.61249695,16.1245155,25.23885893,13.60147051,22.47220505,16.2788206,23.32380758,15.62049935,25.05992817,17.80449381,23.70653918,17.20465053,20.59126028,17.49285568,18.38477631,19.6977156,21.54065923,18.38477631,19.6977156,18.78829423,19.31320792,19.41648784,19.31320792,22.8035085,17.72004515,24.18677324,18.02775638,22.36067977,17,25.3179778,16.55294536,25.07987241,17.72004515,26.30589288,18.02775638,26.17250466,18.86796226,25.07987241,16.64331698,28,17.49285568,31.01612484,20.61552813,30.2654919,19.10497317,32.38826948,19.84943324
19.41648784,35.35533906,21.21320344,26.83281573,22.20360331,25.8069758,22.36067977,25,19,25.07987241,17.2626765,22.13594362,15.8113883,20.09975124,14.56021978,18.43908891,16.1245155,11.04536102,13.45362405,12.16552506,12.80624847,16.1245155,11.70469991,13,13,21.37755833,14.03566885,18.02775638,14.03566885,20,16.03121954,20.80865205,16.1245155,23.32380758,18.68154169,25.8069758,16.55294536,25.61249695,16.4924225,27.01851217,17.08800749,25.8069758,22.36067977,29.73213749,22.84731932,25,30.3644529,30.8058436,27.45906044,24.8394847,29.41088234,28.01785145
37.10795063,16.64331698,36.01388621,13.41640786,34.36568055,12.16552506,34.13209633,13.41640786,30.01666204,13.03840481,29.15475947,7.280109889,28.16025568,5.830951895,26.57066051,3.605551275,19.41648784,4.123105626,20.24845673,3.16227766,17.69180601,6.08276253,17.69180601,10.77032961,15.23154621,10.19803903,17.11724277,16.40121947,19.6468827,16.64331698,20.09975124,19.41648784,22.09072203,17.08800749,23.34523506,23.70653918,29.83286778,29.52964612,28.7923601,23.53720459,31.04834939,28.3019434,26.92582404,27.65863337,36.05551275,27.45906044,41.43669871,24.75883681,41.59326869,26.2488095,40.26164428,30.41381265
8.246211251,4.472135955,8.062257748,4.123105626,8,3,7.071067812,3.16227766,7,2.828427125,6.08276253,3.16227766,4,1.414213562,4,0,3.16227766,1.414213562,4.472135955,0,5,2.828427125,3.605551275,1.414213562,2.236067977,2.236067977,3.16227766,2.828427125,3,4.242640687,4.123105626,5,4,3.605551275,5.099019514,4.242640687,5.099019514,6.403124237,5,6.403124237,6.708203932,5.656854249,5.099019514,4.242640687,6.32455532,3.605551275,7.280109889,3.605551275,9.433981132,5,9,5
10.04987562,1,11.04536102,3.16227766,11.04536102,2,11.04536102,2.236067977,9.055385138,1,9.055385138,1,8.246211251,1,6.08276253,1.414213562,6.32455532,2.236067977,5.385164807,2.236067977,5.656854249,1.414213562,5,2.236067977,5.830951895,2,4.242640687,4,4.472135955,5,6.08276253,5.385164807,5.385164807,5,6,5.099019514,5,6.08276253,7,5.099019514,7.071067812,5.830951895,6.32455532,6.32455532,9.055385138,5.830951895,9,5.830951895,9.219544457,6.708203932,9.055385138,5.385164807
34.0147027,27.65863337,31.32091953,26.2488095,33.83784863,25.05992817,33.24154028,23.2594067,27.16615541,18.38477631,27.20294102,18.78829423,24.33105012,14.03566885,24.04163056,16.03121954,18.11077028,13,14.76482306,10.44030651,15.65247584,11.40175425,13.15294644,13.15294644,9,13.60147051,12.64911064,13.03840481,12.52996409,19,7.280109889,22.13594362,5,21.84032967,6.708203932,29.06888371,5,30.41381265,8.062257748,30.01666204,4.123105626,33.54101966,14.86606875,33.01514804,9.486832981,31.76476035,13.60147051,35.77708764,17.08800749,35.35533906,18.78829423,37.21558813
28.63564213,21.26029163,23.53720459,19.23538406,25.17935662,20.51828453,26.30589288,16.2788206,20.39607805,14.86606875,22,13.03840481,18.24828759,8.602325267,14.56021978,7.615773106,14.86606875,5.385164807,12.20655562,3.16227766,12.80624847,7.071067812,10,8.485281374,11.18033989,11.66190379,8.94427191,14.4222051,9,15.29705854,8.062257748,17.72004515,8.246211251,20.61552813,10.29563014,20.61552813,13.60147051,21.02379604,14.4222051,22.36067977,16.1245155,26,17,25.05992817,18.86796226,27.73084925,24.16609195,28.17800561,24.18677324,27.73084925,25.05992817,29.06888371
26.62705391,33.95585369,27.65863337,30.08321791,22.8035085,30.08321791,24.75883681,29.61418579,13.60147051,25.07987241,16.40121947,22.8035085,13.41640786,18.38477631,7.071067812,16.4924225,7.280109889,14.31782106,4.472135955,10,5,10,9.486832981,4,12.64911064,6,17.20465053,9.219544457,19.6977156,5.099019514,24.69817807,2.236067977,30.8058436,5,29.68164416,2.236067977,37.73592453,1,38.01315562,6.08276253,38.60051813,2.828427125,40.80441153,8.246211251,39.96248241,1,48.54894438,8.544003745,44.59820624,8.94427191,48.76474136,6.403124237
9.486832981,5.385164807,7.615773106,5,7.615773106,4.123105626,7.211102551,4,5.385164807,3,6.08276253,3,4.123105626,3.16227766,4,2.236067977,3,2,3.16227766,1.414213562,1.414213562,2,1,2.236067977,3,2,3,2.236067977,3.16227766,1,5,2.236067977,5,2,6.708203932,3.605551275,6.708203932,2,8.062257748,3,8.602325267,2,8.602325267,3.16227766,8.062257748,3,9.848857802,3.16227766,9.486832981,5.099019514,10.29563014,5
3.16227766,8.602325267,3.605551275,7.615773106,3.605551275,7.211102551,4.123105626,7.280109889,2,6.708203932,3,6.708203932,3.16227766,4.472135955,3.16227766,4.123105626,2,4.242640687,1,4.472135955,3,3,2.236067977,2.236067977,2.236067977,3.605551275,3,2.828427125,3.16227766,3.605551275,4.472135955,4.242640687,3.605551275,5.385164807,4.242640687,4.472135955,7.211102551,5.099019514,5.656854249,5.385164807,6.403124237,5.830951895,5,7.615773106,5,7.071067812,7.211102551,8.062257748,6.708203932,7.615773106,8.062257748,7.615773106
22.20360331,27.16615541,22.02271555,22.56102835,21.9317122,24.08318916,18.43908891,24.73863375,12.72792206,22.13594362,13.45362405,23.76972865,11.40175425,21.54065923,8.062257748,16.55294536,4,15.23154621,3,14.2126704,7,10.63014581,9.219544457,10.29563014,10.04987562,11.3137085,12.36931688,8.602325267,20.24845673,11.40175425,21.9544984,11.18033989,22.84731932,11.40175425,27.73084925,11.04536102,28.17800561,12.64911064,32.64965543,12.16552506,33.12099032,13.15294644,33.01514804,16.1245155,35.84689666,16.03121954,41.67733197,21.21320344,38.94868419,23.02172887,38.94868419,23.19482701
26.41968963,21.9317122,29.06888371,21.54065923,26.83281573,23.34523506,29.15475947,15.8113883,25.63201124,15.8113883,23.76972865,14.86606875,17.2626765,11.18033989,14.03566885,6.32455532,12.08304597,8.062257748,12.20655562,5.099019514,6.708203932,7.615773106,8.062257748,8.062257748,8,8.062257748,9.219544457,9.433981132,12.64911064,9.433981132,17.88854382,12.04159458,15,12.08304597,21.9544984,15.8113883,26.07680962,16.1245155,25.8069758,18.38477631,28.01785145,20.24845673,27.01851217,20.61552813,32.75667871,17.49285568,35.84689666,21.26029163,37.12142239,15.62049935,41.18252056,21.40093456
18.38477631,31.32091953,14.2126704,28.86173938,14.14213562,27.65863337,12.80624847,27.20294102,10.81665383,21.1896201,8.602325267,23.76972865,7.280109889,23.08679276,7.280109889,16.55294536,6.708203932,16.76305461,4.242640687,13.60147051,5.099019514,14.56021978,11.18033989,8.544003745,16.55294536,8,14.2126704,9,17.4642492,3,21.37755833,7.810249676,21.47091055,5.830951895,24.16609195,4.472135955,24.18677324,7.071067812,28.3019434,7.810249676,29.15475947,10.63014581,30.41381265,7.615773106,36.05551275,5.385164807,38.94868419,5.385164807,36.76955262,8.94427191,38.01315562,6.32455532
4.472135955,9,3,8.062257748,4.472135955,8.062257748,4.242640687,9,4.472135955,7.071067812,2.828427125,7,2.828427125,6.08276253,2.236067977,7,2.236067977,5.385164807,3.605551275,4.472135955,1.414213562,5,2,4.472135955,1.414213562,5.830951895,2.236067977,4.472135955,2.236067977,4.123105626,3.16227766,6,4.472135955,6,5,7,4.242640687,6.32455532,3.605551275,6.32455532,6.403124237,7,5,9.055385138,7.071067812,8,6.403124237,10.04987562,5.656854249,8.062257748,6.403124237,9.055385138
6.08276253,7.211102551,7,7.810249676,6,6.403124237,6,5,5.099019514,5.830951895,4,5,5.385164807,4.242640687,4.472135955,4.123105626,4.123105626,2.236067977,2.236067977,4,1.414213562,4,2.236067977,4.123105626,3.16227766,3.16227766,4.123105626,5,3.16227766,5.830951895,4,4.242640687,3,4.242640687,5.099019514,5.385164807,4.123105626,5.656854249,6.32455532,5.656854249,5.830951895,7.071067812,5.385164807,7.211102551,6.708203932,5.830951895,6.708203932,7.071067812,8.062257748,8.485281374,7.071067812,7.810249676
17.80449381,32.89376841,15.62049935,31.32091953,12.20655562,30.6757233,15.26433752,30.08321791,11.70469991,27.51363298,9.219544457,28.46049894,6.08276253,27.31300057,7.615773106,23.70653918,9.219544457,21.54065923,11.70469991,18.02775638,11.04536102,17.88854382,13.34166406,16.64331698,13.03840481,13,20.09975124,15.65247584,18.24828759,11.70469991,24.73863375,8.94427191,28.63564213,9.219544457,30.08321791,6.32455532,30.8058436,8.062257748,31.95309062,5.830951895,35.73513677,7.810249676,32.31098884,7.280109889,36.76955262,12.20655562,43.8634244,10.63014581,40.31128874,11.40175425,41.43669871,13.45362405
21.9317122,27.45906044,15.26433752,26.30589288,17.08800749,24,16.64331698,31.144823,12.04159458,20.02498439,15.62049935,21.21320344,10.29563014,22.84731932,11,16.1245155,10.04987562,18.02775638,10.63014581,8.485281374,11.18033989,12.80624847,12.52996409,15.8113883,12.52996409,17.80449381,10.29563014,16.64331698,10.63014581,17.2626765,16.64331698,14.14213562,12.52996409,18.11077028,22.6715681,21.37755833,16.64331698,21.84032967,19.92485885,24.51530134,22.20360331,24.18677324,22.47220505,27.45906044,18.60107524,28.44292531,21.09502311,36.40054945,19.23538406,34.92849839,22.47220505,33.95585369
24.75883681,27.16615541,24.04163056,25.3179778,19.84943324,27.65863337,21.40093456,27.65863337,20.51828453,24.04163056,19.41648784,24.69817807,16.64331698,21.9317122,17,22.20360331,16.76305461,19.20937271,16.1245155,21.21320344,17.2626765,15.55634919,16.03121954,16.40121947,19.10497317,19.84943324,18.38477631,21.9544984,18.68154169,21.9317122,20.1246118,22.13594362,19.72308292,20.39607805,20.80865205,25.01999201,22.6715681,25.49509757,21.26029163,27.01851217,22.8035085,27.01851217,23.02172887,28.0713377,24.8394847,32,26.40075756,37,25.49509757,33.01514804,25.45584412,37
39.8246155,44.10215414,33.12099032,52.49761899,28.65309756,48.16637832,36.89173349,50,32.20248438,39,37.73592453,45.607017,24.18677324,44.92215489,24,37.58989226,23.08679276,36.67424164,27.89265136,22.84731932,30.87069808,29.52964612,30.87069808,26.07680962,30.8058436,26.92582404,43.56604182,21.09502311,35.38361203,18.38477631,42.54409477,21.26029163,38.48376281,19.10497317,47.5394573,22.20360331,55.94640292,17.11724277,59.50630219,15.03329638,63.0634601,18.11077028,62.17716623,16,57.27128425,27.01851217,71.11961755,30.01666204,65.4599114,29.61418579,74.46475676,34.0147027
31.25699922,18.02775638,28.01785145,17.08800749,29.27456234,10.19803903,25.17935662,13,24.51530134,7.071067812,24.73863375,8.94427191,22.56102835,5,20.88061302,2.828427125,17.72004515,2.828427125,16,9.219544457,14.56021978,9.219544457,14.86606875,9.219544457,8.544003745,14.31782106,10,14.2126704,9.899494937,19.23538406,9.219544457,22.84731932,8.062257748,24.18677324,3.16227766,27.73084925,5,30.41381265,7.280109889,29.52964612,2.236067977,34.43835072,6.08276253,33.28663395,9.219544457,34.92849839,11.66190379,42.94182111,8.246211251,42.95346319,9.055385138,40.71854614
5,8.062257748,4,7.615773106,3.605551275,8.94427191,2.828427125,7.615773106,1.414213562,6.32455532,2.236067977,5.830951895,1.414213562,7.211102551,0,3.16227766,2.236067977,4,1.414213562,4,2,2,2.236067977,2,2.828427125,3.16227766,3.16227766,3.16227766,4.472135955,2.828427125,3.605551275,2.828427125,4.472135955,3.605551275,5.830951895,3.605551275,6.403124237,4.472135955,5.656854249,4.472135955,5.830951895,5.656854249,8.602325267,5.385164807,7.810249676,5.830951895,8.062257748,5.099019514,8.94427191,5.385164807,9.433981132,7.211102551
8.246211251,5.099019514,5.099019514,5.385164807,7.071067812,5,8.246211251,4.472135955,5.830951895,2.828427125,4.123105626,2.236067977,4.472135955,2.236067977,3.605551275,1,3.16227766,1,2.236067977,2.236067977,1.414213562,1,2,3,3.16227766,4.123105626,2.828427125,3.16227766,2,4.472135955,2.236067977,5,2.236067977,6.708203932,3.605551275,6.32455532,2,7.615773106,3.16227766,8.062257748,2.236067977,9.433981132,2,8.602325267,3.16227766,8.94427191,4.123105626,11.66190379,3.605551275,11.66190379,5.385164807,11.70469991
15.65247584,31.01612484,17.20465053,29.54657341,16.15549442,28.7923601,14.56021978,29.15475947,13.60147051,28.3019434,13.60147051,22.47220505,10.77032961,20.61552813,5.385164807,15.5241747,6.403124237,18.24828759,5.385164807,10.04987562,5,11.70469991,10.04987562,11.18033989,8.94427191,10.77032961,14.31782106,13.60147051,14.31782106,15.62049935,20.1246118,19.10497317,19.92485885,20.61552813,21.63330765,18.60107524,24.41311123,22.82542442,23.32380758,23.60084744,25.05992817,24.41311123,29.83286778,25,29.96664813,25.94224354,34.98571137,31.06444913,32.31098884,33.54101966,34.17601498,31.38470965
6.32455532,6.08276253,5.385164807,5.099019514,5.385164807,5,4.123105626,5.099019514,4.123105626,3.16227766,3,4,3,4.123105626,2,4.472135955,2.236067977,2.236067977,5,2.236067977,2,3.16227766,4.472135955,2.236067977,5,2.236067977,4.472135955,2.236067977,5.830951895,4,5,4.472135955,5.385164807,3.16227766,5.385164807,4,5.385164807,3.605551275,6.708203932,4.472135955,6.32455532,5,6.32455532,6.32455532,8.544003745,6.32455532,7.615773106,6.708203932,7.615773106,5.830951895,8.544003745,6.08276253
3.16227766,6.32455532,4.123105626,5.385164807,4.472135955,6.708203932,5.099019514,5.099019514,4,6.08276253,3.16227766,5.099019514,2.236067977,3.16227766,3.605551275,5.099019514,3.605551275,3.16227766,4.472135955,3.16227766,5.385164807,3,4,2.236067977,5.099019514,3,5,3.16227766,5,2.236067977,7.071067812,2.828427125,6.32455532,2.828427125,7.280109889,2.236067977,8.246211251,2.828427125,8.062257748,2.828427125,9.055385138,4.242640687,8.246211251,2.828427125,10.19803903,2.236067977,10.04987562,2,11.40175425,3.16227766,12.04159458,3.16227766
8.94427191,3.16227766,8.544003745,2.236067977,7.615773106,2,8.246211251,2.236067977,6.32455532,1,7.280109889,0,6.708203932,1,5,1,4.472135955,3,4.123105626,3.16227766,4.123105626,4.123105626,3.605551275,4.472135955,4,5.385164807,2,5.830951895,2,5.385164807,3,6.708203932,4.123105626,7.615773106,1,7.615773106,2,8.94427191,2.236067977,9.433981132,1.414213562,10.77032961,1.414213562,10,2.236067977,10.19803903,3,11.70469991,3.16227766,13,3,11.40175425
27.16615541,16.2788206,21.09502311,12.08304597,22.56102835,11.40175425,24.51530134,9.219544457,21.58703314,6.403124237,21.1896201,7.810249676,20.61552813,7.280109889,18.02775638,6.32455532,17.72004515,7.211102551,13.34166406,7.211102551,13.03840481,9.899494937,6.403124237,13.41640786,10.81665383,12.52996409,10.63014581,15.8113883,7.810249676,19.23538406,5.830951895,20.24845673,7.615773106,26.41968963,8.062257748,29.54657341,4,29.06888371,6,31.78049716,6.08276253,31.30495168,9.219544457,34.0147027,8.062257748,34.88552709,15,37.16180835,13,37.94733192,12.36931688,32.69556545
13.03840481,31.06444913,6.08276253,32.06243908,11.18033989,31.40063694,7.280109889,30.01666204,8.602325267,24.51530134,1,25.17935662,5.099019514,22.20360331,5.099019514,20.61552813,7.071067812,11,4.242640687,14.03566885,8,14.03566885,9.219544457,11.04536102,11,8,13,7.280109889,18.43908891,6,20.88061302,7.810249676,22.47220505,4.123105626,25.29822128,5,28.23118843,7,25.49509757,5.385164807,29.96664813,6.708203932,29.54657341,3.16227766,31.78049716,5,39,2.236067977,39.39543121,2.236067977,39.92492956,1.414213562
22.36067977,25.63201124,25.17935662,25.49509757,23.02172887,22.13594362,27.07397274,25.07987241,20.09975124,20.24845673,21.09502311,18.11077028,24.0208243,15.5241747,17.2626765,16.2788206,20.39607805,16.4924225,16.15549442,12.36931688,15.23154621,12.08304597,15.65247584,11.40175425,9.848857802,14.86606875,11.40175425,17.2626765,12.04159458,17,7.615773106,19.6468827,5.830951895,21.84032967,5.656854249,26.68332813,8.062257748,23.40939982,5.385164807,26.57066051,8.94427191,31.95309062,10.81665383,30,10.81665383,31.38470965,14.4222051,32.89376841,16.76305461,31.32091953,15.65247584,34.17601498
6.08276253,5,6.08276253,5,8,4.242640687,7.071067812,3.605551275,7.071067812,3.16227766,6,1.414213562,5,3.16227766,6.08276253,2,4,1.414213562,4.123105626,4.242640687,3,5,3,3.16227766,3,4.472135955,2,5.830951895,2.236067977,5.385164807,0,6.32455532,1.414213562,5.385164807,1,5.385164807,1,6.708203932,1.414213562,7.211102551,2,7.615773106,2.236067977,8.94427191,1.414213562,7.280109889,0,8.544003745,2.236067977,9.486832981,1,9.848857802
3.16227766,7.071067812,3.16227766,6.08276253,2.828427125,8.062257748,2.828427125,8.062257748,2.236067977,7,1,6.32455532,0,6,1.414213562,4,2.236067977,3,3.16227766,4.472135955,2.236067977,4.472135955,3.16227766,3.605551275,4,2.828427125,3,2.828427125,4.123105626,3.605551275,5.099019514,3.605551275,5.099019514,4.123105626,6.708203932,4,6.708203932,4.123105626,7.071067812,3,7.280109889,4.472135955,7.071067812,5,6.708203932,5.099019514,8.544003745,6.08276253,9.848857802,6.08276253,8.544003745,5
2.236067977,4.472135955,2.236067977,12,2.236067977,11.40175425,5,9.219544457,3,5.830951895,4.472135955,6.08276253,2.236067977,9,3.16227766,5,5.385164807,1.414213562,2,2.236067977,2.236067977,6.32455532,3,3.605551275,4,3.605551275,5,3.605551275,5,4.472135955,6.08276253,4.472135955,6.32455532,4.242640687,6.08276253,4,6.708203932,5.385164807,6.32455532,5,8.544003745,5.385164807,7.615773106,4,7.280109889,6.08276253,8.94427191,4.123105626,9.055385138,5.830951895,11.40175425,5.099019514
36.87817783,9,35.11409973,7.280109889,34.71310992,8.062257748,33.13608305,7.810249676,31.32091953,5.385164807,29.12043956,4.123105626,28.44292531,6.32455532,24.18677324,6.403124237,19,10.81665383,18.02775638,5.830951895,18.02775638,11.04536102,15.29705854,7.071067812,16.55294536,13,13.89244399,15,13.45362405,13.92838828,15,22.02271555,14.2126704,23.08679276,17.4642492,25.07987241,18.02775638,25.29822128,15.62049935,29.73213749,15.23154621,29.73213749,15.62049935,30.46309242,17,28.7923601,18.86796226,36.05551275,14.2126704,37.33630941,17.88854382,39.56008089
29.01723626,24.51530134,19.31320792,21.84032967,28.01785145,15.13274595,11.18033989,22.02271555,19.10497317,20.22374842,26.01922366,9.055385138,23.02172887,8.246211251,14.56021978,6.708203932,16.4924225,4.123105626,18.02775638,3.605551275,18.24828759,7.071067812,9.486832981,10,12.08304597,9.848857802,12.20655562,13.15294644,11.70469991,14.4222051,9.055385138,16.4924225,10,17,10.04987562,19.31320792,7.615773106,18.43908891,8.544003745,19.92485885,10.19803903,22.47220505,9.219544457,22.13594362,12.16552506,25.29822128,10.04987562,27.89265136,9,29.12043956,10.44030651,28.7923601
32.75667871,15,28.01785145,12.04159458,32.38826948,10,31.40063694,6.32455532,30.01666204,7.615773106,31.06444913,5.385164807,27,5,23.02172887,1.414213562,22.09072203,4.242640687,17.2626765,10.44030651,18.68154169,9.433981132,17.2626765,12.16552506,15.8113883,12.36931688,13.45362405,11.04536102,11.3137085,13.41640786,13.92838828,15.8113883,17,17,14.56021978,18.02775638,17.4642492,18.02775638,18.97366596,25.94224354,15.03329638,25.23885893,18.97366596,21.54065923,17.72004515,27.73084925,21.21320344,32.31098884,22.20360331,32.69556545,26.17250466,34.43835072
15.03329638,34.53983208,14,34.78505426,12.36931688,37,15.13274595,28.7923601,14.86606875,27.89265136,12.20655562,28.0713377,13.03840481,25.01999201,11.18033989,22.20360331,10.29563014,21.54065923,10.04987562,20.24845673,9.055385138,20.51828453,5.385164807,23.43074903,3.16227766,23.34523506,4.472135955,22.8035085,4,22.8035085,8,27.73084925,7.071067812,26.40075756,6.32455532,27.29468813,12.20655562,30.23243292,10.81665383,32.24903099,9.486832981,35.4682957,9.433981132,34,9.899494937,39,9.219544457,42.04759208,10,46.09772229,12.20655562,44.94441011
9.219544457,1.414213562,8.544003745,2,8.94427191,0,10.04987562,1,6.708203932,0,6.32455532,1,6.32455532,1.414213562,7.071067812,2.236067977,4.123105626,1.414213562,4.123105626,2.236067977,5.385164807,1.414213562,5.385164807,2.828427125,4.472135955,3.16227766,5.385164807,2.236067977,5.656854249,2,5.830951895,1.414213562,5,1.414213562,7.211102551,3.16227766,6.708203932,3.16227766,7.211102551,3.16227766,6.32455532,2.828427125,5.385164807,4.242640687,7.615773106,4.472135955,7.280109889,5.830951895,7.615773106,2.236067977,8.544003745,5.385164807
2.236067977,8.94427191,3.16227766,8.544003745,2,6.708203932,3,8.246211251,3.605551275,7.071067812,2.828427125,4.123105626,3.605551275,5.099019514,3.16227766,6.32455532,5.099019514,4.472135955,3.605551275,4.472135955,4.242640687,5,3.16227766,4.472135955,1,5,3.16227766,5.656854249,2.236067977,5,2.236067977,6.708203932,1.414213562,6.32455532,2.236067977,7.615773106,2,7.280109889,2,7.615773106,1.414213562,6.08276253,2.236067977,9.848857802,3,9.219544457,4.123105626,9.486832981,3.16227766,9.219544457,4.123105626,9.486832981
32.31098884,3.605551275,28.63564213,5.830951895,27.85677655,5.099019514,25.63201124,8.544003745,21.37755833,5.830951895,24.0208243,7.071067812,19.10497317,5.385164807,23.19482701,9.433981132,21.9317122,9.219544457,20.59126028,10.77032961,20.61552813,10.44030651,17.4642492,8.94427191,21.54065923,7.071067812,17.20465053,9,21.40093456,11,24.08318916,12.52996409,25,9.486832981,26.92582404,15.29705854,26.07680962,11.66190379,29.41088234,15.8113883,30.01666204,14.56021978,27.78488798,16.4924225,28.65309756,16.76305461,34.66987165,21.1896201,30.14962686,21.84032967,32.28002478,24.0208243
32.57299495,4,30.8058436,3.605551275,28.28427125,6.403124237,26.47640459,10.63014581,25.29822128,7.615773106,25.49509757,7.280109889,26.47640459,5.099019514,25.49509757,5.830951895,18.24828759,5,16.2788206,5.099019514,14.56021978,8.062257748,15.8113883,8.062257748,18.35755975,5.099019514,19.20937271,7.071067812,19.79898987,11.18033989,20.24845673,15.13274595,20.61552813,12.08304597,24.18677324,10.44030651,26,15.55634919,23.32380758,11.40175425,24.16609195,17.88854382,25.07987241,18.78829423,26.92582404,18.35755975,29.41088234,22.82542442,26.30589288,25.29822128,34.4818793,26
34.36568055,28.31960452,33.01514804,29.73213749,33.54101966,23.32380758,29.06888371,18.86796226,30.14962686,20.24845673,23.34523506,17.20465053,25.17935662,10.04987562,24.51530134,10,19.23538406,10.04987562,16,9.055385138,15,10.63014581,13.34166406,6.708203932,6.32455532,12.80624847,5.830951895,13.34166406,7.211102551,15.8113883,9.055385138,20.24845673,8.544003745,23.40939982,7.071067812,23.40939982,9.433981132,26.92582404,12.04159458,31.95309062,12.04159458,32.31098884,4.242640687,33.83784863,5,32.69556545,12.04159458,44.59820624,10.04987562,45.69463864,10.77032961,46.09772229
9.055385138,4.123105626,8,5.099019514,8.246211251,3,8.246211251,5.099019514,8.062257748,5,8.062257748,6.08276253,7,6.403124237,8.062257748,5.385164807,6,6.708203932,5,5.830951895,5.099019514,5.656854249,6.32455532,5.830951895,5,6.708203932,6.403124237,5.656854249,5.656854249,5.830951895,7.071067812,6.708203932,6.708203932,6.708203932,7.211102551,7.071067812,6.708203932,7,5.830951895,7.071067812,6.08276253,7.071067812,8.062257748,7.280109889,8.544003745,8.062257748,7.615773106,10,8.544003745,10.19803903,8.062257748,10
27.89265136,18.38477631,28.44292531,21.09502311,29.42787794,15.26433752,31.01612484,17.02938637,30.14962686,15.55634919,28.86173938,13.60147051,25.07987241,8.602325267,24.33105012,8,23.19482701,3.605551275,23.53720459,5,19.02629759,6.32455532,15.13274595,6.32455532,17.2626765,11.66190379,17.72004515,14.2126704,9.219544457,12.04159458,16.2788206,20,14.56021978,17.4642492,14.56021978,18.02775638,17.11724277,22.84731932,17.4642492,26.07680962,22.36067977,27.80287755,22.09072203,28.8444102,19.02629759,32.69556545,28.86173938,33.83784863,26.07680962,35.84689666,27.65863337,43.08131846
30.6757233,11.3137085,26.92582404,12.52996409,28.16025568,7.615773106,27.45906044,12.08304597,26.2488095,8.062257748,25,9,21,12.04159458,21.37755833,11.04536102,15.03329638,12.08304597,17.4642492,8.246211251,17.08800749,9.433981132,16.76305461,4.472135955,15.62049935,6.403124237,17.80449381,6.08276253,15.26433752,4.123105626,21.9317122,8.602325267,23.40939982,8.602325267,23.08679276,10,24.73863375,10.81665383,24.35159132,12.04159458,27.73084925,13.41640786,28.16025568,17.02938637,31.04834939,18.02775638,36.68787266,18.43908891,36.76955262,17.49285568,36.87817783,17.88854382
2.828427125,7.615773106,2.236067977,8.062257748,3.605551275,9.848857802,4,9.486832981,2,8.062257748,2,8.246211251,2.236067977,6.08276253,2.236067977,6.32455532,2.828427125,6.708203932,3.16227766,6,3.16227766,5,3,5.099019514,3.16227766,5.099019514,5.099019514,4,4,5,6.08276253,5.385164807,6,6.32455532,6.32455532,3.605551275,7.615773106,5,6.08276253,4.472135955,6.708203932,5.656854249,6.32455532,6.32455532,8.246211251,5.656854249,10.19803903,5,10,5.830951895,10.44030651,4.472135955
19.23538406,26.40075756,23,19.6977156,23.02172887,18.68154169,19.02629759,20.02498439,19.23538406,17.02938637,19.10497317,16.1245155,21.09502311,14,17.4642492,11.70469991,19.6468827,12.52996409,18.02775638,10,9.433981132,10,11.70469991,14.4222051,10.81665383,13.41640786,7.211102551,15.23154621,8.602325267,20.1246118,10.19803903,18.97366596,9.219544457,22.84731932,13,24.04163056,12.36931688,26.92582404,12.16552506,25.49509757,12.04159458,28.46049894,12.64911064,31.30495168,9.433981132,33.95585369,11.40175425,37.33630941,12.52996409,38.32753579,11.40175425,34.20526275
26.41968963,15.13274595,20.1246118,11.04536102,21.54065923,12.04159458,21.1896201,11.18033989,16.55294536,11.04536102,19.92485885,9.848857802,19.10497317,10.19803903,13.15294644,10.44030651,15.03329638,12.36931688,12.36931688,6.32455532,14.76482306,9.433981132,15.26433752,6.708203932,15.26433752,7.211102551,17.02938637,5.830951895,18.43908891,3.605551275,20.24845673,4.242640687,18.86796226,3.605551275,20.59126028,5,24.69817807,4.472135955,25.07987241,3.605551275,29.96664813,5.099019514,28.23118843,5,31.30495168,7,36.40054945,6.32455532,36.24913792,8.062257748,35.17101079,7.280109889
20,28.17800561,18.11077028,23.76972865,19.10497317,27.29468813,21,22.8035085,21.58703314,18.97366596,20.22374842,21.21320344,20.39607805,20.22374842,15.8113883,16.03121954,17.11724277,16,14.86606875,15.65247584,12.20655562,18.38477631,14.76482306,16.4924225,12.52996409,15,14.2126704,17.02938637,10,21.21320344,13.03840481,22.6715681,11.40175425,19.20937271,13,22.47220505,12.36931688,27.01851217,11.18033989,27.80287755,14.14213562,27.73084925,15.03329638,29.96664813,16.1245155,27.73084925,23.19482701,31.76476035,21.09502311,33.10589071,22.02271555,35.84689666
8,2.236067977,9,1.414213562,8,0,8.062257748,1,7.280109889,1.414213562,8.062257748,1,6.32455532,1.414213562,6.32455532,0,6.08276253,0,4.123105626,1,5.656854249,2,6.403124237,2,5.656854249,2.236067977,4.472135955,3.16227766,5.830951895,4.123105626,5.830951895,4.123105626,5.385164807,3,5.385164807,4,5.385164807,4,5.385164807,6.08276253,7,5,7,5.385164807,6,7.071067812,7,8.246211251,8,8.062257748,8.062257748,9.055385138
34,13,27.20294102,8.544003745,25.55386468,6.708203932,25.63201124,12.36931688,20.1246118,6.708203932,15.8113883,6.32455532,19.6468827,5.099019514,16.4924225,4,12.64911064,3.605551275,13.03840481,4,13,7.615773106,13.41640786,7.211102551,14.2126704,8.94427191,10.81665383,10.63014581,15.62049935,9.899494937,16.64331698,14.14213562,18.60107524,14.14213562,19.72308292,15,21.40093456,22.02271555,24.59674775,22.6715681,26.41968963,22.20360331,26.83281573,22.02271555,31.01612484,21.09502311,34.0147027,22.8035085,32.31098884,27.20294102,34.53983208,30.08321791
11.04536102,1.414213562,12.36931688,1.414213562,12.04159458,1,12.04159458,3.16227766,10.04987562,4.472135955,10.04987562,3.16227766,11.04536102,4.472135955,9.055385138,4.472135955,8.062257748,5,7.071067812,5.099019514,6.08276253,6.708203932,6.08276253,6.708203932,6,6.32455532,5.385164807,8.246211251,4.123105626,8.544003745,3.605551275,10.44030651,2.828427125,9,3.605551275,11.04536102,2.828427125,11.18033989,3.16227766,11,3.16227766,13,3.16227766,12,3.16227766,12,5.385164807,15,5.099019514,13,5.385164807,14
4.472135955,18.43908891,14.31782106,14.86606875,21.58703314,18.86796226,12.16552506,12.20655562,12.80624847,19.41648784,16.76305461,10.44030651,12.36931688,11.18033989,5.385164807,12,6.32455532,22.02271555,5.830951895,8.246211251,2.828427125,13.89244399,8.062257748,12.52996409,7,18.60107524,9.486832981,18.60107524,7.280109889,21.9317122,4.123105626,26.2488095,8.062257748,30.47950131,7.810249676,25.23885893,9.433981132,29.68164416,6.32455532,31.38470965,8.062257748,38.01315562,5,29.06888371,7,33.54101966,14,44.59820624,9.219544457,40.49691346,6,44.92215489
20.02498439,31.30495168,17,25.07987241,17.02938637,28.17800561,19.41648784,24.69817807,16.03121954,21.02379604,13.60147051,22.82542442,15.8113883,17.4642492,13,18.02775638,16.76305461,15,15,16.2788206,9.848857802,17.4642492,7.615773106,17.49285568,7.211102551,23.2594067,6.708203932,19.84943324,4.242640687,19.79898987,4.123105626,25.49509757,3.605551275,24.75883681,3,27.20294102,8.062257748,30.23243292,5.099019514,30.23243292,5.385164807,33.83784863,4,34.66987165,1.414213562,38.07886553,2.236067977,43.41658669,4.123105626,45.18849411,4.472135955,42.54409477
18.11077028,22.8035085,15.29705854,21.09502311,18.78829423,20.80865205,17.4642492,20.61552813,15.29705854,21.9544984,19.6977156,17.4642492,16.15549442,18.97366596,14.31782106,17.72004515,15.29705854,17.02938637,10.29563014,17.11724277,11.70469991,17.02938637,10.44030651,19.02629759,13.60147051,17.2626765,12.04159458,19.92485885,12.80624847,19.6977156,15,22.02271555,12.52996409,23.32380758,10.29563014,25.49509757,11.18033989,25.61249695,16.4924225,24.8394847,17.4642492,26.2488095,17.02938637,26.2488095,17.02938637,28.65309756,21.02379604,33.28663395,22.36067977,34.66987165,23.34523506,34.17601498
28.01785145,13.41640786,32.44996148,11.70469991,27.01851217,13.15294644,23.85372088,18.11077028,23.02172887,9.055385138,23.02172887,15.29705854,21.58703314,14.14213562,15.5241747,9,14.03566885,5.099019514,15.03329638,10.04987562,15.13274595,8.062257748,17,4.123105626,18.78829423,2.828427125,18.35755975,1,21.40093456,7.810249676,22.47220505,6.403124237,23.32380758,8,24.18677324,5.830951895,31.90611227,9.486832981,33.28663395,9.486832981,35,7.810249676,38.01315562,9.848857802,39.81205847,6.08276253,46.09772229,7.280109889,44.72135955,5,47.42362281,9.219544457
27.31300057,21.09502311,27.85677655,15.65247584,28.16025568,17.49285568,31.6227766,15.62049935,26.92582404,12.52996409,25.63201124,14.2126704,24.04163056,8.602325267,24.33105012,5.830951895,18.43908891,6.403124237,17.2626765,8.602325267,16.2788206,8.246211251,15.13274595,6.403124237,12.36931688,12.52996409,10.77032961,11.66190379,16.2788206,15.62049935,15.62049935,13.45362405,13.45362405,15.62049935,17.20465053,20,24.18677324,19.41648784,23.08679276,22.20360331,21.9317122,21.9317122,28.23118843,24.20743687,29.73213749,27.58622845,31.01612484,28.60069929,31.04834939,31.144823,34.78505426,31.2409987
3.16227766,7.810249676,4.123105626,7.810249676,3.16227766,7.810249676,3.605551275,6.403124237,0,5.656854249,1,5.830951895,0,5,1,3.605551275,0,3.16227766,2.236067977,3.16227766,3.16227766,3.605551275,2.828427125,3.16227766,3.605551275,4.123105626,3.605551275,4.123105626,4.472135955,2.828427125,5,5.656854249,5.830951895,4.242640687,4.472135955,4.242640687,5.830951895,5,5.830951895,7.211102551,5.830951895,7.810249676,5.830951895,7.810249676,5.656854249,5.656854249,7.211102551,8.485281374,6.708203932,9.899494937,8.062257748,8.602325267
46.64761516,10.29563014,46.57252409,13.03840481,46.4865572,8.602325267,47.07440918,7.280109889,41.43669871,6.08276253,51,14.76482306,43.08131846,14.14213562,41.23105626,8.062257748,36.22154055,15.29705854,33.24154028,10.44030651,30.2654919,23.53720459,35,25.05992817,21.37755833,22.84731932,22.36067977,33.37663854,30.59411708,38.47076812,31.01612484,40.11234224,31.01612484,42.95346319,30.41381265,57.27128425,39.84971769,54.12023651,33.83784863,50.56678752,25.05992817,57.27128425,26.41968963,56.29387178,22.20360331,62.51399843,21.40093456,72.12489168,25,70.03570518,34.0147027,80.36168241
5.385164807,6.403124237,5.385164807,7.211102551,5.385164807,5.385164807,5.099019514,4.472135955,4.472135955,4,5.099019514,3.16227766,5.099019514,4.123105626,3,4,4,3,2.828427125,3.16227766,3.16227766,5,2.236067977,5,2.236067977,5,2,4.472135955,2,5,2.236067977,5.830951895,2.828427125,7.810249676,2.236067977,6.403124237,3,5.830951895,3.16227766,7.071067812,4.123105626,7.211102551,4,7.211102551,3,9.433981132,3.16227766,11.18033989,3.16227766,9.848857802,4.472135955,10.77032961
9.433981132,2,8.602325267,1.414213562,7.810249676,0,8.602325267,2,8.544003745,2.236067977,6.32455532,2,6.708203932,1,6,2,6.32455532,3,4.123105626,2,3,4,4,2.236067977,5,4.472135955,2.828427125,5,5.385164807,4.472135955,5.385164807,7.615773106,4.242640687,6.403124237,3.605551275,6.708203932,5,6.708203932,3.605551275,7.615773106,6.403124237,7.211102551,5.656854249,8.94427191,6.403124237,9.486832981,7.071067812,10.44030651,6.403124237,8.246211251,5.656854249,10.44030651
2.236067977,9.848857802,1.414213562,10.77032961,0,10.29563014,1,9.486832981,2,7.615773106,2.236067977,8.062257748,2,8.544003745,3.16227766,7.615773106,3.16227766,7,2.236067977,6.08276253,4.123105626,7.071067812,4.123105626,6.08276253,6.08276253,5.385164807,7.280109889,5.385164807,8.544003745,4.123105626,9.219544457,4,8.544003745,5,8.062257748,4.123105626,8.544003745,3.16227766,9.219544457,4.123105626,10.19803903,4.472135955,9.486832981,4.123105626,9.486832981,2.828427125,11.70469991,5,11.40175425,5.830951895,11.18033989,5.656854249
14.31782106,35.84689666,13.03840481,35.11409973,7.071067812,29.54657341,5.385164807,27.51363298,5.656854249,29.06888371,2.236067977,23.2594067,1.414213562,22.56102835,2.236067977,13.15294644,4.123105626,14.31782106,7.615773106,17.4642492,11.18033989,17.02938637,12.04159458,10.19803903,13.89244399,8,14.4222051,10.77032961,14.86606875,8.544003745,17.02938637,12.72792206,24.20743687,12.04159458,21.9317122,17.20465053,26.07680962,17.80449381,26.40075756,15.62049935,27.20294102,19.41648784,27.65863337,21.21320344,34.13209633,18.60107524,33.10589071,18.60107524,38.01315562,22.6715681,39.39543121,26.40075756
23.02172887,27.31300057,23.19482701,29.54657341,20.39607805,29.06888371,21.09502311,25.49509757,21.37755833,19.31320792,18.38477631,23.34523506,18.02775638,20,16.55294536,15.03329638,17.88854382,12.64911064,12.08304597,16.40121947,10.63014581,15.62049935,12.04159458,19.41648784,9.219544457,20.51828453,12.36931688,23.32380758,9,23.70653918,10,26,9.486832981,26.62705391,9.219544457,29.54657341,12.80624847,29.52964612,12.52996409,32.24903099,9.219544457,33.28663395,10.44030651,32.44996148,16.4924225,37.73592453,17.4642492,36.67424164,18.24828759,37.12142239,17.72004515,40.24922359
21.26029163,24.0208243,16.64331698,22.02271555,14.2126704,24.33105012,13.60147051,22.02271555,9.219544457,15.13274595,10.81665383,21.58703314,8.544003745,16.76305461,8.062257748,16.40121947,9.055385138,15.8113883,11.40175425,12.04159458,8.544003745,11.3137085,10.29563014,11.66190379,15.62049935,11.66190379,15.26433752,11.66190379,19.20937271,11.40175425,21.63330765,10.04987562,20.61552813,14.03566885,26.07680962,13,29.20616373,14.31782106,30.8058436,15.8113883,30.23243292,16.2788206,30.8058436,15,30.41381265,20.22374842,32.75667871,24.0208243,33.61547263,23.08679276,36.23534186,24
23.34523506,19.10497317,27.16615541,16.40121947,24.18677324,14.4222051,21.84032967,12.04159458,24.35159132,9.848857802,20.39607805,7.071067812,21.02379604,7.071067812,18.38477631,6.08276253,18.02775638,6.32455532,16.76305461,7.071067812,11.18033989,8.602325267,10.77032961,13,10.44030651,15.23154621,6,18.02775638,4.123105626,22.36067977,4.123105626,22.82542442,3.16227766,24.59674775,3,26.41968963,3.16227766,28.17800561,2.236067977,28.17800561,2.828427125,30.41381265,2,32.24903099,2.236067977,34.88552709,1.414213562,38.48376281,3.16227766,34.92849839,7.810249676,42.72001873
24.04163056,30.2654919,18.97366596,29.15475947,17.08800749,27.45906044,10,31.144823,10.77032961,28.44292531,12.04159458,26.47640459,10.44030651,19.41648784,11,21.02379604,5.385164807,18.68154169,11.3137085,13,17.49285568,11.18033989,14.56021978,15.8113883,14.2126704,14.86606875,14.86606875,15,15,19.20937271,19.20937271,18.97366596,20.51828453,16.15549442,20.61552813,20.22374842,25.8069758,26.07680962,23.34523506,21.37755833,23.34523506,23.19482701,23.85372088,26.30589288,29.68164416,27.45906044,32.44996148,30.6757233,28.17800561,32.01562119,34.4818793,32.24903099
30.08321791,6.08276253,28.63564213,9.055385138,28.7923601,5,29.27456234,6.403124237,26.01922366,3,28,4,24.0208243,6.08276253,26.01922366,8.246211251,21.1896201,7.211102551,16.1245155,9.219544457,20.59126028,0,20,1,19.79898987,6.32455532,23.02172887,5,18.02775638,4.123105626,24.69817807,4.472135955,24.20743687,7.071067812,25.94224354,5,25.94224354,6.708203932,30.87069808,7,28.46049894,10.63014581,31.78049716,8.062257748,31.01612484,11.66190379,37.94733192,11.66190379,38.62641583,14.86606875,40.26164428,13.03840481
10,26.92582404,13.60147051,31.38470965,8.544003745,28.3019434,8.062257748,27.31300057,8.544003745,21.84032967,6,25.63201124,8,19.02629759,8.544003745,18.24828759,1.414213562,16.03121954,10.29563014,16.2788206,5.385164807,19.6468827,8.246211251,14.76482306,6.08276253,13.03840481,12.36931688,15.23154621,11.40175425,19.84943324,16.15549442,19.10497317,14.86606875,23.60084744,18.60107524,19.79898987,20.51828453,22.82542442,15.62049935,24.16609195,20.1246118,24.41311123,20.59126028,27.78488798,21.54065923,24.35159132,27.20294102,27.78488798,30.6757233,29.06888371,29.41088234,30.87069808
16.2788206,26.92582404,18.60107524,31.04834939,20.1246118,23.76972865,13.03840481,27.45906044,13.15294644,26.17250466,11.18033989,18.43908891,9.219544457,24.33105012,1,17.4642492,8.246211251,12.36931688,8.062257748,17.02938637,10,19.6977156,12.20655562,8.602325267,13.60147051,15.65247584,16.40121947,16.15549442,19.20937271,13.60147051,17.88854382,18.02775638,24.8394847,17.72004515,23.85372088,20.1246118,25.45584412,22.09072203,22.8035085,23.76972865,24.59674775,27.01851217,24.41311123,23.19482701,29.41088234,21.21320344,30,31.144823,30.88689042,29.61418579,35.77708764,35.12833614
33.24154028,12.80624847,37.36308338,9.219544457,33.37663854,8.602325267,32.984845,7.810249676,27.51363298,4.242640687,30.8058436,4.123105626,21.84032967,6,23,4,20.39607805,4.472135955,17.4642492,2,20.59126028,2.828427125,20.59126028,5,14.31782106,7,14.2126704,2.828427125,13.45362405,7.615773106,20.24845673,7.615773106,21.54065923,9.433981132,23.2594067,6.708203932,25.49509757,13.60147051,21.58703314,12.52996409,27.89265136,12.04159458,21.9317122,14.14213562,27.85677655,14.86606875,33.83784863,16.2788206,30.41381265,14.4222051,35.6931366,17.02938637
14.14213562,28.28427125,16.03121954,28.01785145,16.1245155,26.07680962,16,25,15.03329638,23.02172887,18.11077028,20.02498439,14.14213562,20.09975124,16.2788206,18.02775638,15.29705854,16.15549442,12.36931688,16.64331698,13,17.20465053,12.36931688,16.40121947,10.29563014,14.14213562,12.04159458,15.62049935,12.04159458,15.23154621,10.81665383,16.55294536,12.08304597,19.6977156,11,19.92485885,12,22.20360331,10.19803903,21.1896201,14.14213562,23.08679276,15.5241747,18.97366596,17.2626765,20.61552813,21.58703314,24.51530134,20.09975124,23.53720459,22.8035085,25.49509757
6.708203932,5.099019514,7.280109889,6.08276253,5.385164807,6,4.123105626,6.08276253,3.16227766,6,7,5.099019514,5.099019514,5,3.16227766,6.08276253,3.605551275,6,3.16227766,5.385164807,3.605551275,4,3.605551275,4.123105626,5,4.472135955,5,4,4.472135955,3.16227766,6.708203932,2,6.32455532,3.16227766,7.280109889,1,7.280109889,2,7.615773106,1,8.246211251,2.236067977,8.246211251,1.414213562,9.486832981,1.414213562,10.19803903,1,9.486832981,1,10.44030651,1.414213562
10.29563014,32.80243893,9.219544457,31.01612484,10.19803903,28.01785145,10.19803903,29.15475947,10.77032961,25.55386468,11.18033989,25.29822128,17.11724277,22.56102835,7.615773106,19,9.486832981,17.2626765,8.602325267,15.5241747,10.77032961,16.2788206,7.810249676,15.8113883,8.246211251,18.02775638,9.219544457,15.62049935,3.16227766,24.18677324,8,25.8069758,5.830951895,26.17250466,7.810249676,23.2594067,6,29.06888371,8.602325267,34,13.45362405,31.38470965,13.89244399,34.92849839,12.80624847,35.34119409,10.29563014,39.56008089,11.40175425,41.43669871,15.26433752,45.22167622
20.80865205,29.42787794,16.40121947,27.65863337,14.86606875,29.42787794,16.40121947,29.42787794,13.60147051,23.19482701,11.40175425,29.06888371,9.055385138,28.0713377,5,21.02379604,4.123105626,20,4.472135955,20.09975124,7.211102551,20.88061302,12.80624847,16.2788206,9.433981132,19.84943324,8.602325267,14.14213562,10.81665383,13.89244399,15,22.36067977,13.60147051,24.08318916,16.64331698,24.18677324,17.02938637,26.01922366,16.97056275,26.30589288,15.62049935,26.17250466,19.79898987,26.01922366,20.80865205,29.15475947,26.92582404,31.144823,25.8069758,32.55764119,28.42534081,34.23448554
2.236067977,9.055385138,1.414213562,10,1.414213562,8.062257748,3.16227766,8.062257748,1.414213562,7,3,8.062257748,2.236067977,7.071067812,2.236067977,5.099019514,4,4.472135955,2.236067977,4,3.605551275,5,4.242640687,4.242640687,3.16227766,5,3.16227766,5.385164807,2.236067977,4.472135955,3,5.656854249,3.16227766,5,3,5.385164807,3.16227766,6.08276253,1,6.08276253,3.16227766,6.08276253,4,7.071067812,3.16227766,7.615773106,3.16227766,9.486832981,4.123105626,8.544003745,2.828427125,10.19803903
19.92485885,14.31782106,19.6468827,16.1245155,19.23538406,17.49285568,21.09502311,13.41640786,20.24845673,12.08304597,21.21320344,13.34166406,20.02498439,11.18033989,20.02498439,9.055385138,17.4642492,7,16.2788206,6.32455532,17.08800749,6.32455532,17.88854382,5.830951895,14.31782106,6.32455532,14.86606875,7.211102551,13.03840481,5.830951895,15.26433752,7.211102551,15.23154621,9.219544457,16.15549442,10.81665383,17.72004515,10.81665383,18.38477631,10.81665383,19.6468827,14.2126704,20.61552813,13.45362405,22.02271555,15.26433752,24.73863375,17.02938637,24.33105012,16.40121947,29.42787794,19.41648784
13.03840481,29.27456234,14.86606875,29.83286778,11.66190379,29.27456234,11.40175425,27.89265136,10.44030651,24.51530134,14.14213562,25.29822128,9,26.57066051,10.19803903,24.04163056,7.615773106,21.84032967,6.708203932,15.8113883,11.66190379,18.97366596,9.899494937,20.24845673,12.80624847,20.61552813,15.8113883,17.80449381,15.26433752,11.3137085,18.02775638,10.81665383,19.23538406,11.40175425,25.07987241,11.40175425,22.47220505,10.81665383,25.55386468,13.03840481,29.54657341,12.20655562,30.87069808,8.544003745,29.54657341,13.34166406,33.24154028,16.1245155,34.4818793,18.68154169,36.05551275,17.08800749
29.61418579,12.04159458,33.73425559,9.219544457,30.8058436,8.062257748,34.23448554,7.211102551,30.2654919,5,27.29468813,4.123105626,25.3179778,5.099019514,26.30589288,5.099019514,23.19482701,5,23.02172887,10.81665383,26.01922366,14.31782106,21.02379604,11.18033989,18.11077028,15.8113883,18.02775638,18.02775638,14.31782106,18.38477631,15.29705854,23.08679276,15.5241747,23.08679276,10.19803903,28.16025568,8.062257748,31.04834939,11.18033989,31.38470965,9.486832981,33.73425559,7.615773106,32.28002478,6.708203932,37.94733192,5.385164807,41.48493703,5.656854249,44.92215489,5.830951895,43.73785546
2.236067977,8.062257748,1,9.219544457,1,8,3.605551275,7.071067812,2.236067977,7,1,5.099019514,2.236067977,6,1,5,1.414213562,6.08276253,2,5.385164807,2.236067977,7.071067812,2.236067977,4.123105626,3,3.605551275,4,3.16227766,2.236067977,4.242640687,5.099019514,4.242640687,6,4.242640687,5.385164807,4.472135955,6.08276253,2.828427125,6.32455532,3.605551275,7.615773106,2.828427125,7.615773106,3.16227766,8.246211251,3.16227766,9.219544457,2.236067977,10.19803903,3.605551275,9.219544457,3.16227766
28.16025568,13,31.04834939,14.76482306,29.12043956,11.40175425,26.30589288,10.77032961,23.02172887,10.81665383,19.10497317,10.29563014,18,10.04987562,14.56021978,7.071067812,13.34166406,8.062257748,15.8113883,2.828427125,12.80624847,3.16227766,14.2126704,2,16.40121947,2.236067977,16.76305461,5.099019514,21.9317122,5.385164807,20.88061302,5.099019514,24.33105012,8.544003745,26.68332813,5.830951895,31.04834939,11.04536102,29.61418579,9.219544457,30.8058436,15.13274595,36.67424164,11.04536102,38.32753579,10,45.88027899,12.16552506,42.57933771,11.18033989,44.14748011,15.13274595
1,12.04159458,1.414213562,11.04536102,3.16227766,10.44030651,2.236067977,10.19803903,2.236067977,11.04536102,4.123105626,10.19803903,4.472135955,10.19803903,6.32455532,8.544003745,4.472135955,8.246211251,5.385164807,7.615773106,6.32455532,7.615773106,5.099019514,6.32455532,7.280109889,6.708203932,7.280109889,5.830951895,8.246211251,5.830951895,9,6.403124237,10,5.830951895,9.055385138,5,10.04987562,5,10,5.830951895,11.04536102,5,11,4.472135955,11.04536102,5.385164807,13.03840481,8.246211251,13.15294644,6.708203932,12,7.280109889
19.23538406,28.16025568,19.6977156,31.40063694,17.49285568,28.63564213,14.31782106,30.41381265,16.15549442,26.92582404,11.70469991,26.92582404,12.04159458,25.29822128,10.77032961,24.16609195,12.64911064,21.54065923,9.219544457,22.8035085,14.76482306,21.40093456,9.848857802,21.09502311,17,17.69180601,16.40121947,18.43908891,15,16.2788206,21.02379604,18.02775638,19.84943324,19.41648784,21.09502311,19.92485885,23.32380758,23.40939982,22.20360331,21.84032967,27.78488798,21.37755833,22.13594362,27.89265136,24.69817807,29.61418579,30.08321791,32.14031736,26.57066051,30.41381265,31.38470965,35.35533906
39.84971769,10.19803903,35.17101079,1,34.0147027,5.830951895,30.6757233,6.403124237,24.73863375,3.605551275,23.2594067,6.32455532,23.53720459,1.414213562,23.02172887,2.828427125,19.10497317,3.16227766,21.84032967,5.830951895,21.54065923,1.414213562,22.36067977,1,19.23538406,5.830951895,22.8035085,6.708203932,21.21320344,6.08276253,22.8035085,3.605551275,22.02271555,6.08276253,27.20294102,9.486832981,31.76476035,7,30.52867504,12.04159458,34.17601498,12.16552506,34.53983208,10.04987562,38.07886553,11,41.23105626,12.04159458,41.78516483,8.246211251,45.607017,8.544003745
1.414213562,9,2.236067977,11,3,9,1.414213562,9.055385138,1.414213562,8.062257748,2,7.071067812,2,8.544003745,2.828427125,7.615773106,1.414213562,6.32455532,3.605551275,5.656854249,4.242640687,5.830951895,2.236067977,5,4.123105626,5.656854249,3.605551275,3.605551275,4.123105626,4.472135955,4.472135955,5.830951895,5.099019514,6.32455532,4,4.123105626,6.08276253,5,6,4,7.071067812,4.123105626,7.280109889,4,7,5,9,5.385164807,10.04987562,5.099019514,10.04987562,5
9.486832981,26.57066051,8,25.29822128,5.385164807,24.35159132,8.062257748,25.29822128,4.123105626,21.9317122,4.123105626,20.61552813,4.242640687,18.43908891,4.472135955,17.4642492,4.242640687,17.02938637,4.472135955,15.29705854,10.63014581,13.03840481,10.77032961,16.1245155,9.219544457,13.03840481,17,13.34166406,14.76482306,11.66190379,14.56021978,12.04159458,19.31320792,11.3137085,24.69817807,14.76482306,21.9317122,15.65247584,22.82542442,17.20465053,24.69817807,17.49285568,26.92582404,21.09502311,29.73213749,16.1245155,32.89376841,21.9317122,35.11409973,22.36067977,38.60051813,22.84731932
28.46049894,11.40175425,31.40063694,13.03840481,27.89265136,10.04987562,25.96150997,11.66190379,27.16615541,7.211102551,20.39607805,2,21.02379604,2.236067977,16.76305461,6.08276253,10.29563014,5.099019514,17.49285568,11.04536102,15.26433752,7.071067812,14.86606875,9.055385138,14.14213562,2,14.2126704,5.385164807,18.78829423,8.485281374,19.92485885,10.63014581,21.37755833,8.485281374,27.29468813,13.45362405,27.89265136,12.72792206,27.16615541,17.80449381,28.44292531,17.02938637,29.12043956,17.88854382,33.73425559,17.49285568,38.83297568,22.627417,40.79215611,17.49285568,41.77319715,21.21320344
18.11077028,11.40175425,17.11724277,13.45362405,16,12.80624847,16.03121954,13.89244399,12,9.219544457,8.062257748,9.219544457,10.19803903,9.219544457,6.08276253,7.071067812,4.472135955,7.071067812,5.830951895,3,5.099019514,2,8.062257748,4,11,4.123105626,11.70469991,7.280109889,13.03840481,8.485281374,15,12.04159458,18.11077028,12.72792206,17.02938637,12.04159458,21,15,19,13.45362405,24.18677324,16.97056275,20.02498439,18.43908891,23,20,27.01851217,22.47220505,26.17250466,23.32380758,27.07397274,23.43074903
39.81205847,5,40.60788101,7.071067812,36.40054945,9.433981132,36.138622,9,30.2654919,8.062257748,28.0713377,4.472135955,25,10.44030651,25.17935662,9.433981132,20.61552813,10.81665383,21.47091055,11.40175425,18.78829423,8.062257748,21.1896201,12.36931688,15.8113883,8,24.20743687,10.04987562,19.41648784,12,20.51828453,17.02938637,21.9544984,13.34166406,26.40075756,18.38477631,26.92582404,18.38477631,27.73084925,20.80865205,29.52964612,16.64331698,27.51363298,21.54065923,29.52964612,27.51363298,33.10589071,29.96664813,33.24154028,30.6757233,36.40054945,30.08321791
20.24845673,20.80865205,21.84032967,15.62049935,20.09975124,17,22.47220505,13.89244399,18.68154169,12.36931688,18.11077028,13.15294644,18.02775638,11.40175425,11.04536102,9.219544457,17.2626765,13.92838828,13.92838828,11.40175425,12.08304597,11.18033989,9.486832981,14.2126704,8.485281374,13.60147051,11.3137085,17.20465053,7.211102551,19.10497317,12.16552506,20.61552813,13.34166406,19.79898987,16.4924225,20.80865205,21.09502311,26.90724809,17.4642492,22.627417,19.23538406,25.61249695,21.84032967,25.8069758,24.35159132,30.23243292,25,33.12099032,25,32.24903099,26.30589288,35.35533906
6.32455532,29.96664813,2.828427125,29.12043956,1.414213562,28.23118843,2.236067977,23.76972865,3.16227766,22.13594362,4.123105626,22.47220505,5.385164807,18.97366596,7.280109889,20.22374842,5.830951895,18.24828759,12.20655562,15.29705854,14.4222051,15.5241747,11.18033989,16.2788206,13.03840481,13.41640786,13.60147051,12.08304597,16.76305461,15,18.86796226,14.2126704,18.86796226,14.86606875,21.09502311,14.86606875,27.20294102,18.60107524,26.41968963,18.38477631,26.41968963,19.41648784,29.68164416,15,28.23118843,19.41648784,31.95309062,21.40093456,33.24154028,23.34523506,33.73425559,20.24845673
