26.92582404,12.04159458,27.78488798,12.04159458,26.07680962,12.20655562,26.07680962,12.52996409,25,11.66190379,25,11.18033989,25,12.08304597,25.61249695,12.08304597,25.61249695,11.70469991,25.61249695,11.70469991,24.8394847,12.64911064,24.8394847,12.64911064,25.49509757,12.64911064,26.17250466,12.64911064,25.45584412,13.60147051,25.45584412,12.64911064,24.75883681,13.60147051,24.08318916,12.64911064,24.04163056,12.64911064,23.34523506,12.36931688,24.08318916,12.36931688,24.08318916,11.18033989,22.8035085,10.19803903,23.43074903,11.40175425,23.43074903,11.40175425,22.6715681,11.40175425
14.14213562,32.75667871,14.2126704,31.06444913,15.26433752,31.06444913,13.89244399,30,14.76482306,30,14.76482306,29.20616373,14.31782106,30.61045573,14.31782106,29.20616373,14.31782106,29.83286778,13.92838828,29.73213749,13.92838828,30.47950131,14.56021978,29.73213749,14.56021978,30.41381265,14.56021978,29.69848481,13.60147051,29,14.56021978,29,13.92838828,29.73213749,13.92838828,28.31960452,13.60147051,27.58622845,13.60147051,27.58622845,13.34166406,27.65863337,13.15294644,27.65863337,12.36931688,27.65863337,12.36931688,27.65863337,12.16552506,26.90724809,11.18033989,26.17250466
17.4642492,27.65863337,16.55294536,27.20294102,15.26433752,27.80287755,15.26433752,27.45906044,14.2126704,26.40075756,15.62049935,26.62705391,14.86606875,25.8069758,14.86606875,26.62705391,14.86606875,26.62705391,14.14213562,25.23885893,14.86606875,26.62705391,15.62049935,26.07680962,15,26.07680962,15.8113883,27.45906044,15,26.92582404,15.26433752,26.62705391,14.4222051,26.07680962,13.89244399,24.41311123,14.4222051,25.23885893,14.4222051,24.69817807,14.76482306,24.18677324,14.76482306,23.85372088,14.76482306,22.47220505,14.76482306,22.47220505,15.26433752,22.47220505,14.76482306,22.47220505
28.01785145,6.32455532,28.01785145,5,22.02271555,13,23.76972865,8.602325267,27.65863337,7.071067812,25.23885893,6.08276253,26.90724809,7,26.2488095,7.615773106,26.90724809,7.071067812,26.90724809,6.32455532,27.58622845,6.08276253,26.87005769,6.08276253,27.58622845,7,27.58622845,7,26.90724809,7.071067812,26.90724809,7.071067812,26.17250466,7.071067812,26.17250466,6.08276253,26.17250466,7.071067812,24.75883681,7.071067812,25.49509757,6,25.49509757,7,24.08318916,5.099019514,25.49509757,5.099019514,25.49509757,5.099019514,24.75883681,6
28.60069929,14.31782106,28.8444102,13.89244399,28.8444102,13.03840481,29.15475947,12.80624847,29.15475947,12.72792206,29.68164416,12.80624847,29.15475947,13.60147051,28.3019434,13.03840481,27.78488798,13.03840481,28.3019434,13.41640786,29.68164416,14.31782106,28.3019434,13.92838828,28.3019434,14.86606875,28.8444102,13.92838828,28.01785145,14.86606875,28.01785145,14.86606875,27.20294102,14.86606875,27.20294102,14.86606875,26.62705391,13.92838828,26.62705391,14.86606875,25.23885893,14.56021978,25.23885893,15.8113883,24.41311123,15.8113883,25,15.8113883,24.41311123,14.86606875,23.60084744,14.86606875
14.31782106,24.20743687,13.89244399,24.41311123,13.60147051,24.69817807,13.60147051,24.69817807,13.45362405,23.85372088,13.45362405,24.69817807,14.2126704,24.18677324,14.2126704,24.18677324,14.2126704,24.18677324,13.60147051,24.69817807,13.89244399,25.55386468,13.89244399,25.05992817,13.89244399,24.18677324,13.41640786,24.69817807,13.41640786,23.32380758,13.41640786,24.69817807,13,23.85372088,13,23.32380758,13,22.82542442,13,21.47091055,13.92838828,21.47091055,13.92838828,20.1246118,13.92838828,19.23538406,14.86606875,19.23538406,13.92838828,19.23538406,13.92838828,18.35755975
12.08304597,27.20294102,12.08304597,28.8444102,10.81665383,28.01785145,10.63014581,28.3019434,9.899494937,27.45906044,11.40175425,28.3019434,10,28.01785145,10.81665383,27.45906044,10.29563014,28.01785145,11.18033989,28.01785145,11.18033989,28.01785145,11.18033989,28.01785145,12.08304597,28.01785145,12.36931688,27.80287755,10.77032961,27.80287755,11.40175425,28.42534081,11.40175425,27.80287755,11.40175425,26.2488095,10.44030651,26.40075756,11.40175425,25,12.36931688,25,11.40175425,24.20743687,12.36931688,23.43074903,11.40175425,24.08318916,11.70469991,24.08318916,12.64911064,23.43074903
28.8444102,2.236067977,29.68164416,0,28.8444102,1,28.8444102,2.236067977,28.01785145,3.16227766,28.01785145,3.605551275,28.60069929,5,28.60069929,5,28.60069929,5.830951895,28.60069929,5.830951895,29.83286778,5.830951895,29.20616373,6.403124237,29.83286778,7.211102551,29.06888371,7.810249676,29.06888371,7.211102551,28.31960452,7.810249676,29.06888371,7.810249676,27.58622845,7.071067812,27.65863337,7.810249676,26.90724809,7.810249676,26.17250466,7.810249676,24.75883681,7.810249676,24.75883681,8.062257748,24.75883681,7.615773106,24.04163056,7.615773106,23.34523506,7.615773106
26.92582404,11.40175425,27.29468813,12.20655562,26.07680962,13.41640786,26.07680962,13,25.8069758,12.64911064,26.40075756,13.34166406,25.61249695,13.34166406,25.61249695,14.31782106,25.49509757,13.15294644,25.49509757,13.15294644,26.17250466,14.03566885,25.49509757,14.03566885,26.17250466,14.03566885,25.45584412,14.03566885,24.75883681,14.03566885,24.75883681,14.03566885,23.34523506,14.03566885,22.6715681,12.04159458,22.6715681,13,21.9317122,13,21.26029163,12.04159458,21.26029163,11.04536102,20.61552813,10.19803903,21.26029163,10.19803903,21.26029163,10.44030651,21.26029163,9.486832981
31.06444913,6.403124237,31.06444913,6.403124237,31.06444913,7.211102551,30.8058436,7.615773106,30,7.280109889,31.40063694,8.246211251,30.61045573,8.062257748,30.47950131,8.062257748,31.2409987,8.062257748,30.47950131,9.055385138,31.144823,10.04987562,31.144823,9.055385138,31.144823,10.04987562,30.41381265,10.04987562,30.41381265,10,29.69848481,10.04987562,29.69848481,10.04987562,28.28427125,10.04987562,27.58622845,10,27.58622845,10.04987562,26.87005769,10.04987562,26.87005769,9.219544457,26.90724809,9.486832981,26.90724809,8.246211251,26.90724809,8.246211251,24.75883681,8.062257748
23.32380758,16.40121947,23.32380758,17.20465053,23.02172887,17.49285568,22.20360331,17.88854382,22.8035085,17.4642492,22.6715681,17.88854382,22.6715681,18.38477631,21.9317122,18.38477631,22.627417,18.38477631,22.627417,18.38477631,23.34523506,18.02775638,22.6715681,18.78829423,23.43074903,18.38477631,23.43074903,18.38477631,22.02271555,18.38477631,21.40093456,18.38477631,23.02172887,16.76305461,20.80865205,16.55294536,20.80865205,15.8113883,20.80865205,15.5241747,20.80865205,15.5241747,19.41648784,14.86606875,20,13.34166406,20.80865205,13.60147051,20,12.36931688,20,12.64911064
7.211102551,30.52867504,7.810249676,30.52867504,8.062257748,31.06444913,7.615773106,30.52867504,8.246211251,30.23243292,8.062257748,30.23243292,9.055385138,30.8058436,9,30,9,30,9,30,10.04987562,30.61045573,10.04987562,30.61045573,11.18033989,30.61045573,11.18033989,29.83286778,11.18033989,29.83286778,11.18033989,29.73213749,11.18033989,29.06888371,11.18033989,28.31960452,11.40175425,28.31960452,11.40175425,26.90724809,11.70469991,26.17250466,10.77032961,25.45584412,10.29563014,25.45584412,10.29563014,25.45584412,9.433981132,25.45584412,9.433981132,24.75883681
12.08304597,29.41088234,11.66190379,29.41088234,11.40175425,29.68164416,10.63014581,29.68164416,10.63014581,30.23243292,11.40175425,30.23243292,11.40175425,30.23243292,10.29563014,29.41088234,11.66190379,29.68164416,11.18033989,29.41088234,11.70469991,30.23243292,11.70469991,30.23243292,12.36931688,29.41088234,12.36931688,28.60069929,12.36931688,29.20616373,12.64911064,29.20616373,12.64911064,28.42534081,12.36931688,28.42534081,12.36931688,27.80287755,12.36931688,26.40075756,12.36931688,26.40075756,13.34166406,25.61249695,13.34166406,25.61249695,13.60147051,25.61249695,13.60147051,25,13.60147051,24.20743687
30,7.071067812,31.6227766,5.099019514,30.8058436,5.385164807,30.23243292,5,30,5.656854249,30.8058436,5.830951895,30.8058436,5.830951895,30.8058436,6.708203932,31.40063694,7.280109889,30.8058436,7.280109889,32.20248438,7.280109889,32.20248438,7.280109889,32.80243893,7.071067812,32.80243893,8.062257748,32.80243893,7,32.01562119,8.062257748,31.40063694,8.246211251,30.61045573,8.246211251,30,8.246211251,30,9.219544457,29.20616373,10.19803903,28.42534081,10.19803903,27.80287755,10.04987562,28.42534081,11.18033989,27.01851217,11.04536102,26.2488095,11.04536102
20.59126028,21.21320344,21.63330765,22.02271555,20.80865205,22.02271555,20,19.79898987,20.61552813,21.26029163,20.61552813,22.02271555,22.02271555,22.8035085,21.26029163,23.60084744,20.51828453,21.40093456,20.51828453,22.02271555,20.51828453,23.60084744,19.84943324,22.8035085,19.79898987,23.60084744,19.79898987,23.60084744,19.10497317,23.60084744,19.10497317,23.60084744,18.43908891,23.60084744,18.43908891,23.02172887,17.80449381,22.47220505,17.80449381,21.63330765,17.80449381,21.09502311,18.60107524,21.9544984,18.86796226,21.09502311,18.86796226,19.41648784,18.86796226,19.72308292,19.41648784,18.02775638
28.31960452,6.32455532,27.65863337,5.830951895,28.31960452,5,27.65863337,7.071067812,27.58622845,7.071067812,28.31960452,6.403124237,28.28427125,7.071067812,29,7.211102551,29,7.211102551,29,7.211102551,30.41381265,7.211102551,30.41381265,7.211102551,31.144823,7.211102551,30.41381265,7.211102551,31.144823,5.830951895,31.144823,5.830951895,31.144823,5.385164807,29.73213749,5.385164807,30.47950131,5.099019514,29.06888371,5.099019514,28.31960452,6.08276253,27.65863337,6.08276253,26.90724809,6.08276253,27.65863337,6.08276253,27.65863337,6.08276253,26.2488095,6.08276253
3.16227766,31.38470965,1,31.38470965,1,32.24903099,2.236067977,31.38470965,3.605551275,31.38470965,4.472135955,30.23243292,5,30.23243292,5,31.6227766,7.071067812,31.6227766,6.403124237,31.40063694,7.071067812,30,7.810249676,30.61045573,8.485281374,30.61045573,8.485281374,30.61045573,8.485281374,29.73213749,7.810249676,29.06888371,8.485281374,28.31960452,7.810249676,27.65863337,7.810249676,26.2488095,9.219544457,26.2488095,8.602325267,26.2488095,9.433981132,25.49509757,9.848857802,24.75883681,8.94427191,24.04163056,9.486832981,24.08318916,9.486832981,23.34523506
18.35755975,22.02271555,18.86796226,22.20360331,18.02775638,22.20360331,18.60107524,23.02172887,18.43908891,22.20360331,17.69180601,23.02172887,17.69180601,23.02172887,17.69180601,23.02172887,17.69180601,23.32380758,17.69180601,23.85372088,18.43908891,23.85372088,18.43908891,23.32380758,17.80449381,23.85372088,17.20465053,23.85372088,17.20465053,23.85372088,17.20465053,23.85372088,16.64331698,23.02172887,16.64331698,23.02172887,16.64331698,22.47220505,16.64331698,21.09502311,16.64331698,20.59126028,17,20.59126028,17,19.72308292,17,19.72308292,17.49285568,18.86796226,17,18.35755975
4.472135955,29.41088234,2.828427125,29.68164416,3.605551275,30.23243292,3,30.23243292,4,30,4.123105626,30,5.099019514,29.20616373,5.099019514,30.47950131,6.08276253,29.83286778,5.385164807,30.47950131,6.08276253,30.47950131,6.32455532,30.47950131,6.708203932,30.47950131,6.708203932,29.73213749,7.280109889,30.41381265,7.071067812,29.73213749,7.071067812,29,7.615773106,28.28427125,7.615773106,28.31960452,7.615773106,26.90724809,7.071067812,26.17250466,7.810249676,26.17250466,6.708203932,26.17250466,8.485281374,24.75883681,5.830951895,26.90724809,7.071067812,24.75883681
10,31.38470965,10.63014581,30.52867504,10.29563014,30.01666204,11.18033989,29.68164416,10.44030651,30.23243292,10.44030651,29.41088234,11.40175425,30,11.18033989,29.20616373,11.18033989,29.20616373,12.16552506,29.83286778,12.04159458,29.83286778,12,29.83286778,13.03840481,29.06888371,12,29.73213749,12,29,13,29.73213749,13.03840481,29,12,28.28427125,12,27.58622845,12,27.58622845,12.04159458,26.17250466,11.04536102,26.17250466,11.18033989,25.49509757,11.18033989,25.49509757,10.19803903,24.75883681,9.219544457,24.75883681
33.01514804,8,32.44996148,7.071067812,33.28663395,6.32455532,32.75667871,5.830951895,32.44996148,5.656854249,32.44996148,5.830951895,32.44996148,5.830951895,31.6227766,6.32455532,31.6227766,6.32455532,31.6227766,6.32455532,33.01514804,8.246211251,33.01514804,8.246211251,33.01514804,8.062257748,32.20248438,8.062257748,32.20248438,8,32.80243893,8,31.40063694,8.062257748,30.61045573,8.062257748,31.40063694,8.062257748,30,8.246211251,29.41088234,9.219544457,28.60069929,9.219544457,27.80287755,9.219544457,27.80287755,10.04987562,27.01851217,9.055385138,26.40075756,10.04987562
11.70469991,25,11.18033989,25.23885893,10.81665383,25.23885893,11.40175425,26.07680962,10.63014581,24.69817807,11.3137085,25.23885893,10.63014581,25.23885893,10.81665383,25.23885893,10.81665383,26.62705391,11.66190379,25.23885893,11.66190379,25.23885893,11.66190379,25.23885893,12.08304597,26.62705391,12.08304597,25.8069758,11.70469991,25.8069758,11.40175425,26.40075756,11.40175425,25.8069758,11.40175425,24.20743687,10.44030651,24.41311123,11.18033989,23.60084744,11.18033989,23.60084744,11.04536102,22.8035085,12.36931688,21.40093456,12.64911064,21.40093456,12.64911064,20.61552813,12.64911064,20.61552813
12.04159458,26.41968963,11.40175425,25.55386468,12.52996409,26.07680962,13,25.23885893,13,25.8069758,13.60147051,25.61249695,13.60147051,25.61249695,13.60147051,25.61249695,14.56021978,25.49509757,13.60147051,26.17250466,14.56021978,26.17250466,14.31782106,25.45584412,14.31782106,26.17250466,14.31782106,25.49509757,14.56021978,25.49509757,14.56021978,25.49509757,14.56021978,24.8394847,14.56021978,24.08318916,14.31782106,24.20743687,13.34166406,23.43074903,13.15294644,22.8035085,12.16552506,22.8035085,12.16552506,23.60084744,11.04536102,23.02172887,11.04536102,22.8035085,10.04987562,22.20360331
29.15475947,12.72792206,29.68164416,12.80624847,28.8444102,13.03840481,29.41088234,14.31782106,28.60069929,14.31782106,28.42534081,15.23154621,28.31960452,15.23154621,28.31960452,15.23154621,27.58622845,15.8113883,29,14.86606875,29,14.56021978,28.28427125,14.56021978,29,15.5241747,28.31960452,15.5241747,29.06888371,14.86606875,29.06888371,15.5241747,28.42534081,14.86606875,27.65863337,14.86606875,27.01851217,14.56021978,26.40075756,14.56021978,26.40075756,14.31782106,25.8069758,13.34166406,26.40075756,12.16552506,26.40075756,12.16552506,26.40075756,11.18033989,25.8069758,11.04536102
25.94224354,12.80624847,25.55386468,13.03840481,25.55386468,13.41640786,24.69817807,13.92838828,24.41311123,13.92838828,25,14.86606875,24.20743687,14.86606875,23.43074903,15.5241747,24.08318916,15.5241747,23.34523506,14.56021978,24.04163056,15.5241747,24.04163056,15.5241747,24.04163056,15.29705854,24.08318916,15.5241747,22.6715681,14.31782106,23.43074903,14.31782106,22.02271555,14.31782106,22.02271555,14.31782106,22.02271555,14.31782106,21.40093456,14.14213562,21.40093456,13.15294644,20.80865205,12.16552506,20.80865205,11.04536102,20.80865205,11,21.40093456,10,21.40093456,10
6.403124237,28.3019434,7.211102551,28.3019434,6.708203932,28.3019434,7.280109889,28.8444102,7.071067812,28.60069929,8.062257748,28.60069929,8.062257748,29.20616373,9.055385138,28.42534081,9,28.42534081,9,27.65863337,9,28.42534081,10.04987562,27.65863337,10.04987562,28.31960452,10.04987562,27.58622845,10.04987562,26.87005769,10.04987562,26.87005769,10.04987562,26.87005769,10,26.17250466,10.04987562,25.45584412,10.19803903,25.49509757,9.219544457,24.08318916,9.486832981,24.8394847,8.544003745,23.43074903,7.615773106,24.8394847,7.615773106,24.08318916,6.708203932,23.43074903
15.62049935,29.52964612,14.4222051,28.65309756,15.65247584,29.15475947,16.15549442,28.3019434,16.15549442,28.01785145,15.8113883,27.80287755,16.76305461,27.01851217,16.76305461,27.65863337,16.76305461,26.90724809,16.76305461,26.90724809,16.4924225,27.58622845,16.4924225,27.58622845,16.4924225,28.28427125,16.4924225,27.58622845,16.4924225,26.90724809,16.4924225,26.90724809,16.4924225,26.2488095,16.4924225,25.61249695,16.2788206,25.61249695,16.2788206,25,15.13274595,24.41311123,15.13274595,24.41311123,13.15294644,24.41311123,13.03840481,25,12.04159458,24.41311123,12,24.41311123
30.52867504,6.32455532,30.01666204,5.830951895,30.52867504,5,30.01666204,5.385164807,29.68164416,6.32455532,30.52867504,7.071067812,29.68164416,8.062257748,29.68164416,8,29.68164416,8,29.41088234,9.055385138,30.23243292,10.04987562,29.41088234,10.04987562,30,10.19803903,30,11.18033989,29.20616373,11.18033989,29.83286778,11.18033989,28.42534081,11.18033989,27.65863337,11.18033989,27.01851217,11.18033989,27.01851217,11.18033989,26.2488095,12.16552506,25.49509757,12.04159458,24.75883681,12.04159458,24.75883681,13.03840481,24.75883681,12.04159458,23.34523506,12
25,16.55294536,24.41311123,16.1245155,25.55386468,16.1245155,25.55386468,16.40121947,25.05992817,15.62049935,25.55386468,15.55634919,25.55386468,14.86606875,25.55386468,15,25.05992817,15,25.55386468,15.26433752,25.05992817,15.26433752,25.05992817,15.26433752,25.05992817,16.1245155,24.69817807,16.1245155,24.18677324,16.55294536,24.18677324,16.55294536,24.18677324,15.65247584,23.32380758,15.23154621,21.9544984,15.23154621,22.47220505,16.15549442,21.9544984,16.15549442,20.59126028,16.15549442,20.24845673,17.08800749,20.24845673,17.08800749,19.72308292,17.08800749,18.35755975,16.55294536
12.72792206,26.41968963,12.20655562,26.41968963,12.52996409,26.41968963,13,25.55386468,12.64911064,24.69817807,13.60147051,24.41311123,13.34166406,25,14.31782106,24.20743687,13.15294644,24.20743687,14.14213562,24.20743687,13.03840481,24.8394847,13.03840481,24.8394847,14,24.8394847,13,24.75883681,13,24.75883681,13,24.75883681,13,24.04163056,13,24.04163056,13,22.627417,13.03840481,23.34523506,13.03840481,22.6715681,12.16552506,21.26029163,12.16552506,22.02271555,11.40175425,22.02271555,10.44030651,21.26029163,11.40175425,21.26029163
30.8058436,13.34166406,30.23243292,12.64911064,31.06444913,11.18033989,30.52867504,11.66190379,29.68164416,11.40175425,30.52867504,9.899494937,30.52867504,10.63014581,30.52867504,10,30.52867504,10.81665383,29.68164416,10.29563014,29.68164416,10.29563014,29.68164416,11.18033989,29.68164416,12.08304597,29.68164416,12.08304597,28.8444102,11.70469991,28.8444102,11.70469991,28.8444102,11.70469991,28.01785145,11.40175425,28.8444102,11.40175425,27.45906044,11.40175425,26.62705391,11.18033989,25.8069758,12.16552506,25.23885893,12.16552506,25.23885893,12.36931688,24.41311123,12.36931688,23.85372088,12.36931688
6.403124237,30.23243292,7.615773106,30.23243292,8.246211251,30.23243292,8.062257748,29.20616373,8,29.83286778,9,29.73213749,9,29,9,29,9.055385138,29,8.246211251,29.73213749,8.246211251,29.73213749,8.246211251,30.47950131,8.246211251,31.89043744,8.246211251,31.2409987,8.246211251,32.01562119,8.246211251,32.80243893,8.062257748,32.80243893,8,32.80243893,7,32.20248438,8.062257748,31.40063694,8,31.40063694,7.071067812,30.8058436,7.071067812,31.6227766,6.08276253,31.6227766,6.08276253,30.8058436,6.08276253,30
33.83784863,4,34.13209633,2.236067977,34.66987165,2.828427125,35.51056181,3,33.83784863,4,35.22782991,5.099019514,34.40930107,5.099019514,33.60059523,6.32455532,33.60059523,6.32455532,33.60059523,7.615773106,34.20526275,7.615773106,34.20526275,8.062257748,33.42154993,8.94427191,34.05877273,8.94427191,32.64965543,9.848857802,33.30165161,9.433981132,31.89043744,8.94427191,31.144823,9.433981132,30.47950131,9.433981132,29.73213749,9.433981132,29.73213749,10.63014581,29,10.63014581,27.58622845,9.899494937,29,10,27.58622845,9.433981132,27.58622845,9.433981132
7.810249676,29.68164416,8.602325267,29.15475947,9.433981132,28.8444102,9.486832981,28.8444102,9.486832981,28.60069929,9.219544457,28.60069929,10.19803903,28.42534081,10.19803903,28.42534081,11.04536102,28.42534081,10.04987562,27.65863337,10,28.31960452,10,29.06888371,11,28.31960452,11,28.28427125,11.04536102,27.58622845,11.04536102,27.58622845,11,26.87005769,11,26.17250466,11,26.17250466,11.04536102,25.49509757,10.04987562,25.49509757,10.19803903,25.49509757,9.219544457,24.08318916,8.246211251,24.08318916,8.544003745,24.75883681,8.544003745,24.8394847
13.60147051,27.78488798,12.08304597,28.17800561,12.52996409,28.63564213,11.40175425,28.63564213,11.3137085,27.31300057,11.40175425,27.31300057,12.20655562,27.31300057,11.66190379,26.40075756,12.52996409,26,13.41640786,26,14.31782106,26,13.92838828,26,14.86606875,26,15.8113883,26,15.5241747,25.49509757,15.5241747,25.49509757,15.5241747,25.05992817,15.5241747,24.59674775,14.31782106,23.70653918,14.31782106,23.2594067,15.13274595,22.36067977,15.13274595,21.02379604,15.13274595,20.1246118,15.29705854,20.1246118,15.29705854,19.23538406,14.31782106,17.88854382
16.64331698,25.94224354,17.49285568,25.55386468,18.78829423,25.55386468,18.02775638,25.23885893,18.02775638,23.60084744,18.97366596,24.20743687,18.97366596,24.08318916,18.68154169,23.34523506,18.68154169,22.627417,18.68154169,23.34523506,18.43908891,24.08318916,18.43908891,24.8394847,18.43908891,24.8394847,18.43908891,24.20743687,17.72004515,23.60084744,17.72004515,23.85372088,16.76305461,23.02172887,16.76305461,22.47220505,15.5241747,23.02172887,15.5241747,22.47220505,15.29705854,22.47220505,14.31782106,22.47220505,13.15294644,21.9544984,12.16552506,22.47220505,12.16552506,22.47220505,11.18033989,22.47220505
4.472135955,29.68164416,4.472135955,29.68164416,6.32455532,30.8058436,7.615773106,28.8444102,6.08276253,28.01785145,8,27.65863337,9.055385138,30,10.04987562,29.20616373,6.08276253,30.8058436,9.055385138,30.61045573,10,28.31960452,12,28.31960452,10,28.28427125,10,26.90724809,12,29,9,29.73213749,9,28.28427125,10,26.87005769,10,26.87005769,9,26.17250466,10.04987562,26.17250466,8.062257748,25.45584412,9.219544457,23.43074903,8.246211251,25.45584412,6.32455532,24.75883681,5.385164807,23.34523506
20.24845673,25.94224354,21.09502311,25.05992817,21.47091055,24.69817807,21.9317122,24.69817807,20.61552813,23.60084744,21.54065923,23.43074903,21.54065923,23.43074903,21.1896201,23.34523506,21.1896201,23.34523506,21.1896201,23.34523506,21.1896201,24.08318916,21.1896201,23.43074903,21.1896201,23.43074903,21.1896201,23.60084744,20.24845673,23.60084744,20.24845673,23.60084744,20.24845673,23.02172887,19.31320792,22.20360331,18.97366596,21.40093456,18.97366596,20.80865205,17.72004515,20.80865205,16.4924225,20.24845673,15.5241747,21.09502311,15.5241747,21.63330765,14.31782106,21.63330765,14.31782106,20.24845673
23.32380758,15,22.47220505,15.8113883,22.47220505,16.1245155,22.20360331,15.65247584,21.40093456,16.15549442,21.9317122,16.15549442,21.9317122,16.15549442,21.9317122,16.15549442,21.9317122,16.15549442,21.9317122,15.8113883,22.6715681,16.15549442,22.6715681,15.8113883,22.8035085,15.8113883,22.8035085,16.15549442,22.20360331,15.23154621,22.8035085,16.15549442,22.20360331,16.15549442,21.40093456,15.23154621,21.40093456,14.86606875,20.80865205,14.86606875,20.80865205,14.56021978,21.09502311,13.60147051,21.09502311,13.60147051,21.09502311,12.64911064,21.09502311,12.36931688,21.09502311,11.18033989
11.70469991,30.8058436,10.77032961,30.8058436,10.29563014,31.6227766,9.219544457,32.44996148,10.63014581,31.6227766,10,31.6227766,10.29563014,31.6227766,10.29563014,30.8058436,9.848857802,31.40063694,10.77032961,31.40063694,11.70469991,32.01562119,10.77032961,32.01562119,10.44030651,32.64965543,10.44030651,32.64965543,10.44030651,31.89043744,10.44030651,31.89043744,9.219544457,31.89043744,10.19803903,30.47950131,10.19803903,29.83286778,10.19803903,29.83286778,11.04536102,29.06888371,11.04536102,28.42534081,12.04159458,27.65863337,11.18033989,27.65863337,11.18033989,26.90724809,12.36931688,26.2488095
33.28663395,5.099019514,34,2.236067977,32.75667871,3.16227766,32.75667871,4,33.28663395,4,32.75667871,6.08276253,33.01514804,7.280109889,32.44996148,6.708203932,32.44996148,8.062257748,30.61045573,8.544003745,32.01562119,7.615773106,30.61045573,8.246211251,32.01562119,8.94427191,31.2409987,8.062257748,32.80243893,8.544003745,32.80243893,8.062257748,29.73213749,8.94427191,27.58622845,9.433981132,28.31960452,8.94427191,26.90724809,9.486832981,28.42534081,11.66190379,26.2488095,11.18033989,26.90724809,11.40175425,26.17250466,11.40175425,24.75883681,11.04536102,25.49509757,11.04536102
4.123105626,31.90611227,3.605551275,31.90611227,4.472135955,32.75667871,4.123105626,31.90611227,6,31.90611227,6.08276253,31.06444913,7.071067812,31.6227766,7.280109889,31.06444913,8.246211251,30.8058436,9.219544457,31.40063694,9.219544457,31.40063694,9.486832981,31.40063694,10.44030651,32.01562119,10.44030651,31.2409987,9.486832981,30.47950131,9.486832981,31.2409987,9.486832981,29.73213749,9.486832981,29.73213749,9.486832981,29.06888371,9.486832981,27.65863337,10.44030651,27.65863337,10.44030651,26.17250466,10.19803903,26.17250466,11.04536102,26.17250466,10,25.49509757,10,24.75883681
8.602325267,28.01785145,7.810249676,28.8444102,8.602325267,29.68164416,6.403124237,29.68164416,8.062257748,29.41088234,7.615773106,27.78488798,8.544003745,29.20616373,9.055385138,31.06444913,8.246211251,28.60069929,9.486832981,26.40075756,10.04987562,30,10.04987562,27.65863337,10,28.42534081,11.40175425,28.31960452,10,27.65863337,10.44030651,30.61045573,10.04987562,30.61045573,10.04987562,27.58622845,10,27.80287755,10,27.01851217,10.04987562,27.01851217,11,26.40075756,11,22.627417,12,24.8394847,11,23.34523506,12.04159458,21.9317122
31.38470965,2.236067977,31.38470965,1,32.24903099,1.414213562,32.24903099,2.828427125,31.90611227,4.242640687,31.90611227,5.656854249,32.44996148,6.403124237,31.6227766,7.071067812,30.8058436,7.810249676,31.40063694,8.485281374,32.01562119,8.485281374,31.2409987,8.485281374,31.89043744,9.219544457,31.82766093,9.219544457,31.144823,9.219544457,31.11269837,8.602325267,30.41381265,8.602325267,29.69848481,8.602325267,29.73213749,9.219544457,28.28427125,9.899494937,27.58622845,9.219544457,26.87005769,10,26.17250466,10,26.90724809,9.433981132,26.17250466,9.848857802,26.17250466,9.848857802
26.62705391,15.23154621,26.92582404,15.65247584,27.29468813,15.26433752,27.29468813,15,26.83281573,14.2126704,26.83281573,14.14213562,26.83281573,14.2126704,26.83281573,15,26.83281573,14.4222051,26.83281573,15.26433752,26.41968963,15.65247584,26.41968963,15.65247584,26.41968963,16.55294536,26.41968963,16.15549442,25.55386468,16.15549442,26.07680962,16.15549442,25.55386468,14.86606875,24.69817807,14.86606875,24.18677324,14.86606875,23.32380758,14.86606875,22.82542442,14.86606875,21.9544984,15.5241747,21.09502311,15.5241747,20.59126028,15.8113883,19.72308292,16.15549442,19.72308292,15.8113883
5.385164807,32.75667871,5,32.64965543,5,32.24903099,5.385164807,32.64965543,7.071067812,31.38470965,8.062257748,32.24903099,9,31.38470965,9,31.38470965,10.04987562,31.38470965,11.04536102,30.52867504,11.18033989,31.06444913,12.16552506,31.6227766,12.16552506,31.6227766,13.15294644,31.40063694,12.16552506,31.40063694,12.16552506,31.2409987,12.36931688,30.61045573,12.16552506,29.73213749,12.16552506,29.20616373,12.16552506,28.42534081,12.16552506,27.01851217,13.15294644,26.2488095,13.03840481,25.49509757,13.03840481,25.49509757,13,24.8394847,13,24.08318916
25,20.59126028,25.23885893,20.24845673,25.55386468,20.24845673,25.05992817,20,25.49509757,19.84943324,25.49509757,19.79898987,25.49509757,21.26029163,25.49509757,20.61552813,25.49509757,21.40093456,25.94224354,22.20360331,25.94224354,21.63330765,25.94224354,22.47220505,26.83281573,22.47220505,25.94224354,21.9544984,25.55386468,21.47091055,26.41968963,21.47091055,25.55386468,21.47091055,25.55386468,20.59126028,24.18677324,20.59126028,23.70653918,20.59126028,22.36067977,20.59126028,21.47091055,20.1246118,21.47091055,21.02379604,20.59126028,21.47091055,20.1246118,20.59126028,19.23538406,20.59126028
17.4642492,21.9544984,17.4642492,22.36067977,16.1245155,22.36067977,15.8113883,22.47220505,15.62049935,22.47220505,16.97056275,22.47220505,16.97056275,22.13594362,17.02938637,22.13594362,16.40121947,22.13594362,17.20465053,21.1896201,17.49285568,22.13594362,17.49285568,22.13594362,17.88854382,21.54065923,18.78829423,21.54065923,17.88854382,21.54065923,17.4642492,20.61552813,17.4642492,20.61552813,17.08800749,19.6977156,17.4642492,19.31320792,17.08800749,18.02775638,18.02775638,18.02775638,18.02775638,16.15549442,17.08800749,16.15549442,18.02775638,15.23154621,17.4642492,15.23154621,17.08800749,14.31782106
12.72792206,26.92582404,12.20655562,27.45906044,12.52996409,27.45906044,13.41640786,27.45906044,13.92838828,27.20294102,13.60147051,27.01851217,14.56021978,27.01851217,14.56021978,26.2488095,14.56021978,26.90724809,14.56021978,26.87005769,15.5241747,26.87005769,15.5241747,26.17250466,15.5241747,26.90724809,15.5241747,26.2488095,14.56021978,26.2488095,14.56021978,26.2488095,14.86606875,25.61249695,13.92838828,24.8394847,13.60147051,24.08318916,13.34166406,24.08318916,13.15294644,23.43074903,12.16552506,23.43074903,11.18033989,22.8035085,11.18033989,23.43074903,11.04536102,23.43074903,10.04987562,22.8035085
5,26.07680962,6.32455532,26.62705391,5.385164807,27.29468813,4.472135955,26.62705391,5.385164807,26.41968963,5.385164807,26.92582404,6.08276253,26.62705391,6,27.20294102,6.08276253,27.20294102,6.32455532,27.20294102,7.280109889,28.60069929,7.071067812,25.61249695,8.602325267,27.01851217,7.071067812,26.2488095,7.280109889,28.42534081,7.615773106,26.2488095,7.280109889,26.2488095,6.32455532,26.40075756,6.708203932,24.8394847,6.32455532,22.6715681,7.615773106,22.6715681,7.280109889,22.6715681,8.246211251,21.9317122,8.246211251,21.9317122,7,21.26029163,7,19.84943324
17.80449381,21.09502311,18.86796226,20.24845673,18.35755975,20.80865205,18.78829423,20,19.6977156,19.84943324,19.31320792,19.10497317,18.38477631,19.79898987,18.02775638,19.10497317,18.38477631,19.84943324,17.08800749,20.61552813,18.02775638,20.80865205,17.08800749,20.80865205,18.02775638,21.63330765,17.08800749,22.47220505,17.08800749,22.47220505,17.4642492,23.32380758,17,21.9544984,16.1245155,22.47220505,16.1245155,22.47220505,16.1245155,21.63330765,16.55294536,21.09502311,15.23154621,21.09502311,15.23154621,21.09502311,15.23154621,21.63330765,14.31782106,21.63330765,14.31782106,21.63330765
19.23538406,27.01851217,18.35755975,27.20294102,18.02775638,27.45906044,17.20465053,27.45906044,17.02938637,26.92582404,16.97056275,26.92582404,17.69180601,26.92582404,17.80449381,26.92582404,17.80449381,27.45906044,17.80449381,26.62705391,17.20465053,26.62705391,18.02775638,26.62705391,18.86796226,26.62705391,18.86796226,26.62705391,18.02775638,26.40075756,18.02775638,26.40075756,18.02775638,26.40075756,17.20465053,25.8069758,17.20465053,25.8069758,16.64331698,25.23885893,17.49285568,25.23885893,17.49285568,23.85372088,17,23.85372088,17,23.85372088,16.1245155,23.02172887,16.1245155,23.02172887
24.69817807,16.40121947,24.69817807,16.1245155,24.41311123,16.1245155,24.41311123,17.4642492,22.6715681,16.55294536,24.08318916,17.4642492,23.34523506,16.55294536,22.627417,16.15549442,23.34523506,16.55294536,21.9317122,16.55294536,23.43074903,17.4642492,23.43074903,17.4642492,22.8035085,17.4642492,23.60084744,16.55294536,23.43074903,16.55294536,23.02172887,17,22.02271555,16.55294536,22.20360331,15.65247584,22.02271555,15.65247584,20.61552813,15.23154621,21.40093456,13.92838828,20,13.92838828,20,13,20,13,20.61552813,12.64911064,20.61552813,11.70469991
29.15475947,15.62049935,29.15475947,16.64331698,28.01785145,17,28.01785145,17.4642492,27.01851217,17.4642492,27.01851217,18.38477631,26.90724809,18.38477631,26.17250466,18.38477631,26.17250466,18.02775638,26.17250466,18.38477631,26.90724809,18.02775638,26.90724809,18.02775638,26.90724809,18.02775638,27.01851217,17.08800749,25.61249695,17.4642492,25.61249695,16.55294536,24.8394847,17.4642492,24.20743687,16.55294536,24.8394847,16.15549442,23.43074903,16.15549442,23.43074903,15.8113883,22.8035085,14.56021978,22.8035085,13.60147051,24.20743687,12.36931688,23.43074903,12.36931688,23.43074903,12.36931688
26.92582404,18.35755975,27.29468813,18.02775638,27.73084925,17.20465053,27.31300057,17.02938637,27.31300057,16.2788206,27.73084925,16.40121947,27.73084925,16.64331698,26.40075756,16.1245155,26.40075756,17,25.49509757,17.88854382,25.49509757,18.78829423,24.59674775,18.78829423,24.59674775,18.78829423,24.18677324,18.38477631,24.18677324,19.31320792,23.32380758,18.38477631,23.32380758,18.38477631,22.47220505,17.4642492,21.9544984,16.55294536,21.9544984,17.4642492,20.59126028,17.08800749,19.23538406,17.4642492,18.35755975,17.4642492,18.78829423,18.78829423,17.88854382,17.88854382,17.4642492,17.88854382
21.9317122,20.24845673,21.47091055,19.72308292,21.47091055,21.02379604,20.24845673,21.02379604,20.80865205,21.54065923,19.84943324,20.61552813,19.84943324,20.24845673,20.51828453,20.24845673,19.79898987,20.24845673,20.51828453,21.1896201,20.61552813,21.1896201,20.61552813,21.1896201,20,21.1896201,20.80865205,20.24845673,20.24845673,19.31320792,19.41648784,20.24845673,20.24845673,19.31320792,19.41648784,19.31320792,18.86796226,18.02775638,18.86796226,17.72004515,18.86796226,17.72004515,18.35755975,16.4924225,19.23538406,15.5241747,18.35755975,15.5241747,18.35755975,14.56021978,18.35755975,13.34166406
22.02271555,21.9544984,23.02172887,21.9544984,23.32380758,21.63330765,22.82542442,21.63330765,22.82542442,21.26029163,23.70653918,21.26029163,22.82542442,20.51828453,23.70653918,21.21320344,22.36067977,20.51828453,22.36067977,19.84943324,23.70653918,20.61552813,23.2594067,19.84943324,23.2594067,20,22.36067977,20.80865205,22.36067977,20.80865205,21.47091055,20.80865205,21.47091055,20,20.59126028,19.41648784,21.02379604,19.41648784,19.6977156,18.60107524,19.31320792,18.86796226,18.38477631,18.86796226,17.08800749,18.86796226,18.38477631,19.72308292,17.08800749,18.86796226,16.15549442,18.86796226
22.20360331,22.36067977,21.9544984,21.9544984,23.70653918,21.63330765,23.2594067,21.40093456,22.36067977,21.26029163,23.2594067,21.21320344,22.84731932,21.21320344,23.2594067,21.26029163,22.84731932,21.26029163,23.2594067,21.40093456,22.84731932,21.40093456,21.9317122,20.80865205,23.2594067,20.80865205,22.36067977,21.09502311,21.47091055,21.09502311,21.47091055,21.09502311,21.9544984,20.24845673,20.59126028,19.72308292,20.1246118,19.41648784,19.6977156,18.86796226,18.78829423,18.86796226,18.38477631,19.23538406,16.55294536,19.72308292,17.08800749,20.59126028,16.15549442,19.72308292,16.15549442,19.72308292
21.02379604,22.20360331,20.59126028,22.47220505,20.24845673,24.18677324,19.41648784,23.70653918,19.20937271,23.2594067,19.10497317,24.59674775,19.79898987,23.2594067,19.10497317,23.2594067,19.10497317,23.2594067,19.20937271,23.2594067,20,23.2594067,19.41648784,23.2594067,20.24845673,23.2594067,19.72308292,22.36067977,19.72308292,22.82542442,19.72308292,22.82542442,19.72308292,21.9544984,18.35755975,21.9544984,18.02775638,21.47091055,17.49285568,21.02379604,18.35755975,20.1246118,18.35755975,19.6977156,18.35755975,18.78829423,19.23538406,18.38477631,18.86796226,17.4642492,17.49285568,17.08800749
30.23243292,9.486832981,32.75667871,8.544003745,31.06444913,9.433981132,31.90611227,8.485281374,31.90611227,9.219544457,31.6227766,8.062257748,31.6227766,9.848857802,30.52867504,9.486832981,31.06444913,8.062257748,30.23243292,10.19803903,31.6227766,10.04987562,28.42534081,11.40175425,29.06888371,11.04536102,32.80243893,11.40175425,32.20248438,11.18033989,31.2409987,11.40175425,30.61045573,10.04987562,31.2409987,10.04987562,30,10,27.01851217,10.04987562,27.80287755,11.18033989,27.01851217,11,26.2488095,12.04159458,26.2488095,12.04159458,24.8394847,12.16552506,24.20743687,12.04159458
30.23243292,7.280109889,31.06444913,6.708203932,31.06444913,6.403124237,30.52867504,6.403124237,30.23243292,6.708203932,31.06444913,6.32455532,31.06444913,7.071067812,30.23243292,7.071067812,30.23243292,7,30,8.062257748,30,8,29.41088234,9.055385138,30,9,30.61045573,9,29.20616373,9,29.83286778,9,29.20616373,8,28.42534081,8,27.80287755,8,27.20294102,9.055385138,26.40075756,9.055385138,25.8069758,10.04987562,25,10,25,11,24.20743687,11.04536102,24.20743687,10.04987562
24.20743687,19.23538406,24.41311123,19.23538406,25.23885893,18.86796226,25.55386468,18.60107524,25.23885893,18.43908891,25.55386468,18.38477631,25.23885893,18.38477631,24.69817807,18.43908891,25.55386468,17.69180601,25.23885893,17.20465053,26.07680962,17.20465053,26.07680962,17.20465053,26.07680962,16.64331698,25.8069758,17.49285568,25.23885893,17.49285568,25,17.49285568,24.41311123,17.20465053,23.60084744,16.64331698,23.85372088,16.64331698,22.47220505,16.64331698,21.9544984,17.49285568,21.9544984,17,21.09502311,17,21.09502311,17.88854382,21.09502311,17,20.59126028,17.88854382
30.52867504,10.63014581,30.52867504,11.40175425,30.52867504,12.52996409,31.06444913,12.08304597,30.23243292,12.08304597,30,12.64911064,30,12.64911064,30.61045573,12.36931688,29.83286778,13.15294644,29.83286778,13.15294644,29.73213749,14.14213562,30.41381265,14.14213562,30.41381265,14.14213562,29.69848481,14.03566885,30.41381265,13.15294644,29.69848481,14.14213562,29,13.15294644,28.28427125,13.15294644,28.28427125,13.03840481,28.28427125,13,26.87005769,13.03840481,27.58622845,13.15294644,26.90724809,12.16552506,26.90724809,12.04159458,26.2488095,12.16552506,25.49509757,10.19803903
29.68164416,4.123105626,28.8444102,3.605551275,29.15475947,3.605551275,28.8444102,4.123105626,28.8444102,5.099019514,28.60069929,6,28.60069929,6,29.20616373,7,28.42534081,7.071067812,29.06888371,8.062257748,29.06888371,7.071067812,29.06888371,8.062257748,28.31960452,8.246211251,28.31960452,8.246211251,28.28427125,8.246211251,27.58622845,7.071067812,27.58622845,7.071067812,27.58622845,7.071067812,26.17250466,7.280109889,26.17250466,8.246211251,25.49509757,7.280109889,24.75883681,8.062257748,25.45584412,8.062257748,25.45584412,7.211102551,24.75883681,7.211102551,24.04163056,7.211102551
12.80624847,29.68164416,13.03840481,29.68164416,13.41640786,28.8444102,13.92838828,29.41088234,13.92838828,28.42534081,14.56021978,28.42534081,14.56021978,29.06888371,14.56021978,29,14.56021978,29,15.5241747,29,15.29705854,29,15.5241747,29.73213749,15.29705854,29.06888371,14.56021978,29.83286778,14.56021978,29.20616373,14.56021978,29.20616373,14.56021978,28.42534081,13.92838828,27.80287755,14.56021978,27.01851217,13.34166406,27.01851217,13.15294644,26.40075756,13.15294644,26.40075756,12.04159458,26.40075756,11.04536102,26.40075756,11.04536102,25.61249695,10,25.61249695
31.6227766,8.062257748,32.44996148,7.810249676,31.6227766,7.810249676,31.6227766,8.94427191,30.8058436,8.94427191,30.61045573,9.848857802,30.61045573,10.44030651,29.83286778,10.44030651,30.47950131,10.19803903,30.47950131,9.219544457,30.47950131,9.055385138,31.144823,10.04987562,31.144823,10,31.11269837,9.055385138,30.41381265,10.04987562,30.41381265,10.04987562,29.69848481,10.04987562,29,9.055385138,29.69848481,10.04987562,29,10.04987562,28.28427125,10,28.28427125,10,27.58622845,9.055385138,28.28427125,9.219544457,27.58622845,8.062257748,26.87005769,9.219544457
11.18033989,26.40075756,10.29563014,26.40075756,10,26.62705391,9.899494937,26.62705391,9.899494937,26.62705391,10,26.62705391,10,26.62705391,9.433981132,26.62705391,10.29563014,26.62705391,10.29563014,25.8069758,11.18033989,25.8069758,11.18033989,25.8069758,12.08304597,25.8069758,11.70469991,26.40075756,11.70469991,25.61249695,10.77032961,25.61249695,10.77032961,25,10.77032961,25,10.77032961,24.41311123,10.77032961,24.41311123,10.44030651,23.02172887,11.40175425,23.02172887,11.40175425,21.63330765,12.64911064,21.63330765,12.64911064,21.63330765,12.64911064,20.24845673
24.18677324,20.24845673,24.69817807,20.1246118,24.41311123,21.9317122,23.43074903,22.47220505,23.34523506,21.54065923,22.627417,21.54065923,22.6715681,21.54065923,22.6715681,21.54065923,22.6715681,21.54065923,22.8035085,21.54065923,23.60084744,21.54065923,23.60084744,21.1896201,23.85372088,20.61552813,23.85372088,20.61552813,23.32380758,20.1246118,23.32380758,20.1246118,22.47220505,19.23538406,21.63330765,18.78829423,20.80865205,18.78829423,21.63330765,18.02775638,21.09502311,17.72004515,21.9544984,16.76305461,22.82542442,15.8113883,21.9544984,14.56021978,22.47220505,14.56021978,21.09502311,13.60147051
31.40063694,8.246211251,31.40063694,5.830951895,31.6227766,6.403124237,31.40063694,6.403124237,30.8058436,5.830951895,30.61045573,5.830951895,31.2409987,6.32455532,30.61045573,6.08276253,31.2409987,7.071067812,31.2409987,8.062257748,31.89043744,8.246211251,31.2409987,8.246211251,31.89043744,8.246211251,31.89043744,8.246211251,31.144823,8.062257748,31.2409987,8.246211251,31.2409987,8.062257748,31.2409987,7.071067812,30.47950131,8.062257748,29.83286778,8,29.83286778,8,28.42534081,9,28.42534081,9.055385138,28.42534081,10.04987562,27.01851217,9.055385138,27.01851217,9.055385138
20.24845673,20,20,20.24845673,19.84943324,19.72308292,19.79898987,19.72308292,19.84943324,19.72308292,19.84943324,19.72308292,20.61552813,19.72308292,20.61552813,19.72308292,20.61552813,19.72308292,20.80865205,20.24845673,21.63330765,19.41648784,21.63330765,20.80865205,21.63330765,20.80865205,21.63330765,21.40093456,20.80865205,21.40093456,20.24845673,21.26029163,20,20.61552813,18.60107524,20.61552813,17.69180601,20,17.02938637,20.24845673,16.40121947,18.86796226,17.80449381,17.49285568,17.20465053,17.49285568,17.80449381,17,17.02938637,16.1245155,17.69180601,15.23154621
5.385164807,34.13209633,5.656854249,34.98571137,6.708203932,34.66987165,7.071067812,34.13209633,7.071067812,33.60059523,8,34.40930107,9,33.60059523,9.055385138,34.20526275,9.055385138,33.42154993,9.055385138,32.64965543,9.219544457,34.05877273,9.219544457,33.9705755,9.219544457,33.9705755,9.219544457,33.9411255,10.04987562,33.9705755,10.04987562,33.9411255,10.04987562,32.55764119,9,31.82766093,10.04987562,31.144823,10.04987562,29.73213749,10.19803903,29,10.44030651,28.31960452,9.848857802,26.90724809,8.94427191,27.58622845,8.062257748,26.90724809,8.062257748,26.90724809
20.59126028,26.62705391,19.72308292,26.62705391,20.24845673,26.92582404,20,27.78488798,19.10497317,27.78488798,19.10497317,27.78488798,19.10497317,26.92582404,18.43908891,26.92582404,18.60107524,26.41968963,18.60107524,26.92582404,18.02775638,26.92582404,19.41648784,26.07680962,18.86796226,26.07680962,18.86796226,26.07680962,18.86796226,25.23885893,18.86796226,25.23885893,18.02775638,25.23885893,18.02775638,23.85372088,18.02775638,23.32380758,18.02775638,22.82542442,18.86796226,22.36067977,19.72308292,21.47091055,19.23538406,21.47091055,19.72308292,21.9544984,18.35755975,20.59126028,18.86796226,19.23538406
29.15475947,4.123105626,29.52964612,3.605551275,30.41381265,3.16227766,29.52964612,4,29.52964612,5.099019514,29.15475947,6.32455532,29.15475947,7.280109889,29.15475947,7.280109889,28.3019434,8.544003745,28.3019434,8.544003745,28.01785145,9.848857802,28.01785145,9.486832981,28.01785145,9.848857802,27.20294102,10.77032961,27.01851217,10.44030651,27.01851217,10.44030651,26.40075756,9.486832981,25.61249695,9.486832981,25,9.486832981,25,9.219544457,23.60084744,10.44030651,22.8035085,11.18033989,22.8035085,11.18033989,22.02271555,11.18033989,21.40093456,11.04536102,20.61552813,11.04536102
5.099019514,31.06444913,4.472135955,31.06444913,3.605551275,31.90611227,4.123105626,31.90611227,4,31.06444913,6.08276253,31.6227766,6.08276253,31.6227766,6.32455532,31.40063694,7.280109889,30.8058436,7.615773106,30.61045573,8.544003745,30.61045573,8.544003745,31.2409987,8.544003745,31.2409987,8.544003745,30.47950131,8.544003745,29.73213749,9.486832981,29.73213749,8.544003745,29.73213749,8.544003745,29.06888371,8.544003745,29.06888371,9.486832981,27.65863337,10.44030651,26.2488095,10.19803903,26.2488095,10.04987562,25.49509757,11.04536102,26.2488095,10.04987562,25.49509757,11.04536102,24.08318916
11.66190379,25.61249695,12.20655562,26.40075756,12.04159458,26.40075756,11.3137085,27.20294102,11.40175425,27.80287755,11.40175425,27.80287755,11.66190379,27.80287755,11.18033989,27.65863337,11.18033989,27.01851217,12.08304597,27.65863337,12.08304597,28.31960452,11.70469991,27.65863337,11.70469991,29.06888371,11.70469991,28.31960452,11.70469991,27.58622845,11.70469991,28.31960452,10.77032961,28.31960452,10.77032961,27.58622845,10.77032961,26.90724809,11.40175425,26.2488095,11.40175425,26.2488095,11.40175425,24.8394847,11.70469991,24.08318916,11.70469991,24.75883681,11.70469991,24.08318916,11.70469991,24.08318916
33.28663395,3.16227766,33.28663395,2.828427125,34.13209633,3.16227766,34.66987165,4,33.01514804,5.099019514,33.01514804,6.08276253,33.60059523,6.08276253,32.80243893,7.280109889,32.80243893,7.615773106,32.64965543,8.246211251,32.64965543,8.544003745,31.89043744,8.544003745,31.89043744,8.94427191,31.89043744,8.94427191,31.144823,8.94427191,31.89043744,8.062257748,31.144823,7.615773106,30.41381265,7.615773106,29.73213749,8.062257748,29.06888371,8.062257748,28.31960452,8.602325267,28.31960452,9.219544457,27.58622845,9.219544457,27.58622845,8.485281374,26.90724809,8.485281374,26.17250466,7.810249676
31.06444913,8.544003745,31.90611227,8.062257748,31.90611227,7.810249676,31.90611227,7.211102551,31.06444913,7.615773106,31.6227766,8.544003745,31.6227766,9.219544457,30.8058436,9.055385138,31.40063694,9.055385138,32.01562119,10.04987562,31.2409987,10.04987562,31.2409987,10.04987562,31.2409987,11,31.144823,11,31.144823,10,31.144823,10,31.144823,10,29.73213749,9,29.06888371,9,29.06888371,10,28.31960452,11,27.58622845,11,27.58622845,11.04536102,26.90724809,11.04536102,26.17250466,11.18033989,25.49509757,11.18033989
29.15475947,2,29.52964612,1,29.15475947,2.236067977,30.01666204,3.605551275,28.3019434,5,28.8444102,6.403124237,28.8444102,6.403124237,28.60069929,7.211102551,28.60069929,7.810249676,27.80287755,7.810249676,28.42534081,8.602325267,27.80287755,8.602325267,27.65863337,8.602325267,26.90724809,8.062257748,26.90724809,8.602325267,27.58622845,8.602325267,26.90724809,7.810249676,26.17250466,7.211102551,25.49509757,8.062257748,24.08318916,8.602325267,24.08318916,8.94427191,22.6715681,8.94427191,21.9317122,9.486832981,22.6715681,9.486832981,21.9317122,9.219544457,21.26029163,9.219544457
27.45906044,14.31782106,28.3019434,13.89244399,27.78488798,13.60147051,27.78488798,14.2126704,27.78488798,12.72792206,27.78488798,14.2126704,28.3019434,12.80624847,27.78488798,13.60147051,28.3019434,13.03840481,28.3019434,13.89244399,28.3019434,13.41640786,28.3019434,13.92838828,28.3019434,13.92838828,27.45906044,13.92838828,27.20294102,13.92838828,27.20294102,13.92838828,27.20294102,13.60147051,25.8069758,12.64911064,25.23885893,12.64911064,25.23885893,13.60147051,23.02172887,13.60147051,23.02172887,13.34166406,22.20360331,14.56021978,22.20360331,14.56021978,21.63330765,14.86606875,20.80865205,14.86606875
20.61552813,27.78488798,21.40093456,26.92582404,22.47220505,26.62705391,21.9544984,26.40075756,22.82542442,26.2488095,22.82542442,25.49509757,22.82542442,25.45584412,22.36067977,25.45584412,22.36067977,25.49509757,22.36067977,25.49509757,22.36067977,26.2488095,21.02379604,25.61249695,22.36067977,26.40075756,21.47091055,26.40075756,21.9544984,25.8069758,21.9544984,25.8069758,21.47091055,25.8069758,21.09502311,24.41311123,21.47091055,25,20.1246118,24.41311123,19.6977156,24.41311123,18.78829423,24.41311123,17.4642492,25.23885893,17.4642492,25.23885893,16.55294536,25.23885893,16.55294536,24.41311123
17.80449381,23.32380758,19.41648784,23.32380758,18.86796226,23.02172887,19.72308292,22.20360331,19.23538406,22.02271555,19.23538406,21.26029163,19.23538406,21.9317122,19.23538406,21.21320344,19.23538406,21.21320344,20.1246118,21.26029163,20.1246118,21.26029163,20.1246118,22.02271555,20.1246118,21.40093456,20.1246118,21.40093456,19.23538406,20.80865205,19.72308292,21.40093456,19.72308292,20.80865205,18.35755975,20,18.78829423,19.41648784,17.4642492,20,17.4642492,20.24845673,16.15549442,19.72308292,16.15549442,19.72308292,15.65247584,20.24845673,14.31782106,20.24845673,15.23154621,20.24845673
19.20937271,23.32380758,19.20937271,23.02172887,20.24845673,24.41311123,20.24845673,24.20743687,20.59126028,23.43074903,21.09502311,23.34523506,21.9544984,23.34523506,21.47091055,21.9317122,21.47091055,22.6715681,22.82542442,23.43074903,21.9544984,22.8035085,21.9544984,22.8035085,22.82542442,22.20360331,21.9544984,23.02172887,21.9544984,22.47220505,21.9544984,22.20360331,21.09502311,22.47220505,21.09502311,21.63330765,21.09502311,21.63330765,19.72308292,20.24845673,19.72308292,21.09502311,18.35755975,20.24845673,17,21.9544984,17,21.63330765,17,21.63330765,16.1245155,21.63330765
30.88689042,15,30.88689042,15.8113883,31.06444913,15.23154621,30.23243292,17.08800749,30,17.08800749,30,17.72004515,29.73213749,17.72004515,29.69848481,17.72004515,29,18.43908891,29.69848481,17.4642492,29.73213749,18.68154169,29.73213749,18.43908891,30.47950131,18.43908891,29.83286778,18.43908891,30,17.72004515,30,17.08800749,27.80287755,16.76305461,27.80287755,15.8113883,27.80287755,15.5241747,27.01851217,15.5241747,26.40075756,15.29705854,26.62705391,15.13274595,25.8069758,12.16552506,27.20294102,12.16552506,25.8069758,12.16552506,26.40075756,11.04536102
19.23538406,25.23885893,18.86796226,26.07680962,17.80449381,26.92582404,17.02938637,27.29468813,16.2788206,26.92582404,17.02938637,26.92582404,16.40121947,26.07680962,16.40121947,26.07680962,15.8113883,26.07680962,15.26433752,25.23885893,16.1245155,26.07680962,17.49285568,25.23885893,17,25.23885893,17.88854382,25.8069758,17,25.8069758,16.55294536,25,16.55294536,24.41311123,16.55294536,23.60084744,16.55294536,23.60084744,16.55294536,23.02172887,17.08800749,23.02172887,17.08800749,22.20360331,18.38477631,20.61552813,18.38477631,20.61552813,18.78829423,20.61552813,17.88854382,20.61552813
25.94224354,18.02775638,25.55386468,18.35755975,26.07680962,18.78829423,26.07680962,19.31320792,25,19.31320792,25.61249695,19.92485885,24.8394847,19.92485885,25.49509757,19.92485885,24.75883681,19.92485885,24.75883681,19.92485885,24.75883681,19.92485885,24.75883681,19.6468827,24.75883681,19.6468827,24.8394847,19.6468827,24.20743687,19.6468827,24.20743687,19.92485885,23.60084744,19.6468827,22.20360331,18.68154169,22.8035085,18.43908891,21.40093456,17.4642492,21.63330765,16.1245155,21.09502311,16.1245155,21.63330765,14.14213562,22.47220505,14.14213562,21.63330765,13.15294644,20.80865205,12.04159458
19.23538406,23.02172887,19.72308292,23.85372088,18.60107524,23.70653918,17.80449381,25.07987241,16.97056275,23.70653918,17.80449381,24.16609195,17.20465053,24.59674775,18.02775638,23.2594067,18.86796226,23.2594067,18.35755975,21.47091055,19.23538406,22.82542442,20.59126028,21.9544984,21.47091055,22.82542442,21.9317122,22.47220505,21.02379604,22.47220505,21.9317122,23.02172887,21.02379604,22.47220505,21.02379604,22.20360331,20.59126028,22.20360331,20.1246118,22.47220505,19.6977156,21.09502311,20.61552813,21.09502311,20.61552813,19.41648784,21.54065923,19.41648784,20.61552813,20.24845673,21.02379604,19.41648784
21.47091055,22.8035085,21.9544984,23.02172887,21.63330765,23.85372088,22.20360331,24.18677324,20.61552813,23.32380758,21.26029163,24.18677324,20.51828453,24.18677324,21.21320344,24.18677324,20.51828453,23.70653918,19.84943324,24.18677324,20.61552813,23.70653918,20.61552813,23.70653918,20.61552813,23.70653918,20.80865205,23.70653918,20.80865205,22.82542442,20.80865205,23.32380758,19.41648784,23.32380758,20.24845673,22.82542442,19.41648784,22.82542442,18.86796226,21.47091055,18.86796226,21.47091055,19.72308292,21.02379604,19.23538406,19.23538406,19.72308292,19.23538406,19.72308292,19.23538406,18.86796226,17.88854382
26.92582404,14.4222051,26.92582404,15.26433752,26.62705391,15.65247584,25.8069758,16.15549442,25.61249695,15.8113883,25.49509757,16.76305461,25.49509757,16.76305461,24.75883681,16.4924225,24.75883681,16.4924225,24.75883681,15.5241747,25.45584412,16.2788206,24.75883681,15.29705854,25.49509757,16.2788206,24.8394847,15.29705854,24.8394847,15.29705854,24.8394847,15.29705854,24.8394847,15.29705854,24.20743687,14.31782106,24.08318916,14.14213562,23.43074903,14.14213562,22.8035085,14.03566885,22.8035085,13,22.8035085,12,22.8035085,11,22.8035085,11,22.8035085,10.04987562
13.45362405,29.15475947,13.60147051,28.8444102,14.76482306,28.8444102,15.65247584,27.20294102,15.23154621,27.80287755,15.65247584,27.01851217,16.15549442,27.65863337,15.8113883,26.17250466,15.8113883,26.17250466,17.08800749,26.17250466,16.76305461,26.90724809,16.76305461,26.17250466,16.76305461,26.2488095,15.8113883,26.2488095,14.86606875,26.40075756,15.8113883,27.01851217,15.23154621,26.40075756,14.86606875,25.61249695,13.92838828,24.8394847,14.56021978,25.61249695,13.34166406,25,12.16552506,25,12.36931688,24.41311123,12.36931688,25.8069758,12.16552506,25,11.18033989,25
2.828427125,34.13209633,0,34.4818793,2.236067977,33.61547263,3.605551275,34,3.605551275,32.44996148,5,33.28663395,6.403124237,32.44996148,7.211102551,32.44996148,7.810249676,31.6227766,7.071067812,30.8058436,8.485281374,32.20248438,9.219544457,31.40063694,9.219544457,31.40063694,9.219544457,32.01562119,9.219544457,31.2409987,9.219544457,31.144823,9.219544457,29.83286778,9.219544457,29.73213749,9.219544457,29.83286778,9.219544457,28.42534081,10,27.65863337,10.81665383,26.90724809,10.29563014,26.17250466,10.77032961,26.90724809,9.486832981,26.2488095,9.486832981,25.49509757
30.23243292,3.605551275,30.52867504,2.828427125,30.23243292,4.123105626,31.06444913,5,30,5.099019514,30,6.08276253,30.61045573,6.32455532,29.20616373,6.32455532,29.83286778,6.708203932,29.06888371,7.280109889,29.06888371,7.615773106,29.73213749,7.615773106,29.73213749,8.544003745,30.41381265,8.94427191,29.73213749,8.544003745,29.69848481,8.544003745,29.73213749,8.544003745,28.28427125,7.615773106,28.31960452,8.94427191,27.58622845,8.062257748,26.87005769,8.602325267,26.87005769,9.219544457,24.75883681,8.485281374,25.49509757,8.485281374,26.17250466,8.485281374,25.45584412,7.810249676
13,30.23243292,12.08304597,30.23243292,11.40175425,30.52867504,11.3137085,30.52867504,11.40175425,30.52867504,11.66190379,31.06444913,10.81665383,31.06444913,11.18033989,31.06444913,12.08304597,30.23243292,12.08304597,30.23243292,11.70469991,30.23243292,11.70469991,30.23243292,12.64911064,30.23243292,12.36931688,30,11.40175425,29.20616373,11.40175425,30,11.40175425,29.20616373,11.40175425,27.80287755,11.40175425,28.60069929,12.16552506,27.20294102,13.15294644,26.62705391,13.34166406,25,13.34166406,25,14.31782106,25,13.34166406,25,13.60147051,23.60084744
28.8444102,12.52996409,28.3019434,11.66190379,28.3019434,11.40175425,29.15475947,11.3137085,28.3019434,11.40175425,28.3019434,11.66190379,28.8444102,11.66190379,28.8444102,11.18033989,28.8444102,10.77032961,28.01785145,11.70469991,28.01785145,11.70469991,28.01785145,11.70469991,27.20294102,12.36931688,27.80287755,12.36931688,27.01851217,12.36931688,27.01851217,12.36931688,27.01851217,12.36931688,25.61249695,11.40175425,25,11.40175425,24.20743687,12.36931688,24.20743687,12.36931688,22.8035085,13.34166406,22.8035085,13.34166406,22.8035085,13.60147051,22.02271555,13.60147051,21.40093456,13.60147051
19.84943324,22.82542442,20,22.47220505,21.09502311,22.47220505,21.09502311,22.20360331,21.09502311,22.20360331,21.9544984,22.02271555,21.9544984,21.9317122,21.9544984,21.26029163,21.9544984,21.21320344,22.82542442,21.9317122,22.82542442,21.9317122,22.36067977,21.26029163,22.36067977,22.02271555,21.47091055,21.40093456,21.9544984,20.80865205,22.82542442,20.61552813,21.9544984,20,20.59126028,19.41648784,20.59126028,19.41648784,20.1246118,19.41648784,20.1246118,19.41648784,18.78829423,18.86796226,17.88854382,19.72308292,17.88854382,20.24845673,17,19.41648784,17,19.41648784
28.3019434,12.04159458,28.8444102,13.60147051,28.01785145,13.41640786,27.20294102,13,27.80287755,13,28.42534081,14.86606875,28.31960452,14.86606875,26.90724809,14.56021978,26.90724809,15.8113883,27.58622845,15.5241747,27.58622845,14.56021978,26.87005769,15.5241747,27.58622845,15.29705854,27.65863337,14.56021978,26.90724809,14.56021978,27.01851217,14.31782106,26.2488095,14.31782106,25.61249695,13.34166406,25.49509757,13.34166406,24.8394847,14.14213562,24.20743687,12.16552506,24.20743687,12.04159458,25,12.04159458,25,11,24.20743687,11,24.20743687,10
12.04159458,31.38470965,12.20655562,31.38470965,13,31.38470965,13.92838828,31.38470965,13.60147051,30.23243292,14.31782106,30.8058436,14.31782106,30,14.31782106,29.83286778,14.14213562,29.83286778,15.13274595,30.47950131,15.13274595,29.73213749,15.13274595,29.73213749,15.03329638,29.69848481,15.03329638,29.69848481,14.03566885,29,15.13274595,29,14.14213562,28.31960452,14.14213562,26.90724809,14.03566885,27.58622845,14,26.17250466,13.03840481,25.49509757,13.03840481,25.61249695,12.16552506,25.61249695,11.18033989,26.2488095,10.19803903,24.8394847,10.44030651,24.8394847
31.90611227,11.40175425,31.90611227,11.40175425,31.6227766,12.20655562,31.6227766,13.41640786,30.61045573,13.41640786,30.61045573,13.92838828,31.2409987,13.92838828,29.73213749,13.60147051,29.73213749,13.60147051,29.69848481,14.56021978,31.11269837,14.56021978,31.11269837,14.31782106,30.41381265,14.56021978,31.144823,14.56021978,30.47950131,14.56021978,30.47950131,14.56021978,30.47950131,14.56021978,29.83286778,13.60147051,29.06888371,14.31782106,29.06888371,13.15294644,28.42534081,13.03840481,29.20616373,12.04159458,28.60069929,12.04159458,30,11.04536102,29.20616373,11.04536102,28.60069929,10.04987562
25.8069758,13.92838828,26.07680962,13.89244399,26.07680962,13.03840481,26.92582404,12.80624847,26.07680962,12.04159458,26.92582404,12.72792206,26.92582404,12.04159458,26.07680962,12.20655562,26.92582404,12.20655562,26.07680962,12.20655562,26.07680962,13.03840481,26.07680962,13.41640786,26.07680962,13.41640786,26.07680962,13.41640786,25.23885893,13.41640786,25.23885893,13,25.23885893,13,24.41311123,13,23.85372088,13,23.85372088,12.64911064,22.47220505,12.64911064,22.47220505,13.60147051,21.09502311,13.60147051,21.09502311,14.86606875,21.09502311,13.92838828,20.24845673,13.92838828
29.41088234,11.70469991,28.60069929,11.66190379,29.68164416,10.81665383,28.8444102,10.63014581,28.8444102,10.63014581,29.41088234,10,30.23243292,10.81665383,29.41088234,10.29563014,29.41088234,10.29563014,30,9.848857802,30,10.77032961,29.41088234,10.44030651,29.41088234,11.40175425,29.20616373,11.40175425,28.42534081,11.40175425,29.20616373,11.40175425,27.80287755,10.19803903,27.80287755,10.44030651,27.20294102,10.19803903,26.40075756,10.19803903,25,11.04536102,25,11.18033989,24.20743687,11.18033989,24.20743687,12.36931688,24.20743687,11.40175425,22.8035085,11.40175425
15.65247584,25.61249695,15.26433752,26.40075756,14.4222051,27.20294102,14.2126704,26.62705391,14.14213562,25.8069758,14.14213562,25.8069758,14.86606875,26.62705391,14.2126704,26.62705391,14.2126704,26.62705391,13.60147051,27.20294102,13.03840481,27.20294102,13.03840481,27.20294102,13.03840481,26.40075756,13.41640786,26.40075756,13.89244399,26.40075756,13.89244399,26.40075756,13.89244399,25.61249695,13.03840481,25.8069758,13.41640786,24.41311123,13.41640786,24.41311123,13.41640786,23.85372088,14.31782106,23.02172887,14.31782106,23.02172887,14.31782106,23.02172887,14.31782106,22.20360331,14.31782106,22.20360331
29.41088234,10.81665383,29.20616373,11.66190379,29.83286778,11.70469991,28.31960452,11.70469991,29,11.70469991,29,11.70469991,29,11.40175425,29.06888371,11.40175425,29.06888371,11.18033989,29.83286778,12.36931688,30.61045573,12.64911064,30.61045573,12.64911064,30,11.70469991,30,11.70469991,30.8058436,11.18033989,30.61045573,12.08304597,30,11.66190379,29.20616373,11.66190379,28.60069929,11.18033989,28.42534081,10.77032961,28.42534081,9.848857802,27.80287755,9.486832981,28.60069929,9.486832981,28.60069929,9.848857802,28.42534081,8.94427191,27.65863337,8.94427191
31.6227766,4.123105626,30.8058436,2,30.8058436,2.236067977,30.8058436,2.236067977,30.61045573,2.236067977,31.40063694,3.16227766,30.61045573,4.123105626,31.2409987,4,31.2409987,4,31.2409987,4.123105626,32.64965543,4.472135955,31.2409987,4.123105626,31.2409987,5.385164807,31.144823,5.099019514,31.144823,6.08276253,31.144823,6.08276253,29.73213749,7.071067812,29.73213749,7.071067812,29.73213749,7.071067812,28.31960452,7.071067812,27.58622845,7.280109889,28.28427125,7.280109889,26.87005769,6.708203932,27.58622845,6.403124237,26.87005769,6.403124237,26.87005769,6.403124237
30.52867504,12.08304597,31.76476035,12.08304597,30.88689042,10.81665383,31.30495168,10.63014581,30.88689042,10,31.76476035,10.81665383,30.41381265,10.29563014,29.52964612,11.18033989,29.52964612,10.77032961,28.17800561,11.70469991,29.52964612,11.70469991,28.17800561,12.64911064,28.65309756,12.64911064,28.3019434,13.34166406,27.78488798,12.36931688,27.45906044,12.16552506,27.78488798,11.40175425,26.07680962,12.36931688,25.94224354,11.18033989,24.59674775,12.16552506,23.70653918,12.16552506,22.36067977,13.15294644,20.1246118,13.34166406,21.47091055,14.56021978,20.1246118,14.56021978,20.1246118,13.60147051
22.47220505,22.20360331,21.63330765,22.47220505,22.20360331,21.9544984,22.02271555,22.82542442,22.02271555,22.82542442,21.21320344,22.82542442,21.9317122,22.82542442,21.26029163,22.82542442,22.02271555,22.36067977,22.02271555,22.82542442,22.20360331,22.82542442,22.20360331,22.36067977,22.20360331,22.82542442,22.47220505,21.9544984,22.47220505,21.9544984,21.63330765,21.09502311,21.63330765,21.63330765,20.80865205,21.09502311,20.24845673,20.24845673,20.24845673,19.72308292,20.24845673,19.72308292,21.09502311,19.23538406,21.09502311,18.35755975,21.09502311,17.49285568,20.80865205,17,21.09502311,17
5.830951895,31.90611227,5,31.38470965,5.830951895,31.38470965,6.32455532,31.38470965,6.32455532,30.52867504,8.062257748,30.23243292,8,30.23243292,8,29.41088234,9,29.41088234,10,28.60069929,9.055385138,29.20616373,11.04536102,29.20616373,9.219544457,28.42534081,11.18033989,28.42534081,10.19803903,27.65863337,9.219544457,28.42534081,10.19803903,26.90724809,9.219544457,26.2488095,9.219544457,25.49509757,9.486832981,24.8394847,9.486832981,24.08318916,9.848857802,24.08318916,8.062257748,23.34523506,8.602325267,23.34523506,8.602325267,23.34523506,8.602325267,22.6715681
7.280109889,28.60069929,6.32455532,28.60069929,5.830951895,29.41088234,5.656854249,29.41088234,6.403124237,28.60069929,5.830951895,28.60069929,6.32455532,29.20616373,6.32455532,29.20616373,6.32455532,29.20616373,6.08276253,29.83286778,7,29.83286778,6,29.83286778,7,29.83286778,6,29.83286778,6,29.06888371,6,29.06888371,6.08276253,29.06888371,6,27.65863337,6.08276253,27.01851217,6.08276253,27.01851217,7.071067812,25.61249695,7.071067812,25.61249695,7.071067812,24.8394847,7,24.20743687,8,24.20743687,8,22.8035085
17,24.41311123,17.49285568,25.23885893,16.40121947,26.07680962,16.40121947,25.55386468,16.97056275,26.41968963,16.97056275,26.41968963,17.69180601,25.55386468,17.80449381,25.55386468,17.20465053,26.41968963,17.80449381,25.55386468,18.02775638,26.41968963,16.64331698,25.94224354,17.49285568,25.05992817,17,26.41968963,17.49285568,25.55386468,17,24.69817807,16.1245155,24.69817807,16.1245155,25.05992817,16.1245155,22.82542442,15.23154621,22.82542442,15.65247584,21.9317122,16.55294536,21.02379604,16.55294536,21.02379604,16.55294536,20.1246118,16.1245155,18.78829423,16.1245155,18.38477631
29.41088234,3.16227766,28.60069929,2,29.41088234,1.414213562,28.60069929,2,28.60069929,2,29.20616373,3.16227766,29.20616373,3.16227766,29.20616373,4.123105626,29.20616373,4.123105626,29.83286778,5,29.83286778,5.385164807,29.83286778,5,29.83286778,5.830951895,29.83286778,5.830951895,29.73213749,6.403124237,29.06888371,5.830951895,28.31960452,5.830951895,28.31960452,6.403124237,26.90724809,6.403124237,27.65863337,7.211102551,26.2488095,7.211102551,25.49509757,8.062257748,24.75883681,8.062257748,25.49509757,7.615773106,24.8394847,7.615773106,24.08318916,8.544003745
30,5,30,4.123105626,30.23243292,3.605551275,30,2.828427125,30.8058436,3.16227766,30,4.123105626,30.61045573,4.123105626,30.61045573,5,30.61045573,5,31.2409987,5,31.2409987,5.099019514,31.2409987,5.099019514,31.2409987,6.32455532,31.2409987,6.32455532,31.144823,6.32455532,31.89043744,6.32455532,30.41381265,5.830951895,29.73213749,5.830951895,29.06888371,6.708203932,29.06888371,6.708203932,27.65863337,7.615773106,27.65863337,7.615773106,26.90724809,8.544003745,26.90724809,8.246211251,26.17250466,8.246211251,25.49509757,8.246211251
28.8444102,10.63014581,28.8444102,11.40175425,28.8444102,11.18033989,28.60069929,12.08304597,28.42534081,11.70469991,28.42534081,11.70469991,29.06888371,11.70469991,28.31960452,12.64911064,28.31960452,12.64911064,29,12.64911064,28.28427125,12.64911064,28.28427125,13.60147051,29,13.34166406,28.31960452,13.34166406,28.31960452,13.34166406,28.31960452,13.60147051,27.65863337,12.64911064,26.90724809,12.64911064,26.2488095,12.36931688,26.2488095,12.36931688,25.61249695,12.16552506,25.61249695,12.16552506,25.61249695,11.18033989,25.61249695,10.04987562,24.8394847,10.04987562,24.8394847,9.055385138
31.06444913,9.219544457,31.06444913,9.219544457,31.06444913,9.433981132,31.6227766,9.486832981,30.8058436,9.486832981,30,10.44030651,30.61045573,10.19803903,30.47950131,10.44030651,30.47950131,11.04536102,30.41381265,11.18033989,30.41381265,11.04536102,31.144823,12.04159458,30.41381265,12.04159458,30.41381265,11.04536102,29,12.04159458,30.41381265,11.04536102,29.69848481,11.04536102,29,11.18033989,28.28427125,11.04536102,27.58622845,11.04536102,26.17250466,11,26.90724809,11.04536102,25.49509757,10.04987562,26.90724809,9.219544457,26.17250466,8.246211251,25.49509757,9.219544457
28.01785145,5.385164807,28.01785145,5.385164807,28.8444102,4.242640687,28.8444102,4.472135955,28.60069929,5.385164807,29.41088234,6.08276253,28.60069929,6.08276253,28.60069929,7.071067812,29.20616373,7,29.20616373,7,29.83286778,7,29.20616373,7,29.83286778,7.071067812,29.73213749,8.062257748,29.06888371,7.071067812,29.73213749,8.062257748,28.31960452,7.280109889,27.58622845,7.280109889,27.65863337,7.280109889,26.90724809,8.246211251,25.49509757,9.055385138,26.17250466,9.055385138,24.75883681,10.04987562,25.45584412,10.04987562,24.75883681,9,24.04163056,10
9.219544457,26.92582404,9.899494937,26.62705391,9.433981132,26.92582404,10.29563014,26.62705391,10.77032961,25.8069758,10.77032961,26.40075756,10.44030651,26.40075756,11.40175425,26.2488095,11.40175425,27.01851217,12.64911064,26.2488095,12.36931688,26.90724809,12.16552506,26.90724809,13.34166406,26.17250466,12.16552506,26.87005769,12.36931688,26.17250466,12.36931688,25.45584412,12.16552506,24.04163056,12.16552506,24.75883681,12.36931688,23.34523506,12,22.627417,12,22.627417,11.04536102,22.6715681,11.04536102,21.9317122,10,23.43074903,10.04987562,22.6715681,9.219544457,22.6715681
18.35755975,23.02172887,18.02775638,22.47220505,18.02775638,23.32380758,17.80449381,23.32380758,17.69180601,22.82542442,17.69180601,23.70653918,17.69180601,23.70653918,17.02938637,22.82542442,18.43908891,23.70653918,17.80449381,23.70653918,18.60107524,23.70653918,18.60107524,23.70653918,18.86796226,23.70653918,18.86796226,23.70653918,18.35755975,22.82542442,18.86796226,22.82542442,17.49285568,22.47220505,17.49285568,22.47220505,17.49285568,21.9544984,17,21.47091055,16.1245155,20.1246118,17,20.1246118,16.55294536,19.23538406,17,18.78829423,17,17.88854382,16.1245155,17.4642492
22.8035085,24.18677324,23.02172887,24.18677324,25.23885893,23.02172887,22.84731932,23.43074903,21.02379604,23.34523506,21.47091055,22.6715681,20.61552813,21.21320344,21.47091055,20.61552813,24.16609195,22.627417,19.23538406,21.9317122,22.84731932,23.43074903,22.47220505,25.45584412,25.63201124,25.49509757,22.84731932,21.9544984,23.2594067,22.20360331,21.47091055,21.63330765,21.9317122,22.8035085,21.02379604,21.40093456,20.24845673,20.80865205,20.24845673,20.80865205,18.97366596,20.24845673,17.08800749,19.23538406,17.72004515,20.80865205,14.56021978,21.63330765,14.56021978,21.63330765,16.2788206,20.24845673
15.62049935,31.06444913,15.55634919,30.23243292,15.62049935,30.8058436,15.8113883,29.41088234,15.26433752,29.20616373,16.1245155,29.83286778,17,29.06888371,17,29.73213749,17,29.06888371,17,29,16.55294536,29.73213749,16.55294536,29.69848481,17.4642492,29.69848481,17.88854382,29,17.88854382,28.31960452,17.88854382,28.31960452,17.4642492,27.58622845,17,27.58622845,17.08800749,26.17250466,16.15549442,26.17250466,15.8113883,26.90724809,15.5241747,26.90724809,14.56021978,26.2488095,13.34166406,27.65863337,13.15294644,26.2488095,13.34166406,26.2488095
16.1245155,22.6715681,15.26433752,22.02271555,16.64331698,23.60084744,15.8113883,23.60084744,16.40121947,23.02172887,15.62049935,23.02172887,16.2788206,23.85372088,15.55634919,23.85372088,14.86606875,23.85372088,16.2788206,25.23885893,15.62049935,24.69817807,16.40121947,24.69817807,15.8113883,24.69817807,15.8113883,24.69817807,15.26433752,23.85372088,15.26433752,24.69817807,15.26433752,23.32380758,13.89244399,23.32380758,13.89244399,22.82542442,13.41640786,21.47091055,14.31782106,21.47091055,14.31782106,20.59126028,15.23154621,19.23538406,15.65247584,19.23538406,15.65247584,18.35755975,15.65247584,17.88854382
27.01851217,8.544003745,27.01851217,7.211102551,26.40075756,6.403124237,27.20294102,6.403124237,26.40075756,6.708203932,26.2488095,7.615773106,25.49509757,7.280109889,24.75883681,7.615773106,24.8394847,8.544003745,25.49509757,8.544003745,26.17250466,9.219544457,26.90724809,9.486832981,26.90724809,9.486832981,27.58622845,10.44030651,26.87005769,10.19803903,28.28427125,9.486832981,27.58622845,9.486832981,27.58622845,8.544003745,27.58622845,8.544003745,26.90724809,8.246211251,26.17250466,8.246211251,24.75883681,9.219544457,25.49509757,10.04987562,26.17250466,10.19803903,25.49509757,10.04987562,24.75883681,10.19803903
14.31782106,30.8058436,13.41640786,30.23243292,13.03840481,31.90611227,12.80624847,31.38470965,12.72792206,30.52867504,12.80624847,31.90611227,12.20655562,31.38470965,13.03840481,31.06444913,12.52996409,30.52867504,13.89244399,30.52867504,14.76482306,30.52867504,14.31782106,30.52867504,15.23154621,30.52867504,14.86606875,30.52867504,14.86606875,30.23243292,14.86606875,30.23243292,14.86606875,29.41088234,13.60147051,29.41088234,13.92838828,28.8444102,13.60147051,27.45906044,13.60147051,26.07680962,14.31782106,26.07680962,14.56021978,24.69817807,15.8113883,25.23885893,16.76305461,25,14.86606875,23.32380758
30.23243292,7.071067812,28.01785145,5.099019514,29.68164416,5.830951895,29.68164416,5,29.68164416,5,29.41088234,4.472135955,28.8444102,5.385164807,29.68164416,5.099019514,28.60069929,5.099019514,30.23243292,6.08276253,29.41088234,7.071067812,29.41088234,7.071067812,29.41088234,7.071067812,31.6227766,7.280109889,30.8058436,7.280109889,29.41088234,7.615773106,27.01851217,6.32455532,28.60069929,6,27.20294102,6,25.8069758,7.280109889,25.23885893,7.280109889,24.41311123,8.246211251,23.60084744,9.219544457,23.02172887,9.055385138,23.02172887,9,22.20360331,9.055385138
12.20655562,27.45906044,11.3137085,28.3019434,11.40175425,27.45906044,12.20655562,26.62705391,12.20655562,26.40075756,12.52996409,26.40075756,12.52996409,27.01851217,13.41640786,26.2488095,13.41640786,27.01851217,13.41640786,27.01851217,13.92838828,27.65863337,13.92838828,27.58622845,13.92838828,27.58622845,13.92838828,27.58622845,14.86606875,26.87005769,15.23154621,26.17250466,14.86606875,25.45584412,14.31782106,24.75883681,14.86606875,24.04163056,14.86606875,23.34523506,13.60147051,23.34523506,13.34166406,22.6715681,12.16552506,22.6715681,12.16552506,22.6715681,11.18033989,22.6715681,11.18033989,22.6715681
29.15475947,22.02271555,29.15475947,23.02172887,28.8444102,23.32380758,28.60069929,22.36067977,27.80287755,23.2594067,27.01851217,23.2594067,26.90724809,23.2594067,27.58622845,22.84731932,28.28427125,22.84731932,28.28427125,22.84731932,28.31960452,22.47220505,28.31960452,23.40939982,29.06888371,22.47220505,28.42534081,23.40939982,27.80287755,22.84731932,27.80287755,22.47220505,27.01851217,22.84731932,27.01851217,21.54065923,25.61249695,21.54065923,25.61249695,21.1896201,25,20.88061302,25.8069758,18.68154169,25.8069758,18.68154169,25.8069758,17.4642492,25,16.4924225,25,16.4924225
24.20743687,15.65247584,24.41311123,15.26433752,25.23885893,14.4222051,24.69817807,14.2126704,24.69817807,14.14213562,24.69817807,14.14213562,24.69817807,14.86606875,24.69817807,14.2126704,24.18677324,14.2126704,24.41311123,13.60147051,24.69817807,14.4222051,24.69817807,15.26433752,24.18677324,15.26433752,25.23885893,14.76482306,23.85372088,13.89244399,25,13.89244399,23.02172887,13.03840481,23.02172887,13.89244399,21.9544984,13.03840481,21.9544984,13.89244399,21.47091055,13.41640786,20.59126028,12.52996409,19.72308292,14.31782106,19.72308292,14.31782106,19.23538406,15.65247584,19.72308292,15.23154621
30.61045573,8.544003745,30,8.94427191,30,8.062257748,30.8058436,7.810249676,30.8058436,7.810249676,30.8058436,8.062257748,30.8058436,8.062257748,30,8.544003745,30,8.94427191,30.61045573,8.544003745,31.2409987,9.219544457,31.2409987,9.219544457,32.01562119,9.219544457,31.2409987,9.219544457,30.47950131,9.219544457,31.2409987,8.246211251,30.47950131,8.246211251,29.83286778,8.062257748,29.20616373,8.062257748,29.20616373,8.062257748,27.80287755,9.055385138,27.80287755,9.055385138,27.01851217,10.04987562,26.40075756,10.04987562,25.61249695,10.04987562,25.61249695,10.04987562
28.42534081,10.44030651,28.60069929,9.848857802,28.60069929,9.433981132,28.01785145,9.219544457,28.01785145,8.485281374,28.60069929,9.219544457,28.60069929,8.602325267,28.60069929,8.062257748,28.60069929,8.94427191,28.60069929,8.94427191,28.60069929,9.848857802,29.20616373,9.848857802,28.60069929,10.44030651,29.20616373,10.44030651,29.20616373,9.486832981,28.42534081,10.44030651,28.42534081,9.486832981,28.42534081,9.486832981,27.80287755,9.219544457,27.20294102,9.219544457,26.40075756,10.19803903,25.61249695,10.04987562,25,10.19803903,25,11.18033989,24.20743687,11.18033989,24.20743687,11.18033989
23.32380758,14.14213562,22.47220505,14.14213562,23.02172887,14.2126704,23.02172887,14.4222051,22.02271555,15.26433752,22.6715681,16.1245155,22.6715681,15.26433752,21.9317122,15.26433752,21.9317122,14.76482306,21.21320344,16.1245155,21.9317122,16.1245155,21.9317122,16.1245155,21.9317122,16.1245155,21.26029163,16.1245155,21.9317122,16.1245155,21.26029163,15.26433752,21.26029163,16.1245155,21.26029163,15.26433752,20.51828453,15.65247584,19.84943324,15.23154621,20.51828453,14.31782106,19.84943324,13.60147051,19.84943324,13.92838828,20.61552813,13.60147051,20.61552813,12.36931688,18.43908891,13.34166406
5.830951895,28.60069929,5,28.8444102,6.403124237,28.60069929,5.830951895,28.8444102,6.32455532,28.60069929,7.071067812,28.60069929,6.08276253,27.80287755,6.08276253,27.80287755,6,28.42534081,8.062257748,27.65863337,8.062257748,27.65863337,9.055385138,29.06888371,9,27.65863337,9,28.31960452,8,28.31960452,8,28.31960452,8,27.65863337,8,26.2488095,8.062257748,26.2488095,8.246211251,25.61249695,8.246211251,24.8394847,8.544003745,24.08318916,8.544003745,24.08318916,8.544003745,24.08318916,8.94427191,22.6715681,8.062257748,22.6715681
10.44030651,28.60069929,8.94427191,29.41088234,8.94427191,28.8444102,8.602325267,29.68164416,8.485281374,28.8444102,8.602325267,30.23243292,9.433981132,29.41088234,8.94427191,29.41088234,9.848857802,29.41088234,9.848857802,28.60069929,10.77032961,30,10.44030651,30,10.19803903,30,10.44030651,30.61045573,9.219544457,29.83286778,9.219544457,30.47950131,9.055385138,29.83286778,9.055385138,29.06888371,9.055385138,28.42534081,9.055385138,27.80287755,10.04987562,27.01851217,10,25.61249695,11.04536102,24.8394847,11.04536102,24.8394847,11.18033989,24.8394847,11.18033989,24.20743687
21.09502311,25.49509757,20.80865205,26.2488095,20.80865205,27.20294102,19.84943324,26.40075756,20.51828453,26.62705391,19.10497317,26.40075756,20.51828453,26.62705391,19.84943324,26.40075756,20.61552813,25.8069758,21.40093456,27.20294102,20.80865205,27.20294102,20,27.20294102,20.80865205,27.20294102,20.24845673,27.20294102,20.24845673,26.2488095,20,26.40075756,20.24845673,26.2488095,20,26.40075756,19.41648784,24.41311123,19.41648784,25.23885893,19.41648784,23.85372088,20.24845673,23.02172887,20.24845673,23.85372088,20.24845673,23.85372088,20.24845673,22.47220505,20.24845673,21.9544984
20.51828453,21.09502311,20.51828453,20,22.02271555,20.80865205,21.26029163,20.61552813,20.61552813,20.61552813,21.40093456,20.51828453,21.40093456,20.51828453,22.20360331,21.21320344,22.20360331,20.51828453,22.8035085,21.26029163,23.60084744,21.26029163,23.60084744,20.61552813,23.60084744,20.61552813,22.8035085,20.61552813,22.8035085,20,22.8035085,19.84943324,22.8035085,19.20937271,22.8035085,18.43908891,22.20360331,18.43908891,21.63330765,17.80449381,21.09502311,17.80449381,20.59126028,17.80449381,19.72308292,18.60107524,19.72308292,18.60107524,19.23538406,18.60107524,17.88854382,18.60107524
19.23538406,20.61552813,18.35755975,22.20360331,19.41648784,22.20360331,18.60107524,22.47220505,17.69180601,21.63330765,18.38477631,22.47220505,17.69180601,23.32380758,18.38477631,22.82542442,18.43908891,21.9544984,18.43908891,22.82542442,19.20937271,22.82542442,20,22.82542442,19.41648784,23.32380758,19.72308292,23.32380758,18.86796226,23.32380758,18.35755975,23.02172887,17.49285568,22.47220505,17,21.63330765,18.02775638,22.47220505,17.49285568,21.47091055,17,21.47091055,17,20.1246118,17,18.35755975,17.88854382,18.35755975,18.35755975,17.88854382,18.35755975,17.88854382
18.38477631,24.69817807,18.38477631,23.60084744,19.20937271,23.60084744,17.80449381,23.43074903,18.02775638,24.08318916,18.02775638,23.34523506,18.02775638,24.04163056,18.35755975,24.75883681,18.35755975,24.75883681,18.86796226,24.8394847,19.72308292,25.49509757,19.72308292,26.2488095,20.24845673,26.2488095,20.24845673,25.61249695,20.24845673,25.61249695,20.24845673,25.61249695,19.41648784,25.61249695,20.24845673,24.8394847,19.72308292,24.20743687,19.72308292,24.20743687,18.35755975,23.60084744,17.88854382,24.20743687,17.88854382,23.60084744,19.23538406,25,17.88854382,23.60084744,17.88854382,23.02172887
26.62705391,12.80624847,25.61249695,12.04159458,25.61249695,12.04159458,26.2488095,13.60147051,26.2488095,12.20655562,25.49509757,11.66190379,27.65863337,12.52996409,26.17250466,12.52996409,27.58622845,12.08304597,28.28427125,14.31782106,27.58622845,14.31782106,27.58622845,14.31782106,27.58622845,15.23154621,28.31960452,15.65247584,27.58622845,15.65247584,26.90724809,15.65247584,26.2488095,14.76482306,25.49509757,14.76482306,24.08318916,14.31782106,24.08318916,13.92838828,24.08318916,13.60147051,25.49509757,12.36931688,24.8394847,12.36931688,24.8394847,12.36931688,24.8394847,12.36931688,24.08318916,11.40175425
5.830951895,28.01785145,6.403124237,28.8444102,6.403124237,28.60069929,6.708203932,28.60069929,6.32455532,28.42534081,7.280109889,28.42534081,7.280109889,29.06888371,8.246211251,28.31960452,8.062257748,28.31960452,8.062257748,28.31960452,8.062257748,29,8.062257748,29,9.055385138,29,9.219544457,29.69848481,10.04987562,29,9.219544457,29,10.19803903,28.28427125,9.219544457,27.58622845,9.055385138,26.87005769,9.055385138,25.45584412,9,25.45584412,9.055385138,25.45584412,8.062257748,24.75883681,8.062257748,24.75883681,8.062257748,25.45584412,7.280109889,24.75883681
32.20248438,3.16227766,32.20248438,2.236067977,32.20248438,1,32.44996148,1,31.40063694,1.414213562,31.40063694,2.828427125,31.40063694,2.828427125,31.40063694,3.605551275,30.61045573,4.242640687,30.61045573,4.242640687,31.2409987,5,31.2409987,5,31.2409987,5.656854249,31.2409987,5.656854249,30.47950131,5.656854249,30.47950131,5.656854249,30.47950131,6.403124237,29.73213749,5.656854249,29.06888371,6.403124237,29.06888371,6.403124237,27.65863337,7.211102551,27.65863337,7.211102551,27.65863337,7.615773106,26.90724809,7.615773106,26.90724809,7.615773106,26.2488095,8.544003745
30.88689042,6.403124237,31.30495168,7.615773106,31.76476035,8.246211251,30.41381265,10.04987562,30.01666204,10,29.15475947,11.04536102,29.15475947,11.18033989,28.8444102,11.40175425,27.20294102,11.40175425,27.20294102,10.77032961,28.60069929,11.18033989,27.80287755,11.18033989,28.42534081,11.66190379,27.65863337,11.66190379,26.90724809,12.08304597,27.58622845,11.18033989,26.90724809,11.18033989,26.87005769,9.848857802,25.49509757,9.848857802,25.49509757,9.848857802,24.08318916,10.29563014,23.43074903,9.433981132,22.6715681,9.219544457,22.8035085,9.219544457,21.40093456,8.485281374,20.61552813,8.485281374
9.219544457,28.3019434,9.219544457,28.65309756,10.29563014,28.3019434,10.77032961,27.78488798,10.44030651,27.45906044,11.40175425,27.20294102,11.40175425,27.20294102,11.18033989,26.40075756,12.16552506,27.01851217,12.16552506,26.2488095,11.04536102,26.2488095,11.04536102,26.90724809,12,26.90724809,12.04159458,26.87005769,12.04159458,26.17250466,12.04159458,26.17250466,12.04159458,25.45584412,11.04536102,24.75883681,11.04536102,24.04163056,11.04536102,23.34523506,11,22.6715681,10,22.6715681,9.055385138,22.6715681,9.219544457,23.34523506,8.246211251,21.9317122,8.246211251,21.9317122
7.810249676,34.98571137,7.810249676,34.13209633,8.94427191,34.13209633,9.486832981,34.13209633,10.44030651,33.28663395,10.19803903,33.01514804,10.04987562,33.60059523,11,32.80243893,11,32.80243893,11,33.42154993,12,32.64965543,12.04159458,32.64965543,12.04159458,33.30165161,12.04159458,33.9705755,12.04159458,33.24154028,11,32.55764119,12,31.82766093,12,31.144823,12.04159458,30.41381265,11.04536102,29.73213749,11.18033989,28.31960452,10.19803903,27.58622845,10.44030651,27.58622845,9.486832981,26.90724809,9.848857802,26.90724809,8.94427191,26.2488095
13.92838828,28.3019434,13.89244399,28.3019434,13.89244399,29.52964612,12.80624847,28.65309756,12.04159458,28.65309756,12.80624847,28.65309756,12.80624847,28.65309756,12.80624847,28.17800561,13.03840481,28.17800561,13.89244399,28.65309756,13.41640786,28.65309756,13.92838828,28.65309756,13.92838828,28.65309756,13.92838828,27.78488798,14.86606875,26.92582404,13.92838828,27.78488798,13.60147051,26.92582404,13.60147051,26.41968963,13.60147051,25.55386468,12.64911064,25.05992817,12.64911064,24.18677324,13.60147051,22.82542442,13.60147051,21.9544984,13.60147051,21.9544984,13.60147051,20.59126028,13.60147051,20.1246118
28.65309756,14.86606875,28.3019434,15,28.3019434,17,27.20294102,15.65247584,27.20294102,17.08800749,27.01851217,16.15549442,27.01851217,16.76305461,26.90724809,16.76305461,26.90724809,16.4924225,26.87005769,16.4924225,27.58622845,15.5241747,27.58622845,16.2788206,28.28427125,16.4924225,27.65863337,16.2788206,27.65863337,15.5241747,26.90724809,16.4924225,26.2488095,16.4924225,26.2488095,15.5241747,24.8394847,15.29705854,24.8394847,16.1245155,24.8394847,14.14213562,24.20743687,14.03566885,25,13.03840481,24.20743687,13,24.20743687,13,24.20743687,12
31.38470965,2.236067977,30.52867504,1,30.52867504,1,31.6227766,1.414213562,30.52867504,3.16227766,31.90611227,1.414213562,30.23243292,5.830951895,29.20616373,6.32455532,27.65863337,3,30.47950131,4.123105626,29.83286778,8.062257748,30.61045573,4.472135955,27.58622845,5,28.28427125,8.062257748,32.64965543,5.656854249,31.2409987,7.211102551,31.144823,5,29.73213749,5.830951895,27.58622845,5.830951895,28.31960452,5.656854249,25.45584412,7.211102551,25.45584412,6.403124237,26.17250466,6.403124237,26.90724809,8.602325267,24.04163056,7.211102551,23.34523506,5.830951895
21.9544984,18.43908891,22.47220505,19.20937271,21.63330765,20.24845673,21.40093456,19.72308292,21.40093456,19.72308292,21.26029163,19.72308292,21.21320344,20.1246118,21.21320344,20.1246118,21.21320344,20.1246118,21.26029163,20.1246118,22.02271555,20.1246118,22.02271555,19.23538406,22.8035085,20.1246118,22.02271555,19.23538406,22.20360331,19.72308292,21.40093456,20.59126028,21.63330765,19.72308292,20,19.23538406,20.80865205,19.23538406,19.41648784,18.78829423,20.24845673,17.88854382,21.09502311,17.4642492,21.09502311,17.4642492,20.24845673,16.55294536,20.24845673,16.15549442,19.41648784,15.23154621
3.605551275,31.6227766,2.236067977,31.6227766,1,31.06444913,0,31.06444913,1.414213562,30.8058436,2.236067977,30.8058436,2.828427125,30,3.605551275,31.40063694,4.242640687,30.61045573,4.242640687,30.61045573,4.242640687,31.2409987,5,30.61045573,5,31.2409987,5,31.89043744,5,30.47950131,5,30.47950131,5.830951895,30.47950131,5,29.06888371,5.830951895,29.06888371,6.403124237,28.42534081,6.403124237,27.65863337,7.071067812,26.90724809,6.403124237,26.2488095,7.211102551,26.2488095,6.708203932,26.2488095,6.708203932,25.49509757
10.44030651,27.20294102,9.848857802,26.62705391,9.433981132,27.45906044,8.485281374,28.3019434,7.810249676,27.45906044,8.602325267,27.45906044,8.94427191,27.45906044,8.94427191,27.45906044,8.544003745,28.01785145,9.848857802,27.20294102,10.44030651,28.01785145,10.44030651,27.20294102,10.44030651,27.80287755,10.44030651,27.80287755,10.19803903,27.01851217,10.04987562,27.80287755,10.19803903,27.80287755,9.219544457,26.2488095,10.04987562,26.40075756,10.04987562,25.61249695,10.04987562,25,11.04536102,24.20743687,11.04536102,23.43074903,11.18033989,23.43074903,11.18033989,23.43074903,11.18033989,22.02271555
17.69180601,24.69817807,17.02938637,23.60084744,18.02775638,23.60084744,17.49285568,23.43074903,18.35755975,23.43074903,18.35755975,23.34523506,18.35755975,23.34523506,18.35755975,23.34523506,18.35755975,23.34523506,18.35755975,24.08318916,18.35755975,24.08318916,18.35755975,24.08318916,17.88854382,24.08318916,17.88854382,24.08318916,18.35755975,24.20743687,18.35755975,23.43074903,18.35755975,22.8035085,18.35755975,22.6715681,17.88854382,22.02271555,17.4642492,22.02271555,17.4642492,21.40093456,15.23154621,20.80865205,14.86606875,22.20360331,13.92838828,22.20360331,13.92838828,21.40093456,13.60147051,21.40093456
26.40075756,14.76482306,26.62705391,13.89244399,27.20294102,13.60147051,27.45906044,12.80624847,26.62705391,12.72792206,26.62705391,13.45362405,26.62705391,12.80624847,25.8069758,13.60147051,25.8069758,13.03840481,25.8069758,13.03840481,26.40075756,13.89244399,26.40075756,13.89244399,25.8069758,14.76482306,26.40075756,14.76482306,26.40075756,13.41640786,26.2488095,13.41640786,26.40075756,13.41640786,25.61249695,13.41640786,25.8069758,13.41640786,24.41311123,13.41640786,24.41311123,13,23.60084744,13.41640786,22.20360331,14.31782106,22.8035085,13.92838828,22.20360331,14.31782106,22.20360331,14.31782106
30.8058436,7.615773106,31.6227766,6.708203932,31.90611227,7.211102551,31.6227766,7.071067812,32.44996148,6.708203932,31.6227766,6.708203932,30,7.280109889,30.8058436,8.544003745,30.8058436,8.062257748,30.61045573,8.246211251,30.61045573,9.055385138,30.61045573,8,31.2409987,9,31.2409987,9.055385138,31.2409987,9.055385138,30.47950131,9,30.47950131,9,30.47950131,8,29.06888371,9,28.42534081,9.055385138,28.31960452,9,26.90724809,10,26.90724809,10,26.17250466,10,26.17250466,10,25.49509757,10.04987562
28.60069929,8.246211251,28.60069929,7.615773106,29.41088234,7.211102551,29.41088234,7.071067812,29.41088234,7.810249676,28.60069929,7.211102551,29.41088234,8.062257748,28.60069929,8.062257748,29.20616373,8.544003745,29.20616373,8.246211251,30,7.280109889,29.20616373,7.280109889,30.61045573,8.062257748,29.83286778,8.062257748,29.83286778,8.062257748,29.20616373,8.062257748,29.06888371,7,28.42534081,7,27.01851217,8,26.40075756,9,26.40075756,9,25,10,24.8394847,10.04987562,24.8394847,10,24.8394847,10,23.43074903,10.04987562
30.61045573,10.29563014,30.61045573,9.433981132,32.01562119,10.81665383,32.20248438,9.899494937,31.40063694,9.899494937,32.20248438,10,30.61045573,10.81665383,31.40063694,10.81665383,30.61045573,10.81665383,32.01562119,9.848857802,32.64965543,9.848857802,32.01562119,9.848857802,32.01562119,9.848857802,31.2409987,9.486832981,31.2409987,9.486832981,31.2409987,9.486832981,31.2409987,8.544003745,29.83286778,8.544003745,30,8.544003745,28.60069929,9.486832981,27.80287755,10.44030651,27.20294102,10.44030651,27.01851217,10.44030651,27.01851217,11.40175425,26.40075756,10.44030651,25.8069758,11.40175425
29.15475947,19.6977156,27.45906044,20.24845673,27.20294102,21.58703314,25.8069758,23.08679276,24.04163056,22.09072203,24.20743687,22.09072203,23.60084744,19.10497317,23.85372088,19,23.32380758,17,24.69817807,17.02938637,26.41968963,17.11724277,26.92582404,14.03566885,27.29468813,15.13274595,30.01666204,14.03566885,32.24903099,14,32.24903099,14.03566885,33.12099032,13,30.88689042,13.15294644,31.38470965,12.36931688,29.68164416,12.16552506,29.52964612,14.31782106,27.78488798,12.16552506,29.68164416,12.04159458,29.15475947,12.04159458,29.20616373,11.18033989,26.62705391,8.246211251
25.05992817,15.62049935,25.55386468,16.1245155,25.23885893,17,25.23885893,17.4642492,24.20743687,17.08800749,24.20743687,17.08800749,24.8394847,17.08800749,23.34523506,16.76305461,23.34523506,16.76305461,22.627417,16.76305461,23.34523506,16.76305461,23.34523506,16.4924225,24.08318916,16.4924225,24.08318916,15.8113883,23.43074903,15.8113883,24.20743687,15.8113883,22.8035085,15.8113883,22.8035085,14.86606875,22.6715681,14.86606875,22.02271555,14.56021978,21.40093456,14.31782106,20.61552813,14.14213562,20.61552813,13.15294644,21.40093456,12.16552506,20.61552813,12.04159458,20.61552813,12.04159458
30.8058436,15.23154621,31.6227766,14.76482306,32.44996148,14.4222051,31.90611227,13.60147051,31.90611227,13.45362405,31.90611227,13.45362405,31.6227766,13.60147051,31.6227766,13.03840481,31.6227766,13.03840481,31.6227766,13.89244399,31.6227766,12.52996409,31.40063694,13.89244399,32.20248438,13.41640786,31.40063694,14.31782106,31.40063694,13,31.40063694,13,31.40063694,13,29.83286778,12.08304597,29.41088234,11.18033989,28.60069929,11.70469991,28.01785145,11.70469991,26.62705391,11.70469991,25.23885893,12.64911064,24.41311123,13,25.23885893,13,23.02172887,13
19.84943324,24.41311123,24.18677324,23.60084744,19.41648784,24.41311123,21.09502311,23.43074903,21.09502311,25,21.47091055,24.08318916,23.2594067,24.75883681,22.84731932,24.04163056,21.9317122,24.04163056,23.2594067,23.43074903,22.36067977,24.08318916,21.47091055,23.43074903,21.47091055,24.20743687,21.47091055,23.60084744,22.36067977,23.02172887,22.82542442,23.43074903,20.59126028,22.20360331,22.36067977,21.40093456,20.1246118,20.80865205,19.6977156,21.40093456,19.31320792,21.40093456,17.4642492,20.80865205,16.15549442,20.24845673,17.08800749,20.80865205,17.08800749,20,15.8113883,20
3.16227766,30.8058436,2,31.06444913,1.414213562,31.06444913,2,30.52867504,3.16227766,30.23243292,3.605551275,30.23243292,3.605551275,29.41088234,4.472135955,29.41088234,5,29.20616373,5,29.20616373,5.830951895,29.20616373,5.830951895,29.20616373,5.830951895,29.83286778,6.708203932,29.83286778,5.830951895,29.06888371,5.830951895,29.06888371,5.830951895,28.42534081,6.403124237,27.65863337,5.830951895,28.42534081,5.830951895,27.01851217,8.062257748,26.2488095,8.062257748,25.61249695,7.615773106,25.49509757,7.615773106,24.8394847,7.615773106,24.8394847,7.280109889,24.8394847
11.3137085,28.01785145,11.40175425,28.01785145,11.66190379,28.01785145,12.08304597,27.80287755,12.08304597,27.01851217,11.70469991,27.65863337,11.70469991,27.65863337,11.70469991,26.90724809,11.70469991,27.58622845,11.70469991,27.58622845,11.70469991,28.28427125,12.36931688,27.58622845,12.64911064,28.28427125,12.64911064,28.28427125,11.70469991,27.58622845,12.64911064,27.58622845,12.64911064,27.58622845,12.64911064,26.17250466,12.36931688,26.17250466,12.36931688,25.45584412,12.16552506,24.75883681,12.16552506,24.75883681,11.04536102,24.08318916,10.04987562,24.8394847,10.04987562,24.08318916,10,24.08318916
26.40075756,20.1246118,27.45906044,19.72308292,27.45906044,19.41648784,27.78488798,18.60107524,26.92582404,18.43908891,26.92582404,18.38477631,26.92582404,18.38477631,26.92582404,18.43908891,26.92582404,18.43908891,27.45906044,18.43908891,26.92582404,19.20937271,26.92582404,19.20937271,26.92582404,19.20937271,27.45906044,19.41648784,26.92582404,18.02775638,26.62705391,18.86796226,26.92582404,18.02775638,25.23885893,17.49285568,25.55386468,16.64331698,25.05992817,16.64331698,24.18677324,17.49285568,23.32380758,17,21.9544984,17,21.9544984,18.35755975,21.47091055,18.35755975,20.59126028,18.35755975
14.31782106,25.8069758,14.76482306,26.40075756,12.80624847,26.62705391,13.45362405,26.07680962,12.72792206,25.23885893,13.45362405,25.8069758,13.60147051,26.07680962,12.20655562,25.8069758,13.60147051,25.8069758,13.03840481,26.62705391,13.03840481,25.8069758,13.60147051,25.8069758,12.64911064,26.62705391,13.89244399,28.01785145,13.60147051,24.8394847,14.4222051,26.40075756,12.52996409,25,11.70469991,23.43074903,11.70469991,25,12.08304597,23.60084744,13,22.20360331,12.64911064,22.20360331,13,22.20360331,13.92838828,22.20360331,13.41640786,21.40093456,13.41640786,20.80865205
12.72792206,30.23243292,13.45362405,30.23243292,14.4222051,30.8058436,14.4222051,29.20616373,13.89244399,29.83286778,13.89244399,29.73213749,14.76482306,29.73213749,14.76482306,29.69848481,15.65247584,29.69848481,14.76482306,29.69848481,14.31782106,30.41381265,14.76482306,31.11269837,15.65247584,31.11269837,15.65247584,30.41381265,15.65247584,29.73213749,17,29.73213749,15.65247584,29.06888371,15.65247584,28.31960452,15.65247584,28.31960452,16.15549442,27.01851217,14.86606875,27.01851217,13.92838828,27.01851217,12.64911064,27.01851217,11.40175425,28.42534081,12.36931688,27.65863337,11.40175425,27.01851217
11.40175425,32.80243893,9.848857802,33.60059523,9.433981132,33.01514804,8.602325267,33.01514804,8.485281374,32.20248438,8.602325267,33.60059523,8.602325267,33.42154993,8.062257748,32.80243893,8.062257748,33.42154993,8.062257748,33.42154993,8.94427191,33.42154993,8.94427191,33.42154993,8.544003745,33.42154993,8.544003745,34.05877273,8.246211251,33.30165161,7.280109889,33.30165161,7.280109889,32.64965543,7.280109889,31.2409987,7.071067812,30.61045573,8,30.61045573,8.062257748,29.83286778,9.055385138,29.20616373,9.055385138,28.42534081,10.19803903,28.42534081,10.19803903,27.80287755,10.19803903,27.01851217
15.62049935,26.07680962,15.62049935,26.07680962,15.8113883,26.07680962,16.1245155,25.8069758,16.1245155,25.61249695,17,26.2488095,17,25.49509757,16.55294536,24.75883681,17,24.75883681,18.35755975,24.04163056,17.88854382,25.45584412,18.35755975,24.75883681,17.88854382,24.75883681,17.88854382,24.8394847,17,24.08318916,17.88854382,24.08318916,17,24.08318916,17,23.43074903,17.4642492,22.6715681,16.15549442,23.34523506,15.8113883,22.02271555,14.86606875,22.02271555,13.60147051,21.40093456,13.60147051,22.8035085,13.60147051,21.40093456,13.34166406,21.40093456
9.219544457,30.52867504,9.219544457,31.38470965,10.29563014,30.52867504,9.848857802,30.23243292,10.77032961,30,11.70469991,30,11.40175425,29.83286778,12.36931688,29.06888371,12.36931688,29.06888371,11.40175425,29,11.40175425,29,12.36931688,29.69848481,12.16552506,29.69848481,12.36931688,29.73213749,12.36931688,29,12.64911064,29.73213749,11.70469991,28.31960452,11.70469991,27.58622845,11.40175425,27.58622845,12.36931688,26.90724809,12.16552506,26.90724809,11.18033989,26.2488095,10.04987562,26.2488095,10.04987562,26.2488095,9.055385138,26.2488095,9.055385138,25.49509757
17.80449381,26.92582404,17.49285568,26.62705391,18.35755975,26.62705391,18.78829423,26.40075756,18.78829423,26.2488095,19.6977156,25.49509757,19.6977156,25.45584412,19.6977156,25.45584412,18.38477631,25.49509757,19.6977156,25.49509757,19.6977156,26.2488095,19.6977156,26.2488095,19.31320792,25.61249695,18.38477631,26.40075756,18.78829423,25,18.78829423,26.40075756,18.38477631,25,17.88854382,24.41311123,17.4642492,24.41311123,17.4642492,23.60084744,15.8113883,23.60084744,16.15549442,23.85372088,14.86606875,23.02172887,15.23154621,23.60084744,13.60147051,23.60084744,13.41640786,23.60084744
15.26433752,25.55386468,15.65247584,25.23885893,16.55294536,25.8069758,16.15549442,24.8394847,15.23154621,25.49509757,16.15549442,25.49509757,16.15549442,25.45584412,16.15549442,25.45584412,17.08800749,25.45584412,17.08800749,26.17250466,16.76305461,25.49509757,16.76305461,26.2488095,16.76305461,26.2488095,16.15549442,25.61249695,16.15549442,25.8069758,16.15549442,25,16.15549442,24.41311123,15.23154621,25,15.23154621,23.60084744,14.86606875,23.60084744,14.86606875,23.02172887,13.60147051,23.02172887,13.60147051,23.85372088,11.40175425,23.85372088,11.40175425,23.02172887,10.44030651,23.02172887
12.64911064,26.92582404,12.52996409,27.78488798,11.66190379,28.65309756,10.63014581,28.65309756,11.3137085,28.65309756,11.40175425,27.78488798,11.66190379,28.65309756,11.66190379,27.78488798,11.18033989,27.78488798,12.08304597,28.3019434,12.64911064,28.3019434,12.64911064,28.3019434,12.36931688,27.45906044,13.34166406,26.62705391,13.34166406,27.20294102,12.36931688,27.20294102,12.16552506,26.40075756,12.16552506,25.8069758,12.16552506,25,12.16552506,24.41311123,13.15294644,23.60084744,13.15294644,23.60084744,14.14213562,22.8035085,14.31782106,22.8035085,14.31782106,22.02271555,14.31782106,20.61552813
2.236067977,28.8444102,2,28.3019434,3.16227766,27.45906044,3.605551275,27.45906044,4.472135955,26.40075756,5.830951895,27.01851217,6.708203932,26.2488095,6.708203932,26.2488095,7.615773106,26.90724809,7.615773106,26.17250466,7.280109889,26.87005769,8.246211251,26.87005769,7.280109889,27.58622845,7.280109889,28.31960452,7.280109889,27.58622845,7.071067812,28.31960452,6.32455532,28.31960452,7.280109889,27.65863337,6.32455532,28.31960452,6.32455532,27.65863337,7.615773106,27.65863337,7.280109889,27.01851217,7.280109889,26.40075756,7.071067812,27.01851217,7.071067812,26.2488095,6.08276253,25.61249695
25.23885893,12.80624847,25.23885893,12.80624847,24.41311123,13.03840481,24.41311123,13.41640786,24.20743687,13.41640786,24.8394847,13,24.08318916,14.31782106,24.04163056,13,24.04163056,14.31782106,24.04163056,14.31782106,24.75883681,13.92838828,24.08318916,14.31782106,24.08318916,14.31782106,24.8394847,14.31782106,23.43074903,14.76482306,23.43074903,13.89244399,22.8035085,13.41640786,22.02271555,13.41640786,22.02271555,13.41640786,22.02271555,13,21.40093456,12.08304597,21.40093456,11.70469991,22.20360331,10.77032961,22.20360331,10.77032961,22.8035085,10.77032961,22.20360331,9.848857802
4.123105626,30.01666204,3.605551275,30.52867504,3.16227766,31.38470965,4.123105626,31.38470965,5,30.52867504,6,31.06444913,6.08276253,31.06444913,6.32455532,30.23243292,7.280109889,30.8058436,7.615773106,31.40063694,7.615773106,31.40063694,8.062257748,31.40063694,8.94427191,31.2409987,8.062257748,31.2409987,8.062257748,30.47950131,8.062257748,30.47950131,8.062257748,29.73213749,8.062257748,28.31960452,8.062257748,27.65863337,9.433981132,27.01851217,9.433981132,26.2488095,9.486832981,25.49509757,10.44030651,24.75883681,9.486832981,24.75883681,9.219544457,24.04163056,9.055385138,24.04163056
7.615773106,31.90611227,7.211102551,31.06444913,7.071067812,32.24903099,7.211102551,31.38470965,7.615773106,31.38470965,8.246211251,31.06444913,8.062257748,31.06444913,9,30.23243292,9,30.23243292,9,30,10.04987562,30,10,30,11,30.61045573,11,30.61045573,11,29.83286778,10,29.83286778,10,29.83286778,9,28.42534081,10,28.42534081,10.04987562,27.01851217,10,27.01851217,11,26.2488095,11,26.2488095,11.04536102,25.49509757,11.18033989,24.8394847,11.04536102,23.43074903
10.29563014,30.01666204,11.70469991,30.52867504,12.36931688,29.68164416,13.15294644,29.41088234,13.15294644,29.41088234,13.03840481,29.20616373,14.03566885,29.06888371,14.03566885,29.73213749,14,29.73213749,14,29,14.03566885,29,15.03329638,28.31960452,14.03566885,29.06888371,14,28.42534081,13,29.20616373,13,29.20616373,12.04159458,29.20616373,12.04159458,27.80287755,12,27.01851217,12,27.20294102,11.04536102,27.20294102,11.18033989,26.62705391,10.04987562,26.62705391,10.04987562,26.62705391,9.219544457,26.62705391,8.246211251,25.8069758
21.47091055,23.02172887,19.72308292,24.69817807,20.24845673,24.69817807,20,24.59674775,19.84943324,24.59674775,19.79898987,25.49509757,19.10497317,25.49509757,19.84943324,25.49509757,19.20937271,25.49509757,20,24.16609195,20,25.07987241,20.80865205,24.16609195,20.24845673,24.59674775,20.59126028,24.59674775,19.72308292,24.59674775,20.1246118,24.18677324,20.1246118,23.70653918,18.78829423,22.82542442,18.78829423,22.82542442,18.78829423,21.47091055,18.78829423,20.59126028,18.78829423,20.1246118,18.78829423,18.35755975,20.1246118,17.88854382,20.1246118,17.88854382,20.1246118,17
12.52996409,26.07680962,13.03840481,25.55386468,12.80624847,26.07680962,12.72792206,26.41968963,12.72792206,26.41968963,12.20655562,26.41968963,13.03840481,26.41968963,12.52996409,26.41968963,13.41640786,26.92582404,13.41640786,26.92582404,14.31782106,25.55386468,14.31782106,26.92582404,14.86606875,26.07680962,14.86606875,26.62705391,13.92838828,26.62705391,13.60147051,26.62705391,13.60147051,25.8069758,13.60147051,24.41311123,13.34166406,24.41311123,12.36931688,24.41311123,13.34166406,23.02172887,13.34166406,22.20360331,14.56021978,20.80865205,14.56021978,20,13.92838828,20,13.92838828,20
5.830951895,26.92582404,5,27.29468813,6.32455532,27.78488798,6.08276253,28.17800561,8.062257748,26.92582404,8,27.78488798,9.055385138,27.45906044,9.219544457,27.45906044,10.19803903,27.45906044,10.19803903,26.62705391,11.18033989,26.62705391,11.40175425,26.62705391,12.16552506,26.40075756,12.16552506,27.01851217,11.18033989,26.40075756,12.16552506,26.2488095,11.18033989,25.61249695,11.18033989,24.08318916,11.18033989,24.20743687,11.18033989,23.43074903,12.16552506,23.43074903,12.04159458,22.6715681,13.03840481,21.26029163,13,20.51828453,13.03840481,20.51828453,13.03840481,20.51828453
26.41968963,2.828427125,25.55386468,3.16227766,26.92582404,4,26.92582404,6.08276253,25.23885893,6.32455532,26.62705391,7.280109889,26.40075756,8.246211251,25.61249695,8.544003745,25.61249695,8.544003745,24.8394847,8.544003745,25.49509757,8.94427191,25.49509757,8.94427191,26.17250466,9.433981132,26.17250466,8.94427191,25.49509757,9.848857802,25.49509757,8.94427191,25.49509757,8.94427191,24.8394847,8.94427191,24.8394847,8.94427191,23.43074903,8.94427191,22.8035085,9.433981132,22.8035085,8.602325267,22.8035085,8.485281374,23.60084744,7.810249676,22.8035085,7.810249676,22.20360331,7.211102551
26.07680962,12.08304597,26.07680962,10.29563014,26.92582404,11.40175425,26.92582404,10.63014581,26.92582404,10.63014581,27.45906044,10.81665383,27.45906044,11.18033989,26.92582404,12.08304597,26.92582404,11.70469991,27.45906044,11.70469991,27.45906044,11.40175425,26.62705391,11.40175425,26.62705391,11.18033989,26.40075756,12.16552506,26.40075756,12.16552506,26.40075756,12.04159458,25.61249695,12.04159458,24.8394847,12.04159458,24.20743687,12.16552506,24.20743687,12.04159458,22.8035085,13.15294644,22.02271555,13.15294644,22.6715681,13.15294644,22.6715681,13.34166406,21.26029163,13.34166406,21.26029163,13.34166406
26.92582404,8.602325267,27.45906044,8.94427191,27.45906044,9.486832981,28.01785145,10.44030651,27.80287755,11.18033989,27.80287755,11.18033989,27.01851217,12.16552506,27.65863337,12.04159458,26.90724809,12.04159458,26.87005769,12.04159458,26.87005769,12,27.58622845,12,26.90724809,12,26.90724809,12.04159458,26.2488095,12.04159458,27.01851217,12.04159458,25.61249695,11.04536102,25.61249695,11.04536102,25.61249695,11,25,11,24.20743687,10.04987562,23.60084744,10.04987562,23.60084744,9.055385138,25,8.062257748,23.60084744,7.071067812,23.60084744,7.071067812
10.77032961,29.15475947,10.81665383,29.15475947,10.63014581,29.52964612,10.63014581,29.52964612,10,29.52964612,10.29563014,30.01666204,10.77032961,29.15475947,10.44030651,29.15475947,11.40175425,28.65309756,11.40175425,28.3019434,12.16552506,28.3019434,13.15294644,28.3019434,12.16552506,28.8444102,13.15294644,28.01785145,13.03840481,27.20294102,16.03121954,26.07680962,13.03840481,26.40075756,13.03840481,25.8069758,12.04159458,26.2488095,13.03840481,25,13.03840481,23.60084744,14.03566885,23.43074903,14.14213562,23.43074903,15.29705854,22.8035085,15.29705854,22.02271555,14.31782106,21.40093456
18.35755975,25,18.35755975,25.23885893,18.02775638,26.07680962,17.80449381,26.41968963,17.69180601,25.55386468,18.38477631,26.92582404,17.69180601,26.41968963,18.43908891,26.41968963,17.80449381,26.41968963,17.20465053,26.07680962,17.49285568,26.92582404,17.49285568,26.07680962,17,26.92582404,17.88854382,26.07680962,17,25.23885893,17.88854382,25.8069758,16.55294536,25.23885893,16.55294536,24.41311123,17.4642492,23.85372088,17.4642492,21.02379604,17.4642492,22.47220505,17.08800749,21.63330765,17.4642492,20.80865205,17.88854382,20.80865205,17.88854382,20.80865205,17.88854382,19.41648784
10.29563014,28.8444102,10,29.15475947,8.485281374,29.68164416,9.219544457,30.01666204,9.433981132,29.68164416,9.848857802,30.52867504,10.77032961,29.68164416,10.44030651,29.68164416,11.40175425,29.68164416,11.18033989,28.8444102,11.18033989,28.8444102,12.04159458,28.8444102,12.04159458,29.41088234,12.04159458,28.60069929,13,27.80287755,13.03840481,28.60069929,12.04159458,27.80287755,12.04159458,27.01851217,13,26.40075756,13.03840481,25.61249695,13.03840481,24.20743687,14.03566885,24.20743687,14.14213562,23.43074903,14.14213562,23.43074903,14.31782106,23.43074903,14.31782106,22.02271555
9.848857802,26.07680962,9.433981132,26.07680962,9.219544457,26.92582404,9.219544457,26.92582404,9.433981132,26.92582404,8.94427191,26.62705391,9.486832981,27.45906044,9.219544457,26.62705391,10.19803903,26.62705391,10.19803903,27.20294102,11.04536102,26.40075756,11.18033989,26.40075756,11.04536102,26.40075756,11.04536102,26.40075756,12.04159458,26.2488095,12.04159458,25.61249695,12.04159458,26.2488095,11.04536102,25.49509757,11.04536102,24.8394847,11,24.8394847,12.04159458,24.08318916,13.03840481,22.6715681,12.04159458,23.34523506,13.15294644,23.34523506,12.16552506,21.9317122,12.36931688,21.21320344
27.29468813,10.81665383,27.78488798,10.29563014,29.15475947,11.70469991,27.45906044,12.36931688,28.01785145,13.34166406,27.20294102,13.34166406,27.80287755,14.14213562,26.2488095,14.14213562,27.65863337,14.14213562,26.90724809,15.03329638,26.87005769,15.03329638,26.87005769,15.03329638,26.90724809,15.03329638,26.90724809,15.03329638,26.2488095,14.03566885,26.2488095,14.03566885,25.61249695,14.03566885,24.8394847,13.03840481,24.20743687,13,24.20743687,13,23.60084744,12.04159458,24.41311123,11.04536102,23.85372088,10.04987562,24.41311123,10.04987562,23.60084744,9.055385138,23.60084744,8.062257748
5,28.8444102,5.830951895,29.68164416,6.32455532,29.41088234,7.071067812,29.68164416,8,28.60069929,9,30,9,29.20616373,10.04987562,28.42534081,10.04987562,28.42534081,10.04987562,28.31960452,11.04536102,29,11.18033989,29,11.18033989,28.28427125,11.18033989,27.58622845,11.04536102,27.58622845,10.19803903,27.65863337,10.19803903,27.58622845,9.219544457,26.2488095,10.44030651,26.90724809,9.486832981,25.49509757,9.486832981,25.49509757,8.94427191,24.8394847,8.062257748,24.20743687,7.211102551,25.61249695,6.403124237,24.8394847,6.403124237,24.8394847
22.47220505,23.85372088,22.20360331,23.32380758,23.02172887,24.59674775,22.02271555,25.49509757,21.26029163,25.49509757,20.51828453,25.49509757,21.26029163,25.49509757,21.40093456,25.49509757,21.40093456,24.16609195,21.63330765,25.49509757,21.63330765,25.49509757,21.63330765,25.49509757,21.9544984,25.49509757,21.47091055,25.07987241,21.47091055,23.70653918,21.47091055,23.70653918,21.02379604,22.82542442,21.02379604,22.36067977,21.02379604,21.47091055,21.02379604,21.02379604,21.02379604,20.1246118,21.9317122,19.23538406,21.9317122,18.35755975,21.9317122,18.35755975,21.47091055,17.49285568,21.47091055,16.1245155
30.01666204,12.52996409,30.41381265,12.20655562,31.30495168,11.3137085,32.20248438,11.40175425,31.30495168,11.66190379,31.30495168,13,31.30495168,12.64911064,30.41381265,13.60147051,30.41381265,13.34166406,30.41381265,14.31782106,29.52964612,14.14213562,29.52964612,15.03329638,29.52964612,15.03329638,29.15475947,16.03121954,28.3019434,16,27.45906044,16,26.62705391,16,25.23885893,16.03121954,25.23885893,16,23.85372088,16,22.47220505,17.02938637,21.63330765,17.11724277,21.63330765,17.2626765,20.80865205,17.4642492,20.24845673,17.4642492,19.41648784,17.72004515
27.29468813,9.848857802,26.92582404,11.40175425,26.92582404,12.36931688,26.07680962,12.16552506,26.62705391,12.04159458,25.8069758,13.03840481,25.61249695,14,24.8394847,14,24.8394847,13.03840481,24.75883681,13.03840481,24.75883681,14.14213562,24.75883681,13.15294644,24.75883681,14.14213562,24.75883681,13.15294644,24.08318916,13.34166406,24.8394847,12.36931688,24.20743687,12.36931688,23.60084744,11.40175425,22.8035085,11.40175425,23.60084744,11.40175425,22.20360331,10.77032961,23.02172887,10.77032961,23.02172887,8.94427191,23.02172887,8.602325267,23.60084744,8.062257748,22.20360331,7.211102551
13.89244399,24.69817807,13.45362405,25.55386468,13.45362405,26.41968963,12.80624847,26.41968963,13.03840481,26.41968963,13.41640786,26.41968963,14.31782106,26.92582404,13.92838828,26.07680962,13.92838828,26.07680962,14.56021978,26.07680962,14.56021978,26.07680962,14.56021978,26.07680962,15.5241747,25.8069758,15.29705854,25.8069758,15.29705854,25,15.5241747,25,15.29705854,24.20743687,14.31782106,23.60084744,14.31782106,22.8035085,15.29705854,22.20360331,15.29705854,21.40093456,15.5241747,20.61552813,16.4924225,21.26029163,16.76305461,20.51828453,15.8113883,20.51828453,16.15549442,19.79898987
24.69817807,24.8394847,25.23885893,25.61249695,24.41311123,25.8069758,24.20743687,25.8069758,24.20743687,26.07680962,24.08318916,26.92582404,23.34523506,26.92582404,24.08318916,26.92582404,23.43074903,27.78488798,23.43074903,26.92582404,23.60084744,28.3019434,23.02172887,28.3019434,23.02172887,27.78488798,23.32380758,26.92582404,22.82542442,27.45906044,23.32380758,26.07680962,22.82542442,26.07680962,22.82542442,25.23885893,22.82542442,23.85372088,22.82542442,23.85372088,23.70653918,23.02172887,23.70653918,22.47220505,23.70653918,22.20360331,24.59674775,22.20360331,24.18677324,21.63330765,24.18677324,20.80865205
3.16227766,26.41968963,4.472135955,27.29468813,7.211102551,26.92582404,7.810249676,26.92582404,8.602325267,25.8069758,10,26.62705391,9.433981132,26.40075756,10.81665383,26.40075756,10.81665383,26.2488095,10.29563014,26.2488095,12.52996409,26.90724809,12.52996409,26.90724809,12.52996409,27.58622845,13.41640786,27.58622845,12.52996409,26.87005769,12.52996409,26.90724809,12.52996409,26.17250466,12.08304597,25.61249695,12.08304597,25.61249695,12.08304597,24.20743687,12.64911064,23.60084744,12.36931688,23.60084744,13.15294644,23.02172887,12.04159458,23.60084744,12,23.60084744,12.04159458,23.60084744
1.414213562,31.76476035,2.236067977,31.76476035,3.605551275,32.64965543,5,31.38470965,6.403124237,32.24903099,7.810249676,31.90611227,7.810249676,31.90611227,9.219544457,31.6227766,10,31.6227766,10.81665383,32.20248438,11.40175425,31.40063694,12.80624847,30,12.20655562,29.83286778,12.80624847,28.42534081,12.72792206,29,12.80624847,27.65863337,12.04159458,27.58622845,12.04159458,27.58622845,12.04159458,26.17250466,12.80624847,25.45584412,12.20655562,24.04163056,12.52996409,26.2488095,12.08304597,24.8394847,12.64911064,25.61249695,10.44030651,24.8394847,10.44030651,21.9317122
27.78488798,0,27.78488798,2.236067977,27.78488798,3.605551275,27.78488798,5.656854249,27.45906044,6.403124237,28.01785145,7.071067812,27.20294102,8.602325267,26.40075756,8.602325267,27.80287755,8.485281374,27.01851217,8.602325267,26.2488095,9.219544457,26.2488095,9.899494937,26.90724809,9.899494937,26.87005769,9.219544457,25.45584412,9.899494937,26.17250466,9.219544457,25.49509757,9.219544457,24.75883681,8.485281374,24.04163056,8.485281374,23.34523506,9.219544457,22.6715681,9.219544457,22.6715681,8.062257748,21.26029163,8.94427191,21.26029163,8.544003745,21.26029163,9.219544457,21.26029163,9.219544457
3.16227766,33.12099032,4,32.24903099,6.08276253,33.61547263,6.708203932,32.75667871,8.544003745,32.75667871,8.94427191,32.44996148,10.29563014,33.01514804,10.29563014,32.80243893,11.66190379,32.80243893,11.66190379,32.64965543,11.66190379,32.64965543,12.20655562,31.89043744,12.20655562,31.89043744,12.20655562,31.82766093,12.20655562,31.11269837,11.40175425,31.11269837,12.20655562,30.41381265,11.40175425,29.73213749,11.40175425,29,11.40175425,28.31960452,11.3137085,26.90724809,11.40175425,26.90724809,10.81665383,26.2488095,10.29563014,26.2488095,9.848857802,26.2488095,9.848857802,25.49509757
9.433981132,29.96664813,10.44030651,30.41381265,11.18033989,30.41381265,13.03840481,30.41381265,13,29.15475947,14.03566885,29.68164416,14.03566885,29.41088234,15.03329638,29.41088234,14.14213562,28.60069929,15.13274595,28.42534081,15.13274595,29.06888371,15.29705854,28.31960452,15.29705854,28.31960452,15.5241747,28.28427125,14.31782106,27.58622845,14.31782106,28.31960452,14.31782106,26.87005769,13.34166406,26.2488095,14.56021978,26.17250466,13.60147051,24.08318916,13,24.8394847,12.08304597,24.20743687,11.18033989,22.02271555,11.40175425,23.43074903,9.433981132,22.02271555,10.63014581,21.26029163
26.41968963,17.20465053,26.41968963,17.49285568,26.07680962,17.88854382,26.07680962,17.4642492,25,18.38477631,25.61249695,18.02775638,26.2488095,18.02775638,25.49509757,18.97366596,26.17250466,18.97366596,25.45584412,18.97366596,26.17250466,18.97366596,26.17250466,18.68154169,26.2488095,18.68154169,25.61249695,18.68154169,25.61249695,18.68154169,25,18.97366596,24.41311123,17.72004515,23.85372088,17.72004515,24.41311123,17.72004515,23.02172887,16.4924225,23.85372088,16.4924225,23.32380758,15.29705854,23.85372088,14.31782106,23.85372088,13.34166406,23.85372088,12.36931688,23.85372088,12.36931688
32.24903099,1,32.75667871,1,33.12099032,2.828427125,32.75667871,3.605551275,31.90611227,5,32.44996148,6.403124237,32.44996148,7.211102551,31.6227766,8.602325267,31.6227766,8.602325267,32.20248438,9.219544457,32.80243893,9.899494937,32.01562119,9.899494937,31.2409987,10.63014581,31.89043744,11.3137085,30.41381265,10.63014581,30.41381265,10.63014581,29.69848481,10.63014581,29,10.63014581,28.28427125,10,27.58622845,10.81665383,26.87005769,10.81665383,26.17250466,11.18033989,26.17250466,10.77032961,26.17250466,10.44030651,25.49509757,10.44030651,24.75883681,10.19803903
24.18677324,17,25.05992817,15.8113883,25.49509757,15.8113883,26.40075756,14.86606875,25.07987241,15.55634919,25.07987241,15.62049935,25.07987241,16.40121947,25.07987241,16.64331698,25.07987241,16.1245155,25.49509757,16.55294536,24.59674775,16.55294536,24.59674775,16.15549442,24.59674775,16.15549442,23.70653918,17.08800749,22.82542442,16.76305461,22.82542442,17.08800749,21.9544984,16.76305461,21.09502311,16.76305461,20.59126028,16.76305461,20.59126028,16.76305461,19.23538406,16.76305461,18.35755975,16.76305461,18.35755975,18.02775638,17.49285568,17.08800749,17,17.08800749,16.1245155,17.4642492
17.20465053,24.69817807,17.49285568,25.23885893,17.88854382,25.23885893,18.38477631,25,18.38477631,24.20743687,18.78829423,24.08318916,19.31320792,24.04163056,19.31320792,23.34523506,19.31320792,24.08318916,19.31320792,24.20743687,19.31320792,24.20743687,18.97366596,24.20743687,19.31320792,24.20743687,18.38477631,24.41311123,18.78829423,23.85372088,18.78829423,23.85372088,17.88854382,23.85372088,17.4642492,22.47220505,16.55294536,22.47220505,16.55294536,21.9544984,16.15549442,21.9544984,15.23154621,21.9544984,13.92838828,22.47220505,13,23.02172887,11.70469991,22.20360331,11.70469991,22.20360331
1.414213562,35.51056181,1,34.66987165,1.414213562,36.05551275,3.605551275,35.22782991,4.242640687,34.40930107,5,35,5.830951895,34.20526275,6.403124237,34.82814953,6.403124237,34.05877273,7.211102551,34.05877273,7.211102551,33.9705755,8.062257748,33.9705755,8.062257748,33.24154028,8.062257748,32.52691193,7.211102551,33.24154028,7.211102551,32.52691193,7.211102551,31.82766093,7.211102551,31.144823,6.403124237,30.41381265,7.071067812,30.41381265,7.071067812,29.73213749,7.211102551,29,6.708203932,29.06888371,5,29.73213749,8.544003745,27.58622845,5.385164807,29
16.40121947,26.41968963,15.8113883,26.07680962,17,26.07680962,17.88854382,25.8069758,17.4642492,26.40075756,17.4642492,26.2488095,18.38477631,25.49509757,18.38477631,25.45584412,18.38477631,25.45584412,18.38477631,26.17250466,19.31320792,25.49509757,18.38477631,25.49509757,18.02775638,24.8394847,18.38477631,24.8394847,18.38477631,25,18.38477631,25,17.4642492,24.41311123,17.4642492,23.60084744,16.15549442,23.60084744,17.08800749,23.02172887,14.86606875,22.47220505,14.86606875,22.47220505,13.60147051,23.02172887,13.60147051,23.85372088,12.64911064,23.02172887,11.40175425,23.60084744
26.62705391,18.78829423,26.92582404,17,27.78488798,16.64331698,27.29468813,17.20465053,27.29468813,17.02938637,27.29468813,15.55634919,27.29468813,16.2788206,27.29468813,15.62049935,27.29468813,16.40121947,27.29468813,16.64331698,27.29468813,16.64331698,26.83281573,17.49285568,26.83281573,17.49285568,25.94224354,17,26.41968963,16.55294536,26.41968963,17,25.55386468,16.55294536,24.69817807,16.55294536,24.18677324,16.55294536,24.18677324,16.15549442,22.82542442,16.15549442,21.47091055,16.15549442,21.09502311,17.08800749,20.59126028,17.4642492,19.23538406,16.55294536,19.23538406,17.4642492
14.86606875,30.52867504,13.89244399,30.88689042,14.2126704,30.88689042,13.45362405,31.76476035,12.80624847,30.88689042,13.03840481,31.76476035,13.41640786,30.88689042,14.31782106,30.88689042,13,31.38470965,13.92838828,31.90611227,14.86606875,31.06444913,15.5241747,30.52867504,15.5241747,30.52867504,15.5241747,30.23243292,15.29705854,30.8058436,15.29705854,30.8058436,14.31782106,29.41088234,14.31782106,28.60069929,14.31782106,28.01785145,14.14213562,27.20294102,15.13274595,25,16.1245155,25,16.1245155,24.20743687,16.4924225,24.20743687,16.4924225,23.60084744,16.4924225,22.20360331
8.544003745,28.3019434,8.94427191,27.78488798,7.810249676,28.65309756,7.211102551,29.52964612,8.062257748,28.65309756,8.544003745,27.78488798,8.246211251,27.78488798,8.062257748,27.78488798,9.055385138,26.92582404,9.055385138,27.45906044,9,27.45906044,10,26.62705391,10.04987562,27.45906044,11.04536102,26.62705391,10.04987562,26.40075756,10,25.8069758,10.04987562,25,10,24.41311123,11.04536102,24.41311123,11,23.02172887,12,21.63330765,12,21.63330765,13,20.80865205,13,20.80865205,13.03840481,20,13.15294644,19.41648784
32.75667871,4,33.61547263,3.16227766,32.75667871,2.236067977,33.61547263,3.16227766,31.90611227,4,33.28663395,5.099019514,32.44996148,5.385164807,31.6227766,6.32455532,31.6227766,6.32455532,31.6227766,7.280109889,32.20248438,7.615773106,32.20248438,7.615773106,32.20248438,8.544003745,31.40063694,8.544003745,31.40063694,8.94427191,31.2409987,8.94427191,30.61045573,8.94427191,29.83286778,8.94427191,29.20616373,8.94427191,28.42534081,10.29563014,27.01851217,11.18033989,26.2488095,11.70469991,25.49509757,11.40175425,26.90724809,12.36931688,25.49509757,12.16552506,24.75883681,12.04159458
31.06444913,10.77032961,31.90611227,10.29563014,32.75667871,10,32.24903099,9.219544457,31.38470965,10,31.90611227,9.433981132,31.90611227,8.94427191,32.44996148,9.486832981,31.06444913,9.486832981,31.6227766,9.219544457,31.6227766,10.19803903,30.8058436,10.19803903,30.8058436,11.04536102,30,11.04536102,29.83286778,11.04536102,29.83286778,11.04536102,29.06888371,10.04987562,28.42534081,11,28.42534081,11,27.01851217,11,26.90724809,12,26.2488095,12,25.49509757,13.03840481,25.49509757,13.15294644,25.49509757,13.15294644,24.08318916,13.15294644
21.9317122,19.20937271,21.9317122,17.69180601,21.9317122,17.80449381,22.84731932,17.49285568,21.9317122,17.88854382,21.9317122,18.38477631,21.02379604,19.31320792,21.47091055,19.31320792,20.59126028,19.92485885,20.1246118,20.24845673,19.72308292,21.1896201,19.72308292,21.1896201,20.24845673,22.13594362,20,22.47220505,20.61552813,22.13594362,20.61552813,22.13594362,19.10497317,22.13594362,19.10497317,21.1896201,19.20937271,20.24845673,17.80449381,21.1896201,17.80449381,20.88061302,15.62049935,21.1896201,15.62049935,22.47220505,14.86606875,23.70653918,14.2126704,23.2594067,14.2126704,22.36067977
28.60069929,2,28.60069929,2.236067977,28.60069929,2.236067977,28.60069929,3,28.42534081,3,28.42534081,4.123105626,28.42534081,5.099019514,29.06888371,5.099019514,29.06888371,6.08276253,28.31960452,5.099019514,28.31960452,6.08276253,28.31960452,6.32455532,28.31960452,6.32455532,28.28427125,6.32455532,27.58622845,6.08276253,27.58622845,7.071067812,26.87005769,7.280109889,26.17250466,6.32455532,25.45584412,6.32455532,25.45584412,6.708203932,24.75883681,6.708203932,24.75883681,7.211102551,24.08318916,5.656854249,24.75883681,6.403124237,24.04163056,6.403124237,24.04163056,5.830951895
15.26433752,23.85372088,15.8113883,24.69817807,15.62049935,24.18677324,15.55634919,25.05992817,15.62049935,24.18677324,16.40121947,24.18677324,15.8113883,24.69817807,16.64331698,23.85372088,16.64331698,24.69817807,16.64331698,23.85372088,17.49285568,24.41311123,17.49285568,25.23885893,17.88854382,25.23885893,17.88854382,25.8069758,17.4642492,25,17.4642492,25.8069758,17.08800749,25,16.15549442,24.20743687,15.8113883,24.20743687,15.8113883,22.8035085,16.76305461,22.8035085,17.08800749,22.02271555,17.72004515,21.26029163,17.08800749,21.26029163,17.08800749,20.51828453,17.4642492,19.79898987
30.52867504,17.80449381,29.68164416,18.86796226,28.8444102,19.72308292,29.41088234,19.23538406,27.80287755,18.78829423,28.42534081,18.78829423,28.31960452,18.78829423,28.31960452,18.78829423,27.58622845,19.31320792,28.28427125,19.31320792,28.28427125,19.31320792,27.58622845,19.31320792,28.31960452,19.31320792,27.65863337,19.31320792,27.01851217,18.38477631,27.01851217,18.38477631,26.40075756,18.38477631,26.40075756,17.4642492,26.40075756,17.08800749,26.40075756,17.08800749,25.8069758,15.8113883,25.8069758,15.8113883,25.8069758,14.56021978,27.20294102,14.56021978,26.40075756,13.60147051,25.61249695,13.34166406
5,28.17800561,5,27.29468813,5.385164807,28.17800561,6,27.29468813,7,26.92582404,8.062257748,27.78488798,8.246211251,26.92582404,8.246211251,27.45906044,9.219544457,27.45906044,10.19803903,26.62705391,9.486832981,27.20294102,11.40175425,27.20294102,9.486832981,28.42534081,10.77032961,27.01851217,10.77032961,26.90724809,10.77032961,26.90724809,9.848857802,26.17250466,10.44030651,24.75883681,10.44030651,24.75883681,9.486832981,22.6715681,10.44030651,21.9317122,12.16552506,22.6715681,11.04536102,19.79898987,10.04987562,19.79898987,8,20.51828453,12.04159458,18.43908891
6.708203932,34.4818793,6.403124237,33.61547263,5.830951895,34.4818793,6.32455532,34.4818793,7.071067812,34.13209633,8,33.28663395,8,33.28663395,9.055385138,33.28663395,9.055385138,32.44996148,10.04987562,33.01514804,10.19803903,33.01514804,10.19803903,33.60059523,11.18033989,32.80243893,11.18033989,32.80243893,11.40175425,32.01562119,11.40175425,32.01562119,11.40175425,32.01562119,11.40175425,29.83286778,11.40175425,29.83286778,11.40175425,28.42534081,12.16552506,27.65863337,12.16552506,26.2488095,13.03840481,25.49509757,14.03566885,26.2488095,13,25.49509757,14.03566885,24.8394847
28.01785145,15.8113883,29.41088234,15.65247584,28.42534081,16.55294536,29.06888371,17.4642492,29,17.08800749,29.69848481,17.08800749,29,18.97366596,28.42534081,16.15549442,28.42534081,17.08800749,25.49509757,18.02775638,29.41088234,33.54101966,26.40075756,14.31782106,27.29468813,19.92485885,29.15475947,16.15549442,29.15475947,17.4642492,30,16.55294536,29.41088234,16.55294536,29.41088234,16.55294536,28.60069929,17.4642492,27.45906044,16.55294536,27.45906044,15.23154621,26.62705391,15.23154621,26.62705391,13,26.62705391,12.08304597,26.40075756,12.08304597,26.40075756,11.18033989
32.75667871,2,33.61547263,1.414213562,34.98571137,3,32.44996148,3.605551275,33.83784863,5,33.01514804,5.830951895,33.60059523,7.071067812,34.20526275,7.071067812,31.89043744,6.403124237,32.64965543,7.211102551,33.30165161,8.485281374,31.82766093,7.810249676,33.30165161,9.219544457,33.24154028,7.810249676,31.82766093,8.485281374,32.52691193,8.485281374,31.82766093,7.810249676,31.82766093,7.810249676,30.41381265,7.810249676,30.41381265,7.810249676,29.69848481,7.810249676,27.58622845,7.810249676,28.31960452,8.062257748,27.58622845,7.280109889,26.17250466,7.280109889,26.17250466,7.280109889
14.76482306,25.23885893,15.65247584,25.8069758,17.08800749,25.8069758,16.76305461,25.61249695,17.08800749,24.8394847,17.72004515,25.45584412,16.76305461,24.75883681,17.72004515,24.75883681,16.76305461,24.8394847,17.08800749,25,17.08800749,25,16.4924225,25.8069758,17.08800749,25,17.08800749,25.8069758,15.8113883,24.41311123,17.4642492,24.41311123,16.15549442,22.20360331,15.65247584,23.02172887,15.65247584,23.85372088,15.65247584,20.80865205,13.92838828,22.47220505,13,21.9544984,11.40175425,21.63330765,10.77032961,23.32380758,9.848857802,21.40093456,9.486832981,23.02172887
5.830951895,33.61547263,5,33.61547263,5.385164807,34.4818793,6.08276253,34.13209633,7,33.61547263,7.071067812,33.28663395,8.246211251,33.83784863,8.246211251,33.60059523,8.246211251,32.20248438,10.19803903,32.80243893,10.44030651,32.80243893,10.19803903,32.80243893,10.44030651,32.64965543,10.44030651,32.64965543,10.44030651,31.89043744,9.486832981,31.89043744,9.486832981,30.41381265,8.544003745,29.73213749,9.486832981,28.31960452,9.486832981,28.31960452,10.44030651,26.87005769,10.19803903,26.17250466,10.04987562,26.17250466,11.04536102,26.17250466,11,25.45584412,11.04536102,24.75883681
5.099019514,29.52964612,6,29.15475947,7.071067812,30.01666204,8.246211251,28.8444102,8.246211251,29.41088234,9.486832981,28.42534081,9.486832981,29.20616373,10.44030651,28.31960452,10.44030651,28.31960452,10.44030651,28.28427125,10.44030651,28.28427125,10.44030651,28.28427125,10.44030651,27.58622845,10.44030651,27.58622845,10.44030651,27.65863337,9.486832981,26.90724809,9.486832981,26.90724809,9.486832981,25.49509757,8.544003745,24.8394847,8.544003745,24.8394847,8.94427191,24.20743687,7.810249676,22.8035085,7.810249676,23.60084744,7.071067812,23.43074903,6.403124237,23.43074903,5.830951895,23.43074903
27.20294102,8.062257748,27.20294102,8.544003745,27.80287755,9.219544457,28.42534081,10.19803903,27.58622845,11.18033989,27.58622845,11.04536102,28.28427125,12.04159458,27.58622845,12.04159458,28.31960452,12.16552506,27.65863337,11.04536102,27.65863337,11,28.42534081,11.04536102,28.42534081,11,28.60069929,11.04536102,27.80287755,11.18033989,27.80287755,11.04536102,27.01851217,11.04536102,27.20294102,11.18033989,25.61249695,10,25,10.04987562,24.20743687,9,26.07680962,9,25.8069758,8.062257748,25,7.615773106,25,6.32455532,25.8069758,6.08276253
9.486832981,30.01666204,10.44030651,30.01666204,10.19803903,30.23243292,12.04159458,30,13.03840481,28.42534081,13.03840481,30.61045573,12.04159458,29.73213749,14.03566885,28.28427125,13.03840481,29,13.03840481,29,13.03840481,28.31960452,14.14213562,29,13.03840481,27.65863337,11.04536102,28.31960452,12.16552506,27.65863337,12.04159458,27.80287755,13.03840481,27.01851217,11.04536102,26.40075756,11,26.2488095,10,25.61249695,11.04536102,25.61249695,9.055385138,25,8.062257748,24.41311123,8.062257748,25.23885893,6.08276253,25,6.08276253,25
6.403124237,28.65309756,6.403124237,29.15475947,6.32455532,29.15475947,7.071067812,29.15475947,8,29.15475947,8.062257748,29.68164416,9.055385138,29.41088234,9.219544457,28.60069929,9.486832981,28.60069929,9.486832981,28.42534081,10.44030651,28.42534081,10.44030651,27.65863337,10.44030651,28.31960452,10.44030651,27.58622845,9.486832981,27.58622845,9.486832981,27.58622845,9.219544457,26.17250466,9.219544457,25.45584412,9.219544457,25.45584412,10.19803903,24.75883681,10.19803903,24.04163056,11.04536102,23.34523506,11,23.34523506,11.04536102,23.34523506,11.04536102,21.9317122,11.18033989,21.9317122
11.66190379,30.52867504,12.20655562,30.01666204,11.3137085,30.88689042,11.40175425,30.88689042,11.66190379,30.88689042,12.08304597,31.38470965,11.70469991,31.38470965,12.64911064,30.52867504,12.36931688,31.06444913,12.36931688,30.23243292,13.15294644,30.23243292,14.14213562,30.23243292,13.15294644,30.23243292,14.14213562,30,14.14213562,29.20616373,13.15294644,29.20616373,13.15294644,27.80287755,13.03840481,27.80287755,13.15294644,26.40075756,14.03566885,25.61249695,14.14213562,24.8394847,15.13274595,24.8394847,15.29705854,24.08318916,15.29705854,22.6715681,15.5241747,22.6715681,15.5241747,22.6715681
2.828427125,26.92582404,4,28.3019434,4,28.3019434,5.099019514,27.45906044,5.385164807,28.01785145,6.32455532,27.80287755,8.246211251,27.01851217,8.246211251,26.90724809,7.280109889,26.90724809,7.280109889,26.90724809,6.32455532,27.58622845,8.544003745,28.31960452,6.708203932,27.58622845,7.615773106,27.58622845,7.280109889,26.17250466,8.246211251,25.49509757,9.219544457,25.45584412,8.246211251,25.45584412,7.280109889,24.08318916,7.615773106,24.04163056,8.062257748,23.34523506,8.94427191,22.02271555,7.071067812,22.6715681,6.403124237,23.34523506,6.403124237,23.34523506,6.403124237,21.9317122
26.62705391,16.64331698,27.45906044,17.88854382,27.01851217,17.4642492,27.01851217,18.38477631,26.17250466,18.38477631,26.87005769,19.31320792,26.90724809,19.31320792,26.90724809,19.31320792,27.01851217,19.31320792,26.40075756,18.38477631,27.20294102,19.6977156,27.20294102,19.6977156,26.62705391,18.78829423,27.45906044,18.78829423,27.45906044,18.78829423,26.92582404,17.88854382,26.07680962,17.88854382,26.92582404,17,26.07680962,17.4642492,26.07680962,16.55294536,25.55386468,15.65247584,26.41968963,14.31782106,25.55386468,13.41640786,26.92582404,13.89244399,26.07680962,13.03840481,26.07680962,12.52996409
31.76476035,7.615773106,30.88689042,7.211102551,30.41381265,7.810249676,30.41381265,7.615773106,30.01666204,8.246211251,30.01666204,9.055385138,29.68164416,9,28.8444102,10,28.8444102,11,28.8444102,11,28.01785145,11,28.60069929,12,28.60069929,12,28.42534081,13.03840481,28.42534081,13.03840481,28.42534081,13.03840481,27.65863337,13.03840481,26.90724809,13.03840481,27.65863337,13.03840481,26.2488095,14.03566885,25.49509757,14.03566885,24.75883681,15,25.45584412,15,24.75883681,15,23.34523506,15.03329638,23.34523506,15.13274595
4.123105626,33.61547263,3.605551275,33.61547263,3.605551275,33.61547263,5,33.61547263,5.099019514,33.61547263,6.32455532,33.28663395,7.615773106,33.28663395,7.615773106,32.44996148,8.94427191,31.6227766,8.94427191,31.40063694,8.94427191,32.20248438,9.848857802,31.40063694,9.848857802,31.40063694,9.848857802,31.2409987,9.848857802,31.2409987,10.77032961,30.47950131,9.848857802,29.83286778,10.77032961,29.06888371,10.77032961,28.42534081,11.70469991,27.65863337,11.70469991,26.90724809,12.64911064,26.17250466,12.36931688,26.17250466,13.15294644,26.87005769,12.04159458,26.17250466,12.04159458,24.75883681
20.59126028,23.85372088,18.86796226,23.32380758,19.41648784,24.59674775,20,24.18677324,19.84943324,25.49509757,19.79898987,24.59674775,19.10497317,25.49509757,17.69180601,24.59674775,19.20937271,24.59674775,17.80449381,25.49509757,18.60107524,24.59674775,18.60107524,24.59674775,18.86796226,24.16609195,18.02775638,23.2594067,18.35755975,23.70653918,18.86796226,23.2594067,17.88854382,21.47091055,17.88854382,22.36067977,17.88854382,21.02379604,17.88854382,21.02379604,17.4642492,19.6977156,17.4642492,18.78829423,18.78829423,17.88854382,19.23538406,17,18.35755975,16.55294536,18.35755975,15.65247584
25.07987241,19.20937271,25.07987241,18.38477631,25.07987241,19.20937271,26,18.86796226,24.16609195,19.23538406,25.07987241,20.1246118,25.49509757,20.24845673,24.59674775,20.24845673,24.18677324,21.1896201,23.32380758,20.88061302,23.02172887,22.13594362,23.02172887,23.08679276,23.60084744,23.08679276,23.43074903,23.08679276,23.43074903,22.13594362,24.08318916,22.13594362,23.43074903,21.84032967,22.02271555,20.88061302,22.02271555,20.24845673,20.61552813,20.88061302,19.84943324,20.88061302,19.10497317,21.84032967,18.38477631,23.08679276,17.69180601,23.40939982,17.02938637,23.2594067,17.02938637,22.36067977
25.23885893,14.76482306,25.55386468,14.2126704,26.41968963,14.2126704,26.41968963,13.45362405,26.41968963,15,25.55386468,14.4222051,26.41968963,15.26433752,25.55386468,15.65247584,25.55386468,15.65247584,25.55386468,16.15549442,26.07680962,16.15549442,24.69817807,16.15549442,25.23885893,17.08800749,24.41311123,17.08800749,24.41311123,18.02775638,24.41311123,18.02775638,24.41311123,18.02775638,24.41311123,17.72004515,23.60084744,16.76305461,23.60084744,17.72004515,22.20360331,17.72004515,22.20360331,17.72004515,21.40093456,17.72004515,21.40093456,18.02775638,21.40093456,18.38477631,20,17.08800749
19.23538406,22.36067977,18.86796226,22.84731932,17.80449381,22.84731932,17.80449381,24.35159132,18.38477631,23.40939982,18.43908891,24.35159132,17.80449381,24.35159132,17.80449381,23.40939982,18.02775638,23.08679276,17.49285568,22.13594362,18.35755975,22.13594362,18.35755975,21.84032967,18.78829423,22.13594362,19.6977156,21.1896201,18.38477631,21.1896201,19.31320792,20.24845673,19.31320792,20.24845673,19.31320792,19.31320792,19.31320792,18.97366596,19.31320792,17.72004515,18.97366596,16.76305461,18.97366596,16.76305461,19.31320792,14.86606875,20.24845673,14.86606875,19.6977156,13.92838828,19.6977156,12.64911064
1,30.01666204,1,30.01666204,2.236067977,31.38470965,3.605551275,31.38470965,5,31.06444913,5.830951895,31.06444913,6.708203932,31.6227766,8.062257748,30.8058436,8.062257748,30.61045573,8.602325267,30.61045573,8.602325267,30.61045573,9.433981132,29.83286778,10,29.83286778,10,29.73213749,10,29,9.219544457,29.73213749,9.219544457,29,9.219544457,27.58622845,9.219544457,27.58622845,9.899494937,26.87005769,10.63014581,26.87005769,10.63014581,25.45584412,10.29563014,24.75883681,10.29563014,25.49509757,9.848857802,24.75883681,9.486832981,24.08318916
21.47091055,20.80865205,21.9544984,21.9544984,21.63330765,21.47091055,21.63330765,22.84731932,20.61552813,22.36067977,21.26029163,22.84731932,21.21320344,21.9317122,20.51828453,22.47220505,21.26029163,22.47220505,20.61552813,21.54065923,21.40093456,22.47220505,21.40093456,22.47220505,21.63330765,21.54065923,22.47220505,21.54065923,21.63330765,21.54065923,21.9544984,21.9317122,21.09502311,21.54065923,21.09502311,20.61552813,21.09502311,20.24845673,20.59126028,19.31320792,21.47091055,18.97366596,21.02379604,18.02775638,21.02379604,17.08800749,21.47091055,17.08800749,20.59126028,16.15549442,20.59126028,14.86606875
18.35755975,23.2594067,18.78829423,23.70653918,19.31320792,23.32380758,19.92485885,22.47220505,19.92485885,22.20360331,20.61552813,22.02271555,20.88061302,21.9317122,20.61552813,21.21320344,20.61552813,21.21320344,19.6468827,21.26029163,19.6468827,22.02271555,19.41648784,21.40093456,19.41648784,22.20360331,19.41648784,22.20360331,18.68154169,21.63330765,18.68154169,21.63330765,17.72004515,21.09502311,16.76305461,21.09502311,16.4924225,20.24845673,16.4924225,20.24845673,16.2788206,19.72308292,15.29705854,19.23538406,13.15294644,19.72308292,13.15294644,19.72308292,12.04159458,18.86796226,11.04536102,18.86796226
23.70653918,23.85372088,23.70653918,24.18677324,23.02172887,24.18677324,23.02172887,25.49509757,22.02271555,24.16609195,22.6715681,26,22.6715681,24.69817807,22.627417,24.69817807,22.6715681,24.69817807,22.02271555,24.69817807,22.8035085,25.63201124,22.20360331,24.69817807,22.20360331,24.35159132,22.47220505,23.76972865,22.47220505,23.40939982,23.32380758,23.76972865,21.63330765,23.40939982,21.9544984,21.54065923,21.9544984,22.13594362,21.9544984,21.1896201,22.36067977,19.92485885,21.9317122,18.97366596,22.36067977,18.02775638,22.36067977,18.02775638,22.36067977,17.08800749,21.47091055,17.08800749
30.52867504,5.385164807,30.88689042,5,30.01666204,5,30.88689042,5.385164807,30.01666204,6.08276253,31.38470965,6,30.52867504,7,29.68164416,7.071067812,29.68164416,7.071067812,28.8444102,8.246211251,28.8444102,9.219544457,29.41088234,9.219544457,29.41088234,9.219544457,28.60069929,9.219544457,28.01785145,9.486832981,27.80287755,9.219544457,27.20294102,9.486832981,25.61249695,9.219544457,26.40075756,9.219544457,25,9.486832981,24.20743687,10.44030651,22.8035085,11.18033989,22.6715681,11.18033989,22.8035085,11.04536102,22.6715681,11,21.40093456,9
33.61547263,0,33.61547263,2,35.35533906,4.472135955,34.13209633,5,34.13209633,6.708203932,33.28663395,7.211102551,33.83784863,8.602325267,33.01514804,9.433981132,32.44996148,10,32.80243893,10.81665383,32.01562119,11.40175425,31.2409987,11.40175425,31.2409987,11.40175425,30.47950131,11.40175425,30.41381265,11.3137085,30.47950131,10.63014581,29.69848481,10.63014581,29,9.899494937,28.31960452,10.63014581,27.58622845,11.40175425,27.58622845,10.81665383,26.17250466,11.66190379,26.17250466,11.18033989,26.17250466,10.77032961,26.17250466,10.44030651,25.45584412,10.44030651
29.15475947,6.403124237,29.68164416,6.403124237,29.68164416,6.708203932,29.15475947,7.280109889,28.8444102,8.246211251,29.41088234,9.055385138,29.20616373,9,27.80287755,10,28.42534081,10,28.31960452,10,28.31960452,11,27.58622845,11,28.28427125,11,27.58622845,10,27.58622845,10,27.58622845,10,26.90724809,10,26.17250466,9,26.17250466,9.055385138,25.49509757,9.055385138,25.49509757,9.219544457,25.49509757,9.219544457,24.8394847,8.246211251,24.8394847,8.544003745,24.8394847,7.280109889,24.8394847,7.615773106
30.52867504,14.2126704,31.38470965,14.4222051,31.06444913,15.65247584,31.6227766,16.15549442,30.61045573,16.15549442,30.61045573,16.76305461,30.47950131,16.76305461,29.73213749,17.72004515,29.69848481,17.72004515,29.69848481,17.72004515,29.73213749,17.72004515,29.73213749,17.72004515,29.06888371,17.72004515,29.20616373,16.76305461,28.42534081,16.76305461,29.20616373,17.08800749,27.80287755,15.8113883,27.20294102,15.23154621,27.80287755,15.5241747,27.20294102,14.56021978,26.62705391,14.31782106,26.62705391,13.34166406,27.20294102,12.36931688,27.20294102,12.36931688,27.20294102,11.40175425,27.01851217,11.40175425
12.52996409,31.38470965,13.03840481,31.76476035,12.72792206,32.24903099,12.80624847,32.64965543,12.52996409,32.24903099,12.08304597,33.12099032,13,33.12099032,12.64911064,32.24903099,12.36931688,32.75667871,13.15294644,31.90611227,14.14213562,31.90611227,14.14213562,31.06444913,14.14213562,30.52867504,14.14213562,30.23243292,14.03566885,30.23243292,14.14213562,29.41088234,14.03566885,28.01785145,14.03566885,27.80287755,14.14213562,26.62705391,14.14213562,25.8069758,15.13274595,24.41311123,15.13274595,23.60084744,15.29705854,22.20360331,16.4924225,23.02172887,16.76305461,22.20360331,16.76305461,21.63330765
30.88689042,15.62049935,32.24903099,15,31.90611227,16.55294536,32.44996148,17.4642492,30.8058436,17.08800749,29.83286778,18.97366596,30.47950131,18.02775638,29.73213749,18.97366596,29,18.97366596,30.41381265,19.92485885,29.69848481,19.92485885,29.73213749,18.97366596,29.73213749,18.97366596,28.42534081,18.02775638,27.80287755,18.38477631,28.42534081,18.97366596,27.80287755,18.02775638,26.40075756,17.08800749,26.40075756,16.76305461,26.40075756,15.8113883,25.8069758,15.5241747,25.8069758,14.56021978,25.8069758,14.31782106,26.40075756,13.34166406,25,12.36931688,25.61249695,12.16552506
16.64331698,25.55386468,17,25.23885893,17.4642492,25.23885893,17.4642492,25,18.02775638,25,18.38477631,24.08318916,18.38477631,24.75883681,19.31320792,24.04163056,18.97366596,24.75883681,19.31320792,24.8394847,19.31320792,24.8394847,19.31320792,24.20743687,19.31320792,24.20743687,18.38477631,24.20743687,17.4642492,23.85372088,17.4642492,23.60084744,16.55294536,23.02172887,16.55294536,22.20360331,16.55294536,22.20360331,16.15549442,22.20360331,15.8113883,21.63330765,14.56021978,22.47220505,13.60147051,22.47220505,12.64911064,23.02172887,11.40175425,22.20360331,11.40175425,22.20360331
11.70469991,28.01785145,10.29563014,28.8444102,10.29563014,29.15475947,9.899494937,29.68164416,9.219544457,29.15475947,9.433981132,29.68164416,9.848857802,29.68164416,9.486832981,28.8444102,9.848857802,28.8444102,9.486832981,28.60069929,10.19803903,28.60069929,10.19803903,28.60069929,10.19803903,28.60069929,10.19803903,27.80287755,10.19803903,27.65863337,10.19803903,27.01851217,10.19803903,27.01851217,10.19803903,26.2488095,10.19803903,25.61249695,10.19803903,25,11.18033989,24.20743687,11.18033989,23.60084744,11.18033989,23.43074903,12.36931688,23.43074903,11.40175425,22.8035085,11.40175425,22.8035085
17.88854382,29.41088234,18.35755975,30.52867504,17.20465053,30.52867504,17.02938637,30.88689042,16.97056275,30.01666204,17.69180601,31.38470965,16.40121947,31.38470965,17.20465053,30.52867504,16.64331698,31.38470965,17.49285568,30.52867504,18.35755975,30.52867504,17.88854382,30.52867504,18.78829423,30.52867504,18.38477631,30.23243292,17.4642492,30.23243292,18.02775638,29.41088234,17.08800749,28.8444102,17.08800749,28.60069929,17.4642492,27.45906044,17.08800749,27.45906044,18.02775638,26.07680962,18.02775638,25.23885893,18.02775638,23.85372088,19.31320792,23.85372088,19.31320792,23.85372088,19.31320792,22.47220505
3,26.92582404,0,28.3019434,3,27.78488798,4,28.65309756,5.385164807,27.78488798,5.830951895,27.78488798,5.385164807,28.3019434,6.32455532,28.01785145,7.211102551,28.3019434,7.615773106,27.45906044,8.062257748,26.40075756,7.071067812,27.20294102,11.18033989,25.61249695,7.810249676,25.49509757,10.81665383,27.01851217,8.485281374,28.42534081,9.433981132,26.2488095,7.071067812,24.75883681,8.485281374,24.8394847,7.810249676,22.6715681,9.219544457,22.6715681,9.433981132,22.6715681,9.219544457,22.627417,9.433981132,22.627417,8.94427191,22.627417,8.94427191,21.21320344
26.90724809,2.236067977,27.58622845,0,27.65863337,1.414213562,27.58622845,2.236067977,27.58622845,2.236067977,27.58622845,2.236067977,27.58622845,3.16227766,29,3.16227766,29,3.16227766,30.47950131,3.16227766,30.47950131,4.123105626,31.144823,3.16227766,31.144823,3.16227766,31.144823,2.236067977,31.2409987,2.828427125,31.82766093,2.236067977,31.144823,2.828427125,31.11269837,2.828427125,30.41381265,2.828427125,30.41381265,3.605551275,29.69848481,4.242640687,29.69848481,4.242640687,29.73213749,4.242640687,29.73213749,5,29,4.242640687,28.31960452,4.242640687
32.01562119,4.472135955,32.64965543,4.472135955,32.64965543,4.242640687,32.01562119,4.472135955,32.64965543,4.472135955,32.55764119,5.099019514,33.24154028,5.099019514,33.24154028,5.099019514,33.24154028,5,33.9411255,5,34.6554469,4.123105626,34.6554469,4,33.9411255,4.123105626,33.24154028,4.123105626,33.24154028,3.16227766,33.24154028,3.16227766,32.52691193,3.16227766,31.11269837,3.16227766,31.11269837,4.123105626,29.69848481,4.123105626,29.69848481,5.099019514,29.69848481,5.099019514,29.69848481,5,29.69848481,5,29.69848481,5,29,5.099019514
29.15475947,13.60147051,29.68164416,13.41640786,29.68164416,14.31782106,29.41088234,14.86606875,29.20616373,14.86606875,28.42534081,15.5241747,29.06888371,15.5241747,28.31960452,16.4924225,29,16.4924225,28.28427125,16.4924225,28.31960452,16.4924225,28.31960452,16.4924225,28.31960452,16.4924225,27.65863337,16.4924225,27.01851217,16.4924225,27.65863337,16.4924225,26.40075756,15.5241747,25.61249695,15.5241747,24.8394847,14.31782106,24.20743687,14.14213562,23.60084744,13.03840481,23.60084744,12,24.41311123,12,24.41311123,11.04536102,24.41311123,10,24.20743687,10.04987562
24.18677324,17.02938637,23.85372088,17.80449381,23.85372088,18.02775638,23.60084744,18.86796226,22.8035085,18.86796226,22.6715681,18.35755975,22.627417,19.23538406,22.627417,19.23538406,22.627417,19.23538406,21.9317122,19.72308292,22.6715681,19.72308292,22.6715681,19.23538406,23.43074903,19.72308292,22.8035085,19.72308292,22.8035085,18.86796226,22.20360331,19.72308292,21.40093456,18.86796226,21.40093456,18.86796226,21.40093456,18.35755975,20.80865205,17.88854382,20.80865205,17.88854382,20.24845673,17,21.63330765,16.1245155,21.63330765,15.65247584,21.63330765,15.65247584,21.63330765,14.76482306
19.72308292,23.02172887,18.86796226,22.47220505,19.41648784,23.32380758,19.20937271,23.70653918,19.10497317,24.18677324,19.10497317,24.18677324,18.43908891,25.05992817,19.20937271,24.18677324,18.60107524,24.18677324,18.60107524,24.18677324,19.41648784,24.18677324,18.86796226,24.18677324,18.86796226,24.18677324,18.35755975,24.69817807,17.88854382,23.85372088,17.88854382,23.85372088,17.88854382,22.47220505,16.55294536,21.63330765,17.4642492,22.47220505,17.4642492,21.09502311,17.4642492,20.59126028,17.4642492,18.86796226,17.4642492,18.02775638,18.78829423,17.49285568,18.78829423,16.64331698,19.23538406,16.1245155
4.242640687,30.88689042,4.472135955,30.88689042,6.08276253,30.88689042,7,30.88689042,7.071067812,30.01666204,8.062257748,30.01666204,9.219544457,29.68164416,9.486832981,29.41088234,10.44030651,29.41088234,10.44030651,29.41088234,10.77032961,28.60069929,10.77032961,29.20616373,11.18033989,29.20616373,11.18033989,28.42534081,10.77032961,27.65863337,10.77032961,26.90724809,10.77032961,26.90724809,10.29563014,26.17250466,10.29563014,25.49509757,10.29563014,24.08318916,10,23.34523506,10,23.34523506,9.899494937,21.9317122,9.219544457,23.34523506,9.219544457,21.9317122,9.433981132,21.9317122
10.29563014,34.4818793,11.18033989,34,11.40175425,34.4818793,13.15294644,33.61547263,13.03840481,33.28663395,14,33.01514804,14,32.20248438,14.03566885,32.01562119,14.03566885,32.01562119,15.03329638,31.89043744,15.13274595,30.47950131,14.14213562,31.144823,14.14213562,31.144823,15.13274595,31.11269837,14.31782106,31.11269837,14.14213562,31.11269837,14.31782106,30.41381265,13.15294644,28.28427125,13.34166406,28.28427125,12.64911064,26.87005769,13,26.17250466,12.52996409,26.17250466,11.66190379,26.17250466,11.66190379,25.49509757,10.81665383,25.45584412,10,24.75883681
28.17800561,17.20465053,27.29468813,18.35755975,26.92582404,19.23538406,27.45906044,19.31320792,27.20294102,19.31320792,27.01851217,20.24845673,26.2488095,21.1896201,26.17250466,20.88061302,26.17250466,20.88061302,24.75883681,19.6468827,26.17250466,19.6468827,26.90724809,19.6468827,26.2488095,19.6468827,27.01851217,19.6468827,26.40075756,19.6468827,25.8069758,19.92485885,25,18.68154169,25,17.72004515,24.20743687,17.72004515,23.60084744,17.4642492,23.02172887,16.4924225,23.02172887,16.2788206,23.02172887,15.29705854,23.85372088,14.14213562,23.02172887,13.15294644,23.02172887,13.03840481
20.80865205,18.35755975,21.09502311,18.86796226,21.9544984,18.60107524,21.47091055,19.20937271,21.47091055,17.69180601,22.36067977,18.38477631,22.36067977,18.43908891,22.36067977,17.80449381,22.36067977,18.02775638,22.36067977,18.02775638,21.47091055,18.86796226,21.47091055,19.23538406,21.47091055,19.23538406,21.9544984,19.23538406,21.9544984,19.23538406,21.9544984,19.23538406,21.09502311,17.88854382,20.24845673,17.88854382,20.24845673,17.88854382,19.72308292,17.88854382,18.35755975,17.88854382,18.35755975,18.78829423,17.49285568,18.78829423,17.49285568,18.78829423,17,18.35755975,16.1245155,18.35755975
24.18677324,13.41640786,24.18677324,13.03840481,25.49509757,13.60147051,25.49509757,12.72792206,24.59674775,13.45362405,24.59674775,13.60147051,24.59674775,13.89244399,24.59674775,13.41640786,24.59674775,14.31782106,25.05992817,14.31782106,23.70653918,14.86606875,25.05992817,14.86606875,24.18677324,15.8113883,23.32380758,15.5241747,23.85372088,15.5241747,23.32380758,15.5241747,22.47220505,14.56021978,21.63330765,14.56021978,21.09502311,14.56021978,21.09502311,14.56021978,19.72308292,15.29705854,18.86796226,15.5241747,18.02775638,16.4924225,18.02775638,16.76305461,17.49285568,16.76305461,16.64331698,15.8113883
18.86796226,24.41311123,18.02775638,25.55386468,17.80449381,25.55386468,18.43908891,26.83281573,17.69180601,25.94224354,18.43908891,26.83281573,18.60107524,25.94224354,18.02775638,25.94224354,18.35755975,25.94224354,18.35755975,25.05992817,18.78829423,26.41968963,18.78829423,26.41968963,19.31320792,25.55386468,19.31320792,24.69817807,18.38477631,25.23885893,19.31320792,24.41311123,18.38477631,23.85372088,19.31320792,23.02172887,19.31320792,23.85372088,19.31320792,22.47220505,19.31320792,21.63330765,19.31320792,20.80865205,20.24845673,19.41648784,20.24845673,20,20.61552813,19.41648784,20.61552813,19.41648784
14.2126704,24.69817807,13.60147051,24.69817807,14.76482306,25.23885893,14.76482306,25.23885893,15.23154621,24.41311123,15.23154621,24.20743687,15.8113883,24.8394847,16.15549442,24.75883681,16.76305461,24.04163056,16.76305461,24.75883681,16.76305461,24.75883681,16.76305461,24.75883681,16.76305461,24.08318916,16.76305461,23.43074903,16.15549442,23.43074903,16.15549442,23.43074903,15.8113883,22.8035085,14.86606875,22.8035085,14.56021978,22.20360331,14.56021978,21.40093456,13.34166406,21.40093456,13.34166406,21.63330765,12.36931688,21.63330765,12.16552506,21.63330765,11.18033989,22.20360331,10.19803903,21.40093456
7.280109889,31.90611227,7.211102551,31.06444913,7.071067812,32.24903099,7.211102551,31.90611227,7.211102551,31.38470965,8.246211251,31.90611227,8.246211251,31.90611227,9.055385138,31.6227766,10.04987562,31.6227766,9.055385138,32.20248438,9.055385138,31.40063694,9.219544457,31.40063694,9.219544457,32.01562119,10.44030651,31.2409987,10.19803903,30.47950131,10.19803903,31.2409987,10.19803903,29.73213749,9.219544457,29.06888371,10.19803903,27.65863337,10.04987562,27.01851217,11.04536102,26.2488095,12,26.2488095,11,26.17250466,12,26.17250466,11,25.49509757,12,24.75883681
17,21.40093456,16.64331698,21.63330765,15.8113883,22.47220505,15.62049935,22.82542442,15.55634919,22.82542442,16.2788206,22.82542442,16.40121947,23.32380758,16.64331698,23.32380758,16.64331698,23.32380758,16.1245155,23.32380758,17,22.47220505,17,23.85372088,17,23.02172887,17.88854382,23.60084744,16.55294536,23.60084744,16.55294536,23.60084744,16.15549442,23.60084744,16.15549442,22.20360331,16.15549442,22.20360331,16.15549442,21.63330765,17.08800749,20.80865205,17.08800749,20.80865205,18.02775638,19.41648784,18.02775638,18.60107524,18.02775638,18.60107524,18.02775638,17.80449381
28.3019434,6.32455532,28.65309756,5.830951895,28.65309756,5.656854249,29.52964612,5.830951895,29.15475947,6.32455532,29.15475947,7.071067812,29.15475947,7.071067812,28.3019434,8,28.3019434,9,28.3019434,9.055385138,28.01785145,9.055385138,28.01785145,10.04987562,28.01785145,10.19803903,27.80287755,10.19803903,27.20294102,10.04987562,27.80287755,10.19803903,26.40075756,10.19803903,26.40075756,10.19803903,25,10.19803903,25,11.18033989,24.20743687,11.18033989,22.8035085,12.04159458,22.02271555,12.04159458,22.6715681,12,22.02271555,12,22.02271555,13
20.59126028,26.62705391,21.09502311,26.92582404,20.80865205,27.29468813,21.40093456,27.73084925,19.79898987,27.73084925,21.21320344,27.73084925,21.26029163,27.73084925,21.40093456,27.73084925,20.80865205,27.73084925,21.63330765,27.73084925,22.47220505,27.73084925,21.9544984,28.17800561,21.9544984,28.17800561,22.36067977,28.17800561,21.47091055,27.29468813,21.47091055,27.29468813,21.02379604,26.83281573,20.1246118,25.05992817,19.6977156,25.49509757,20.1246118,23.70653918,19.6977156,22.36067977,19.6977156,22.36067977,19.6977156,20.1246118,21.02379604,21.02379604,20.1246118,19.6977156,20.1246118,18.78829423
30.01666204,5.385164807,29.15475947,6.403124237,30.41381265,5.830951895,30.88689042,6.32455532,30.88689042,7.071067812,30.01666204,8,30.01666204,8.062257748,29.68164416,8.062257748,29.68164416,10.19803903,30.23243292,10.44030651,29.41088234,10.44030651,29.41088234,10.44030651,29.41088234,11.40175425,29.20616373,11.70469991,28.42534081,11.70469991,28.42534081,11.40175425,26.90724809,11.40175425,26.2488095,10.44030651,25.49509757,10.44030651,24.8394847,10.44030651,24.08318916,11.18033989,23.43074903,11.18033989,22.6715681,12.04159458,23.34523506,12.04159458,21.9317122,12,21.26029163,12
29.52964612,12.52996409,29.52964612,13,29.52964612,14.56021978,29.15475947,15.13274595,28.8444102,15.03329638,29.41088234,16.03121954,28.60069929,16,28.42534081,16,28.42534081,17.02938637,29.06888371,17.02938637,29,17.11724277,29,17.11724277,29,17.11724277,28.31960452,17.11724277,27.65863337,16.1245155,27.65863337,16.1245155,27.01851217,16.1245155,27.01851217,15.03329638,25.61249695,15.13274595,25,14.31782106,24.20743687,13.34166406,24.20743687,13.60147051,23.60084744,11.70469991,25,11.18033989,24.20743687,11.18033989,23.43074903,10.29563014
10.77032961,30,10.77032961,31.06444913,10.81665383,31.6227766,10,31.90611227,9.899494937,31.6227766,10,31.6227766,10,30.8058436,9.433981132,31.40063694,9.848857802,31.40063694,9.848857802,30.61045573,9.486832981,31.40063694,9.848857802,32.01562119,9.486832981,32.01562119,9.219544457,31.89043744,9.219544457,31.2409987,9.219544457,30.47950131,8.062257748,30.61045573,8.062257748,29.06888371,9.055385138,29.20616373,10.04987562,29.20616373,11.04536102,28.42534081,11.04536102,27.01851217,11.18033989,26.2488095,12.16552506,26.90724809,11.18033989,26.90724809,11.40175425,26.2488095
29.68164416,9.899494937,30.52867504,10.81665383,31.38470965,10.29563014,31.38470965,10.77032961,31.06444913,11.40175425,31.6227766,13.34166406,30.8058436,13.34166406,31.40063694,13.15294644,30.61045573,14.14213562,29.83286778,14.14213562,31.2409987,14.03566885,30.47950131,14.03566885,30.47950131,15,30.41381265,15.03329638,29,15.03329638,29.69848481,15.03329638,27.58622845,15.03329638,26.17250466,14.03566885,26.87005769,14,24.75883681,14,24.75883681,13.15294644,24.75883681,12.16552506,23.34523506,11.40175425,24.04163056,10.44030651,24.8394847,9.486832981,24.8394847,9.848857802
3.16227766,31.38470965,4.123105626,27.31300057,5.830951895,28.7923601,8.94427191,28.46049894,11.18033989,28.46049894,14.31782106,28.7923601,15.65247584,26.92582404,15.23154621,26.92582404,18.02775638,26.92582404,18.68154169,27.31300057,20.61552813,28.23118843,22.8035085,26.40075756,23.76972865,28.65309756,23.53720459,29.15475947,24.04163056,28.8444102,22.8035085,28.60069929,22.8035085,27.65863337,21.58703314,26.90724809,19.41648784,26.90724809,18.43908891,26.40075756,18.43908891,25.23885893,18.43908891,21.63330765,19.10497317,20.24845673,20.02498439,18.60107524,20.02498439,19.41648784,19,18.86796226
26.92582404,16.2788206,27.45906044,17.20465053,27.45906044,17.49285568,26.62705391,17.88854382,26.40075756,17.4642492,26.2488095,17.4642492,26.90724809,18.38477631,26.17250466,18.38477631,25.45584412,18.02775638,26.17250466,18.38477631,26.90724809,18.02775638,26.2488095,18.02775638,26.2488095,18.02775638,26.2488095,17.08800749,26.2488095,17.08800749,26.2488095,17.08800749,25.61249695,17.08800749,24.8394847,16.15549442,24.8394847,16.15549442,24.20743687,15.8113883,24.20743687,15.8113883,24.20743687,15.5241747,23.60084744,14.56021978,24.20743687,13.60147051,24.20743687,13.34166406,24.20743687,13.34166406
28.8444102,8.485281374,28.3019434,8.602325267,28.8444102,8.94427191,28.8444102,10.44030651,28.60069929,10.44030651,27.80287755,11.40175425,28.42534081,11.18033989,27.65863337,12.16552506,27.65863337,12.16552506,28.31960452,12.16552506,28.31960452,12.04159458,28.28427125,12.04159458,28.28427125,13.03840481,28.31960452,12.04159458,26.90724809,12.04159458,26.90724809,11.04536102,26.90724809,11.04536102,26.2488095,10.04987562,26.17250466,11.04536102,25.49509757,11,24.8394847,11,24.8394847,11.04536102,24.8394847,9.055385138,24.8394847,9.219544457,24.8394847,8.246211251,24.8394847,8.246211251
3.605551275,30.01666204,4.472135955,30.01666204,5.099019514,31.76476035,6.08276253,31.38470965,7.280109889,30.52867504,8.246211251,30.52867504,8.544003745,31.06444913,9.486832981,30.23243292,9.848857802,29.41088234,10.77032961,30.8058436,11.18033989,31.40063694,12.08304597,30.61045573,12.52996409,29.83286778,11.18033989,29.06888371,11.18033989,29,11.18033989,29.06888371,11.18033989,28.28427125,10.29563014,27.58622845,10.29563014,26.87005769,10.81665383,26.17250466,11.40175425,24.75883681,10.63014581,24.75883681,9.899494937,24.04163056,9.899494937,24.04163056,10,23.34523506,9.433981132,22.627417
7.810249676,27.78488798,9.433981132,27.78488798,9.848857802,28.3019434,11.40175425,28.3019434,11.18033989,27.45906044,11.18033989,27.20294102,12.16552506,27.01851217,12.04159458,27.01851217,13.03840481,26.2488095,12,26.2488095,12,26.90724809,12,26.17250466,13.03840481,26.87005769,12.04159458,26.90724809,13,25.49509757,13,25.61249695,12,24.8394847,11,24.20743687,11,24.8394847,11.04536102,23.43074903,10.19803903,23.43074903,9.219544457,22.8035085,8.544003745,23.43074903,8.544003745,23.43074903,7.615773106,22.6715681,8.062257748,22.6715681
32.24903099,7.810249676,33.61547263,7.615773106,34.13209633,9.219544457,33.61547263,10.04987562,32.44996148,11,32.44996148,12.04159458,31.6227766,12.04159458,31.40063694,12.16552506,31.40063694,13.34166406,31.2409987,13.34166406,31.89043744,14.31782106,31.2409987,14.31782106,31.144823,14.56021978,31.11269837,13.60147051,29.69848481,13.60147051,30.41381265,13.60147051,29.69848481,12.64911064,29,11.70469991,28.28427125,11.70469991,27.58622845,12.08304597,26.90724809,12.52996409,25.49509757,11.40175425,26.17250466,11.40175425,25.49509757,12.04159458,25.49509757,9.899494937,24.75883681,10.63014581
26.92582404,14.76482306,28.17800561,13.89244399,28.17800561,13.60147051,28.63564213,13.45362405,27.73084925,12.80624847,28.17800561,13.03840481,28.17800561,13.03840481,27.29468813,13.41640786,27.29468813,14.31782106,27.29468813,13.92838828,27.29468813,14.86606875,26.41968963,14.56021978,26.41968963,14.56021978,25.55386468,15.5241747,25.55386468,15.5241747,25.23885893,15.29705854,24.69817807,14.31782106,23.02172887,14.56021978,22.47220505,13.34166406,22.47220505,14.31782106,21.09502311,14.31782106,21.09502311,15.5241747,20.24845673,15.5241747,19.72308292,15.8113883,18.86796226,15.8113883,18.35755975,15.8113883
15.23154621,32.75667871,13.89244399,32.64965543,14.2126704,33.61547263,13.45362405,34.92849839,13.89244399,31.76476035,13.03840481,34.43835072,14.31782106,32.64965543,14.31782106,33.54101966,14.56021978,31.30495168,16.15549442,30.88689042,16.76305461,31.38470965,18.02775638,31.90611227,15.5241747,30.41381265,18.43908891,33.28663395,17.4642492,29.15475947,18.02775638,30.52867504,17.4642492,31.06444913,16.2788206,27.20294102,15.29705854,28.3019434,16.76305461,26.62705391,17.11724277,26.07680962,17.4642492,24.69817807,17.11724277,23.32380758,18.68154169,24.18677324,18.68154169,21.63330765,18.68154169,22.82542442
29.15475947,16.55294536,30.01666204,16.1245155,30.41381265,15.8113883,30.87069808,15.62049935,29.96664813,14.86606875,30.87069808,15.62049935,30.87069808,15,29.96664813,15.8113883,29.96664813,15.26433752,29.96664813,15.65247584,29.96664813,16.15549442,29.96664813,15.8113883,29.96664813,16.76305461,29.06888371,17.72004515,28.17800561,16.4924225,27.78488798,16.4924225,27.29468813,16.4924225,26.41968963,16.4924225,26.41968963,16.4924225,24.18677324,16.4924225,23.70653918,16.4924225,22.82542442,17.4642492,21.02379604,17.72004515,21.9544984,16.4924225,20.1246118,18.68154169,19.72308292,17.08800749
20.80865205,21.9544984,20.59126028,22.82542442,21.9317122,21.9544984,22.84731932,20,21.54065923,19.41648784,23.76972865,22.02271555,22.8035085,21.26029163,22.84731932,19.10497317,23.40939982,20.51828453,22.47220505,19.20937271,21.84032967,19.41648784,21.84032967,20.80865205,23.08679276,20,22.47220505,20.80865205,22.84731932,21.09502311,20.24845673,21.09502311,19.92485885,19.72308292,20.1246118,19.72308292,17.4642492,19.23538406,18.02775638,18.35755975,16.4924225,19.23538406,15.5241747,18.86796226,15.8113883,20.1246118,13.34166406,19.72308292,13.60147051,20.24845673,13.60147051,18.02775638
15.26433752,28.65309756,17.4642492,30.23243292,16.15549442,29.15475947,19.41648784,28.8444102,18.43908891,26.62705391,19.23538406,27.01851217,20.22374842,27.80287755,19.6468827,27.65863337,19.41648784,27.01851217,19.02629759,25.45584412,20.22374842,25.45584412,20.22374842,27.58622845,19.02629759,28.31960452,18.11077028,24.08318916,18,24.08318916,17.02938637,25.61249695,17,23.43074903,15.03329638,24.20743687,17.02938637,25,17.02938637,24.20743687,15.03329638,24.20743687,14.03566885,23.02172887,13.03840481,22.02271555,13.03840481,21.40093456,14,22.6715681,11.18033989,22.02271555
25.23885893,16.55294536,25.55386468,17,26.41968963,16.1245155,26.83281573,15.8113883,26.83281573,15.62049935,26.40075756,15.55634919,26.40075756,14.86606875,26.40075756,15.62049935,26.40075756,15,26.40075756,15.26433752,26.40075756,16.1245155,25.49509757,15.65247584,25.49509757,15.23154621,25.49509757,15.23154621,24.59674775,14.86606875,24.59674775,16.15549442,22.82542442,14.86606875,22.82542442,14.86606875,21.47091055,14.86606875,21.47091055,14.86606875,21.02379604,14.86606875,20.1246118,15.8113883,19.23538406,15.8113883,19.23538406,16.15549442,18.35755975,16.15549442,17.88854382,15.23154621
27.78488798,20,27.78488798,20.24845673,27.20294102,21.47091055,27.20294102,21.9317122,26.2488095,21.9317122,26.2488095,22.47220505,26.17250466,22.47220505,26.17250466,22.47220505,26.17250466,22.47220505,26.2488095,22.47220505,25.61249695,22.13594362,26.40075756,22.47220505,25.8069758,22.13594362,26.07680962,22.47220505,25.23885893,21.54065923,26.07680962,20.61552813,25.23885893,20.61552813,24.69817807,19.6977156,23.85372088,19.31320792,23.85372088,18.38477631,23.85372088,18.02775638,24.69817807,16.76305461,23.85372088,15.8113883,24.69817807,14.56021978,24.41311123,14.56021978,24.41311123,14.31782106
18.60107524,22.82542442,18.35755975,22.47220505,21.02379604,23.02172887,20.61552813,21.40093456,20.61552813,20.61552813,21.02379604,20.51828453,21.02379604,21.21320344,22.84731932,21.26029163,22.47220505,20.80865205,20.24845673,21.40093456,18.97366596,21.40093456,18.78829423,22.02271555,21.54065923,20.80865205,21.9317122,21.40093456,19.6977156,18.86796226,20.24845673,20.1246118,17.4642492,19.23538406,17.4642492,20.59126028,18.78829423,19.23538406,17.4642492,19.41648784,15.23154621,19.72308292,14.86606875,20.80865205,15.8113883,19.23538406,14.86606875,21.09502311,13.60147051,19.72308292,13.34166406,20.80865205
4.472135955,32.24903099,4.242640687,32.75667871,4.472135955,32.75667871,6,32.24903099,7.071067812,31.90611227,7.280109889,32.44996148,8.246211251,31.6227766,8.544003745,32.20248438,9.486832981,30.8058436,9.486832981,31.40063694,10.77032961,31.40063694,11.70469991,30.61045573,12.08304597,31.2409987,11.18033989,31.144823,11.18033989,30.41381265,10.77032961,30.41381265,11.18033989,29.69848481,10.29563014,29.69848481,10.29563014,28.28427125,10.81665383,27.58622845,10.81665383,26.87005769,10.63014581,26.87005769,9.899494937,26.17250466,10.63014581,26.17250466,10,25.45584412,10,25.45584412
8.062257748,32.75667871,8.246211251,33.12099032,7.211102551,33.12099032,7.071067812,34.43835072,7.211102551,33.12099032,7.615773106,34,8.246211251,33.54101966,8.246211251,33.12099032,9.055385138,33.12099032,9,31.76476035,10,32.24903099,11.04536102,32.24903099,12.04159458,32.24903099,13.03840481,31.90611227,12.16552506,30.52867504,13.15294644,30.23243292,12.16552506,30.23243292,12.16552506,28.60069929,12.16552506,28.8444102,12.04159458,27.45906044,13.03840481,26.62705391,13.03840481,26.07680962,13.03840481,25.23885893,14.03566885,25.23885893,14.03566885,23.85372088,14,23.85372088
29.83286778,7,29.83286778,7.071067812,30.23243292,5.385164807,30.23243292,6.403124237,28.01785145,7.211102551,27.20294102,6.403124237,28.60069929,7.211102551,28.42534081,8.062257748,27.65863337,8.94427191,31.40063694,8,31.40063694,9.055385138,32.01562119,8.246211251,31.2409987,9.055385138,30.47950131,9.055385138,31.144823,9,30.41381265,9.219544457,30.41381265,9.219544457,30.41381265,8.062257748,29,9,29,9.055385138,30.47950131,9.055385138,26.87005769,9.055385138,25.45584412,9,28.28427125,9,27.58622845,10,26.17250466,9
25.23885893,17.49285568,25.23885893,16.40121947,26.41968963,17.02938637,25.55386468,16.97056275,26.41968963,17.02938637,26.41968963,17.20465053,26.92582404,17.20465053,26.92582404,17.49285568,26.92582404,17.49285568,26.62705391,17.88854382,27.20294102,17.4642492,26.62705391,17.4642492,27.20294102,16.15549442,26.40075756,16.15549442,25.61249695,16.76305461,25.61249695,16.15549442,24.8394847,16.15549442,24.20743687,15.23154621,22.8035085,15.23154621,22.20360331,16.15549442,21.40093456,16.55294536,20.80865205,16.15549442,21.40093456,17.4642492,21.40093456,17.4642492,20,17,19.20937271,17
5.385164807,29.15475947,5.656854249,29.52964612,5.830951895,30.41381265,5.385164807,30.41381265,6.32455532,30.01666204,7,30.01666204,8,30.01666204,8.062257748,29.68164416,9.219544457,29.15475947,9.219544457,28.8444102,10.19803903,28.8444102,11.18033989,28.60069929,11.40175425,30.23243292,11.40175425,28.60069929,11.40175425,28.42534081,11.40175425,28.42534081,10.77032961,27.01851217,10.19803903,26.2488095,10.44030651,25.61249695,11.40175425,24.8394847,11.18033989,24.20743687,12.16552506,22.6715681,12.04159458,22.6715681,13,23.34523506,12,21.9317122,12,21.9317122
16.55294536,24.69817807,16.1245155,25.05992817,15.8113883,25.94224354,15.62049935,26.40075756,15.55634919,25.49509757,15.62049935,26.40075756,15,26.40075756,15.26433752,25.49509757,16.1245155,25.49509757,15.65247584,25.49509757,16.55294536,25.49509757,16.15549442,25.49509757,16.15549442,25.49509757,17.08800749,25.05992817,16.76305461,24.18677324,16.76305461,24.18677324,15.8113883,23.32380758,15.8113883,22.47220505,14.86606875,21.9544984,15.8113883,21.9544984,15.8113883,19.72308292,15.8113883,19.72308292,15.8113883,18.35755975,16.15549442,18.35755975,16.15549442,17.88854382,16.15549442,17
8.246211251,29.96664813,7.211102551,30.08321791,7.071067812,30.08321791,7.211102551,29.73213749,7.615773106,29.73213749,8.062257748,28.7923601,10.04987562,28.7923601,10,28.7923601,11,27.85677655,11,27.85677655,13,27.51363298,13,26.92582404,14.03566885,26.92582404,15.03329638,26,15.03329638,25.49509757,15.03329638,25.49509757,15.13274595,24.59674775,15.03329638,23.70653918,14.03566885,23.2594067,15.03329638,22.36067977,15.13274595,20.61552813,15.03329638,20.1246118,16.03121954,17.88854382,16,17.4642492,16.03121954,16.55294536,16.03121954,16.55294536
11.18033989,28.8444102,11.66190379,29.15475947,10.81665383,29.52964612,9.899494937,30.01666204,10,29.52964612,10.29563014,29.52964612,10.77032961,30.01666204,11.70469991,29.15475947,11.70469991,29.15475947,11.40175425,28.3019434,12.16552506,28.8444102,12.16552506,28.3019434,12.16552506,28.8444102,13.03840481,28.01785145,13.03840481,27.20294102,13.03840481,27.20294102,13.03840481,26.40075756,13.03840481,26.40075756,13.03840481,25.23885893,14.03566885,24.41311123,14.14213562,23.60084744,14.14213562,23.02172887,15.13274595,22.8035085,15.13274595,22.8035085,15.29705854,22.20360331,15.29705854,20.80865205
29.52964612,3.605551275,30.88689042,4.472135955,30.01666204,6,30.01666204,6.08276253,29.68164416,8.246211251,30.23243292,8.246211251,29.41088234,9.486832981,28.60069929,9.486832981,28.60069929,8.94427191,28.60069929,10.77032961,28.42534081,11.70469991,28.42534081,11.18033989,28.31960452,11.18033989,28.31960452,12.08304597,26.87005769,10.29563014,27.58622845,10.29563014,26.87005769,10.29563014,26.87005769,10.29563014,26.17250466,9.433981132,24.75883681,10,24.75883681,9.219544457,23.34523506,9.899494937,23.34523506,9.219544457,23.34523506,9.219544457,23.34523506,8.062257748,22.627417,8.602325267
24.41311123,22.82542442,23.85372088,22.82542442,25.05992817,22.47220505,25.49509757,22.20360331,24.59674775,22.02271555,25.49509757,22.6715681,25.49509757,21.21320344,25.49509757,21.9317122,25.07987241,21.26029163,25.07987241,22.02271555,25.07987241,22.8035085,25.07987241,22.20360331,25.07987241,23.02172887,24.59674775,22.47220505,24.59674775,22.47220505,24.59674775,21.9544984,24.59674775,21.9544984,22.82542442,21.09502311,23.2594067,20.59126028,22.84731932,20.59126028,21.9317122,20.1246118,20.61552813,20.1246118,19.6977156,21.02379604,19.6977156,21.47091055,18.38477631,21.47091055,17.4642492,21.47091055
1,28.65309756,1,28.65309756,2.236067977,29.15475947,3.605551275,28.65309756,5,28.3019434,6.403124237,28.3019434,7.211102551,28.01785145,7.211102551,28.01785145,8.602325267,28.60069929,8.485281374,27.20294102,7.810249676,27.80287755,8.602325267,27.01851217,9.219544457,27.01851217,9.219544457,28.31960452,9.219544457,26.90724809,9.219544457,26.87005769,9.219544457,26.87005769,10,24.08318916,8.485281374,24.75883681,8.485281374,24.08318916,10.81665383,23.43074903,9.219544457,23.34523506,8.062257748,22.627417,8.94427191,21.26029163,10.44030651,21.9317122,9.219544457,21.21320344
25.55386468,15,24.69817807,16.1245155,25.23885893,15.65247584,25,17.08800749,24.8394847,17.08800749,25.49509757,17.72004515,24.75883681,17.72004515,24.04163056,17.72004515,24.75883681,18.68154169,24.08318916,17.72004515,24.8394847,17.4642492,24.20743687,17.4642492,25,17.4642492,25.23885893,17.4642492,25.23885893,16.76305461,24.69817807,16.76305461,24.69817807,15.5241747,23.85372088,14.86606875,23.85372088,14.56021978,23.32380758,14.31782106,24.18677324,14.31782106,24.69817807,13.34166406,24.18677324,12.16552506,25.55386468,12.36931688,24.69817807,11.18033989,24.69817807,11.18033989
16.55294536,29.68164416,15.8113883,29.68164416,16.40121947,30.88689042,15.55634919,30.01666204,15.62049935,30.88689042,15,29.52964612,15.8113883,30.01666204,16.1245155,30.01666204,16.55294536,30.01666204,16.55294536,30.52867504,16.15549442,29.15475947,17.08800749,29.15475947,16.76305461,29.15475947,16.76305461,27.45906044,17.72004515,27.20294102,17.08800749,28.01785145,16.76305461,27.20294102,15.8113883,25.8069758,17.08800749,25.23885893,17.08800749,25.23885893,17.08800749,23.85372088,18.02775638,23.02172887,18.02775638,23.02172887,18.02775638,23.02172887,18.38477631,21.63330765,18.38477631,20.80865205
18.02775638,22.82542442,18.35755975,22.47220505,19.23538406,22.47220505,19.6977156,22.20360331,19.6977156,21.40093456,20.61552813,21.26029163,20.61552813,21.21320344,20.61552813,20.51828453,20.61552813,19.84943324,20.61552813,20.61552813,20.24845673,20.61552813,19.31320792,20.80865205,19.31320792,20.24845673,18.38477631,21.09502311,18.78829423,21.09502311,17.88854382,21.09502311,17.4642492,20.24845673,17,20.24845673,16.55294536,20.24845673,16.55294536,19.72308292,16.15549442,19.72308292,15.23154621,19.72308292,13.92838828,19.72308292,13.92838828,20.59126028,13,20.24845673,12.64911064,20.24845673
1,34.4818793,1,34.4818793,3.16227766,34.98571137,4.472135955,34.98571137,5.830951895,34.13209633,7.211102551,34.13209633,8.062257748,33.83784863,9.433981132,33.01514804,9.433981132,32.20248438,9.433981132,32.80243893,10,32.80243893,10,32.01562119,10.63014581,31.2409987,10.63014581,30.47950131,10,30.47950131,10.63014581,30.47950131,9.899494937,29.73213749,9.899494937,29.73213749,9.899494937,28.31960452,10.63014581,27.65863337,10.81665383,26.90724809,10.81665383,26.17250466,11.66190379,26.17250466,10.77032961,26.17250466,10.77032961,25.49509757,10.44030651,24.75883681
2.236067977,29.15475947,0,30.01666204,1,30.01666204,2.236067977,30.01666204,3.605551275,29.68164416,5,29.68164416,5.830951895,30.23243292,6.708203932,29.41088234,7.211102551,29.41088234,7.211102551,30,8.602325267,29.20616373,8.602325267,29.20616373,8.602325267,28.42534081,9.219544457,28.31960452,8.602325267,28.31960452,8.602325267,27.58622845,8.602325267,26.90724809,7.810249676,26.17250466,7.810249676,26.17250466,8.485281374,25.49509757,8.485281374,24.75883681,8.485281374,24.04163056,8.602325267,23.34523506,8.062257748,24.04163056,8.062257748,23.34523506,8.94427191,22.627417
27.78488798,15.65247584,28.65309756,15.26433752,28.65309756,15,29.06888371,14.86606875,28.17800561,14.14213562,29.06888371,15,28.17800561,14.4222051,29.06888371,14.76482306,29.06888371,15.65247584,28.17800561,15.23154621,28.17800561,15.23154621,27.29468813,15.8113883,27.29468813,16.76305461,26.41968963,16.76305461,26.07680962,15.5241747,26.07680962,16.4924225,24.69817807,16.4924225,23.85372088,15.5241747,23.85372088,15.8113883,23.32380758,16.4924225,21.9544984,16.76305461,21.09502311,16.76305461,20.24845673,17.72004515,20.24845673,18.02775638,20.24845673,17.08800749,18.86796226,18.02775638
13,26.62705391,11.66190379,26.62705391,11.40175425,27.78488798,11.3137085,27.78488798,12.04159458,27.78488798,12.20655562,27.78488798,11.66190379,27.78488798,12.08304597,27.78488798,12.08304597,27.78488798,12.08304597,28.3019434,13.60147051,27.45906044,13.60147051,26.92582404,13.60147051,27.45906044,13.34166406,26.62705391,13.34166406,26.40075756,13.34166406,26.62705391,13.34166406,25.61249695,13.34166406,25,12.36931688,25,12.36931688,24.41311123,13.34166406,23.60084744,13.34166406,22.20360331,13.34166406,22.20360331,14.56021978,21.40093456,13.60147051,20.80865205,13.92838828,20.80865205
15.26433752,28.3019434,14.4222051,28.65309756,14.2126704,28.65309756,14.14213562,29.96664813,14.2126704,29.06888371,14.4222051,29.96664813,14.76482306,29.52964612,14.31782106,29.06888371,15.23154621,29.52964612,14.86606875,29.52964612,15.8113883,28.17800561,16.4924225,28.17800561,16.4924225,28.17800561,16.4924225,27.78488798,16.2788206,27.78488798,17.2626765,26.07680962,16.2788206,26.07680962,17.2626765,24.41311123,16.4924225,24.69817807,17.4642492,23.85372088,17.4642492,22.47220505,17.4642492,22.47220505,17.72004515,21.63330765,18.68154169,21.09502311,18.02775638,20.24845673,18.02775638,20.24845673
21.09502311,17.20465053,19.72308292,17,20.80865205,18.38477631,19.41648784,18.38477631,19.84943324,18.02775638,18.38477631,18.02775638,17.69180601,21.84032967,20.51828453,17.08800749,19.20937271,18.97366596,19.84943324,16.15549442,18.02775638,17.08800749,17,15.8113883,18.86796226,20.61552813,17.4642492,16.15549442,19.23538406,15.8113883,18.78829423,15.8113883,19.23538406,14.86606875,18.86796226,15.8113883,18.86796226,14.86606875,18.35755975,13.60147051,18.86796226,13.60147051,17.88854382,13.34166406,19.23538406,12.64911064,19.72308292,13.34166406,17.88854382,10.44030651,17.88854382,11.40175425
26.62705391,12.08304597,26.92582404,10.81665383,26.92582404,12.04159458,28.17800561,12.04159458,27.78488798,11.40175425,27.29468813,13.03840481,27.78488798,12.52996409,27.78488798,13,27.78488798,11.70469991,27.29468813,12.64911064,26.41968963,13.34166406,26.92582404,13.60147051,26.92582404,13.34166406,26.07680962,14.31782106,25.23885893,14.31782106,25.23885893,14.31782106,24.41311123,14.14213562,24.41311123,14.14213562,23.85372088,13.34166406,23.02172887,14.31782106,22.47220505,14.31782106,21.63330765,15.29705854,20.80865205,15.29705854,20.80865205,16.4924225,20,15.5241747,18.60107524,15.8113883
15,22.47220505,15.26433752,22.20360331,16.1245155,22.8035085,17,23.43074903,17,22.6715681,17.88854382,22.627417,18.78829423,21.9317122,19.6977156,21.26029163,19.6977156,21.26029163,19.6977156,21.40093456,18.78829423,22.20360331,18.78829423,21.63330765,18.78829423,21.09502311,17.88854382,21.09502311,17.88854382,20.59126028,17,20.24845673,17,21.09502311,15.65247584,20.24845673,15.65247584,18.86796226,15.23154621,19.72308292,15.23154621,19.72308292,13.92838828,21.09502311,13,21.47091055,12.64911064,21.9544984,11.70469991,20.59126028,10.77032961,21.09502311
22.20360331,17.02938637,22.8035085,18.60107524,22.6715681,18.60107524,22.6715681,18.86796226,21.21320344,18.86796226,21.9317122,19.72308292,23.34523506,18.35755975,22.6715681,18.35755975,23.43074903,18.35755975,23.02172887,19.72308292,22.47220505,21.09502311,21.09502311,20.24845673,22.47220505,20,22.82542442,19.41648784,22.47220505,18.60107524,23.32380758,19.20937271,23.32380758,19.20937271,22.47220505,17.69180601,23.02172887,18.60107524,23.02172887,17.80449381,23.32380758,17.02938637,22.47220505,17.80449381,22.47220505,17.02938637,21.63330765,17.02938637,21.63330765,17.02938637,22.20360331,15.62049935
14.86606875,27.29468813,16.4924225,26.92582404,17.2626765,26.92582404,18.11077028,25.8069758,19.10497317,26.40075756,19.10497317,26.2488095,20.09975124,26.17250466,20.09975124,24.75883681,21.02379604,24.75883681,20.02498439,24.8394847,20,24.20743687,19.02629759,23.60084744,18.02775638,23.60084744,18.02775638,23.85372088,16.03121954,24.18677324,16.03121954,22.82542442,14.03566885,24.18677324,14,23.32380758,13.03840481,22.47220505,13.03840481,23.32380758,12.16552506,21.9544984,12.36931688,21.9544984,10.44030651,22.82542442,9.848857802,23.32380758,8.94427191,23.02172887,8.062257748,21.63330765
28.65309756,10.29563014,28.3019434,10.44030651,28.3019434,11.40175425,28.3019434,12.16552506,28.60069929,13.03840481,27.80287755,14.03566885,27.65863337,14.03566885,26.17250466,15.03329638,26.17250466,15.03329638,25.45584412,15.03329638,26.17250466,15.03329638,25.49509757,15.03329638,24.8394847,14,25.61249695,13,24.20743687,13,23.60084744,12,24.20743687,12,23.60084744,11,24.20743687,10,22.8035085,11.04536102,22.8035085,10.19803903,22.8035085,9.219544457,22.20360331,7.280109889,22.8035085,8.544003745,22.02271555,7.615773106,22.02271555,6.708203932
26.07680962,24.69817807,26.07680962,24.59674775,25.8069758,24.59674775,25,26,25.49509757,26,25.45584412,26.92582404,24.75883681,26.57066051,24.20743687,26.57066051,24.20743687,26.57066051,24.41311123,25.63201124,24.69817807,25.63201124,24.69817807,24.69817807,24.18677324,24.69817807,25.05992817,23.76972865,25.05992817,23.76972865,24.59674775,22.84731932,25.05992817,22.84731932,24.59674775,21.02379604,24.18677324,20.61552813,23.70653918,19.6977156,24.18677324,19.31320792,23.70653918,18.38477631,23.70653918,17.08800749,24.18677324,16.15549442,24.69817807,15.8113883,24.69817807,14.86606875
5.099019514,33.12099032,6.08276253,34,7,34,9.219544457,34,10.19803903,32.75667871,11.40175425,32.75667871,11.70469991,32.44996148,11.70469991,31.6227766,12.08304597,31.6227766,13,31.40063694,13,30.61045573,13.41640786,29.83286778,13.41640786,29.06888371,13.89244399,29,13.03840481,28.28427125,13.03840481,28.28427125,12.20655562,28.28427125,11.40175425,27.58622845,11.40175425,26.87005769,10.63014581,26.17250466,11.3137085,24.75883681,10.63014581,24.04163056,10.81665383,24.04163056,10.29563014,24.04163056,10.29563014,23.34523506,9.848857802,22.6715681
31.90611227,10.77032961,31.76476035,10.81665383,31.76476035,10,31.76476035,9.219544457,30.41381265,10,31.76476035,8.94427191,30.88689042,8.544003745,30.88689042,10.44030651,30.88689042,10.19803903,30.01666204,11.18033989,29.15475947,11.04536102,29.15475947,11.04536102,29.15475947,12.04159458,28.01785145,12,28.01785145,12,27.20294102,13,26.40075756,12.04159458,26.40075756,12.16552506,25.8069758,12.16552506,25.23885893,12.04159458,24.41311123,13.03840481,23.60084744,13.03840481,22.20360331,13.15294644,23.02172887,13.15294644,22.20360331,13.60147051,21.63330765,13.60147051
33.12099032,3,33.28663395,2.236067977,33.61547263,3,34.98571137,4,34,6.32455532,33.01514804,5,32.20248438,9.219544457,30,10.19803903,32.20248438,9.848857802,31.2409987,6.708203932,30.47950131,10.77032961,29.73213749,14.56021978,32.64965543,9.848857802,29,10.77032961,29.69848481,8.062257748,30.41381265,8.062257748,28.31960452,9.848857802,26.90724809,8.544003745,27.58622845,8.544003745,26.17250466,9.848857802,26.17250466,8.94427191,27.58622845,8.602325267,25.49509757,7.810249676,24.8394847,6.403124237,26.17250466,6.403124237,26.17250466,5.099019514
2.236067977,31.90611227,1.414213562,31.06444913,2,32.75667871,3.16227766,32.44996148,5,32.44996148,5.656854249,31.6227766,6.403124237,32.20248438,7.211102551,31.40063694,7.071067812,30.61045573,8.485281374,31.2409987,8.485281374,30.47950131,8.485281374,30.47950131,8.485281374,29.73213749,8.485281374,29,8.485281374,29,7.810249676,29,7.810249676,29.06888371,7.071067812,28.31960452,6.403124237,27.58622845,6.403124237,27.58622845,7.211102551,26.90724809,6.708203932,26.90724809,7.615773106,26.90724809,7.071067812,26.17250466,7.071067812,25.45584412,7.071067812,24.75883681
28.8444102,14.4222051,29.68164416,14.2126704,29.15475947,13.45362405,30.52867504,13.45362405,30.01666204,13.60147051,30.52867504,13.89244399,30.52867504,13.41640786,30.52867504,13.92838828,29.68164416,13.92838828,29.68164416,14.56021978,28.8444102,14.31782106,28.8444102,14.31782106,28.60069929,14.31782106,27.80287755,15.29705854,27.01851217,15.29705854,27.01851217,15.5241747,26.90724809,14.31782106,26.2488095,14.31782106,25.61249695,14.56021978,24.8394847,14.56021978,24.20743687,14.56021978,23.43074903,15.8113883,22.6715681,15.5241747,22.6715681,16.15549442,22.02271555,15.23154621,21.40093456,15.65247584
3,28.3019434,1.414213562,28.3019434,2,29.15475947,2.828427125,29.15475947,4.242640687,28.8444102,5,28.8444102,5.656854249,28.01785145,6.403124237,28.60069929,7.071067812,27.80287755,7.071067812,27.80287755,7.071067812,27.65863337,7.810249676,27.65863337,8.485281374,26.90724809,8.485281374,26.87005769,7.810249676,26.17250466,7.810249676,26.17250466,7.071067812,26.17250466,7.071067812,24.75883681,6.403124237,24.75883681,6.403124237,24.04163056,6.403124237,23.34523506,6.708203932,22.6715681,6.708203932,23.34523506,6.32455532,23.34523506,6.08276253,22.627417,6.08276253,21.9317122
29.68164416,7.071067812,30.23243292,6.403124237,30.23243292,7.615773106,30.23243292,8.246211251,31.40063694,9.219544457,30,10.04987562,29.83286778,11.04536102,29.06888371,12.04159458,29.06888371,12,29,12.04159458,28.28427125,12,29,12,28.31960452,12,28.31960452,11,27.80287755,11,27.65863337,11,27.80287755,10,27.01851217,10.04987562,26.2488095,9.055385138,26.2488095,10,25.61249695,9,24.8394847,8.062257748,25.61249695,8.062257748,25.49509757,7.280109889,25.49509757,6.32455532,24.75883681,6.32455532
1.414213562,34.66987165,0,34.66987165,2.236067977,35.51056181,3.605551275,35.51056181,5,35.51056181,6.403124237,35.80502758,6.403124237,35.80502758,7.211102551,35.80502758,8.602325267,35,9.433981132,35.60898763,10,34.82814953,10,34.82814953,10,34.05877273,10,33.9705755,10.63014581,33.24154028,10.63014581,33.24154028,10,32.52691193,9.219544457,31.82766093,9.219544457,31.11269837,9.899494937,31.11269837,10,29.69848481,9.219544457,29.69848481,9.433981132,29,8.94427191,29,8.94427191,29,8.544003745,27.58622845
29.68164416,5.099019514,30.52867504,4.472135955,31.38470965,3.605551275,30.52867504,4.123105626,30.52867504,5,30.52867504,5.099019514,30.23243292,6.08276253,30.23243292,6.32455532,30.23243292,7.615773106,30,7.615773106,30,8.94427191,29.20616373,8.94427191,29.20616373,8.94427191,29.06888371,8.94427191,28.31960452,8.94427191,28.31960452,8.94427191,28.31960452,8.94427191,27.58622845,8.544003745,26.90724809,8.544003745,26.90724809,8.94427191,26.17250466,9.848857802,24.75883681,9.486832981,24.04163056,9.486832981,24.04163056,10.19803903,23.34523506,9.055385138,23.34523506,9.055385138
29.15475947,19.23538406,29.15475947,18.60107524,30.41381265,18.60107524,30.41381265,18.38477631,30.87069808,18.38477631,30.41381265,17.80449381,29.96664813,18.02775638,30.41381265,17.49285568,29.06888371,18.35755975,30.01666204,18.78829423,30.01666204,18.38477631,28.65309756,18.38477631,29.15475947,19.31320792,28.3019434,18.97366596,27.45906044,18.68154169,27.45906044,18.97366596,26.62705391,18.97366596,25.8069758,18.02775638,25.23885893,18.38477631,25.23885893,18.02775638,23.85372088,19.31320792,23.02172887,19.31320792,22.20360331,20.61552813,22.20360331,19.31320792,21.63330765,19.6977156,20.24845673,19.6977156
32.20248438,6.403124237,32.44996148,6.403124237,32.80243893,8.062257748,33.01514804,9.486832981,32.64965543,9.219544457,32.80243893,10.19803903,31.89043744,10.04987562,31.89043744,11.04536102,31.144823,11.04536102,31.11269837,11,31.82766093,11.04536102,31.82766093,11,31.89043744,11.04536102,32.64965543,11.04536102,31.2409987,10,32.01562119,10,31.2409987,9,30.61045573,9,31.2409987,10,30.47950131,9,29.83286778,8.062257748,29.83286778,9.055385138,29.20616373,7.071067812,29.83286778,7.071067812,29.73213749,6.08276253,29.73213749,6.08276253
27.45906044,12.52996409,27.78488798,12.20655562,28.65309756,11.3137085,28.65309756,10.63014581,27.78488798,10.81665383,27.78488798,11.18033989,27.78488798,10.77032961,26.92582404,10.77032961,26.92582404,11.40175425,27.45906044,11.40175425,26.07680962,12.36931688,26.62705391,12.36931688,25.23885893,12.16552506,25,12.16552506,25,12.16552506,24.20743687,13.15294644,24.20743687,13.34166406,23.43074903,13.34166406,22.8035085,12.36931688,22.8035085,13.15294644,22.02271555,13.34166406,21.40093456,14.31782106,21.40093456,13.34166406,20.61552813,14.86606875,20.61552813,14.86606875,20,13.92838828
1,28.65309756,1,29.52964612,3.16227766,29.15475947,4.472135955,29.52964612,5.830951895,29.15475947,6.403124237,29.15475947,7.211102551,29.68164416,7.211102551,28.8444102,9.433981132,28.60069929,8.602325267,27.20294102,9.219544457,27.80287755,10.63014581,27.80287755,9.899494937,27.01851217,9.899494937,27.65863337,10.63014581,26.17250466,9.899494937,26.87005769,9.899494937,26.17250466,8.485281374,24.75883681,9.899494937,25.45584412,9.219544457,24.04163056,9.219544457,23.34523506,8.602325267,23.34523506,8.94427191,21.9317122,8.94427191,22.627417,8.544003745,22.627417,8.246211251,21.9317122
28.01785145,5.656854249,28.60069929,6.403124237,27.80287755,8.485281374,27.01851217,9.219544457,26.90724809,11.40175425,26.90724809,12.04159458,26.90724809,12.80624847,26.17250466,12.80624847,26.2488095,13.03840481,27.01851217,13.03840481,27.80287755,14.76482306,27.20294102,13.92838828,29.41088234,13.41640786,28.8444102,13.92838828,29.15475947,12.64911064,30.52867504,11.70469991,30.52867504,11.40175425,30.01666204,9.219544457,29.68164416,10.04987562,29.41088234,10.04987562,28.01785145,10.04987562,27.45906044,11,27.20294102,11.04536102,28.8444102,10.04987562,30.23243292,10.19803903,28.8444102,8.544003745
5.385164807,29.20616373,4.472135955,29.20616373,4.242640687,29.20616373,5,30,5.385164807,29.20616373,5.099019514,30.61045573,6.08276253,29.83286778,6.08276253,29.83286778,6,29.83286778,7.071067812,29.73213749,8.062257748,29.73213749,9.055385138,29,8.062257748,29,8,28.28427125,8,29,8,28.28427125,8,28.28427125,8,27.58622845,8,26.87005769,7.071067812,26.87005769,7.071067812,26.87005769,7.071067812,26.17250466,6.32455532,25.45584412,6.08276253,26.17250466,6.08276253,26.17250466,6.32455532,24.75883681
26.92582404,20.80865205,25.8069758,21.09502311,26.40075756,21.47091055,26.40075756,21.9317122,26.2488095,21.9317122,26.17250466,21.9317122,26.17250466,22.84731932,25.49509757,22.84731932,26.2488095,21.54065923,25.61249695,21.9317122,25.61249695,21.54065923,25.8069758,21.54065923,25.8069758,21.54065923,25.23885893,20.61552813,25.23885893,21.02379604,26.07680962,20.1246118,24.69817807,20.1246118,24.69817807,19.23538406,24.69817807,18.78829423,24.69817807,17.88854382,24.69817807,17.4642492,24.69817807,16.55294536,25.23885893,15.65247584,25.23885893,15.65247584,25,15.23154621,25,14.31782106
41.23105626,96.04686356,39.59797975,96.33275663,45.48626166,103.2763284,69.87131028,110.317723,43.08131846,104.1393297,39.29376541,106.0660172,69.28924881,101.414989,47.12748667,89.87213139,62.36986452,99.24716621,59.46427499,87.86353055,72.80109889,102.3034701,75.13321503,93.00537619,68.65857558,94.40338977,56.88585061,92.20086767,49.04079934,88.45903006,60.41522987,101.0198,54.14794548,85.80209788,31.57530681,93.72299611,34.20526275,96.89685237,43.41658669,92.00543462,41.30375286,93.23625904,46.04345773,85.79627032,30,86.05230967,43.01162634,96.17692031,43.41658669,90.68627239,45.54119015,87.69264507
27.29468813,13,26.07680962,13.60147051,27.45906044,15.5241747,26.62705391,15.29705854,25.8069758,15.13274595,25,16.03121954,25.49509757,16.03121954,24.75883681,16.03121954,24.04163056,16,24.08318916,16,24.8394847,16,24.8394847,15,25,15,25,14,24.41311123,14,24.41311123,13,23.85372088,13,23.60084744,12.04159458,23.60084744,11,23.02172887,11,21.63330765,11.04536102,22.20360331,10.04987562,21.63330765,9.055385138,22.20360331,8.246211251,21.40093456,8.246211251,21.40093456,7.280109889
28.8444102,10,29.41088234,9.433981132,28.60069929,11.18033989,29.20616373,11.70469991,28.31960452,11.70469991,28.31960452,12.36931688,29,12.36931688,28.28427125,12.36931688,27.58622845,12.36931688,27.65863337,12.64911064,27.65863337,13.60147051,27.65863337,13.60147051,27.65863337,12.64911064,27.80287755,12.64911064,27.01851217,12.64911064,27.20294102,12.64911064,26.40075756,11.70469991,25.8069758,10.77032961,25.61249695,10.77032961,25.61249695,10.44030651,25,9.486832981,25,8.544003745,24.20743687,8.544003745,25,8.544003745,24.8394847,8.246211251,24.08318916,7.280109889
12.20655562,26.2488095,12.04159458,27.01851217,11.3137085,27.80287755,11.40175425,28.60069929,12.20655562,27.80287755,11.66190379,28.42534081,12.08304597,29.06888371,12.08304597,28.42534081,11.70469991,29.06888371,11.70469991,29.06888371,12.64911064,29.06888371,12.64911064,29.73213749,12.64911064,29,12.64911064,29,11.40175425,29,11.70469991,28.28427125,10.44030651,28.28427125,10.77032961,27.58622845,10.77032961,27.58622845,10.77032961,26.90724809,10.77032961,26.17250466,11.70469991,25.49509757,11.18033989,24.75883681,12.08304597,24.08318916,11.18033989,23.43074903,11.66190379,23.43074903
24.41311123,23.43074903,25,23.43074903,24.8394847,25,24.75883681,25.23885893,24.04163056,25,24.75883681,26.62705391,24.08318916,25.8069758,24.20743687,25.8069758,23.60084744,25.8069758,23.60084744,25.8069758,24.41311123,26.40075756,23.85372088,25.8069758,24.69817807,25.8069758,24.69817807,25.61249695,23.85372088,26.2488095,24.69817807,26.2488095,23.32380758,25.49509757,23.32380758,25.49509757,23.85372088,24.8394847,22.47220505,24.20743687,23.85372088,23.43074903,23.32380758,23.43074903,23.32380758,22.02271555,23.85372088,22.6715681,23.60084744,22.02271555,23.02172887,22.02271555
16.1245155,27.20294102,16.40121947,28.01785145,15.62049935,28.3019434,15.55634919,28.3019434,15.62049935,28.3019434,15.8113883,29.15475947,15.8113883,29.68164416,15.26433752,29.68164416,15.65247584,29.68164416,15.23154621,30.23243292,16.15549442,29.41088234,16.15549442,29.41088234,15.8113883,29.41088234,16.76305461,28.60069929,15.8113883,28.42534081,15.8113883,28.42534081,15.8113883,27.65863337,14.86606875,27.65863337,14.86606875,26.2488095,14.86606875,26.2488095,14.86606875,24.8394847,15.23154621,24.8394847,16.15549442,23.43074903,16.55294536,23.43074903,15.65247584,22.8035085,15.65247584,22.02271555
2.236067977,31.90611227,2,31.90611227,4.123105626,31.90611227,5.385164807,32.44996148,6.32455532,32.44996148,8.062257748,31.6227766,8.062257748,32.20248438,8.94427191,31.40063694,9.433981132,30.61045573,9.848857802,31.2409987,10.29563014,30.47950131,10.29563014,31.144823,10.81665383,30.41381265,10.81665383,30.41381265,10,29.73213749,10,30.41381265,10,29.73213749,8.602325267,28.31960452,9.219544457,28.31960452,8.485281374,27.58622845,8.485281374,26.90724809,8.602325267,26.17250466,8.602325267,26.90724809,8.062257748,26.17250466,8.062257748,26.17250466,7.615773106,24.75883681
25.55386468,13.89244399,25.8069758,15.26433752,25.23885893,14.76482306,25.8069758,16.1245155,25,15.5241747,25.61249695,17.4642492,25.61249695,14.56021978,26.2488095,16.76305461,24.04163056,16.4924225,23.60084744,16.4924225,24.8394847,16.4924225,28.31960452,18.43908891,23.60084744,18.43908891,24.8394847,15.5241747,25,16.4924225,24.41311123,16.4924225,25,17.72004515,24.41311123,14.86606875,24.20743687,13.60147051,23.02172887,13.60147051,22.20360331,11.40175425,22.8035085,11.18033989,24.20743687,12.36931688,23.02172887,10.44030651,21.63330765,10.19803903,23.43074903,10.19803903
18.02775638,24.69817807,17.20465053,25.55386468,16.2788206,23.70653918,16.2788206,25.94224354,17.02938637,25.94224354,17.20465053,25.94224354,15.8113883,26.40075756,16.1245155,25.49509757,16.55294536,25.94224354,16.55294536,24.18677324,17.08800749,25.94224354,17.88854382,25.05992817,18.78829423,25.05992817,18.43908891,22.47220505,18.38477631,25.05992817,17.72004515,23.85372088,18.78829423,23.32380758,18.78829423,21.63330765,17.72004515,21.63330765,18.02775638,21.09502311,18.02775638,19.41648784,18.02775638,18.86796226,18.38477631,18.02775638,18.38477631,18.02775638,18.38477631,17.49285568,18.78829423,17.49285568
30.8058436,3.16227766,30.8058436,2.236067977,32.20248438,3,32.20248438,3.16227766,32.20248438,4.472135955,32.01562119,5,32.01562119,5.830951895,31.89043744,5.830951895,31.89043744,6.403124237,32.55764119,6.403124237,32.55764119,7.810249676,31.82766093,7.810249676,31.82766093,7.810249676,31.82766093,7.810249676,31.89043744,8.485281374,31.89043744,7.810249676,31.89043744,7.810249676,31.2409987,7.071067812,30.47950131,7.071067812,29.83286778,7.211102551,29.06888371,7.211102551,28.42534081,6.708203932,29.20616373,7.615773106,29.83286778,7.280109889,29.06888371,7.071067812,28.42534081,7.071067812
18.02775638,25.8069758,18.60107524,26.07680962,17.80449381,26.92582404,17.69180601,27.29468813,18.43908891,26.41968963,17.80449381,27.78488798,18.02775638,27.78488798,18.02775638,26.92582404,18.35755975,27.78488798,18.35755975,26.92582404,19.23538406,26.92582404,19.23538406,27.45906044,18.78829423,27.45906044,18.78829423,27.20294102,18.38477631,26.62705391,18.38477631,27.20294102,18.38477631,26.40075756,17.4642492,25.61249695,17.4642492,25,17.08800749,24.20743687,17.08800749,23.60084744,17.4642492,22.8035085,17.4642492,21.40093456,18.78829423,21.40093456,18.78829423,20.61552813,18.35755975,20
29.68164416,9.433981132,29.68164416,7.810249676,30.01666204,8.602325267,30.23243292,8.94427191,30.52867504,9.486832981,30.23243292,9.219544457,30.8058436,10.19803903,30.8058436,10.04987562,30.8058436,10,31.40063694,11,31.2409987,11.04536102,30.61045573,11,31.2409987,11.04536102,30.47950131,11.04536102,30.41381265,12.16552506,30.41381265,11.04536102,29,11.04536102,29,10.04987562,27.58622845,10.04987562,26.87005769,10.04987562,26.17250466,10.04987562,25.49509757,11,24.75883681,11.18033989,25.49509757,11.18033989,24.75883681,11.18033989,23.34523506,11.40175425
21.47091055,23.70653918,21.09502311,23.2594067,20.80865205,25.07987241,20.61552813,24.69817807,19.84943324,24.69817807,20.51828453,24.69817807,20.51828453,25.29822128,20.61552813,24.35159132,20.80865205,24.35159132,20.80865205,24.69817807,21.09502311,24.35159132,20.59126028,24.69817807,21.47091055,24.69817807,21.02379604,23.76972865,21.54065923,23.2594067,21.54065923,23.2594067,20.24845673,21.47091055,20.61552813,21.47091055,20.24845673,20.1246118,19.6977156,20.1246118,20.61552813,18.78829423,20.61552813,17.4642492,20.61552813,16.55294536,21.02379604,16.55294536,21.02379604,15.65247584,21.02379604,14.31782106
30.23243292,14.2126704,31.06444913,15.26433752,30.8058436,16.1245155,30.8058436,16.55294536,29.73213749,17.08800749,29.73213749,17.08800749,29,17.4642492,29,18.02775638,29.06888371,17.08800749,29.06888371,18.38477631,29.20616373,18.38477631,28.60069929,17.88854382,28.60069929,17.08800749,29.41088234,16.55294536,28.60069929,16.55294536,28.60069929,16.1245155,28.8444102,17,27.45906044,16.64331698,28.01785145,15.23154621,28.01785145,14.31782106,26.62705391,14.76482306,28.01785145,13,26.92582404,12.08304597,27.20294102,13.03840481,28.60069929,13.03840481,27.20294102,12.08304597
11.40175425,23.85372088,11.66190379,23.02172887,13,24.41311123,12.64911064,24.08318916,12.64911064,24.08318916,13.60147051,24.04163056,13.60147051,24.75883681,13.92838828,24.08318916,13.60147051,24.8394847,14.86606875,24.8394847,14.86606875,25.61249695,14.56021978,25,14.86606875,25,14.86606875,25,13.92838828,25.23885893,14.86606875,25,14.31782106,24.41311123,14.31782106,23.60084744,14.31782106,23.02172887,13,22.20360331,13,22.20360331,11.70469991,21.63330765,11.70469991,22.47220505,9.848857802,21.63330765,9.486832981,21.63330765,9.486832981,21.63330765
18.43908891,18.43908891,18.60107524,18.43908891,18.60107524,18.38477631,19.72308292,18.38477631,19.41648784,18.43908891,20.24845673,19.20937271,19.41648784,18.60107524,18.86796226,19.41648784,20.24845673,20.24845673,19.41648784,20.59126028,19.41648784,21.47091055,20.80865205,20.59126028,20.80865205,21.47091055,21.40093456,22.36067977,20.61552813,21.47091055,21.26029163,21.9317122,21.26029163,21.47091055,21.21320344,21.02379604,21.21320344,20.59126028,20.51828453,20.59126028,19.79898987,19.23538406,19.10497317,19.72308292,18.38477631,19.72308292,18.38477631,21.09502311,18.38477631,20.24845673,18.38477631,20.24845673
11.18033989,26.2488095,10.81665383,26.40075756,10.63014581,27.80287755,10.63014581,26.62705391,10.63014581,27.20294102,10.81665383,27.20294102,10.81665383,27.20294102,10.29563014,27.20294102,11.18033989,27.20294102,11.70469991,27.20294102,13,27.80287755,13,27.80287755,13.60147051,28.42534081,13.92838828,27.65863337,12.64911064,27.65863337,12.64911064,28.31960452,12.36931688,27.65863337,12.36931688,27.58622845,11.70469991,27.58622845,11.40175425,26.90724809,11.40175425,26.90724809,11.40175425,26.17250466,12.64911064,25.49509757,12.64911064,24.75883681,11.70469991,25.49509757,11.70469991,24.75883681
26.07680962,13.60147051,26.07680962,13.03840481,26.62705391,14.76482306,26.62705391,15.23154621,25.61249695,15.23154621,25.61249695,15.8113883,25.49509757,15.8113883,25.49509757,16.4924225,25.45584412,16.4924225,25.45584412,16.4924225,24.75883681,16.4924225,25.49509757,17.2626765,25.61249695,17.4642492,26.40075756,16.4924225,25,16.4924225,25.23885893,15.5241747,24.41311123,15.5241747,23.85372088,14.56021978,24.41311123,14.56021978,23.02172887,14.56021978,23.85372088,14.56021978,22.47220505,12.64911064,23.02172887,11.40175425,23.02172887,11.40175425,22.8035085,10.19803903,22.8035085,10.19803903
30.61045573,8.544003745,30.61045573,8.062257748,32.20248438,8.602325267,31.40063694,7.810249676,32.20248438,7.810249676,32.20248438,7.211102551,32.20248438,8.062257748,31.40063694,7.615773106,32.20248438,8.544003745,32.01562119,8.246211251,32.01562119,8.062257748,32.01562119,8.062257748,32.01562119,9,31.2409987,9,31.144823,9,31.144823,9,30.41381265,8,30.41381265,8,29.73213749,8,29.73213749,8,28.31960452,8,27.58622845,8,27.58622845,9.055385138,27.58622845,9.219544457,26.90724809,9.219544457,26.2488095,9.219544457
3.16227766,29.68164416,2.828427125,30.52867504,3.16227766,30.01666204,4,31.38470965,5.099019514,30.52867504,5.385164807,31.38470965,7.615773106,31.06444913,7.615773106,31.06444913,8.94427191,30.23243292,8.94427191,30.23243292,8.94427191,30,9.848857802,30,9.848857802,30,10.29563014,29.83286778,10.29563014,29.06888371,10.81665383,29,9.433981132,27.58622845,8.94427191,27.58622845,8.94427191,27.58622845,8.94427191,26.17250466,8.544003745,25.45584412,9.486832981,25.45584412,9.219544457,23.34523506,10.19803903,25.45584412,9.055385138,22.02271555,8,24.04163056
19.20937271,23.02172887,20.24845673,23.60084744,20.24845673,23.60084744,20.59126028,23.43074903,20.59126028,24.08318916,21.47091055,24.04163056,21.47091055,23.34523506,21.47091055,24.08318916,22.36067977,23.43074903,22.36067977,24.20743687,21.47091055,24.41311123,22.36067977,24.41311123,22.36067977,24.41311123,21.9544984,23.85372088,21.9544984,23.32380758,21.9544984,23.32380758,21.09502311,23.32380758,21.09502311,21.9544984,19.72308292,21.09502311,19.72308292,21.9544984,18.86796226,21.9544984,17.49285568,21.47091055,16.64331698,21.9544984,16.1245155,22.47220505,15.26433752,21.63330765,14.76482306,22.20360331
28.01785145,9.433981132,28.3019434,8.602325267,28.8444102,8.485281374,29.15475947,7.810249676,28.01785145,8.94427191,29.68164416,9.848857802,28.8444102,9.486832981,28.8444102,9.486832981,28.8444102,10.19803903,28.01785145,10.04987562,29.41088234,10.04987562,28.60069929,11,28.60069929,11,28.42534081,12,27.80287755,11,27.58622845,11,27.65863337,11.04536102,26.87005769,11,26.2488095,11.04536102,25.49509757,11.04536102,24.75883681,11.04536102,24.75883681,11.04536102,23.34523506,11.18033989,23.34523506,11.40175425,23.34523506,11.40175425,23.43074903,12.64911064
31.6227766,2.236067977,31.6227766,2,32.44996148,4,32.44996148,4.123105626,32.20248438,5.385164807,32.20248438,6.708203932,32.80243893,7.615773106,31.40063694,7.615773106,32.01562119,8.94427191,31.2409987,8.94427191,31.144823,10.29563014,31.144823,10.29563014,31.82766093,10.29563014,31.11269837,10.29563014,30.41381265,10.29563014,30.41381265,9.433981132,30.47950131,9.433981132,29.06888371,8.062257748,29.06888371,8.602325267,28.31960452,7.810249676,28.31960452,7.810249676,27.65863337,7.071067812,26.90724809,7.211102551,26.90724809,7.211102551,26.17250466,6.708203932,26.17250466,6.708203932
23.85372088,13.60147051,24.41311123,14.4222051,24.41311123,14.76482306,25,15.65247584,24.20743687,15.23154621,24.08318916,16.15549442,23.34523506,16.76305461,23.34523506,16.76305461,23.34523506,16.76305461,23.43074903,16.76305461,23.43074903,16.76305461,22.8035085,16.76305461,25.23885893,16.2788206,24.41311123,15.8113883,23.85372088,16.15549442,21.40093456,14.86606875,23.85372088,15.23154621,23.02172887,14.31782106,24.69817807,14.31782106,22.47220505,13.92838828,21.63330765,13,22.47220505,12.64911064,21.63330765,11.70469991,22.20360331,11.70469991,22.20360331,10.77032961,21.40093456,10.77032961
28.8444102,8.602325267,29.41088234,10.29563014,29.41088234,10.77032961,28.60069929,11.40175425,29.20616373,11.40175425,28.42534081,12.36931688,28.31960452,13.15294644,27.58622845,13.15294644,28.28427125,13.03840481,27.58622845,13.15294644,28.31960452,13.03840481,28.31960452,13.03840481,28.31960452,12.04159458,28.42534081,12.04159458,28.42534081,12.04159458,27.80287755,12.04159458,27.80287755,11.18033989,27.80287755,11.18033989,27.01851217,11.18033989,26.40075756,11.04536102,26.40075756,10.04987562,26.40075756,9.055385138,25.61249695,8,26.40075756,8,25.61249695,7,24.8394847,7
5.656854249,28.01785145,5.830951895,29.41088234,6.708203932,29.41088234,8.246211251,28.60069929,8.062257748,29.20616373,9.055385138,29.20616373,9.055385138,29.06888371,10,28.31960452,10,27.58622845,10,28.28427125,10,29,10,28.31960452,10,28.31960452,10,29.06888371,10,28.42534081,10,28.42534081,10,27.80287755,9.055385138,27.80287755,9,27.01851217,9,27.01851217,8,25.61249695,7,25.61249695,7.071067812,25.61249695,6.08276253,25.61249695,6.08276253,25.49509757,5.099019514,24.8394847
18.35755975,21.40093456,18.86796226,22.47220505,18.60107524,21.9544984,18.43908891,22.82542442,17.69180601,22.82542442,17.69180601,22.82542442,18.43908891,23.70653918,17.80449381,23.70653918,18.02775638,22.82542442,18.02775638,23.32380758,18.35755975,22.47220505,18.35755975,23.32380758,19.23538406,22.47220505,19.23538406,23.02172887,17.88854382,22.20360331,17.88854382,23.02172887,17.88854382,22.20360331,17.88854382,21.40093456,17.88854382,21.40093456,16.55294536,20.80865205,17.4642492,20,17.4642492,19.20937271,17.88854382,18.60107524,17.88854382,18.60107524,18.35755975,17.20465053,18.35755975,17.20465053
13.03840481,26.07680962,13.89244399,26.07680962,15.23154621,26.62705391,15.8113883,25.8069758,15.8113883,25.61249695,16.76305461,25.49509757,16.76305461,25.45584412,16.4924225,24.75883681,16.4924225,24.8394847,16.4924225,24.8394847,16.4924225,26.40075756,16.4924225,25.8069758,15.5241747,25.8069758,15.8113883,26.07680962,15.23154621,25.23885893,16.15549442,26.07680962,15.23154621,25.55386468,14.31782106,24.69817807,14.31782106,24.69817807,14.31782106,23.85372088,13,24.69817807,12.08304597,23.32380758,10.77032961,23.85372088,10.77032961,25.23885893,9.486832981,24.41311123,9.486832981,24.41311123
13.60147051,26.07680962,13.41640786,26.07680962,14.31782106,25.8069758,15.8113883,25.8069758,14.86606875,24.8394847,16.4924225,25.49509757,16.4924225,25.49509757,16.4924225,24.75883681,16.2788206,24.75883681,16.4924225,24.8394847,16.4924225,26.40075756,16.76305461,25,16.2788206,25.61249695,15.5241747,25.8069758,15.8113883,25.23885893,14.56021978,25.23885893,14.86606875,25.23885893,13.60147051,24.69817807,14.86606875,24.41311123,13.60147051,23.60084744,12.64911064,22.20360331,12.64911064,23.02172887,11.18033989,22.20360331,11,23.85372088,10.44030651,22.8035085,9.055385138,23.60084744
1.414213562,29.68164416,0,29.15475947,1,29.68164416,3.605551275,30.01666204,3.605551275,29.68164416,5.830951895,29.68164416,5.830951895,30.23243292,7.211102551,29.41088234,8.062257748,28.60069929,8.062257748,27.80287755,8.602325267,28.42534081,8.602325267,28.42534081,8.602325267,27.65863337,8.602325267,28.31960452,9.433981132,27.58622845,8.602325267,27.58622845,8.602325267,26.17250466,7.810249676,25.49509757,7.810249676,26.17250466,7.810249676,24.75883681,7.071067812,24.08318916,7.810249676,23.34523506,7.211102551,22.6715681,6.708203932,23.34523506,6.708203932,23.34523506,7.615773106,22.627417
31.06444913,3.16227766,31.06444913,2.828427125,31.90611227,3.16227766,32.44996148,4,31.6227766,5,30.8058436,6.08276253,31.40063694,7.071067812,30.61045573,7.280109889,30.61045573,7.280109889,30.47950131,7.280109889,31.144823,8.544003745,31.144823,8.246211251,31.144823,8.544003745,30.41381265,8.544003745,30.41381265,8.544003745,29.69848481,8.246211251,29,8.246211251,28.31960452,8.246211251,28.28427125,7.615773106,27.58622845,7.615773106,26.90724809,7.615773106,26.90724809,8.062257748,26.90724809,7.211102551,26.90724809,7.071067812,26.17250466,6.403124237,26.17250466,7.071067812
29.68164416,17.88854382,30.01666204,17.49285568,30.88689042,16.40121947,30.41381265,17.02938637,29.52964612,16.2788206,29.52964612,16.40121947,30.41381265,17.20465053,29.52964612,16.64331698,29.52964612,17,29.52964612,17,29.52964612,17.88854382,29.15475947,17.4642492,29.52964612,18.38477631,29.15475947,18.38477631,28.3019434,18.02775638,28.3019434,18.02775638,27.45906044,18.02775638,27.45906044,17.72004515,26.07680962,17.72004515,26.07680962,16.76305461,24.69817807,17.72004515,23.85372088,17.72004515,23.02172887,18.97366596,22.47220505,18.97366596,21.63330765,18.38477631,20.24845673,19.31320792
25.8069758,13.60147051,26.40075756,15.26433752,24.8394847,15.65247584,26.2488095,17.08800749,24.75883681,18.02775638,24.04163056,18.38477631,26.17250466,18.02775638,24.8394847,17.08800749,25.61249695,18.38477631,25,17.4642492,25,17.08800749,25,17.08800749,25.8069758,17.08800749,25.23885893,16.15549442,25.23885893,17.4642492,25.05992817,16.55294536,25.23885893,16.1245155,24.18677324,12.52996409,23.32380758,12.52996409,23.02172887,13,25.23885893,14.76482306,23.32380758,12.08304597,24.18677324,11.18033989,22.8035085,12.08304597,23.60084744,10.19803903,22.8035085,10.44030651
3.605551275,30.23243292,2.236067977,29.68164416,3.16227766,30.52867504,4,30.23243292,5.099019514,29.68164416,5.385164807,29.41088234,5.385164807,30,6.708203932,30,6.708203932,30,7.615773106,29.83286778,8.062257748,29.83286778,8.94427191,29.06888371,8.94427191,29.06888371,8.94427191,29.73213749,8.94427191,28.28427125,8.94427191,28.28427125,8.94427191,27.58622845,7.615773106,26.87005769,7.615773106,26.87005769,7.615773106,26.17250466,8.544003745,25.45584412,8.544003745,25.45584412,9.055385138,25.45584412,9.055385138,24.04163056,9,24.04163056,10,24.04163056
23.32380758,7.211102551,24.18677324,7.615773106,23.85372088,8.246211251,23.85372088,9.055385138,24.41311123,10.04987562,24.20743687,10,24.20743687,11.04536102,24.08318916,11,24.08318916,11,23.34523506,11.04536102,24.04163056,12.04159458,23.34523506,12.04159458,24.08318916,12.04159458,24.20743687,12.04159458,23.60084744,12.04159458,23.60084744,11.04536102,23.60084744,11.04536102,23.02172887,10,22.20360331,10.04987562,22.20360331,10.04987562,21.63330765,9.055385138,21.63330765,8.246211251,21.63330765,8.246211251,21.63330765,7.280109889,20.80865205,6.32455532,20.80865205,6.708203932
16.40121947,23.02172887,15.26433752,21.63330765,16.55294536,23.43074903,15.65247584,22.02271555,16.55294536,20.61552813,15.8113883,21.9317122,16.55294536,21.21320344,16.15549442,21.26029163,17.4642492,22.02271555,17.88854382,21.40093456,16.55294536,23.02172887,17,22.20360331,17.4642492,21.63330765,17,23.02172887,16.1245155,23.32380758,16.64331698,25.05992817,16.64331698,21.09502311,16.64331698,22.82542442,17.02938637,20.59126028,16.64331698,21.9544984,13.89244399,20.1246118,15,21.9544984,13.03840481,21.9544984,14.2126704,19.23538406,12.80624847,23.32380758,11.40175425,19.41648784
19.41648784,28.8444102,17.80449381,27.78488798,19.10497317,28.3019434,18.38477631,28.65309756,17.80449381,28.65309756,18.60107524,29.52964612,18.02775638,29.15475947,18.35755975,29.15475947,18.78829423,29.15475947,18.78829423,28.3019434,19.6977156,28.8444102,19.6977156,28.8444102,19.31320792,28.01785145,19.31320792,28.60069929,18.02775638,27.80287755,18.97366596,27.80287755,18.02775638,27.01851217,17.08800749,26.2488095,17.4642492,25.61249695,17.4642492,24.20743687,18.38477631,24.20743687,19.31320792,23.60084744,18.38477631,22.02271555,19.6977156,21.40093456,19.23538406,21.40093456,19.72308292,21.40093456
28.17800561,12.20655562,29.06888371,11.3137085,29.96664813,12.04159458,29.54657341,10.81665383,28.63564213,11.18033989,28.63564213,12.08304597,27.73084925,12.64911064,27.73084925,12.16552506,26.83281573,13.15294644,25.94224354,13.15294644,26.83281573,15.13274595,25.94224354,15.03329638,26.41968963,15.03329638,25.55386468,16.03121954,24.69817807,15.03329638,26.07680962,15.13274595,23.85372088,15,23.02172887,15.13274595,23.02172887,14.14213562,22.47220505,14.03566885,21.09502311,14.14213562,19.41648784,14.14213562,18.86796226,14.31782106,18.02775638,15.5241747,18.35755975,14.86606875,17,14.86606875
4.242640687,31.76476035,4.123105626,32.24903099,6,33.12099032,8.062257748,32.75667871,8.246211251,31.90611227,9.486832981,32.44996148,10.77032961,31.6227766,11.70469991,30.61045573,10.77032961,31.2409987,11.18033989,31.144823,12.08304597,31.144823,11.18033989,32.52691193,13.03840481,30.41381265,12.08304597,31.11269837,12.08304597,31.144823,11.18033989,30.47950131,9.848857802,30.47950131,10.77032961,29.06888371,9.848857802,28.31960452,9.848857802,28.31960452,8.94427191,26.90724809,9.433981132,25.49509757,8.602325267,25.49509757,8.485281374,25.49509757,7.810249676,25.45584412,7.810249676,24.04163056
18.86796226,24.69817807,19.41648784,25.94224354,18.43908891,25.94224354,18.43908891,27.31300057,18.43908891,26.40075756,18.43908891,27.31300057,18.02775638,26.40075756,18.86796226,26.40075756,18.35755975,26.40075756,18.78829423,25.49509757,18.78829423,25.49509757,19.6977156,25.94224354,19.6977156,25.94224354,20.24845673,25.05992817,18.97366596,24.18677324,18.97366596,23.85372088,18.02775638,23.32380758,18.97366596,21.63330765,18.38477631,21.9544984,18.02775638,21.09502311,18.38477631,19.72308292,19.31320792,18.86796226,19.31320792,17.49285568,19.6977156,17.49285568,20.1246118,17.49285568,20.1246118,16.1245155
33.28663395,0,33.28663395,0,33.28663395,2.236067977,34.13209633,3.605551275,33.28663395,4.242640687,33.83784863,5.656854249,33.01514804,7.071067812,33.60059523,7.071067812,33.60059523,7.810249676,32.80243893,8.485281374,33.42154993,9.219544457,33.42154993,10.63014581,34.05877273,9.899494937,33.30165161,10.63014581,31.89043744,9.899494937,33.9411255,9.899494937,32.52691193,10.63014581,31.11269837,10,31.11269837,10,29,9.219544457,29.73213749,9.219544457,28.28427125,8.602325267,28.31960452,8.94427191,29,8.94427191,27.58622845,7.615773106,26.87005769,7.280109889
19.23538406,22.47220505,18.02775638,21.9544984,18.60107524,23.2594067,18.43908891,24.16609195,18.38477631,24.16609195,17.69180601,24.16609195,18.43908891,25.49509757,18.02775638,24.16609195,18.02775638,24.16609195,18.35755975,24.59674775,17.88854382,24.59674775,17.88854382,23.70653918,18.38477631,23.70653918,18.38477631,22.82542442,18.38477631,22.47220505,18.38477631,23.32380758,18.02775638,21.63330765,17.4642492,21.63330765,17.08800749,20.24845673,17.4642492,19.72308292,17.4642492,18.86796226,17.4642492,18.35755975,17.4642492,17.49285568,17.4642492,17.49285568,17.88854382,16.1245155,17,14.76482306
10.29563014,30.01666204,10.77032961,30.01666204,12.36931688,30.52867504,12.16552506,30.23243292,14.03566885,29.41088234,14.03566885,29.20616373,15,29.06888371,15,28.31960452,15,29,15.03329638,28.28427125,14.14213562,29.73213749,15.13274595,29.06888371,14.03566885,29.06888371,14.03566885,28.60069929,14.03566885,28.60069929,13,28.60069929,12,28.01785145,12.04159458,28.01785145,12.04159458,27.20294102,11,27.20294102,11,26.62705391,10.04987562,25.8069758,9.219544457,26.62705391,8.246211251,27.20294102,8.246211251,25.8069758,7.615773106,25
8.602325267,26.92582404,8.94427191,26.92582404,9.486832981,26.92582404,10.44030651,27.20294102,11.18033989,26.62705391,11.18033989,27.80287755,12.04159458,27.01851217,13.03840481,26.2488095,13,26.90724809,13,26.87005769,13.03840481,26.87005769,13.03840481,26.90724809,13.03840481,26.90724809,13,26.2488095,12,26.40075756,12,26.40075756,12.04159458,25.8069758,11.04536102,25.8069758,11,25,11,25,10,24.41311123,9.055385138,24.41311123,9.055385138,24.41311123,8.246211251,24.41311123,7.071067812,23.60084744,6.32455532,22.8035085
3.605551275,31.06444913,3.605551275,30.52867504,5.099019514,31.90611227,5,31.90611227,6,31.6227766,7.071067812,32.20248438,8.062257748,32.20248438,8.062257748,32.01562119,9.219544457,31.2409987,9.219544457,31.89043744,9.219544457,31.82766093,9.219544457,31.82766093,10.19803903,31.11269837,10.19803903,30.41381265,10.19803903,31.144823,9.219544457,31.144823,10.19803903,29.73213749,9.055385138,29.06888371,9.219544457,29.06888371,8.246211251,28.31960452,8.246211251,27.65863337,8.544003745,27.01851217,6.708203932,27.01851217,6.708203932,27.65863337,5.830951895,27.01851217,6.403124237,26.90724809
2.828427125,30.23243292,3.16227766,30.8058436,4.123105626,31.06444913,5,30,6.08276253,30,7.071067812,29.83286778,7.280109889,30.47950131,7.280109889,30.47950131,8.246211251,29.73213749,8.246211251,30.41381265,8.246211251,30.41381265,8.246211251,29.69848481,8.246211251,29.69848481,8.246211251,29.69848481,7.280109889,29.73213749,8.246211251,29.73213749,7.280109889,29.06888371,7.280109889,27.65863337,7.280109889,27.65863337,7.615773106,26.90724809,6.708203932,26.90724809,7.211102551,26.2488095,6.403124237,27.65863337,5.656854249,27.01851217,5.656854249,26.2488095,5.830951895,25.49509757
16.40121947,27.78488798,17.49285568,27.78488798,17,28.3019434,18.38477631,27.45906044,17.4642492,27.20294102,19.31320792,27.01851217,20.24845673,27.65863337,19.92485885,26.90724809,19.92485885,26.17250466,18.97366596,26.17250466,18.68154169,26.90724809,18.68154169,26.2488095,18.68154169,26.2488095,18.97366596,26.40075756,18.02775638,25.8069758,18.02775638,25.8069758,18.02775638,24.41311123,17.08800749,24.41311123,16.15549442,23.60084744,15.8113883,23.85372088,15.5241747,23.85372088,14.56021978,23.85372088,13.34166406,23.85372088,12.36931688,25.23885893,12.16552506,24.41311123,11.18033989,24.41311123
25.55386468,16.40121947,25.55386468,17,25.23885893,17.88854382,25.23885893,18.38477631,25,18.38477631,25,20.24845673,24.08318916,19.92485885,24.04163056,19.92485885,24.04163056,19.92485885,24.08318916,18.97366596,24.20743687,19.92485885,24.20743687,19.92485885,23.60084744,19.6468827,23.60084744,18.97366596,23.60084744,18.02775638,23.60084744,18.02775638,23.02172887,17.08800749,23.02172887,16.15549442,22.20360331,16.76305461,21.63330765,15.8113883,21.63330765,15.5241747,21.63330765,14.31782106,21.63330765,13.34166406,23.02172887,12.36931688,21.63330765,12.36931688,21.63330765,12.16552506
6.403124237,30.8058436,7.071067812,31.6227766,7.211102551,31.40063694,7.615773106,31.6227766,8.544003745,31.2409987,9.219544457,32.01562119,9.219544457,31.89043744,10.19803903,31.144823,10.19803903,31.144823,10.19803903,31.11269837,11.18033989,31.11269837,11.18033989,31.82766093,11.18033989,31.82766093,11.40175425,30.47950131,11.40175425,30.47950131,11.40175425,29.83286778,11.40175425,29.06888371,10.44030651,28.42534081,9.486832981,29.06888371,9.219544457,27.65863337,9.055385138,27.65863337,8.062257748,27.65863337,7.071067812,26.90724809,7.071067812,27.65863337,6,26.90724809,7,27.58622845
11.66190379,26.62705391,11.40175425,27.45906044,12.04159458,27.45906044,12.04159458,28.3019434,11.66190379,27.45906044,11.66190379,28.01785145,12.08304597,28.01785145,11.70469991,28.60069929,11.70469991,28.60069929,11.40175425,27.80287755,12.16552506,28.42534081,12.16552506,28.42534081,11.18033989,27.65863337,12.16552506,26.90724809,11.04536102,26.90724809,11.18033989,26.17250466,11.18033989,26.17250466,10.19803903,25.45584412,11.18033989,24.75883681,11.18033989,24.04163056,11.40175425,22.627417,11.70469991,22.627417,12.64911064,22.627417,12.08304597,22.627417,12.08304597,21.9317122,13,21.26029163
8.602325267,19.72308292,8.94427191,20.24845673,9.848857802,20.24845673,10.77032961,19.41648784,10.44030651,18.60107524,11.40175425,18.43908891,11.18033989,19.10497317,11.40175425,18.38477631,11.18033989,18.38477631,11.18033989,19.10497317,11.18033989,18.43908891,11.18033989,18.43908891,10.44030651,17.80449381,10.19803903,17.80449381,10.44030651,17.80449381,10.44030651,17.80449381,10.44030651,17.20465053,10.44030651,16.40121947,9.219544457,16.40121947,8.246211251,16.40121947,8.062257748,16.40121947,8.062257748,15.8113883,7,16.40121947,7,15.8113883,6.08276253,16.40121947,6,17.20465053
28.3019434,7.211102551,27.78488798,8.062257748,27.45906044,8.544003745,28.3019434,9.219544457,28.01785145,10.19803903,27.80287755,11.04536102,27.01851217,11.04536102,26.2488095,11,26.90724809,12,26.87005769,12,26.87005769,12,26.17250466,13,26.17250466,13,25.49509757,12,25.61249695,12,24.8394847,11,24.20743687,11,24.20743687,10,23.43074903,10.04987562,23.43074903,9.219544457,22.8035085,9.219544457,23.60084744,8.246211251,23.60084744,8.544003745,23.60084744,7.615773106,23.43074903,7.615773106,23.43074903,6.708203932
32.44996148,5.385164807,33.28663395,5,33.28663395,4.472135955,33.28663395,5.099019514,32.44996148,6,33.83784863,6.08276253,33.83784863,7.280109889,33.01514804,7.615773106,32.80243893,8.062257748,32.01562119,8.544003745,32.64965543,8.94427191,32.64965543,9.848857802,31.89043744,9.848857802,31.89043744,8.94427191,31.144823,9.433981132,31.144823,9.433981132,30.41381265,8.94427191,28.28427125,9.848857802,28.28427125,9.848857802,27.58622845,10.44030651,26.87005769,11.40175425,26.87005769,11.18033989,26.17250466,11.04536102,27.58622845,12,26.87005769,12.04159458,26.87005769,12.04159458
9.848857802,29.68164416,10.44030651,29.68164416,12.36931688,30.23243292,12.04159458,29.41088234,13.03840481,29.20616373,14.03566885,29.83286778,14.03566885,29.73213749,15.03329638,29,15.03329638,28.28427125,15.03329638,27.58622845,15.03329638,27.65863337,15.03329638,27.65863337,14.03566885,27.01851217,14.03566885,27.01851217,13.03840481,26.40075756,13.03840481,26.40075756,12.04159458,25,11.04536102,24.41311123,11,23.60084744,10,23.60084744,9.055385138,23.60084744,7.071067812,23.60084744,7.280109889,23.60084744,6.32455532,24.20743687,6.32455532,24.08318916,6.708203932,23.34523506
26.40075756,16,25.61249695,16,27.01851217,18.11077028,26.90724809,17.2626765,27.58622845,18.43908891,26.90724809,19.41648784,27.20294102,20.61552813,29.20616373,19.92485885,28.8444102,19.92485885,29.15475947,19.92485885,30.88689042,19.31320792,31.30495168,18.97366596,32.20248438,18.02775638,32.20248438,16.76305461,32.69556545,15.5241747,32.69556545,15.29705854,31.95309062,13.34166406,31.01612484,12.36931688,30.08321791,12.36931688,29.15475947,9.486832981,29.15475947,9.848857802,29.15475947,8.602325267,30.46309242,7.071067812,30.46309242,7.211102551,31.30495168,6.403124237,31.76476035,5.830951895
27.20294102,4.123105626,27.80287755,3.605551275,28.60069929,4.242640687,27.80287755,4.472135955,27.80287755,4.123105626,27.65863337,5.099019514,27.65863337,6.08276253,26.90724809,7,26.90724809,7,27.58622845,7,26.87005769,6,26.87005769,6,26.87005769,6,26.87005769,6,26.17250466,6,26.87005769,6,26.17250466,6.08276253,26.17250466,5.099019514,26.17250466,6,25.45584412,6.08276253,25.45584412,5.099019514,25.45584412,5.385164807,25.45584412,5.385164807,25.45584412,5,25.45584412,5.385164807,25.45584412,5.830951895
29.41088234,5.385164807,30.23243292,5,30.23243292,4.472135955,30.23243292,5.099019514,30.23243292,5,30.8058436,5.099019514,30.8058436,6.32455532,30,6.708203932,29.83286778,6.708203932,29.06888371,7.615773106,29.06888371,8.062257748,29.06888371,8.94427191,29,8.544003745,29.69848481,8.94427191,27.58622845,8.94427191,28.31960452,8.062257748,26.90724809,7.615773106,26.2488095,7.615773106,25.49509757,7.280109889,26.17250466,8.246211251,25.49509757,8.246211251,25.49509757,9.055385138,24.8394847,9,26.2488095,9,25.49509757,9.055385138,25.49509757,9.219544457
19.72308292,22.20360331,19.72308292,23.02172887,19.41648784,23.85372088,20,24.18677324,18.43908891,24.18677324,19.10497317,25.05992817,19.10497317,25.05992817,18.43908891,25.05992817,17.80449381,24.59674775,18.60107524,23.70653918,18.60107524,25.05992817,18.86796226,25.05992817,18.86796226,24.18677324,19.72308292,24.18677324,18.35755975,23.32380758,19.23538406,23.32380758,18.78829423,22.47220505,17.88854382,22.47220505,17.88854382,21.09502311,17.88854382,21.09502311,17.88854382,20.59126028,17.88854382,19.72308292,18.78829423,18.86796226,19.23538406,18.35755975,18.35755975,18.35755975,18.35755975,17.49285568
24.69817807,22.47220505,25,23.32380758,24.20743687,24.59674775,24.08318916,24.16609195,23.34523506,24.16609195,24.08318916,24.69817807,23.43074903,24.69817807,23.60084744,24.69817807,23.02172887,24.69817807,23.85372088,24.16609195,23.85372088,24.16609195,23.32380758,24.16609195,24.18677324,23.2594067,24.18677324,23.2594067,23.70653918,22.36067977,23.70653918,22.36067977,23.70653918,21.47091055,23.70653918,20.59126028,22.82542442,20.1246118,22.82542442,19.23538406,22.82542442,17.88854382,22.82542442,17.88854382,23.32380758,17,23.32380758,16.55294536,22.47220505,16.55294536,23.02172887,15.23154621
13.60147051,27.20294102,13.60147051,28.01785145,13.45362405,28.8444102,13.45362405,28.65309756,13.60147051,28.3019434,13.03840481,29.15475947,12.52996409,28.3019434,13,28.3019434,12.64911064,27.45906044,13.60147051,27.45906044,14.56021978,28.01785145,14.86606875,28.01785145,14.56021978,27.20294102,15.5241747,27.20294102,13.92838828,27.20294102,14.56021978,27.01851217,13.60147051,25.61249695,13.60147051,24.8394847,14.86606875,25.61249695,13.60147051,24.20743687,14.56021978,23.43074903,14.86606875,22.8035085,14.86606875,22.02271555,15.23154621,22.02271555,15.23154621,21.40093456,15.65247584,21.40093456
19.23538406,20.24845673,20.24845673,20.59126028,19.41648784,21.9317122,19.20937271,21.02379604,18.38477631,21.54065923,19.10497317,21.54065923,17.80449381,23.40939982,18.60107524,22.47220505,18.60107524,21.54065923,18.86796226,21.54065923,19.72308292,21.54065923,19.23538406,20.61552813,19.23538406,20.61552813,19.23538406,20.1246118,19.6977156,20.1246118,18.38477631,20.1246118,20.1246118,18.35755975,18.38477631,17.49285568,17.88854382,18.35755975,17.4642492,17.88854382,17.88854382,15.65247584,17.88854382,14.76482306,18.35755975,14.31782106,18.35755975,13.92838828,19.72308292,14.31782106,17.49285568,13.41640786
31.6227766,5.656854249,31.30495168,3.605551275,31.90611227,3.605551275,32.24903099,5.385164807,32.44996148,5.099019514,33.83784863,7.071067812,33.01514804,6.32455532,31.6227766,8.602325267,31.6227766,8.062257748,30.8058436,9,30.61045573,9.486832981,28.31960452,9.486832981,28.31960452,11.40175425,32.80243893,10.44030651,30.47950131,8.544003745,31.144823,9.848857802,30.47950131,9.219544457,27.58622845,8.246211251,29,8.94427191,26.87005769,8.246211251,26.87005769,8.246211251,27.58622845,8.062257748,25.45584412,9.055385138,26.17250466,9.219544457,23.34523506,9,24.04163056,9
1,29.15475947,2.236067977,29.15475947,3.605551275,29.15475947,4.472135955,29.15475947,5.830951895,28.8444102,7.211102551,28.8444102,7.810249676,28.8444102,8.602325267,28.60069929,8.602325267,27.80287755,8.602325267,27.65863337,10,28.31960452,10,28.31960452,9.219544457,27.58622845,9.219544457,28.28427125,9.219544457,26.87005769,9.219544457,27.58622845,9.219544457,26.17250466,7.810249676,25.49509757,7.810249676,25.49509757,7.810249676,24.75883681,7.810249676,24.08318916,7.211102551,23.34523506,7.211102551,22.6715681,6.708203932,23.34523506,6.708203932,22.627417,6.32455532,22.627417
30.23243292,10,30.23243292,10.29563014,30.23243292,9.848857802,30.23243292,11.70469991,30,12.36931688,29.83286778,13.15294644,29.06888371,13.15294644,29.73213749,14.14213562,29,13.03840481,29,14.14213562,29,14.03566885,29.06888371,13.03840481,29.06888371,14.03566885,29.06888371,13.03840481,28.42534081,13.03840481,28.42534081,12.16552506,28.42534081,12.16552506,27.80287755,11.18033989,27.01851217,11.04536102,27.01851217,10.19803903,27.01851217,10.04987562,27.01851217,10,25.61249695,9,26.2488095,8.062257748,26.2488095,8,25.49509757,8
2.236067977,30.23243292,0,31.06444913,1.414213562,31.6227766,3.16227766,31.6227766,4.472135955,31.40063694,5.830951895,31.40063694,5.830951895,31.40063694,7.211102551,30.47950131,7.211102551,30.47950131,7.615773106,30.47950131,8.062257748,30.41381265,7.211102551,30.41381265,7.211102551,29.69848481,7.211102551,29.69848481,7.211102551,29.69848481,7.211102551,30.41381265,7.211102551,29,6.403124237,29.73213749,6.403124237,27.58622845,6.403124237,27.58622845,7.071067812,27.58622845,6.403124237,26.90724809,6.403124237,26.90724809,6.708203932,26.87005769,5.830951895,26.17250466,7.615773106,27.65863337
29.68164416,7.071067812,30.52867504,7.211102551,29.68164416,8.246211251,30.52867504,9.055385138,29.41088234,9.055385138,29.41088234,11,29.20616373,12.04159458,29.06888371,12,29.06888371,12.04159458,28.31960452,12.04159458,29,12.16552506,29,12.16552506,28.28427125,12.16552506,29,11.18033989,27.58622845,11.04536102,27.65863337,11.18033989,26.90724809,11.18033989,26.2488095,10.19803903,26.90724809,10.19803903,25.49509757,10.19803903,24.8394847,9.219544457,24.8394847,9.219544457,24.8394847,8.544003745,24.08318916,8.062257748,24.75883681,8.062257748,24.08318916,7.211102551
33.28663395,6.08276253,33.28663395,5.385164807,34.4818793,4.242640687,34.13209633,4.123105626,34.98571137,5,34.13209633,5.099019514,33.83784863,6.708203932,33.01514804,6.708203932,33.60059523,8.062257748,33.42154993,8.062257748,33.42154993,8.94427191,32.64965543,8.94427191,34.05877273,8.94427191,32.64965543,8.94427191,31.82766093,8.94427191,31.89043744,8.062257748,31.11269837,8.062257748,30.41381265,8.062257748,29,8.062257748,29,8.062257748,27.58622845,8.94427191,27.58622845,9.486832981,27.58622845,10.19803903,27.58622845,10.04987562,26.90724809,10.04987562,26.17250466,10
3.16227766,31.90611227,2.828427125,33.61547263,4.123105626,32.75667871,5,33.12099032,5.099019514,32.44996148,7.071067812,33.28663395,8.246211251,33.01514804,8.246211251,32.20248438,9.486832981,31.40063694,9.486832981,31.2409987,9.848857802,31.2409987,10.77032961,31.89043744,9.848857802,31.144823,10.77032961,31.82766093,10.77032961,30.41381265,9.848857802,30.41381265,10.77032961,29.69848481,9.848857802,29.06888371,9.848857802,29,8.94427191,27.58622845,9.433981132,26.90724809,8.602325267,26.90724809,7.810249676,26.90724809,7.810249676,26.90724809,7.810249676,26.90724809,7.810249676,26.17250466
7.071067812,27.45906044,7.211102551,27.45906044,8.94427191,27.45906044,9.219544457,26.62705391,9.055385138,27.20294102,10.04987562,27.01851217,11.04536102,27.01851217,11,26.90724809,11.04536102,26.90724809,11,26.17250466,11,26.87005769,11,26.17250466,11,26.90724809,11,26.90724809,11.04536102,26.2488095,11.04536102,25.61249695,11.04536102,25.61249695,10.04987562,24.20743687,9,24.20743687,9,24.08318916,9,24.20743687,8,23.43074903,7.280109889,23.60084744,7.071067812,24.20743687,7,24.20743687,6.08276253,21.9317122
20,21.9544984,19.20937271,21.63330765,20.24845673,21.63330765,21.09502311,20.80865205,20.59126028,20.61552813,21.47091055,20.51828453,21.47091055,20.51828453,21.47091055,20.51828453,21.02379604,19.84943324,21.47091055,19.20937271,21.47091055,20,21.47091055,20,20.59126028,19.41648784,20.59126028,20.24845673,19.72308292,20.24845673,19.72308292,20.24845673,19.41648784,19.72308292,18.86796226,19.72308292,18.86796226,20.24845673,17.49285568,19.41648784,17.49285568,19.72308292,17.49285568,19.72308292,16.64331698,19.41648784,17.49285568,20.24845673,16.1245155,19.41648784,16.1245155,19.41648784
8.544003745,28.01785145,8.94427191,28.8444102,7.211102551,29.68164416,7.071067812,29.68164416,7.211102551,29.68164416,7.615773106,28.8444102,7.615773106,29.68164416,7.280109889,29.41088234,8.062257748,30.23243292,8,30,8.062257748,30,9.055385138,29.20616373,9.055385138,29.20616373,9.055385138,28.42534081,9.055385138,27.65863337,9,27.65863337,9.055385138,26.90724809,9.055385138,26.2488095,9,25.49509757,9,25.61249695,10,24.08318916,10.04987562,24.08318916,11.04536102,24.08318916,11.04536102,24.08318916,11.18033989,23.43074903,11.18033989,23.43074903
27.45906044,14.86606875,27.20294102,15,26.62705391,16.64331698,25.61249695,17,26.2488095,17,25.49509757,17,26.17250466,17.88854382,25.45584412,17.4642492,25.45584412,17.4642492,24.75883681,17.4642492,25.49509757,18.38477631,24.8394847,17.4642492,24.8394847,18.38477631,25.61249695,17.4642492,25,17.4642492,25,16.55294536,24.41311123,16.55294536,24.41311123,15.65247584,23.60084744,15.65247584,24.20743687,15.23154621,23.60084744,14.86606875,23.60084744,13,23.60084744,13,24.41311123,12.64911064,24.20743687,11.70469991,24.20743687,11.70469991
28.42534081,20.24845673,29.20616373,18.86796226,31.6227766,18.60107524,31.06444913,18.43908891,29.41088234,16.97056275,30.23243292,18.43908891,31.6227766,17.69180601,31.6227766,17.20465053,29.20616373,16.64331698,29.20616373,17.20465053,30.61045573,18.02775638,30.61045573,18.35755975,30.8058436,16.40121947,29.73213749,15.8113883,29.06888371,16.1245155,30.61045573,16.64331698,30,15.65247584,27.80287755,14.31782106,27.65863337,16.64331698,26.2488095,15.65247584,24.8394847,15.65247584,25.61249695,15.65247584,25.8069758,16.1245155,25.8069758,16.1245155,26.07680962,16.64331698,23.02172887,17.49285568
20.61552813,16.97056275,21.40093456,17.02938637,20.61552813,17.20465053,21.63330765,17.20465053,21.26029163,17.88854382,22.02271555,17.88854382,21.26029163,17.88854382,21.9317122,17.4642492,21.21320344,18.78829423,21.21320344,18.38477631,22.627417,18.78829423,23.34523506,18.35755975,23.34523506,17.88854382,23.34523506,17.88854382,23.34523506,16.1245155,24.08318916,15.65247584,22.627417,15.26433752,22.02271555,14.76482306,21.21320344,15.26433752,19.79898987,14.4222051,18.38477631,15,18.38477631,15.8113883,17.69180601,16.40121947,17.69180601,16.40121947,17.02938637,16.2788206,15.8113883,16.2788206
20.61552813,23.85372088,20.80865205,24.69817807,21.09502311,23.60084744,21.47091055,23.60084744,21.9544984,23.43074903,22.36067977,24.08318916,22.36067977,23.34523506,22.36067977,22.627417,22.36067977,23.34523506,22.36067977,21.26029163,22.36067977,22.02271555,22.36067977,22.20360331,22.36067977,22.20360331,22.36067977,23.02172887,21.47091055,21.63330765,21.47091055,22.47220505,21.47091055,22.47220505,19.72308292,21.09502311,20.59126028,21.63330765,19.23538406,21.09502311,19.23538406,21.09502311,17.88854382,21.63330765,17,20.24845673,17.49285568,20.24845673,17,20.80865205,16.55294536,20.80865205
16.1245155,26.92582404,17.88854382,26.07680962,18.38477631,27.45906044,18.97366596,25.8069758,18.68154169,25.61249695,19.6468827,24.75883681,19.6468827,25.45584412,19.6468827,24.75883681,19.41648784,24.08318916,18.43908891,24.08318916,18.43908891,24.20743687,17.4642492,24.20743687,17.2626765,24.20743687,17.4642492,24.41311123,16.4924225,24.41311123,16.4924225,24.41311123,15.5241747,23.85372088,14.31782106,23.02172887,14.31782106,23.02172887,13.15294644,23.02172887,12.16552506,22.47220505,12.04159458,22.20360331,11.04536102,23.02172887,11,23.60084744,10,23.60084744,10,22.8035085
18.60107524,23.32380758,18.86796226,23.32380758,20.1246118,22.47220505,20.1246118,22.20360331,19.6977156,22.02271555,20.24845673,21.26029163,20.24845673,21.9317122,20.24845673,21.9317122,20.24845673,21.9317122,20.24845673,22.02271555,20.24845673,21.40093456,20.24845673,21.40093456,20.24845673,22.20360331,20.24845673,21.63330765,19.31320792,22.47220505,19.31320792,22.47220505,19.31320792,22.47220505,17.4642492,21.9544984,17.4642492,21.09502311,17.08800749,21.63330765,16.15549442,21.09502311,15.8113883,21.09502311,14.86606875,21.09502311,14.86606875,21.09502311,13.92838828,21.09502311,13.92838828,21.09502311
12.52996409,30.23243292,10.81665383,30.52867504,10.63014581,31.38470965,10.63014581,31.38470965,10.29563014,31.38470965,9.848857802,31.38470965,10.77032961,31.38470965,10.19803903,29.68164416,11.18033989,29.68164416,11.18033989,28.8444102,12.04159458,28.8444102,12.04159458,28.8444102,12.04159458,28.8444102,13.03840481,28.01785145,13.03840481,27.20294102,13.15294644,27.20294102,13.03840481,26.40075756,13.15294644,25.61249695,13.15294644,25,14.14213562,25,14.14213562,24.41311123,15.29705854,23.60084744,15.29705854,24.20743687,15.5241747,22.8035085,15.5241747,23.02172887,14.56021978,22.20360331
33.42154993,6.403124237,33.60059523,9.219544457,32.24903099,8.062257748,33.83784863,9,32.24903099,7.071067812,32.44996148,10.19803903,32.75667871,10.19803903,29.83286778,11.04536102,32.20248438,12.08304597,34.66987165,11.18033989,31.2409987,12.16552506,34.66987165,12,33.60059523,13.41640786,31.144823,13.60147051,31.144823,13.15294644,31.89043744,13.34166406,30.41381265,13.34166406,29,13.03840481,29,12.16552506,27.58622845,13,27.58622845,13.15294644,27.58622845,13.03840481,26.87005769,13.34166406,28.31960452,13.60147051,24.75883681,13.34166406,26.2488095,13.34166406
17.49285568,26.41968963,16.64331698,27.29468813,17.02938637,28.17800561,16.97056275,28.63564213,17.02938637,28.17800561,16.64331698,28.17800561,16.1245155,29.06888371,16.55294536,28.17800561,16.55294536,28.17800561,17.08800749,27.29468813,17.08800749,27.78488798,18.02775638,27.78488798,18.02775638,26.92582404,17.72004515,26.07680962,17.72004515,26.62705391,17.4642492,26.07680962,17.4642492,25.23885893,17.72004515,23.60084744,17.4642492,23.60084744,17.72004515,23.02172887,17.72004515,22.20360331,17.72004515,20.80865205,17.72004515,20.80865205,18.97366596,20,18.38477631,19.41648784,18.38477631,18.60107524
28.8444102,2.236067977,28.8444102,2,29.68164416,4,28.8444102,5.099019514,28.8444102,5.385164807,28.60069929,6.708203932,29.20616373,7.615773106,28.42534081,8.544003745,27.65863337,8.062257748,27.65863337,8.94427191,27.58622845,8.94427191,27.58622845,8.94427191,27.58622845,9.433981132,27.58622845,9.433981132,26.90724809,9.433981132,27.58622845,9.433981132,26.2488095,8.602325267,26.2488095,8.602325267,25.49509757,7.810249676,25.49509757,7.810249676,24.8394847,7.810249676,24.8394847,7.810249676,24.8394847,7.810249676,25.49509757,7.211102551,24.08318916,7.211102551,23.34523506,6.708203932
20,26.92582404,20.24845673,26.07680962,21.47091055,26.62705391,22.36067977,27.20294102,21.9317122,27.01851217,21.9317122,25.49509757,22.84731932,26.17250466,22.84731932,25.45584412,22.47220505,24.75883681,22.47220505,24.8394847,22.47220505,25.61249695,22.13594362,25.61249695,22.13594362,25.8069758,21.1896201,25.8069758,21.54065923,25.23885893,21.54065923,26.07680962,20.61552813,24.69817807,19.6977156,24.69817807,18.38477631,24.69817807,18.38477631,23.85372088,17.08800749,24.69817807,16.15549442,24.69817807,15.8113883,24.69817807,15.8113883,25.23885893,14.86606875,24.41311123,13.92838828,24.41311123
26.62705391,10.81665383,27.45906044,8.485281374,26.62705391,9.899494937,26.62705391,9.433981132,27.45906044,8.544003745,28.01785145,9.486832981,28.8444102,9.848857802,27.20294102,9.486832981,27.20294102,10.19803903,26.40075756,10.04987562,27.01851217,10.04987562,25.61249695,10.04987562,26.2488095,11.04536102,25.49509757,11,26.2488095,11.04536102,25.49509757,11.04536102,25.49509757,11.04536102,24.04163056,10.19803903,24.75883681,11.18033989,24.04163056,11.18033989,23.34523506,11.18033989,21.9317122,11.18033989,23.34523506,11.40175425,22.627417,11.40175425,21.9317122,12.08304597,21.21320344,11.40175425
6.403124237,29.68164416,6.403124237,29.68164416,6.708203932,29.68164416,7.071067812,31.06444913,7.071067812,30.23243292,8,30.23243292,8.062257748,30.23243292,8.246211251,30,9.219544457,29.41088234,9.486832981,29.83286778,9.486832981,29.20616373,10.44030651,29.20616373,10.44030651,29.06888371,10.44030651,28.31960452,11.40175425,28.31960452,10.44030651,28.31960452,10.19803903,27.58622845,10.19803903,26.87005769,10.19803903,26.17250466,10.04987562,25.45584412,10.04987562,25.49509757,10,24.75883681,11,24.75883681,10.04987562,24.04163056,10.19803903,24.04163056,10.19803903,23.34523506
13.89244399,28.01785145,13.60147051,28.3019434,13.45362405,29.15475947,13.45362405,28.65309756,12.80624847,29.15475947,13.03840481,29.15475947,12.52996409,29.15475947,12.08304597,28.3019434,13,28.3019434,12.64911064,27.45906044,13.60147051,27.45906044,13.34166406,27.45906044,14.56021978,27.45906044,14.31782106,27.20294102,14.31782106,26.40075756,14.31782106,26.40075756,14.31782106,25.61249695,14.31782106,24.8394847,14.31782106,24.20743687,14.31782106,24.20743687,14.31782106,22.8035085,14.56021978,22.02271555,14.56021978,22.02271555,15.8113883,22.02271555,15.23154621,21.40093456,15.23154621,21.40093456
30.52867504,2.236067977,31.38470965,2,31.38470965,3.16227766,31.90611227,4.472135955,31.06444913,5.656854249,30.23243292,7.071067812,30.8058436,7.071067812,30,8.485281374,29.20616373,8.485281374,28.42534081,9.219544457,29.06888371,9.219544457,29.06888371,9.219544457,28.31960452,9.219544457,27.58622845,9.899494937,26.87005769,9.219544457,27.58622845,9.219544457,26.87005769,9.219544457,26.17250466,8.602325267,25.45584412,8.94427191,25.45584412,8.062257748,24.75883681,8.94427191,24.08318916,8.544003745,23.34523506,8.246211251,24.8394847,8.246211251,23.34523506,7.071067812,22.627417,10.04987562
1,31.38470965,1.414213562,31.38470965,2.236067977,31.76476035,3.605551275,32.24903099,5,31.90611227,6.403124237,31.90611227,7.071067812,32.44996148,7.810249676,31.6227766,8.485281374,30.8058436,9.219544457,31.40063694,9.219544457,30.61045573,9.899494937,30.61045573,10.63014581,30.61045573,10.63014581,29.83286778,10.63014581,29.73213749,11.3137085,29.73213749,11.3137085,29,10.63014581,27.58622845,10.63014581,26.87005769,10,26.87005769,10.81665383,26.17250466,10.29563014,25.49509757,9.848857802,25.49509757,9.486832981,25.49509757,9.219544457,24.75883681,9.219544457,24.75883681
25.8069758,11.18033989,26.62705391,10.81665383,27.45906044,11.40175425,28.3019434,10.63014581,27.45906044,10.81665383,27.45906044,10.29563014,28.01785145,10.77032961,27.20294102,10.44030651,26.62705391,10.44030651,27.20294102,10.44030651,26.40075756,11.40175425,26.40075756,11.40175425,26.40075756,11.40175425,26.2488095,11.40175425,26.2488095,11.18033989,26.2488095,12.16552506,25.49509757,12.16552506,25.49509757,11.18033989,24.08318916,11.18033989,24.08318916,11.18033989,23.34523506,12.16552506,22.6715681,12.36931688,22.6715681,11.40175425,22.6715681,12.64911064,21.9317122,11.70469991,21.9317122,11.70469991
26.92582404,13.03840481,26.92582404,13.41640786,26.07680962,13.41640786,26.62705391,14.86606875,25,14.86606875,25.61249695,15.8113883,24.8394847,15.5241747,24.08318916,16.4924225,24.75883681,15.29705854,24.04163056,15.29705854,24.04163056,15.13274595,24.75883681,15.13274595,24.08318916,15.13274595,24.08318916,15.13274595,24.20743687,15.13274595,24.20743687,14.14213562,24.20743687,14.03566885,23.60084744,13.03840481,23.60084744,13.03840481,23.60084744,12.04159458,23.60084744,12,23.02172887,11,23.02172887,11,23.60084744,10,23.60084744,10,22.8035085,9
30.41381265,2.236067977,30.41381265,2.236067977,30.41381265,4.123105626,30.41381265,5.385164807,29.52964612,5.830951895,29.15475947,7.211102551,28.3019434,8.062257748,27.45906044,9.433981132,27.45906044,9.433981132,26.62705391,9.433981132,27.20294102,10.29563014,26.40075756,10.29563014,26.40075756,11.18033989,26.2488095,11.18033989,26.2488095,11.18033989,26.2488095,11.18033989,24.75883681,11.18033989,24.75883681,10.77032961,23.34523506,10.77032961,23.34523506,11.70469991,23.34523506,11.40175425,22.627417,11.40175425,22.627417,11.18033989,21.9317122,12.04159458,21.9317122,11.04536102,21.21320344,11
25.8069758,16.1245155,26.92582404,15.26433752,26.92582404,15,27.78488798,14.86606875,26.92582404,13.45362405,27.45906044,13.60147051,27.45906044,13.89244399,27.45906044,12.52996409,26.92582404,13.41640786,26.62705391,13.41640786,26.62705391,14.31782106,25.8069758,14.31782106,25.8069758,15.23154621,25.8069758,13.92838828,25.8069758,13.92838828,25.61249695,14.86606875,24.20743687,13.92838828,23.43074903,13.92838828,23.43074903,13.92838828,22.8035085,13.92838828,22.8035085,13.92838828,22.8035085,13.92838828,20.61552813,15.23154621,21.40093456,15.65247584,20.80865205,15.65247584,20,15.65247584
2.236067977,29.68164416,3.16227766,30.52867504,4.123105626,29.68164416,6,30.52867504,6.08276253,28.8444102,7.280109889,30.23243292,7.280109889,29.41088234,8.246211251,29.41088234,8.544003745,28.60069929,8.544003745,27.80287755,8.94427191,27.65863337,8.94427191,27.65863337,8.94427191,27.65863337,9.433981132,27.58622845,8.94427191,26.90724809,8.94427191,26.87005769,8.94427191,26.17250466,8.062257748,26.17250466,8.062257748,25.45584412,8.062257748,24.75883681,7.810249676,24.75883681,7.211102551,24.04163056,7.071067812,24.04163056,6.403124237,23.34523506,5.830951895,22.6715681,5.830951895,22.6715681
15.8113883,23.02172887,15.62049935,24.18677324,15.55634919,23.70653918,14.86606875,24.59674775,15.26433752,23.70653918,14.4222051,24.59674775,14.31782106,23.2594067,15.23154621,23.70653918,14.86606875,22.82542442,15.8113883,21.47091055,16.76305461,21.47091055,16.76305461,21.09502311,19.6468827,20.59126028,18.68154169,21.09502311,20.88061302,22.20360331,19.92485885,19.72308292,18.97366596,19.72308292,18.97366596,20,19.92485885,22.6715681,18.97366596,21.26029163,20.24845673,18.02775638,19.31320792,19.84943324,19.31320792,18.43908891,21.1896201,17.69180601,21.02379604,18.43908891,20.61552813,18.38477631
21.63330765,21.9544984,21.9544984,21.09502311,22.82542442,20.80865205,23.2594067,21.40093456,22.36067977,20.51828453,23.2594067,21.21320344,23.2594067,20.51828453,23.2594067,21.26029163,22.84731932,20.61552813,22.36067977,20.61552813,22.84731932,20.80865205,21.54065923,20.80865205,22.47220505,21.63330765,21.9317122,21.63330765,21.9317122,21.09502311,21.02379604,21.9544984,21.02379604,20.59126028,20.1246118,21.47091055,21.02379604,20.59126028,19.6977156,20.59126028,18.78829423,20.59126028,17.88854382,20.59126028,17,20.59126028,17.88854382,21.47091055,16.55294536,20.59126028,15.65247584,21.09502311
11.40175425,30.88689042,11.66190379,30.52867504,13,30.23243292,13.60147051,29.68164416,13.60147051,29.41088234,14.31782106,29.20616373,14.31782106,28.42534081,14.31782106,29.06888371,15.13274595,28.31960452,14.31782106,27.58622845,15.13274595,29,15.13274595,29,15.13274595,28.31960452,15.13274595,28.31960452,14.14213562,27.65863337,14.14213562,27.65863337,14.14213562,27.65863337,13.15294644,26.40075756,13.15294644,27.01851217,13.03840481,25.61249695,12.04159458,25,11.04536102,25,10,25,10,25.61249695,9,25.61249695,9,25.61249695
11.40175425,28.8444102,13.03840481,28.8444102,13.41640786,28.60069929,13.92838828,28.42534081,14.86606875,28.42534081,14.56021978,27.65863337,15.5241747,26.87005769,15.8113883,27.58622845,15.29705854,26.90724809,14.56021978,27.65863337,14.56021978,27.01851217,14.56021978,27.65863337,13.60147051,27.80287755,13.92838828,27.80287755,13.92838828,28.01785145,13,27.20294102,13,27.20294102,13,26.40075756,13,25.8069758,11.70469991,25.8069758,11.70469991,25.8069758,11.40175425,25.8069758,10.44030651,26.40075756,10.44030651,26.40075756,10.44030651,25.61249695,8.544003745,25.61249695
14.31782106,24.69817807,13.41640786,25.05992817,13.60147051,25.94224354,12.80624847,26.40075756,12.72792206,25.49509757,12.80624847,25.49509757,12.20655562,25.49509757,12.52996409,25.49509757,12.52996409,24.59674775,12.08304597,24.59674775,13,24.59674775,13,23.70653918,13.92838828,23.70653918,13.92838828,22.82542442,13.60147051,22.47220505,13.60147051,22.47220505,13.60147051,21.9544984,12.64911064,21.09502311,12.64911064,21.09502311,12.64911064,19.72308292,13.60147051,19.72308292,13.60147051,18.35755975,13.92838828,17.49285568,13.92838828,17,14.31782106,17,14.31782106,16.1245155
22.36067977,25.23885893,22.82542442,25.55386468,21.63330765,25.94224354,20.80865205,26.40075756,20.61552813,26.40075756,20.51828453,27.31300057,20.51828453,27.31300057,19.84943324,26,20,26,20.80865205,25.07987241,20.80865205,25.07987241,21.63330765,25.07987241,22.47220505,25.07987241,21.9544984,25.49509757,20.59126028,24.59674775,21.02379604,24.59674775,20.1246118,23.70653918,20.1246118,22.82542442,20.1246118,22.82542442,20.1246118,21.9317122,20.1246118,21.02379604,19.6977156,20.1246118,20.1246118,18.78829423,21.47091055,18.78829423,20.59126028,17.4642492,20.59126028,17.4642492
20.80865205,24.18677324,21.9544984,23.85372088,22.82542442,23.85372088,23.2594067,23.60084744,22.84731932,22.6715681,23.76972865,23.34523506,23.76972865,22.627417,23.76972865,22.6715681,23.76972865,22.02271555,23.2594067,22.02271555,22.84731932,23.60084744,22.84731932,23.02172887,22.84731932,23.02172887,21.9317122,22.47220505,22.36067977,21.9544984,22.36067977,22.82542442,21.47091055,21.9544984,20.59126028,21.47091055,20.59126028,21.9544984,20.1246118,20.59126028,18.78829423,20.59126028,17.88854382,20.59126028,16.55294536,21.47091055,16.55294536,21.9544984,14.76482306,21.63330765,15.23154621,21.09502311
20.80865205,20.59126028,21.9544984,21.09502311,22.82542442,20.80865205,23.2594067,20,22.84731932,19.84943324,24.16609195,20.51828453,23.2594067,19.79898987,24.16609195,19.84943324,22.84731932,19.20937271,22.84731932,19.41648784,23.2594067,20.24845673,22.36067977,20.24845673,22.36067977,20.24845673,22.36067977,20.59126028,21.47091055,20.1246118,21.47091055,20.59126028,21.47091055,19.23538406,20.59126028,19.23538406,20.59126028,19.23538406,19.23538406,19.23538406,18.35755975,19.23538406,17.88854382,19.23538406,17,19.23538406,16.1245155,19.23538406,15.65247584,19.23538406,15.65247584,19.72308292
4.242640687,30.52867504,4.472135955,31.06444913,5.099019514,31.06444913,7,30.23243292,7.071067812,30.23243292,8.062257748,30,9.055385138,29.83286778,9.055385138,29.83286778,10.19803903,29.06888371,9.219544457,29.73213749,10.44030651,29,9.219544457,29,9.486832981,29.69848481,9.486832981,29,9.486832981,28.31960452,8.246211251,28.31960452,8.246211251,27.65863337,8.246211251,27.65863337,8.544003745,26.90724809,8.544003745,26.90724809,7.615773106,26.2488095,7.211102551,26.2488095,7.211102551,26.2488095,6.403124237,26.2488095,5.656854249,25.49509757,6.403124237,25.49509757
3.605551275,28.3019434,4.123105626,28.8444102,5.099019514,29.68164416,7,28.8444102,7.071067812,28.8444102,7.071067812,28.60069929,8.246211251,27.80287755,8.246211251,28.42534081,9.219544457,27.65863337,9.219544457,27.65863337,9.486832981,27.58622845,9.486832981,27.58622845,8.544003745,27.58622845,9.486832981,27.58622845,9.486832981,26.90724809,9.486832981,26.90724809,8.544003745,26.90724809,8.544003745,25.49509757,8.544003745,25.49509757,7.615773106,24.75883681,8.062257748,24.08318916,7.211102551,24.08318916,6.403124237,23.43074903,6.403124237,23.43074903,5.656854249,24.08318916,5.656854249,22.6715681
25.23885893,15.65247584,26.07680962,16.55294536,25.8069758,16.15549442,25,17.72004515,24.8394847,17.4642492,24.75883681,17.4642492,24.75883681,17.4642492,23.34523506,17.4642492,24.08318916,17.4642492,24.20743687,17.4642492,25,17.4642492,24.41311123,17.4642492,24.41311123,16.4924225,25.23885893,16.4924225,25.23885893,15.5241747,24.69817807,15.8113883,24.41311123,14.86606875,23.32380758,14.86606875,23.85372088,14.56021978,23.85372088,14.31782106,23.32380758,12.36931688,23.32380758,11.40175425,23.32380758,11.40175425,23.32380758,11.40175425,23.32380758,10.44030651,23.85372088,10.19803903
23.70653918,13.03840481,24.18677324,13.03840481,24.18677324,14.31782106,23.60084744,15.23154621,24.41311123,14.86606875,24.20743687,15.8113883,23.43074903,15.8113883,23.43074903,14.86606875,23.34523506,14.56021978,23.34523506,15.8113883,23.34523506,16.76305461,22.6715681,15.8113883,23.43074903,15.8113883,22.8035085,15.8113883,22.20360331,15.8113883,22.8035085,14.86606875,22.20360331,14.86606875,20.80865205,14.86606875,20.80865205,13.92838828,20.80865205,13.60147051,20.80865205,14.56021978,20.80865205,13.34166406,19.72308292,11.40175425,20.80865205,11.40175425,20.80865205,10.44030651,20.24845673,10.44030651
3.605551275,31.38470965,5,32.24903099,7.071067812,31.90611227,8.246211251,31.06444913,9.219544457,31.06444913,9.219544457,30.8058436,10.44030651,30.61045573,11.40175425,29.83286778,10.77032961,29.83286778,11.70469991,29.73213749,11.70469991,29,11.18033989,29,11.18033989,29,11.18033989,29,11.18033989,28.31960452,9.848857802,28.31960452,9.848857802,28.31960452,8.94427191,26.90724809,8.94427191,26.90724809,8.94427191,26.17250466,8.602325267,25.49509757,9.219544457,24.8394847,8.485281374,24.8394847,8.602325267,24.8394847,8.062257748,24.08318916,8.062257748,24.08318916
23.85372088,13.41640786,23.85372088,12.52996409,24.18677324,12.20655562,24.18677324,12.04159458,24.18677324,12.72792206,24.18677324,12.80624847,25.55386468,13.03840481,24.69817807,13.03840481,24.69817807,13.41640786,24.69817807,13.41640786,24.69817807,13.41640786,24.69817807,13.92838828,25.23885893,14.86606875,24.41311123,13.92838828,25,13.60147051,25,13.34166406,24.20743687,13.34166406,23.43074903,13.34166406,22.8035085,12.36931688,22.02271555,13.34166406,22.02271555,13.34166406,21.26029163,13.34166406,20.61552813,13.60147051,19.84943324,13.60147051,19.84943324,13.92838828,18.43908891,13.92838828
23.32380758,20.59126028,23.02172887,21.02379604,22.8035085,21.9317122,22.6715681,22.47220505,22.627417,22.84731932,21.9317122,22.84731932,22.02271555,22.84731932,22.20360331,22.84731932,21.63330765,22.47220505,21.63330765,21.54065923,22.47220505,21.54065923,21.9544984,21.02379604,21.9544984,20.61552813,22.82542442,20.1246118,22.36067977,20.1246118,22.36067977,19.72308292,21.47091055,19.72308292,21.47091055,18.02775638,21.47091055,18.35755975,21.47091055,17.49285568,21.47091055,16.1245155,21.47091055,16.1245155,21.47091055,14.76482306,21.9544984,14.76482306,21.9544984,13.89244399,22.47220505,13.41640786
29.15475947,8.94427191,29.68164416,8.602325267,30.01666204,7.810249676,30.01666204,7.211102551,29.15475947,7.615773106,29.68164416,8.246211251,29.68164416,9.219544457,28.8444102,9.055385138,28.8444102,9.055385138,28.01785145,9,28.60069929,9,28.60069929,9.055385138,28.60069929,10.04987562,28.42534081,10.04987562,27.65863337,10,28.31960452,10.04987562,26.40075756,10.04987562,26.90724809,12.04159458,26.2488095,10.04987562,24.8394847,10,26.17250466,11,23.43074903,11,22.6715681,11,22.6715681,12.04159458,22.6715681,11.04536102,22.02271555,11.18033989
30.52867504,5.830951895,30.52867504,5.656854249,31.38470965,5.385164807,31.90611227,6.08276253,30.52867504,7,31.06444913,8.062257748,31.06444913,8.062257748,30.23243292,8.246211251,30.23243292,9.219544457,30,9.219544457,30,9.486832981,30,10.44030651,30,10.44030651,29.83286778,10.44030651,28.31960452,11.40175425,29,11.40175425,28.28427125,11.40175425,27.58622845,10.44030651,27.58622845,10.19803903,26.17250466,10.19803903,25.45584412,11.18033989,25.45584412,11.04536102,24.75883681,11.04536102,24.75883681,11,24.04163056,11.04536102,23.34523506,11.04536102
26.92582404,15.8113883,26.92582404,16.1245155,26.62705391,17.4642492,25.8069758,17.08800749,25.61249695,17.08800749,26.2488095,17.72004515,25.49509757,18.02775638,25.45584412,18.68154169,25.45584412,18.68154169,24.75883681,18.68154169,24.8394847,18.68154169,24.20743687,18.68154169,24.20743687,18.68154169,25,17.72004515,23.60084744,17.4642492,25,16.76305461,24.41311123,16.76305461,23.02172887,15.8113883,23.02172887,15.5241747,23.02172887,14.31782106,23.02172887,13.34166406,22.20360331,13.15294644,22.20360331,12.16552506,22.20360331,12.16552506,22.20360331,11.18033989,22.20360331,11.04536102
27.31300057,9.433981132,27.78488798,12.80624847,27.29468813,17.49285568,29.41088234,13.03840481,29.20616373,14.86606875,24.69817807,13.60147051,29.06888371,14.86606875,29,15.62049935,27.58622845,16.2788206,30.61045573,16.2788206,25.61249695,18.86796226,28.60069929,18.02775638,32.20248438,14.76482306,29.68164416,17.4642492,30.23243292,16.15549442,28.3019434,17.49285568,33.01514804,14.2126704,31.40063694,12.08304597,28.01785145,13.45362405,26.92582404,14.2126704,25.05992817,12.64911064,23.2594067,14.31782106,22.84731932,13.03840481,25.55386468,13.03840481,24.18677324,13.34166406,24.41311123,13
18.02775638,23.85372088,18.02775638,24.69817807,17.80449381,24.69817807,17.02938637,25.05992817,16.97056275,25.05992817,17.02938637,25.05992817,16.40121947,25.05992817,17.20465053,25.05992817,16.64331698,25.05992817,16.64331698,24.18677324,17.49285568,24.18677324,17.49285568,24.18677324,17,23.70653918,17.88854382,24.18677324,16.55294536,23.85372088,18.38477631,23.32380758,18.38477631,22.47220505,16.55294536,21.63330765,17.4642492,21.63330765,17.08800749,21.09502311,17.4642492,20.24845673,18.38477631,18.86796226,18.38477631,18.02775638,19.6977156,17.49285568,18.78829423,17.20465053,18.35755975,17.20465053
13.03840481,26.92582404,12.72792206,28.17800561,12.04159458,28.17800561,12.80624847,27.73084925,12.52996409,27.73084925,13.41640786,27.73084925,13.92838828,27.73084925,14.86606875,27.73084925,14.56021978,26.83281573,14.56021978,27.29468813,15.5241747,26.41968963,16.2788206,25.94224354,16.4924225,25.94224354,16.4924225,26.41968963,16.2788206,25.55386468,16.2788206,24.69817807,15.29705854,24.69817807,15.29705854,23.85372088,16.2788206,23.32380758,15.29705854,21.9544984,16.2788206,20.59126028,16.2788206,20.24845673,15.5241747,18.35755975,17.72004515,18.86796226,16.76305461,17.49285568,16.15549442,18.02775638
23.85372088,21.47091055,23.70653918,20.59126028,25.05992817,20.24845673,25.07987241,20,25.07987241,19.10497317,25.07987241,19.10497317,24.16609195,19.10497317,25.07987241,19.20937271,24.16609195,19.20937271,24.16609195,18.60107524,24.16609195,19.41648784,24.59674775,19.72308292,24.16609195,19.72308292,23.2594067,19.23538406,23.2594067,19.23538406,22.82542442,19.23538406,22.36067977,19.23538406,21.09502311,18.78829423,21.47091055,18.78829423,21.02379604,18.78829423,19.23538406,18.78829423,18.78829423,18.38477631,17,18.78829423,18.35755975,18.78829423,17,18.78829423,16.1245155,19.23538406
20,24.18677324,21.09502311,23.32380758,21.9544984,23.02172887,22.36067977,23.02172887,21.47091055,22.02271555,22.36067977,21.9317122,23.2594067,21.21320344,22.36067977,21.21320344,22.36067977,21.26029163,21.47091055,21.26029163,21.9317122,22.02271555,21.9317122,21.40093456,21.9317122,21.40093456,21.47091055,22.20360331,21.02379604,20.80865205,21.47091055,21.09502311,20.1246118,20.24845673,19.23538406,20.24845673,20.1246118,19.72308292,18.78829423,19.72308292,17.4642492,20.59126028,17.4642492,20.59126028,16.15549442,20.59126028,15.23154621,21.09502311,15.23154621,21.09502311,15.23154621,21.09502311
21.63330765,21.9544984,21.63330765,22.20360331,22.82542442,22.20360331,22.36067977,22.02271555,23.2594067,21.26029163,23.2594067,21.21320344,22.36067977,21.9317122,22.82542442,22.02271555,22.82542442,21.40093456,22.82542442,21.63330765,22.82542442,21.63330765,22.82542442,21.63330765,22.82542442,21.63330765,21.9544984,21.63330765,21.09502311,21.09502311,21.9544984,21.09502311,21.09502311,21.09502311,21.09502311,21.09502311,21.09502311,20.59126028,19.72308292,20.59126028,19.72308292,20.59126028,18.35755975,20.59126028,18.35755975,20.59126028,17.49285568,21.09502311,17.49285568,19.72308292,16.1245155,20.24845673
20.80865205,27.73084925,21.09502311,27.78488798,21.47091055,27.78488798,22.47220505,26.62705391,22.47220505,26.40075756,22.13594362,25.61249695,22.47220505,25.49509757,23.40939982,24.75883681,23.40939982,24.75883681,22.13594362,24.75883681,22.13594362,24.8394847,22.13594362,25.49509757,21.1896201,25,21.1896201,25.23885893,21.1896201,25,20.24845673,25.23885893,19.31320792,24.41311123,19.31320792,23.85372088,19.31320792,23.85372088,18.97366596,23.02172887,18.02775638,23.32380758,16.76305461,23.85372088,16.76305461,22.47220505,15.5241747,23.32380758,14.56021978,23.02172887,13.60147051,23.02172887
30.01666204,7.211102551,30.88689042,7.615773106,30.01666204,9.055385138,30.52867504,10,29.41088234,11,29.41088234,11.04536102,29.20616373,12.04159458,29.06888371,13.15294644,29.06888371,12.16552506,29,13.15294644,28.28427125,13.15294644,28.28427125,13.15294644,28.31960452,12.16552506,29.06888371,12.36931688,28.42534081,11.18033989,28.42534081,11.18033989,28.42534081,11.18033989,27.01851217,10.19803903,27.01851217,10.19803903,26.2488095,10.44030651,25.61249695,10.77032961,25.61249695,9.848857802,25,9.433981132,25,8.94427191,24.20743687,7.211102551,24.20743687,8.602325267
16.1245155,28.65309756,15.8113883,28.63564213,15.55634919,29.06888371,14.86606875,30.46309242,15.8113883,28.63564213,15.26433752,30.46309242,15.23154621,29.96664813,14.86606875,29.06888371,15.5241747,28.17800561,15.5241747,26.83281573,16.76305461,26.83281573,17.72004515,25.94224354,17.72004515,26.41968963,18.43908891,26.07680962,17.4642492,25.55386468,17.4642492,24.41311123,17.72004515,23.85372088,17.4642492,23.02172887,16.76305461,23.02172887,16.4924225,22.47220505,16.4924225,21.09502311,17.72004515,20.24845673,17.72004515,18.86796226,19.31320792,18.86796226,18.38477631,17.49285568,18.78829423,17.49285568
26.92582404,21.9544984,27.29468813,22.20360331,28.17800561,21.40093456,29.54657341,21.26029163,28.63564213,20.51828453,28.63564213,20.61552813,28.63564213,20.80865205,28.63564213,20.24845673,27.73084925,20.59126028,27.73084925,21.47091055,26.83281573,21.47091055,26.83281573,21.47091055,25.94224354,21.9317122,25.55386468,21.9317122,25.55386468,21.9317122,24.69817807,21.9317122,24.69817807,21.02379604,23.32380758,21.02379604,23.32380758,21.47091055,22.82542442,21.02379604,21.47091055,21.02379604,20.59126028,21.02379604,19.23538406,21.9317122,19.23538406,22.36067977,19.23538406,21.47091055,17.88854382,21.9544984
13.03840481,26.07680962,12.04159458,26.92582404,11.3137085,27.78488798,12.04159458,27.78488798,12.20655562,27.29468813,12.08304597,27.78488798,11.70469991,27.78488798,12.36931688,27.78488798,12.36931688,26.92582404,13.34166406,26.62705391,13.34166406,26.07680962,14.31782106,25.8069758,14.31782106,25.8069758,14.31782106,25,14.31782106,25,14.31782106,25,14.56021978,24.20743687,13.34166406,24.20743687,13.34166406,22.8035085,14.31782106,22.8035085,14.56021978,22.8035085,14.56021978,22.20360331,15.5241747,21.40093456,15.8113883,21.40093456,15.8113883,20,14.86606875,20
17,29.68164416,16.64331698,30.01666204,15.62049935,30.88689042,16.2788206,31.30495168,15.62049935,30.41381265,15,30.41381265,14.76482306,30.41381265,15.23154621,30.88689042,15.23154621,29.52964612,16.15549442,29.15475947,15.8113883,27.78488798,16.15549442,27.78488798,17.08800749,28.3019434,16.76305461,27.45906044,16.76305461,26.62705391,17.72004515,26.62705391,16.76305461,26.62705391,16.76305461,25.8069758,17.08800749,25.23885893,16.76305461,24.41311123,16.76305461,23.85372088,17.72004515,23.02172887,17.72004515,23.02172887,19.31320792,21.63330765,18.38477631,20.80865205,18.38477631,20.80865205
16.1245155,27.78488798,16.55294536,27.45906044,17.4642492,27.20294102,18.02775638,27.01851217,17.72004515,26.2488095,18.97366596,26.17250466,18.97366596,26.17250466,18.97366596,26.2488095,18.97366596,26.2488095,18.97366596,26.40075756,17.72004515,25.8069758,17.72004515,26.62705391,18.02775638,26.62705391,17.08800749,26.92582404,16.55294536,26.92582404,17.4642492,26.92582404,16.55294536,26.92582404,15.65247584,25.55386468,15.23154621,25.55386468,15.23154621,25.55386468,14.31782106,26.41968963,13.92838828,26.41968963,13,26.41968963,12.08304597,26.92582404,12.08304597,26.07680962,11.18033989,26.07680962
31.38470965,3.605551275,31.38470965,4,33.28663395,7.071067812,35.22782991,9.486832981,30.23243292,7.615773106,29.20616373,10.19803903,33.01514804,9.486832981,27.58622845,12.64911064,32.01562119,10.77032961,26.90724809,14.31782106,29,12.36931688,27.01851217,10.44030651,25.8069758,12.64911064,28.42534081,12.36931688,29.06888371,9.848857802,27.80287755,9.848857802,28.60069929,11.70469991,27.80287755,8.544003745,27.80287755,7.615773106,28.42534081,8.94427191,27.20294102,7.211102551,27.65863337,8.602325267,28.42534081,8.602325267,29.06888371,6.403124237,27.80287755,7.071067812,27.65863337,5.830951895
27.78488798,15.8113883,27.78488798,17,27.45906044,17.4642492,26.62705391,18.02775638,25.61249695,17.72004515,26.2488095,18.68154169,26.17250466,18.68154169,25.45584412,18.43908891,24.75883681,18.68154169,24.75883681,17.4642492,25.49509757,17.4642492,24.8394847,17.4642492,25.61249695,17.4642492,25.61249695,16.4924225,25,16.4924225,25.8069758,16.4924225,25,15.5241747,24.41311123,15.5241747,24.20743687,15.29705854,24.20743687,14.14213562,24.41311123,14.14213562,24.41311123,13.03840481,23.60084744,12.04159458,24.41311123,12.04159458,22.8035085,11,23.60084744,11.04536102
28.8444102,4.472135955,29.68164416,5,29.68164416,4.472135955,30.52867504,5.099019514,29.68164416,5,30.23243292,6.08276253,29.41088234,6.08276253,28.60069929,6.32455532,29.20616373,6.708203932,28.42534081,6.708203932,28.42534081,6.708203932,27.65863337,7.615773106,27.65863337,7.615773106,27.58622845,7.615773106,26.87005769,7.615773106,26.87005769,7.615773106,26.17250466,6.708203932,25.45584412,7.615773106,24.75883681,7.280109889,24.08318916,7.280109889,24.08318916,8.062257748,23.34523506,8.062257748,22.627417,8.062257748,23.34523506,9,22.627417,9,21.9317122,9
32.75667871,14.76482306,31.90611227,15.65247584,32.44996148,16.15549442,32.20248438,17.72004515,31.2409987,17.72004515,31.144823,18.43908891,30.41381265,18.68154169,30.41381265,18.68154169,29.73213749,18.43908891,29.83286778,17.72004515,29.83286778,17.72004515,29.20616373,16.76305461,30,16.76305461,29.41088234,17.08800749,28.8444102,16.15549442,29.68164416,16.15549442,28.8444102,15.23154621,28.01785145,14.31782106,28.01785145,14.31782106,27.20294102,13.92838828,26.62705391,12.64911064,26.62705391,11.70469991,28.01785145,10.44030651,28.01785145,10.19803903,27.80287755,9.219544457,27.80287755,9.219544457
80.15609771,59.23681288,89.55445271,70.57619995,86.60831369,67.11929678,94.02127419,69.42621983,80.8084154,43.26661531,83.76156637,81.27115109,93.94147114,65.19202405,69.97142274,68.41052551,86.45229899,82.97590012,51.2249939,75.69015788,105.1903037,84.3860178,93.86160024,68.00735254,96.42613754,79.39773297,100.7670581,84.89994111,96.04165763,78.24321057,102.4499878,90.52071586,97.61659695,95.58765611,87.13208364,81.98780397,92.28217596,82.00609733,65.76473219,74.63243263,92.28217596,67.88225099,85.42833254,75.82216035,63.07138812,75.92759709,90.73588044,87.7097486,86.31338251,74.65252842,75.80237463,77.98717843
5.656854249,30.8058436,7.211102551,31.6227766,7.615773106,32.20248438,8.544003745,33.01514804,8.246211251,32.01562119,10.04987562,32.64965543,9.055385138,31.89043744,10.04987562,31.89043744,10.04987562,31.82766093,10.04987562,31.11269837,11.04536102,31.82766093,11.04536102,31.82766093,11.04536102,31.82766093,11,31.89043744,11.04536102,31.144823,10,31.2409987,10,31.144823,10,30.61045573,9,29.83286778,9.055385138,29.83286778,9.055385138,29.83286778,8.062257748,29.83286778,7.071067812,29.20616373,7.071067812,29.20616373,7.071067812,29.20616373,6.08276253,29.20616373
26.90724809,21.63330765,27.01851217,21.63330765,27.80287755,21.40093456,28.60069929,21.40093456,28.60069929,20.51828453,29.41088234,19.79898987,29.41088234,19.79898987,28.60069929,18.43908891,29.41088234,19.20937271,30,18.60107524,28.60069929,19.41648784,28.60069929,18.86796226,28.60069929,19.41648784,27.80287755,18.86796226,27.80287755,19.23538406,27.80287755,19.72308292,27.65863337,18.35755975,26.2488095,18.86796226,26.2488095,18.86796226,25.61249695,18.35755975,24.8394847,19.72308292,24.20743687,20.59126028,24.8394847,19.72308292,24.8394847,21.09502311,24.20743687,21.09502311,24.20743687,21.09502311
7.211102551,25.23885893,7.071067812,25.23885893,6.403124237,25.23885893,6.708203932,25.23885893,7.280109889,23.85372088,7.280109889,24.41311123,8.246211251,23.60084744,9.219544457,23.60084744,9.055385138,23.60084744,9.055385138,23.43074903,10.04987562,24.08318916,10.04987562,24.08318916,10.04987562,24.75883681,10.04987562,24.75883681,10.04987562,24.75883681,10.04987562,24.75883681,10.19803903,24.75883681,9.219544457,24.08318916,9.219544457,23.34523506,9.219544457,23.34523506,9.219544457,23.34523506,9.219544457,23.34523506,9.219544457,21.9317122,9.486832981,21.9317122,9.486832981,21.9317122,9.486832981,20.51828453
21.09502311,22.82542442,21.02379604,22.82542442,21.9317122,22.47220505,22.47220505,22.20360331,22.47220505,22.02271555,23.40939982,21.9317122,24.35159132,21.21320344,24.35159132,20.51828453,24.04163056,20.61552813,23.08679276,20,23.08679276,21.63330765,22.8035085,20.24845673,21.84032967,20.59126028,21.1896201,21.47091055,20.24845673,21.02379604,20.24845673,21.02379604,19.31320792,21.02379604,18.38477631,20.1246118,18.38477631,20.1246118,17.08800749,20.1246118,15.8113883,20.1246118,16.15549442,20.1246118,14.86606875,20.1246118,13.60147051,20.59126028,13.60147051,19.72308292,12.36931688,21.47091055
2,31.90611227,1.414213562,31.38470965,2,32.24903099,4.472135955,32.75667871,4.472135955,31.90611227,5.830951895,31.6227766,7.211102551,31.6227766,6.403124237,30.8058436,7.810249676,31.40063694,8.485281374,30.61045573,9.219544457,30.61045573,10,30.61045573,10,30.47950131,10,29.73213749,10,29.73213749,9.433981132,29.69848481,9.433981132,29.69848481,8.062257748,28.28427125,9.433981132,27.58622845,10.29563014,27.58622845,9.848857802,26.87005769,10.77032961,26.87005769,10.44030651,26.17250466,10.44030651,26.17250466,10.19803903,26.17250466,11.18033989,25.49509757
26.07680962,15.8113883,27.45906044,16.64331698,25.8069758,17.88854382,26.40075756,18.38477631,25.49509757,18.38477631,25.49509757,19.31320792,25.45584412,18.97366596,24.08318916,18.97366596,24.8394847,19.31320792,24.20743687,18.02775638,25,18.97366596,25,18.97366596,25.8069758,18.97366596,25.23885893,18.02775638,25.23885893,18.02775638,24.69817807,17.08800749,24.69817807,17.08800749,25.05992817,16.15549442,24.69817807,16.15549442,23.85372088,15.8113883,24.69817807,13.92838828,24.18677324,13.92838828,24.18677324,12.64911064,24.69817807,12.64911064,24.69817807,11.70469991,25.23885893,11.40175425
27.78488798,17.80449381,27.78488798,18.86796226,26.62705391,19.72308292,26.62705391,20.1246118,25.61249695,20.1246118,24.8394847,21.02379604,24.75883681,21.02379604,24.75883681,21.02379604,24.04163056,20.61552813,24.75883681,19.6977156,24.08318916,20.61552813,24.08318916,20.61552813,24.20743687,20.61552813,25,19.6977156,24.20743687,19.6977156,24.41311123,18.78829423,23.60084744,18.78829423,23.02172887,17.88854382,23.60084744,18.38477631,23.02172887,17.4642492,23.02172887,17.08800749,23.85372088,16.15549442,23.85372088,15.23154621,23.85372088,15.23154621,23.02172887,14.86606875,23.85372088,13.92838828
5.830951895,30.52867504,6.403124237,30.52867504,6.708203932,30.52867504,7.280109889,30.52867504,8.246211251,29.68164416,8.246211251,29.41088234,9.055385138,29.20616373,10.04987562,28.42534081,10,28.42534081,10,29.06888371,10,29.06888371,10,28.31960452,10.04987562,28.31960452,10,28.28427125,10.04987562,27.58622845,10,27.58622845,10,27.58622845,10,26.90724809,9.055385138,26.17250466,10.04987562,26.17250466,9.219544457,25.49509757,9.486832981,25.49509757,8.544003745,24.8394847,7.615773106,25.49509757,7.615773106,25.49509757,7.211102551,24.08318916
29.41088234,9.486832981,29.68164416,8.062257748,29.68164416,7.810249676,30.01666204,7.810249676,29.15475947,7.211102551,29.68164416,7.615773106,29.68164416,7.280109889,28.8444102,8.246211251,28.8444102,8.062257748,28.01785145,9.055385138,28.01785145,9.055385138,28.01785145,10.04987562,28.01785145,10.04987562,27.20294102,10.04987562,27.20294102,10,26.40075756,11,26.40075756,11,25.61249695,10,25.61249695,10.04987562,25,11.04536102,24.20743687,11,24.20743687,12.04159458,22.8035085,12.04159458,22.8035085,12.16552506,22.8035085,12.16552506,21.40093456,12.16552506
0,31.90611227,1,31.38470965,3,31.38470965,6.32455532,32.44996148,5.099019514,31.06444913,6.32455532,31.6227766,7.280109889,30.8058436,7.615773106,30.61045573,9.848857802,30.61045573,9.848857802,29.83286778,9.433981132,29.73213749,8.602325267,29.06888371,10.29563014,28.28427125,11.18033989,27.58622845,10.29563014,29,7.810249676,29.69848481,7.810249676,29.69848481,7.810249676,26.90724809,7.071067812,26.87005769,7.810249676,26.87005769,8.485281374,26.87005769,8.602325267,26.17250466,8.062257748,25.49509757,8.602325267,25.49509757,8.602325267,24.8394847,7.280109889,24.75883681
5.385164807,34.13209633,5,33.61547263,5,34.98571137,5.385164807,34.4818793,5,34.13209633,6.08276253,34.13209633,7.280109889,33.28663395,8.246211251,33.83784863,8.544003745,33.01514804,8.544003745,32.20248438,9.848857802,32.80243893,9.848857802,32.80243893,10.77032961,32.01562119,10.77032961,32.64965543,10.77032961,31.2409987,10.44030651,31.89043744,10.44030651,31.144823,10.44030651,30.41381265,10.44030651,29.73213749,10.44030651,29.73213749,11.40175425,29,11.18033989,29,11.18033989,28.28427125,11.04536102,26.87005769,11.04536102,26.87005769,12,26.87005769
7.280109889,32.75667871,5.830951895,32.75667871,5.656854249,33.61547263,5.385164807,33.61547263,6.08276253,33.61547263,7,32.75667871,7.071067812,32.75667871,8.062257748,32.44996148,8.246211251,32.44996148,9.219544457,31.6227766,9.219544457,30.8058436,10.19803903,30.8058436,11.18033989,30,10.19803903,30,11.18033989,29.83286778,11.18033989,29.83286778,11.18033989,29.06888371,11.18033989,28.31960452,11.18033989,27.65863337,11.04536102,27.65863337,12.04159458,26.90724809,12.04159458,26.90724809,12,26.17250466,12,26.17250466,12.04159458,25.49509757,12.04159458,25.49509757
1.414213562,31.06444913,1,31.06444913,3.16227766,31.90611227,4.123105626,31.90611227,5.385164807,30.23243292,6.708203932,30.8058436,6.708203932,30.61045573,7.615773106,30.61045573,8.062257748,29.83286778,8.062257748,29.06888371,8.062257748,29.73213749,8.062257748,29.73213749,8.602325267,28.31960452,8.602325267,28.28427125,8.602325267,28.28427125,7.810249676,29,7.810249676,29,7.810249676,28.31960452,8.485281374,27.58622845,7.810249676,27.58622845,7.810249676,26.90724809,8.062257748,26.90724809,8.062257748,26.90724809,7.211102551,26.2488095,6.708203932,26.2488095,6.708203932,26.2488095
6.32455532,29.68164416,5.830951895,29.68164416,5.656854249,30.88689042,5.830951895,30.52867504,5.385164807,30.01666204,6.08276253,29.15475947,6,29.68164416,6.08276253,29.68164416,7.280109889,28.8444102,7.280109889,29.41088234,8.246211251,28.01785145,8.246211251,28.01785145,9.219544457,27.80287755,9.219544457,26.40075756,9.219544457,26.2488095,9.219544457,27.01851217,9.219544457,25.49509757,9.055385138,26.2488095,9.055385138,25.49509757,9.219544457,24.8394847,9.219544457,24.08318916,10.04987562,24.08318916,10,23.34523506,11,23.34523506,10.04987562,22.6715681,10.04987562,21.9317122
26.83281573,12.80624847,26.41968963,12.52996409,26.41968963,13,26.07680962,13.92838828,25.23885893,14.56021978,25,14.56021978,24.20743687,15.5241747,24.08318916,15.5241747,24.08318916,15.29705854,24.04163056,15.29705854,24.04163056,15.13274595,23.34523506,15.29705854,23.34523506,14.14213562,23.43074903,14.14213562,22.8035085,14.14213562,23.43074903,14.14213562,23.60084744,13.15294644,22.20360331,12.16552506,22.8035085,13.15294644,22.20360331,12.16552506,22.20360331,12.16552506,22.20360331,11.04536102,22.20360331,10.04987562,22.20360331,9.055385138,22.20360331,9.055385138,21.40093456,9.055385138
29.15475947,7.280109889,30.01666204,6.708203932,30.01666204,5.656854249,30.41381265,5.830951895,29.52964612,6.32455532,29.52964612,7.071067812,29.15475947,7,29.15475947,8,28.3019434,8.062257748,27.45906044,8.062257748,27.45906044,9.055385138,27.45906044,9.055385138,27.45906044,10.04987562,27.20294102,11.04536102,26.40075756,10.19803903,27.01851217,10.19803903,26.40075756,10.19803903,25.61249695,10.04987562,25.61249695,10.04987562,24.8394847,10.19803903,23.43074903,11.04536102,23.43074903,11.04536102,22.6715681,12,22.6715681,12,22.02271555,11.04536102,21.26029163,12.04159458
17.88854382,24.69817807,16.64331698,25.55386468,16.40121947,26.41968963,16.40121947,25.94224354,15.55634919,25.05992817,16.2788206,26.83281573,15.8113883,25.94224354,15.26433752,25.94224354,16.1245155,25.94224354,15.65247584,25.05992817,16.55294536,25.05992817,17.4642492,25.05992817,17.08800749,25.05992817,18.38477631,24.69817807,17.08800749,24.69817807,17.72004515,23.85372088,16.76305461,23.85372088,16.76305461,22.20360331,16.76305461,23.02172887,16.76305461,21.63330765,17.72004515,20.80865205,16.76305461,20.80865205,18.02775638,19.41648784,18.38477631,19.41648784,18.38477631,18.60107524,18.38477631,18.60107524
19.72308292,25.55386468,20.59126028,24.69817807,21.02379604,24.41311123,21.02379604,24.20743687,20.61552813,23.43074903,21.9317122,23.34523506,21.54065923,23.34523506,21.54065923,22.6715681,21.54065923,23.43074903,21.1896201,22.8035085,21.1896201,23.60084744,20.24845673,23.02172887,20.61552813,23.85372088,19.6977156,23.85372088,19.6977156,23.32380758,18.78829423,23.32380758,19.6977156,22.47220505,17.88854382,22.47220505,17.4642492,22.47220505,18.38477631,21.9544984,17.08800749,22.47220505,16.55294536,21.9544984,15.23154621,22.82542442,15.23154621,22.82542442,13.92838828,22.47220505,13,22.47220505
27.29468813,15.65247584,27.31300057,15.65247584,27.31300057,15.26433752,28.7923601,14.2126704,26.92582404,13.45362405,27.85677655,14.2126704,27.85677655,13.60147051,27.85677655,13.89244399,26.92582404,14.31782106,26,14.31782106,26,14.86606875,26,15.8113883,25.07987241,16.76305461,24.16609195,17.4642492,24.59674775,16.4924225,23.70653918,17.4642492,23.70653918,16.4924225,22.82542442,16.4924225,22.36067977,16.2788206,21.47091055,16.4924225,21.02379604,17.4642492,20.1246118,17.4642492,17.88854382,17.4642492,18.35755975,17.4642492,17.49285568,17.72004515,17,17.72004515
14.14213562,25.23885893,14.2126704,25,13.60147051,25,14.4222051,24.8394847,14.4222051,24.8394847,13.89244399,24.75883681,15.26433752,25.45584412,15.26433752,24.75883681,14.76482306,24.75883681,15.26433752,25.49509757,14.76482306,25.49509757,14.76482306,25.49509757,14.76482306,26.2488095,15.26433752,25.61249695,15.26433752,25.61249695,15.26433752,26.2488095,15.26433752,25.61249695,15.26433752,25.61249695,14.76482306,24.20743687,14.76482306,25.61249695,15.65247584,25,14.76482306,25,14.31782106,25,13.41640786,25.8069758,13.41640786,25,13.41640786,23.60084744
26.07680962,23.85372088,27.29468813,23.85372088,26.83281573,23.43074903,29.15475947,24.8394847,28.23118843,24.75883681,29.15475947,24.8394847,28.7923601,25.8069758,29.15475947,26.62705391,28.63564213,26.41968963,27.73084925,26.41968963,29.52964612,27.29468813,29.52964612,27.29468813,30.01666204,27.29468813,30.01666204,27.73084925,29.68164416,26.83281573,30.23243292,26.40075756,29.68164416,24.59674775,28.01785145,24.16609195,27.78488798,24.59674775,26.41968963,23.2594067,25.05992817,23.76972865,22.82542442,24.69817807,21.9544984,24.69817807,22.47220505,25.07987241,20.24845673,25.07987241,19.41648784,25.07987241
9.899494937,27.45906044,9.219544457,29.15475947,10.29563014,29.15475947,9.848857802,28.8444102,10.77032961,28.01785145,11.70469991,28.60069929,12.36931688,27.80287755,13.34166406,27.65863337,13.34166406,27.65863337,13.15294644,27.65863337,13.03840481,28.31960452,12.04159458,27.58622845,12.04159458,28.28427125,12.04159458,27.58622845,12.16552506,27.58622845,13.15294644,27.65863337,12.16552506,27.65863337,12.16552506,26.2488095,12.16552506,26.2488095,12.16552506,25.61249695,12.04159458,25.61249695,12.04159458,25,10.04987562,25,10,25.61249695,9,25.61249695,9,24.20743687
15.65247584,27.78488798,16.1245155,28.65309756,15.8113883,29.52964612,15.62049935,29.06888371,14.86606875,29.06888371,14.2126704,29.54657341,14.4222051,29.96664813,13.89244399,29.06888371,14.76482306,28.63564213,14.31782106,29.06888371,15.23154621,28.17800561,14.86606875,28.17800561,15.8113883,26.83281573,15.8113883,27.29468813,15.8113883,26.41968963,15.8113883,26.41968963,15.8113883,25.05992817,15.8113883,24.18677324,15.8113883,24.18677324,15.5241747,23.70653918,16.4924225,22.36067977,15.5241747,21.47091055,16.4924225,20.1246118,15.8113883,20.1246118,18.97366596,19.72308292,18.97366596,18.78829423
21.63330765,18.02775638,23.32380758,18.02775638,23.70653918,17.02938637,24.16609195,17.02938637,23.2594067,16.97056275,24.16609195,17.02938637,23.2594067,17.20465053,23.2594067,16.64331698,23.2594067,17.49285568,23.2594067,17.49285568,22.36067977,18.35755975,22.36067977,18.35755975,22.36067977,18.78829423,22.36067977,18.78829423,21.9544984,17.4642492,21.09502311,19.31320792,21.47091055,18.38477631,20.24845673,18.38477631,21.09502311,18.38477631,19.72308292,17.4642492,18.86796226,18.02775638,18.86796226,18.38477631,16.64331698,18.38477631,16.64331698,18.78829423,16.64331698,19.23538406,15.26433752,19.23538406
28.3019434,15.65247584,28.65309756,15.26433752,29.52964612,14.86606875,29.06888371,15.55634919,29.52964612,14.2126704,29.52964612,15.26433752,29.52964612,14.76482306,28.65309756,14.31782106,28.65309756,14.86606875,27.78488798,14.86606875,28.3019434,15.8113883,26.92582404,16.76305461,27.45906044,16.76305461,28.01785145,16.76305461,27.20294102,16.4924225,27.20294102,16.4924225,26.40075756,16.4924225,25.61249695,16.4924225,25,15.5241747,25,15.5241747,23.60084744,16.4924225,22.8035085,16.4924225,22.02271555,17.4642492,22.02271555,17.72004515,21.40093456,18.02775638,20.61552813,18.38477631
13.89244399,26.92582404,13.60147051,26.92582404,13.45362405,28.17800561,14.14213562,28.17800561,13.60147051,27.29468813,13.03840481,28.17800561,13.41640786,28.65309756,13,27.78488798,13.92838828,27.29468813,13.92838828,26.92582404,14.86606875,26.41968963,14.86606875,26.92582404,14.56021978,26.92582404,15.5241747,26.07680962,15.5241747,26.07680962,15.8113883,25.23885893,15.5241747,25.23885893,14.56021978,24.41311123,14.56021978,23.85372088,14.31782106,23.02172887,14.31782106,22.47220505,15.29705854,21.63330765,15.5241747,20.80865205,15.8113883,20.24845673,15.8113883,19.41648784,16.15549442,19.41648784
13.89244399,29.52964612,15.23154621,27.78488798,15.8113883,28.65309756,15.5241747,27.45906044,16.2788206,27.45906044,16.1245155,27.20294102,17.11724277,27.80287755,17.02938637,27.65863337,17.02938637,26.90724809,17.02938637,27.58622845,18.02775638,26.17250466,17.02938637,26.17250466,17,26.17250466,16,25.49509757,16,26.2488095,16,26.2488095,15,25.61249695,15.03329638,24.8394847,14.03566885,24.20743687,14.14213562,24.8394847,13.34166406,23.60084744,12.36931688,23.60084744,11.40175425,23.60084744,11.40175425,23.60084744,10.44030651,23.60084744,9.848857802,22.8035085
23.2594067,26.92582404,23.32380758,26.41968963,23.32380758,27.73084925,23.02172887,28.63564213,22.02271555,28.23118843,21.9317122,29.15475947,21.26029163,28.23118843,20.61552813,29.15475947,21.40093456,28.23118843,21.63330765,27.31300057,22.47220505,26.92582404,21.9544984,26.92582404,21.9544984,26.92582404,22.82542442,26.40075756,22.36067977,25.49509757,22.36067977,25.49509757,22.36067977,24.59674775,21.02379604,24.59674775,21.47091055,23.70653918,21.02379604,23.2594067,21.02379604,21.9317122,21.02379604,20.61552813,21.9317122,19.6977156,21.9317122,19.6977156,22.36067977,18.38477631,21.47091055,17.4642492
16.55294536,27.45906044,15.26433752,28.3019434,15.8113883,29.15475947,14.2126704,28.65309756,14.14213562,27.78488798,14.2126704,28.65309756,14.4222051,27.78488798,14.4222051,27.78488798,14.76482306,27.78488798,14.76482306,27.78488798,15.65247584,27.78488798,15.65247584,27.78488798,16.55294536,26.92582404,16.55294536,27.45906044,15.23154621,26.62705391,15.23154621,26.62705391,14.86606875,26.62705391,14.86606875,25.8069758,14.86606875,25.23885893,14.56021978,24.41311123,14.86606875,23.02172887,15.5241747,23.02172887,15.8113883,20.80865205,16.15549442,21.63330765,16.15549442,20.80865205,16.15549442,20.24845673
21.09502311,16.1245155,21.09502311,15.65247584,21.63330765,16.55294536,20.80865205,17.08800749,20.61552813,18.02775638,19.84943324,18.02775638,19.79898987,17.72004515,20.51828453,18.02775638,19.84943324,17.72004515,20.61552813,17.72004515,20.61552813,17.72004515,20.80865205,16.76305461,20.80865205,16.2788206,20.80865205,16.76305461,21.09502311,16.76305461,21.09502311,16.76305461,20.24845673,15.8113883,19.72308292,15.8113883,19.72308292,14.86606875,19.23538406,14.86606875,19.23538406,13.60147051,19.23538406,13.60147051,19.23538406,12.64911064,19.72308292,11.40175425,19.72308292,10.44030651,19.72308292,10.44030651
19.72308292,22.82542442,20.59126028,24.59674775,19.41648784,24.16609195,18.60107524,24.69817807,18.38477631,23.76972865,18.38477631,24.35159132,19.10497317,24.35159132,19.20937271,23.40939982,18.60107524,23.40939982,18.86796226,23.40939982,18.35755975,23.76972865,19.23538406,23.40939982,19.6977156,22.47220505,19.6977156,21.9317122,20.1246118,21.02379604,20.61552813,22.36067977,19.6977156,21.9317122,19.31320792,20.1246118,19.6977156,20.1246118,19.6977156,18.78829423,19.31320792,18.38477631,19.6977156,17.4642492,19.6977156,16.55294536,19.6977156,16.55294536,19.6977156,15.65247584,19.6977156,15.23154621
21.9544984,22.82542442,22.36067977,22.82542442,23.2594067,22.47220505,23.76972865,22.20360331,22.47220505,20.61552813,22.47220505,21.26029163,23.40939982,21.9317122,22.13594362,21.26029163,22.13594362,21.40093456,22.47220505,21.40093456,22.47220505,21.63330765,22.47220505,22.47220505,21.54065923,22.47220505,21.54065923,22.82542442,20.61552813,22.82542442,21.9317122,22.82542442,21.02379604,21.47091055,20.1246118,21.47091055,19.6977156,21.9544984,19.6977156,21.47091055,18.38477631,21.02379604,17.4642492,21.02379604,16.15549442,21.47091055,16.15549442,21.47091055,15.23154621,21.47091055,13.92838828,21.47091055
30.52867504,2,30.88689042,1.414213562,30.88689042,2,30.88689042,3.16227766,30.52867504,4.472135955,30.52867504,5.830951895,29.68164416,6.403124237,30.23243292,7.810249676,29.41088234,8.602325267,28.60069929,8.602325267,28.60069929,9.433981132,29.20616373,10,28.42534081,9.433981132,28.31960452,10.29563014,28.31960452,9.433981132,28.31960452,9.433981132,27.58622845,9.433981132,26.87005769,9.433981132,26.90724809,8.602325267,26.17250466,8.94427191,25.45584412,10.29563014,24.75883681,9.848857802,24.04163056,9.848857802,24.04163056,10.19803903,23.34523506,10.19803903,23.34523506,10.19803903
11.66190379,32.44996148,12.04159458,32.75667871,11.3137085,32.75667871,10.81665383,33.61547263,11.18033989,32.75667871,12.08304597,34.13209633,11.70469991,32.44996148,12.36931688,32.44996148,12.16552506,33.01514804,13.15294644,31.6227766,14.14213562,31.6227766,14.14213562,31.40063694,14.31782106,31.40063694,14.14213562,32.01562119,13.03840481,31.2409987,14.03566885,31.89043744,14.14213562,30.47950131,14.03566885,29.73213749,13.15294644,29.06888371,14.03566885,28.31960452,14.14213562,27.65863337,14.14213562,26.90724809,15.29705854,25.49509757,15.5241747,26.17250466,15.8113883,25.49509757,15.8113883,25.49509757
10.29563014,27.78488798,9.219544457,29.52964612,10,28.65309756,9.433981132,29.06888371,10.77032961,27.78488798,10.44030651,28.65309756,11.18033989,29.15475947,11.18033989,28.3019434,11.04536102,28.3019434,11.04536102,27.45906044,14.14213562,27.45906044,13.03840481,26.62705391,14.03566885,28.01785145,14.03566885,27.80287755,13,26.40075756,14,27.01851217,13,26.40075756,13,24.8394847,13,24.20743687,13,24.20743687,14,22.02271555,14,22.6715681,15.13274595,20.61552813,16.2788206,20.61552813,16.4924225,19.84943324,16.4924225,19.84943324
2.236067977,33.61547263,3.16227766,34,4.123105626,33.61547263,5.830951895,34,6.708203932,32.75667871,9.433981132,33.28663395,9.433981132,33.28663395,10,32.20248438,10.81665383,32.20248438,10.81665383,31.40063694,11.66190379,32.01562119,11.66190379,31.2409987,12.52996409,31.2409987,12.52996409,31.144823,12.08304597,30.41381265,12.08304597,31.11269837,12.08304597,30.41381265,10.77032961,30.41381265,12.08304597,29.69848481,11.70469991,29,11.70469991,27.58622845,12.36931688,26.17250466,12.36931688,26.90724809,12.16552506,27.58622845,12.04159458,26.17250466,12,26.17250466
26.40075756,16.1245155,26.40075756,15,26.92582404,14.86606875,26.92582404,14.86606875,26.92582404,14.4222051,26.92582404,14.76482306,26,14.31782106,26,14.86606875,24.69817807,14.86606875,25.07987241,15.5241747,23.76972865,16.4924225,22.84731932,16.4924225,22.84731932,17.4642492,21.47091055,17.4642492,21.47091055,17.4642492,21.47091055,17.4642492,21.9544984,17.4642492,19.72308292,16.4924225,19.72308292,16.4924225,18.35755975,16.4924225,18.35755975,17.72004515,16.64331698,17.72004515,16.64331698,18.02775638,16.1245155,18.02775638,15.26433752,18.38477631,15.26433752,17.4642492
26.83281573,18.86796226,26.83281573,18.60107524,27.31300057,18.43908891,28.23118843,18.38477631,27.31300057,18.43908891,26.92582404,18.60107524,26.92582404,18.86796226,26.40075756,19.23538406,26,18.78829423,25.49509757,19.6977156,25.94224354,19.31320792,25.05992817,20.24845673,25.05992817,20.24845673,24.18677324,21.1896201,23.85372088,21.1896201,23.85372088,21.1896201,23.60084744,19.92485885,23.60084744,20.24845673,21.63330765,19.31320792,22.20360331,20.24845673,20.24845673,19.31320792,19.41648784,20.24845673,20,20.24845673,19.20937271,19.6977156,19.84943324,19.6977156,17.80449381,20.61552813
25,18.02775638,24.41311123,18.02775638,25.23885893,17.20465053,24.69817807,17.02938637,24.18677324,17.69180601,24.18677324,16.2788206,24.69817807,17.02938637,24.18677324,16.40121947,24.69817807,17.20465053,24.69817807,16.64331698,24.69817807,17.49285568,24.69817807,17.49285568,23.85372088,18.35755975,24.41311123,17.88854382,24.41311123,17.88854382,23.60084744,17.88854382,23.60084744,17.88854382,22.8035085,17.4642492,22.8035085,17,22.20360331,17.4642492,21.40093456,17.4642492,20.80865205,17.88854382,20.80865205,17.88854382,20.61552813,18.78829423,20,17.88854382,19.20937271,18.35755975
29.15475947,12.20655562,28.65309756,12.04159458,29.15475947,11.66190379,29.52964612,12.52996409,27.78488798,13,26.92582404,11.40175425,27.45906044,13.15294644,27.45906044,14.14213562,26.62705391,15.13274595,25.8069758,15.13274595,25.8069758,17.2626765,25.61249695,17.4642492,25.61249695,18.43908891,26.2488095,18.43908891,26.90724809,18.43908891,27.58622845,18.68154169,26.87005769,18.43908891,26.17250466,18.43908891,26.87005769,17.4642492,26.17250466,17.4642492,26.17250466,17.72004515,26.17250466,17.72004515,25.49509757,18.02775638,25.49509757,18.02775638,24.75883681,18.38477631,24.75883681,17.4642492
28.65309756,15.26433752,27.78488798,15.65247584,27.78488798,16.15549442,28.3019434,15.8113883,27.45906044,16.76305461,27.20294102,17.4642492,27.01851217,17.4642492,27.65863337,18.24828759,26.90724809,18.24828759,26.87005769,18.24828759,26.17250466,18.11077028,26.90724809,18.11077028,26.2488095,18.02775638,27.01851217,17.11724277,26.40075756,17.11724277,26.40075756,16.1245155,25.8069758,16.1245155,25.8069758,15.29705854,25.8069758,15.13274595,25.8069758,15.03329638,25.8069758,14.03566885,25.23885893,13.03840481,25.23885893,13,25.23885893,12,24.41311123,11,24.41311123,10
23.70653918,18.35755975,24.16609195,18.02775638,23.76972865,17.80449381,23.40939982,16.2788206,23.40939982,16.97056275,22.47220505,16.40121947,23.76972865,17.20465053,22.47220505,17.49285568,22.47220505,18.35755975,22.84731932,18.35755975,21.9317122,18.78829423,21.9317122,18.78829423,21.9317122,19.6977156,21.47091055,19.31320792,20.59126028,19.31320792,20.59126028,19.31320792,19.72308292,18.97366596,19.72308292,18.38477631,18.86796226,18.38477631,18.86796226,18.02775638,17.49285568,18.02775638,17.49285568,19.31320792,16.64331698,19.31320792,15.8113883,19.31320792,15.8113883,18.78829423,14.4222051,18.78829423
31.90611227,2.236067977,32.44996148,3.16227766,33.28663395,5,32.44996148,6.08276253,31.6227766,7.071067812,31.40063694,8.246211251,30.61045573,8.544003745,31.2409987,9.486832981,30.47950131,9.848857802,29.73213749,9.486832981,29.69848481,9.848857802,29.69848481,8.94427191,29.69848481,8.94427191,29,8.94427191,29.73213749,8.062257748,29.73213749,8.062257748,29.06888371,8.062257748,28.31960452,7.615773106,28.31960452,7.211102551,28.31960452,7.211102551,26.90724809,7.810249676,27.65863337,7.071067812,27.65863337,7.071067812,27.65863337,6.403124237,26.90724809,6.403124237,26.17250466,5.830951895
20.59126028,22.82542442,19.72308292,23.2594067,19.41648784,24.69817807,19.20937271,24.35159132,19.10497317,24.04163056,19.10497317,24.04163056,19.20937271,24.04163056,19.41648784,23.08679276,19.41648784,22.8035085,19.72308292,23.08679276,20.1246118,23.08679276,20.1246118,22.13594362,21.02379604,22.13594362,21.54065923,21.1896201,21.54065923,20.24845673,21.54065923,20.61552813,21.9317122,19.6977156,21.54065923,18.78829423,21.9317122,18.78829423,21.54065923,17.4642492,21.54065923,17.4642492,21.1896201,16.15549442,21.54065923,15.65247584,22.84731932,15.65247584,21.9317122,14.76482306,21.9317122,14.76482306
27.78488798,16.55294536,27.78488798,18.02775638,26.62705391,17.72004515,26.62705391,18.43908891,26.2488095,18.43908891,26.90724809,19.23538406,26.87005769,19.23538406,26.17250466,19.23538406,25.49509757,18.11077028,25.61249695,18.24828759,26.40075756,18.24828759,25.8069758,18.24828759,26.62705391,18.24828759,26.62705391,16.2788206,26.07680962,16.2788206,26.07680962,16.4924225,26.07680962,15.5241747,24.69817807,15.5241747,25.23885893,14.31782106,24.69817807,14.31782106,23.85372088,13.15294644,23.85372088,12.16552506,23.85372088,11.18033989,23.85372088,10.19803903,23.02172887,10.04987562,23.60084744,9
29.54657341,17.49285568,30.46309242,17.20465053,30.46309242,16.2788206,30.6757233,16.97056275,30.08321791,16.40121947,30.08321791,16.64331698,30.08321791,17,29.15475947,17.4642492,29.15475947,18.02775638,28.23118843,18.02775638,28.63564213,18.68154169,27.73084925,18.43908891,26.83281573,18.43908891,26.83281573,19.41648784,25.94224354,19.41648784,25.05992817,19.41648784,24.18677324,18.43908891,22.47220505,18.43908891,22.82542442,18.43908891,21.9544984,18.43908891,20.59126028,18.43908891,19.72308292,18.68154169,18.35755975,18.68154169,18.86796226,19.92485885,17.49285568,20.24845673,16.64331698,19.6977156
2,31.30495168,4.123105626,31.30495168,5.385164807,30.88689042,7.615773106,31.30495168,8.062257748,29.15475947,9.433981132,30.01666204,10.81665383,29.68164416,10.81665383,28.8444102,11.66190379,28.60069929,10.81665383,27.20294102,11.40175425,27.80287755,12.04159458,27.80287755,12.04159458,27.65863337,12.72792206,26.90724809,12.04159458,26.17250466,11.3137085,26.87005769,11.3137085,26.17250466,10.63014581,24.75883681,10.63014581,24.75883681,10.63014581,24.04163056,10.81665383,23.34523506,10.29563014,21.9317122,10.77032961,21.9317122,10.44030651,21.9317122,10.19803903,21.9317122,10.19803903,21.9317122
25.94224354,9.433981132,26.40075756,9.219544457,26.83281573,8.602325267,26.40075756,8.94427191,25.49509757,9.486832981,26.83281573,10.19803903,25.94224354,11.18033989,25.05992817,11.18033989,25.55386468,11.04536102,24.69817807,11.04536102,24.69817807,12,24.41311123,12,24.41311123,13,25,13.03840481,23.60084744,13,23.43074903,13,22.8035085,13,21.9317122,13,22.02271555,13,20.61552813,13.03840481,19.84943324,13.03840481,19.84943324,13.03840481,19.10497317,13.15294644,19.10497317,13.15294644,18.38477631,13.34166406,17.69180601,13.34166406
21.47091055,24.59674775,18.86796226,24.16609195,18.60107524,25.63201124,19.20937271,25.29822128,19.10497317,25.29822128,18.43908891,26.2488095,18.60107524,25.29822128,18.02775638,24.04163056,18.35755975,25,18.35755975,22.13594362,19.72308292,23.08679276,19.23538406,22.13594362,20.1246118,22.13594362,21.02379604,22.13594362,20.61552813,21.1896201,20.61552813,21.1896201,20.24845673,20.24845673,20.61552813,19.31320792,20.61552813,19.31320792,20.24845673,19.31320792,20.24845673,18.02775638,20.24845673,17.08800749,20.24845673,16.15549442,21.54065923,14.86606875,20.61552813,14.86606875,20.61552813,13
14.76482306,27.73084925,15,29.54657341,14.86606875,29.15475947,14.2126704,29.15475947,14.2126704,29.54657341,13.89244399,27.73084925,14.31782106,27.73084925,14.76482306,27.29468813,14.86606875,26.83281573,15.5241747,27.29468813,15.5241747,25.94224354,15.5241747,25.94224354,16.4924225,25.94224354,16.76305461,24.69817807,17.4642492,24.69817807,17.4642492,23.32380758,16.76305461,23.02172887,16.4924225,22.47220505,16.4924225,22.47220505,16.2788206,21.63330765,16.4924225,20.80865205,17.4642492,19.41648784,17.4642492,19.41648784,17.72004515,19.41648784,17.72004515,18.02775638,18.02775638,17.20465053
29.54657341,13.03840481,29.54657341,12.04159458,30.46309242,12.04159458,30.08321791,11.40175425,29.15475947,11.18033989,29.15475947,11.40175425,28.23118843,12.36931688,28.23118843,12.16552506,27.31300057,13.03840481,26.40075756,13.03840481,25.94224354,14.03566885,25.94224354,14,25.05992817,15.03329638,24.18677324,16.03121954,23.32380758,16.03121954,23.85372088,16.03121954,22.47220505,16.03121954,21.63330765,15.13274595,21.63330765,16.1245155,21.63330765,15.13274595,20.24845673,16.1245155,18.60107524,16.1245155,18.60107524,16.2788206,17.80449381,16.4924225,17.80449381,16.76305461,16.40121947,16.76305461
22.82542442,22.84731932,22.47220505,22.84731932,22.20360331,24.35159132,21.40093456,25,20.51828453,23.76972865,21.26029163,23.76972865,21.26029163,24.73863375,21.40093456,23.53720459,20.80865205,23.53720459,21.63330765,22.56102835,21.9544984,22.56102835,21.47091055,22.56102835,22.36067977,22.56102835,22.84731932,21.58703314,22.84731932,20.61552813,23.76972865,19.6468827,23.76972865,19.6468827,23.40939982,18.97366596,22.84731932,18.02775638,23.40939982,16.76305461,23.40939982,15.8113883,22.47220505,15.8113883,22.84731932,13.60147051,23.76972865,13,23.2594067,12.64911064,23.2594067,11.70469991
1.414213562,33.12099032,1.414213562,33.12099032,3.605551275,33.12099032,5,33.12099032,6.403124237,32.24903099,7.211102551,32.24903099,8.602325267,31.90611227,9.433981132,31.06444913,10,30.52867504,10,31.06444913,11.3137085,30.8058436,11.3137085,30,12.04159458,30,12.04159458,29.83286778,12.04159458,29.06888371,12.04159458,29.06888371,12.04159458,28.31960452,12.04159458,27.58622845,11.40175425,27.58622845,11.40175425,26.87005769,12.20655562,26.17250466,11.66190379,26.17250466,11.18033989,25.49509757,11.40175425,25.49509757,9.219544457,24.04163056,11.18033989,25.49509757
2.236067977,33.12099032,4.472135955,33.12099032,5,33.12099032,6.403124237,33.12099032,7.810249676,32.75667871,8.602325267,32.75667871,9.219544457,32.44996148,10,30.8058436,10.63014581,30,10.81665383,30.61045573,11.40175425,30.61045573,11.40175425,31.2409987,11.66190379,30.47950131,11.66190379,30.41381265,11.66190379,29.69848481,11.18033989,30.41381265,10.29563014,29,11.18033989,29.06888371,9.848857802,28.31960452,10.29563014,28.31960452,9.848857802,27.65863337,10.77032961,26.2488095,9.219544457,26.2488095,10.04987562,26.2488095,9.055385138,25.49509757,9,25.49509757
22.47220505,21.09502311,22.47220505,20.59126028,22.20360331,21.02379604,21.40093456,21.02379604,20.61552813,21.02379604,21.26029163,20.61552813,21.9317122,20.24845673,21.21320344,20.24845673,21.21320344,19.92485885,21.26029163,21.1896201,21.40093456,21.1896201,21.40093456,20.24845673,20.80865205,19.92485885,21.63330765,18.97366596,21.63330765,18.02775638,21.63330765,18.97366596,22.47220505,18.02775638,21.9544984,18.38477631,21.9544984,17.08800749,21.9544984,16.15549442,21.9544984,16.15549442,21.9544984,15.23154621,21.9544984,15.23154621,21.9544984,15.23154621,21.09502311,14.76482306,21.09502311,14.31782106
26.40075756,6.08276253,26.40075756,7,26.92582404,8.062257748,25.49509757,9.219544457,24.59674775,9.486832981,23.70653918,11.70469991,23.70653918,12.64911064,21.9544984,13.60147051,22.47220505,14.56021978,22.20360331,14.56021978,22.20360331,16.4924225,22.02271555,16.4924225,22.02271555,17.4642492,21.9317122,17.4642492,21.9317122,18.24828759,22.6715681,18.24828759,22.8035085,18.11077028,22.8035085,17.02938637,22.8035085,17.02938637,22.02271555,17,21.40093456,17,21.40093456,17.02938637,20.80865205,17.02938637,21.63330765,17.11724277,21.63330765,16.2788206,21.63330765,16.4924225
23.60084744,17.49285568,23.85372088,16.64331698,23.85372088,16.40121947,24.69817807,17.02938637,23.32380758,16.2788206,24.69817807,16.2788206,24.69817807,16.40121947,24.18677324,16.40121947,24.18677324,16.40121947,24.18677324,16.64331698,24.69817807,16.1245155,24.69817807,16.1245155,24.69817807,17,23.85372088,17.4642492,23.85372088,17.4642492,24.41311123,17.4642492,23.60084744,17.08800749,22.8035085,16.15549442,22.20360331,16.15549442,22.20360331,17.08800749,21.40093456,16.15549442,21.40093456,17.08800749,19.20937271,17.4642492,19.20937271,17.4642492,19.20937271,17,19.20937271,17
1.414213562,28.3019434,0,28.3019434,1.414213562,29.15475947,2.828427125,28.3019434,3.605551275,28.3019434,5.656854249,28.8444102,5.656854249,28.01785145,5.656854249,28.60069929,7.071067812,28.60069929,7.810249676,29.20616373,8.485281374,28.42534081,8.485281374,28.42534081,9.219544457,29.06888371,9.219544457,28.31960452,9.219544457,28.28427125,9.219544457,28.28427125,8.485281374,27.58622845,7.810249676,27.58622845,7.810249676,27.58622845,7.810249676,26.90724809,8.602325267,26.2488095,8.602325267,26.2488095,8.062257748,25.61249695,7.615773106,26.2488095,7.615773106,25.49509757,7.615773106,24.8394847
20.59126028,24.18677324,19.72308292,24.59674775,19.41648784,24.16609195,19.20937271,25.07987241,18.38477631,23.76972865,17.69180601,24.35159132,17.80449381,24.69817807,18.60107524,23.40939982,18.02775638,23.40939982,17.49285568,23.76972865,19.23538406,23.40939982,19.23538406,22.47220505,20.1246118,22.47220505,19.6977156,21.54065923,19.6977156,21.54065923,20.61552813,21.02379604,20.61552813,20.1246118,20.61552813,19.23538406,19.6977156,19.23538406,19.6977156,19.23538406,19.6977156,17.88854382,19.6977156,17.88854382,19.6977156,17,19.6977156,16.55294536,20.1246118,15.65247584,19.23538406,14.76482306
29.15475947,7.071067812,29.15475947,9.055385138,29.68164416,10.19803903,28.8444102,11.40175425,27.80287755,12.64911064,28.42534081,13.60147051,28.31960452,13.60147051,27.58622845,13.92838828,27.58622845,13.92838828,26.90724809,14.31782106,27.65863337,13.41640786,27.01851217,13.41640786,27.80287755,13.41640786,28.01785145,12.52996409,27.45906044,12.52996409,27.45906044,11.66190379,27.45906044,11.66190379,26.92582404,10,26.92582404,9.433981132,26.07680962,9.219544457,25.55386468,9.219544457,25.55386468,8.485281374,25.55386468,8.062257748,26.07680962,8.062257748,25.23885893,7.615773106,25.8069758,7.280109889
25.05992817,16.1245155,25.94224354,15,25.49509757,14.86606875,26.40075756,14.14213562,25.49509757,15,25.49509757,15.8113883,25.49509757,15.26433752,25.49509757,15.65247584,25.49509757,15.65247584,24.59674775,16.55294536,24.59674775,17.4642492,23.70653918,18.02775638,23.70653918,18.02775638,23.32380758,18.97366596,23.32380758,17.72004515,23.85372088,18.68154169,23.02172887,17.72004515,21.40093456,17.4642492,22.20360331,17.72004515,21.40093456,17.72004515,20.80865205,17.72004515,20,17.72004515,18.43908891,18.02775638,18.60107524,19.31320792,17.80449381,18.38477631,17.80449381,18.38477631
25.55386468,13.41640786,26.07680962,14.31782106,25.23885893,14.86606875,25,15.5241747,24.20743687,15.29705854,24.8394847,16.2788206,24.75883681,16.2788206,24.04163056,16.1245155,24.75883681,16.1245155,24.08318916,16.1245155,24.8394847,16.1245155,24.20743687,16.1245155,25,16.1245155,24.41311123,16.1245155,25.23885893,15.13274595,25.23885893,15.13274595,24.69817807,14.31782106,23.85372088,13.34166406,23.85372088,13.15294644,23.02172887,13.15294644,23.02172887,11.04536102,22.47220505,10.04987562,22.47220505,10.04987562,22.47220505,10.04987562,22.20360331,9.055385138,22.20360331,8.062257748
35.77708764,4.242640687,34.43835072,4.123105626,34.43835072,4,34.43835072,6.32455532,33.54101966,7.615773106,33.12099032,8.544003745,33.61547263,9.486832981,32.75667871,9.848857802,32.75667871,11.18033989,31.6227766,11.66190379,32.20248438,12.08304597,31.40063694,12.08304597,31.40063694,12.52996409,31.40063694,13.41640786,30.47950131,13,30.47950131,12.08304597,29,12.08304597,28.31960452,11.70469991,26.90724809,11.70469991,26.90724809,11.70469991,25.49509757,12.36931688,24.75883681,12.16552506,24.75883681,13.15294644,24.04163056,12.04159458,24.08318916,12.04159458,21.9317122,13
13.45362405,28.3019434,11.3137085,29.41088234,13.03840481,29.15475947,12.20655562,29.41088234,13.41640786,29.41088234,14.76482306,29.41088234,13.92838828,27.80287755,14.56021978,29.20616373,13.34166406,29.20616373,15.5241747,33.83784863,15.5241747,27.65863337,16.55294536,27.65863337,15.5241747,32.44996148,15.03329638,28.31960452,15.5241747,29.73213749,15.29705854,27.58622845,15.29705854,28.31960452,14.56021978,28.31960452,14.31782106,27.58622845,14.31782106,27.65863337,15.29705854,24.75883681,15.5241747,24.75883681,15.29705854,23.34523506,17.4642492,23.34523506,17.4642492,25.61249695,16.4924225,24.08318916
27.78488798,18.86796226,28.3019434,19.23538406,27.45906044,19.6977156,27.20294102,19.31320792,27.80287755,19.92485885,27.65863337,19.92485885,27.58622845,20.88061302,27.58622845,20.88061302,28.31960452,20.88061302,29.06888371,20.88061302,29.83286778,20.61552813,29.20616373,20.88061302,29.20616373,20.88061302,29.41088234,21.1896201,28.8444102,21.1896201,28.8444102,21.1896201,28.65309756,20.61552813,26.92582404,20.61552813,26.92582404,19.31320792,26.92582404,19.31320792,26.41968963,18.38477631,27.29468813,17.4642492,27.29468813,16.15549442,27.29468813,15.23154621,26.92582404,14.31782106,26.92582404,13.41640786
29.68164416,1,29.68164416,3,29.41088234,4.123105626,28.8444102,5.830951895,28.60069929,6.403124237,29.20616373,7.211102551,29.06888371,7.211102551,29.73213749,7.810249676,29.73213749,8.602325267,29.69848481,7.810249676,30.41381265,8.485281374,30.41381265,8.485281374,30.41381265,9.219544457,31.144823,8.602325267,30.47950131,8.602325267,31.2409987,8.602325267,30.47950131,8.602325267,29.20616373,7.810249676,29.83286778,7.810249676,28.42534081,7.810249676,27.80287755,7.810249676,27.80287755,7.810249676,27.80287755,7.211102551,27.80287755,7.211102551,27.01851217,5.830951895,25.61249695,6.32455532
32.44996148,4.472135955,33.01514804,5,30.88689042,4.242640687,32.44996148,6.08276253,31.76476035,8.062257748,31.6227766,7.071067812,33.12099032,8.062257748,27.80287755,10.19803903,31.40063694,9.055385138,33.01514804,10,32.80243893,11.04536102,34.40930107,11.18033989,30.47950131,11.18033989,30.41381265,13.03840481,29.69848481,13.03840481,31.11269837,12.08304597,31.144823,10.44030651,29.69848481,10.77032961,29,11.70469991,29,10.19803903,28.28427125,11.40175425,26.2488095,11.18033989,28.28427125,11,25.61249695,11.18033989,28.28427125,11,26.17250466,11.18033989
28.8444102,2.236067977,28.8444102,2.236067977,28.8444102,3,28.8444102,4.123105626,27.20294102,5.099019514,27.80287755,5.385164807,28.42534081,6.32455532,28.42534081,6.708203932,28.42534081,6.708203932,27.65863337,7.615773106,28.31960452,7.615773106,28.31960452,7.615773106,29,7.615773106,29.69848481,7.615773106,28.28427125,6.708203932,29,6.708203932,27.58622845,6.708203932,26.90724809,6.708203932,26.90724809,5.830951895,26.17250466,6.708203932,26.17250466,6.708203932,24.75883681,6.32455532,24.75883681,6.08276253,24.75883681,7.071067812,24.04163056,6,24.04163056,6
27.29468813,14.76482306,26.92582404,15.23154621,27.45906044,15.8113883,26.62705391,16.4924225,26.40075756,17.4642492,26.2488095,17.2626765,26.90724809,17.2626765,26.17250466,18.24828759,26.17250466,18.11077028,26.90724809,17.2626765,26.90724809,17.2626765,27.01851217,17.11724277,27.01851217,17.11724277,27.20294102,17.11724277,26.40075756,17.2626765,25.8069758,17.2626765,25.23885893,16.2788206,25.23885893,15.29705854,25.23885893,15.29705854,24.41311123,14.31782106,23.85372088,13.15294644,23.85372088,13.15294644,23.02172887,12.04159458,23.02172887,11.04536102,23.02172887,10.04987562,22.20360331,10.04987562
16.1245155,27.78488798,15.8113883,27.29468813,15.62049935,27.73084925,14.86606875,27.73084925,15,27.73084925,14.76482306,26.40075756,14.76482306,26.83281573,15.23154621,26.83281573,16.15549442,25.94224354,15.8113883,25.55386468,16.76305461,25.55386468,16.76305461,25.55386468,17.72004515,24.69817807,17.72004515,24.41311123,17.72004515,24.41311123,17.72004515,24.41311123,16.76305461,22.8035085,15.8113883,22.8035085,15.8113883,22.8035085,15.8113883,21.40093456,15.8113883,21.40093456,16.15549442,20.80865205,16.15549442,20,16.15549442,19.20937271,16.55294536,19.20937271,16.55294536,17.80449381
5,34.43835072,2.828427125,34.88552709,2.828427125,35.34119409,7.071067812,35.77708764,5.099019514,33.10589071,7.615773106,32.64965543,7.071067812,32.24903099,9,34.88552709,10.29563014,30.52867504,10.04987562,33.12099032,10.77032961,31.06444913,12.52996409,29.41088234,12.36931688,29.20616373,12.36931688,28.42534081,11.18033989,29.20616373,12.64911064,29.83286778,12.64911064,28.42534081,11.18033989,27.65863337,11.70469991,27.65863337,11.70469991,27.01851217,12.36931688,24.75883681,12.36931688,25.49509757,13.15294644,23.34523506,13,23.34523506,13.03840481,24.8394847,13,21.21320344
28.65309756,18.35755975,27.73084925,17.20465053,28.63564213,17.02938637,28.63564213,16.2788206,28.23118843,16.2788206,28.23118843,16.40121947,27.31300057,16.64331698,27.31300057,17,26.40075756,17,26.83281573,17.4642492,25.49509757,18.02775638,25.49509757,18.02775638,25.05992817,18.97366596,25.05992817,18.68154169,24.69817807,18.97366596,23.85372088,18.97366596,23.02172887,18.97366596,23.02172887,18.02775638,22.47220505,18.38477631,22.47220505,18.38477631,21.09502311,17.4642492,20.24845673,18.38477631,19.41648784,18.38477631,19.41648784,18.38477631,18.02775638,17.88854382,18.02775638,17.88854382
21.9544984,19.72308292,21.09502311,21.02379604,20.80865205,21.9317122,20.61552813,21.54065923,19.84943324,21.54065923,19.79898987,21.1896201,19.79898987,20.24845673,19.10497317,20.24845673,19.84943324,19.31320792,19.20937271,19.31320792,20,20.24845673,20,19.31320792,20,19.31320792,20.24845673,19.31320792,19.72308292,18.38477631,19.72308292,18.38477631,18.86796226,17.4642492,18.86796226,16.55294536,18.86796226,17.08800749,19.41648784,16.15549442,18.86796226,15.8113883,18.02775638,14.86606875,18.02775638,13.60147051,18.86796226,13.92838828,18.02775638,13.60147051,18.60107524,12.64911064
1,27.73084925,1.414213562,29.06888371,2.828427125,27.73084925,4.242640687,29.06888371,5,27.73084925,8.062257748,26.92582404,8.062257748,27.29468813,8.602325267,25.94224354,8.602325267,27.29468813,8.602325267,26.41968963,10,26.07680962,10,27.78488798,10.81665383,26.92582404,10.29563014,25.23885893,10.29563014,25.23885893,9.848857802,25,10.81665383,25,10.63014581,23.43074903,10,24.20743687,10,22.02271555,10.63014581,22.02271555,8.94427191,20.61552813,9.848857802,19.84943324,9.848857802,19.84943324,8.544003745,19.20937271,8.246211251,18.60107524
14.14213562,29.61418579,13.03840481,28.28427125,13.89244399,28.16025568,13.60147051,28.0713377,15.5241747,26.01922366,16.2788206,25.01999201,17.11724277,25,19.10497317,24,20.22374842,24.0208243,22.20360331,24.0208243,23.19482701,23.08679276,24.18677324,22.02271555,25.17935662,21.02379604,26.17250466,21,27.29468813,20.02498439,27.16615541,19.02629759,27.16615541,18.11077028,26.30589288,16.1245155,26.30589288,15.29705854,25.49509757,15.13274595,24.51530134,14.14213562,25.70992026,13.03840481,24.73863375,10,25.96150997,9,25.29822128,9,24.35159132,9.055385138
17.02938637,28.3019434,17.20465053,27.45906044,17.49285568,27.20294102,18.35755975,26.40075756,18.35755975,26.2488095,18.78829423,26.90724809,18.78829423,26.87005769,18.78829423,26.17250466,18.78829423,26.17250466,19.23538406,26.2488095,17.88854382,27.01851217,17.88854382,26.2488095,17.88854382,26.2488095,18.35755975,25.61249695,18.35755975,26.40075756,17.49285568,27.01851217,17.49285568,25.61249695,17.49285568,25.61249695,17.49285568,24.8394847,17.49285568,24.20743687,16.1245155,24.20743687,16.1245155,24.20743687,15.65247584,24.20743687,15.65247584,24.8394847,14.31782106,24.08318916,14.31782106,23.43074903
6.403124237,32.20248438,6.403124237,33.10589071,7.280109889,32.20248438,8.062257748,32.69556545,9,31.30495168,10.04987562,32.20248438,10.19803903,31.30495168,11.18033989,30.41381265,12.36931688,30.88689042,12.36931688,29.52964612,13.34166406,29.15475947,13.34166406,29.15475947,14.31782106,28.3019434,14.31782106,28.01785145,13.34166406,27.20294102,14.31782106,27.01851217,13.34166406,26.40075756,13.15294644,24.8394847,13.15294644,25,13.15294644,23.60084744,14.03566885,22.8035085,13.03840481,21.40093456,14,20,14.14213562,20,14.14213562,20,14.31782106,19.41648784
18.86796226,24.69817807,19.23538406,24.69817807,20.1246118,24.41311123,20.61552813,24.20743687,20.61552813,24.08318916,20.61552813,24.75883681,21.54065923,24.04163056,20.61552813,24.08318916,21.54065923,24.08318916,20.61552813,23.43074903,20.61552813,24.20743687,21.54065923,23.60084744,20.61552813,24.41311123,21.02379604,23.85372088,21.02379604,23.32380758,20.1246118,23.32380758,18.78829423,23.32380758,17.88854382,21.9544984,17.88854382,21.63330765,17.88854382,21.9544984,17.4642492,21.9544984,15.23154621,21.9544984,14.31782106,21.9544984,13.92838828,22.47220505,13,21.9544984,13,22.47220505
2.828427125,31.90611227,2.236067977,30.52867504,4,31.90611227,5.385164807,31.06444913,6.32455532,30.8058436,6.708203932,30.8058436,8.062257748,31.40063694,8.94427191,30.61045573,8.062257748,30.61045573,8.94427191,30.47950131,9.433981132,31.144823,9.433981132,30.41381265,10.29563014,31.11269837,9.433981132,30.41381265,9.433981132,30.41381265,9.433981132,31.144823,8.602325267,29.73213749,8.062257748,29.06888371,8.062257748,29.73213749,8.062257748,28.31960452,8.602325267,27.65863337,7.810249676,26.90724809,7.810249676,27.65863337,7.810249676,27.65863337,7.211102551,26.90724809,7.211102551,27.01851217
2.828427125,32.64965543,3.16227766,32.64965543,4.123105626,32.64965543,5.385164807,31.76476035,6.708203932,31.38470965,7.615773106,31.38470965,8.94427191,31.38470965,9.848857802,31.06444913,10.29563014,30.23243292,10.29563014,30.8058436,10.29563014,30,11.18033989,30.61045573,11.66190379,30,11.66190379,29.83286778,11.18033989,29.06888371,11.18033989,29,10.29563014,27.58622845,9.848857802,26.87005769,10.77032961,26.90724809,10.77032961,26.17250466,10.44030651,24.75883681,11.40175425,24.75883681,11.18033989,23.34523506,11.18033989,23.34523506,11.04536102,23.34523506,11,22.6715681
33.12099032,6.32455532,32.24903099,5.656854249,32.64965543,4.472135955,31.76476035,6.08276253,30.88689042,6,30.52867504,7.071067812,31.06444913,8.246211251,29.68164416,8.246211251,29.68164416,9.219544457,29.41088234,10.19803903,29.41088234,10.19803903,30,10.04987562,30,11.18033989,30.61045573,11.18033989,29.06888371,11.40175425,29.06888371,10.44030651,28.31960452,10.44030651,27.65863337,10.44030651,26.90724809,9.219544457,26.2488095,10.19803903,25.49509757,10.19803903,24.8394847,11.18033989,24.08318916,12.04159458,24.08318916,12,23.43074903,11.04536102,22.6715681,12.04159458
31.38470965,12.08304597,31.76476035,10.29563014,32.24903099,10,31.76476035,10.63014581,30.88689042,10,32.24903099,10.29563014,31.38470965,10.77032961,30.52867504,10.44030651,30.52867504,11.40175425,29.68164416,11.40175425,29.68164416,11.40175425,29.68164416,11.18033989,30.23243292,12.16552506,29.41088234,12.16552506,29.41088234,12.04159458,28.60069929,12.04159458,28.60069929,12.04159458,27.01851217,12.04159458,26.40075756,12.04159458,25.8069758,12.04159458,25,13.03840481,23.60084744,13.15294644,22.8035085,13.15294644,23.60084744,14.14213562,22.8035085,13.34166406,22.20360331,13.34166406
26.41968963,21.47091055,25.94224354,20.24845673,27.73084925,20,27.31300057,19.84943324,27.31300057,19.79898987,28.23118843,19.84943324,27.31300057,19.20937271,27.31300057,20,27.73084925,19.41648784,26.40075756,19.72308292,26.83281573,19.72308292,26.83281573,19.72308292,26.83281573,20.59126028,26.41968963,21.02379604,25.05992817,20.1246118,25.55386468,19.6977156,24.18677324,19.6977156,23.32380758,18.38477631,23.32380758,18.38477631,21.9544984,18.78829423,20.59126028,18.78829423,19.72308292,18.78829423,18.35755975,18.78829423,18.35755975,20.1246118,18.35755975,19.23538406,17,19.23538406
30.01666204,10.81665383,29.52964612,10.63014581,30.41381265,10.63014581,29.52964612,10.81665383,29.52964612,10.29563014,30.01666204,10.77032961,29.52964612,11.70469991,29.15475947,11.40175425,28.3019434,12.36931688,28.3019434,12.16552506,28.8444102,12.04159458,28.8444102,12.04159458,28.01785145,12.04159458,28.01785145,13,27.20294102,13.03840481,26.40075756,13.03840481,26.2488095,13.03840481,25.61249695,12.04159458,24.20743687,13.03840481,24.20743687,13.03840481,22.8035085,13.15294644,22.02271555,14.14213562,22.02271555,13.15294644,22.02271555,13.34166406,21.26029163,13.60147051,20,15.5241747
24.18677324,16.1245155,23.32380758,17,23.60084744,18.38477631,22.8035085,18.38477631,22.02271555,18.02775638,22.627417,18.02775638,22.627417,18.97366596,21.26029163,18.02775638,21.26029163,18.02775638,22.02271555,18.02775638,22.20360331,18.02775638,22.20360331,17.08800749,22.20360331,18.02775638,21.63330765,17.08800749,21.63330765,17.08800749,21.9544984,17.08800749,21.09502311,16.15549442,21.09502311,16.15549442,21.09502311,15.23154621,21.09502311,14.86606875,20.59126028,13.92838828,20.59126028,12.64911064,21.9544984,12.64911064,22.47220505,11.40175425,21.09502311,10.44030651,21.63330765,10.44030651
26.92582404,8.94427191,26.41968963,9.219544457,26.41968963,9.219544457,26.41968963,8.602325267,25.55386468,8.94427191,26.07680962,9.848857802,25.23885893,10.44030651,25.8069758,10.19803903,25.23885893,11.40175425,25.8069758,11.40175425,25.8069758,11.18033989,26.40075756,12.16552506,26.40075756,12.16552506,26.2488095,12.16552506,26.2488095,12.04159458,26.2488095,12.04159458,25.49509757,12.04159458,25.49509757,12.04159458,24.08318916,11.04536102,24.08318916,11.04536102,23.34523506,12.04159458,23.34523506,12.04159458,22.627417,12.16552506,22.627417,12.36931688,21.9317122,12.36931688,21.21320344,12.36931688
15.65247584,25.55386468,15.26433752,25.94224354,14.2126704,26.83281573,14.14213562,27.31300057,13.60147051,26.83281573,14.4222051,26.83281573,13.89244399,25.94224354,14.31782106,25.94224354,14.31782106,25.05992817,15.23154621,25.55386468,15.23154621,25.55386468,16.15549442,24.69817807,15.8113883,24.69817807,15.8113883,24.69817807,15.8113883,24.41311123,15.5241747,24.41311123,15.5241747,23.60084744,14.56021978,23.60084744,14.56021978,22.20360331,14.56021978,22.20360331,15.29705854,20.80865205,15.5241747,20,15.5241747,19.20937271,16.15549442,18.60107524,16.15549442,18.60107524,16.15549442,18.60107524
24.69817807,23.02172887,24.41311123,24.18677324,23.60084744,25.05992817,23.43074903,25.05992817,22.627417,24.59674775,23.34523506,25.05992817,23.43074903,25.05992817,22.8035085,25.05992817,23.02172887,25.94224354,23.85372088,25.05992817,24.69817807,24.18677324,24.69817807,23.70653918,24.69817807,24.18677324,25.05992817,24.69817807,24.18677324,24.69817807,23.70653918,24.41311123,23.70653918,24.41311123,23.70653918,22.8035085,23.70653918,22.8035085,22.82542442,22.20360331,22.36067977,22.20360331,22.82542442,21.40093456,22.82542442,20,24.18677324,20,23.32380758,18.60107524,23.85372088,18.60107524
33.28663395,4.123105626,32.44996148,2.828427125,33.28663395,3.605551275,33.83784863,4,33.01514804,5,33.01514804,6.08276253,33.60059523,6.32455532,32.80243893,7.280109889,33.42154993,7.615773106,33.42154993,7.615773106,33.30165161,8.94427191,33.30165161,8.94427191,32.55764119,8.94427191,33.24154028,8.94427191,32.52691193,8.94427191,33.9411255,8.94427191,32.52691193,8.94427191,31.82766093,8.062257748,31.144823,8.94427191,30.41381265,8.94427191,29.73213749,8.544003745,29.06888371,9.486832981,29.06888371,9.219544457,29.06888371,9.219544457,28.31960452,9.055385138,27.58622845,9
29.15475947,14.4222051,28.01785145,14.76482306,28.01785145,15.65247584,27.80287755,15.23154621,27.65863337,16.15549442,27.58622845,16.15549442,27.58622845,17.08800749,27.58622845,17.08800749,27.58622845,16.76305461,28.31960452,17.08800749,29.06888371,16.76305461,29.06888371,16.76305461,29.06888371,16.76305461,29.20616373,16.76305461,28.60069929,18.02775638,28.60069929,17.08800749,27.20294102,17.08800749,27.20294102,17.08800749,27.20294102,15.8113883,25.8069758,15.8113883,25.23885893,14.86606875,25.23885893,14.56021978,26.07680962,13.60147051,25.23885893,12.36931688,25.23885893,11.40175425,25,10.19803903
5.099019514,25.23885893,4.472135955,25.23885893,4.242640687,26.07680962,4.472135955,26.07680962,4.123105626,25.23885893,5.099019514,25.23885893,5.099019514,25.8069758,5,25.23885893,6,25.8069758,6.08276253,25,6.08276253,25.61249695,6.08276253,24.41311123,8.062257748,25.61249695,8.062257748,24.8394847,8.062257748,24.8394847,8.062257748,25.49509757,8.246211251,25.45584412,8.246211251,23.43074903,8.246211251,23.34523506,9.219544457,22.6715681,7.071067812,22.02271555,9.055385138,22.627417,8.062257748,22.627417,6,21.9317122,8,21.26029163,7,21.26029163
26,17.69180601,26.57066051,18.43908891,27.51363298,17.49285568,27.20294102,17,26.2488095,18.02775638,25.29822128,18.68154169,24.35159132,19.41648784,24.35159132,20.39607805,22.47220505,22.36067977,21.54065923,22.36067977,21.54065923,24.51530134,20.61552813,26.30589288,21.02379604,27.45906044,21.9544984,28.28427125,21.63330765,28.28427125,20.61552813,28.44292531,21.26029163,27.45906044,20.51828453,26.68332813,20.51828453,25.70992026,19.79898987,25,19.10497317,25.29822128,17.69180601,25.63201124,16.97056275,25.63201124,16.2788206,26.40075756,16.2788206,26.83281573,16.2788206,25.94224354
27.45906044,10.63014581,27.45906044,9.899494937,28.01785145,10.63014581,27.20294102,11.18033989,27.01851217,11.66190379,27.65863337,12.08304597,27.65863337,12.08304597,28.31960452,12.08304597,28.31960452,13,28.31960452,12.64911064,29,12.64911064,28.28427125,13.60147051,29,13.60147051,28.31960452,13.60147051,27.65863337,13.60147051,27.65863337,14.86606875,27.01851217,14.56021978,27.01851217,12.64911064,26.2488095,13.60147051,25.61249695,13.60147051,25.61249695,12.36931688,25,12.36931688,25,11.40175425,26.40075756,10.19803903,25.61249695,10.19803903,25,10.19803903
13.89244399,28.01785145,13.60147051,28.8444102,13.45362405,28.8444102,13.45362405,28.8444102,13.60147051,28.8444102,13.03840481,29.41088234,13.03840481,29.41088234,13.41640786,29.41088234,14.31782106,29.41088234,13,30,13.92838828,30,13.92838828,30,13.60147051,29.41088234,13.60147051,29.20616373,14.31782106,28.42534081,13.60147051,28.42534081,13.34166406,27.65863337,14.31782106,27.01851217,14.31782106,26.2488095,14.31782106,25.61249695,14.31782106,24.8394847,15.5241747,24.08318916,15.5241747,24.08318916,15.8113883,24.08318916,15.8113883,24.08318916,15.8113883,22.6715681
7.615773106,29.15475947,9.219544457,30.01666204,10.04987562,30.23243292,11,28.8444102,11.04536102,27.80287755,11.04536102,28.42534081,11.18033989,28.31960452,11.18033989,29,11.18033989,28.28427125,11.18033989,29,11.18033989,29.73213749,11.18033989,29.73213749,11.40175425,29.83286778,11.18033989,29.83286778,11.04536102,29.83286778,11.04536102,30.8058436,11.04536102,30,10,29.41088234,10.04987562,28.60069929,10.04987562,28.01785145,9.055385138,28.01785145,8.062257748,27.45906044,7.071067812,27.45906044,7.071067812,28.01785145,6.08276253,26.62705391,5.099019514,27.20294102
2.236067977,30.01666204,2.236067977,30.52867504,3,31.38470965,4.472135955,30.52867504,5,29.68164416,5.830951895,30.23243292,7.211102551,29.41088234,7.211102551,28.60069929,8.062257748,29.20616373,8.602325267,28.42534081,8.602325267,29.06888371,8.602325267,29.06888371,9.433981132,29.06888371,9.433981132,29,8.602325267,28.28427125,8.602325267,28.28427125,8.602325267,27.58622845,8.062257748,26.90724809,8.062257748,26.17250466,8.94427191,26.17250466,8.544003745,25.49509757,8.544003745,25.49509757,8.246211251,25.49509757,8.246211251,24.8394847,8.062257748,24.08318916,8,24.08318916
29.68164416,12.20655562,29.68164416,12.04159458,30.52867504,11.3137085,30.01666204,11.40175425,29.68164416,11.66190379,29.68164416,11.18033989,29.68164416,12.08304597,28.8444102,11.70469991,28.8444102,12.64911064,29.41088234,12.36931688,28.60069929,13.34166406,28.60069929,13.34166406,28.60069929,13.15294644,28.42534081,14.31782106,28.42534081,14.14213562,28.42534081,14.31782106,27.65863337,13.34166406,26.90724809,13.34166406,26.90724809,13.34166406,26.2488095,12.36931688,25.49509757,13.34166406,24.75883681,13.34166406,24.75883681,13.60147051,24.75883681,13,24.08318916,13,22.6715681,12.08304597
15.26433752,30.23243292,15.65247584,29.41088234,16.15549442,29.20616373,16.76305461,29.06888371,16.76305461,28.31960452,16.76305461,29,16.4924225,29,16.76305461,29.06888371,16.4924225,29.06888371,16.76305461,30,16.76305461,30,17.72004515,30,17.08800749,30.23243292,17.08800749,30.23243292,17.08800749,30.52867504,16.55294536,30.23243292,16.55294536,30.52867504,15.65247584,29.15475947,15.23154621,29.15475947,15.23154621,28.3019434,14.31782106,28.3019434,13,28.3019434,12.52996409,29.15475947,12.52996409,28.3019434,11.66190379,28.01785145,10.29563014,27.20294102
25.05992817,23.85372088,24.69817807,25.05992817,23.60084744,25.05992817,23.60084744,25.49509757,23.34523506,24.59674775,22.627417,25.49509757,23.34523506,25.49509757,22.6715681,25.49509757,22.8035085,25.49509757,22.8035085,24.59674775,23.85372088,25.49509757,23.85372088,24.59674775,23.85372088,24.59674775,24.18677324,24.59674775,24.18677324,23.70653918,24.18677324,24.18677324,23.32380758,24.18677324,23.70653918,22.47220505,22.82542442,22.82542442,22.82542442,21.9544984,22.36067977,21.09502311,22.82542442,19.72308292,21.47091055,18.86796226,23.32380758,18.86796226,22.47220505,18.86796226,22.47220505,17.49285568
5,28.8444102,5,29.68164416,5.830951895,29.41088234,6.32455532,28.8444102,6.08276253,29.20616373,7,29.20616373,8.062257748,29.06888371,8,29.06888371,8.062257748,29.06888371,8.062257748,29,9.055385138,29.69848481,8.062257748,29.69848481,8.062257748,30.41381265,9,29.73213749,9,29.73213749,9,29.06888371,9,28.31960452,9,28.42534081,10,27.65863337,9.055385138,27.65863337,8.062257748,27.01851217,8.062257748,27.01851217,7.280109889,26.40075756,7.280109889,27.01851217,6.32455532,26.40075756,6.32455532,26.2488095
34.98571137,3.605551275,34.4818793,4.123105626,34.13209633,5,34.98571137,6.08276253,33.28663395,7.280109889,33.28663395,8.246211251,33.01514804,8.544003745,32.20248438,9.486832981,32.20248438,10.44030651,32.01562119,9.848857802,32.64965543,11.18033989,32.64965543,10.77032961,31.89043744,11.18033989,32.55764119,11.70469991,31.82766093,10.77032961,31.11269837,10.77032961,31.11269837,10.44030651,30.41381265,10.44030651,29.69848481,10.44030651,29,10.19803903,29,11.04536102,27.58622845,11.04536102,28.31960452,11.04536102,28.31960452,11,27.58622845,10,27.58622845,10.04987562
28.3019434,9.433981132,27.45906044,11.18033989,28.01785145,12.08304597,27.20294102,12.36931688,27.01851217,12.36931688,26.2488095,12.16552506,26.17250466,13.15294644,26.17250466,13.15294644,26.87005769,13.15294644,26.17250466,12.16552506,26.90724809,13.15294644,26.17250466,13.15294644,26.2488095,13.15294644,25.61249695,12.16552506,25.61249695,12.16552506,25.61249695,12.36931688,25.61249695,12.36931688,24.20743687,11.18033989,24.20743687,10.19803903,23.43074903,10.19803903,24.20743687,10.04987562,22.8035085,9.055385138,22.8035085,8.062257748,23.43074903,8.062257748,23.43074903,8,22.6715681,7.071067812
6.708203932,30.88689042,6.403124237,30.41381265,5.656854249,31.30495168,5.385164807,31.30495168,7.071067812,29.52964612,8,29.52964612,9,29.52964612,9.055385138,29.15475947,10.04987562,28.3019434,10,28.3019434,11.04536102,28.8444102,11.04536102,28.8444102,11.04536102,28.01785145,11.04536102,28.60069929,11.18033989,27.80287755,11.18033989,27.80287755,11.18033989,27.01851217,10.19803903,26.2488095,10.04987562,25.61249695,10.04987562,24.8394847,11.04536102,24.20743687,11.04536102,23.43074903,11,22.6715681,11.04536102,22.6715681,11.04536102,22.02271555,11.04536102,20.61552813
3.16227766,28.3019434,1.414213562,28.01785145,3,28.3019434,3.16227766,27.45906044,4.123105626,26.62705391,4.472135955,26.40075756,4.472135955,27.01851217,5.830951895,27.80287755,7.211102551,26.2488095,5.830951895,26.2488095,5,26.2488095,7.211102551,28.31960452,8.602325267,25.49509757,5.830951895,27.58622845,7.211102551,27.58622845,7.071067812,26.17250466,5,27.58622845,5.385164807,24.04163056,5.385164807,24.8394847,6.32455532,24.75883681,5,24.75883681,5.656854249,23.43074903,6.403124237,23.43074903,5.656854249,22.6715681,5,22.627417,5,22.627417
16.2788206,28.3019434,16.40121947,27.45906044,17.49285568,27.45906044,17.49285568,26.62705391,17,26.40075756,17,25.61249695,17.88854382,26.2488095,17.88854382,25.49509757,17.88854382,25.45584412,17,25.45584412,16.55294536,26.87005769,16.55294536,26.17250466,17.4642492,26.90724809,17,26.90724809,17.88854382,25.61249695,17.88854382,25.61249695,17,25.61249695,17,24.20743687,17,24.20743687,17,23.43074903,15.65247584,22.8035085,15.65247584,22.8035085,14.31782106,23.60084744,13.41640786,24.20743687,13.41640786,23.43074903,13.41640786,23.43074903
2.828427125,30.01666204,2.236067977,29.96664813,3,30.41381265,4.472135955,29.06888371,5.099019514,28.65309756,5.830951895,27.29468813,6.32455532,27.78488798,7.615773106,26.07680962,8.544003745,27.45906044,8.246211251,27.45906044,8.94427191,26.92582404,8.544003745,26.40075756,10.77032961,25.8069758,9.486832981,26.62705391,7.615773106,25.61249695,9.433981132,24.8394847,9.486832981,24.8394847,8.544003745,24.08318916,9.848857802,22.8035085,9.848857802,22.8035085,9.486832981,22.02271555,10.77032961,20.61552813,10.04987562,20.51828453,11.18033989,19.84943324,10.04987562,19.84943324,11.04536102,19.84943324
17.69180601,33.28663395,18.02775638,31.06444913,19.23538406,31.06444913,17.4642492,30.8058436,18.78829423,29.20616373,18.38477631,29.20616373,18.38477631,28.31960452,18.02775638,27.58622845,17.08800749,27.58622845,17.08800749,28.28427125,16.15549442,31.144823,17.08800749,29.73213749,16.2788206,30.47950131,17.4642492,30.47950131,16.55294536,30.61045573,18.35755975,27.65863337,16.15549442,25.61249695,17.4642492,26.2488095,17,26.2488095,15.65247584,26.2488095,16.15549442,25.61249695,13.92838828,26.90724809,13,26.2488095,12.64911064,26.2488095,12.64911064,26.2488095,12.16552506,24.8394847
15.8113883,29.52964612,16.1245155,30.01666204,16.55294536,30.01666204,16.15549442,28.3019434,16.76305461,28.8444102,16.4924225,28.01785145,16.4924225,28.01785145,17.4642492,27.01851217,17.2626765,27.01851217,17.2626765,26.90724809,17.4642492,27.58622845,17.2626765,26.17250466,17.11724277,27.58622845,17.11724277,26.87005769,16.1245155,26.90724809,16.03121954,26.90724809,16.4924225,28.60069929,15.29705854,22.627417,15.13274595,25.61249695,15.5241747,24.20743687,14.14213562,25.8069758,13.15294644,22.8035085,13.03840481,22.8035085,12.04159458,22.8035085,11.04536102,22.6715681,11.04536102,22.02271555
3.16227766,30,4.472135955,30,5.385164807,29.83286778,6.708203932,27.65863337,6.708203932,27.58622845,6.708203932,28.28427125,6.708203932,27.58622845,6.403124237,28.31960452,6.403124237,29.06888371,5.656854249,28.42534081,5.656854249,29.20616373,5.656854249,29.20616373,5,30.61045573,5,30.61045573,4.472135955,30,4.123105626,30,4.123105626,29.20616373,3,28.60069929,3.16227766,28.42534081,3.16227766,27.01851217,3.605551275,26.2488095,4.242640687,25.61249695,4.123105626,25.61249695,4,27.80287755,2,27.01851217,1,25.49509757
28.8444102,13.45362405,28.01785145,13.45362405,28.8444102,13.60147051,28.60069929,13.60147051,27.80287755,13.03840481,27.65863337,13.89244399,27.65863337,13.41640786,26.90724809,13.41640786,27.58622845,13,28.28427125,13.41640786,28.28427125,13.41640786,28.28427125,14.31782106,28.28427125,14.31782106,27.58622845,14.31782106,28.31960452,13.41640786,27.58622845,13.41640786,26.90724809,13.89244399,26.90724809,13.89244399,26.90724809,13.41640786,26.17250466,13.41640786,26.17250466,13.41640786,25.49509757,13,25.49509757,13,25.49509757,12.64911064,25.49509757,11.70469991,25.49509757,11.70469991
4.123105626,37.58989226,1.414213562,37.12142239,2,36.7151195,5.099019514,36.23534186,5.385164807,34.13209633,7.615773106,34.13209633,6.708203932,34.13209633,8.062257748,33.83784863,9.433981132,33.01514804,7.211102551,29.68164416,8.602325267,31.40063694,11.40175425,32.80243893,8.94427191,31.2409987,10.81665383,30.47950131,11.3137085,31.144823,9.219544457,29.06888371,10,30.47950131,10.63014581,28.31960452,10,27.65863337,8.602325267,27.65863337,10.63014581,28.42534081,9.433981132,26.90724809,10,26.90724809,9.433981132,26.87005769,9.433981132,26.17250466,10.77032961,24.04163056
2.236067977,34.4818793,2.236067977,33.61547263,4,33.61547263,5.099019514,32.24903099,6.08276253,31.90611227,6.32455532,31.06444913,6.708203932,31.6227766,7.615773106,30.8058436,8.062257748,30.8058436,8.062257748,30,8.94427191,30.61045573,8.94427191,29.83286778,9.433981132,29.83286778,9.433981132,29.73213749,8.602325267,29,8.062257748,29,8.062257748,29,8.062257748,28.28427125,7.810249676,26.90724809,7.810249676,26.90724809,7.810249676,26.17250466,7.810249676,26.17250466,7.810249676,24.75883681,7.211102551,25.45584412,7.211102551,24.75883681,7.211102551,24.75883681
30.52867504,8.94427191,30.88689042,8.602325267,30.88689042,7.071067812,30.88689042,7.211102551,30.01666204,7.615773106,30.01666204,8.246211251,29.15475947,8.246211251,28.3019434,9.219544457,28.3019434,9.055385138,28.01785145,10.04987562,28.8444102,11.04536102,28.01785145,11.04536102,28.01785145,10.04987562,27.20294102,11,27.01851217,10,27.80287755,10,26.40075756,10,24.8394847,10,25,10,24.20743687,10,23.60084744,11.04536102,22.8035085,11.04536102,22.8035085,11.04536102,22.8035085,11.40175425,21.40093456,11.40175425,21.40093456,11.40175425
29.06888371,13.89244399,28.17800561,15.23154621,27.78488798,15.8113883,27.78488798,16.4924225,25.8069758,15.29705854,25.8069758,16.1245155,25.61249695,16.1245155,25.61249695,16.03121954,25.49509757,16.03121954,25.49509757,15.03329638,26.17250466,15,25.45584412,15,26.17250466,15,26.2488095,15,25.49509757,15.03329638,25.61249695,14.03566885,24.8394847,14.03566885,24.20743687,13.03840481,23.43074903,13,23.43074903,13,22.8035085,12.04159458,22.02271555,11.04536102,22.02271555,10.19803903,22.8035085,10.19803903,22.02271555,9.486832981,22.02271555,9.486832981
28.17800561,16.1245155,27.29468813,16.55294536,26.41968963,17.08800749,26.07680962,16.76305461,25.23885893,17.72004515,25,17.4642492,24.8394847,17.2626765,24.8394847,17.2626765,25.49509757,17.2626765,24.75883681,17.2626765,24.75883681,17.2626765,24.75883681,17.2626765,24.08318916,17.11724277,24.8394847,17.11724277,24.20743687,16.1245155,24.20743687,16.1245155,23.60084744,15.13274595,22.8035085,15.13274595,22.20360331,14.14213562,22.20360331,14.03566885,22.20360331,13.03840481,22.20360331,13,21.63330765,12,22.20360331,11,21.40093456,11,21.40093456,10.04987562
20.24845673,24.18677324,20.59126028,23.32380758,21.47091055,23.02172887,21.54065923,22.20360331,20.61552813,21.26029163,21.54065923,20.51828453,20.61552813,20.51828453,20.61552813,20.51828453,20.61552813,20.61552813,19.6977156,21.40093456,19.6977156,21.40093456,19.6977156,21.40093456,19.6977156,21.63330765,20.1246118,21.63330765,19.23538406,20.24845673,19.23538406,21.09502311,18.35755975,20.24845673,18.35755975,19.41648784,17,19.41648784,17,19.41648784,16.55294536,19.41648784,15.23154621,18.86796226,14.31782106,18.86796226,14.31782106,19.41648784,13,19.41648784,13,20
30.88689042,13.03840481,31.30495168,12.04159458,31.30495168,12.04159458,31.78049716,11.66190379,29.96664813,12.08304597,30.87069808,12.64911064,29.06888371,12.36931688,28.17800561,13.34166406,28.17800561,13.15294644,26.41968963,14.14213562,26.92582404,15.29705854,26.41968963,15.29705854,26.07680962,16.2788206,26.62705391,16.2788206,25.23885893,15.29705854,25.8069758,16.2788206,25,15.29705854,24.20743687,15.29705854,23.60084744,14.56021978,23.02172887,14.56021978,22.20360331,14.56021978,21.63330765,14.56021978,20.24845673,15.8113883,20.24845673,15.8113883,19.72308292,16.15549442,18.86796226,16.15549442
7.211102551,34.4818793,8.94427191,34.4818793,10.44030651,33.61547263,11.18033989,33.28663395,11.04536102,33.01514804,12,32.20248438,12,32.01562119,12,31.89043744,12,31.144823,12,31.144823,12.04159458,30.41381265,12.04159458,31.11269837,12.04159458,31.11269837,11.04536102,31.144823,11.04536102,30.47950131,11,30.47950131,11,29.83286778,10,29.06888371,10.04987562,28.31960452,10.04987562,28.31960452,9.055385138,27.65863337,9.219544457,27.65863337,8.246211251,27.65863337,8.246211251,27.65863337,7.280109889,27.65863337,6.32455532,26.90724809
29.52964612,20.24845673,29.15475947,20.59126028,29.68164416,21.9317122,28.60069929,21.54065923,27.80287755,22.47220505,26.90724809,22.47220505,27.58622845,22.47220505,26.17250466,22.47220505,26.90724809,22.13594362,27.65863337,22.47220505,27.01851217,21.1896201,26.40075756,21.1896201,27.20294102,21.1896201,27.20294102,20.24845673,27.45906044,20.24845673,27.20294102,20.24845673,27.45906044,19.31320792,26.62705391,18.78829423,26.62705391,18.38477631,26.07680962,17.4642492,26.07680962,17.08800749,26.07680962,16.15549442,26.07680962,16.15549442,26.62705391,15.8113883,25.8069758,14.86606875,25.23885893,13.92838828
7.615773106,33.61547263,7.211102551,33.61547263,5.830951895,34.4818793,7.615773106,33.61547263,8.246211251,33.61547263,8.062257748,33.28663395,9.219544457,31.6227766,11.04536102,31.90611227,9.055385138,31.6227766,10.04987562,31.6227766,11.04536102,28.42534081,14.03566885,32.64965543,12,30.61045573,12.04159458,30.47950131,12.04159458,31.2409987,9.055385138,33.24154028,11.18033989,29.73213749,11.18033989,28.31960452,11.18033989,27.58622845,9.055385138,26.2488095,11.04536102,26.90724809,11.04536102,26.90724809,12.04159458,28.42534081,13.03840481,26.87005769,12.16552506,25.49509757,11.40175425,24.75883681
25.49509757,20.59126028,25.05992817,21.47091055,23.32380758,22.47220505,23.60084744,22.47220505,23.43074903,22.13594362,23.34523506,22.13594362,22.627417,22.47220505,22.627417,22.13594362,22.6715681,22.13594362,22.02271555,22.13594362,21.40093456,22.13594362,22.20360331,21.1896201,22.20360331,21.1896201,22.47220505,21.1896201,21.63330765,20.61552813,21.9544984,20.61552813,20.59126028,18.38477631,20.59126028,18.38477631,20.59126028,17.4642492,20.59126028,17.08800749,20.59126028,16.15549442,20.59126028,14.86606875,21.09502311,13.92838828,21.09502311,13.92838828,20.24845673,13.92838828,20.24845673,12.64911064
31.38470965,9.433981132,31.38470965,10.44030651,31.38470965,11.18033989,30.52867504,12.16552506,30.23243292,12.04159458,30,14.03566885,29.83286778,14.03566885,29.06888371,15,29.06888371,15,29,14,29,14.03566885,28.28427125,14.03566885,28.28427125,14.03566885,29,14.03566885,27.65863337,14.03566885,27.65863337,13.03840481,27.01851217,13.03840481,25.61249695,11.04536102,26.2488095,11.04536102,25.61249695,11.18033989,25.61249695,10.19803903,24.20743687,10.44030651,24.20743687,8.94427191,24.8394847,8.062257748,24.8394847,8.062257748,24.8394847,8.602325267
24.69817807,21.63330765,24.41311123,21.9544984,25,22.36067977,24.8394847,23.2594067,24.75883681,22.36067977,24.75883681,23.2594067,24.8394847,24.16609195,25,23.2594067,25,23.2594067,25.23885893,23.70653918,26.07680962,24.59674775,26.07680962,24.59674775,26.92582404,24.59674775,25.94224354,24.18677324,25.94224354,24.18677324,25.49509757,23.85372088,25.49509757,23.02172887,24.59674775,22.20360331,24.59674775,22.20360331,24.16609195,21.63330765,24.16609195,20,24.59674775,20,24.59674775,18.60107524,25.94224354,18.60107524,25.05992817,18.60107524,25.05992817,17.20465053
11.18033989,28.01785145,10.81665383,27.45906044,10.63014581,29.15475947,11.40175425,28.3019434,10.81665383,29.15475947,11.18033989,28.3019434,10.77032961,28.8444102,11.40175425,28.8444102,12.36931688,28.8444102,12.16552506,29.41088234,13.15294644,29.41088234,13.15294644,28.60069929,13.03840481,29.20616373,14.03566885,29.20616373,14,28.31960452,14.03566885,28.42534081,14.03566885,27.58622845,13.03840481,27.58622845,13.03840481,26.87005769,13.03840481,26.17250466,13.03840481,25.45584412,14.14213562,25.45584412,14.14213562,24.75883681,14.31782106,25.45584412,13.34166406,24.04163056,13.60147051,24.04163056
32.24903099,3.16227766,32.24903099,3.605551275,31.38470965,5.099019514,31.90611227,5.099019514,30.52867504,6.08276253,30.23243292,6.08276253,31.06444913,6.32455532,30.23243292,7.280109889,30.8058436,7.615773106,30.8058436,8.544003745,29.06888371,7.211102551,29.41088234,10,29.83286778,8.94427191,30.47950131,10.29563014,30.47950131,8.602325267,30.41381265,11.40175425,29.69848481,10.29563014,29,9.433981132,27.58622845,7.810249676,28.28427125,9.433981132,26.87005769,10,26.90724809,9.899494937,28.28427125,9.219544457,25.49509757,9.219544457,26.17250466,8.602325267,25.49509757,8.602325267
1.414213562,31.90611227,1,31.90611227,2.236067977,31.06444913,3.16227766,31.06444913,4.472135955,30.23243292,4.472135955,30.8058436,5.830951895,30.8058436,5.830951895,30,6.403124237,30.61045573,7.211102551,30.61045573,7.071067812,30.61045573,7.810249676,29.83286778,7.810249676,30.47950131,7.810249676,29.73213749,7.810249676,29,7.810249676,30.41381265,7.810249676,29,7.810249676,28.28427125,7.810249676,27.58622845,7.810249676,27.58622845,7.071067812,26.90724809,7.071067812,27.65863337,6.403124237,26.90724809,6.708203932,26.17250466,5.385164807,25.45584412,6.32455532,26.17250466
20.80865205,25.07987241,19.84943324,25.63201124,19.10497317,25.63201124,19.84943324,25.29822128,20,24.35159132,20.24845673,24.04163056,21.09502311,23.08679276,22.82542442,22.13594362,22.82542442,22.8035085,23.2594067,21.84032967,25.07987241,22.13594362,25.07987241,22.13594362,26,22.13594362,26.92582404,22.47220505,27.85677655,22.36067977,26.57066051,21.9544984,26.57066051,22.82542442,26.57066051,21.09502311,25.29822128,21.09502311,24.35159132,19.72308292,25.29822128,18.86796226,25.29822128,18.02775638,26,17.20465053,25.07987241,17.20465053,25.49509757,17.02938637,24.59674775,15.62049935
21.02379604,22.47220505,20.59126028,22.82542442,20.24845673,23.2594067,19.41648784,23.76972865,20,22.47220505,19.84943324,23.40939982,19.10497317,23.40939982,19.79898987,23.08679276,19.79898987,23.08679276,19.84943324,23.08679276,20.61552813,22.8035085,20,22.8035085,20.80865205,22.56102835,21.63330765,21.84032967,21.09502311,21.84032967,21.47091055,22.8035085,21.47091055,20.88061302,21.02379604,20.88061302,21.02379604,19.92485885,21.02379604,19.6468827,21.54065923,18.68154169,21.54065923,16.76305461,21.54065923,15.8113883,21.9317122,15.8113883,21.9317122,14.86606875,21.02379604,14.86606875
31.06444913,4,31.38470965,3.16227766,31.90611227,2.828427125,32.24903099,3.16227766,30.52867504,3,31.90611227,4.123105626,31.38470965,5.099019514,31.06444913,6.32455532,29.68164416,6.708203932,29.68164416,6.708203932,30.23243292,8.062257748,29.41088234,8.062257748,29.41088234,8.062257748,28.42534081,8.94427191,29.20616373,8.062257748,29.06888371,9.433981132,28.42534081,9.433981132,26.90724809,8.94427191,27.01851217,8.94427191,26.2488095,9.848857802,25.49509757,10.44030651,24.75883681,9.486832981,23.34523506,10.19803903,24.75883681,10.19803903,24.08318916,10.04987562,24.08318916,10.04987562
15,26.92582404,15.26433752,26.62705391,16.1245155,27.20294102,16.55294536,26.40075756,16.55294536,25.61249695,17.08800749,26.2488095,17.4642492,25.49509757,17.08800749,25.45584412,17.08800749,25.45584412,17.08800749,24.75883681,16.76305461,25.49509757,16.76305461,26.2488095,16.76305461,25.61249695,17.08800749,26.40075756,17.08800749,25.8069758,17.08800749,25.8069758,17.08800749,25.23885893,15.23154621,25.23885893,15.23154621,25.23885893,14.86606875,24.69817807,13.92838828,24.69817807,13.92838828,25.55386468,13,25.55386468,13,26.07680962,12.08304597,25.23885893,11.18033989,25.23885893
27.29468813,20.59126028,26.83281573,20.24845673,28.23118843,19.41648784,28.23118843,19.20937271,27.85677655,19.10497317,26.92582404,19.10497317,27.85677655,19.20937271,26.92582404,18.60107524,26.57066051,19.41648784,26.92582404,20.24845673,26.92582404,20.59126028,26.57066051,20.59126028,26.92582404,21.02379604,25.63201124,21.02379604,25.07987241,21.54065923,26,20.61552813,24.16609195,21.1896201,23.76972865,20.24845673,22.84731932,20.24845673,21.54065923,19.92485885,20.61552813,21.1896201,19.6977156,21.1896201,18.78829423,22.13594362,17.88854382,22.47220505,17,21.9317122,15.65247584,21.9317122
28.3019434,19.72308292,28.3019434,20.1246118,28.01785145,21.02379604,28.01785145,21.54065923,27.01851217,21.54065923,27.65863337,22.13594362,27.58622845,22.13594362,26.87005769,22.13594362,26.17250466,21.1896201,26.90724809,21.84032967,26.90724809,21.84032967,27.01851217,21.84032967,27.01851217,21.58703314,27.20294102,20.61552813,26.62705391,20.61552813,27.45906044,20.88061302,26.92582404,19.92485885,26.41968963,18.97366596,25.55386468,18.97366596,25.55386468,18.02775638,25.94224354,16.76305461,25.94224354,15.8113883,25.05992817,14.86606875,26.41968963,13,26.07680962,13,25.23885893,13
1,33.61547263,2.236067977,33.61547263,5,33.61547263,5.656854249,33.61547263,7.810249676,32.44996148,8.485281374,32.20248438,8.485281374,32.80243893,9.899494937,32.01562119,10.63014581,32.01562119,10.63014581,32.64965543,11.40175425,32.64965543,11.40175425,31.89043744,11.40175425,32.55764119,11.40175425,32.52691193,11.40175425,32.52691193,10.63014581,31.82766093,10.63014581,31.144823,10.63014581,30.47950131,10,29.73213749,10.81665383,29.06888371,10.81665383,28.42534081,10.29563014,28.42534081,9.848857802,27.01851217,10.19803903,27.65863337,10.19803903,26.90724809,10.04987562,26.2488095
26.83281573,22.36067977,26.40075756,21.09502311,28.23118843,21.63330765,27.85677655,21.26029163,27.51363298,20.51828453,27.51363298,19.84943324,27.51363298,20.61552813,26.57066051,20,26.57066051,21.09502311,26.57066051,21.9544984,26.57066051,21.47091055,25.63201124,21.47091055,25.63201124,21.9317122,24.69817807,22.84731932,24.16609195,22.84731932,24.16609195,22.84731932,23.2594067,22.47220505,23.2594067,21.54065923,22.36067977,21.54065923,21.02379604,21.54065923,20.1246118,21.1896201,18.78829423,21.54065923,18.35755975,21.54065923,17.88854382,21.9317122,17,21.02379604,15.65247584,21.02379604
28.65309756,10.63014581,28.65309756,12.52996409,27.78488798,13,26.92582404,12.64911064,26.62705391,13.34166406,25.8069758,13.34166406,26.40075756,13.15294644,25.61249695,14.14213562,26.2488095,14.14213562,25.49509757,13.03840481,26.17250466,14,26.17250466,14,26.17250466,13,26.17250466,14,25.49509757,14,25.61249695,13,26.2488095,13,25,13,25,13,24.41311123,12.04159458,24.41311123,11.04536102,24.41311123,11.18033989,24.69817807,10.19803903,25.23885893,10.19803903,25.23885893,9.055385138,24.41311123,9.219544457
16.1245155,22.82542442,17,23.70653918,18.38477631,22.47220505,19.31320792,20.61552813,18.02775638,20.61552813,17.72004515,20.51828453,16.76305461,21.21320344,17.72004515,20.51828453,18.68154169,21.26029163,18.02775638,20.61552813,17.72004515,21.40093456,17.72004515,20.80865205,17.72004515,22.8035085,18.68154169,22.20360331,15.8113883,21.09502311,16.76305461,22.47220505,17.72004515,21.63330765,15.8113883,20.59126028,15.5241747,20.1246118,15.5241747,20.59126028,14.31782106,20.59126028,13.34166406,20.59126028,12.36931688,20.59126028,11.40175425,21.47091055,10.44030651,21.09502311,10.19803903,20.59126028
25.05992817,22.82542442,25.05992817,23.2594067,24.69817807,24.16609195,24.41311123,24.69817807,23.43074903,24.69817807,24.08318916,24.35159132,23.34523506,24.35159132,22.6715681,24.35159132,23.43074903,24.04163056,22.8035085,24.04163056,23.60084744,24.04163056,24.41311123,24.04163056,23.85372088,24.04163056,24.69817807,23.08679276,24.18677324,23.08679276,24.18677324,22.47220505,23.70653918,22.47220505,23.70653918,20.61552813,22.36067977,20.24845673,22.36067977,19.92485885,23.2594067,18.02775638,23.2594067,17.72004515,23.2594067,15.8113883,23.70653918,15.8113883,22.82542442,14.86606875,22.82542442,14.56021978
14.4222051,30.01666204,13.89244399,29.68164416,15.23154621,28.8444102,15.8113883,28.60069929,15.8113883,28.42534081,15.5241747,28.31960452,15.5241747,28.31960452,15.29705854,28.28427125,15.29705854,27.58622845,15.5241747,28.31960452,16.4924225,28.42534081,15.29705854,28.42534081,15.5241747,28.42534081,15.5241747,28.60069929,14.31782106,28.01785145,14.56021978,28.60069929,14.56021978,28.01785145,14.56021978,28.01785145,13.34166406,27.20294102,13.34166406,26.62705391,12.16552506,26.62705391,11.18033989,26.62705391,11.18033989,27.45906044,11.40175425,27.45906044,10.19803903,26.62705391,10.19803903,26.62705391
29.52964612,24.18677324,28.65309756,24.59674775,28.3019434,26.40075756,27.20294102,26,25.61249695,26,25.49509757,26.92582404,24.75883681,26.57066051,24.75883681,25.63201124,24.08318916,25.63201124,24.20743687,24.69817807,25,24.69817807,24.41311123,23.76972865,25.23885893,23.40939982,25.23885893,23.40939982,24.69817807,22.84731932,24.69817807,22.84731932,24.69817807,21.9317122,24.18677324,21.02379604,24.18677324,20.61552813,22.82542442,19.6977156,24.18677324,18.38477631,24.18677324,17.08800749,24.18677324,16.15549442,25.55386468,16.15549442,24.69817807,15.23154621,23.85372088,14.86606875
28.65309756,18.60107524,29.15475947,19.72308292,28.01785145,19.72308292,27.20294102,20.1246118,27.01851217,21.02379604,26.2488095,21.02379604,26.17250466,21.02379604,25.45584412,21.02379604,24.75883681,19.6977156,25.49509757,20.1246118,26.2488095,19.6977156,26.2488095,19.6977156,25.61249695,19.6977156,26.40075756,19.6977156,25.8069758,19.23538406,25.8069758,19.23538406,25,19.23538406,24.41311123,18.78829423,24.41311123,17.88854382,24.41311123,17.4642492,24.69817807,16.55294536,24.41311123,15.65247584,25.23885893,15.23154621,26.07680962,15.23154621,25.8069758,14.76482306,25.23885893,13.92838828
30.52867504,16.64331698,28.8444102,18.60107524,26.62705391,18.02775638,25.61249695,19.31320792,25.23885893,17.72004515,23.60084744,17.4642492,24.75883681,18.68154169,24.04163056,17.4642492,22.02271555,19.6468827,25,18.43908891,25.49509757,17.2626765,23.02172887,16.2788206,25.61249695,20.22374842,26.90724809,15.29705854,25,16.4924225,26.2488095,15.29705854,25.61249695,16.2788206,23.02172887,17.2626765,23.60084744,15.13274595,24.20743687,14.14213562,23.02172887,16.03121954,24.41311123,13,24.41311123,11,23.85372088,13.03840481,22.82542442,12.04159458,25,12.04159458
25.94224354,22.47220505,25.55386468,23.32380758,25.55386468,24.59674775,23.60084744,24.16609195,23.60084744,23.76972865,24.08318916,23.76972865,24.04163056,23.76972865,24.04163056,23.76972865,23.34523506,23.76972865,24.08318916,23.76972865,22.8035085,23.76972865,22.8035085,22.84731932,23.60084744,22.47220505,23.02172887,22.84731932,23.02172887,21.9317122,23.02172887,22.84731932,23.32380758,21.9317122,22.47220505,20.61552813,21.9544984,19.6977156,21.9544984,19.31320792,21.9544984,18.38477631,21.9544984,17.4642492,21.9544984,17.08800749,22.47220505,16.15549442,22.47220505,16.15549442,22.47220505,15.23154621
31.90611227,2.828427125,31.90611227,1,31.90611227,1.414213562,31.90611227,2.236067977,31.6227766,3.605551275,31.6227766,4.242640687,31.40063694,5,31.40063694,5.656854249,31.40063694,5.656854249,31.2409987,6.403124237,31.2409987,7.071067812,31.2409987,7.071067812,31.89043744,7.071067812,31.144823,7.071067812,31.144823,7.810249676,31.82766093,7.810249676,30.41381265,7.810249676,29.69848481,7.810249676,29.69848481,7.810249676,28.28427125,7.810249676,28.28427125,8.485281374,28.31960452,7.810249676,26.90724809,8.602325267,27.65863337,8.062257748,27.65863337,8.062257748,26.90724809,7.615773106
35.34119409,5.830951895,34.43835072,5,36.24913792,6.08276253,34.43835072,7.071067812,33.54101966,8.246211251,32.64965543,8.246211251,32.24903099,9.486832981,31.38470965,9.848857802,31.38470965,10.77032961,31.90611227,11.70469991,31.06444913,12.64911064,30.23243292,12.64911064,30.23243292,13.60147051,29.41088234,13.60147051,29.20616373,13.60147051,29.20616373,13.60147051,28.42534081,13.60147051,27.01851217,13.60147051,26.2488095,14.56021978,25.49509757,14.56021978,25.49509757,15.29705854,24.75883681,15.13274595,24.75883681,16.03121954,24.04163056,16,24.04163056,16,22.627417,16.03121954
29.15475947,13.03840481,29.15475947,11.40175425,29.15475947,12.04159458,28.65309756,11.40175425,28.65309756,12.20655562,29.15475947,12.08304597,28.3019434,12.08304597,27.45906044,13,27.45906044,12.64911064,27.45906044,12.64911064,27.45906044,13.60147051,27.45906044,13.60147051,28.01785145,13.60147051,26.40075756,14.31782106,26.40075756,13.60147051,26.40075756,13.34166406,26.40075756,13.34166406,25.61249695,13.34166406,25,13.34166406,24.20743687,13.34166406,22.8035085,14.31782106,22.8035085,14.56021978,22.02271555,15.5241747,22.02271555,14.56021978,21.40093456,14.86606875,21.26029163,16.76305461
37.12142239,1.414213562,36.23534186,3,35.77708764,5.385164807,34.88552709,6.708203932,33.61547263,8.062257748,33.28663395,8.602325267,32.44996148,10,33.01514804,10,32.20248438,10.63014581,32.20248438,10.63014581,32.80243893,11.40175425,33.42154993,11.40175425,32.64965543,11.40175425,33.30165161,11.40175425,32.55764119,12.04159458,33.24154028,12.04159458,31.82766093,12.04159458,31.11269837,11.40175425,29.69848481,11.40175425,29,11.40175425,28.31960452,11.66190379,28.31960452,11.66190379,28.31960452,10.77032961,28.31960452,11.40175425,27.65863337,10.44030651,26.90724809,10.44030651
30.88689042,1.414213562,30.41381265,2.236067977,30.41381265,3,29.52964612,5.099019514,29.52964612,6.32455532,29.15475947,7.615773106,29.15475947,7.615773106,28.8444102,8.544003745,28.8444102,8.544003745,28.01785145,8.94427191,28.60069929,10.29563014,28.60069929,10.29563014,28.60069929,11.18033989,29.06888371,11.18033989,28.42534081,11.70469991,29.06888371,11.18033989,28.31960452,11.18033989,26.87005769,11.18033989,26.17250466,10.29563014,25.45584412,11.18033989,24.75883681,10.77032961,24.04163056,11.40175425,23.34523506,10.19803903,23.34523506,11.18033989,22.627417,10.04987562,22.627417,11.04536102
17.80449381,25.07987241,16.97056275,26.30589288,17.02938637,26.68332813,16.1245155,27.20294102,17.08800749,25.63201124,16.76305461,24.16609195,18.43908891,23.70653918,19.23538406,22.47220505,19.41648784,20.80865205,21.58703314,19.84943324,23.53720459,19.79898987,24.73863375,19.20937271,26.92582404,19.20937271,27.89265136,18.60107524,28.16025568,17.80449381,29.41088234,16.64331698,29.41088234,15.26433752,29.41088234,15.26433752,28.7923601,15.26433752,28.7923601,14.76482306,27.85677655,15.23154621,27.85677655,15.8113883,27.85677655,15.5241747,29.54657341,16.2788206,29.54657341,14.14213562,29.15475947,14.14213562
1,34.13209633,2,34.13209633,3.16227766,33.61547263,4.472135955,32.75667871,5.830951895,32.44996148,6.403124237,31.6227766,7.071067812,32.20248438,7.071067812,31.40063694,7.810249676,31.40063694,8.485281374,32.01562119,8.485281374,32.01562119,9.219544457,31.2409987,9.219544457,31.89043744,9.219544457,31.89043744,10,31.82766093,9.219544457,32.55764119,9.219544457,31.82766093,9.219544457,31.11269837,8.602325267,30.41381265,9.219544457,30.41381265,8.602325267,29.69848481,8.602325267,28.28427125,8.062257748,27.58622845,8.062257748,28.28427125,7.615773106,26.87005769,7.615773106,26.87005769
9.848857802,31.90611227,9.219544457,32.24903099,9.219544457,32.75667871,9.433981132,32.24903099,9.848857802,31.90611227,9.486832981,31.90611227,10.44030651,31.90611227,10.19803903,31.06444913,11.18033989,31.06444913,12.16552506,31.6227766,13.15294644,31.06444913,13.15294644,30.8058436,14.03566885,30.8058436,14.03566885,30.61045573,14.03566885,30.61045573,13.03840481,29.83286778,13.03840481,29.83286778,13.03840481,29.06888371,13.03840481,29.83286778,13,29.06888371,13,27.65863337,13.03840481,26.90724809,13.15294644,26.90724809,14.31782106,25.49509757,13.34166406,24.8394847,13.34166406,24.8394847
19.20937271,26.41968963,19.41648784,26.41968963,20.59126028,26.07680962,20.1246118,26.07680962,21.02379604,25,20.61552813,24.8394847,20.61552813,25.49509757,21.54065923,24.75883681,21.1896201,24.04163056,20.24845673,24.75883681,20.24845673,24.75883681,20.24845673,24.08318916,19.92485885,24.8394847,20.24845673,25.61249695,20.24845673,25,19.31320792,25,19.31320792,24.41311123,19.31320792,24.41311123,18.97366596,23.60084744,18.02775638,23.02172887,17.72004515,23.85372088,16.76305461,23.32380758,15.8113883,23.85372088,14.86606875,23.85372088,14.56021978,23.02172887,13.60147051,23.02172887
9.219544457,30.52867504,8.94427191,30.52867504,10.44030651,30.52867504,11.18033989,30.23243292,12.16552506,30,12.16552506,29.20616373,13.15294644,29.06888371,13.03840481,28.31960452,12.04159458,28.31960452,13.03840481,28.28427125,13,28.28427125,13,28.28427125,13.03840481,28.28427125,12.04159458,28.31960452,12.04159458,29.06888371,12.04159458,29.06888371,12.04159458,28.42534081,11.04536102,28.42534081,11.18033989,27.01851217,11.18033989,27.80287755,11.18033989,27.20294102,10.44030651,27.20294102,9.219544457,27.20294102,9.219544457,27.20294102,8.544003745,27.20294102,8.246211251,26.40075756
11.18033989,29.15475947,11.40175425,30.01666204,11.3137085,30.01666204,10.81665383,30.88689042,11.18033989,30.01666204,11.70469991,30.52867504,11.40175425,31.06444913,11.40175425,30.23243292,12.36931688,30.23243292,12.36931688,30.23243292,13.15294644,30.23243292,14.14213562,30.23243292,14.14213562,29.41088234,13.15294644,30,14.03566885,29.20616373,14.03566885,29.20616373,14.03566885,29.20616373,14.03566885,28.42534081,14,27.80287755,15,27.01851217,15,26.2488095,15.03329638,25.49509757,15.13274595,24.08318916,15.13274595,24.75883681,15.29705854,22.6715681,15.5241747,21.9317122
5.099019514,29.15475947,3.605551275,30.01666204,3.605551275,29.68164416,4.123105626,30.88689042,5,29.68164416,5.099019514,30.52867504,6.32455532,30.23243292,6.32455532,28.8444102,6.708203932,29.41088234,6.32455532,28.01785145,7.615773106,28.60069929,7.615773106,28.60069929,7.615773106,28.60069929,8.544003745,28.42534081,8.062257748,27.80287755,8.94427191,27.65863337,8.062257748,26.40075756,8.94427191,25.49509757,8.94427191,25.61249695,8.94427191,24.8394847,9.848857802,23.43074903,9.486832981,22.6715681,9.219544457,21.26029163,10.04987562,22.6715681,10.04987562,22.6715681,10,22.6715681
24.69817807,22.47220505,24.69817807,24.18677324,24.20743687,25.49509757,23.43074903,25.07987241,22.627417,24.59674775,22.02271555,25.49509757,22.20360331,25.05992817,22.20360331,25.05992817,21.63330765,25.05992817,21.63330765,24.18677324,21.9544984,24.18677324,21.9544984,23.32380758,22.82542442,23.32380758,22.82542442,22.47220505,21.9544984,22.47220505,21.9544984,23.02172887,21.09502311,22.47220505,21.47091055,20.80865205,21.47091055,20.24845673,21.47091055,20.24845673,21.47091055,18.86796226,21.47091055,18.02775638,21.47091055,16.64331698,22.82542442,16.64331698,23.32380758,16.64331698,23.32380758,16.64331698
21.47091055,26.07680962,21.09502311,26.83281573,20.80865205,27.73084925,19.84943324,27.31300057,19.79898987,26.92582404,19.84943324,27.31300057,20,26.40075756,19.41648784,26.40075756,19.41648784,26.40075756,20.24845673,25.49509757,20.59126028,25.07987241,20.59126028,25.07987241,21.47091055,24.16609195,21.47091055,24.16609195,21.02379604,23.70653918,21.47091055,23.70653918,20.1246118,22.82542442,20.1246118,21.47091055,20.1246118,21.9317122,20.61552813,21.02379604,21.02379604,20.61552813,21.9317122,19.6977156,21.9317122,18.78829423,22.36067977,17.88854382,22.36067977,17.88854382,21.47091055,17
32.75667871,10.29563014,33.12099032,10,34,9.219544457,34,9.433981132,33.61547263,9.486832981,32.75667871,9.486832981,32.75667871,10.19803903,32.44996148,10.04987562,31.6227766,10,30.8058436,10,30.8058436,12,30.8058436,12,30,12,29.83286778,12,29.83286778,12,29.83286778,12,29.06888371,12.04159458,27.65863337,11,27.65863337,12,26.2488095,12,26.2488095,13.03840481,25.49509757,13.03840481,24.75883681,13.15294644,24.75883681,14.31782106,24.08318916,13.34166406,24.08318916,13.60147051
30.88689042,2.828427125,31.76476035,4,31.38470965,5.099019514,30.88689042,6.08276253,28.8444102,7.280109889,28.8444102,8.544003745,28.60069929,9.486832981,28.42534081,9.486832981,28.42534081,9.848857802,27.65863337,8.94427191,28.31960452,9.433981132,27.58622845,10.29563014,27.58622845,10.29563014,27.58622845,9.433981132,27.58622845,9.433981132,27.65863337,8.602325267,26.17250466,8.602325267,26.2488095,7.211102551,26.17250466,8.602325267,25.49509757,8.602325267,25.49509757,8.485281374,24.8394847,8.485281374,24.8394847,7.211102551,24.8394847,7.211102551,24.8394847,6.708203932,24.8394847,6.708203932
27.78488798,20.1246118,28.65309756,19.72308292,29.06888371,18.60107524,29.96664813,17.80449381,29.96664813,16.97056275,29.54657341,17.02938637,29.96664813,17.20465053,28.63564213,17.20465053,27.73084925,17.49285568,27.73084925,17.88854382,28.17800561,18.78829423,27.29468813,18.78829423,27.29468813,19.31320792,26.41968963,19.31320792,26.07680962,19.31320792,26.07680962,19.31320792,24.69817807,19.31320792,23.85372088,19.31320792,24.69817807,19.31320792,23.32380758,19.31320792,21.9544984,19.31320792,21.9544984,19.31320792,21.09502311,20.24845673,21.09502311,20.61552813,20.24845673,19.6977156,20.24845673,19.6977156
33.12099032,1.414213562,31.76476035,3,32.24903099,4.123105626,32.24903099,6.32455532,31.06444913,6.708203932,31.06444913,8.062257748,30.8058436,8.94427191,30,8.94427191,30.61045573,10.29563014,29.83286778,10.29563014,30.47950131,10.81665383,29.73213749,10.81665383,29.69848481,10.81665383,30.41381265,10,29,9.433981132,29.73213749,9.433981132,28.31960452,9.433981132,28.31960452,8.602325267,27.58622845,8.602325267,26.90724809,9.219544457,26.2488095,9.219544457,26.2488095,9.219544457,24.8394847,8.602325267,26.2488095,8.062257748,24.8394847,8.062257748,25.49509757,7.615773106
31.76476035,11.66190379,30.88689042,13,31.38470965,13.60147051,30.52867504,14.14213562,29.41088234,15.13274595,28.60069929,16.03121954,29.06888371,16.03121954,29.06888371,16.03121954,29,17,28.28427125,15,29,15.03329638,29,15.03329638,29.06888371,15.13274595,29.06888371,14.03566885,28.42534081,14.03566885,29.20616373,13.03840481,27.80287755,13.03840481,27.01851217,13.03840481,27.01851217,12.04159458,26.40075756,12.16552506,26.40075756,12.36931688,26.62705391,11.40175425,25.8069758,10.44030651,27.20294102,9.848857802,26.40075756,9.848857802,26.40075756,8.94427191
2.828427125,32.64965543,3,32.64965543,5.099019514,32.64965543,5.385164807,32.24903099,6.708203932,31.38470965,8.062257748,31.38470965,8.062257748,31.06444913,9.433981132,31.06444913,9.433981132,30.23243292,10,30,10.81665383,30.61045573,10.81665383,29.83286778,11.40175425,29.06888371,10.63014581,28.31960452,10.63014581,28.28427125,10.63014581,29,9.899494937,28.28427125,9.899494937,26.87005769,9.899494937,26.87005769,10.63014581,26.17250466,10,25.45584412,10.81665383,24.75883681,10.29563014,25.49509757,10.29563014,26.17250466,9.848857802,24.75883681,9.848857802,24.04163056
25.55386468,19.23538406,25.05992817,19.41648784,26.83281573,18.60107524,26.83281573,18.38477631,26.40075756,17.69180601,25.49509757,17.80449381,26.40075756,17.80449381,25.49509757,18.02775638,25.49509757,18.86796226,25.94224354,17.88854382,25.05992817,18.78829423,25.05992817,18.78829423,25.05992817,19.6977156,24.18677324,19.31320792,23.85372088,19.31320792,23.85372088,19.31320792,23.02172887,19.31320792,22.47220505,18.38477631,21.63330765,18.38477631,21.09502311,19.31320792,20.24845673,19.31320792,19.41648784,19.31320792,19.41648784,19.6977156,19.41648784,19.6977156,18.02775638,20.1246118,18.02775638,19.6977156
13.60147051,28.3019434,14.76482306,28.3019434,15.65247584,27.20294102,16.15549442,26.40075756,16.15549442,26.2488095,15.8113883,26.2488095,15.8113883,26.17250466,15.8113883,25.45584412,15.8113883,25.45584412,15.8113883,25.49509757,15.8113883,26.2488095,15.8113883,26.2488095,15.8113883,25.61249695,15.8113883,26.40075756,15.23154621,25.8069758,15.23154621,25.8069758,15.23154621,25,14.31782106,24.41311123,13.92838828,24.20743687,13.92838828,24.41311123,12.64911064,24.41311123,11.70469991,24.41311123,11.40175425,24.41311123,11.70469991,24.41311123,10.44030651,24.20743687,10.44030651,23.60084744
32.24903099,2.828427125,31.76476035,3.16227766,32.24903099,5.099019514,31.76476035,6.08276253,30.52867504,7.280109889,31.06444913,8.246211251,30.23243292,8.544003745,29.41088234,8.544003745,28.60069929,8.544003745,27.80287755,8.544003745,28.42534081,9.848857802,28.42534081,9.848857802,27.65863337,9.848857802,28.31960452,10.29563014,26.90724809,9.433981132,27.58622845,9.433981132,26.87005769,9.433981132,26.87005769,8.602325267,26.17250466,10,25.45584412,9.219544457,24.75883681,9.899494937,24.75883681,9.219544457,24.8394847,10,25.49509757,8.485281374,24.08318916,9.433981132,23.34523506,8.062257748
9.486832981,32.44996148,8.94427191,32.75667871,7.810249676,33.61547263,7.810249676,33.12099032,8.062257748,32.24903099,8.544003745,31.90611227,8.246211251,31.90611227,9.055385138,31.06444913,9.055385138,31.06444913,10.04987562,31.6227766,11.04536102,30.8058436,11.04536102,30.8058436,12.04159458,30.8058436,12.04159458,30.61045573,12,29.83286778,11,29.83286778,11,29.83286778,11,29.06888371,10,28.42534081,11,27.01851217,11,27.01851217,12.04159458,27.01851217,13.03840481,26.2488095,13.15294644,25.61249695,13.15294644,25.61249695,13.15294644,24.8394847
20.1246118,23.32380758,19.72308292,24.18677324,19.41648784,24.59674775,18.60107524,25.49509757,18.43908891,25.49509757,18.38477631,25.07987241,18.43908891,25.49509757,17.80449381,25.49509757,17.20465053,24.16609195,18.02775638,24.59674775,18.02775638,24.59674775,18.35755975,23.70653918,18.35755975,23.70653918,19.23538406,22.82542442,17.88854382,22.82542442,17.88854382,22.82542442,17.88854382,21.9544984,17.88854382,20.59126028,17.88854382,20.59126028,17.4642492,20.59126028,17.4642492,19.23538406,17.4642492,18.35755975,17.88854382,17,18.78829423,17,18.35755975,17,18.35755975,16.55294536
19.20937271,23.70653918,19.41648784,23.32380758,20.1246118,21.9544984,19.23538406,21.63330765,20.1246118,21.40093456,18.78829423,21.26029163,19.6977156,21.9317122,19.6977156,21.26029163,19.31320792,21.21320344,20.61552813,21.9317122,19.6977156,22.6715681,20.61552813,22.02271555,20.61552813,22.02271555,19.6977156,22.8035085,19.6977156,21.63330765,19.6977156,22.20360331,19.23538406,21.63330765,19.23538406,21.63330765,17.88854382,21.63330765,17.88854382,21.09502311,17.4642492,20.59126028,16.55294536,20.59126028,15.65247584,20.59126028,15.65247584,21.09502311,15.65247584,21.09502311,14.76482306,21.09502311
5.385164807,33.12099032,5.099019514,33.12099032,7,33.61547263,8.062257748,31.90611227,9.055385138,32.44996148,9.219544457,30.8058436,9.219544457,31.40063694,10.44030651,30.61045573,10.44030651,31.2409987,10.77032961,31.2409987,11.18033989,31.144823,11.18033989,31.144823,11.18033989,31.82766093,11.18033989,31.82766093,10.29563014,31.144823,9.848857802,31.144823,9.848857802,30.47950131,9.486832981,29.73213749,8.94427191,29.06888371,8.94427191,29.06888371,9.433981132,28.42534081,8.602325267,28.42534081,9.219544457,28.42534081,8.485281374,27.80287755,7.810249676,27.80287755,7.810249676,27.01851217
17.20465053,23.32380758,18.35755975,23.02172887,18.35755975,22.20360331,18.78829423,22.02271555,18.78829423,21.26029163,18.38477631,21.21320344,17.4642492,21.26029163,18.38477631,22.02271555,17.4642492,22.02271555,17.08800749,22.20360331,17.4642492,23.02172887,17.4642492,23.02172887,17.88854382,23.85372088,18.35755975,23.32380758,17,23.32380758,17.49285568,24.18677324,17.49285568,23.32380758,16.64331698,24.18677324,16.64331698,23.32380758,16.1245155,23.32380758,16.1245155,23.32380758,15.26433752,23.32380758,14.4222051,23.70653918,14.4222051,23.32380758,13.89244399,24.18677324,13.89244399,24.18677324
31.89043744,17,29.73213749,13.92838828,27.29468813,14.86606875,28.60069929,14.14213562,28.01785145,13.45362405,27.80287755,16.97056275,24.04163056,15.8113883,35,15.65247584,22.20360331,13.34166406,36.12478374,15.23154621,28.31960452,15.65247584,25.8069758,13.03840481,37.01351105,13,33.30165161,11.18033989,30.47950131,11.66190379,31.11269837,12.20655562,31.82766093,11.18033989,27.65863337,11.40175425,26.2488095,10.29563014,26.90724809,13.60147051,26.90724809,12.52996409,27.58622845,13.03840481,27.58622845,12.08304597,29.73213749,14.2126704,26.2488095,13.45362405,26.2488095,16.2788206
12.20655562,24.18677324,12.52996409,23.85372088,13,23.85372088,13,23.60084744,12.64911064,23.43074903,12.64911064,22.6715681,12.64911064,23.34523506,12.64911064,24.04163056,12.36931688,24.04163056,12.36931688,24.75883681,12.36931688,25.49509757,12.36931688,25.49509757,13.60147051,26.2488095,13.60147051,25.61249695,13.92838828,25,13.92838828,24.8394847,14.31782106,24.20743687,13.92838828,22.8035085,13.92838828,22.8035085,13.92838828,22.20360331,12.64911064,21.40093456,11.40175425,21.63330765,10.77032961,22.47220505,10.44030651,21.40093456,9.486832981,20.80865205,9.486832981,20.80865205
7.211102551,30.52867504,7.071067812,30.52867504,8.062257748,30.52867504,8.544003745,29.68164416,8.246211251,29.41088234,9.219544457,29.41088234,9.219544457,29.20616373,10.04987562,29.06888371,10.04987562,29.06888371,10.04987562,29.06888371,10,29.73213749,10,29,10,29,10,29,11,28.31960452,10.04987562,28.31960452,10,27.58622845,10,26.90724809,9,26.90724809,10,26.90724809,10.04987562,27.01851217,9.055385138,27.01851217,8.062257748,26.40075756,8.246211251,27.01851217,7.280109889,26.2488095,7.280109889,25.61249695
17.88854382,26.92582404,16.64331698,27.29468813,16.40121947,28.17800561,16.2788206,27.73084925,15.55634919,27.29468813,15.62049935,27.29468813,15.8113883,27.29468813,15.26433752,27.29468813,16.1245155,26.41968963,16.1245155,26.92582404,17,26.92582404,16.55294536,26.92582404,17.4642492,27.45906044,16.55294536,26.62705391,16.15549442,26.40075756,16.15549442,25.8069758,15.23154621,25,13.92838828,25,13.92838828,24.20743687,13.92838828,23.02172887,14.86606875,23.02172887,14.86606875,21.63330765,15.23154621,20.80865205,16.15549442,20,15.65247584,20,15.65247584,18.60107524
8.602325267,30.41381265,9.486832981,30.41381265,10.19803903,29.52964612,11.18033989,29.52964612,12.04159458,28.3019434,12,28.01785145,13,28.01785145,13.03840481,27.80287755,13.03840481,27.80287755,13.03840481,27.65863337,13.15294644,27.65863337,13.34166406,28.31960452,13.34166406,28.31960452,13.34166406,28.28427125,13.34166406,27.58622845,13.34166406,26.90724809,12.36931688,26.90724809,12.36931688,24.8394847,11.40175425,24.8394847,11.40175425,24.8394847,11.70469991,24.20743687,10.77032961,24.20743687,10.29563014,24.20743687,9.433981132,25,9.219544457,24.20743687,8.602325267,24.20743687
30.41381265,14.4222051,30.41381265,15.23154621,30.01666204,15.8113883,29.15475947,17.4642492,28.01785145,16.4924225,28.60069929,17.2626765,28.42534081,18.24828759,27.65863337,18.24828759,26.90724809,18.11077028,26.87005769,17.11724277,28.28427125,17.02938637,27.58622845,17.02938637,27.58622845,17.02938637,27.65863337,16.03121954,27.01851217,17.02938637,27.80287755,16.1245155,26.40075756,16.1245155,26.40075756,15.13274595,25.61249695,15.03329638,25,15.03329638,23.60084744,14,24.41311123,13.03840481,23.85372088,12.16552506,24.41311123,11.18033989,24.41311123,10.19803903,23.60084744,10.19803903
29.15475947,14.76482306,29.52964612,14.4222051,29.96664813,14.2126704,30.87069808,14.14213562,30.87069808,14.2126704,29.54657341,14.76482306,29.96664813,14.76482306,29.96664813,15.23154621,29.54657341,16.15549442,30.41381265,16.76305461,29.52964612,17.4642492,29.52964612,16.4924225,29.52964612,17.2626765,28.65309756,18.24828759,27.78488798,18.24828759,28.3019434,18.43908891,27.45906044,18.24828759,26.07680962,17.4642492,26.07680962,17.2626765,24.69817807,17.4642492,23.85372088,18.24828759,22.47220505,18.43908891,21.63330765,18.43908891,21.63330765,18.68154169,20.80865205,17.72004515,20.24845673,18.02775638
7.211102551,24.69817807,7.615773106,23.85372088,8.246211251,23.85372088,9.055385138,24.41311123,9,25,9,24.8394847,9.055385138,24.75883681,10.04987562,25.49509757,10.04987562,25.45584412,10.04987562,26.17250466,10.19803903,26.17250466,10.19803903,26.90724809,10.19803903,26.90724809,10.04987562,26.2488095,11,26.40075756,11,26.40075756,10,25.8069758,11,25,10,25,10,24.41311123,9.055385138,23.60084744,9.055385138,23.02172887,7.071067812,23.85372088,7.280109889,23.02172887,6.32455532,23.02172887,6.32455532,22.20360331
5,31.90611227,4.472135955,31.90611227,6.08276253,32.44996148,7,31.6227766,7.071067812,32.20248438,8.246211251,32.01562119,8.062257748,32.64965543,9.219544457,31.89043744,9.486832981,32.55764119,9.219544457,31.82766093,10.19803903,31.82766093,10.44030651,32.52691193,10.44030651,32.52691193,10.44030651,32.55764119,10.44030651,32.55764119,10.44030651,32.64965543,10.19803903,31.89043744,10.19803903,31.2409987,9.219544457,29.06888371,9.486832981,29.83286778,8.94427191,28.42534081,8.94427191,28.42534081,8.062257748,28.60069929,7.211102551,29.20616373,7.211102551,28.42534081,7.071067812,28.42534081
25.23885893,3.16227766,26.07680962,3,26.62705391,4,26.62705391,6.08276253,27.01851217,6.32455532,27.01851217,7.280109889,27.65863337,7.280109889,26.90724809,8.544003745,26.90724809,8.544003745,26.87005769,8.544003745,27.58622845,8.544003745,26.87005769,9.848857802,26.90724809,9.848857802,27.65863337,9.848857802,27.01851217,9.848857802,27.80287755,8.544003745,27.01851217,8.544003745,26.40075756,8.544003745,26.40075756,8.94427191,25.8069758,8.94427191,25.8069758,8.602325267,26.07680962,8.602325267,25.23885893,7.071067812,26.07680962,7.071067812,25.23885893,6.403124237,25.23885893,5.830951895
3.605551275,31.38470965,2.828427125,32.24903099,4.123105626,31.90611227,5,32.24903099,6,30.23243292,7.071067812,31.90611227,6.32455532,30.23243292,7.615773106,30.8058436,7.615773106,30.8058436,8.062257748,29.20616373,8.94427191,30.61045573,9.433981132,30.61045573,10.29563014,30.47950131,10.81665383,31.144823,9.848857802,31.144823,10.29563014,31.11269837,9.848857802,29.73213749,10.29563014,29,10.29563014,29,9.433981132,27.58622845,10,26.87005769,9.219544457,26.87005769,9.219544457,25.49509757,9.219544457,26.17250466,9.219544457,25.45584412,9.219544457,24.75883681
7.071067812,35,6.32455532,35,5.385164807,34.40930107,5,35,5,34.40930107,5,35,4.472135955,35,4.472135955,34.20526275,5.099019514,34.40930107,5.099019514,35,5.099019514,34.40930107,6,34.40930107,7.071067812,33.60059523,7.071067812,33.60059523,7.280109889,33.42154993,7.071067812,32.80243893,7.280109889,32.80243893,7.071067812,32.01562119,8.246211251,31.40063694,9.219544457,30.8058436,10.19803903,30,11.18033989,30,11.18033989,29.20616373,12.16552506,29.20616373,12.04159458,28.42534081,12.04159458,28.42534081
21.47091055,29.20616373,20.59126028,29.41088234,20.24845673,29.68164416,20,29.15475947,19.20937271,28.3019434,19.84943324,29.15475947,20.51828453,29.15475947,19.79898987,28.65309756,20.51828453,28.65309756,20.51828453,28.65309756,20.61552813,29.52964612,20.61552813,29.52964612,20.80865205,29.52964612,21.09502311,28.65309756,20.24845673,28.3019434,20.24845673,29.15475947,21.09502311,28.3019434,19.72308292,27.45906044,19.72308292,26.92582404,19.72308292,26.92582404,18.86796226,26.07680962,18.86796226,25.55386468,18.35755975,24.69817807,18.86796226,24.69817807,18.86796226,23.32380758,18.86796226,23.32380758
35.80502758,6.08276253,36.61966685,5.099019514,35,5.385164807,35.22782991,5,34.20526275,6.403124237,35,7.211102551,33.42154993,7.211102551,33.42154993,6.708203932,32.80243893,7.615773106,32.64965543,6.32455532,33.42154993,6.08276253,33.42154993,6.08276253,33.42154993,7,33.30165161,6,32.64965543,7,32.55764119,8.062257748,32.64965543,8.062257748,31.82766093,8.062257748,32.55764119,8.246211251,31.82766093,9.055385138,31.82766093,8.246211251,31.11269837,9.219544457,30.41381265,8.94427191,31.82766093,8.602325267,31.82766093,8.602325267,31.144823,8.602325267
25.94224354,21.9317122,25.55386468,22.47220505,25.23885893,23.40939982,23.60084744,23.08679276,23.43074903,22.13594362,22.627417,22.8035085,23.34523506,21.84032967,23.43074903,21.84032967,24.20743687,21.58703314,25.23885893,20.88061302,25.8069758,21.1896201,25.23885893,21.1896201,25.23885893,21.54065923,26.07680962,20.61552813,24.69817807,21.02379604,23.85372088,21.47091055,23.02172887,21.02379604,21.63330765,19.6977156,21.63330765,19.6977156,21.09502311,18.38477631,20.59126028,18.02775638,20.59126028,16.76305461,20.59126028,14.56021978,21.09502311,13.60147051,20.24845673,12.36931688,20.24845673,12.16552506
31.30495168,7.071067812,30.41381265,9,30.88689042,10.04987562,30.01666204,12.36931688,29.68164416,13.60147051,28.60069929,13.60147051,28.42534081,14.86606875,27.65863337,14.86606875,27.58622845,14.86606875,26.87005769,13.92838828,26.90724809,14.31782106,26.90724809,14.31782106,26.2488095,13.41640786,27.01851217,13.41640786,26.40075756,13.03840481,26.40075756,12.20655562,25.8069758,11.66190379,25.8069758,10.81665383,25,10.63014581,25,11.3137085,24.41311123,10.63014581,24.41311123,10.81665383,24.41311123,10.29563014,25,9.848857802,25,9.486832981,24.20743687,9.486832981
29.15475947,5.830951895,28.65309756,5.830951895,28.65309756,5.830951895,29.52964612,6.32455532,27.78488798,6.08276253,28.65309756,7,29.15475947,7.071067812,29.15475947,8.246211251,28.65309756,8.246211251,27.45906044,9.486832981,28.01785145,11.40175425,27.45906044,10.77032961,28.01785145,10.77032961,27.20294102,10.77032961,27.20294102,11.18033989,27.01851217,11.18033989,27.01851217,11.18033989,25.49509757,11.66190379,24.8394847,11.66190379,24.20743687,12.20655562,24.08318916,11.40175425,22.6715681,11.40175425,22.627417,12.04159458,23.34523506,12.04159458,22.627417,11.3137085,24.04163056,10.63014581
27.45906044,18.78829423,27.78488798,18.35755975,28.65309756,18.02775638,28.17800561,16.40121947,28.17800561,16.2788206,28.17800561,16.2788206,28.17800561,16.40121947,27.29468813,15.8113883,27.29468813,15.8113883,27.29468813,16.64331698,27.29468813,16.1245155,27.29468813,17,27.29468813,16.55294536,26.41968963,16.15549442,25.55386468,17.08800749,25.55386468,16.15549442,25.23885893,15.8113883,23.85372088,15.23154621,22.47220505,15.23154621,21.9544984,16.15549442,21.09502311,16.15549442,20.59126028,16.15549442,19.72308292,17.4642492,19.72308292,17.4642492,19.23538406,17.88854382,18.35755975,17.88854382
23.34523506,14.14213562,23.19482701,13.03840481,25.07987241,12.52996409,24,13.60147051,23.02172887,13.60147051,21.09502311,15.29705854,20.22374842,16.2788206,19.41648784,17.2626765,18.68154169,19.23538406,18.38477631,21.37755833,18.78829423,23.34523506,17.88854382,24.51530134,18.78829423,27.45906044,16.55294536,29.42787794,15.8113883,31.40063694,15.8113883,30.59411708,14.14213562,31.40063694,14.03566885,30.59411708,13.03840481,28.63564213,12.36931688,27.65863337,12.64911064,27.65863337,11.18033989,27.65863337,10.81665383,27.89265136,10,29.41088234,8.602325267,28.46049894,8.602325267,27.85677655
11.66190379,32.24903099,13,31.38470965,13.92838828,31.38470965,14.31782106,31.06444913,14.14213562,30.23243292,15.13274595,30,15.03329638,30.61045573,16.03121954,29.83286778,16.03121954,29.73213749,15,30.41381265,15,30.41381265,15.03329638,30.41381265,15,30.41381265,15,29.73213749,15.03329638,29.73213749,14.14213562,29.73213749,14.03566885,28.31960452,14.03566885,26.90724809,14.03566885,26.17250466,14,24.75883681,13,24.08318916,12.04159458,24.08318916,11.18033989,24.08318916,10.19803903,23.34523506,8.544003745,23.34523506,8.544003745,22.627417
26.07680962,11.18033989,26.41968963,10.29563014,26.41968963,10,27.29468813,9.219544457,26.41968963,9.433981132,26.41968963,10.29563014,26.41968963,10.77032961,25.55386468,10.77032961,25.55386468,10.77032961,25.55386468,10.44030651,26.07680962,11.18033989,25.55386468,11.18033989,26.07680962,12.16552506,25.23885893,12.16552506,24.41311123,12.16552506,24.41311123,12.16552506,23.85372088,12.16552506,23.60084744,12.16552506,23.02172887,12.16552506,22.47220505,13.15294644,21.63330765,13.15294644,20.24845673,13.15294644,19.41648784,13.15294644,19.41648784,14.14213562,19.41648784,13.34166406,19.41648784,14.31782106
31.90611227,7.280109889,31.90611227,6.403124237,33.61547263,5.656854249,32.75667871,6.708203932,32.75667871,6.32455532,31.90611227,7.071067812,32.44996148,8,31.6227766,8,31.6227766,9.055385138,32.20248438,9.055385138,31.40063694,10.04987562,31.40063694,10.19803903,32.01562119,10.04987562,31.2409987,10.19803903,30.47950131,10.19803903,31.2409987,10.19803903,30.47950131,10.19803903,29.06888371,9.219544457,27.65863337,9.219544457,27.65863337,10.19803903,26.2488095,11.04536102,26.2488095,11.04536102,25.49509757,11,25.49509757,11,24.8394847,11.04536102,24.20743687,12.04159458
10.29563014,29.68164416,10,30.01666204,9.899494937,30.88689042,9.433981132,30.88689042,9.848857802,30.01666204,10.44030651,30.01666204,10.44030651,29.15475947,11.18033989,29.15475947,11.18033989,28.8444102,12.16552506,28.8444102,13.15294644,28.8444102,13.15294644,28.8444102,13.15294644,29.41088234,14.14213562,28.60069929,14.14213562,28.60069929,13.03840481,28.42534081,13.03840481,28.42534081,13.03840481,26.90724809,12.04159458,26.2488095,13.03840481,25.61249695,13.15294644,25.61249695,13.15294644,24.20743687,13.15294644,23.43074903,13.34166406,23.43074903,13.34166406,22.02271555,13.60147051,22.8035085
31.06444913,2,31.06444913,1.414213562,31.90611227,2,31.06444913,3.16227766,31.06444913,4.472135955,30.8058436,5.830951895,31.40063694,5.830951895,30.61045573,6.708203932,30.61045573,7.211102551,31.2409987,7.211102551,31.144823,7.810249676,31.89043744,7.211102551,31.144823,8.602325267,30.41381265,7.211102551,31.11269837,8.062257748,30.41381265,7.615773106,29.69848481,6.708203932,29,6.708203932,28.28427125,7.211102551,27.58622845,8.062257748,26.90724809,7.810249676,26.17250466,7.810249676,26.17250466,7.810249676,25.45584412,7.211102551,24.75883681,7.211102551,24.75883681,7.615773106
29.15475947,17.02938637,28.3019434,17.20465053,28.8444102,17.88854382,28.01785145,17.88854382,27.80287755,18.38477631,27.80287755,18.38477631,28.42534081,18.02775638,28.31960452,18.38477631,28.31960452,18.02775638,29,18.97366596,28.28427125,19.92485885,29,19.92485885,28.31960452,19.92485885,28.31960452,19.92485885,28.42534081,19.92485885,27.65863337,19.92485885,27.01851217,18.97366596,25.61249695,18.97366596,25.61249695,17.72004515,25,17.72004515,25,17.4642492,24.41311123,15.29705854,23.60084744,15.29705854,24.41311123,14.31782106,24.20743687,14.31782106,23.60084744,13.15294644
4.123105626,27.45906044,3.605551275,28.3019434,4.472135955,28.3019434,6.08276253,28.3019434,6.08276253,26.62705391,7,27.20294102,7.071067812,27.01851217,7.071067812,26.40075756,8.062257748,27.01851217,7.071067812,27.01851217,7.280109889,27.65863337,7.280109889,26.90724809,8.246211251,26.90724809,8.246211251,27.58622845,8.062257748,26.17250466,8.062257748,26.87005769,8.246211251,26.17250466,8.246211251,25.45584412,8.062257748,24.75883681,8.246211251,24.04163056,8.544003745,24.04163056,7.615773106,22.627417,7.211102551,22.627417,6.403124237,22.627417,5.656854249,21.9317122,6.403124237,21.9317122
2.236067977,31.06444913,3.605551275,31.06444913,4.123105626,31.06444913,5,31.06444913,6.08276253,30.23243292,7.280109889,30.8058436,7.280109889,30,7.615773106,30.61045573,8.544003745,29.83286778,7.615773106,30.47950131,8.544003745,30.47950131,8.94427191,30.47950131,8.94427191,31.144823,8.544003745,30.41381265,8.544003745,29.69848481,8.544003745,29.69848481,8.544003745,29,8.544003745,27.58622845,8.544003745,27.58622845,8.94427191,26.17250466,8.062257748,25.45584412,8.602325267,25.45584412,7.810249676,25.45584412,7.810249676,25.45584412,7.810249676,24.75883681,7.211102551,24.75883681
9.219544457,28.3019434,9.433981132,28.3019434,10.77032961,28.3019434,11.70469991,28.01785145,11.40175425,27.20294102,11.18033989,27.01851217,12.16552506,27.65863337,12.16552506,27.65863337,12.16552506,26.90724809,13.15294644,27.58622845,13.15294644,26.87005769,13.03840481,26.87005769,13.03840481,27.58622845,13.03840481,26.90724809,13.15294644,26.90724809,12.16552506,26.17250466,12.16552506,25.49509757,12.16552506,24.75883681,11.04536102,24.08318916,11,22.6715681,11,22.6715681,10.04987562,23.43074903,10.04987562,23.43074903,9.055385138,22.6715681,8.062257748,22.6715681,8.246211251,22.6715681
32.44996148,2,33.61547263,1.414213562,33.28663395,3,32.75667871,4.123105626,31.6227766,5.385164807,32.20248438,6.708203932,31.40063694,6.708203932,31.2409987,7.211102551,31.2409987,7.211102551,30.47950131,8.062257748,32.55764119,8.062257748,31.82766093,8.062257748,31.82766093,8.94427191,31.82766093,8.602325267,31.11269837,8.062257748,31.144823,8.062257748,30.41381265,7.615773106,30.47950131,6.708203932,29.69848481,8.062257748,29,7.211102551,27.58622845,7.810249676,26.90724809,7.071067812,26.90724809,7.071067812,26.90724809,6.403124237,26.17250466,6.403124237,26.17250466,7.211102551
24.18677324,15.8113883,23.85372088,16.1245155,23.85372088,16.55294536,23.60084744,16.15549442,23.43074903,16.15549442,22.6715681,16.76305461,23.34523506,16.76305461,23.34523506,16.76305461,23.34523506,16.76305461,22.6715681,17.08800749,23.43074903,17.08800749,22.8035085,16.76305461,22.8035085,18.02775638,22.20360331,17.08800749,23.02172887,16.76305461,23.02172887,15.8113883,22.20360331,16.15549442,22.20360331,15.8113883,20.80865205,14.86606875,20.80865205,14.56021978,20.24845673,13.34166406,21.63330765,13.34166406,20.24845673,12.36931688,21.09502311,12.36931688,20.80865205,11.40175425,20.80865205,11.18033989
20.80865205,22.82542442,20.24845673,21.9544984,21.9544984,21.63330765,22.36067977,21.40093456,21.9317122,20.51828453,21.02379604,21.21320344,21.02379604,20.51828453,21.02379604,19.84943324,21.02379604,20.61552813,21.47091055,21.40093456,21.47091055,20.80865205,21.47091055,20.80865205,21.47091055,21.63330765,20.59126028,21.63330765,20.59126028,21.09502311,20.59126028,21.09502311,19.72308292,20.24845673,19.72308292,20.24845673,18.86796226,20.24845673,19.23538406,20.24845673,17.88854382,19.72308292,17,19.72308292,17,20.24845673,17,20.24845673,15.65247584,19.41648784,15.65247584,19.41648784
28.65309756,8.602325267,28.65309756,8.94427191,28.3019434,10.44030651,27.45906044,11.18033989,28.01785145,11.18033989,27.20294102,12.04159458,27.01851217,12.04159458,26.2488095,12,26.2488095,12,26.90724809,12,26.17250466,12,26.87005769,12.04159458,26.87005769,12.04159458,26.17250466,12.04159458,26.2488095,12,25.49509757,12,25.49509757,11,24.08318916,11,24.08318916,11,23.34523506,11.04536102,22.6715681,10.19803903,22.6715681,9.219544457,22.6715681,8.544003745,22.6715681,8.544003745,21.9317122,8.94427191,21.9317122,8.062257748
1.414213562,31.90611227,0,32.24903099,1.414213562,32.24903099,3.605551275,32.24903099,5,30.52867504,6.403124237,31.90611227,6.403124237,30.23243292,7.810249676,30.23243292,7.810249676,30.23243292,7.071067812,30,9.219544457,30,9.219544457,30.61045573,9.219544457,29.83286778,9.219544457,30.47950131,9.219544457,29.06888371,9.219544457,29.73213749,8.485281374,29.06888371,7.810249676,27.58622845,9.219544457,27.65863337,9.219544457,26.90724809,9.219544457,25.49509757,10.29563014,25.49509757,8.94427191,24.75883681,8.94427191,24.75883681,9.486832981,24.08318916,10.44030651,24.08318916
23.60084744,22.82542442,24.69817807,22.36067977,24.18677324,21.63330765,25.94224354,22.20360331,25.05992817,21.26029163,25.49509757,21.21320344,24.59674775,20.51828453,24.59674775,20.61552813,24.59674775,20.61552813,23.70653918,20.80865205,24.59674775,21.63330765,24.59674775,21.63330765,23.70653918,22.47220505,24.18677324,22.47220505,23.70653918,21.63330765,23.32380758,21.9544984,22.82542442,20.24845673,22.47220505,20.59126028,22.82542442,20.24845673,21.47091055,19.72308292,21.47091055,19.23538406,20.1246118,19.72308292,19.23538406,19.23538406,19.23538406,20.59126028,17.88854382,19.72308292,17.4642492,19.72308292
27.29468813,17.20465053,26.92582404,17.49285568,26.62705391,19.23538406,26.62705391,19.6977156,25.61249695,19.31320792,25.49509757,18.97366596,25.49509757,19.31320792,24.75883681,18.97366596,24.04163056,18.97366596,24.75883681,18.97366596,25.49509757,18.97366596,25.49509757,18.97366596,25.61249695,18.97366596,25,18.02775638,25,18.02775638,25,18.38477631,24.41311123,18.02775638,23.60084744,16.15549442,23.60084744,17.08800749,22.20360331,15.8113883,23.02172887,15.5241747,23.02172887,14.56021978,23.85372088,14.31782106,23.60084744,13.15294644,23.60084744,12.16552506,22.20360331,12.16552506
30.52867504,8.544003745,29.68164416,7.211102551,30.88689042,7.071067812,30.52867504,8.062257748,30.52867504,7.615773106,30.23243292,8.246211251,30.23243292,8.062257748,30,8.062257748,30,9.055385138,30.61045573,9,29.83286778,10.04987562,29.83286778,10,29.83286778,10,29.06888371,10,29,10,29.73213749,9.055385138,29,9.055385138,29,8,27.58622845,8,26.90724809,8,25.49509757,9,24.75883681,9.055385138,24.75883681,10.04987562,24.75883681,10.19803903,24.08318916,10.19803903,23.43074903,10.19803903
29.41088234,14.31782106,30.52867504,13.89244399,29.68164416,12.80624847,30.88689042,12.72792206,29.68164416,12.80624847,30.52867504,13.03840481,29.68164416,13.41640786,28.8444102,13.41640786,29.41088234,13.92838828,28.60069929,14.31782106,29.41088234,13.92838828,30,14.86606875,30,14.86606875,29.83286778,14.56021978,29.20616373,13.60147051,28.31960452,13.60147051,28.42534081,13.60147051,26.90724809,13.60147051,27.01851217,13.92838828,26.40075756,13.60147051,25.61249695,14.56021978,25.61249695,14.56021978,24.20743687,15.8113883,24.20743687,15.8113883,24.20743687,15.8113883,23.60084744,16.15549442
21.47091055,25.23885893,21.09502311,25.05992817,20.80865205,26.40075756,19.84943324,26.40075756,19.79898987,26.40075756,19.20937271,26.83281573,18.60107524,26.83281573,18.86796226,27.29468813,18.86796226,25.94224354,19.23538406,26.41968963,20.59126028,25.55386468,20.59126028,25.55386468,20.1246118,25.55386468,20.1246118,25.23885893,19.6977156,25.23885893,20.1246118,25.23885893,18.78829423,24.41311123,18.78829423,23.85372088,18.78829423,22.47220505,18.38477631,22.47220505,18.38477631,21.09502311,19.6977156,20.24845673,19.6977156,20.24845673,20.1246118,18.86796226,20.1246118,18.86796226,20.1246118,18.35755975
23.85372088,100.124922,19.10497317,97.08243919,20.24845673,102,22.8035085,101.5529419,30.59411708,89.89438247,30.41381265,94.3027041,32.06243908,105.6882207,22.02271555,89.06739022,39.3192065,94.66784037,31.144823,93.49331527,32.57299495,101.2422837,41.48493703,96.25487001,38.32753579,99.47864092,39.3192065,94.86832981,35.12833614,86.21484791,42.29657197,96.5194281,39.05124838,87.45856162,37.33630941,80.8084154,34.525353,83.60023923,42.42640687,84.20213774,42.29657197,77.00649323,38.20994635,80.7093551,44.01136217,71.44928271,45.70557953,79.51100553,42.29657197,69.20260111,41.01219331,72.11102551
20.1246118,26.41968963,19.23538406,26.83281573,18.86796226,28.23118843,18.60107524,27.85677655,17.69180601,27.51363298,18.43908891,27.51363298,18.60107524,26.92582404,18.60107524,26.92582404,18.86796226,26.57066051,18.86796226,25.63201124,19.72308292,25.63201124,19.23538406,25.63201124,20.1246118,25.63201124,21.02379604,24.69817807,21.02379604,25.07987241,20.61552813,24.16609195,19.6977156,24.59674775,18.78829423,23.2594067,18.78829423,22.84731932,17.88854382,21.9317122,17.4642492,21.54065923,17.4642492,20.24845673,18.38477631,18.97366596,18.78829423,18.02775638,17.88854382,17.08800749,17.88854382,16.76305461
26.07680962,14.2126704,26.62705391,15,26.62705391,15.26433752,25,15.65247584,24.8394847,16.15549442,24.75883681,15.23154621,24.75883681,15.8113883,24.75883681,14.86606875,24.75883681,13.60147051,25.49509757,14.86606875,25.61249695,14.86606875,25.61249695,13.60147051,25.61249695,13.92838828,26.40075756,13.92838828,27.20294102,13,26.40075756,14.31782106,27.20294102,13.41640786,27.01851217,13.41640786,26.40075756,13.41640786,25.61249695,13.92838828,25.61249695,13.92838828,25,12.64911064,25.61249695,12.64911064,25.8069758,12.64911064,25,11.70469991,24.20743687,11.40175425
3.16227766,31.6227766,2,31.6227766,1.414213562,31.6227766,2.236067977,30.8058436,3.16227766,30.61045573,3.605551275,31.2409987,3.605551275,30.47950131,3.605551275,31.144823,4.242640687,31.144823,3.605551275,31.82766093,4.242640687,31.11269837,3.605551275,31.82766093,3.605551275,31.82766093,3.605551275,31.82766093,3.16227766,31.144823,3.16227766,31.11269837,3.16227766,29.69848481,3.16227766,28.28427125,3.605551275,27.58622845,4.242640687,27.58622845,5,27.58622845,4.472135955,28.28427125,5.385164807,26.87005769,5.385164807,28.28427125,5.385164807,27.58622845,6.32455532,26.87005769
3.605551275,30.52867504,3.605551275,29.68164416,4.123105626,30.52867504,5,30.23243292,6.08276253,30,6.32455532,30,6.32455532,29.83286778,7.280109889,29.83286778,7.615773106,29.83286778,7.615773106,30.47950131,7.615773106,30.47950131,8.062257748,31.144823,8.544003745,31.144823,8.544003745,31.11269837,8.544003745,31.11269837,8.246211251,31.11269837,8.062257748,30.41381265,8.062257748,29,8.062257748,27.58622845,8.246211251,27.58622845,8.544003745,25.45584412,8.062257748,25.45584412,8.062257748,24.75883681,7.810249676,25.45584412,7.810249676,24.04163056,7.810249676,23.34523506
6.32455532,32.75667871,5.656854249,32.75667871,5.830951895,32.75667871,7.280109889,32.44996148,8.062257748,32.44996148,8,30.8058436,8,31.40063694,9,31.40063694,9.055385138,32.01562119,9.055385138,31.2409987,9.055385138,31.89043744,10.19803903,31.144823,10.19803903,31.144823,9.219544457,31.11269837,9.219544457,31.11269837,9.219544457,30.41381265,9.219544457,30.41381265,9.219544457,29,9.219544457,29,9.486832981,28.28427125,9.848857802,28.28427125,9.848857802,28.28427125,8.94427191,27.58622845,9.433981132,27.58622845,8.602325267,27.58622845,8.602325267,27.58622845
24.18677324,15,24.18677324,14.4222051,24.69817807,14.76482306,22.8035085,15.23154621,23.02172887,16.15549442,21.26029163,15.8113883,23.43074903,15.8113883,21.9317122,15.8113883,22.627417,14.86606875,22.6715681,15.8113883,22.6715681,15.8113883,22.02271555,15.8113883,22.02271555,13,22.02271555,13.92838828,21.63330765,13.92838828,21.63330765,14.86606875,22.20360331,15.23154621,20.80865205,14.86606875,20.80865205,13.92838828,20.80865205,12.64911064,21.40093456,11.70469991,21.40093456,12.36931688,20.80865205,11.70469991,20.80865205,11.70469991,20,11.40175425,20,11.40175425
31.38470965,1.414213562,31.38470965,2,31.38470965,4.123105626,31.38470965,5.385164807,30.52867504,5.830951895,30.23243292,6.708203932,30.23243292,7.211102551,29.41088234,8.062257748,30,8.602325267,29.83286778,8.602325267,29.83286778,9.433981132,29.83286778,10,29.73213749,10,29,10,29,9.433981132,29,8.602325267,28.28427125,8.602325267,26.87005769,7.810249676,26.17250466,8.485281374,26.17250466,8.485281374,24.75883681,7.810249676,24.04163056,8.602325267,24.04163056,8.062257748,24.04163056,8.062257748,23.34523506,7.615773106,23.34523506,7.615773106
16.55294536,23.60084744,16.1245155,23.60084744,15.8113883,24.69817807,15.62049935,24.18677324,15.55634919,24.18677324,15.62049935,24.18677324,15.62049935,24.69817807,16.40121947,24.69817807,15.8113883,24.69817807,16.64331698,25.23885893,17.49285568,25.23885893,17,25.23885893,17,25.23885893,16.55294536,25,16.55294536,25.61249695,15.65247584,25.61249695,15.65247584,25,14.76482306,24.20743687,13.41640786,24.20743687,13.41640786,23.60084744,13.41640786,22.20360331,13.41640786,21.63330765,14.31782106,20.80865205,14.76482306,20.80865205,13.89244399,20.24845673,13.89244399,18.86796226
32.20248438,7.615773106,31.6227766,7.211102551,31.6227766,6.403124237,32.44996148,6.708203932,32.20248438,7.280109889,33.01514804,7.071067812,32.20248438,7.071067812,32.01562119,8.062257748,32.80243893,8,32.01562119,8,32.01562119,9,32.64965543,9.219544457,31.89043744,9.055385138,31.82766093,9.055385138,31.89043744,9.055385138,31.82766093,9.055385138,31.144823,9.055385138,29.73213749,8.062257748,29.73213749,8.062257748,28.31960452,9.055385138,27.65863337,9.055385138,27.65863337,10.04987562,26.2488095,10,26.2488095,11.04536102,25.61249695,11.18033989,26.40075756,11.18033989
27.45906044,11.3137085,28.01785145,10.81665383,28.60069929,12.20655562,28.60069929,13.03840481,25.8069758,13,27.20294102,12.64911064,26.90724809,12.16552506,27.58622845,11.70469991,27.58622845,13.34166406,24.75883681,13.92838828,28.31960452,13.60147051,26.87005769,13.92838828,28.42534081,14.31782106,27.01851217,13.41640786,26.17250466,15.23154621,27.65863337,14.76482306,26.17250466,13.03840481,25.61249695,12.52996409,22.6715681,13,24.75883681,12.36931688,24.04163056,11.40175425,23.34523506,10.04987562,24.20743687,10.19803903,22.8035085,11.04536102,22.6715681,12,24.08318916,10.19803903
25.94224354,20.80865205,25.55386468,21.9544984,24.69817807,21.47091055,23.85372088,22.84731932,23.60084744,21.9317122,23.43074903,22.47220505,23.34523506,22.47220505,22.627417,22.84731932,23.34523506,22.47220505,22.6715681,21.54065923,23.43074903,21.54065923,23.43074903,21.54065923,23.60084744,22.13594362,23.02172887,21.54065923,23.02172887,20.61552813,23.02172887,20.61552813,22.47220505,20.61552813,21.63330765,18.78829423,20.80865205,19.6977156,20.80865205,18.38477631,20.24845673,18.02775638,20.80865205,17.08800749,20.24845673,15.8113883,21.63330765,15.5241747,20.80865205,14.56021978,20.80865205,14.31782106
21.9317122,23.02172887,21.47091055,24.18677324,20.59126028,24.59674775,20.24845673,24.16609195,19.20937271,23.76972865,19.10497317,23.76972865,19.10497317,24.69817807,19.10497317,24.69817807,19.20937271,23.76972865,19.20937271,23.76972865,19.41648784,23.76972865,20.24845673,22.84731932,19.72308292,22.84731932,19.72308292,23.2594067,19.23538406,22.36067977,19.23538406,22.36067977,19.23538406,22.36067977,18.35755975,20.1246118,18.35755975,21.02379604,18.35755975,20.61552813,17.88854382,19.6977156,17.88854382,18.38477631,17.88854382,17.08800749,19.23538406,17.08800749,18.35755975,15.8113883,18.35755975,15.5241747
3.605551275,32.44996148,3.605551275,31.90611227,4.123105626,31.6227766,5,31.6227766,5,31.40063694,6.08276253,32.01562119,7.071067812,31.89043744,7.280109889,31.144823,7.280109889,31.82766093,7.280109889,31.82766093,7.280109889,32.52691193,7.280109889,32.52691193,8.246211251,33.24154028,8.062257748,33.30165161,8.062257748,32.55764119,8.062257748,31.89043744,8.062257748,31.144823,7.071067812,31.2409987,8.062257748,31.144823,8.062257748,29.73213749,8.246211251,29.83286778,7.280109889,29.06888371,6.708203932,28.42534081,6.708203932,28.42534081,5.830951895,29.06888371,6.403124237,27.65863337
26.07680962,15.62049935,26.07680962,15.8113883,25.23885893,17.49285568,25,17.88854382,24.20743687,17,24.8394847,17.4642492,24.08318916,17.4642492,24.75883681,17.4642492,24.04163056,17.4642492,24.08318916,17.4642492,24.08318916,17.4642492,24.08318916,17.4642492,23.43074903,17.4642492,24.20743687,17.4642492,23.43074903,16.55294536,24.20743687,17,22.8035085,16.55294536,22.8035085,15.65247584,22.02271555,16.55294536,22.02271555,15.23154621,22.02271555,13.92838828,21.40093456,13.92838828,21.40093456,13,22.02271555,13,21.26029163,11.70469991,21.26029163,11.40175425
9.219544457,32.75667871,10.29563014,33.61547263,10.77032961,32.44996148,12.36931688,31.90611227,12.36931688,31.40063694,13.15294644,31.40063694,13.15294644,31.2409987,13.03840481,30.47950131,13.03840481,30.47950131,13.03840481,29.73213749,13.03840481,30.41381265,13.03840481,30.41381265,13,30.41381265,13.03840481,30.47950131,13.03840481,29.73213749,12.04159458,29.83286778,12.04159458,29.06888371,11.04536102,28.42534081,12.04159458,28.31960452,11,28.31960452,11,27.65863337,10.04987562,26.90724809,9.055385138,26.2488095,9.055385138,27.65863337,9.219544457,26.90724809,8.246211251,26.17250466
31.76476035,13.03840481,30.01666204,13.41640786,30.88689042,15.8113883,30.23243292,15.5241747,30.23243292,16.2788206,29.20616373,16.2788206,29.20616373,17.11724277,28.42534081,17.11724277,27.65863337,17.02938637,29,18.02775638,28.28427125,17,27.58622845,17,28.31960452,17,27.65863337,16,27.80287755,15,27.65863337,16,27.20294102,14,26.2488095,14,25.61249695,14,25,13.03840481,24.20743687,13.15294644,25,11.18033989,25,11.18033989,24.20743687,10.44030651,24.8394847,10.44030651,23.43074903,9.848857802
7.810249676,30.52867504,8.062257748,30.01666204,9.486832981,29.68164416,10.19803903,29.68164416,10.04987562,28.01785145,11.04536102,27.80287755,11.04536102,27.65863337,11,27.65863337,11,27.65863337,11,27.58622845,11.04536102,28.28427125,11.04536102,28.28427125,11.04536102,27.58622845,11.04536102,28.31960452,11,27.65863337,11,27.65863337,10,27.01851217,10,26.2488095,9,25.61249695,9,24.8394847,8.062257748,24.8394847,8.062257748,24.8394847,7.280109889,24.20743687,7.280109889,24.8394847,7.280109889,24.08318916,6.708203932,24.08318916
2,31.06444913,1.414213562,31.06444913,2,31.06444913,3.16227766,30.23243292,4.472135955,30.23243292,5.830951895,30,5.830951895,30.61045573,5.830951895,29.83286778,6.403124237,30.47950131,7.211102551,31.144823,7.211102551,30.41381265,7.211102551,30.41381265,7.211102551,31.11269837,6.708203932,30.41381265,6.708203932,29.73213749,6.708203932,30.41381265,6.708203932,29.73213749,5.385164807,29,5.830951895,29,5.830951895,28.28427125,6.403124237,27.58622845,6.403124237,26.90724809,5.656854249,26.17250466,5.656854249,26.90724809,5.656854249,26.17250466,5.830951895,25.45584412
29.15475947,10.63014581,30.01666204,10.81665383,29.68164416,10.77032961,29.68164416,11.70469991,29.41088234,11.40175425,29.41088234,13.15294644,30,13.03840481,29.83286778,13.03840481,29.06888371,14,29.73213749,14,29.69848481,14,29.69848481,14,30.41381265,14.03566885,30.41381265,14,29.73213749,13,30.47950131,14,29.83286778,13.03840481,29.20616373,13.03840481,27.65863337,13.03840481,27.65863337,13.03840481,26.90724809,12,26.2488095,12,25.61249695,11.04536102,26.2488095,10.04987562,25.49509757,10.04987562,24.8394847,9.219544457
21.63330765,20.51828453,21.63330765,21.21320344,20,21.21320344,21.40093456,21.26029163,19.84943324,21.26029163,20.51828453,21.26029163,20.51828453,22.02271555,19.79898987,22.02271555,19.79898987,22.02271555,20.51828453,22.02271555,19.84943324,22.6715681,19.84943324,22.6715681,19.84943324,22.6715681,19.84943324,22.6715681,19.20937271,22.6715681,19.20937271,22.6715681,18.43908891,22.6715681,18.43908891,21.26029163,18.43908891,22.02271555,18.43908891,21.40093456,17.80449381,20.61552813,18.43908891,20.61552813,18.43908891,20.61552813,19.20937271,20,19.20937271,20,18.43908891,19.41648784
6.32455532,27.45906044,6.08276253,26.92582404,8.062257748,26.92582404,9.219544457,25.55386468,10.19803903,23.85372088,11.18033989,23.02172887,13.03840481,23.02172887,14.03566885,22.8035085,15.03329638,22.8035085,16,22.8035085,18,23.43074903,18.02775638,24.08318916,18.02775638,24.75883681,19.02629759,26.17250466,19.02629759,26.90724809,18.02775638,27.65863337,17.11724277,28.42534081,17.11724277,27.80287755,15.29705854,27.80287755,15.29705854,27.80287755,14.31782106,26.2488095,14.56021978,25.61249695,14.56021978,25.61249695,13.92838828,25.61249695,13,24.75883681,13,23.34523506
19.72308292,27.45906044,20.24845673,27.45906044,19.41648784,28.65309756,18.43908891,28.65309756,18.38477631,28.17800561,18.43908891,28.17800561,19.20937271,28.65309756,18.60107524,27.78488798,18.60107524,27.29468813,18.86796226,28.65309756,19.23538406,27.78488798,19.23538406,27.78488798,18.78829423,27.78488798,18.78829423,26.92582404,19.6977156,26.62705391,19.23538406,26.62705391,19.6977156,25.8069758,18.78829423,25.8069758,18.78829423,25.23885893,17.88854382,23.85372088,18.78829423,23.85372088,18.78829423,22.47220505,19.6977156,21.63330765,18.78829423,21.63330765,19.23538406,21.63330765,19.23538406,20.24845673
21.40093456,27.29468813,22.47220505,27.78488798,22.82542442,26.92582404,23.70653918,25.8069758,23.2594067,25.61249695,23.2594067,25.49509757,23.2594067,25.49509757,23.2594067,24.75883681,22.84731932,24.75883681,22.84731932,24.8394847,23.2594067,25.61249695,22.84731932,25.61249695,22.84731932,25,22.36067977,25,21.02379604,25.23885893,21.47091055,25.8069758,21.47091055,24.41311123,20.59126028,24.41311123,21.02379604,24.41311123,19.6977156,24.41311123,19.6977156,24.41311123,17.4642492,23.85372088,17.88854382,23.85372088,17.88854382,24.41311123,16.55294536,23.02172887,16.15549442,23.02172887
8.485281374,29.15475947,8.602325267,28.8444102,9.433981132,29.68164416,9.486832981,28.8444102,9.486832981,28.01785145,10.19803903,27.20294102,11.18033989,27.80287755,11.18033989,27.01851217,11.04536102,27.65863337,12.04159458,27.65863337,12,27.58622845,11,27.58622845,11,27.58622845,11,27.58622845,11,26.90724809,11,26.90724809,11,26.2488095,10.04987562,25.49509757,10,25.49509757,10,25.49509757,10,24.75883681,9.055385138,24.8394847,9.055385138,24.08318916,8.246211251,24.08318916,8.062257748,24.08318916,7.615773106,24.08318916
14.2126704,26.92582404,14.4222051,27.45906044,15.65247584,27.45906044,15.65247584,26.62705391,16.15549442,26.40075756,16.15549442,25.49509757,15.8113883,25.49509757,15.8113883,25.49509757,16.76305461,25.45584412,16.76305461,26.17250466,16.76305461,26.17250466,16.4924225,26.2488095,16.76305461,27.01851217,16.76305461,26.40075756,15.8113883,26.40075756,15.8113883,26.40075756,16.15549442,25.8069758,15.23154621,25,14.86606875,25,14.86606875,25,14.56021978,24.41311123,13.60147051,24.41311123,12.64911064,24.41311123,12.64911064,24.41311123,12.36931688,23.60084744,11.40175425,23.60084744
30.01666204,10.44030651,29.96664813,9.848857802,31.6227766,8.062257748,30.01666204,8.485281374,28.65309756,10,30.52867504,8.602325267,29.68164416,10.19803903,30.52867504,9.848857802,31.90611227,11.04536102,30.8058436,9.848857802,31.6227766,11.70469991,31.06444913,12.08304597,30.23243292,12.16552506,30.8058436,11,28.31960452,12.08304597,31.40063694,10.19803903,28.42534081,10.04987562,28.42534081,10.04987562,27.80287755,10,27.20294102,10.04987562,24.8394847,11.04536102,24.8394847,11.04536102,25,11,23.43074903,13,25.23885893,12.08304597,20.51828453,11.18033989
16.55294536,25,16.1245155,25.8069758,15.8113883,25.23885893,15.62049935,25.55386468,15.55634919,24.69817807,15.62049935,25.55386468,15.62049935,26.07680962,15,25.23885893,15.8113883,25.23885893,15.8113883,25.23885893,16.1245155,25.8069758,16.1245155,25.8069758,16.1245155,26.62705391,16.55294536,26.40075756,15.65247584,25.8069758,15.65247584,26.40075756,15.65247584,25,15.65247584,24.20743687,15.65247584,25,14.76482306,23.60084744,15.23154621,23.02172887,15.23154621,22.20360331,15.23154621,21.40093456,15.65247584,22.20360331,15.65247584,20.80865205,15.65247584,20.80865205
29.68164416,2,28.8444102,1.414213562,29.15475947,2,28.8444102,3.16227766,28.3019434,3.605551275,28.01785145,4.472135955,28.60069929,5.385164807,28.60069929,5.830951895,28.60069929,5.830951895,28.42534081,7.211102551,28.42534081,7.211102551,28.42534081,7.810249676,27.65863337,7.211102551,27.65863337,7.211102551,27.58622845,7.810249676,26.90724809,7.211102551,26.87005769,7.211102551,26.90724809,7.211102551,25.49509757,7.211102551,24.75883681,7.810249676,24.04163056,7.810249676,23.34523506,7.810249676,24.04163056,7.810249676,23.34523506,8.062257748,23.34523506,8.062257748,21.9317122,8.062257748
4.472135955,32.44996148,3.16227766,33.28663395,1,33.28663395,1,33.28663395,2.236067977,32.44996148,3.605551275,32.44996148,4.242640687,33.01514804,4.242640687,32.80243893,5.656854249,32.20248438,5.656854249,32.01562119,5.656854249,32.64965543,6.403124237,32.64965543,7.071067812,32.64965543,7.071067812,31.89043744,6.403124237,31.144823,6.403124237,31.82766093,6.403124237,31.144823,6.403124237,30.41381265,6.403124237,29.73213749,7.071067812,28.31960452,7.071067812,28.31960452,7.071067812,27.58622845,7.211102551,27.58622845,6.708203932,27.58622845,7.615773106,26.90724809,7.615773106,26.90724809
9.219544457,30,8.94427191,30,7.211102551,31.06444913,7.071067812,30.8058436,7.211102551,30,6.708203932,30.61045573,7.280109889,30.61045573,7.280109889,30.61045573,7.280109889,30.61045573,8.246211251,29.83286778,8.246211251,30.61045573,8.246211251,29.83286778,9.055385138,29.83286778,8.062257748,30.47950131,8.062257748,29.73213749,8.062257748,29.73213749,8.062257748,29,7.071067812,28.31960452,8.062257748,28.31960452,8,27.65863337,9,27.65863337,9,26.90724809,10.04987562,26.2488095,10.19803903,26.2488095,10.04987562,25.61249695,10.19803903,24.8394847
32.20248438,5,32.20248438,4.123105626,33.01514804,3.605551275,33.01514804,3.605551275,32.20248438,3.16227766,32.20248438,4,32.80243893,5,32.01562119,5.099019514,32.01562119,6.08276253,32.64965543,5.099019514,32.64965543,6.32455532,32.64965543,6.32455532,33.30165161,6.32455532,32.55764119,7.280109889,31.82766093,6.32455532,31.82766093,6.32455532,31.144823,6.32455532,31.144823,6.32455532,31.144823,6.32455532,29.73213749,6.32455532,29.73213749,7.280109889,29,8.246211251,28.31960452,8.062257748,28.31960452,7.280109889,28.31960452,7.071067812,27.65863337,8.062257748
32.44996148,5,32.44996148,4,32.44996148,3.16227766,33.28663395,2.236067977,31.6227766,3,33.01514804,4.123105626,32.20248438,4.123105626,31.40063694,5.099019514,31.40063694,5.099019514,32.01562119,5.385164807,32.01562119,6.708203932,32.01562119,5.830951895,31.2409987,5.830951895,31.144823,6.708203932,31.144823,6.708203932,31.144823,6.708203932,29.73213749,5.830951895,29.69848481,5.830951895,29.73213749,6.708203932,29.06888371,7.615773106,28.31960452,7.280109889,26.90724809,7.280109889,26.90724809,7.280109889,27.58622845,7.280109889,26.90724809,7.280109889,26.90724809,8.246211251
30.23243292,10.77032961,30.23243292,10.29563014,31.38470965,10,30.52867504,9.899494937,30.52867504,9.219544457,30.52867504,9.433981132,31.06444913,9.848857802,30.23243292,9.486832981,30.23243292,10.44030651,30.8058436,10.44030651,30.8058436,11.40175425,30.8058436,11.18033989,31.40063694,11.18033989,30.61045573,11.04536102,29.83286778,11.04536102,29.83286778,10.04987562,29.06888371,10.04987562,28.42534081,10.04987562,28.42534081,10.04987562,27.01851217,10.04987562,26.40075756,10,25.61249695,11.04536102,25.61249695,11.18033989,24.8394847,11.18033989,24.20743687,11.40175425,23.43074903,11.40175425
25.94224354,22.20360331,25.55386468,22.47220505,25.23885893,22.82542442,24.41311123,22.36067977,23.60084744,22.36067977,23.43074903,23.70653918,22.627417,23.2594067,22.627417,23.2594067,22.6715681,22.36067977,22.6715681,22.36067977,23.43074903,21.9317122,24.20743687,21.9317122,23.60084744,21.9317122,23.60084744,21.47091055,23.02172887,21.9544984,23.02172887,21.09502311,22.20360331,20.24845673,22.20360331,20.24845673,22.20360331,19.72308292,22.20360331,19.72308292,21.63330765,19.23538406,21.63330765,18.35755975,21.63330765,17,23.02172887,17,22.20360331,15.65247584,22.20360331,16.55294536
5.656854249,28.8444102,6.403124237,29.68164416,7.615773106,29.41088234,8.246211251,28.8444102,8.062257748,27.80287755,9,28.42534081,9,27.65863337,9.055385138,28.31960452,9.055385138,27.58622845,9,28.28427125,10.04987562,28.31960452,9,28.31960452,9,28.31960452,10.04987562,29.06888371,9,28.42534081,9.055385138,28.42534081,9,28.42534081,8.062257748,27.01851217,8,27.65863337,8,26.2488095,7.071067812,26.2488095,7.071067812,26.2488095,6.08276253,26.2488095,7.071067812,26.2488095,7.071067812,26.2488095,6.08276253,25.49509757
13.45362405,30.52867504,13.89244399,30.52867504,15.65247584,30.23243292,15.23154621,28.8444102,14.86606875,27.80287755,14.86606875,28.42534081,15.8113883,28.31960452,16.4924225,28.31960452,16.4924225,29,15.29705854,29,15.29705854,29,14.14213562,29.73213749,15.13274595,29.73213749,14.31782106,29.83286778,15.5241747,28.42534081,15.8113883,29.20616373,15.5241747,27.65863337,13.60147051,27.01851217,14.56021978,27.01851217,13.60147051,26.2488095,13.34166406,26.2488095,12.36931688,25.61249695,11.18033989,24.8394847,11.04536102,25.49509757,10.04987562,25.49509757,10.04987562,24.75883681
30.52867504,6.403124237,30.52867504,7.211102551,31.06444913,7.615773106,30.52867504,8.246211251,30.23243292,9.219544457,30.23243292,10.04987562,30,10.04987562,29.20616373,11,29.20616373,11.04536102,28.42534081,11.04536102,29.06888371,11.04536102,29.06888371,11.18033989,28.31960452,11.18033989,29,11.18033989,28.28427125,11.18033989,27.58622845,11.18033989,26.87005769,11.18033989,26.90724809,9.219544457,26.87005769,10.19803903,26.17250466,10.19803903,25.45584412,9.486832981,24.75883681,9.848857802,24.75883681,8.94427191,24.75883681,8.062257748,24.75883681,7.211102551,24.04163056,8.602325267
27.20294102,17.88854382,28.8444102,17.49285568,27.78488798,16.40121947,27.78488798,16.40121947,26.92582404,15.55634919,26.92582404,15,26.92582404,16.40121947,26.92582404,15,26.07680962,17.02938637,25.23885893,15.26433752,26.62705391,15.65247584,24.20743687,17.20465053,25,16.1245155,25,15.65247584,25.8069758,17.20465053,23.43074903,15.65247584,24.20743687,15.23154621,25.8069758,14.76482306,25.23885893,16.64331698,24.41311123,15.65247584,22.20360331,15.65247584,23.02172887,15.65247584,23.02172887,14.76482306,22.20360331,14.76482306,20.80865205,14.76482306,20.80865205,14.76482306
25.8069758,11.40175425,25.61249695,9.486832981,26.40075756,13,26.2488095,13.15294644,27.65863337,13.92838828,29.69848481,14.31782106,28.01785145,13.41640786,24.59674775,10.81665383,25,10.63014581,33.30165161,11.66190379,30.88689042,12.20655562,28.7923601,8.485281374,31.76476035,11.66190379,30.6757233,11.18033989,32.64965543,9.848857802,32.20248438,10.44030651,33.28663395,7.280109889,31.38470965,5.099019514,29.15475947,5.099019514,28.65309756,6.32455532,26.41968963,7.280109889,28.60069929,5,25.94224354,5,29.83286778,5.830951895,27.80287755,4.242640687,27.01851217,5.830951895
13.89244399,30,12.20655562,30.8058436,12.04159458,31.06444913,12.04159458,30.23243292,11.40175425,30.23243292,12.20655562,30.8058436,11.66190379,30.8058436,12.52996409,30.8058436,12.08304597,30.8058436,12.08304597,30,13,30,13,30,13,30,13,29.20616373,12.64911064,29.20616373,13,29.20616373,12.64911064,28.60069929,11.70469991,27.80287755,12.64911064,27.20294102,12.64911064,27.20294102,12.64911064,25.8069758,13.60147051,25,13.92838828,25,13.92838828,24.41311123,14.31782106,23.85372088,14.31782106,23.02172887
5.830951895,31.06444913,5.656854249,31.06444913,6.708203932,32.44996148,6.32455532,31.06444913,7.071067812,30.23243292,8,30,8,30.61045573,9,30.61045573,9.055385138,30.61045573,9,30.47950131,9,31.144823,10.04987562,31.144823,10.04987562,31.144823,10.04987562,31.11269837,10.04987562,29.69848481,10.04987562,29.69848481,10.04987562,28.28427125,10.04987562,28.28427125,9.219544457,28.28427125,9.219544457,26.87005769,9.219544457,26.87005769,8.544003745,26.17250466,8.544003745,26.17250466,7.615773106,26.17250466,7.615773106,26.17250466,7.615773106,25.45584412
23.02172887,21.9544984,23.85372088,21.63330765,24.18677324,20.80865205,22.82542442,20.61552813,22.82542442,19.84943324,22.82542442,20.51828453,22.82542442,20.51828453,22.36067977,21.26029163,22.82542442,20.61552813,22.82542442,21.40093456,22.82542442,21.40093456,22.82542442,20,22.82542442,20.80865205,21.9544984,20.80865205,21.9544984,21.09502311,21.9544984,20.24845673,21.09502311,20.24845673,20.59126028,20.24845673,19.72308292,20.24845673,20.1246118,20.24845673,19.23538406,19.72308292,17.88854382,20.24845673,18.35755975,19.72308292,17.88854382,21.09502311,17,20.24845673,16.55294536,19.72308292
9.219544457,29.15475947,10,29.15475947,10.29563014,28.3019434,11.70469991,28.8444102,10.77032961,27.80287755,11.40175425,27.80287755,11.40175425,28.42534081,12.36931688,27.65863337,12.36931688,26.90724809,12.36931688,27.58622845,12.36931688,28.28427125,13.15294644,28.28427125,13.15294644,28.28427125,13.34166406,27.58622845,13.34166406,26.17250466,13.34166406,26.90724809,12.36931688,25.49509757,12.36931688,24.08318916,12.36931688,24.75883681,12.16552506,23.34523506,11.04536102,22.6715681,10.04987562,22.6715681,9,22.02271555,9,22.6715681,9,22.6715681,9.055385138,21.9317122
24.69817807,15.62049935,23.85372088,15.8113883,24.41311123,16.1245155,23.60084744,16.55294536,23.43074903,16.55294536,24.08318916,16.55294536,23.34523506,16.55294536,23.34523506,17.08800749,24.04163056,17.08800749,23.34523506,17.4642492,24.08318916,17.08800749,24.08318916,17.08800749,24.08318916,17.08800749,24.20743687,17.08800749,23.43074903,18.02775638,22.8035085,17.4642492,22.02271555,17.08800749,21.40093456,16.15549442,22.02271555,16.15549442,21.40093456,14.86606875,20.61552813,14.56021978,21.40093456,13.60147051,20,12.36931688,21.40093456,12.36931688,20.61552813,11.40175425,20.61552813,11.40175425
12.80624847,29.68164416,13.03840481,28.8444102,13.41640786,28.8444102,13,29.41088234,13.60147051,28.42534081,13.60147051,29.06888371,14.31782106,28.31960452,13.34166406,29,13.34166406,28.28427125,14.31782106,29,14.56021978,29.73213749,14.31782106,29.06888371,14.56021978,29.06888371,14.56021978,29.83286778,14.56021978,28.42534081,13.92838828,28.42534081,14.86606875,28.42534081,13.60147051,27.01851217,13.34166406,26.2488095,13.34166406,26.2488095,12.16552506,26.40075756,12.16552506,25.61249695,11.04536102,25.61249695,11.04536102,25.61249695,10.04987562,24.8394847,10.04987562,24.8394847
28.01785145,4.123105626,28.60069929,2.828427125,28.8444102,3.605551275,28.60069929,4,28.60069929,4,28.42534081,5.099019514,28.42534081,5.099019514,28.31960452,6.08276253,28.31960452,6.08276253,29,6.32455532,29.69848481,6.32455532,29.69848481,6.32455532,29.69848481,6.32455532,30.41381265,6.32455532,29.06888371,6.32455532,29.73213749,5.385164807,29.06888371,5.385164807,29,4.472135955,28.31960452,5.385164807,27.58622845,5.385164807,26.90724809,6.32455532,26.90724809,6.32455532,27.65863337,6.08276253,26.90724809,7.071067812,26.17250466,7.071067812,25.49509757,6.08276253
21.09502311,24.41311123,21.09502311,25.55386468,20,24.69817807,19.20937271,24.59674775,19.10497317,24.59674775,19.10497317,24.59674775,19.84943324,24.59674775,20,23.70653918,20,24.59674775,19.41648784,23.70653918,20.24845673,23.70653918,20.24845673,23.70653918,21.09502311,23.70653918,21.47091055,23.32380758,21.09502311,23.32380758,20.59126028,22.47220505,19.72308292,22.82542442,19.72308292,21.09502311,19.72308292,21.9544984,19.72308292,20.59126028,19.72308292,20.1246118,20.59126028,19.23538406,19.72308292,19.23538406,20.59126028,19.23538406,19.72308292,17.88854382,19.72308292,17.88854382
26.41968963,11.40175425,26.41968963,12.20655562,26.92582404,12.52996409,25.23885893,13,25,12.64911064,25.61249695,13.34166406,25.61249695,13.60147051,25.49509757,13.60147051,24.75883681,13.34166406,24.75883681,13.60147051,25.49509757,14.56021978,25.49509757,13.60147051,25.49509757,14.56021978,25.61249695,13.60147051,25,13.60147051,25.61249695,13.92838828,24.20743687,13.92838828,24.20743687,13,23.43074903,12.64911064,23.43074903,12.36931688,22.8035085,11.40175425,22.8035085,10.19803903,22.20360331,10.44030651,22.8035085,11.40175425,22.02271555,10.44030651,22.02271555,10.19803903
21.63330765,22.82542442,22.47220505,23.02172887,23.2594067,22.20360331,23.2594067,21.26029163,22.84731932,21.9317122,21.9317122,21.26029163,22.84731932,22.02271555,21.9317122,21.40093456,21.9317122,21.40093456,22.36067977,22.20360331,22.36067977,23.02172887,22.36067977,22.47220505,21.47091055,22.47220505,21.47091055,22.82542442,21.09502311,22.82542442,21.9544984,22.47220505,21.09502311,22.82542442,21.09502311,21.09502311,19.72308292,21.9544984,19.23538406,21.09502311,17.88854382,21.9544984,17.88854382,21.9544984,17,22.82542442,17,22.82542442,16.1245155,22.47220505,15.65247584,21.9544984
16.40121947,25.05992817,16.64331698,24.69817807,17.88854382,24.69817807,17.88854382,23.60084744,17.4642492,23.43074903,17.08800749,22.6715681,17.08800749,24.08318916,17.08800749,23.34523506,17.08800749,23.34523506,17.08800749,23.34523506,18.02775638,23.43074903,17.08800749,23.43074903,17.08800749,23.43074903,17.08800749,22.8035085,16.55294536,23.02172887,17.4642492,22.8035085,16.55294536,22.8035085,16.15549442,21.40093456,15.8113883,20.80865205,14.86606875,21.40093456,13.60147051,21.40093456,12.64911064,20.80865205,12.64911064,21.40093456,12.64911064,20.80865205,12.36931688,20.80865205,11.18033989,20.80865205
10.77032961,32.20248438,10.29563014,32.20248438,10,32.44996148,9.899494937,32.44996148,10,32.44996148,10.81665383,32.20248438,10.77032961,32.20248438,10.77032961,31.40063694,10.77032961,32.20248438,11.70469991,32.80243893,11.40175425,32.01562119,12.36931688,32.01562119,12.36931688,32.01562119,12.36931688,32.64965543,12.16552506,32.55764119,11.18033989,31.89043744,11.18033989,31.82766093,10.44030651,31.144823,11.40175425,29.73213749,11.18033989,29.83286778,11.18033989,29.06888371,12.16552506,29.06888371,12.36931688,28.31960452,12.36931688,27.65863337,12.64911064,27.65863337,13.34166406,27.01851217
24.18677324,25.23885893,23.32380758,25.55386468,23.02172887,25.05992817,22.02271555,25.49509757,21.9317122,24.59674775,21.9317122,24.59674775,22.6715681,24.59674775,22.02271555,25.49509757,22.8035085,24.59674775,23.02172887,24.59674775,22.47220505,25.05992817,22.47220505,25.05992817,23.32380758,25.05992817,22.82542442,25.55386468,22.82542442,24.69817807,22.82542442,23.85372088,22.82542442,24.41311123,21.9544984,23.02172887,21.9544984,22.47220505,21.9544984,21.09502311,21.9544984,21.09502311,21.9544984,20.24845673,21.9544984,20.24845673,21.47091055,20.24845673,21.47091055,18.86796226,21.9544984,18.86796226
30.01666204,9.899494937,29.68164416,9.219544457,29.15475947,10.29563014,28.8444102,11.18033989,28.60069929,10.77032961,29.20616373,10.77032961,28.42534081,11.40175425,28.42534081,11.40175425,28.42534081,11.18033989,28.31960452,12.36931688,28.28427125,12.16552506,28.28427125,12.16552506,28.28427125,12.16552506,27.58622845,12.36931688,28.31960452,11.40175425,27.58622845,11.70469991,26.90724809,11.70469991,26.90724809,11.70469991,26.17250466,11.40175425,26.17250466,11.40175425,25.49509757,11.18033989,24.08318916,10.04987562,24.08318916,10.19803903,24.8394847,10.04987562,24.08318916,9.055385138,23.34523506,9.055385138
25.55386468,16.40121947,24.41311123,17.20465053,25.23885893,17,24.41311123,17.88854382,24.20743687,17.4642492,24.08318916,17.4642492,24.08318916,18.38477631,24.04163056,18.38477631,24.04163056,18.02775638,24.75883681,18.02775638,24.8394847,18.02775638,24.8394847,18.02775638,25,18.02775638,25,18.38477631,24.41311123,17.4642492,23.60084744,17.4642492,24.41311123,16.55294536,23.60084744,16.55294536,22.20360331,16.55294536,22.20360331,16.15549442,22.20360331,15.23154621,21.63330765,14.86606875,21.63330765,13.92838828,22.20360331,13.60147051,22.20360331,12.64911064,22.20360331,12.64911064
9.899494937,29.15475947,10,29.15475947,11.18033989,29.15475947,10.77032961,28.8444102,11.70469991,28.8444102,11.40175425,27.80287755,11.18033989,28.42534081,12.36931688,27.65863337,12.16552506,27.65863337,13.34166406,27.58622845,13.15294644,27.58622845,13.15294644,27.58622845,13.15294644,27.58622845,13.34166406,27.58622845,12.36931688,26.90724809,12.36931688,27.58622845,11.40175425,26.90724809,11.40175425,26.17250466,11.18033989,24.75883681,12.16552506,24.75883681,11.18033989,24.75883681,10.04987562,24.04163056,10.04987562,24.08318916,9,23.34523506,10,22.627417,9.055385138,22.627417
30.52867504,2.828427125,30.23243292,3.16227766,31.06444913,4,30.23243292,6.08276253,30,6.32455532,29.83286778,7.280109889,30.61045573,7.615773106,29.83286778,7.615773106,29.73213749,8.544003745,30.41381265,8.544003745,30.41381265,8.94427191,30.41381265,8.94427191,30.41381265,8.94427191,30.41381265,8.544003745,30.47950131,8.544003745,30.47950131,8.544003745,29.73213749,7.615773106,29.06888371,7.615773106,29,7.615773106,27.58622845,8.062257748,26.90724809,8.062257748,26.90724809,7.810249676,27.65863337,7.071067812,27.65863337,7.810249676,26.2488095,7.071067812,25.49509757,7.211102551
29.52964612,7.615773106,29.96664813,6.403124237,29.06888371,6.708203932,29.54657341,6.32455532,28.17800561,7.280109889,28.17800561,9.055385138,27.78488798,9,27.78488798,10,27.45906044,10.04987562,27.45906044,10.04987562,27.45906044,12.04159458,28.01785145,11.04536102,27.80287755,12.16552506,27.01851217,12.16552506,27.01851217,11.18033989,26.90724809,11.40175425,25.61249695,10.19803903,24.08318916,11.18033989,24.20743687,11.18033989,23.43074903,11.18033989,22.6715681,12.16552506,21.26029163,13.03840481,20.51828453,13,21.9317122,13.03840481,20.51828453,13.03840481,20.51828453,13.15294644
26.62705391,16.55294536,26.92582404,15.65247584,26.92582404,15.26433752,26.41968963,14.4222051,25.05992817,14.2126704,25.94224354,14.14213562,25.55386468,14.86606875,25.05992817,14.2126704,25.05992817,15,25.55386468,15,25.05992817,15.8113883,25.55386468,15.26433752,25.55386468,16.1245155,24.69817807,15.65247584,24.69817807,15.65247584,23.85372088,15.65247584,23.85372088,14.76482306,23.02172887,14.76482306,23.32380758,14.76482306,22.47220505,14.31782106,21.9544984,15.23154621,21.09502311,15.23154621,19.72308292,15.23154621,19.72308292,16.55294536,19.72308292,15.65247584,19.23538406,16.55294536
28.17800561,14.4222051,28.65309756,15.65247584,27.45906044,16.15549442,26.62705391,16.76305461,26.40075756,16.76305461,26.2488095,17.4642492,26.90724809,17.4642492,26.17250466,17.4642492,26.87005769,17.4642492,26.87005769,17.4642492,26.90724809,17.2626765,26.90724809,17.2626765,27.01851217,17.4642492,27.01851217,16.4924225,25.61249695,16.76305461,25,16.76305461,24.20743687,16.4924225,22.8035085,14.56021978,22.8035085,14.31782106,22.8035085,15.13274595,23.02172887,14.03566885,23.02172887,13,23.60084744,12,23.60084744,11.04536102,23.60084744,11.04536102,23.60084744,11.04536102
4.472135955,34,5,33.12099032,5.385164807,33.61547263,7.071067812,32.24903099,7,31.90611227,8,32.44996148,9.055385138,31.6227766,9.055385138,30.8058436,9.055385138,30,10.19803903,30.61045573,10.19803903,30.61045573,10.19803903,29.83286778,10.44030651,29.06888371,10.19803903,29.06888371,10.19803903,29,10.19803903,29,9.219544457,27.58622845,8.246211251,26.17250466,9.219544457,25.49509757,9.486832981,25.49509757,9.848857802,24.08318916,9.433981132,24.08318916,8.602325267,23.34523506,8.485281374,24.04163056,8.485281374,24.08318916,8.602325267,23.43074903
28.17800561,10,27.73084925,10,29.15475947,10.63014581,28.23118843,11.18033989,27.85677655,10.77032961,26.92582404,11.40175425,27.31300057,12.04159458,25.07987241,14.03566885,25.07987241,14.03566885,24.59674775,16.03121954,24.59674775,18.02775638,24.59674775,19.10497317,25.05992817,20.02498439,24.41311123,20.02498439,25,20.02498439,24.8394847,20.02498439,24.75883681,20.09975124,23.34523506,18.24828759,23.34523506,17.2626765,23.43074903,17.11724277,22.8035085,17.11724277,20.61552813,17.2626765,20.61552813,19.23538406,19.20937271,19.6468827,18.43908891,19.6468827,19.84943324,19.92485885
6,29.41088234,5.385164807,29.68164416,5.830951895,29.68164416,5,29.15475947,5.830951895,28.3019434,6.708203932,29.68164416,6.32455532,28.8444102,7,29.68164416,8,29.41088234,8,29.41088234,9,30,8,30,9,30.61045573,9,29.83286778,9,29.83286778,8.062257748,29.83286778,9.055385138,29.06888371,8.062257748,28.42534081,8.062257748,27.65863337,8.062257748,27.01851217,8.246211251,27.01851217,9.055385138,25.61249695,9.055385138,25.61249695,10.04987562,24.8394847,10.04987562,25,10,23.43074903
31.76476035,10,30.41381265,11.18033989,30.01666204,11.70469991,29.15475947,12.36931688,28.8444102,12.16552506,29.41088234,13.15294644,29.20616373,13.03840481,29.20616373,13.03840481,28.42534081,13.03840481,28.31960452,13,29,13,28.28427125,13,29,14,28.31960452,13,27.65863337,13,27.01851217,12.04159458,26.90724809,12,26.2488095,11,25.49509757,12.04159458,26.2488095,11.04536102,24.8394847,11.40175425,25.61249695,11.18033989,25,9.486832981,25,9.486832981,25.61249695,8.544003745,25,8.94427191
25.94224354,20.80865205,25.55386468,21.09502311,25.23885893,22.82542442,25,22.36067977,24.8394847,22.36067977,24.08318916,22.36067977,24.04163056,22.36067977,24.04163056,22.36067977,24.08318916,22.36067977,24.08318916,22.36067977,24.20743687,23.2594067,24.20743687,22.36067977,23.60084744,22.36067977,23.02172887,21.47091055,23.02172887,21.9544984,23.02172887,21.9544984,21.63330765,21.09502311,21.63330765,20.59126028,21.63330765,20.1246118,21.63330765,20.1246118,21.9544984,18.78829423,21.9544984,17.4642492,21.9544984,16.55294536,23.32380758,16.15549442,23.32380758,15.23154621,23.32380758,15.23154621
26.40075756,20.1246118,27.20294102,18.86796226,28.3019434,18.60107524,27.45906044,18.43908891,28.3019434,17.69180601,27.45906044,17.69180601,27.45906044,17.80449381,27.45906044,17.80449381,27.45906044,18.02775638,28.01785145,18.86796226,28.01785145,18.86796226,28.01785145,18.86796226,28.60069929,18.35755975,28.60069929,17.88854382,27.80287755,17.88854382,27.80287755,16.55294536,27.01851217,17.4642492,26.40075756,16.1245155,25.61249695,16.55294536,25,17,24.41311123,17.4642492,23.60084744,17.4642492,23.60084744,18.78829423,22.20360331,18.78829423,22.20360331,19.23538406,20.80865205,19.23538406
6.08276253,33.28663395,5.385164807,32.75667871,4.242640687,32.75667871,5,33.61547263,5.385164807,31.90611227,6.08276253,33.28663395,7,32.44996148,7.071067812,32.44996148,7.071067812,32.44996148,8.062257748,32.44996148,8.062257748,32.44996148,9.219544457,31.6227766,9.486832981,31.6227766,9.486832981,31.40063694,9.848857802,31.40063694,9.486832981,30.61045573,8.544003745,30,8.246211251,29.20616373,8.544003745,28.60069929,9.486832981,27.20294102,10.44030651,25.8069758,11.40175425,25.8069758,11.18033989,24.20743687,12.04159458,25,12,23.60084744,13.03840481,23.60084744
30.52867504,4,31.38470965,2.236067977,30.52867504,2.828427125,30.52867504,3.16227766,29.68164416,4.123105626,29.68164416,4,29.68164416,4.123105626,29.41088234,5.099019514,28.8444102,5.385164807,28.8444102,6.08276253,28.60069929,7.280109889,29.41088234,7.280109889,28.60069929,8.246211251,27.80287755,8.544003745,27.80287755,7.615773106,27.01851217,7.615773106,26.40075756,7.615773106,25.61249695,7.615773106,25,8.062257748,24.20743687,8.94427191,24.20743687,8.602325267,23.43074903,8.485281374,22.6715681,8.485281374,22.6715681,7.810249676,22.02271555,8.602325267,22.02271555,8.602325267
28.3019434,11.18033989,27.29468813,9.848857802,28.65309756,10,27.73084925,9.219544457,28.65309756,9.219544457,27.78488798,9.433981132,27.29468813,10.29563014,27.29468813,10.77032961,27.29468813,10.29563014,27.29468813,10.77032961,27.78488798,11.18033989,27.78488798,11.40175425,27.78488798,11.18033989,26.07680962,11.04536102,26.07680962,11.18033989,25.55386468,11.18033989,24.69817807,11.04536102,23.32380758,11.18033989,22.82542442,11.04536102,22.82542442,12.04159458,21.47091055,12.04159458,20.59126028,13.03840481,19.72308292,13.15294644,19.72308292,14.31782106,19.23538406,14.14213562,18.35755975,14.31782106
28.01785145,21.9544984,26.62705391,22.82542442,25.55386468,22.47220505,26.40075756,24.18677324,25.8069758,21.9544984,27.01851217,22.84731932,22.627417,25.49509757,23.43074903,21.9317122,23.43074903,29.73213749,26.90724809,22.84731932,24.8394847,22.36067977,21.9544984,22.36067977,24.41311123,18.02775638,26.2488095,21.47091055,25.61249695,20.59126028,24.20743687,22.36067977,23.02172887,23.2594067,21.09502311,20.1246118,21.63330765,20.61552813,21.63330765,20.24845673,21.09502311,18.02775638,21.47091055,16.76305461,22.47220505,16.76305461,23.02172887,13.92838828,21.47091055,14.56021978,23.02172887,16.2788206
32.44996148,5.385164807,32.75667871,5,32.44996148,5,32.75667871,4.472135955,31.90611227,6.08276253,31.90611227,7,31.6227766,7,31.6227766,8,31.6227766,8.062257748,31.40063694,8.062257748,32.20248438,8.246211251,31.40063694,8.246211251,31.40063694,9.219544457,31.2409987,9.486832981,30.47950131,9.219544457,30.47950131,8.246211251,29.83286778,9.486832981,29.06888371,8.246211251,27.80287755,9.219544457,27.01851217,9.219544457,26.40075756,10.19803903,25.61249695,11.04536102,24.20743687,11.04536102,24.8394847,11.04536102,25,11,24.20743687,11
7.071067812,29.15475947,8.062257748,29.15475947,8.544003745,29.15475947,9.848857802,28.3019434,9.486832981,27.45906044,10.19803903,27.20294102,9.219544457,28.01785145,9.055385138,27.80287755,9.055385138,27.01851217,10.04987562,26.2488095,11.04536102,27.65863337,10.04987562,26.90724809,11.04536102,26.17250466,12.04159458,26.17250466,11.04536102,26.17250466,11.04536102,26.17250466,11.04536102,24.75883681,11.04536102,24.04163056,11,23.34523506,11.04536102,22.627417,10.19803903,22.627417,9.486832981,21.9317122,9.486832981,21.9317122,9.486832981,22.6715681,8.544003745,21.26029163,7.615773106,22.02271555
31.90611227,5.656854249,31.90611227,5.830951895,32.44996148,7.615773106,32.44996148,9.055385138,31.6227766,8,31.6227766,9.055385138,31.40063694,9.055385138,30.61045573,9.219544457,30.61045573,10.19803903,31.2409987,10.19803903,31.144823,10.44030651,31.144823,10.44030651,31.144823,11.40175425,31.11269837,11.40175425,30.41381265,10.19803903,30.41381265,11.40175425,29.69848481,10.19803903,29,10.44030651,28.28427125,9.486832981,26.87005769,9.848857802,26.17250466,10.29563014,26.90724809,10,25.49509757,9.219544457,26.90724809,9.219544457,26.17250466,9.219544457,26.17250466,9.219544457
22.47220505,20.1246118,23.32380758,19.72308292,24.18677324,19.41648784,23.70653918,20,23.70653918,18.43908891,24.59674775,18.38477631,24.59674775,19.10497317,24.59674775,18.43908891,24.16609195,19.20937271,23.70653918,17.80449381,24.59674775,18.60107524,24.16609195,18.02775638,24.16609195,18.86796226,24.59674775,18.35755975,22.82542442,17.88854382,22.82542442,17.88854382,22.82542442,17.88854382,21.9544984,17,21.02379604,17,21.02379604,17,19.6977156,17.88854382,18.78829423,17.4642492,17.88854382,17.88854382,17.88854382,17.88854382,16.55294536,17.88854382,16.15549442,17.88854382
31.90611227,2,31.90611227,2.236067977,33.28663395,2,33.28663395,3.16227766,31.6227766,3.605551275,33.01514804,5,32.20248438,5,31.40063694,6.403124237,32.01562119,6.403124237,31.40063694,6.403124237,31.2409987,7.071067812,31.2409987,7.810249676,31.2409987,7.810249676,31.144823,8.485281374,31.144823,7.810249676,31.144823,7.071067812,29.73213749,7.810249676,29,7.071067812,28.31960452,7.810249676,27.58622845,7.810249676,26.87005769,7.810249676,26.87005769,8.602325267,26.17250466,8.062257748,25.45584412,8.544003745,25.45584412,8.246211251,24.75883681,8.246211251
17.88854382,27.29468813,17.49285568,27.29468813,17.20465053,29.06888371,16.2788206,28.63564213,16.2788206,28.63564213,16.40121947,28.63564213,15.8113883,28.63564213,16.1245155,27.73084925,15.65247584,29.06888371,16.55294536,28.17800561,16.55294536,28.17800561,16.15549442,27.29468813,17.08800749,27.29468813,15.8113883,26.41968963,15.8113883,26.07680962,15.8113883,26.41968963,15.5241747,24.69817807,14.56021978,23.32380758,14.56021978,22.82542442,14.56021978,22.36067977,15.8113883,21.02379604,15.8113883,20.1246118,16.76305461,19.23538406,18.02775638,17.88854382,17.4642492,17.88854382,17.4642492,16.55294536
10,28.17800561,10.29563014,28.17800561,10.77032961,27.78488798,11.40175425,27.78488798,11.40175425,26.62705391,13.15294644,26.62705391,13.15294644,26.40075756,13.15294644,25.61249695,14.14213562,25.61249695,13.15294644,24.8394847,13.03840481,25.49509757,13.03840481,24.8394847,13,24.75883681,13,25.45584412,13,24.04163056,13,24.04163056,12,23.34523506,11.04536102,22.627417,12.04159458,21.9317122,12.16552506,21.21320344,11.40175425,20.51828453,10.44030651,20.51828453,10.77032961,20.51828453,10.29563014,21.26029163,10.29563014,20.51828453,9.433981132,20.51828453
21.09502311,21.47091055,21.47091055,22.36067977,22.36067977,21.9544984,22.84731932,21.09502311,21.9317122,20,23.40939982,19.84943324,22.84731932,19.84943324,23.76972865,19.79898987,23.40939982,19.10497317,22.47220505,19.10497317,22.47220505,19.20937271,22.13594362,19.20937271,22.13594362,18.60107524,22.47220505,18.60107524,20.24845673,18.02775638,20.24845673,18.02775638,20.24845673,16.64331698,18.97366596,16.64331698,18.97366596,16.64331698,17.72004515,16.1245155,17.4642492,16.1245155,16.2788206,16.1245155,15.29705854,17,14.14213562,17.49285568,14.03566885,17.49285568,13.03840481,17.49285568
7.280109889,26.62705391,5.830951895,26.62705391,5,27.45906044,5,27.45906044,5.385164807,27.20294102,5.385164807,27.20294102,6.08276253,27.80287755,6.08276253,27.01851217,6,27.01851217,6,27.65863337,7,27.65863337,7,27.65863337,8.062257748,27.65863337,8.062257748,27.65863337,7.280109889,26.90724809,7.280109889,26.90724809,7.071067812,26.17250466,8.062257748,25.49509757,8.246211251,25.49509757,9.219544457,24.75883681,10.19803903,24.04163056,10.19803903,24.75883681,10.04987562,24.08318916,11.04536102,24.08318916,11.04536102,24.08318916,11.04536102,24.08318916
31.38470965,9.899494937,31.38470965,10,31.06444913,11.18033989,30.23243292,11.70469991,29.41088234,11.70469991,29.20616373,12.64911064,29.20616373,12.64911064,28.42534081,13.34166406,29.06888371,13.34166406,27.58622845,13.60147051,27.58622845,13.34166406,28.28427125,13.34166406,27.58622845,13.34166406,27.58622845,13.34166406,26.90724809,12.36931688,26.17250466,12.36931688,26.17250466,12.36931688,24.75883681,12.36931688,24.08318916,12.16552506,24.08318916,11.04536102,23.43074903,11,23.43074903,10,23.43074903,9.055385138,24.08318916,9.055385138,24.08318916,8.062257748,24.08318916,7.071067812
36.61966685,6.32455532,36.40054945,7.211102551,35.80502758,7.810249676,35.80502758,7.071067812,35,7.810249676,34.82814953,8.602325267,34.20526275,9.433981132,34.20526275,9.433981132,33.42154993,9.848857802,32.80243893,8.94427191,32.80243893,8.94427191,32.01562119,9.486832981,32.01562119,9.486832981,32.01562119,9.486832981,30.61045573,9.486832981,30.61045573,9.486832981,29.20616373,9.219544457,28.60069929,9.055385138,28.60069929,9.055385138,28.60069929,10,27.01851217,9.219544457,27.01851217,9.486832981,26.2488095,8.544003745,27.65863337,8.94427191,27.01851217,8.062257748,27.01851217,8.602325267
7.071067812,28.8444102,7.211102551,29.68164416,8.94427191,29.41088234,9.486832981,30.23243292,9.486832981,28.60069929,10.19803903,29.20616373,11.18033989,29.20616373,11.18033989,29.06888371,12.16552506,29.06888371,11.04536102,28.31960452,11.04536102,29,11.04536102,29,12.04159458,29,12.04159458,28.28427125,12.16552506,26.87005769,12.16552506,27.58622845,12.04159458,26.17250466,11.04536102,24.75883681,11.04536102,24.75883681,11,24.75883681,10.04987562,23.34523506,10.19803903,24.08318916,8.544003745,23.34523506,8.94427191,24.08318916,8.062257748,24.04163056,8.062257748,23.34523506
19.84943324,26.92582404,19.20937271,25.23885893,20.80865205,25.8069758,20.80865205,25.61249695,21.63330765,25.49509757,21.63330765,25.45584412,22.47220505,25.45584412,22.47220505,24.75883681,22.47220505,25.49509757,23.02172887,24.8394847,23.32380758,24.20743687,23.32380758,25,23.85372088,24.20743687,23.85372088,24.20743687,23.02172887,23.85372088,23.85372088,23.60084744,23.02172887,22.47220505,23.02172887,22.20360331,21.63330765,21.63330765,21.47091055,21.63330765,19.72308292,21.9544984,19.23538406,21.9544984,18.35755975,22.82542442,17.49285568,23.32380758,16.1245155,23.32380758,16.1245155,23.32380758
15,26.92582404,15.26433752,27.20294102,13.60147051,27.85677655,14.86606875,28.46049894,12.20655562,28.16025568,16.1245155,27.89265136,14.76482306,25.96150997,16.64331698,29.83286778,14.31782106,29.12043956,14.03566885,31.04834939,16.15549442,25,17,26.92582404,16.76305461,27.89265136,16.4924225,26.92582404,16.76305461,22.13594362,15.03329638,21.1896201,15.5241747,22.13594362,14.31782106,20.88061302,14.31782106,19.6468827,14.31782106,20.22374842,14.14213562,17.2626765,14.31782106,16.1245155,14.86606875,16.03121954,14.86606875,12,16.64331698,12,14.56021978,14.03566885
26.83281573,15.62049935,27.29468813,16.64331698,26.92582404,17,26.41968963,17.4642492,25.23885893,17.4642492,25.23885893,18.02775638,25,18.97366596,24.20743687,18.68154169,24.20743687,18.68154169,22.6715681,18.68154169,23.34523506,18.43908891,23.34523506,18.43908891,23.34523506,18.43908891,23.34523506,17.4642492,22.6715681,17.4642492,22.6715681,16.4924225,21.26029163,16.2788206,21.26029163,15.29705854,21.26029163,16.2788206,19.84943324,15.13274595,20.61552813,15.03329638,19.20937271,14,19.20937271,13,19.84943324,12.04159458,19.84943324,12.04159458,19.84943324,11.18033989
32.44996148,14.2126704,32.44996148,15,32.20248438,15.26433752,32.20248438,16.1245155,32.01562119,16.1245155,31.2409987,17.4642492,31.144823,16.55294536,31.144823,17.4642492,30.41381265,17.4642492,30.41381265,17.4642492,30.41381265,17.88854382,30.41381265,17.88854382,29,17.4642492,29.73213749,17.4642492,28.31960452,17.4642492,28.31960452,17.4642492,27.58622845,16.15549442,26.90724809,16.15549442,26.90724809,15.8113883,26.2488095,14.56021978,26.2488095,14.56021978,26.2488095,13.34166406,26.2488095,13.34166406,26.2488095,12.16552506,26.2488095,12.16552506,26.2488095,11.04536102
8.94427191,33.61547263,8.602325267,33.54101966,8.485281374,34,8.602325267,33.54101966,8.544003745,32.24903099,9.219544457,33.61547263,9.055385138,31.90611227,9,31.90611227,10,31.06444913,10,30.23243292,11,30.23243292,11,30,11,30,11,29.83286778,11,28.42534081,11,29.06888371,10,28.42534081,10,27.58622845,10,27.65863337,10,26.2488095,10,25.49509757,11.04536102,24.8394847,11.04536102,24.08318916,11.18033989,23.43074903,11.40175425,23.43074903,12.36931688,22.8035085
24.20743687,15.26433752,23.60084744,15,24.41311123,15.62049935,25.23885893,14.86606875,23.60084744,14.86606875,23.60084744,15.62049935,23.60084744,16.40121947,23.60084744,16.40121947,24.20743687,15.8113883,24.20743687,17.20465053,24.8394847,16.64331698,25.61249695,16.64331698,25.61249695,16.64331698,25.61249695,16.64331698,25.49509757,15.8113883,26.2488095,15,25.61249695,14.4222051,24.8394847,14.4222051,24.8394847,14.4222051,25,13.60147051,23.60084744,13.03840481,23.02172887,13.41640786,21.63330765,13.41640786,20.80865205,14.76482306,20.24845673,14.76482306,19.41648784,14.76482306
25.61249695,12.20655562,25,12.80624847,25,12.80624847,25,11.3137085,25,12.04159458,24.20743687,12.20655562,24.20743687,12.20655562,24.8394847,12.80624847,25.61249695,14.4222051,25.61249695,13.60147051,26.40075756,13.89244399,26.40075756,13.89244399,27.80287755,14.76482306,27.65863337,14.31782106,27.65863337,13.92838828,28.31960452,13,27.58622845,13,27.58622845,10.77032961,26.90724809,10.77032961,25.49509757,10.77032961,24.8394847,11.40175425,23.43074903,11.70469991,22.6715681,11.70469991,22.6715681,13,22.02271555,13,22.02271555,13
20.24845673,20.80865205,21.9544984,20,21.9544984,20.61552813,22.36067977,20.61552813,22.82542442,19.79898987,23.70653918,19.84943324,22.82542442,19.20937271,23.70653918,19.41648784,22.82542442,19.41648784,22.82542442,18.86796226,22.82542442,18.86796226,23.70653918,18.35755975,22.82542442,19.23538406,21.9544984,19.23538406,21.09502311,18.78829423,20.24845673,18.78829423,19.72308292,18.78829423,18.86796226,18.78829423,19.23538406,18.78829423,18.35755975,19.31320792,17,19.6977156,16.1245155,20.24845673,15.26433752,20.61552813,15.26433752,21.02379604,13.89244399,21.47091055,13.89244399,21.47091055
28.0713377,23.53720459,29.27456234,24.04163056,30.59411708,22.84731932,31.78049716,22.36067977,32.01562119,20.59126028,32.28002478,19.72308292,33.24154028,18.60107524,31.6227766,16.40121947,30.08321791,14.86606875,28.63564213,15.55634919,26.83281573,15.55634919,27.29468813,15.55634919,25.55386468,15.55634919,26.07680962,15.55634919,25,14.86606875,25,14.14213562,24.20743687,13.45362405,22.6715681,12.20655562,20.51828453,13.03840481,19.10497317,12.80624847,17.69180601,10.63014581,16.40121947,8.485281374,15.8113883,7.810249676,14.31782106,6.403124237,13.60147051,6.32455532,13.15294644,6
27.65863337,17.11724277,27.01851217,19.02629759,24.8394847,21.02379604,22.02271555,22.09072203,21.21320344,21.37755833,20.51828453,20.88061302,21.26029163,20.61552813,21.26029163,19.23538406,22.20360331,18.86796226,22.6715681,18.60107524,24.20743687,16.40121947,24.75883681,16.2788206,24.75883681,15.62049935,24.75883681,16.2788206,26.17250466,15.55634919,26.90724809,16.2788206,26.17250466,16.2788206,27.65863337,12.80624847,28.42534081,12.04159458,29.73213749,8.94427191,26.87005769,6.32455532,25.49509757,8.062257748,22.02271555,5.385164807,22.47220505,5.385164807,20.1246118,4.472135955,20.61552813,5
17.20465053,21.26029163,14.56021978,20.51828453,16.03121954,22.20360331,15.5241747,27.01851217,19.31320792,30.8058436,14.56021978,31.38470965,21.63330765,31.144823,20.59126028,31.38470965,22.02271555,33.12099032,20,33.24154028,21.9317122,31.30495168,19.20937271,31.78049716,19.20937271,26.40075756,17,26.57066051,21.63330765,25.29822128,21.63330765,23.53720459,25,16.03121954,23.70653918,21.09502311,24.18677324,19.31320792,22.82542442,17.02938637,22.47220505,16.1245155,18.38477631,17.02938637,19.84943324,19.10497317,17.69180601,19,15.26433752,19.31320792,19.20937271,18.35755975
15.62049935,13,16.2788206,13.34166406,15.62049935,15.29705854,14.2126704,16.03121954,13.60147051,16.03121954,14.2126704,16.4924225,14.86606875,18.02775638,16.40121947,19.31320792,18.60107524,20.61552813,18.35755975,21.84032967,21.09502311,22.8035085,22.47220505,23.76972865,23.60084744,24.73863375,24.20743687,23.76972865,24.8394847,21.58703314,25.49509757,19.92485885,26.40075756,16.4924225,25.61249695,14.56021978,25,11.40175425,22.82542442,9.486832981,20.61552813,9.219544457,16.76305461,8.246211251,14.14213562,9.219544457,12.04159458,11.18033989,11.04536102,10.81665383,11.18033989,13.45362405
17.69180601,21.9317122,18.43908891,21.9317122,18.43908891,21.9317122,19.20937271,21.9317122,18.60107524,21.40093456,20,21.63330765,19.20937271,21.63330765,19.84943324,21.9544984,19.84943324,20.59126028,19.10497317,21.09502311,19.10497317,21.09502311,19.10497317,21.63330765,19.10497317,22.20360331,20.51828453,22.20360331,19.79898987,21.40093456,20.51828453,21.40093456,20.51828453,20.61552813,19.84943324,19.41648784,19.10497317,19.20937271,17.02938637,18.60107524,15.62049935,18.60107524,15,19.41648784,14.2126704,20,14.2126704,22.02271555,15,22.6715681,15,22.6715681
29.41088234,21.9317122,30.8058436,21.26029163,31.40063694,19.20937271,32.01562119,18.60107524,32.64965543,18.86796226,33.30165161,18.35755975,31.89043744,17.88854382,32.55764119,17,32.55764119,15.65247584,32.52691193,14.31782106,32.52691193,13.92838828,31.82766093,13.41640786,31.144823,11.18033989,29.73213749,10.29563014,28.31960452,8.602325267,26.17250466,8.602325267,23.34523506,9.219544457,21.40093456,10,20.24845673,12.20655562,19.23538406,14.31782106,18.86796226,16.55294536,17.49285568,17.88854382,18.02775638,18.35755975,18.02775638,20.24845673,17.88854382,22.20360331,17.4642492,23.85372088
31.40063694,2.828427125,31.2409987,2.236067977,32.01562119,1.414213562,31.2409987,2.236067977,31.2409987,2.236067977,31.144823,3,31.144823,4,30.41381265,4,29.73213749,4,30.41381265,5,31.11269837,5,30.41381265,5,30.41381265,6,30.41381265,5,30.41381265,5,29.69848481,6,29,6,28.28427125,6,26.87005769,6,26.87005769,6.32455532,26.90724809,5.385164807,26.17250466,5,27.58622845,5,27.58622845,4.242640687,27.58622845,4.242640687,26.87005769,5
28.31960452,10.77032961,29.20616373,10.29563014,29.83286778,10,29.20616373,9.219544457,29.20616373,9.899494937,29.83286778,9.219544457,29.83286778,9.219544457,29.83286778,10,30.61045573,9.433981132,30.61045573,9.433981132,30.61045573,10.29563014,32.01562119,10.29563014,31.40063694,9.848857802,32.01562119,9.486832981,30.61045573,8.246211251,30.61045573,8.246211251,30,8.062257748,28.42534081,8.062257748,27.80287755,8.062257748,27.20294102,9,26.40075756,10.04987562,25.8069758,10.04987562,25,11.18033989,24.41311123,12.36931688,23.85372088,12.36931688,23.85372088,12.36931688
9.219544457,30.87069808,9.433981132,28.63564213,10.77032961,29.54657341,11.40175425,28.63564213,12.16552506,26.40075756,12.16552506,26.83281573,12,25.94224354,12.04159458,25.55386468,12.16552506,26.41968963,12.16552506,25.23885893,13.15294644,25.8069758,13.34166406,24.20743687,12.36931688,25,13.15294644,24.8394847,12.36931688,24.8394847,11.18033989,24.8394847,12.16552506,23.43074903,11.18033989,22.6715681,12.16552506,21.40093456,12.36931688,20.80865205,12.64911064,19.20937271,11.18033989,19.20937271,11.18033989,18.43908891,10.81665383,18.43908891,10,17.80449381,10.63014581,17.80449381
23.60084744,24.59674775,24.69817807,23.70653918,25.55386468,23.32380758,25.94224354,21.9544984,24.59674775,20.80865205,25.49509757,21.40093456,25.07987241,21.26029163,24.16609195,20.51828453,23.76972865,20.51828453,23.76972865,20.51828453,24.16609195,21.26029163,23.76972865,21.26029163,23.76972865,21.40093456,23.2594067,21.40093456,23.2594067,20,23.2594067,20.80865205,23.2594067,20,21.9317122,19.41648784,21.9317122,18.60107524,21.1896201,18.60107524,19.92485885,18.60107524,18.97366596,18.02775638,17.72004515,18.86796226,17.72004515,19.41648784,17.72004515,19.41648784,16.76305461,19.41648784
34.0147027,19.6977156,34.53983208,19.23538406,33.24154028,18.02775638,32.89376841,16.2788206,31.6227766,17.02938637,30.6757233,17.20465053,29.73213749,17,29.15475947,18.78829423,28.23118843,18.78829423,27.73084925,19.31320792,27.73084925,20.24845673,27.29468813,21.1896201,26.92582404,21.1896201,26.62705391,20.24845673,26.62705391,20.24845673,26.62705391,19.6977156,25.23885893,18.38477631,24.69817807,18.78829423,24.18677324,17.4642492,24.18677324,17.4642492,22.82542442,18.02775638,21.9317122,19.31320792,21.02379604,19.92485885,20.1246118,19.92485885,18.78829423,19.92485885,17.88854382,20.24845673
16.76305461,32.69556545,16.4924225,32.69556545,19.10497317,31.38470965,19.02629759,30.41381265,20,28.65309756,19.02629759,27.29468813,19.23538406,26.92582404,19.23538406,27.45906044,18.43908891,26.62705391,19.41648784,26.40075756,18.68154169,27.65863337,18.68154169,26.2488095,18.68154169,26.17250466,17.72004515,26.17250466,16.4924225,25.49509757,15.5241747,25.49509757,14.31782106,24.75883681,14.14213562,23.34523506,13.60147051,21.9317122,12.64911064,21.21320344,13,19.20937271,13.41640786,20.51828453,12.20655562,18.43908891,10.81665383,18.43908891,11.3137085,17.20465053,10.63014581,17.69180601
13,30,13.41640786,29.41088234,12.52996409,30.52867504,12.20655562,30.01666204,12.04159458,29.15475947,12.04159458,30.01666204,12.04159458,29.15475947,12.80624847,29.15475947,13.03840481,30.01666204,13.03840481,30.52867504,13.89244399,30.52867504,12.52996409,29.68164416,13.41640786,29.68164416,13,30.23243292,13,29.68164416,12.64911064,29.68164416,11.70469991,28.3019434,11.70469991,27.45906044,11.70469991,27.78488798,11.40175425,26.41968963,12.36931688,25.05992817,13.34166406,25.05992817,13.34166406,24.18677324,14.56021978,24.18677324,14.56021978,22.82542442,14.56021978,21.9544984
8.062257748,25.8069758,7.280109889,26.07680962,5.830951895,26.41968963,5.830951895,26.41968963,5.830951895,24.69817807,5.830951895,25.55386468,6.708203932,25.23885893,5.385164807,26.07680962,6.08276253,24.69817807,6.08276253,25.23885893,7.071067812,24.41311123,7.071067812,24.41311123,7,24.20743687,7,24.20743687,6.08276253,23.43074903,6,22.8035085,6,22.8035085,6,22.20360331,6,21.63330765,7,20.24845673,7,20.24845673,8,20.24845673,9.055385138,19.41648784,10.04987562,18.60107524,9.055385138,18.86796226,10.04987562,18.02775638
31.76476035,13.60147051,30.88689042,14.76482306,29.52964612,14.31782106,29.15475947,15.8113883,26.62705391,17.4642492,25.8069758,14.56021978,25,17.2626765,25.61249695,15.13274595,26.40075756,16.03121954,26.90724809,17.02938637,26.2488095,16.03121954,26.90724809,16.03121954,25.45584412,16,26.17250466,15.03329638,25.45584412,14.03566885,26.17250466,14.03566885,24.75883681,14.03566885,23.34523506,13.03840481,24.08318916,13,23.34523506,13,21.9317122,13.03840481,21.9317122,11.18033989,21.26029163,12.36931688,21.9317122,12.36931688,21.9317122,11.40175425,21.21320344,10.77032961
64.03124237,79.30952024,71.40028011,84.64632302,67.35725648,90.97252332,73.60027174,86.31338251,74.24957912,71.50524456,70.49113419,84.72307832,64.44377394,77.89736838,61.74139616,69.52697318,71.19691005,84.62860037,55.1724569,89.27485648,78.40918314,106.4048871,72.12489168,102.1567423,82.73451517,94.64142856,71.21797526,98.59513173,66.03029608,101.4001972,81.68843247,121.1651765,82.80096618,120.9338662,67.08203932,87.36704184,74.43117626,88.00568163,58.13776741,87.45856162,83.40863265,90.02777349,75.45197148,101.5332458,59.16924877,66.52818951,70.60453243,101.2373449,79.20858539,87.6184912,63.2455532,81.83520025
9.899494937,35.84689666,10,34.13209633,11.18033989,34.98571137,11.70469991,33.28663395,11.40175425,33.28663395,12.36931688,33.01514804,12.16552506,33.01514804,12.04159458,32.20248438,12.04159458,32.20248438,13.03840481,32.01562119,13,31.2409987,13,31.2409987,13,31.144823,13,31.144823,12,29.69848481,12,29.73213749,11,29,11,28.31960452,11.04536102,27.65863337,11.04536102,27.01851217,10.44030651,26.2488095,9.486832981,26.2488095,9.848857802,26.2488095,9.848857802,26.2488095,10.29563014,25.61249695,9.433981132,24.8394847
22.20360331,20.59126028,23.02172887,20.1246118,23.02172887,18.35755975,22.82542442,18.02775638,21.9544984,17.20465053,22.36067977,17.80449381,21.47091055,17.80449381,22.36067977,17.69180601,21.9317122,17.69180601,21.02379604,17.69180601,21.9317122,17.69180601,21.02379604,17.02938637,21.02379604,17.02938637,20.1246118,17.20465053,20.59126028,16.40121947,20.59126028,16.40121947,20.1246118,16.40121947,19.23538406,16.40121947,19.6977156,15.62049935,18.38477631,15,17.08800749,15.8113883,16.76305461,15.8113883,15.8113883,15.8113883,15.8113883,17.20465053,16.4924225,16.40121947,15.5241747,16.40121947
28.8444102,13.60147051,29.68164416,12.08304597,29.68164416,11.18033989,29.52964612,12.20655562,28.65309756,10.63014581,28.65309756,11.3137085,28.65309756,10.63014581,27.78488798,11.40175425,28.17800561,10.81665383,27.29468813,11.66190379,27.29468813,12.08304597,27.29468813,12.08304597,27.29468813,11.70469991,26.92582404,12.64911064,26.92582404,12.64911064,26.07680962,11.70469991,26.07680962,11.70469991,24.69817807,11.70469991,24.18677324,10.77032961,23.70653918,11.40175425,22.82542442,11.70469991,21.9317122,12.64911064,21.02379604,12.64911064,20.1246118,13.60147051,20.61552813,12.64911064,19.6977156,13.60147051
35.51056181,4.123105626,34.98571137,3,34.98571137,3.605551275,34.4818793,3.605551275,33.28663395,3.16227766,33.28663395,5,32.44996148,5,32.44996148,5.099019514,31.6227766,6.32455532,31.6227766,6.32455532,32.20248438,7.615773106,32.20248438,7.615773106,31.40063694,7.615773106,30.61045573,7.615773106,29.83286778,7.280109889,29.83286778,7.280109889,29.20616373,7.280109889,28.42534081,6.32455532,27.80287755,6.708203932,26.62705391,7.211102551,25.8069758,7.810249676,25.8069758,8.485281374,25,7.810249676,25.8069758,8.602325267,24.41311123,8.602325267,24.41311123,9.433981132
12.08304597,30.23243292,10.29563014,31.06444913,10.29563014,29.68164416,9.219544457,30.01666204,9.219544457,29.15475947,9.219544457,29.15475947,9.433981132,29.15475947,10.29563014,29.15475947,10.29563014,28.65309756,9.848857802,29.15475947,10.44030651,28.3019434,10.44030651,28.3019434,11.40175425,28.3019434,11.40175425,27.45906044,10.44030651,27.45906044,10.44030651,26.62705391,9.486832981,26.62705391,9.486832981,25.23885893,9.486832981,24.18677324,10.44030651,24.18677324,10.44030651,23.70653918,11.40175425,22.36067977,11.40175425,21.47091055,12.36931688,22.36067977,12.36931688,21.02379604,12.64911064,21.02379604
5.099019514,31.90611227,5,30.52867504,3,30.52867504,2,30.88689042,2.236067977,29.68164416,2.236067977,30.52867504,2,29.68164416,3,29.15475947,3.16227766,29.15475947,4.472135955,28.3019434,4.472135955,28.8444102,5,28.8444102,5,28.8444102,5,27.80287755,5,27.20294102,5,27.01851217,5,25.8069758,4.472135955,25,5,25.23885893,5.830951895,24.69817807,6.32455532,23.02172887,6.708203932,23.02172887,7.615773106,22.47220505,7.615773106,22.47220505,7.280109889,21.63330765,8.246211251,21.63330765
14.31782106,33.01514804,12.64911064,31.6227766,13,31.90611227,11.66190379,32.75667871,10.81665383,30.52867504,10.63014581,31.38470965,11.3137085,31.38470965,10.63014581,31.38470965,10.81665383,31.38470965,10.81665383,31.38470965,11.18033989,30.52867504,10.77032961,30.52867504,10.77032961,31.06444913,10.77032961,30.23243292,10.44030651,29.41088234,9.486832981,29.41088234,9.486832981,28.8444102,9.486832981,27.45906044,9.848857802,26.92582404,10.44030651,26.41968963,10.19803903,25.05992817,11.40175425,25.05992817,12.36931688,24.18677324,12.36931688,24.18677324,12.36931688,22.82542442,13.34166406,22.82542442
10.44030651,31.6227766,9.486832981,31.06444913,8.94427191,31.90611227,8.602325267,30.52867504,7.810249676,30.52867504,7.810249676,30.52867504,8.602325267,29.68164416,8.602325267,30.52867504,8.94427191,29.68164416,9.486832981,29.68164416,9.486832981,29.68164416,9.486832981,28.8444102,10.44030651,28.8444102,9.486832981,29.41088234,9.219544457,28.60069929,9.219544457,28.60069929,8.246211251,27.45906044,8.246211251,26.62705391,8.246211251,26.07680962,9.219544457,24.69817807,11.04536102,24.18677324,11.18033989,24.18677324,12.16552506,22.82542442,12.36931688,22.82542442,13.34166406,22.82542442,13.34166406,21.9544984
35.51056181,5.099019514,34.98571137,4.472135955,34.98571137,5,34.98571137,5.830951895,34.13209633,5.385164807,33.28663395,6.32455532,33.28663395,7.071067812,32.44996148,7,32.44996148,8.062257748,33.01514804,8.062257748,33.60059523,8.062257748,32.20248438,8.062257748,32.80243893,9.219544457,32.01562119,9.219544457,31.2409987,9.055385138,30.61045573,9.055385138,29.83286778,8.246211251,29.20616373,8.062257748,28.60069929,8.544003745,27.20294102,8.544003745,27.20294102,8.94427191,26.40075756,10,26.40075756,10,26.40075756,9.899494937,25.61249695,9.899494937,25.61249695,9.899494937
12.36931688,33.01514804,11.70469991,33.28663395,10.29563014,31.90611227,10.29563014,32.75667871,10,31.38470965,9.899494937,31.90611227,9.219544457,31.38470965,10,31.38470965,9.433981132,31.38470965,10.29563014,31.38470965,11.18033989,31.38470965,10.77032961,30.52867504,10.77032961,30.52867504,10.44030651,31.06444913,10.44030651,29.41088234,9.486832981,28.8444102,9.486832981,28.3019434,9.486832981,27.45906044,9.486832981,26.41968963,10.19803903,26.41968963,11.18033989,24.18677324,12.16552506,25.05992817,12.16552506,23.70653918,13.34166406,23.70653918,13.34166406,23.70653918,13.34166406,22.82542442
35.51056181,3.605551275,34.66987165,2.236067977,34.98571137,1.414213562,34.13209633,1.414213562,33.61547263,1.414213562,33.28663395,2.828427125,33.28663395,3.605551275,32.75667871,4.242640687,31.90611227,5,32.44996148,6.403124237,32.44996148,7.071067812,31.6227766,6.403124237,31.6227766,7.071067812,31.40063694,7.071067812,30.61045573,7.071067812,30,7.071067812,29.20616373,7.071067812,28.01785145,7.071067812,27.45906044,6.403124237,26.92582404,7.211102551,25.55386468,8.94427191,24.69817807,8.94427191,25.23885893,9.486832981,25.23885893,10.77032961,24.69817807,10.44030651,24.69817807,10.44030651
6,34.13209633,5,34.13209633,4.123105626,33.61547263,3.605551275,33.61547263,2.828427125,32.24903099,3.16227766,32.24903099,3,31.38470965,4,31.38470965,5.099019514,31.38470965,5.099019514,31.38470965,6.08276253,31.06444913,7.071067812,31.06444913,7.280109889,31.06444913,7.280109889,30.23243292,6.32455532,29.41088234,6.708203932,28.8444102,6.32455532,28.01785145,5.385164807,26.62705391,6.32455532,26.92582404,6.708203932,25.55386468,8.544003745,25.05992817,8.246211251,24.18677324,9.055385138,24.18677324,10.04987562,24.18677324,10.04987562,22.82542442,10.04987562,22.82542442
13.60147051,28.60069929,13,28.8444102,11.18033989,29.68164416,11.18033989,28.65309756,10.81665383,27.78488798,10.63014581,28.65309756,9.899494937,27.78488798,10.63014581,27.29468813,10.81665383,27.29468813,10.81665383,27.29468813,11.18033989,27.78488798,11.18033989,26.92582404,11.18033989,26.92582404,10.77032961,26.92582404,9.848857802,26.07680962,9.848857802,26.07680962,8.94427191,25.55386468,9.848857802,24.18677324,8.94427191,24.18677324,9.486832981,23.2594067,10.44030651,21.9317122,10.44030651,21.02379604,11.70469991,21.02379604,11.70469991,20.61552813,12.64911064,20.61552813,12.64911064,19.6977156
22.82542442,25,21.9544984,25.23885893,21.09502311,25.23885893,21.09502311,24.69817807,19.41648784,24.18677324,20,23.70653918,19.20937271,23.70653918,19.10497317,23.2594067,19.10497317,24.16609195,19.79898987,24.16609195,19.84943324,24.16609195,19.84943324,23.76972865,20.61552813,23.2594067,19.20937271,23.2594067,18.60107524,22.36067977,19.20937271,22.36067977,17.80449381,22.36067977,17.80449381,21.02379604,17.02938637,20.61552813,17.02938637,19.31320792,17.80449381,19.92485885,17.02938637,18.68154169,18.02775638,18.43908891,18.60107524,17.4642492,18.60107524,17.11724277,17.80449381,16.2788206
32.75667871,9.219544457,33.12099032,9.899494937,31.90611227,10.81665383,32.24903099,11.18033989,31.06444913,10.77032961,30.23243292,11.40175425,31.06444913,10.19803903,30.23243292,10.19803903,30.23243292,11.04536102,29.41088234,12.16552506,29.20616373,13.15294644,29.20616373,13.03840481,29.06888371,13.03840481,28.31960452,13.03840481,27.65863337,12.04159458,26.90724809,11.04536102,26.2488095,12.04159458,25.49509757,11.04536102,25.61249695,12,25,11.18033989,24.20743687,10.44030651,24.20743687,10.77032961,23.43074903,10.77032961,24.08318916,10.77032961,22.6715681,10.77032961,23.43074903,10.29563014
3.16227766,33.28663395,3.16227766,33.61547263,2.236067977,33.28663395,2.236067977,32.24903099,3,31.90611227,4.123105626,31.90611227,4.123105626,31.06444913,4.472135955,31.06444913,5.385164807,30.23243292,5.830951895,30.8058436,6.403124237,30.8058436,6.403124237,30.8058436,7.211102551,30,5.830951895,29.83286778,6.708203932,29.20616373,6.708203932,28.42534081,6.708203932,27.80287755,5.830951895,26.40075756,6.403124237,26.62705391,7.071067812,25.8069758,7.810249676,25,9.219544457,25,8.602325267,23.60084744,8.94427191,25,8.94427191,24.41311123,8.94427191,23.60084744
32.24903099,13.45362405,31.38470965,14.14213562,30.52867504,13.60147051,30.01666204,13.89244399,29.15475947,13.89244399,28.8444102,14.31782106,29.41088234,13.92838828,28.60069929,13.92838828,28.60069929,13.60147051,27.80287755,15.8113883,28.42534081,15.5241747,28.42534081,15.5241747,28.31960452,15.5241747,27.58622845,15.5241747,26.17250466,14.56021978,26.17250466,14.56021978,25.49509757,14.56021978,24.75883681,13.60147051,24.8394847,13.34166406,24.08318916,13.03840481,24.08318916,13.03840481,23.43074903,13,24.04163056,12.04159458,23.34523506,12.04159458,23.34523506,12.16552506,22.02271555,11
9.433981132,29.68164416,9.433981132,28.8444102,9.899494937,29.68164416,9.219544457,28.8444102,8.602325267,28.01785145,10.29563014,28.01785145,10.29563014,28.01785145,11.18033989,27.20294102,10.77032961,27.20294102,11.70469991,27.80287755,10.44030651,28.42534081,10.44030651,27.01851217,10.44030651,26.2488095,10.44030651,25.49509757,10.77032961,26.17250466,10.77032961,26.2488095,10.44030651,25.49509757,10.44030651,23.43074903,10.44030651,24.20743687,10.04987562,23.43074903,10,23.43074903,10,22.6715681,10.04987562,22.6715681,9.219544457,23.43074903,8.246211251,22.6715681,9.219544457,22.6715681
21.40093456,30.41381265,22.20360331,29.52964612,21.63330765,28.65309756,22.36067977,27.78488798,21.47091055,27.45906044,22.84731932,28.01785145,22.84731932,27.20294102,22.47220505,26.40075756,22.47220505,27.01851217,22.47220505,25.49509757,23.40939982,25.45584412,23.40939982,24.75883681,23.40939982,24.75883681,22.47220505,24.8394847,21.54065923,23.43074903,21.54065923,23.43074903,20.24845673,22.6715681,19.31320792,22.6715681,19.92485885,21.9317122,18.43908891,21.9317122,17.2626765,21.26029163,16.1245155,22.02271555,16.1245155,22.02271555,16.1245155,22.8035085,15.03329638,22.02271555,15.03329638,22.6715681
12.20655562,31.06444913,12.04159458,30.23243292,12.04159458,30.23243292,12.20655562,29.41088234,12.20655562,29.20616373,13.03840481,29.20616373,12.52996409,29.06888371,13.41640786,29.06888371,13.41640786,29.06888371,14.31782106,29,14.31782106,28.28427125,14.31782106,28.28427125,14.76482306,28.28427125,14.76482306,27.58622845,13.89244399,26.90724809,13.89244399,27.58622845,13.89244399,26.17250466,12.52996409,25.45584412,13,25.45584412,11.70469991,25.45584412,11.70469991,24.75883681,11.40175425,26.17250466,10.44030651,25.49509757,11.40175425,25.49509757,10.44030651,25.49509757,10.19803903,26.17250466
30.52867504,5,30.01666204,5.656854249,30.01666204,5.830951895,29.15475947,6.32455532,28.8444102,7,28.01785145,7,28.60069929,8,28.60069929,8.062257748,29.20616373,9.055385138,28.42534081,9.055385138,28.42534081,10.19803903,27.65863337,10.19803903,28.31960452,10.19803903,27.58622845,10.19803903,26.17250466,9.055385138,26.17250466,9.055385138,25.49509757,9.055385138,24.08318916,8.246211251,24.08318916,9.486832981,23.43074903,9.848857802,22.6715681,9.433981132,22.627417,10,22.627417,9.899494937,23.34523506,9.219544457,23.34523506,9.219544457,23.34523506,9.219544457
25.49509757,21.9317122,25.8069758,20.59126028,26.62705391,20.24845673,25.23885893,19.41648784,25.55386468,20,24.69817807,18.43908891,25.55386468,19.10497317,25.55386468,18.38477631,25.55386468,19.10497317,26.41968963,19.20937271,26.41968963,20.61552813,26.41968963,19.20937271,26.41968963,19.41648784,24.69817807,18.02775638,24.69817807,18.02775638,24.69817807,18.60107524,23.85372088,18.02775638,24.18677324,17.20465053,22.82542442,17.20465053,22.36067977,16.64331698,21.9317122,17.49285568,21.02379604,17,20.1246118,18.35755975,19.6977156,18.86796226,19.31320792,19.72308292,19.31320792,18.35755975
9.433981132,31.38470965,9.219544457,31.90611227,10,31.38470965,10.77032961,30.52867504,10.44030651,29.68164416,10.44030651,29.41088234,11.40175425,29.20616373,12.16552506,29.20616373,12.16552506,29.20616373,12.16552506,29.06888371,11.04536102,29.06888371,11,29.06888371,11,29.06888371,11.04536102,29,11.04536102,27.58622845,11.04536102,28.31960452,11.04536102,26.90724809,11.04536102,26.2488095,10,25.49509757,12.04159458,24.8394847,11.18033989,24.08318916,11.18033989,23.34523506,10.44030651,24.08318916,9.848857802,24.08318916,9.848857802,24.08318916,8.94427191,23.34523506
6.403124237,30.88689042,6.708203932,30.01666204,7.280109889,30.01666204,8.062257748,29.68164416,9.055385138,28.8444102,9,28.60069929,9,28.60069929,10,28.42534081,9.055385138,27.65863337,10,28.31960452,10.04987562,27.58622845,10.04987562,27.58622845,10.04987562,26.87005769,9,27.58622845,9,26.90724809,8,27.58622845,9,26.17250466,9,26.17250466,8.062257748,25.45584412,8.246211251,24.75883681,8.246211251,24.75883681,7.615773106,24.08318916,7.615773106,24.08318916,7.615773106,24.08318916,6.708203932,23.34523506,6.708203932,23.34523506
18.38477631,29.68164416,17,30.88689042,16.64331698,30.41381265,15.62049935,29.52964612,16.40121947,29.52964612,16.2788206,29.52964612,16.2788206,29.06888371,15.8113883,28.17800561,16.64331698,29.06888371,16.1245155,29.06888371,17,29.52964612,17,29.52964612,17.4642492,28.65309756,17.4642492,27.78488798,16.55294536,26.92582404,16.55294536,27.45906044,15.65247584,26.92582404,15.23154621,26.07680962,15.23154621,25.94224354,15.65247584,25.05992817,16.15549442,23.70653918,15.8113883,22.36067977,16.15549442,21.47091055,16.76305461,21.47091055,17.08800749,21.02379604,17.08800749,21.02379604
16.55294536,28.65309756,17,29.06888371,15.8113883,29.06888371,15,28.63564213,15.55634919,28.63564213,14.86606875,28.23118843,15.62049935,27.31300057,15.8113883,27.31300057,15.26433752,26.92582404,16.1245155,27.31300057,16.55294536,27.73084925,16.55294536,27.31300057,16.15549442,26.40075756,17.08800749,25.05992817,16.15549442,25.05992817,17.08800749,25.05992817,15.23154621,24.18677324,16.15549442,23.32380758,15.23154621,23.2594067,15.23154621,21.02379604,14.86606875,21.02379604,15.8113883,19.6977156,15.8113883,18.38477631,17.08800749,19.6977156,16.15549442,17.4642492,16.15549442,16.15549442
24.16609195,23.32380758,24.59674775,23.70653918,23.32380758,24.16609195,23.02172887,24.69817807,22.8035085,24.69817807,22.6715681,24.35159132,21.9317122,24.04163056,21.9317122,23.08679276,22.6715681,23.08679276,22.02271555,23.08679276,22.20360331,24.35159132,23.02172887,23.40939982,22.47220505,23.40939982,22.82542442,22.47220505,21.9544984,22.84731932,21.9544984,21.9317122,21.9544984,21.02379604,20.59126028,20.61552813,20.24845673,20.24845673,20.24845673,18.97366596,19.72308292,18.68154169,19.72308292,17.4642492,20.59126028,16.4924225,20.59126028,16.4924225,20.59126028,15.29705854,19.72308292,14.31782106
2.828427125,31.76476035,4.123105626,31.76476035,5.099019514,30.88689042,6.32455532,30.88689042,7.280109889,30.01666204,7.615773106,29.68164416,9.486832981,28.8444102,8.94427191,29.41088234,10.29563014,28.60069929,10.29563014,29.20616373,10,29.20616373,10.63014581,28.42534081,10.63014581,28.31960452,10,28.31960452,10,27.58622845,10,27.58622845,9.433981132,26.90724809,8.602325267,26.17250466,8.602325267,25.49509757,9.219544457,24.75883681,9.899494937,23.34523506,9.219544457,23.34523506,10,23.34523506,9.848857802,23.34523506,9.848857802,21.9317122,9.848857802,21.26029163
8.94427191,31.90611227,9.219544457,31.76476035,9.219544457,30.41381265,8.602325267,31.76476035,8.94427191,31.76476035,9.219544457,30.01666204,9,31.30495168,10.44030651,32.20248438,10.77032961,30.88689042,11.04536102,30.52867504,11,29.68164416,12.16552506,26.40075756,12.64911064,27.80287755,12.16552506,30.8058436,12.36931688,27.65863337,11.18033989,29.20616373,11,26.90724809,11.04536102,27.01851217,11,26.40075756,11,25,12,25.8069758,12.04159458,23.60084744,13.03840481,23.60084744,13.34166406,21.40093456,12.36931688,21.63330765,15.03329638,21.9544984
15.8113883,28.17800561,17,27.29468813,16.55294536,26.92582404,18.02775638,26.92582404,18.02775638,25.8069758,17.72004515,25.8069758,17.72004515,25.61249695,17.4642492,24.8394847,17.4642492,24.75883681,18.43908891,24.75883681,18.43908891,25.49509757,18.43908891,24.8394847,18.43908891,24.8394847,17.72004515,25,17.72004515,24.20743687,16.76305461,25,16.76305461,24.20743687,15.8113883,22.8035085,16.4924225,22.8035085,15.29705854,22.02271555,14.31782106,22.20360331,13.15294644,22.20360331,13.15294644,21.40093456,12.04159458,22.20360331,12.04159458,21.40093456,11.04536102,21.40093456
21.02379604,29.15475947,20.59126028,29.52964612,19.41648784,30.41381265,19.20937271,30.87069808,19.10497317,29.96664813,19.10497317,30.87069808,19.20937271,30.87069808,19.41648784,29.06888371,18.86796226,29.96664813,19.72308292,29.06888371,20.59126028,29.06888371,20.1246118,29.06888371,20.1246118,29.52964612,20.61552813,29.15475947,19.6977156,28.3019434,19.6977156,27.45906044,18.78829423,27.78488798,18.38477631,26.07680962,18.78829423,25.55386468,18.38477631,25.05992817,18.38477631,24.18677324,19.31320792,22.82542442,19.31320792,21.47091055,19.6977156,21.47091055,19.6977156,20.1246118,19.6977156,20.1246118
18.86796226,21.02379604,18.78829423,19.23538406,19.6977156,19.72308292,19.31320792,19.41648784,19.31320792,18.60107524,20.24845673,18.43908891,20.24845673,17.69180601,20.24845673,17.69180601,19.92485885,17.69180601,20.24845673,19.20937271,18.97366596,18.60107524,18.97366596,18.60107524,18.97366596,19.41648784,18.38477631,18.86796226,18.38477631,18.35755975,18.38477631,17.49285568,17.4642492,17.49285568,17.4642492,16.64331698,17.08800749,16.64331698,17.08800749,16.1245155,15.8113883,16.1245155,14.56021978,16.1245155,13.60147051,16.1245155,13.34166406,17.49285568,12.36931688,16.64331698,11.18033989,16.1245155
12.08304597,33.61547263,10.81665383,33.12099032,10.63014581,33.54101966,10.63014581,32.64965543,10.81665383,32.64965543,11.18033989,32.64965543,11.70469991,32.64965543,12.64911064,31.76476035,12.36931688,32.24903099,13.34166406,31.38470965,13.15294644,31.90611227,14.03566885,31.90611227,14.14213562,31.6227766,14.03566885,30.23243292,13.03840481,30.61045573,13.03840481,30,13.15294644,28.60069929,12.04159458,28.60069929,13.03840481,27.20294102,13.03840481,26.62705391,14.14213562,25.23885893,14.14213562,24.41311123,15.13274595,23.85372088,15.13274595,23.85372088,15.29705854,22.47220505,15.29705854,21.63330765
