6.08276253,13.45362405,4.472135955,15,4.472135955,16.2788206,4.472135955,14.86606875,5.830951895,15.62049935,5,15.62049935,4.242640687,14.2126704,4.242640687,17.02938637,5,16.40121947,6.32455532,15.8113883,5,17.20465053,4.472135955,17.20465053,4.472135955,16.64331698,5.099019514,17.80449381,5.385164807,15.8113883,5,15.62049935,4,14.86606875,6,17.02938637,5.099019514,14.2126704,6.08276253,15.26433752,5,13.60147051,5.099019514,13.45362405,5,12.80624847,5.099019514,13.45362405,6.08276253,13.03840481,7.280109889,13.60147051
5.099019514,16.40121947,5.830951895,15.62049935,6.403124237,17.02938637,5.830951895,17.20465053,4.242640687,16.40121947,5.656854249,16.40121947,6.403124237,15.8113883,5.385164807,15.62049935,6.403124237,17.69180601,7.615773106,16.97056275,5.099019514,14.86606875,6.08276253,14.86606875,8.94427191,16.2788206,8.246211251,16.2788206,6.32455532,14.86606875,6.708203932,14.14213562,7.615773106,14.86606875,6.32455532,14.14213562,7.280109889,13.45362405,6,14.86606875,6.32455532,14.86606875,6.08276253,12.80624847,5,13.45362405,6,14.2126704,6,12.04159458,5.099019514,12.72792206
11.18033989,11.40175425,9.433981132,11.3137085,9.219544457,12.20655562,7.810249676,11.40175425,9.433981132,12.20655562,9.219544457,13.45362405,9.433981132,12.80624847,9.219544457,13.03840481,10.63014581,14.2126704,8.485281374,12.80624847,10,14.2126704,9.899494937,12.52996409,8.602325267,11.18033989,9.219544457,12.52996409,8.485281374,11.18033989,8.602325267,13.41640786,8.062257748,13.03840481,8.544003745,13.03840481,9.486832981,11.66190379,8.062257748,12.08304597,8.544003745,10.63014581,7.615773106,9.486832981,9.433981132,10.29563014,10.81665383,7.615773106,9.433981132,8.94427191,9.219544457,9.848857802
10,13.45362405,10.29563014,12.80624847,10.29563014,14.2126704,13.03840481,14.2126704,10.63014581,13.45362405,10,14.86606875,11.66190379,13.45362405,10.81665383,13.60147051,10,15,9.219544457,14.2126704,10.63014581,15.26433752,9.219544457,15.26433752,8.602325267,16.1245155,9.219544457,15,9.433981132,14.4222051,9.219544457,14.4222051,8.062257748,14.76482306,9.433981132,12.20655562,10.29563014,13.60147051,11.18033989,13.03840481,9.486832981,12.20655562,8.94427191,13.03840481,9.433981132,12.20655562,9.848857802,11.66190379,10.29563014,10.29563014,10.29563014,11.70469991
6.708203932,16.2788206,7.615773106,17.02938637,9.486832981,16.2788206,7.280109889,14.86606875,9.219544457,17.69180601,5,17.02938637,7.280109889,15.55634919,8.602325267,17.20465053,9.433981132,17.69180601,7.615773106,17.69180601,8.602325267,19.20937271,8.062257748,18.35755975,7.810249676,17.02938637,5.830951895,19.20937271,6,17.80449381,5.830951895,17.80449381,6.32455532,18.02775638,7.280109889,16.2788206,7.071067812,17.02938637,7.071067812,15.26433752,7.615773106,15.8113883,8.246211251,17.20465053,6.708203932,15.62049935,8.544003745,15,9.848857802,15,8.544003745,13.89244399
7.615773106,14.86606875,9.219544457,14.86606875,7.211102551,15.62049935,7.810249676,15.55634919,5.830951895,14.2126704,6.708203932,17.02938637,8.062257748,15.8113883,7.211102551,15.8113883,7.810249676,15.8113883,6.403124237,15.26433752,7.810249676,17.02938637,7.211102551,16.64331698,5,17.02938637,6.708203932,18.02775638,5.830951895,15,5.385164807,17.20465053,5.099019514,15.8113883,6.32455532,15.62049935,5.830951895,15.62049935,7.280109889,14.2126704,6.708203932,15,7.615773106,15.8113883,7.615773106,13.45362405,6.08276253,12.80624847,7.615773106,13.60147051,6.32455532,12.20655562
16.2788206,6.08276253,17.69180601,3.16227766,16.2788206,3.16227766,15.55634919,3,15.55634919,3.605551275,16.40121947,2,17.20465053,3.16227766,15.62049935,1,16.40121947,1.414213562,17.02938637,3.605551275,18.43908891,2.236067977,17.20465053,3.16227766,18.43908891,2,16.2788206,2,17.80449381,1.414213562,15.62049935,2.828427125,16.64331698,2.236067977,15.62049935,2.236067977,16.2788206,4.472135955,14.14213562,2.236067977,15.8113883,1,15.62049935,2,14.86606875,4,14.2126704,4.123105626,15,6.32455532,12.72792206,4
10.44030651,12.20655562,6.32455532,12.80624847,10.81665383,13.45362405,9.433981132,12.72792206,8.062257748,14.2126704,9.433981132,14.14213562,8.544003745,15.62049935,8.94427191,14.86606875,7.211102551,15.62049935,7.211102551,15.55634919,8.485281374,16.2788206,7.071067812,14.86606875,7.211102551,16.2788206,5.656854249,15,6.403124237,14.4222051,6.403124237,16.40121947,7.810249676,15,8.062257748,12.20655562,8.062257748,15,6.708203932,12.72792206,6.708203932,14.2126704,5.830951895,13.03840481,8.485281374,13.45362405,6.32455532,13.60147051,7.615773106,12.20655562,8.062257748,10.81665383
27.58622845,10,27.58622845,9.219544457,30.41381265,7,31.144823,6.708203932,30.41381265,5.830951895,29.73213749,7.280109889,29.73213749,4.472135955,29.06888371,5.830951895,30.61045573,6.403124237,29.20616373,9.219544457,32.64965543,5,32.80243893,6.708203932,30.61045573,6.08276253,32.64965543,4.123105626,30.47950131,3.605551275,32.80243893,4.472135955,30.41381265,5.099019514,29,6.08276253,29,5.099019514,27.58622845,6.08276253,28.31960452,5.099019514,28.31960452,6.08276253,27.65863337,6,27.65863337,7.280109889,27.58622845,10.19803903,27.80287755,9.219544457
24.8394847,13.03840481,25.23885893,13.03840481,27.80287755,13.45362405,27.80287755,14.14213562,27.65863337,14.14213562,27.01851217,12.72792206,27.45906044,13.45362405,24.08318916,14.2126704,26.2488095,16.40121947,25.49509757,17.02938637,28.28427125,15.8113883,26.90724809,16.1245155,25.45584412,16.55294536,24.75883681,17.20465053,23.34523506,14.76482306,26.2488095,16.1245155,26.17250466,16.64331698,23.43074903,16.64331698,23.43074903,15.8113883,22.8035085,17,22.6715681,15.26433752,22.6715681,14.31782106,22.6715681,12.52996409,23.34523506,13.92838828,22.6715681,13.60147051,24.20743687,12.64911064
19.84943324,8.062257748,20,7.810249676,19.20937271,10.63014581,19.10497317,8.602325267,17.20465053,7.810249676,18.02775638,7.810249676,18.02775638,9.219544457,18.43908891,8.485281374,17.69180601,10,17.69180601,7.615773106,20,10.81665383,17.69180601,11.70469991,17.02938637,9.848857802,16.97056275,9.486832981,16.2788206,8.246211251,18.43908891,11.18033989,17.69180601,10.44030651,15.55634919,9.486832981,17.02938637,11.70469991,17.69180601,8.94427191,17.69180601,8.544003745,15.62049935,8.544003745,17.02938637,8.062257748,15.62049935,9.219544457,16.2788206,7,18.38477631,8.246211251
21.40093456,4.242640687,20.61552813,5.385164807,20,5.830951895,21.40093456,3.605551275,18.43908891,6.403124237,20,7.211102551,22.02271555,6.403124237,21.26029163,6.708203932,20.51828453,7.211102551,18.60107524,5.830951895,22.02271555,6.403124237,21.40093456,8.544003745,20.51828453,5.099019514,18.43908891,8.246211251,19.10497317,8.544003745,18.38477631,8,17.69180601,7.071067812,19.10497317,7.280109889,19.10497317,7.071067812,17.69180601,8.062257748,19.20937271,6.08276253,17.02938637,7.071067812,14.86606875,6,16.97056275,7.071067812,17.02938637,5.099019514,17.69180601,6.32455532
14.76482306,15.62049935,14.2126704,14.86606875,13.60147051,16.2788206,15,15,12.80624847,14.86606875,15,16.2788206,14.2126704,16.40121947,12.80624847,17.20465053,14.14213562,17.02938637,14.2126704,18.43908891,14.14213562,19.41648784,12.04159458,16.1245155,12.04159458,16.64331698,13.45362405,15.26433752,13.60147051,16.64331698,12.80624847,17.20465053,14.2126704,17.20465053,13.03840481,15.8113883,12.80624847,15.8113883,12.52996409,13.89244399,13.60147051,14.76482306,13.03840481,14.31782106,11.18033989,14.4222051,13.03840481,13.41640786,13.60147051,12.52996409,12.80624847,13.41640786
9.433981132,8.602325267,9.848857802,10.63014581,12.04159458,10,11.40175425,7,13.41640786,6.708203932,15.62049935,7.071067812,15.62049935,9.486832981,12.04159458,10.77032961,24.69817807,16.55294536,21.84032967,8.94427191,15.8113883,11.18033989,12.80624847,10.19803903,15,9.055385138,11.66190379,10.44030651,13.60147051,9.219544457,16.1245155,7.071067812,12.20655562,8.544003745,13.03840481,9.848857802,13.41640786,6.32455532,15.26433752,9.848857802,14.2126704,7.615773106,10.63014581,8.602325267,14.4222051,9.486832981,14.2126704,7.071067812,12.72792206,7.211102551,13.45362405,7.810249676
10.63014581,11.66190379,10.81665383,10.81665383,11.66190379,11.3137085,11.18033989,13.45362405,10,13.03840481,10.63014581,13.60147051,11.18033989,13.45362405,12.04159458,13.45362405,12.80624847,13.45362405,12.20655562,12.04159458,11.3137085,12.04159458,11.3137085,15.62049935,9.899494937,13.45362405,9.899494937,14.2126704,8.485281374,14.86606875,10.63014581,15,10.63014581,11.40175425,9.433981132,14.14213562,10,14.86606875,9.219544457,14.14213562,9.433981132,13.60147051,7.810249676,13.45362405,7.810249676,12.72792206,10.29563014,12.80624847,10.63014581,12.04159458,12.20655562,12.80624847
10,9.433981132,10.29563014,10.81665383,10.81665383,11.18033989,10,9.433981132,9.899494937,10.29563014,11.18033989,12.04159458,12.08304597,10.63014581,11.40175425,10.63014581,12.04159458,11.40175425,11.3137085,12.20655562,11.40175425,12.72792206,9.899494937,12.72792206,10.63014581,14.14213562,9.899494937,12.72792206,8.602325267,13.45362405,10.63014581,14.2126704,12.04159458,12.72792206,9.899494937,11.40175425,8.602325267,12.80624847,8.602325267,12.04159458,7.615773106,12.72792206,8.602325267,11.40175425,7.810249676,11.40175425,11.40175425,12.04159458,8.485281374,11.3137085,11.3137085,11.3137085
13.45362405,8.94427191,12.04159458,11.18033989,12.04159458,9.219544457,12.72792206,9.433981132,13.45362405,10,12.04159458,9.219544457,13.45362405,8.94427191,13.45362405,9.219544457,14.2126704,8.602325267,15,10,15.55634919,7.810249676,15.62049935,8.602325267,14.2126704,8.485281374,13.45362405,9.219544457,14.86606875,7.211102551,14.86606875,8.062257748,13.45362405,7.810249676,14.86606875,8.062257748,13.45362405,7.211102551,14.86606875,7.071067812,15.55634919,7.810249676,12.04159458,7.810249676,12.72792206,8.602325267,14.86606875,8.94427191,12.72792206,5,11.3137085,8.602325267
5.099019514,11.3137085,6.708203932,12.72792206,2.828427125,14.2126704,4.472135955,13.45362405,3.605551275,14.86606875,2.828427125,13.45362405,4.242640687,14.14213562,3.16227766,15.62049935,4.242640687,13.60147051,4.242640687,12.80624847,5,13.45362405,3.16227766,14.2126704,3.16227766,12.80624847,3.16227766,15,3.16227766,15,5,13.45362405,4,14.14213562,4.123105626,12.72792206,3.16227766,12.72792206,4.123105626,13.45362405,5,14.2126704,3.16227766,12.04159458,5.099019514,13.45362405,4.123105626,13.45362405,5.099019514,11.40175425,5.830951895,11.40175425
12.80624847,5.656854249,12.80624847,5.830951895,12.80624847,5,11.40175425,5,12.72792206,3.605551275,15,6.403124237,14.86606875,7.071067812,12.20655562,3.605551275,14.2126704,5.830951895,11.66190379,6.403124237,14.14213562,6.708203932,14.2126704,6.403124237,13.45362405,6.32455532,14.14213562,7.615773106,13.45362405,6.708203932,12.80624847,5.830951895,13.45362405,7.280109889,12.20655562,6.08276253,13.45362405,6.32455532,11.3137085,6.32455532,12.04159458,7.615773106,11.66190379,5.385164807,11.3137085,6,14.14213562,4.123105626,11.3137085,5,12.72792206,6
17.02938637,3,17.69180601,3.605551275,18.38477631,2.236067977,17.02938637,1.414213562,17.20465053,3,18.43908891,2.828427125,17.69180601,2.236067977,17.02938637,3,16.97056275,2.236067977,17.69180601,5.099019514,19.20937271,3,18.43908891,3,19.20937271,3.16227766,18.43908891,2.236067977,16.40121947,2.236067977,16.2788206,4.123105626,18.43908891,3.16227766,16.2788206,2.828427125,16.2788206,3.16227766,15.62049935,4,15,3.16227766,15.62049935,3,13.45362405,3,15,4.123105626,15,5.099019514,15,5.099019514
19.72308292,20,22.6715681,13.41640786,19.41648784,17.02938637,15.26433752,16.40121947,17.02938637,15.62049935,24.16609195,14.2126704,21.9544984,16.97056275,20.51828453,12.64911064,26.40075756,38.91015292,19.20937271,31.30495168,21.09502311,17,26.40075756,18.38477631,23.85372088,21.02379604,23.60084744,14.4222051,20.80865205,19.79898987,18.43908891,18.86796226,25.63201124,15.23154621,20.24845673,18.02775638,19.72308292,10.19803903,24.8394847,13.60147051,20,14.86606875,25.55386468,11.18033989,19.10497317,17.72004515,20.61552813,16.4924225,22.8035085,15.23154621,23.85372088,16.4924225
9.219544457,11.40175425,9.433981132,12.04159458,11.40175425,12.80624847,10.63014581,12.04159458,11.3137085,13.45362405,12.04159458,13.45362405,12.04159458,12.72792206,11.3137085,9.899494937,10.63014581,12.04159458,12.04159458,12.72792206,14.86606875,12.72792206,10.81665383,14.14213562,12.20655562,12.04159458,13.03840481,12.80624847,10.63014581,13.60147051,10,12.80624847,11.40175425,13.60147051,12.04159458,11.40175425,11.40175425,12.04159458,11.66190379,13.60147051,11.66190379,12.20655562,10.29563014,11.18033989,8.602325267,12.52996409,11.18033989,12.72792206,10,13.45362405,8.94427191,12.20655562
10.29563014,14.2126704,10,13.03840481,10.29563014,14.86606875,11.40175425,14.14213562,10.29563014,14.14213562,9.219544457,14.14213562,11.40175425,15.55634919,9.219544457,12.04159458,9.899494937,16.2788206,9.899494937,17.02938637,11.3137085,16.40121947,8.485281374,16.2788206,7.211102551,18.43908891,8.485281374,17.69180601,8.062257748,16.2788206,10,15.62049935,8.062257748,16.2788206,8.602325267,14.86606875,8.062257748,15.62049935,10.29563014,16.40121947,8.062257748,14.86606875,9.433981132,15.62049935,6.708203932,15,8.94427191,15,9.848857802,14.2126704,9.433981132,15.62049935
8.94427191,12.80624847,10.81665383,13.45362405,10,12.80624847,12.04159458,15.62049935,9.899494937,13.45362405,10.63014581,14.86606875,10.63014581,14.86606875,9.899494937,12.20655562,9.219544457,12.04159458,10.63014581,13.45362405,9.433981132,14.14213562,11.66190379,14.14213562,8.94427191,13.45362405,10,14.2126704,11.18033989,12.80624847,10.29563014,14.2126704,11.18033989,13.45362405,10.81665383,14.4222051,12.52996409,13.03840481,11.18033989,11.3137085,10.77032961,12.04159458,10.29563014,13.45362405,8.602325267,12.20655562,9.848857802,12.80624847,8.544003745,12.80624847,8.062257748,13.60147051
17.80449381,3,18.38477631,3,15.55634919,1.414213562,16.97056275,3.605551275,16.2788206,2.236067977,17.80449381,1.414213562,16.97056275,0,17.69180601,2,17.80449381,1.414213562,19.20937271,1,18.38477631,1.414213562,18.38477631,3,19.20937271,2.236067977,18.38477631,2.236067977,17.02938637,2.828427125,20.51828453,2.236067977,17.20465053,3.605551275,16.2788206,3.16227766,15.55634919,2.828427125,16.97056275,3.605551275,16.2788206,3.16227766,16.2788206,2.236067977,15,5.099019514,17.80449381,6.08276253,16.2788206,6.32455532,17.02938637,4.472135955
7.071067812,18.38477631,7.280109889,17.02938637,5.385164807,18.38477631,6.08276253,18.02775638,4,18.38477631,7.071067812,17.02938637,4.242640687,17.69180601,6.708203932,16.2788206,6.32455532,17.69180601,3.16227766,17.80449381,5.656854249,17.69180601,5,17.80449381,2.828427125,18.86796226,5,19.41648784,3.16227766,16.40121947,2.828427125,18.60107524,3.16227766,16.40121947,4.123105626,17.02938637,4.472135955,16.40121947,5.385164807,17.80449381,4,17.80449381,3.16227766,15.62049935,5.099019514,15.62049935,5.099019514,17.20465053,5.099019514,16.40121947,6.708203932,12.80624847
34.20526275,14.31782106,39.96248241,21.37755833,48.16637832,12.52996409,57.42821606,26.47640459,39.66106403,19.10497317,36.35931793,13.34166406,31.78049716,25,37.73592453,17.72004515,34.17601498,20.61552813,37.16180835,9.055385138,42.72001873,14.31782106,29.41088234,10.19803903,33.54101966,10.04987562,43.8634244,25,34.78505426,31.32091953,36.12478374,23.34523506,30.46309242,29.15475947,25.70992026,24.33105012,26.68332813,24.08318916,29.01723626,18.68154169,27,31.78049716,25.17935662,23.02172887,26.01922366,29.01723626,32.06243908,23.53720459,33.24154028,21.9317122,23.76972865,30.41381265
5.099019514,17.02938637,5,20.51828453,3,18.02775638,1.414213562,19.20937271,9,17.49285568,5,17.80449381,2.236067977,17.20465053,2.236067977,18.02775638,4.472135955,16.1245155,3.605551275,17.20465053,2.236067977,16.64331698,4.242640687,16.97056275,2.236067977,17.80449381,4.472135955,16.64331698,3.605551275,17.69180601,6.08276253,15.62049935,3.16227766,16.2788206,4.472135955,16.2788206,5,17.02938637,5,17.02938637,6.32455532,14.14213562,3.16227766,17.02938637,6,14.86606875,7,16.2788206,7.280109889,18.02775638,3.16227766,12.80624847
7.211102551,16.2788206,5.385164807,14.86606875,5,15.62049935,6.708203932,17.20465053,4.472135955,15.62049935,7.211102551,17.80449381,5.656854249,17.80449381,5,19.20937271,2.828427125,17.20465053,2.828427125,15.8113883,4.123105626,19.20937271,5,17.20465053,4.123105626,17.02938637,5.099019514,17.02938637,5.830951895,16.2788206,6.08276253,17.49285568,6.08276253,15.62049935,6.08276253,14.86606875,6.08276253,15,7,14.2126704,5.099019514,14.86606875,5.385164807,14.2126704,5.385164807,13.60147051,6.32455532,13.45362405,6.708203932,14.4222051,7.211102551,14.86606875
5.830951895,13.45362405,6.32455532,15.55634919,6.708203932,16.40121947,8.062257748,16.2788206,6.403124237,16.2788206,7.071067812,15,7.071067812,14.2126704,5.656854249,14.2126704,7.810249676,16.40121947,8.602325267,14.2126704,7.211102551,15.62049935,8.602325267,14.2126704,7.211102551,15.62049935,8.062257748,15.55634919,9.486832981,14.86606875,7.071067812,15.55634919,8.94427191,14.14213562,8.062257748,14.86606875,8.544003745,14.14213562,8.246211251,15.55634919,8.94427191,14.14213562,8.544003745,13.45362405,6.708203932,12.72792206,6.08276253,15.62049935,5.385164807,14.2126704,6.32455532,15.62049935
6.32455532,13.60147051,7.071067812,17.02938637,6.403124237,14.14213562,6.403124237,14.86606875,5,15.8113883,4.242640687,14.2126704,7.211102551,15.55634919,5,16.2788206,10,15.55634919,7.810249676,14.14213562,5.830951895,14.14213562,6.32455532,13.45362405,7.615773106,14.14213562,8.246211251,14.14213562,6.32455532,14.2126704,6.32455532,14.14213562,8.062257748,15.8113883,5.385164807,15.62049935,8.544003745,15.55634919,9.055385138,13.60147051,7.280109889,14.86606875,4,13.60147051,5.099019514,14.14213562,6.08276253,15,6.08276253,12.80624847,5,12.80624847
8.94427191,11.40175425,8.062257748,14.4222051,9.219544457,11.3137085,9.848857802,12.72792206,7.615773106,13.45362405,8.062257748,12.72792206,9.433981132,12.04159458,7.615773106,11.3137085,9.219544457,12.04159458,9.899494937,15.55634919,9.219544457,14.14213562,7.810249676,14.2126704,7.810249676,14.4222051,6.403124237,14.86606875,7.810249676,13.45362405,9.433981132,14.2126704,5.656854249,14.86606875,8.602325267,12.72792206,5.830951895,12.04159458,7.615773106,13.45362405,7.615773106,12.20655562,7.211102551,12.72792206,7.810249676,11.3137085,7.615773106,12.72792206,8.062257748,10.63014581,7.615773106,9.899494937
8.602325267,12.20655562,8.94427191,12.20655562,8.602325267,12.04159458,7.211102551,12.20655562,7.071067812,12.80624847,8.485281374,12.20655562,9.219544457,10.63014581,7.810249676,12.04159458,9.899494937,13.45362405,9.899494937,12.72792206,9.899494937,12.04159458,10,12.72792206,10,12.04159458,9.219544457,11.40175425,8.602325267,10.63014581,9.219544457,11.40175425,9.899494937,11.3137085,7.810249676,10.81665383,10,10.63014581,9.433981132,10.63014581,8.602325267,10,7.211102551,12.72792206,7.211102551,12.20655562,7.810249676,12.04159458,8.602325267,11.40175425,7.211102551,11.40175425
13.45362405,4.123105626,12.80624847,3.16227766,14.2126704,4.123105626,12.80624847,2.236067977,14.86606875,4.123105626,13.45362405,3.16227766,14.2126704,2.236067977,14.2126704,2,14.86606875,1,16.64331698,1.414213562,15.62049935,1,14.86606875,1,14.2126704,1.414213562,14.86606875,2,15.55634919,0,14.2126704,1,14.86606875,1.414213562,16.2788206,0,14.86606875,2,14.14213562,2,14.86606875,1.414213562,13.45362405,1,15,1,14.86606875,1,13.45362405,0,14.2126704,1
15.8113883,2.828427125,15.8113883,4.242640687,15.26433752,5.099019514,15.8113883,2.236067977,14.14213562,2.828427125,15.62049935,3.605551275,16.40121947,5,17.20465053,2.236067977,15.62049935,5,16.97056275,5.656854249,16.97056275,6.08276253,17.02938637,6.32455532,14.86606875,6.32455532,13.60147051,6.08276253,13.45362405,5.099019514,16.97056275,5.099019514,14.2126704,5,13.45362405,3.16227766,13.45362405,3,13.60147051,5.099019514,14.2126704,3,12.80624847,3.605551275,12.80624847,3.16227766,13.45362405,4.242640687,12.04159458,2.828427125,13.45362405,4.123105626
14.76482306,12.80624847,13.89244399,13.45362405,15,13.45362405,15,14.14213562,13.03840481,13.45362405,15.65247584,15.55634919,16.1245155,15.55634919,14.2126704,14.86606875,14.86606875,16.40121947,15.62049935,12.72792206,14.86606875,16.40121947,12.72792206,15.8113883,13.45362405,16.40121947,12.80624847,14.4222051,12.72792206,13.89244399,14.86606875,16.40121947,12.04159458,15,11.40175425,15,11.40175425,13.45362405,12.20655562,14.2126704,10.63014581,14.2126704,10,14.86606875,10.63014581,13.60147051,11.3137085,10.77032961,13.45362405,12.52996409,13.45362405,10.81665383
1,17.69180601,3.16227766,18.38477631,2.236067977,18.38477631,1,19.20937271,2,18.43908891,4.123105626,19.79898987,2.236067977,17.20465053,1,19.20937271,1.414213562,19.20937271,2.236067977,19.20937271,1,19.10497317,2.236067977,19.20937271,2.236067977,19.20937271,2.828427125,17.69180601,1.414213562,16.97056275,2.236067977,17.80449381,2,17.69180601,3.16227766,17.69180601,4.242640687,16.2788206,5.385164807,17.20465053,3.16227766,16.97056275,3.605551275,15.55634919,3,15.62049935,3.605551275,17.20465053,4.472135955,16.40121947,4.123105626,15.62049935
11.66190379,12.20655562,12.52996409,12.20655562,12.52996409,14.4222051,12.80624847,13.60147051,13.03840481,13.45362405,12.80624847,12.80624847,14.2126704,12.04159458,12.04159458,12.04159458,13.45362405,10.63014581,15.8113883,14.86606875,15.55634919,12.72792206,14.86606875,12.80624847,15.55634919,12.04159458,14.2126704,11.3137085,12.72792206,11.40175425,14.2126704,12.80624847,14.86606875,10.63014581,13.45362405,9.899494937,14.14213562,10.63014581,13.45362405,10.81665383,14.86606875,11.40175425,12.72792206,10.63014581,12.80624847,10.63014581,12.04159458,11.40175425,12.80624847,11.3137085,12.04159458,12.80624847
4.123105626,10.63014581,4,12.80624847,4.123105626,13.45362405,5.830951895,12.04159458,5.099019514,14.2126704,5.099019514,14.14213562,5.656854249,12.72792206,4.123105626,15,5,12.72792206,5.385164807,14.86606875,7.071067812,14.14213562,5.656854249,14.14213562,5.656854249,14.86606875,7.211102551,15,5.830951895,14.14213562,5.656854249,12.04159458,5.656854249,12.80624847,6.403124237,13.45362405,5,12.72792206,6.403124237,12.80624847,5.830951895,12.80624847,5.830951895,12.04159458,5,12.20655562,4.472135955,13.60147051,5,12.72792206,5.385164807,14.2126704
2.236067977,14.86606875,2.236067977,14.86606875,2.236067977,16.2788206,2.236067977,16.40121947,1,14.86606875,2.236067977,15.55634919,1.414213562,15.62049935,1.414213562,16.97056275,2,15.62049935,2.236067977,15.8113883,4.123105626,14.86606875,1.414213562,16.2788206,2.236067977,16.2788206,2,16.97056275,3.16227766,14.86606875,1,14.86606875,2.236067977,16.2788206,3,15.62049935,3.16227766,17.02938637,3.16227766,15.55634919,3,15.62049935,1,15.62049935,1.414213562,13.60147051,2.236067977,16.2788206,1,12.80624847,2.236067977,14.86606875
15.62049935,7.211102551,16.97056275,6.32455532,17.20465053,6.708203932,17.49285568,4.472135955,15.62049935,6.403124237,17.80449381,5.385164807,17.80449381,8.062257748,16.40121947,6.403124237,17.02938637,7.071067812,15,6.403124237,15.62049935,7.211102551,17.20465053,8.062257748,14.14213562,8.602325267,14.86606875,7.810249676,15.55634919,9.433981132,17.69180601,8.94427191,16.97056275,10.29563014,14.2126704,8.544003745,16.97056275,8.602325267,14.86606875,6.403124237,13.45362405,8.062257748,14.2126704,6.32455532,14.2126704,5.099019514,12.04159458,5.830951895,15.55634919,6.32455532,16.2788206,7.071067812
12.80624847,10.77032961,14.2126704,9.848857802,13.45362405,11.18033989,14.14213562,11.40175425,13.03840481,8.544003745,13.45362405,9.899494937,11.3137085,9.219544457,14.86606875,10,14.86606875,10,12.04159458,9.899494937,12.72792206,11.3137085,14.86606875,9.219544457,14.4222051,10.63014581,15,8.062257748,14.86606875,7.810249676,15.8113883,6.403124237,15,7.810249676,13.45362405,9.899494937,13.45362405,8.062257748,13.45362405,6.708203932,12.80624847,5.385164807,11.66190379,7.211102551,12.52996409,8.485281374,13.41640786,10,12.52996409,9.219544457,12.52996409,9.433981132
10.29563014,15.62049935,7.211102551,17.69180601,7.810249676,16.2788206,7.810249676,14.86606875,7.810249676,17.02938637,8.602325267,14.86606875,8.485281374,15.62049935,8.602325267,15.55634919,8.602325267,17.02938637,9.219544457,15.55634919,7.810249676,15.55634919,8.602325267,16.2788206,7.211102551,16.2788206,5.830951895,15.62049935,7.071067812,15.62049935,8.062257748,17.80449381,9.219544457,17.02938637,8.062257748,17.69180601,7.280109889,15.55634919,7.615773106,15.62049935,8.94427191,15.62049935,7.071067812,14.14213562,8.602325267,12.04159458,8.602325267,15.26433752,8.485281374,14.86606875,8.602325267,14.4222051
3.605551275,12.04159458,4.242640687,15.55634919,1.414213562,15.62049935,1.414213562,15.55634919,2.236067977,15,3.605551275,16.97056275,2.236067977,14.86606875,3.16227766,16.2788206,1.414213562,15.62049935,1.414213562,17.69180601,1,17.69180601,1,17.69180601,2.828427125,16.2788206,3.16227766,17.80449381,2.828427125,16.2788206,2.236067977,15.8113883,2.236067977,16.2788206,3,17.02938637,2.236067977,15,4.123105626,14.14213562,1,15.62049935,3.605551275,14.86606875,2,14.2126704,3,15.55634919,2.236067977,15.55634919,2,13.45362405
9.899494937,8.062257748,11.66190379,10,12.04159458,10.81665383,11.3137085,9.899494937,12.04159458,12.04159458,12.72792206,11.3137085,10.63014581,11.3137085,10,12.04159458,12.04159458,13.45362405,12.20655562,13.45362405,12.72792206,12.80624847,10.63014581,11.3137085,11.3137085,12.04159458,10.81665383,12.72792206,9.433981132,9.899494937,11.40175425,12.72792206,12.04159458,13.45362405,10.63014581,12.04159458,9.433981132,12.72792206,11.3137085,12.20655562,11.40175425,12.20655562,10,10.63014581,11.3137085,9.899494937,10.63014581,11.40175425,10,10,11.40175425,10
10.81665383,15.62049935,10.63014581,15.8113883,10.81665383,15.55634919,10.81665383,16.2788206,11.40175425,17.80449381,10.81665383,16.2788206,8.602325267,17.69180601,9.219544457,16.2788206,10.63014581,19.20937271,13.45362405,19.20937271,11.40175425,19.10497317,9.899494937,19.79898987,9.899494937,17.69180601,9.219544457,19.10497317,8.485281374,17.69180601,10.63014581,19.10497317,10,17.69180601,9.219544457,16.97056275,8.94427191,18.43908891,10,17.02938637,9.433981132,17.69180601,8.485281374,16.97056275,8.602325267,16.97056275,9.433981132,17.69180601,8.602325267,17.69180601,9.219544457,16.40121947
10,13.45362405,10.29563014,13.45362405,10.81665383,13.45362405,10.63014581,15.8113883,9.433981132,14.14213562,10.63014581,14.2126704,10.63014581,14.14213562,11.3137085,14.14213562,11.3137085,12.72792206,9.219544457,12.72792206,11.66190379,14.2126704,10.81665383,13.45362405,11.40175425,14.14213562,11.40175425,13.45362405,10,13.45362405,12.04159458,13.45362405,10.81665383,13.45362405,10.63014581,12.80624847,10.63014581,12.04159458,11.66190379,12.80624847,11.40175425,12.80624847,9.433981132,13.45362405,9.433981132,13.45362405,10.29563014,12.80624847,10.29563014,12.04159458,9.433981132,13.45362405
9.486832981,17.02938637,8.94427191,16.64331698,8.544003745,16.40121947,8.602325267,16.40121947,9.433981132,20,8.94427191,19.41648784,9.433981132,19.20937271,7.615773106,19.10497317,8.062257748,17.80449381,8.062257748,19.10497317,9.899494937,19.84943324,8.602325267,19.10497317,7.810249676,18.38477631,7.810249676,18.38477631,6.403124237,20.51828453,7.071067812,18.38477631,6.403124237,19.10497317,7.810249676,18.38477631,7.211102551,19.79898987,7.810249676,19.84943324,5.830951895,18.43908891,7.071067812,17.69180601,7.211102551,16.97056275,8.062257748,17.69180601,8.602325267,17.02938637,7.071067812,17.02938637
11.40175425,11.40175425,12.52996409,12.04159458,10.63014581,12.80624847,12.20655562,12.80624847,12.20655562,11.40175425,10.63014581,10.81665383,12.04159458,12.80624847,12.72792206,12.04159458,11.3137085,10.63014581,12.72792206,10.81665383,13.45362405,11.40175425,13.45362405,11.40175425,11.3137085,12.72792206,14.14213562,12.72792206,12.04159458,10.81665383,12.80624847,11.3137085,12.80624847,12.80624847,11.40175425,11.3137085,14.2126704,11.3137085,12.80624847,9.899494937,13.60147051,12.04159458,12.20655562,10.63014581,10.63014581,9.219544457,10.29563014,12.04159458,10.29563014,11.3137085,10.81665383,11.40175425
7.810249676,14.86606875,8.602325267,14.86606875,10,13.45362405,8.94427191,14.2126704,8.94427191,13.45362405,10.29563014,14.86606875,11.40175425,14.86606875,8.602325267,14.86606875,11.40175425,16.2788206,9.899494937,16.40121947,9.219544457,17.02938637,8.602325267,15.62049935,6.403124237,15.8113883,7.211102551,14.2126704,8.94427191,15,8.94427191,15,8.602325267,12.04159458,9.433981132,14.2126704,9.433981132,16.40121947,7.211102551,12.80624847,8.602325267,15.26433752,9.219544457,14.2126704,8.602325267,12.20655562,7.615773106,13.60147051,7.615773106,15.26433752,8.062257748,12.52996409
15.62049935,8.94427191,14.14213562,8.94427191,15,8.062257748,16.97056275,8.062257748,15.62049935,7.810249676,15.55634919,8.602325267,16.2788206,7.211102551,16.2788206,8.485281374,16.40121947,6.403124237,13.60147051,9.219544457,16.40121947,7.211102551,17.80449381,7.071067812,16.40121947,8.602325267,16.40121947,7.810249676,16.40121947,6.403124237,15,6.403124237,16.64331698,8.062257748,14.2126704,7.615773106,17.80449381,8.062257748,14.4222051,7.280109889,14.4222051,6.708203932,15,7.211102551,13.03840481,7.615773106,14.4222051,8.544003745,12.52996409,8.544003745,13.03840481,8.94427191
5.385164807,14.2126704,5.385164807,15.55634919,4.472135955,18.38477631,4.472135955,15.62049935,4.123105626,16.97056275,5.385164807,16.97056275,4.472135955,18.43908891,3.605551275,17.69180601,5.656854249,17.02938637,6.403124237,15,5.656854249,17.02938637,5.099019514,17.02938637,4.472135955,17.80449381,6.08276253,16.2788206,4.472135955,17.20465053,5.099019514,18.43908891,4.123105626,18.02775638,5.099019514,15.62049935,5.099019514,16.40121947,4,15.62049935,5,14.86606875,5,15.8113883,6.08276253,15,8.246211251,14.4222051,7.071067812,14.2126704,7.280109889,12.20655562
16.2788206,4.472135955,17.69180601,4.242640687,16.2788206,3.16227766,16.40121947,4,16.97056275,3,18.43908891,3.16227766,17.80449381,3.16227766,18.60107524,2,16.97056275,1.414213562,15.8113883,2,18.43908891,3.16227766,17.80449381,2.828427125,17.80449381,3.605551275,16.2788206,3.16227766,14.86606875,4.472135955,17.80449381,4.472135955,15.62049935,4.472135955,16.2788206,5.099019514,16.2788206,5.385164807,15.55634919,5.099019514,14.14213562,3.16227766,14.14213562,4.123105626,15.55634919,5.099019514,15.55634919,4.123105626,14.86606875,4.123105626,17.02938637,3.16227766
11.18033989,8.062257748,11.40175425,10.29563014,10.81665383,11.40175425,13.60147051,10.63014581,10.29563014,10.63014581,12.20655562,9.899494937,12.80624847,10.63014581,11.18033989,10.81665383,12.80624847,9.433981132,11.66190379,11.70469991,11.3137085,12.20655562,13.03840481,10,11.3137085,12.80624847,11.3137085,9.899494937,8.485281374,11.40175425,9.899494937,10.29563014,10.63014581,11.66190379,10,10.29563014,12.04159458,10.81665383,8.485281374,9.433981132,8.94427191,10.29563014,9.433981132,9.433981132,9.433981132,8.94427191,10.63014581,8.062257748,8.94427191,8.246211251,11.3137085,6.708203932
16.2788206,5.099019514,12.80624847,4.472135955,15,4.123105626,16.97056275,5.830951895,17.69180601,4.472135955,17.69180601,4.123105626,18.38477631,5.385164807,17.02938637,6.32455532,17.02938637,5.385164807,13.60147051,5.099019514,18.43908891,7,12.80624847,8.062257748,14.86606875,6.32455532,15.62049935,3.16227766,16.2788206,6.32455532,14.2126704,7.071067812,14.2126704,4.472135955,16.2788206,5.385164807,14.2126704,2.828427125,14.14213562,4.472135955,13.45362405,4.472135955,14.2126704,6.403124237,13.45362405,6.403124237,14.2126704,6.32455532,15.55634919,6.32455532,14.2126704,7.211102551
14.2126704,6.32455532,15.62049935,5.830951895,15.8113883,6.708203932,16.40121947,5,15.62049935,8.062257748,16.40121947,7.810249676,17.49285568,6.403124237,16.40121947,8.602325267,16.40121947,7.810249676,17.02938637,6.708203932,17.02938637,7.211102551,15.8113883,8.94427191,15.55634919,8.602325267,14.86606875,7.071067812,14.86606875,9.433981132,15.55634919,9.433981132,14.86606875,8.544003745,14.2126704,7.615773106,15.62049935,5.830951895,14.2126704,8.94427191,16.2788206,7.615773106,13.45362405,7.280109889,14.86606875,8.544003745,16.97056275,5.385164807,15.62049935,6.08276253,14.86606875,7.071067812
8.602325267,9.219544457,8.062257748,12.04159458,8.062257748,10.63014581,6.403124237,10.63014581,7.810249676,10.63014581,8.485281374,10,8.602325267,10.29563014,7.211102551,9.433981132,7.071067812,9.219544457,9.433981132,11.18033989,8.602325267,10.63014581,8.485281374,10.29563014,6.708203932,11.66190379,6.708203932,10,6.708203932,10,8.544003745,11.40175425,8.544003745,10,8.602325267,10.81665383,7.615773106,10,7.280109889,10.81665383,6.708203932,9.433981132,7.211102551,9.219544457,7.810249676,6.403124237,8.602325267,8.94427191,7.615773106,7.615773106,10.29563014,8.602325267
5,12.72792206,5.099019514,14.86606875,6.708203932,15.55634919,6.708203932,14.2126704,5.830951895,16.40121947,6.403124237,14.86606875,7.810249676,16.2788206,7.211102551,14.86606875,7.211102551,14.2126704,10,12.80624847,8.602325267,14.2126704,8.602325267,14.86606875,8.602325267,15.55634919,8.062257748,15.55634919,7.810249676,13.45362405,8.602325267,13.03840481,8.94427191,14.14213562,7.211102551,13.45362405,6.403124237,14.2126704,5.830951895,13.45362405,8.94427191,13.60147051,5.830951895,15.62049935,7.615773106,12.72792206,6.708203932,14.14213562,5.830951895,14.14213562,5,14.14213562
10.29563014,10.81665383,11.40175425,10,12.80624847,10.81665383,12.20655562,11.18033989,12.20655562,11.40175425,12.72792206,12.20655562,12.80624847,10.81665383,12.80624847,8.485281374,14.14213562,9.219544457,14.4222051,11.3137085,14.2126704,9.899494937,13.45362405,10.63014581,12.04159458,9.899494937,13.45362405,7.810249676,14.14213562,9.219544457,14.14213562,9.433981132,14.14213562,8.602325267,14.2126704,9.219544457,14.86606875,8.602325267,14.2126704,8.602325267,12.80624847,8.062257748,12.04159458,7.810249676,12.72792206,9.433981132,11.40175425,11.3137085,11.40175425,9.899494937,12.04159458,10
13.45362405,3.16227766,14.86606875,1,13.60147051,1,13.45362405,2,14.14213562,1.414213562,15,1,12.80624847,2.236067977,12.80624847,1,13.45362405,0,10.81665383,2.236067977,14.86606875,1,13.60147051,1,14.86606875,2.236067977,12.72792206,0,14.14213562,1.414213562,15.55634919,2.828427125,12.72792206,2.236067977,12.72792206,3.16227766,14.86606875,2.236067977,14.14213562,1.414213562,12.80624847,2.236067977,12.04159458,3,12.80624847,3,12.80624847,2.236067977,12.72792206,4,14.2126704,3.16227766
14.2126704,8.062257748,12.20655562,8.485281374,13.60147051,7.615773106,14.4222051,7.810249676,14.2126704,6.403124237,13.60147051,9.219544457,14.14213562,7.810249676,13.45362405,8.94427191,13.89244399,7.810249676,10.63014581,9.899494937,12.04159458,8.94427191,12.80624847,10.29563014,12.80624847,11.18033989,13.60147051,10.29563014,9.219544457,10.29563014,12.20655562,9.848857802,11.3137085,8.94427191,10.81665383,8.94427191,10.81665383,8.062257748,12.20655562,7.211102551,10.81665383,7.615773106,12.04159458,5.830951895,11.66190379,7.615773106,10.81665383,6.32455532,11.40175425,6.32455532,11.40175425,5.099019514
6.32455532,17.20465053,7.615773106,16.97056275,7.810249676,17.02938637,7.071067812,16.64331698,7.071067812,15,6.403124237,16.97056275,9.219544457,16.64331698,7.280109889,16.2788206,7.211102551,14.2126704,8.602325267,17.02938637,8.94427191,15.62049935,8.602325267,15,8.94427191,15.62049935,6.708203932,14.2126704,9.848857802,14.86606875,7.615773106,14.2126704,9.848857802,15,7.615773106,14.4222051,8.94427191,13.45362405,5.099019514,15.62049935,8.544003745,14.2126704,6.08276253,12.20655562,6.08276253,14.14213562,8,16.40121947,5,15.55634919,6.08276253,14.86606875
12.80624847,6.32455532,14.76482306,7.211102551,15,8.485281374,15.8113883,8.062257748,15.26433752,5.830951895,15.62049935,6.403124237,14.14213562,7.810249676,15.62049935,7.810249676,14.86606875,8.062257748,13.60147051,8.062257748,14.14213562,9.848857802,13.60147051,10.29563014,13.45362405,8.602325267,12.72792206,8.94427191,15.8113883,7.615773106,14.86606875,9.433981132,11.40175425,7.615773106,14.2126704,6.08276253,14.14213562,9.486832981,13.60147051,8.94427191,12.72792206,8.544003745,11.40175425,8.544003745,10.63014581,7.071067812,12.72792206,5.099019514,12.04159458,7,14.86606875,4
15,6.08276253,15.55634919,7.615773106,15.62049935,6.708203932,14.2126704,6.32455532,14.86606875,5.385164807,15.62049935,3.16227766,16.2788206,5,17.80449381,4.123105626,16.97056275,5,17.80449381,6.32455532,16.2788206,5.656854249,14.86606875,4.472135955,16.2788206,5,16.2788206,3.605551275,17.69180601,2.828427125,16.2788206,3.605551275,16.2788206,2.236067977,15.55634919,4.472135955,14.86606875,4.242640687,16.2788206,4.123105626,14.86606875,3.16227766,15,4.123105626,14.2126704,5.385164807,15,7.615773106,14.4222051,5.830951895,14.2126704,5.830951895
13.45362405,10.29563014,13.45362405,9.219544457,13.45362405,10.81665383,14.2126704,9.219544457,15.55634919,10.63014581,15.55634919,8.602325267,15.62049935,9.899494937,13.45362405,10,16.2788206,7.810249676,14.86606875,12.52996409,15,8.602325267,17.49285568,8.94427191,15,9.486832981,13.45362405,8.602325267,16.40121947,9.433981132,14.4222051,8.602325267,16.40121947,8.062257748,14.2126704,8.94427191,15,8.544003745,13.60147051,8.94427191,13.60147051,9.433981132,12.52996409,8.94427191,11.66190379,8.246211251,12.52996409,11.18033989,13,11.66190379,11.66190379,7.211102551
10.63014581,11.66190379,11.66190379,11.40175425,9.219544457,13.45362405,10.63014581,11.3137085,9.899494937,12.80624847,9.433981132,11.3137085,10.81665383,11.40175425,12.20655562,14.2126704,11.40175425,13.45362405,10,13.60147051,12.04159458,14.2126704,10.81665383,14.2126704,9.219544457,12.72792206,7.810249676,14.2126704,10.63014581,14.86606875,9.433981132,13.60147051,10,14.2126704,10.81665383,12.04159458,8.062257748,13.45362405,9.219544457,12.04159458,9.219544457,11.40175425,9.433981132,12.20655562,8.062257748,12.80624847,10.81665383,12.20655562,10.81665383,12.04159458,9.219544457,9.899494937
8.246211251,14.14213562,8.246211251,14.86606875,6.708203932,15.55634919,5.385164807,15.55634919,6.708203932,17.69180601,6.32455532,15.62049935,5.099019514,16.2788206,5,15.62049935,5.830951895,16.97056275,6.403124237,17.02938637,7.071067812,16.97056275,4.242640687,16.97056275,3.605551275,16.2788206,5,17.02938637,4.242640687,16.2788206,4.472135955,17.69180601,2.828427125,16.2788206,4.472135955,16.97056275,4.472135955,16.2788206,5.385164807,17.02938637,4.123105626,16.2788206,4.472135955,17.02938637,5.656854249,15.55634919,5.385164807,15.55634919,7.615773106,15.55634919,6.708203932,15.62049935
4.123105626,14.86606875,5.385164807,14.86606875,5.830951895,16.2788206,6.403124237,15.62049935,4.472135955,16.2788206,4.123105626,15.62049935,5,16.97056275,5,16.2788206,5.385164807,16.40121947,5.830951895,15.8113883,3.605551275,14.14213562,6.32455532,17.80449381,5.385164807,15.62049935,8.544003745,16.2788206,5.385164807,15.62049935,4.123105626,16.2788206,6.32455532,15,5.385164807,16.40121947,6.403124237,15.62049935,6.32455532,14.86606875,6.32455532,14.86606875,4.123105626,15.55634919,4,16.2788206,5.099019514,17.02938637,5.099019514,14.86606875,4,15.62049935
37.73592453,42.48529157,20.22374842,32.55764119,41.03656906,48.01041554,30.06659276,21.02379604,35.38361203,33.01514804,17.02938637,19.41648784,26.87005769,40.36087214,30.47950131,46.14108798,11.18033989,41.01219331,15.29705854,39.62322551,37.33630941,55,35.6931366,33.30165161,38.32753579,38.83297568,33.95585369,46.32493929,14.31782106,38.32753579,32.24903099,40.49691346,46.23851209,38.60051813,38.20994635,41.0487515,44.18144407,35.60898763,17.80449381,37.12142239,22.09072203,38.58756276,22.8035085,33.10589071,17.20465053,37.20215048,27.45906044,41.48493703,15,44.82186966,22.20360331,38.60051813
17.02938637,10,14.2126704,9.899494937,14.2126704,9.899494937,15.62049935,11.40175425,14.2126704,10.63014581,13.60147051,10.63014581,15,10,13.45362405,10,13.60147051,11.3137085,13.45362405,11.40175425,15.62049935,11.66190379,14.2126704,12.20655562,13.45362405,10.29563014,12.80624847,10.81665383,13.45362405,11.40175425,12.80624847,12.52996409,13.45362405,11.40175425,13.45362405,12.20655562,11.40175425,11.40175425,13.60147051,11.66190379,13.03840481,9.433981132,11.40175425,12.20655562,12.04159458,10.29563014,14.2126704,10.29563014,13.45362405,8.94427191,13.45362405,8.94427191
14.2126704,8.544003745,15,8.062257748,15,8.062257748,16.2788206,9.433981132,16.2788206,10.29563014,12.80624847,9.848857802,15.62049935,9.486832981,14.2126704,9.433981132,15.55634919,9.433981132,16.97056275,7.211102551,17.69180601,7.615773106,17.20465053,6.708203932,15.26433752,6.708203932,15.55634919,5,17.02938637,6.403124237,17.20465053,7.211102551,17.02938637,7.810249676,15.62049935,6.403124237,14.2126704,5,14.2126704,6.708203932,14.4222051,7.211102551,13.60147051,7.211102551,14.86606875,5.830951895,14.2126704,5.385164807,17.02938637,5.830951895,12.80624847,6.708203932
17.02938637,2,16.2788206,3.16227766,16.97056275,2.828427125,18.43908891,2.236067977,16.40121947,2.236067977,16.40121947,3,17.69180601,2.828427125,16.2788206,2,17.69180601,1,17.69180601,1,19.10497317,1,19.84943324,3,16.2788206,2.236067977,18.60107524,3.16227766,17.69180601,4.242640687,16.97056275,2.236067977,17.80449381,1.414213562,17.69180601,3.605551275,15.55634919,3.16227766,16.2788206,4,15.62049935,4,15.62049935,2.236067977,16.97056275,3.16227766,14.14213562,5.385164807,15.55634919,4,15,5.385164807
16.64331698,7.615773106,15.62049935,7.615773106,15.62049935,8.062257748,17.69180601,7.211102551,15,7.810249676,16.2788206,7.211102551,15.62049935,7.211102551,14.14213562,8.602325267,14.86606875,8.062257748,15.62049935,5.656854249,18.43908891,9.219544457,16.40121947,7.810249676,17.69180601,9.219544457,14.14213562,8.485281374,15.62049935,7.211102551,16.97056275,8.602325267,17.02938637,8.602325267,15.55634919,7.071067812,14.86606875,9.433981132,15.62049935,9.433981132,16.2788206,8.94427191,15.62049935,9.848857802,15.62049935,7.615773106,15.62049935,8.544003745,15.55634919,7.615773106,15.62049935,7.280109889
12.72792206,13.60147051,12.36931688,14.2126704,14.2126704,14.4222051,13.03840481,12.72792206,13.45362405,16.40121947,16.2788206,15.55634919,12.52996409,14.14213562,14.76482306,16.2788206,8.94427191,17.80449381,12.80624847,14.2126704,14.2126704,16.2788206,11.40175425,14.2126704,12.20655562,16.40121947,12.80624847,19.20937271,12.04159458,15.55634919,12.80624847,14.86606875,10.63014581,15.55634919,10.63014581,18.60107524,10,19.84943324,10.29563014,12.04159458,9.899494937,12.80624847,9.219544457,12.04159458,10.63014581,16.64331698,8.602325267,12.04159458,11.18033989,16.1245155,11.40175425,15.26433752
18.38477631,5,19.10497317,5.099019514,18.43908891,3.605551275,17.69180601,4,18.43908891,2.828427125,17.69180601,3.605551275,20.51828453,2.236067977,18.43908891,2.236067977,19.84943324,1,19.79898987,3,21.9317122,1.414213562,19.84943324,1,21.26029163,1,21.26029163,2.236067977,19.84943324,2.236067977,21.26029163,1.414213562,19.20937271,3.16227766,18.38477631,3.16227766,19.79898987,1.414213562,18.43908891,2.236067977,17.69180601,2,17.02938637,3.605551275,17.80449381,2.236067977,17.80449381,4,17.69180601,4,17.80449381,2.828427125
3.16227766,15.62049935,3.605551275,13.45362405,4.123105626,17.69180601,2.828427125,16.64331698,1,12.80624847,4,16.2788206,1.414213562,13.89244399,1,14.86606875,3,12.20655562,1.414213562,13.89244399,2.236067977,18.38477631,1.414213562,17.69180601,2,15,1,17.69180601,2.236067977,15,4.242640687,16.2788206,3,17.02938637,2.236067977,14.86606875,1.414213562,14.14213562,5.385164807,14.86606875,2.236067977,13.45362405,2.236067977,15.55634919,1.414213562,11.3137085,3.605551275,15,2.236067977,17.49285568,3,16.64331698
16.97056275,4,17.69180601,4.123105626,17.69180601,4.242640687,17.02938637,3.605551275,16.97056275,4.123105626,17.02938637,2.236067977,18.43908891,2.236067977,18.38477631,3.605551275,19.10497317,1,16.40121947,2,18.43908891,2.236067977,17.80449381,3.16227766,19.20937271,3.16227766,19.84943324,4,17.80449381,2.828427125,18.43908891,2.236067977,18.38477631,2,16.2788206,3.605551275,18.38477631,3.16227766,17.20465053,1.414213562,17.02938637,3.16227766,15.8113883,3,17.02938637,4.472135955,16.2788206,3.16227766,15.62049935,4.123105626,15.8113883,5.099019514
4.242640687,17.02938637,5,16.40121947,3.605551275,19.10497317,4.123105626,17.69180601,3.605551275,17.69180601,1,16.97056275,1.414213562,18.43908891,4.123105626,17.69180601,2,17.69180601,1,19.20937271,2,17.69180601,3.16227766,18.38477631,2.236067977,19.84943324,2,19.84943324,1.414213562,17.69180601,2.236067977,17.69180601,2.236067977,19.10497317,2.236067977,16.97056275,2.236067977,16.97056275,2.828427125,18.60107524,3.16227766,15.62049935,1,17.69180601,1,17.02938637,1,17.02938637,2,15,2.236067977,16.40121947
14.2126704,7.280109889,15.62049935,7.615773106,15.26433752,7.615773106,15.62049935,8.246211251,16.40121947,6.32455532,14.86606875,10.29563014,17.80449381,9.848857802,16.64331698,9.433981132,14.86606875,9.433981132,16.40121947,9.433981132,16.2788206,9.433981132,14.86606875,7.071067812,14.14213562,8.485281374,14.14213562,9.219544457,15.55634919,10.63014581,13.60147051,11.3137085,14.86606875,9.219544457,14.86606875,10,13.45362405,9.433981132,15,9.899494937,12.72792206,10.81665383,12.04159458,9.433981132,14.86606875,8.485281374,15,9.219544457,13.45362405,7.810249676,15.55634919,8.602325267
8.544003745,16.2788206,6.708203932,15.62049935,10.29563014,16.2788206,7.810249676,17.69180601,8.602325267,16.97056275,8.94427191,17.02938637,10.29563014,15.62049935,8.602325267,15.62049935,9.899494937,15.55634919,6.708203932,15.62049935,8.485281374,15.55634919,8.062257748,16.2788206,9.219544457,16.97056275,11.40175425,16.2788206,11.40175425,16.2788206,9.219544457,16.2788206,10.63014581,15,9.899494937,15.62049935,10.81665383,14.86606875,9.219544457,13.45362405,10,14.2126704,10.81665383,14.86606875,7.211102551,14.86606875,7.810249676,16.2788206,8.602325267,16.2788206,7.810249676,14.2126704
6.403124237,13.45362405,6.32455532,15,5,14.14213562,6.403124237,15.62049935,4.242640687,15.55634919,6.708203932,15.62049935,6.403124237,16.40121947,7.211102551,14.86606875,4.123105626,14.86606875,5,15.55634919,3.605551275,14.86606875,4.472135955,16.2788206,5.830951895,15.26433752,7.615773106,14.14213562,6.32455532,14.14213562,6.32455532,14.2126704,5,13.45362405,7.280109889,13.45362405,6.08276253,12.80624847,6.708203932,17.20465053,6.708203932,15.8113883,6.403124237,16.40121947,8.062257748,11.40175425,8.94427191,14.4222051,6.32455532,10.63014581,6.32455532,10.63014581
10.29563014,13.03840481,10.29563014,12.04159458,12.20655562,12.80624847,10.81665383,12.80624847,10.63014581,14.2126704,11.40175425,12.80624847,10.63014581,12.04159458,10.63014581,13.45362405,10,14.86606875,9.219544457,13.45362405,11.40175425,14.14213562,10,14.86606875,9.433981132,14.86606875,9.219544457,16.2788206,9.899494937,14.86606875,9.899494937,14.14213562,9.219544457,14.14213562,8.485281374,14.14213562,9.219544457,14.14213562,7.810249676,14.14213562,7.810249676,14.86606875,7.810249676,14.86606875,9.219544457,14.14213562,8.485281374,13.45362405,9.219544457,13.60147051,9.899494937,12.80624847
16.40121947,5.830951895,15.55634919,5.830951895,14.14213562,4.472135955,15.62049935,5.385164807,14.86606875,3.605551275,16.2788206,4.472135955,16.40121947,4.242640687,16.40121947,3.605551275,17.02938637,2.828427125,15.55634919,2.828427125,17.69180601,3.605551275,17.02938637,3.16227766,16.40121947,3.605551275,16.97056275,4.242640687,15.55634919,5,17.02938637,3.605551275,17.69180601,3.16227766,17.02938637,4.472135955,16.97056275,2.828427125,16.2788206,2.236067977,14.86606875,4.472135955,17.02938637,3.605551275,14.86606875,2.236067977,15.55634919,4.472135955,14.86606875,5,14.86606875,5.830951895
13.45362405,8.94427191,14.2126704,8.544003745,16.40121947,9.848857802,15.62049935,8.602325267,15.62049935,8.94427191,14.86606875,9.433981132,16.2788206,8.485281374,15.62049935,8.485281374,16.2788206,7.810249676,15.55634919,10.81665383,16.2788206,8.062257748,15.62049935,8.062257748,15.62049935,7.810249676,16.2788206,6.403124237,16.2788206,6.403124237,16.2788206,7.211102551,17.02938637,7.211102551,17.69180601,6.708203932,15.55634919,7.211102551,15.55634919,8.602325267,14.86606875,6.403124237,13.45362405,9.219544457,14.14213562,6.708203932,14.86606875,8.062257748,14.14213562,6.708203932,15.62049935,8.602325267
3.605551275,12.80624847,2.828427125,14.86606875,2.236067977,16.2788206,3.16227766,14.86606875,2.828427125,16.97056275,2.236067977,16.2788206,2.236067977,16.2788206,1,14.86606875,1,16.97056275,2.236067977,16.2788206,2.236067977,18.38477631,1,15.55634919,1,16.2788206,1,16.40121947,2,16.2788206,3,16.2788206,2.828427125,16.2788206,2,14.86606875,2,15.55634919,2,15.62049935,2,15.55634919,2,14.86606875,1,15.62049935,1,15.55634919,2.236067977,15.62049935,1,14.86606875
10.81665383,13,9.848857802,11.40175425,10.77032961,13.45362405,10,13.60147051,10.63014581,13.60147051,12.72792206,12.72792206,10.63014581,14.14213562,12.04159458,11.3137085,11.3137085,12.72792206,10,12.04159458,12.04159458,12.72792206,10.63014581,10.63014581,10.63014581,12.04159458,10.63014581,11.3137085,14.14213562,12.04159458,13.60147051,10.63014581,11.40175425,10.77032961,11.40175425,12.80624847,10.81665383,11.3137085,12.20655562,12.20655562,10.81665383,12.20655562,11.3137085,11.40175425,10.81665383,10.81665383,10.81665383,14.2126704,10.81665383,10.81665383,9.219544457,12.52996409
16.2788206,8.602325267,15.55634919,7.071067812,14.14213562,6.403124237,15,6.403124237,14.14213562,5.656854249,16.2788206,5,14.86606875,5.830951895,15,6.708203932,14.86606875,6.32455532,14.86606875,8.94427191,15.62049935,5.830951895,14.86606875,7.211102551,14.2126704,7.615773106,14.86606875,6.403124237,13.60147051,5.656854249,16.2788206,6.708203932,14.86606875,6.32455532,13.45362405,7.280109889,14.86606875,6.32455532,13.45362405,7.615773106,15.62049935,5.385164807,13.45362405,6.708203932,12.04159458,7.615773106,14.14213562,8.544003745,14.4222051,8.602325267,13.60147051,8.544003745
14.86606875,8.062257748,16.97056275,6.708203932,16.2788206,7.810249676,15.62049935,6.708203932,15.55634919,6.403124237,16.2788206,7.071067812,16.2788206,7.071067812,15.62049935,5.656854249,17.02938637,5.656854249,13.60147051,7.211102551,17.69180601,7.810249676,17.20465053,5.830951895,16.2788206,6.403124237,16.2788206,5.830951895,16.2788206,4.472135955,17.02938637,4.472135955,15.55634919,6.708203932,15.55634919,7.211102551,15.55634919,5.385164807,15.55634919,6.32455532,16.2788206,7.615773106,15.62049935,6.708203932,14.2126704,6.708203932,15,7.211102551,15.62049935,6.708203932,14.2126704,8.544003745
14.2126704,14.86606875,12.72792206,12.80624847,12.20655562,12.80624847,13.45362405,13.45362405,10.63014581,14.86606875,13.60147051,14.86606875,10.63014581,17.02938637,11.3137085,16.40121947,11.40175425,15,10,13.03840481,13.45362405,13.45362405,13.03840481,13.45362405,10.63014581,15.8113883,11.66190379,13.45362405,10.81665383,15.62049935,12.20655562,15,12.72792206,12.80624847,11.40175425,15.62049935,10.81665383,14.14213562,10.81665383,13.45362405,10.81665383,12.72792206,10.81665383,12.20655562,12.80624847,12.80624847,11.18033989,12.20655562,13.03840481,11.66190379,12.04159458,11.40175425
2.828427125,16.2788206,6.403124237,15.55634919,5,16.2788206,5.385164807,14.86606875,5.656854249,15.55634919,5.385164807,16.2788206,5.656854249,17.02938637,4.242640687,15.55634919,6.32455532,16.2788206,8,16.2788206,7.280109889,17.69180601,6.32455532,14.86606875,6.708203932,16.2788206,7.071067812,16.2788206,6.32455532,15.62049935,7.071067812,17.02938637,6.32455532,16.97056275,7.071067812,15.62049935,6.08276253,16.40121947,7,15.55634919,6.32455532,14.14213562,6,14.14213562,5.099019514,15.62049935,3.605551275,14.86606875,5.385164807,13.60147051,5.099019514,16.97056275
9.433981132,11.66190379,9.433981132,14.14213562,10,15.62049935,12.04159458,15,12.04159458,12.04159458,11.40175425,14.14213562,12.80624847,14.2126704,10.63014581,12.04159458,12.80624847,15.62049935,12.72792206,12.04159458,13.60147051,12.72792206,13.60147051,12.80624847,14.2126704,14.14213562,12.52996409,13.45362405,12.20655562,14.86606875,11.3137085,12.80624847,12.04159458,12.80624847,10.63014581,12.80624847,12.04159458,14.14213562,12.20655562,12.80624847,11.66190379,11.40175425,10.81665383,12.80624847,10,10,8.602325267,12.04159458,9.219544457,12.04159458,8.602325267,11.40175425
8.94427191,14.14213562,5.099019514,16.2788206,6.403124237,14.86606875,6.403124237,15.8113883,5.830951895,17.02938637,6.708203932,15.62049935,6.403124237,16.2788206,5.656854249,17.02938637,5.656854249,16.40121947,5.830951895,14.2126704,5,16.2788206,5.830951895,17.69180601,5.656854249,17.20465053,4.472135955,16.97056275,4.472135955,16.2788206,4,16.2788206,6.32455532,17.20465053,6.32455532,14.86606875,5,15.62049935,6.08276253,14.2126704,4.472135955,16.2788206,5.830951895,14.86606875,6.08276253,12.80624847,6.708203932,14.14213562,6.32455532,13.60147051,7.810249676,15
7.071067812,13.45362405,5.830951895,14.2126704,6,13.45362405,5,14.2126704,3,14.86606875,5.385164807,15.62049935,3.605551275,14.86606875,6.403124237,13.45362405,3.16227766,16.2788206,3.16227766,17.02938637,4.242640687,15.55634919,5,14.86606875,2.236067977,15.62049935,2.828427125,16.2788206,2.236067977,14.14213562,4.123105626,14.14213562,2,14.14213562,3.605551275,14.2126704,3.16227766,15.55634919,3.16227766,15.55634919,3.16227766,13.45362405,2,15,3.605551275,14.2126704,2.828427125,13.45362405,4.472135955,14.14213562,5,15
32.01562119,11.66190379,29.83286778,12.20655562,25.8069758,13.03840481,27.01851217,13.89244399,29.69848481,12.52996409,31.144823,12.52996409,30.41381265,9.899494937,33.30165161,13.45362405,33.9705755,7.810249676,32.80243893,13.03840481,32.55764119,12.72792206,30.41381265,11.66190379,31.144823,11.66190379,29.73213749,10.77032961,32.01562119,8.602325267,31.82766093,11.18033989,32.55764119,9.848857802,31.89043744,12.72792206,28.31960452,12.04159458,32.55764119,8.544003745,28.60069929,9.433981132,32.80243893,10.81665383,27.58622845,8.544003745,28.28427125,10.19803903,30,11.70469991,31.89043744,11.66190379
10.81665383,13.45362405,10.63014581,14.2126704,9.219544457,13.45362405,9.219544457,14.86606875,9.219544457,14.2126704,9.899494937,14.2126704,9.219544457,14.86606875,8.485281374,14.2126704,9.219544457,14.14213562,7.810249676,17.02938637,10.63014581,14.86606875,9.219544457,15.55634919,8.602325267,15.55634919,7.810249676,14.86606875,8.602325267,14.86606875,8.602325267,14.86606875,7.211102551,15.62049935,9.219544457,14.86606875,9.433981132,15.62049935,8.544003745,14.14213562,8.94427191,14.86606875,9.219544457,14.86606875,9.219544457,14.2126704,9.433981132,12.72792206,9.433981132,14.2126704,10,12.80624847
17.02938637,3,14.86606875,3,17.02938637,3,16.2788206,2.828427125,15.62049935,2.236067977,16.2788206,3,18.43908891,3,16.97056275,2.828427125,19.10497317,2.236067977,18.43908891,3.16227766,18.38477631,2.236067977,17.69180601,3.605551275,17.02938637,2.236067977,15.62049935,3.605551275,16.2788206,3.605551275,19.10497317,4,17.69180601,4.242640687,15.62049935,2.828427125,17.02938637,3.605551275,17.02938637,3.605551275,15.55634919,4,15.62049935,4.123105626,14.86606875,3.16227766,16.97056275,3.16227766,17.02938637,3.16227766,17.02938637,3.16227766
8.544003745,11.40175425,10.29563014,12.04159458,10.81665383,12.04159458,9.433981132,12.80624847,8.94427191,15.55634919,10.81665383,12.72792206,10,12.04159458,11.40175425,11.3137085,12.20655562,10.63014581,10,10.63014581,12.04159458,13.45362405,10.63014581,12.04159458,11.3137085,12.80624847,11.3137085,13.60147051,12.04159458,11.3137085,11.40175425,12.04159458,12.04159458,12.72792206,10,12.04159458,9.899494937,12.80624847,11.40175425,11.40175425,10.63014581,14.14213562,10.63014581,12.20655562,11.40175425,12.80624847,8.602325267,12.04159458,11.3137085,12.80624847,8.602325267,12.04159458
7.615773106,10.63014581,8.602325267,14.14213562,9.433981132,14.86606875,10,11.40175425,9.899494937,14.2126704,9.433981132,12.04159458,10,12.80624847,9.219544457,12.04159458,10,14.14213562,11.3137085,12.72792206,9.899494937,15.55634919,9.899494937,13.45362405,10,14.2126704,9.433981132,11.40175425,11.3137085,13.45362405,10,15,11.66190379,13.03840481,9.899494937,12.52996409,10.63014581,12.80624847,9.219544457,13.45362405,10.63014581,13.60147051,9.219544457,12.04159458,9.433981132,12.20655562,8.94427191,12.80624847,8.602325267,13.03840481,8.94427191,13.45362405
8.602325267,11.66190379,7.615773106,11.18033989,8.602325267,12.80624847,9.219544457,12.04159458,9.433981132,12.80624847,8.602325267,13.60147051,10.81665383,12.80624847,8.602325267,12.04159458,8.485281374,14.2126704,10.63014581,14.2126704,8.602325267,14.86606875,8.485281374,14.86606875,5.656854249,14.86606875,7.071067812,14.86606875,7.810249676,13.45362405,8.485281374,14.14213562,6.403124237,13.45362405,7.810249676,14.86606875,7.211102551,13.45362405,7.810249676,14.2126704,7.071067812,12.72792206,7.211102551,12.72792206,7.810249676,12.80624847,8.062257748,14.2126704,8.602325267,13.45362405,9.433981132,12.04159458
16.2788206,9.433981132,14.14213562,9.219544457,13.45362405,9.848857802,14.86606875,10.81665383,14.86606875,7.810249676,14.86606875,9.899494937,14.86606875,8.485281374,15.62049935,8.602325267,14.2126704,10.63014581,13.60147051,9.219544457,15.55634919,12.20655562,15,9.433981132,15.62049935,12.20655562,14.2126704,10,15,10,13.45362405,11.40175425,13.45362405,11.66190379,14.4222051,9.433981132,14.2126704,10.81665383,16.40121947,9.486832981,14.2126704,10.29563014,13.60147051,9.486832981,14.2126704,9.486832981,14.86606875,6.708203932,15.62049935,9.848857802,14.14213562,8.544003745
38.89730068,43.0464865,31.2409987,40,26.83281573,35.22782991,46.61544808,40,27.45906044,32.24903099,33.30165161,41.18252056,35.35533906,33.13608305,25.70992026,16.03121954,40.16217126,36.05551275,27.78488798,28.23118843,53.66563146,42.63801121,50.69516742,34.40930107,30,38.07886553,37.48332963,34.88552709,39.69886648,47.42362281,61.09828148,46.5295605,29.06888371,43.829214,27.01851217,35,28.8444102,51.6139516,41.34005322,39.44616585,29.69848481,40.31128874,23.76972865,50.21951812,26.40075756,40.31128874,21.40093456,38.83297568,37.53664876,46.22769733,33.60059523,47.38143096
7.810249676,15.8113883,6.708203932,15.55634919,7.810249676,14.2126704,8.544003745,16.40121947,5.830951895,15,7.615773106,14.86606875,7.071067812,13.45362405,7.810249676,16.2788206,7.071067812,17.02938637,6.403124237,13.45362405,8.602325267,16.2788206,7.810249676,16.40121947,6.403124237,17.69180601,5.830951895,17.02938637,6,16.97056275,5.830951895,16.2788206,7.280109889,15.62049935,8.062257748,15.62049935,8.544003745,15.8113883,6.708203932,14.86606875,5.385164807,13.45362405,8.246211251,15.62049935,6.708203932,12.20655562,8.544003745,15,8.94427191,15,9.486832981,14.2126704
13.03840481,12.04159458,11.3137085,10.81665383,10.63014581,12.04159458,11.3137085,12.20655562,12.20655562,12.04159458,12.20655562,13.45362405,13.45362405,10.63014581,12.72792206,10,12.72792206,10,10.81665383,10.63014581,12.72792206,12.04159458,13.45362405,10.63014581,13.60147051,12.80624847,12.04159458,12.80624847,12.72792206,10.81665383,14.2126704,12.04159458,11.40175425,9.433981132,12.80624847,10,14.2126704,11.40175425,13.60147051,9.219544457,13.45362405,10.63014581,12.80624847,9.219544457,13.60147051,11.3137085,11.66190379,12.20655562,10.63014581,10.63014581,11.40175425,11.40175425
14.86606875,6.708203932,13.60147051,6.32455532,16.64331698,8.94427191,14.86606875,7.280109889,16.2788206,9.219544457,15.62049935,7.280109889,16.97056275,8.062257748,16.2788206,7.810249676,16.2788206,5.830951895,13.45362405,5.656854249,14.86606875,6.403124237,17.02938637,6.403124237,16.2788206,5,17.02938637,6.32455532,17.02938637,4.242640687,17.02938637,6.403124237,16.2788206,8.485281374,15.62049935,5.385164807,15.55634919,6.32455532,17.02938637,5.385164807,17.69180601,6.708203932,14.86606875,4.472135955,13.45362405,7.211102551,14.86606875,6.708203932,16.40121947,7.211102551,15,7.211102551
7.280109889,13.03840481,7.615773106,13.60147051,6.708203932,13.60147051,8.544003745,15,7.615773106,14.2126704,8.062257748,15,6.708203932,14.2126704,7.615773106,14.86606875,6.32455532,15.62049935,5,14.2126704,6.708203932,16.2788206,7.211102551,14.86606875,4.242640687,15.55634919,5.830951895,15.62049935,4.472135955,14.86606875,4.123105626,16.97056275,3.605551275,13.45362405,4.242640687,14.86606875,4.242640687,15.62049935,4.242640687,15.62049935,5,13.60147051,5,14.86606875,5.656854249,13.45362405,4.472135955,14.86606875,5,15.8113883,5.656854249,11.3137085
10.63014581,14.2126704,9.899494937,15,8.602325267,14.14213562,10,14.2126704,7.810249676,14.86606875,8.485281374,14.14213562,10.63014581,15.8113883,8.062257748,15.62049935,10,14.2126704,10.81665383,14.4222051,10.29563014,14.4222051,7.810249676,15,10.63014581,14.86606875,9.848857802,14.2126704,11.18033989,16.40121947,8.544003745,15.8113883,9.433981132,14.4222051,8.062257748,15,10.29563014,15.26433752,11.40175425,13.03840481,10.29563014,14.2126704,9.486832981,12.80624847,7.615773106,12.04159458,13.03840481,13.60147051,10.81665383,12.20655562,9.848857802,13.03840481
17.69180601,3.16227766,19.20937271,2,17.80449381,6.08276253,17.02938637,3.16227766,15.55634919,1.414213562,20.61552813,3.605551275,18.43908891,4.123105626,17.69180601,3.605551275,18.38477631,1.414213562,18.43908891,2.828427125,18.38477631,5.656854249,18.38477631,4.472135955,18.38477631,5,15.55634919,5.385164807,16.2788206,5,17.80449381,5.656854249,16.2788206,5,16.97056275,4.472135955,16.2788206,5.385164807,14.2126704,6.32455532,15.55634919,4,14.86606875,5.099019514,14.86606875,4,16.2788206,3.16227766,15.62049935,5.099019514,16.2788206,2.236067977
16.97056275,5,15.62049935,4.472135955,14.86606875,8,16.2788206,5.830951895,17.69180601,4.472135955,17.20465053,4.123105626,16.2788206,4.123105626,19.10497317,4.472135955,15,3.605551275,16.2788206,5,17.69180601,5,17.02938637,4.123105626,15.8113883,3.605551275,16.2788206,4,15.55634919,3.16227766,16.97056275,3.16227766,14.86606875,3.605551275,16.2788206,1.414213562,15.55634919,3.16227766,14.86606875,3,14.2126704,3.605551275,13.45362405,4,14.14213562,2.828427125,14.86606875,3.605551275,14.86606875,3.605551275,15.55634919,4.123105626
10.81665383,9.899494937,11.40175425,9.219544457,10,10.29563014,8.485281374,11.40175425,10.63014581,10.29563014,11.3137085,12.72792206,9.899494937,10,12.04159458,12.80624847,10.63014581,8.485281374,11.66190379,12.04159458,9.899494937,11.3137085,11.40175425,12.04159458,10.29563014,10.29563014,10,10,11.3137085,9.899494937,12.20655562,10,11.40175425,9.899494937,10.63014581,7.810249676,11.3137085,9.433981132,10,9.219544457,10.81665383,9.433981132,9.899494937,7.810249676,9.433981132,10,9.433981132,11.3137085,10,10.63014581,10.81665383,10
14.14213562,4.123105626,15,1.414213562,14.86606875,1.414213562,17.02938637,3.16227766,14.86606875,2,13.45362405,1,16.40121947,3.16227766,15.62049935,1.414213562,15.8113883,1.414213562,14.86606875,2,16.97056275,1.414213562,15.62049935,2.828427125,14.14213562,2.828427125,16.2788206,2.828427125,14.86606875,2.236067977,16.2788206,5.385164807,15.62049935,5.099019514,16.2788206,2.236067977,14.86606875,1,14.86606875,2.236067977,13.45362405,2.236067977,13.45362405,5,14.14213562,2,14.86606875,1.414213562,14.86606875,2.236067977,16.2788206,2
5,12.72792206,5,11.40175425,4.242640687,12.80624847,5.830951895,15,5,13.45362405,5.656854249,11.3137085,5,12.04159458,5.830951895,11.3137085,5.656854249,12.72792206,3.605551275,10.63014581,6.32455532,12.72792206,5.830951895,12.72792206,7.615773106,12.80624847,5.830951895,13.45362405,7.280109889,13.45362405,5.830951895,11.66190379,6.708203932,12.20655562,5.385164807,11.66190379,7.615773106,12.20655562,5.656854249,12.20655562,6.08276253,13.45362405,5.830951895,14.2126704,4.123105626,12.04159458,6,12.72792206,3.16227766,14.14213562,5.099019514,12.80624847
10.81665383,6.708203932,14.76482306,10.29563014,10.63014581,8.062257748,12.04159458,8.062257748,11.3137085,8.062257748,12.04159458,7.211102551,14.2126704,8.062257748,10.63014581,6.403124237,12.80624847,7.071067812,12.20655562,5.830951895,12.04159458,6.403124237,14.2126704,6.403124237,13.45362405,5,11.40175425,5,11.66190379,6.403124237,12.72792206,5.385164807,12.80624847,5,11.40175425,5.385164807,12.04159458,4.242640687,12.20655562,4.472135955,12.80624847,5.385164807,14.4222051,5.656854249,11.3137085,5,12.20655562,6.32455532,13.45362405,6.403124237,11.3137085,6.708203932
13.03840481,4.472135955,12.04159458,6.08276253,12.04159458,5,11.40175425,7.211102551,11.3137085,7.071067812,11.18033989,6.32455532,12.04159458,7.810249676,12.04159458,8.602325267,12.04159458,7.615773106,13.03840481,7.071067812,13.03840481,7.071067812,10.81665383,7.211102551,9.219544457,7.810249676,9.219544457,7.071067812,10.81665383,8.602325267,10.77032961,5.656854249,10.81665383,10.63014581,12.20655562,8.062257748,10.81665383,7.071067812,12.20655562,7.071067812,10.81665383,9.219544457,11.3137085,7.810249676,10.63014581,8.485281374,11.40175425,7.810249676,10.81665383,4.472135955,11.40175425,5.385164807
14.14213562,6.403124237,11.40175425,5.656854249,12.04159458,5,13.45362405,5.830951895,10.63014581,5.656854249,12.04159458,6.403124237,12.04159458,7.071067812,12.04159458,5.656854249,12.72792206,6.403124237,11.40175425,5,12.80624847,7.071067812,12.80624847,7.071067812,11.66190379,9.219544457,12.20655562,5.656854249,12.20655562,7.810249676,10.81665383,9.219544457,12.20655562,8.602325267,14.4222051,7.810249676,11.40175425,7.810249676,10.81665383,6.403124237,11.66190379,5.830951895,11.66190379,7.071067812,11.3137085,7.071067812,12.20655562,6.403124237,13.03840481,6.403124237,12.72792206,5.830951895
8.062257748,9.899494937,7.211102551,10.29563014,8.94427191,10.63014581,9.433981132,12.04159458,8.485281374,11.40175425,8.602325267,10.63014581,8.485281374,10.81665383,8.485281374,11.40175425,6.403124237,11.40175425,7.810249676,13.60147051,10,12.20655562,9.219544457,11.40175425,8.062257748,12.04159458,6.403124237,12.04159458,5.830951895,14.4222051,7.810249676,12.80624847,7.211102551,12.52996409,5.656854249,13.45362405,6.403124237,12.72792206,5.385164807,13.60147051,5,12.72792206,4.472135955,12.20655562,5.656854249,11.66190379,5.656854249,14.4222051,6.403124237,13.89244399,7.810249676,12.04159458
14.2126704,1,13.45362405,1,12.04159458,1.414213562,12.72792206,1.414213562,13.03840481,1,14.14213562,0,14.2126704,1,14.86606875,1.414213562,15.8113883,1.414213562,15.26433752,1.414213562,15.62049935,1,15.55634919,1.414213562,14.14213562,1.414213562,14.14213562,2,14.2126704,1,14.86606875,2.236067977,14.14213562,1,15.8113883,1.414213562,14.86606875,1,14.4222051,1.414213562,12.52996409,1,12.80624847,2.236067977,13.45362405,1,14.14213562,2.236067977,13.45362405,1.414213562,14.14213562,1
12.72792206,6.708203932,11.3137085,9.219544457,13.45362405,7.810249676,12.04159458,7.071067812,12.04159458,9.219544457,14.14213562,6.708203932,13.45362405,8.062257748,13.45362405,8.602325267,14.4222051,8.602325267,13.03840481,10,16.40121947,8.485281374,14.86606875,9.219544457,12.04159458,9.219544457,13.45362405,9.219544457,11.40175425,9.899494937,12.20655562,10.63014581,12.04159458,9.433981132,12.52996409,7.211102551,13.60147051,10.63014581,11.40175425,8.602325267,12.20655562,9.219544457,12.20655562,10.63014581,12.04159458,9.219544457,13.45362405,8.602325267,14.4222051,9.219544457,13.45362405,8.062257748
2.828427125,14.14213562,3.605551275,12.04159458,4.472135955,12.72792206,2.236067977,12.04159458,2.828427125,14.14213562,4.472135955,12.80624847,3.605551275,13.60147051,3.605551275,13.03840481,2.828427125,12.20655562,4.242640687,15,4.472135955,13.45362405,4.472135955,14.4222051,4.123105626,14.14213562,5,14.4222051,3.605551275,15.62049935,4.472135955,14.86606875,4.242640687,13.41640786,3.605551275,13.60147051,4.472135955,14.2126704,4.242640687,15,5.385164807,14.2126704,4.472135955,13.45362405,4.242640687,15,2.236067977,13.60147051,4.123105626,14.86606875,2.236067977,13.03840481
6.708203932,11.18033989,8.062257748,12.20655562,7.211102551,12.80624847,10.29563014,12.04159458,7.810249676,12.80624847,8.94427191,12.20655562,8.94427191,13.60147051,5.830951895,14.2126704,9.219544457,12.80624847,7.211102551,13.60147051,6.403124237,15.62049935,7.810249676,15,6.403124237,14.86606875,6.403124237,14.86606875,6.403124237,14.2126704,7.071067812,14.86606875,5,15.26433752,5.830951895,14.4222051,5.656854249,14.2126704,5,13.60147051,3.605551275,15,7.071067812,14.86606875,5.830951895,15,5.830951895,15,6.403124237,15.8113883,6.403124237,13.45362405
12.72792206,5.830951895,12.80624847,5.385164807,13.60147051,5.830951895,11.3137085,6.708203932,12.04159458,5.656854249,12.72792206,4.472135955,14.86606875,5.830951895,12.04159458,6.403124237,12.04159458,5.830951895,12.72792206,6.708203932,14.14213562,5.385164807,14.14213562,4.123105626,12.04159458,4.123105626,12.20655562,5.830951895,14.4222051,5.656854249,13.45362405,3,13.45362405,6.08276253,14.2126704,6.32455532,12.80624847,6.08276253,13.45362405,5.830951895,13.45362405,6.403124237,12.72792206,4.123105626,14.86606875,6.708203932,12.80624847,7.211102551,12.72792206,6.403124237,12.72792206,5.830951895
15,4.472135955,14.14213562,5,12.80624847,4.242640687,13.45362405,4.123105626,13.45362405,3.16227766,13.45362405,5,14.86606875,4.472135955,15.62049935,4.242640687,13.45362405,5.385164807,15,7.211102551,16.40121947,5,15,3.605551275,14.86606875,3.605551275,15.55634919,3.605551275,15.62049935,4.242640687,15.62049935,3.605551275,14.14213562,3.605551275,14.14213562,4.472135955,17.02938637,3,14.2126704,5,13.45362405,3,14.2126704,5,13.45362405,4.472135955,13.45362405,4.472135955,14.2126704,5.385164807,14.86606875,5
7.071067812,12.20655562,6.403124237,14.2126704,6.403124237,12.80624847,6.403124237,13.45362405,6.708203932,13.60147051,7.211102551,15.26433752,8.602325267,15.62049935,7.071067812,14.4222051,7.810249676,13.45362405,8.062257748,13.45362405,7.810249676,14.2126704,7.211102551,13.45362405,7.211102551,15.62049935,5.656854249,15.62049935,6.708203932,16.2788206,6.708203932,14.86606875,6.708203932,14.86606875,7.810249676,15,5.656854249,14.86606875,6.708203932,14.86606875,7.211102551,14.2126704,6.708203932,16.2788206,7.211102551,15,7.211102551,14.86606875,7.810249676,13.60147051,8.062257748,14.86606875
14.2126704,3.605551275,12.80624847,2.828427125,12.20655562,1,13.45362405,2,13.45362405,2.828427125,14.2126704,3.16227766,13.60147051,1.414213562,14.86606875,2.236067977,14.2126704,1,14.86606875,2.236067977,14.4222051,0,14.86606875,2.236067977,12.80624847,2.236067977,14.2126704,2.236067977,15.8113883,3.605551275,13.60147051,1.414213562,14.86606875,2.828427125,17.02938637,3.605551275,15,2.236067977,15,1.414213562,15.8113883,2.236067977,13.60147051,1.414213562,14.4222051,1.414213562,14.86606875,2.236067977,16.40121947,1,15.62049935,1
5.099019514,14.2126704,4,14.4222051,4.123105626,14.14213562,4.123105626,15.62049935,4.123105626,12.80624847,6,15,5.099019514,14.86606875,4.242640687,15.8113883,4.472135955,16.2788206,7.615773106,16.2788206,6.403124237,15.55634919,7.071067812,17.20465053,6.708203932,14.86606875,5.830951895,15.55634919,6.403124237,15.62049935,5.656854249,15.62049935,6.403124237,16.40121947,6.403124237,15.8113883,5,13.45362405,5.656854249,15,9.848857802,16.40121947,5.830951895,17.02938637,5.830951895,16.64331698,5.830951895,17.02938637,6.403124237,14.86606875,4.472135955,15.62049935
22.47220505,15.62049935,23.32380758,14.86606875,25,15.62049935,23.60084744,16.2788206,22.20360331,15,24.69817807,16.2788206,24.20743687,16.2788206,24.69817807,15.62049935,25,17.02938637,27.20294102,15,27.65863337,14.86606875,26.17250466,16.97056275,26.17250466,13.60147051,26.40075756,14.2126704,26.62705391,15,27.20294102,13.45362405,27.80287755,13.60147051,28.01785145,13.60147051,25.8069758,13.60147051,25.49509757,13.45362405,26.40075756,14.4222051,24.20743687,15,25.61249695,15,27.80287755,15,24.75883681,15.55634919,24.75883681,16.2788206
12.80624847,5,9.899494937,7.211102551,13.03840481,9.433981132,12.80624847,6.08276253,12.04159458,7.810249676,10,5.656854249,10.63014581,7.211102551,13.45362405,9.433981132,14.2126704,6.403124237,14.2126704,5.830951895,14.86606875,5,13.60147051,7.810249676,13.45362405,6.32455532,14.14213562,7.810249676,12.72792206,7.071067812,14.14213562,8.485281374,14.14213562,6.403124237,13.03840481,5.830951895,11.66190379,6.708203932,12.72792206,8.062257748,11.66190379,7.615773106,13.45362405,8.602325267,15,4.472135955,14.14213562,8.602325267,12.04159458,5.830951895,13.45362405,7.810249676
6.32455532,12.72792206,7.615773106,14.86606875,7.280109889,12.80624847,7.211102551,12.04159458,7.615773106,13.45362405,8.062257748,14.2126704,7.810249676,14.14213562,8.94427191,12.04159458,9.219544457,14.2126704,8.602325267,14.86606875,6.403124237,15.62049935,7.211102551,14.86606875,7.810249676,15.62049935,7.810249676,14.86606875,8.602325267,14.2126704,8.485281374,12.80624847,9.219544457,14.2126704,9.433981132,12.80624847,8.602325267,13.45362405,9.219544457,13.45362405,9.219544457,14.14213562,9.219544457,12.80624847,9.219544457,14.2126704,7.810249676,14.14213562,7.071067812,14.14213562,7.810249676,13.45362405
8.544003745,16.1245155,7.211102551,13.41640786,6.708203932,13.89244399,8.062257748,13.03840481,7.615773106,13.89244399,8.062257748,14.2126704,6.708203932,16.1245155,7.211102551,15.26433752,6.403124237,15.8113883,5.830951895,16.2788206,8.485281374,16.64331698,7.071067812,17.20465053,7.810249676,19.10497317,6.403124237,18.60107524,5.656854249,17.02938637,7.211102551,17.20465053,4.242640687,19.20937271,7.211102551,17.02938637,5,18.43908891,5.656854249,17.69180601,7.211102551,15.62049935,5.656854249,14.86606875,5.830951895,14.86606875,7.810249676,17.02938637,5.656854249,16.97056275,7.071067812,16.2788206
23.60084744,7.211102551,26.40075756,11.66190379,26.40075756,8.485281374,28.28427125,8.485281374,28.31960452,10.63014581,21.40093456,8.602325267,25.8069758,5.830951895,27.20294102,10.44030651,27.65863337,2.236067977,24.8394847,9.433981132,26.87005769,15.23154621,26.87005769,3.605551275,24.04163056,8.94427191,27.58622845,6.403124237,29.06888371,5.830951895,26.17250466,8,25.45584412,10.44030651,27.01851217,11.18033989,27.58622845,9.055385138,22.627417,11.40175425,28.60069929,10.44030651,30,13.45362405,26.2488095,11.40175425,22.6715681,12.04159458,20.51828453,12.04159458,26.2488095,11.18033989
3.16227766,16.40121947,5.099019514,16.40121947,4.472135955,17.69180601,2.236067977,16.97056275,3.16227766,17.02938637,3.16227766,17.02938637,4.472135955,15.62049935,4.123105626,17.02938637,3.605551275,15.55634919,2.236067977,15.62049935,2.828427125,19.10497317,2.236067977,17.02938637,3.605551275,18.43908891,4.242640687,19.10497317,5,17.80449381,4.242640687,19.10497317,5.385164807,18.43908891,5.830951895,18.60107524,5,19.10497317,5,17.69180601,4.242640687,18.38477631,4.472135955,16.97056275,3.605551275,17.69180601,3.605551275,18.43908891,4.123105626,17.69180601,1.414213562,18.43908891
14.86606875,8.544003745,13.45362405,9.433981132,13.60147051,9.433981132,16.2788206,10,13.45362405,10.81665383,14.86606875,10,16.97056275,9.899494937,15.62049935,12.04159458,16.2788206,11.3137085,14.86606875,10.63014581,14.86606875,9.899494937,14.86606875,11.3137085,16.97056275,11.40175425,14.2126704,10,14.86606875,12.80624847,16.40121947,13.45362405,14.86606875,12.80624847,15.8113883,12.04159458,16.40121947,10.63014581,15.62049935,11.3137085,14.2126704,12.72792206,13.45362405,10.63014581,14.14213562,11.3137085,16.2788206,9.899494937,14.2126704,11.40175425,15.62049935,10.63014581
10.29563014,11.3137085,13.03840481,12.04159458,12.52996409,11.3137085,11.40175425,14.86606875,11.66190379,12.80624847,11.66190379,10.63014581,12.72792206,13.45362405,12.04159458,13.45362405,12.04159458,9.899494937,10.81665383,13.45362405,12.80624847,12.04159458,14.2126704,13.45362405,13.45362405,13.45362405,13.45362405,12.72792206,12.72792206,12.20655562,14.14213562,11.40175425,13.45362405,11.40175425,12.04159458,12.52996409,12.80624847,11.3137085,12.72792206,11.66190379,13.45362405,12.72792206,14.14213562,10.81665383,12.04159458,12.20655562,11.40175425,14.4222051,11.40175425,12.20655562,12.72792206,12.80624847
13.15294644,95.38343672,15.03329638,107.8239306,7.280109889,105.6834897,11.18033989,107.9351657,17.69180601,95.01578816,16.15549442,101.0742301,16.2788206,114.3896848,19.84943324,97.41663102,11.18033989,106.780148,5.099019514,96.8297475,4.123105626,133.8693393,21.40093456,106.1508361,19.41648784,114.8651383,6.32455532,107.4476617,7.071067812,115.8835623,5.830951895,141.7674152,4,130.6330739,10.81665383,109.8772042,6.708203932,110.3449138,13.60147051,102.0686044,18.11077028,108.2266141,22.02271555,113.8990781,27.65863337,94.17536833,22.47220505,111.0720487,18.24828759,114.621115,23.08679276,104.890419
10,11.18033989,9.433981132,12.04159458,10.81665383,12.52996409,10.63014581,12.80624847,11.40175425,13.41640786,10.63014581,13.03840481,10.63014581,13.41640786,11.40175425,12.72792206,11.40175425,14.2126704,10.63014581,12.04159458,12.72792206,13.60147051,10.63014581,14.2126704,9.899494937,14.86606875,10.63014581,16.40121947,10.63014581,14.14213562,10.63014581,15.55634919,10.63014581,14.86606875,11.40175425,13.03840481,11.18033989,15.62049935,10,14.86606875,9.219544457,14.86606875,11.40175425,14.14213562,11.3137085,14.86606875,11.3137085,15.55634919,12.04159458,12.72792206,11.3137085,13.45362405
14.2126704,9.486832981,12.72792206,8.544003745,14.86606875,8.94427191,14.86606875,8.94427191,14.2126704,9.848857802,15.55634919,9.848857802,15.55634919,8.062257748,16.2788206,9.848857802,14.86606875,11.66190379,13.45362405,10.63014581,14.86606875,11.66190379,14.14213562,10.81665383,17.02938637,11.40175425,14.2126704,12.20655562,14.2126704,11.40175425,16.2788206,12.20655562,14.86606875,11.40175425,15.62049935,12.04159458,15.62049935,13.60147051,14.86606875,12.04159458,14.86606875,12.20655562,13.45362405,12.04159458,14.14213562,11.66190379,14.86606875,11.40175425,13.45362405,12.72792206,16.2788206,10.63014581
11.3137085,11.66190379,9.219544457,11.66190379,9.219544457,10,11.40175425,10.63014581,10.63014581,11.40175425,9.433981132,11.66190379,11.40175425,11.66190379,10.81665383,12.80624847,13.60147051,12.80624847,12.52996409,12.20655562,11.3137085,13.45362405,10.81665383,12.04159458,10.63014581,12.80624847,11.40175425,12.04159458,13.03840481,12.80624847,10.81665383,12.80624847,8.602325267,13.45362405,11.66190379,12.04159458,9.219544457,11.66190379,10.63014581,10.63014581,10,11.40175425,10,12.04159458,10.63014581,12.20655562,10,12.04159458,11.40175425,11.3137085,12.80624847,12.72792206
10.63014581,8.94427191,12.04159458,8.94427191,9.899494937,11.18033989,10,11.40175425,10.63014581,12.08304597,9.899494937,12.52996409,10.81665383,12.80624847,10.81665383,10.81665383,9.219544457,12.52996409,10.63014581,13.03840481,11.40175425,12.80624847,11.3137085,14.2126704,10.81665383,11.3137085,10,12.80624847,9.433981132,11.40175425,10.63014581,10.63014581,10,10.81665383,12.20655562,10.81665383,10.63014581,10,9.899494937,9.433981132,10,11.66190379,10.29563014,12.04159458,11.40175425,10.63014581,11.18033989,11.3137085,11.40175425,12.20655562,11.3137085,11.3137085
2.236067977,10.63014581,4.472135955,12.20655562,3.605551275,11.40175425,4.242640687,12.04159458,5,15,3.605551275,13.89244399,3,14.4222051,2.236067977,12.04159458,5,12.80624847,2.828427125,14.2126704,2.236067977,14.86606875,3.16227766,13.60147051,1,13.45362405,2.236067977,13.60147051,2.236067977,13.45362405,2.828427125,14.4222051,2.828427125,14.2126704,1.414213562,14.86606875,2,13.45362405,1,14.2126704,2.236067977,12.80624847,2,13.60147051,2.236067977,13.60147051,2.236067977,15,2,12.04159458,3.605551275,13.45362405
11.40175425,9.899494937,10,8.485281374,9.219544457,12.04159458,10.63014581,9.899494937,10.81665383,10.63014581,11.18033989,10.63014581,10.63014581,10,11.3137085,9.219544457,13.60147051,10.81665383,12.80624847,12.52996409,12.20655562,11.18033989,13.03840481,9.433981132,12.80624847,9.899494937,12.72792206,9.899494937,12.80624847,11.40175425,11.66190379,10.81665383,10.63014581,9.433981132,11.40175425,9.433981132,10,9.219544457,12.72792206,9.433981132,12.72792206,10.63014581,10.81665383,10.63014581,11.3137085,9.433981132,12.04159458,10.29563014,11.3137085,8.485281374,10.81665383,9.899494937
2,12.80624847,3.16227766,14.86606875,2,12.80624847,2.828427125,14.2126704,1.414213562,13.60147051,3.605551275,15,2.236067977,14.2126704,2.236067977,15,3.16227766,15.62049935,6.32455532,16.2788206,3.16227766,15.55634919,2.236067977,13.45362405,3.16227766,14.2126704,4.123105626,13.45362405,2.828427125,14.14213562,5.656854249,14.2126704,3.605551275,12.72792206,4.123105626,13.03840481,3.605551275,13.45362405,2.828427125,13.03840481,4.242640687,14.86606875,4,15.55634919,3.16227766,14.14213562,3.605551275,14.86606875,2.236067977,14.86606875,2.236067977,14.2126704
11.70469991,44.10215414,18.68154169,42.94182111,14.31782106,29,12.36931688,39.8246155,15.26433752,29.06888371,10.04987562,43.27817002,15,51.73973328,23.08679276,27.78488798,8.062257748,38.83297568,6.708203932,36.87817783,25.94224354,46.69047012,11.66190379,50.44799302,19.31320792,45.79301257,12.52996409,42.42640687,18.24828759,59.20304046,18.02775638,58.41232747,12.36931688,36.87817783,18.02775638,33.73425559,13.45362405,51.42956348,12.36931688,41.01219331,16.40121947,48.27007354,8.062257748,44.65422712,13,38.60051813,27.20294102,34.20526275,15.23154621,52.49761899,24.08318916,41.77319715
5.385164807,13.45362405,5.099019514,15.55634919,5,14.86606875,6.708203932,12.72792206,5.830951895,14.86606875,5,15.62049935,7.280109889,14.14213562,6.403124237,14.86606875,7.071067812,12.72792206,4.472135955,14.14213562,7.211102551,14.86606875,7.810249676,15.55634919,7.810249676,15.55634919,7.211102551,14.86606875,7.810249676,14.14213562,8.602325267,12.04159458,7.810249676,14.4222051,7.211102551,13.89244399,9.219544457,13.45362405,6.403124237,14.4222051,7.071067812,12.04159458,7.071067812,13.45362405,6.403124237,12.04159458,6.403124237,12.72792206,7.810249676,13.45362405,5.656854249,14.14213562
12.04159458,8.544003745,10.63014581,8.602325267,12.80624847,9.219544457,13.45362405,8.602325267,11.40175425,9.899494937,10.63014581,8.602325267,12.04159458,10,10.63014581,10,11.3137085,9.219544457,9.899494937,11.3137085,12.72792206,12.04159458,11.40175425,12.04159458,11.40175425,10.63014581,10.29563014,11.3137085,9.899494937,10.63014581,10.81665383,10.63014581,10,10.63014581,10.63014581,8.485281374,10,10,9.899494937,10.63014581,9.433981132,9.219544457,11.40175425,9.899494937,8.602325267,9.219544457,10,9.219544457,10.63014581,9.899494937,12.20655562,9.219544457
12.04159458,7.810249676,12.72792206,9.219544457,10.63014581,7.071067812,13.60147051,9.219544457,10.63014581,8.485281374,12.04159458,9.219544457,12.80624847,8.602325267,12.04159458,7.071067812,12.72792206,8.602325267,13.03840481,6.708203932,14.4222051,9.899494937,13.60147051,9.219544457,11.66190379,9.219544457,12.20655562,9.899494937,13.03840481,8.602325267,13.03840481,9.219544457,13.03840481,9.219544457,13.89244399,8.485281374,13.03840481,9.899494937,14.4222051,7.071067812,13.60147051,8.485281374,11.40175425,7.810249676,13.60147051,7.071067812,12.20655562,7.071067812,12.20655562,7.211102551,13.45362405,8.485281374
7.211102551,13.45362405,6.708203932,12.20655562,6.708203932,11.40175425,6.403124237,12.80624847,7.810249676,12.20655562,9.486832981,12.04159458,8.544003745,12.04159458,6.403124237,14.86606875,8.062257748,13.45362405,8.062257748,13.45362405,7.810249676,12.20655562,7.810249676,13.45362405,7.615773106,14.2126704,7.211102551,13.45362405,9.433981132,12.80624847,10,12.20655562,10.63014581,12.04159458,9.899494937,12.20655562,8.062257748,13.45362405,9.899494937,14.2126704,10,12.72792206,10,12.20655562,9.899494937,12.80624847,7.071067812,12.04159458,9.899494937,11.40175425,7.071067812,13.45362405
12.52996409,5,13.89244399,5,11.66190379,5.385164807,11.66190379,6.403124237,13.60147051,6.708203932,13.89244399,6.32455532,15,4.123105626,13.45362405,4.242640687,16.1245155,4.472135955,17.80449381,5.830951895,17.20465053,4.472135955,16.64331698,5,15.26433752,5,13.60147051,3.605551275,16.40121947,3.605551275,15.62049935,5,14.4222051,2.828427125,17.20465053,3.16227766,13.60147051,4.472135955,14.86606875,3.605551275,16.40121947,0,14.2126704,3.605551275,15.62049935,2.828427125,14.86606875,5.656854249,14.14213562,4.472135955,14.14213562,5
1.414213562,13.60147051,2.828427125,14.2126704,2.236067977,15.62049935,2,14.14213562,1.414213562,16.40121947,3.605551275,15.26433752,1.414213562,15.62049935,3.16227766,14.14213562,1.414213562,15.55634919,1.414213562,14.14213562,1,16.2788206,1,15,3,16.2788206,1.414213562,16.97056275,1,14.4222051,2.236067977,16.97056275,1.414213562,15,1,15.62049935,2.236067977,15.62049935,2.828427125,15,1,16.2788206,1.414213562,17.20465053,1,15.62049935,0,16.2788206,2.236067977,14.86606875,1,15.55634919
17.20465053,4.472135955,17.80449381,3.16227766,17.02938637,3.16227766,16.2788206,1.414213562,17.69180601,3.605551275,16.40121947,2.828427125,16.97056275,2.236067977,17.80449381,0,17.69180601,1,18.43908891,2.828427125,17.02938637,3,19.10497317,1.414213562,18.43908891,1.414213562,19.20937271,3.16227766,19.10497317,1.414213562,19.20937271,4.123105626,17.69180601,3,19.20937271,2.236067977,17.80449381,4,19.20937271,3.16227766,17.02938637,3.16227766,17.69180601,4,16.2788206,6.08276253,19.10497317,5,19.10497317,4.123105626,16.97056275,5.099019514
12.04159458,11.18033989,12.04159458,10.81665383,12.04159458,12.80624847,12.72792206,12.20655562,11.40175425,12.20655562,11.3137085,12.20655562,12.04159458,13.60147051,12.80624847,13.45362405,13.45362405,12.80624847,10,15,9.899494937,14.86606875,11.40175425,12.80624847,11.40175425,14.2126704,11.40175425,14.2126704,12.20655562,14.14213562,14.14213562,14.14213562,12.04159458,14.86606875,11.40175425,13.45362405,11.66190379,13.45362405,11.3137085,14.14213562,13.03840481,13.45362405,11.40175425,13.45362405,12.04159458,13.45362405,10.81665383,13.60147051,12.20655562,13.45362405,13.45362405,13.60147051
26.90724809,14.31782106,26.87005769,14.31782106,27.58622845,13.89244399,28.28427125,12.80624847,28.42534081,14.2126704,29.73213749,15,28.31960452,15,27.58622845,17.20465053,29,14.86606875,28.28427125,17.20465053,31.82766093,19.20937271,29.69848481,17.20465053,30.61045573,17.69180601,29.06888371,16.64331698,28.28427125,17.69180601,31.40063694,20.51828453,30.41381265,19.79898987,28.42534081,17.02938637,27.58622845,18.43908891,27.58622845,17.02938637,26.90724809,18.38477631,26.90724809,14.86606875,27.65863337,14.86606875,30.41381265,15.55634919,29.73213749,15.62049935,29.73213749,17.02938637
12.72792206,10,10.81665383,8.062257748,12.20655562,8.485281374,12.80624847,5.830951895,12.20655562,10.63014581,12.20655562,8.485281374,12.80624847,9.219544457,12.72792206,8.485281374,13.60147051,8.602325267,11.40175425,7.211102551,15.62049935,9.899494937,13.45362405,7.211102551,12.04159458,9.219544457,12.80624847,7.810249676,12.80624847,6.403124237,13.45362405,7.810249676,12.04159458,8.485281374,13.45362405,7.810249676,13.45362405,7.810249676,12.72792206,9.219544457,12.80624847,7.810249676,11.3137085,8.602325267,12.04159458,7.211102551,12.04159458,8.602325267,12.72792206,10,12.04159458,8.485281374
15.55634919,6.708203932,14.86606875,7.071067812,16.97056275,6.403124237,16.97056275,6.708203932,15.55634919,5.830951895,14.86606875,7.211102551,16.2788206,5,14.86606875,7.810249676,16.97056275,7.810249676,15.62049935,9.219544457,17.02938637,10.63014581,16.97056275,7.071067812,15,7.810249676,15,7.810249676,15.8113883,9.899494937,16.40121947,7.810249676,15,8.485281374,17.69180601,5.656854249,15.62049935,7.071067812,15.62049935,8.485281374,14.4222051,8.062257748,14.86606875,5.656854249,15.62049935,6.403124237,15.62049935,6.403124237,16.2788206,5,14.86606875,7.211102551
8.062257748,12.20655562,7.211102551,12.04159458,6.403124237,15,7.071067812,14.14213562,7.810249676,14.14213562,7.810249676,11.66190379,8.602325267,14.2126704,8.062257748,14.14213562,8.602325267,14.14213562,7.211102551,14.14213562,8.485281374,14.86606875,7.071067812,14.14213562,7.211102551,14.86606875,7.810249676,14.4222051,6.403124237,14.86606875,7.211102551,13.45362405,7.810249676,14.86606875,6.403124237,13.45362405,6.403124237,13.45362405,6.708203932,13.45362405,7.211102551,14.14213562,6.403124237,14.14213562,6.403124237,14.86606875,7.810249676,15,6.403124237,12.04159458,8.485281374,14.14213562
3,15.8113883,1.414213562,17.80449381,1,18.43908891,2,16.2788206,2,16.40121947,1,17.20465053,0,19.10497317,0,16.40121947,0,17.69180601,2,16.2788206,1,21.21320344,2.236067977,18.38477631,2.236067977,19.10497317,1,19.79898987,2.236067977,19.10497317,2.236067977,16.40121947,0,18.38477631,2.236067977,19.20937271,1,17.69180601,1,19.20937271,0,17.69180601,1.414213562,16.97056275,2,16.2788206,3,18.43908891,1,17.02938637,2.236067977,17.69180601
5,15,6.32455532,16.2788206,5.099019514,15.8113883,3.605551275,16.2788206,3.605551275,15.55634919,3.605551275,13.60147051,4.242640687,15.62049935,2.828427125,14.86606875,4.472135955,15.55634919,6,18.43908891,5.385164807,14.86606875,3.16227766,17.69180601,4.472135955,15,4.123105626,18.43908891,3.16227766,17.69180601,4.472135955,15.62049935,3.605551275,15.55634919,5.385164807,14.86606875,3,16.40121947,5.385164807,15.62049935,3.605551275,16.2788206,4.242640687,15.55634919,4.242640687,14.14213562,5.099019514,16.2788206,3.605551275,16.2788206,6.708203932,15.62049935
5.099019514,12.20655562,4.123105626,14.2126704,4.472135955,12.20655562,4.242640687,13.45362405,4.123105626,13.60147051,5.830951895,13.60147051,3.605551275,13.60147051,3.605551275,14.86606875,2.236067977,14.86606875,3.16227766,13.45362405,5,14.86606875,3.605551275,14.86606875,3,14.2126704,2,13.45362405,2.828427125,14.2126704,2,13.45362405,2.828427125,13.89244399,3.16227766,14.2126704,3.605551275,14.4222051,4,14.14213562,3.16227766,13.45362405,2.236067977,13.60147051,4.472135955,12.04159458,4.472135955,13.45362405,2.828427125,14.2126704,3.605551275,12.72792206
7.211102551,10.63014581,8.602325267,12.04159458,7.810249676,10.63014581,6.403124237,12.04159458,7.071067812,11.3137085,7.810249676,12.04159458,8.485281374,14.14213562,7.810249676,12.72792206,7.810249676,12.04159458,9.219544457,12.04159458,8.602325267,12.80624847,8.602325267,12.80624847,8.062257748,14.14213562,7.211102551,13.45362405,8.062257748,12.04159458,8.544003745,12.04159458,8.062257748,13.45362405,8.544003745,14.14213562,8.062257748,11.3137085,7.810249676,11.3137085,8.062257748,12.04159458,8.062257748,10.63014581,6.403124237,11.40175425,9.433981132,11.40175425,8.062257748,11.3137085,8.602325267,12.04159458
10.29563014,28.31960452,7.810249676,26.2488095,9.219544457,29.73213749,9.219544457,29,10.63014581,29,9.219544457,28.31960452,12.72792206,27.58622845,13.45362405,29,12.20655562,28.28427125,14.14213562,29.06888371,11.3137085,31.89043744,12.20655562,30.41381265,13.60147051,29.06888371,12.80624847,30,12.20655562,29.41088234,14.2126704,30.61045573,13.45362405,28.8444102,12.80624847,28.8444102,14.2126704,28.60069929,13.45362405,29.20616373,13.60147051,28.3019434,11.3137085,28.8444102,12.04159458,28.60069929,11.3137085,29.20616373,9.219544457,30.23243292,9.433981132,28.60069929
10.29563014,11.40175425,10.29563014,12.80624847,10.29563014,10.63014581,8.602325267,11.40175425,7.071067812,10.63014581,6.403124237,13.60147051,7.071067812,16.40121947,9.433981132,15,8.602325267,16.40121947,11.40175425,16.97056275,9.219544457,14.86606875,7.810249676,17.02938637,6.403124237,14.86606875,8.602325267,14.86606875,7.810249676,15.8113883,8.485281374,15.55634919,8.062257748,15,5.830951895,14.86606875,7.280109889,14.2126704,5.385164807,17.02938637,7.810249676,16.40121947,7.280109889,15.55634919,5,14.86606875,6.403124237,14.86606875,7.810249676,12.04159458,7.810249676,13.45362405
12.72792206,8.602325267,14.14213562,8.602325267,16.40121947,9.433981132,16.1245155,9.219544457,14.86606875,8.602325267,12.80624847,10.81665383,15.8113883,10.29563014,15,9.219544457,17.69180601,8.062257748,15.62049935,8.485281374,15.8113883,8.602325267,15.8113883,9.219544457,14.76482306,11.18033989,17.20465053,9.433981132,16.40121947,7.211102551,14.2126704,8.544003745,13.60147051,9.486832981,13.60147051,11.40175425,14.4222051,7.615773106,15.26433752,10.29563014,13.89244399,8.246211251,16.40121947,8.94427191,11.40175425,8.544003745,11.18033989,12.08304597,11.18033989,9.848857802,11.3137085,10.29563014
13.45362405,10.77032961,15.62049935,10.81665383,14.86606875,12.52996409,16.2788206,9.433981132,15.55634919,8.94427191,16.2788206,10.81665383,14.2126704,9.219544457,14.86606875,6.403124237,17.02938637,9.219544457,15.62049935,8.602325267,18.38477631,10.63014581,17.69180601,8.062257748,18.43908891,9.219544457,16.2788206,6.403124237,15.8113883,7.211102551,15.62049935,7.211102551,16.2788206,8.246211251,16.2788206,8.544003745,14.86606875,8.602325267,14.86606875,8.602325267,14.86606875,6.708203932,15,6.32455532,13.45362405,7.810249676,14.86606875,9.433981132,14.86606875,8.94427191,14.2126704,10.29563014
5,12.80624847,3.16227766,14.14213562,2.236067977,13.60147051,1.414213562,13.60147051,2,14.86606875,5,13.45362405,1.414213562,12.72792206,3.16227766,14.14213562,3.16227766,12.04159458,5,14.86606875,2.236067977,15.55634919,2.236067977,14.2126704,2,14.86606875,2.236067977,15.55634919,2,14.4222051,5.099019514,14.14213562,2,12.04159458,3,13.45362405,4.242640687,12.80624847,2,11.3137085,4.123105626,12.72792206,1.414213562,12.04159458,4.123105626,12.04159458,3.605551275,12.04159458,4.123105626,12.04159458,5,13.45362405
13.45362405,1,12.72792206,1.414213562,10.63014581,2.236067977,11.3137085,1,9.899494937,3,12.04159458,3.16227766,11.3137085,2.236067977,12.72792206,2,13.03840481,1.414213562,13.41640786,1,12.04159458,3.605551275,14.14213562,2.828427125,10.63014581,2,9.899494937,4.242640687,12.04159458,2.236067977,13.45362405,4.472135955,13.03840481,2.236067977,13.03840481,2.236067977,12.04159458,3.16227766,13.03840481,2.236067977,11.40175425,2.236067977,11.40175425,2,13.45362405,2.236067977,12.20655562,3,12.04159458,1,12.20655562,2.236067977
13.45362405,5.830951895,13.45362405,7.810249676,12.80624847,7.211102551,14.2126704,6.403124237,12.72792206,6.403124237,13.45362405,8.485281374,13.45362405,9.219544457,12.80624847,7.211102551,12.80624847,6.708203932,12.04159458,6.708203932,15,8.602325267,12.20655562,8.602325267,13.60147051,9.433981132,11.18033989,8.602325267,13.45362405,6.708203932,14.14213562,10.81665383,13.60147051,7.810249676,13.89244399,5.830951895,14.4222051,7.615773106,13.89244399,6.708203932,13.89244399,6.708203932,13.41640786,8.062257748,13.89244399,7.211102551,14.2126704,5.830951895,14.4222051,5.830951895,14.86606875,6.708203932
10.81665383,15.55634919,11.40175425,16.40121947,10.81665383,16.2788206,11.40175425,15.55634919,10,17.69180601,10.63014581,17.69180601,10.63014581,16.2788206,9.219544457,16.97056275,9.899494937,16.40121947,11.66190379,16.40121947,10.81665383,17.02938637,10.63014581,18.43908891,10,16.40121947,9.219544457,16.97056275,10,16.2788206,11.66190379,19.10497317,9.848857802,17.69180601,10.29563014,16.2788206,10.29563014,16.97056275,9.848857802,16.2788206,11.66190379,16.2788206,10.29563014,17.02938637,9.433981132,15.62049935,12.52996409,16.40121947,10.81665383,15.62049935,11.18033989,16.2788206
14.14213562,12.20655562,14.86606875,12.72792206,15.62049935,12.04159458,15.55634919,11.3137085,15.62049935,11.3137085,16.97056275,12.04159458,16.2788206,10.63014581,14.4222051,11.40175425,16.97056275,9.899494937,17.69180601,12.80624847,17.80449381,12.72792206,15.62049935,12.20655562,17.02938637,12.20655562,16.2788206,12.20655562,17.02938637,10.81665383,15.62049935,12.04159458,15.62049935,10.81665383,14.2126704,11.18033989,16.2788206,10.63014581,14.2126704,11.40175425,14.86606875,10.63014581,13.03840481,10.81665383,13.03840481,12.04159458,13.03840481,12.20655562,12.80624847,11.40175425,13.89244399,10.81665383
16.2788206,8.94427191,16.2788206,6.708203932,16.2788206,8.062257748,15.26433752,7.071067812,14.86606875,6.708203932,15.8113883,7.211102551,15.8113883,5.656854249,16.2788206,5.385164807,17.02938637,5.656854249,16.2788206,6.403124237,16.1245155,5.830951895,15.8113883,6.403124237,17.20465053,8.602325267,15.8113883,8.94427191,14.2126704,5.830951895,15.62049935,6.708203932,13.60147051,4.472135955,14.86606875,6.708203932,14.86606875,5.830951895,14.86606875,4.123105626,12.80624847,6.32455532,12.04159458,5.830951895,12.04159458,8.062257748,10.81665383,8.062257748,13.60147051,8.602325267,11.66190379,8.94427191
13.03840481,9.219544457,13.89244399,9.219544457,10.81665383,9.899494937,12.80624847,8.602325267,12.04159458,9.219544457,10.63014581,9.219544457,10.81665383,9.219544457,11.40175425,8.602325267,11.66190379,9.433981132,9.899494937,8.94427191,11.3137085,9.433981132,10.63014581,10.77032961,11.3137085,10.29563014,9.219544457,10.81665383,10,11.40175425,10,10.81665383,9.219544457,8.602325267,10.81665383,10,10.63014581,8.94427191,10.81665383,8.602325267,9.433981132,8.602325267,9.433981132,8.062257748,10.63014581,6.708203932,10,7.280109889,10,8.544003745,10.63014581,7.280109889
17.02938637,7.615773106,15.26433752,7.280109889,17.02938637,6.32455532,16.40121947,7.280109889,16.40121947,4.472135955,15.8113883,5.830951895,17.20465053,5.656854249,16.2788206,5,16.97056275,4.472135955,16.97056275,7.211102551,17.69180601,4.242640687,17.02938637,5.830951895,16.40121947,7.211102551,15.62049935,4.242640687,17.69180601,4.472135955,15.62049935,5,14.2126704,6.32455532,15.62049935,3.605551275,14.14213562,5,14.86606875,5.830951895,16.2788206,2.236067977,15.26433752,3,12.20655562,4.472135955,13.60147051,5,14.2126704,3.605551275,15,7.211102551
13.60147051,4.472135955,13.03840481,3.605551275,13.60147051,5.830951895,12.04159458,4.242640687,12.04159458,3.605551275,10.81665383,5,12.20655562,4.472135955,12.04159458,5.830951895,14.2126704,5.656854249,12.72792206,7.071067812,14.4222051,6.403124237,12.04159458,6.708203932,11.40175425,6.708203932,12.04159458,7.211102551,12.04159458,5.385164807,12.04159458,7.810249676,12.04159458,3.605551275,10.81665383,5.830951895,8.485281374,7.211102551,10.63014581,7.211102551,10.63014581,5.385164807,9.219544457,4.472135955,10.63014581,5.830951895,10.63014581,7.211102551,10,4.123105626,12.20655562,3.16227766
5.099019514,9.899494937,6.08276253,8.602325267,5.385164807,10.63014581,3.16227766,11.40175425,5,11.3137085,4.472135955,11.3137085,1.414213562,12.04159458,3.605551275,9.219544457,3.605551275,9.899494937,5,10.29563014,2.828427125,11.3137085,4.472135955,12.20655562,2.828427125,11.3137085,1,12.80624847,1.414213562,12.72792206,3,12.04159458,2.236067977,12.04159458,2.828427125,11.3137085,2.236067977,10,3.16227766,9.899494937,2.828427125,11.3137085,2.236067977,12.04159458,2.236067977,10.63014581,3.605551275,12.04159458,3,10.63014581,3.605551275,10.81665383
1.414213562,13.03840481,1,15.62049935,2.828427125,16.40121947,2,14.86606875,2,14.86606875,2.828427125,16.2788206,1.414213562,17.69180601,3,12.72792206,3.605551275,15.55634919,4.472135955,14.2126704,3.16227766,12.80624847,1,15.55634919,4,17.02938637,4,15.62049935,2.236067977,15.62049935,2.828427125,14.2126704,1,13.60147051,4.472135955,12.80624847,1,14.2126704,1.414213562,13.45362405,2.828427125,14.86606875,4.472135955,13.60147051,1.414213562,13.45362405,2.236067977,13.45362405,3.16227766,14.14213562,4.242640687,16.40121947
8.94427191,8.602325267,10,8.602325267,10.29563014,10.81665383,10.81665383,9.219544457,8.062257748,8.485281374,8.602325267,9.433981132,8.602325267,10.63014581,10.29563014,8.485281374,8.485281374,7.810249676,9.219544457,12.04159458,10,12.04159458,9.219544457,10.63014581,6.403124237,9.219544457,7.211102551,10.63014581,7.211102551,11.3137085,8.602325267,11.3137085,6.708203932,9.433981132,8.602325267,10,6.403124237,10,7.810249676,10.63014581,7.211102551,7.810249676,7.071067812,9.899494937,7.810249676,8.062257748,7.810249676,10,7.071067812,10.63014581,7.810249676,9.219544457
4.472135955,13.60147051,2.236067977,12.04159458,2.236067977,12.72792206,1.414213562,15,1,12.80624847,1.414213562,13.45362405,1,14.4222051,1.414213562,15.62049935,2,14.2126704,1.414213562,14.4222051,3.605551275,13.45362405,4.472135955,16.2788206,2.236067977,14.2126704,3.605551275,13.45362405,2.236067977,15,4,13.45362405,2.236067977,14.2126704,1.414213562,10.81665383,3.16227766,12.72792206,4.123105626,12.04159458,3,12.04159458,2.236067977,11.40175425,2,9.433981132,3.16227766,12.80624847,1,12.04159458,3.16227766,11.40175425
6.08276253,13.89244399,4.472135955,13.45362405,5.099019514,15,5,14.76482306,4.472135955,15.8113883,2.828427125,15.26433752,5.385164807,13.60147051,5.830951895,14.86606875,4.242640687,12.52996409,6.32455532,13.03840481,5.656854249,14.2126704,6.403124237,13.03840481,8.062257748,14.2126704,7.615773106,12.72792206,7.810249676,12.80624847,7.810249676,12.80624847,6.403124237,12.72792206,6.403124237,12.04159458,6.403124237,14.2126704,5.830951895,10.63014581,6.403124237,10.63014581,6.403124237,13.45362405,3.605551275,11.3137085,4.472135955,12.04159458,5,11.40175425,5.385164807,13.60147051
4.472135955,19.20937271,5.385164807,19.20937271,5.385164807,22.20360331,5.656854249,18.86796226,4.242640687,20.80865205,4.472135955,20.80865205,5.830951895,21.40093456,5,20.61552813,6,18.60107524,6.08276253,17.02938637,5,19.84943324,6.32455532,18.43908891,7.280109889,19.10497317,6.708203932,20.51828453,6.32455532,18.60107524,7.071067812,18.38477631,6.08276253,18.38477631,5.385164807,16.97056275,7.280109889,16.97056275,6.32455532,16.2788206,6,17.69180601,5,17.02938637,5,17.69180601,5.099019514,16.2788206,4,14.86606875,4,18.43908891
41.72529209,25.8069758,31.78049716,23.40939982,39.59797975,26.40075756,41.23105626,20.1246118,43.60045871,16.1245155,43.13930922,13.92838828,36.87817783,22.82542442,44.65422712,20.51828453,41.03656906,21.40093456,44.82186966,16.40121947,34.88552709,27.45906044,42.20189569,19.20937271,36.23534186,19.6468827,33.12099032,17.72004515,40.81666326,15.65247584,37.80211634,21.47091055,43.27817002,27.65863337,35.35533906,23.85372088,36.7151195,18.86796226,31.76476035,22.47220505,32.75667871,20.1246118,34.88552709,19.02629759,28.3019434,19.6977156,31.30495168,20.61552813,34.92849839,18.38477631,24.69817807,18.02775638
9.433981132,15,8.602325267,17.49285568,11.40175425,19.41648784,10,15,10.63014581,17.69180601,12.04159458,17.69180601,12.04159458,16.2788206,10,15.55634919,9.899494937,15.62049935,11.3137085,16.40121947,9.219544457,15.55634919,13.03840481,17.02938637,11.66190379,17.69180601,12.80624847,15,14.4222051,15,13.60147051,16.2788206,11.18033989,15.55634919,11.66190379,14.4222051,9.433981132,14.86606875,10.29563014,16.40121947,10.63014581,16.2788206,10.81665383,15.55634919,10.77032961,13.45362405,8.062257748,15.8113883,8.246211251,12.72792206,9.848857802,15.62049935
6.32455532,21.21320344,4.472135955,21.21320344,6.32455532,21.26029163,4.472135955,22.02271555,4.472135955,22.02271555,4.472135955,20,3.605551275,22.6715681,5,19.84943324,3.16227766,21.9317122,5.099019514,21.21320344,5.385164807,22.627417,4.123105626,21.9317122,3.16227766,23.43074903,3.16227766,21.26029163,4,20.61552813,4,21.9317122,4,19.10497317,5.099019514,19.10497317,4.123105626,20,4.472135955,19.10497317,4.123105626,20.61552813,5.385164807,19.79898987,4.123105626,20.51828453,5.099019514,20.61552813,6.08276253,18.43908891,6.32455532,20.61552813
19.10497317,4.123105626,19.84943324,6.32455532,20.61552813,5.099019514,19.84943324,6,20.51828453,4,19.79898987,4,18.43908891,4.123105626,21.26029163,4.472135955,21.26029163,1.414213562,19.84943324,2.236067977,22.02271555,3.16227766,20.61552813,2.236067977,20.51828453,1,19.10497317,2.236067977,18.38477631,2.236067977,20.51828453,2,18.43908891,2.236067977,18.38477631,2,18.38477631,2,16.97056275,4,18.43908891,2,19.10497317,2.236067977,19.20937271,2,18.38477631,3.605551275,17.69180601,2.236067977,19.41648784,3.16227766
13.45362405,7.615773106,14.4222051,9.848857802,14.14213562,8.485281374,14.2126704,8.485281374,14.14213562,9.219544457,16.2788206,9.433981132,16.40121947,9.899494937,15,10,15.55634919,10,17.02938637,9.219544457,17.02938637,11.3137085,14.86606875,9.433981132,14.14213562,10.29563014,14.86606875,10.29563014,12.20655562,11.3137085,15.62049935,11.66190379,15.62049935,10.81665383,15.62049935,8.485281374,14.2126704,11.66190379,14.4222051,9.433981132,14.2126704,11.40175425,15.62049935,11.40175425,14.86606875,7.810249676,15.55634919,9.219544457,14.86606875,10.29563014,15.55634919,8.94427191
19.10497317,10.77032961,19.10497317,9.433981132,21.26029163,10,19.10497317,8.602325267,18.60107524,8.94427191,19.20937271,10.81665383,20.51828453,9.848857802,19.84943324,9.219544457,20.61552813,11.18033989,19.79898987,11.18033989,20.51828453,11.40175425,19.84943324,12.72792206,19.79898987,12.04159458,17.69180601,12.20655562,17.69180601,12.04159458,19.79898987,12.04159458,19.10497317,13.60147051,19.20937271,10.63014581,19.10497317,11.40175425,16.40121947,11.3137085,18.43908891,12.72792206,16.97056275,9.899494937,17.02938637,12.04159458,18.38477631,9.899494937,17.69180601,9.899494937,19.10497317,10.81665383
12.04159458,13.60147051,13.60147051,15,10.63014581,15.55634919,11.3137085,14.86606875,12.04159458,15.62049935,10.63014581,15.55634919,11.3137085,15.55634919,11.40175425,16.97056275,12.04159458,14.86606875,11.40175425,15,12.80624847,16.40121947,11.40175425,15.62049935,12.20655562,14.86606875,10.63014581,17.02938637,10.81665383,17.02938637,11.66190379,17.02938637,10,14.86606875,11.66190379,15.55634919,12.20655562,16.40121947,10.81665383,14.86606875,10.81665383,15.62049935,10,15.62049935,10,14.14213562,10.81665383,15.62049935,11.66190379,15.62049935,12.80624847,15.26433752
11.18033989,18.43908891,12.80624847,15.55634919,12.20655562,16.97056275,10.81665383,17.20465053,10,16.97056275,12.72792206,18.38477631,12.80624847,17.02938637,11.40175425,16.97056275,12.80624847,16.2788206,11.18033989,16.2788206,12.04159458,16.2788206,12.52996409,14.86606875,12.04159458,17.69180601,12.80624847,16.97056275,12.80624847,14.86606875,13.45362405,15,15,17.02938637,11.3137085,16.40121947,12.80624847,15.8113883,12.20655562,15.62049935,11.40175425,14.86606875,12.04159458,15,10.81665383,15,10.29563014,17.20465053,12.80624847,17.02938637,10,16.97056275
19.10497317,4.472135955,18.38477631,6.08276253,19.10497317,4.472135955,20.51828453,4.472135955,20,4.123105626,19.79898987,4.242640687,18.43908891,3.605551275,17.02938637,5,21.21320344,5,19.79898987,3.16227766,21.9317122,5.099019514,19.79898987,6.32455532,19.79898987,7.615773106,18.43908891,8.062257748,19.10497317,6.403124237,19.79898987,6.708203932,19.10497317,6.708203932,19.10497317,5.385164807,16.97056275,6.32455532,19.10497317,5,18.43908891,4.123105626,16.2788206,5.385164807,17.69180601,4.123105626,18.38477631,4.472135955,17.69180601,4.123105626,16.97056275,4
4.123105626,17.69180601,1.414213562,16.97056275,5.099019514,18.43908891,4.242640687,17.69180601,3.16227766,18.43908891,4.123105626,17.69180601,5.656854249,19.10497317,5.656854249,17.69180601,3.605551275,17.69180601,4,17.02938637,4.472135955,19.10497317,5.830951895,18.43908891,6.32455532,18.38477631,5.830951895,16.97056275,5.830951895,17.20465053,6.08276253,18.38477631,5.385164807,16.2788206,3.605551275,17.02938637,4.472135955,16.97056275,4.472135955,17.80449381,6,16.2788206,5.830951895,16.97056275,3.605551275,17.02938637,3.16227766,16.97056275,3.16227766,17.02938637,5,16.97056275
15.62049935,10.29563014,14.4222051,10.63014581,15,10,14.2126704,10.81665383,15,11.40175425,13.60147051,10.81665383,13.60147051,11.3137085,13.45362405,12.72792206,14.14213562,12.80624847,14.14213562,12.04159458,12.72792206,10.63014581,14.86606875,11.66190379,13.45362405,12.04159458,13.45362405,11.3137085,13.45362405,11.66190379,14.14213562,11.40175425,12.04159458,11.66190379,13.60147051,12.72792206,12.20655562,11.40175425,12.52996409,10,13.60147051,10.81665383,11.40175425,13.03840481,10.63014581,10.81665383,13.60147051,9.433981132,14.86606875,10,13.60147051,8.602325267
20.61552813,7.071067812,24.20743687,7.280109889,24.08318916,5.830951895,21.9317122,7.071067812,23.34523506,7.615773106,21.9317122,8.544003745,22.6715681,6.403124237,24.04163056,5,24.8394847,5.830951895,26.2488095,5,26.87005769,7.071067812,24.08318916,5,22.6715681,5.830951895,23.43074903,5,24.08318916,5.099019514,24.75883681,6.403124237,22.6715681,4.123105626,24.04163056,4.472135955,23.34523506,6.403124237,22.6715681,5.830951895,23.34523506,5,22.627417,7.615773106,23.43074903,4.472135955,22.6715681,5.830951895,21.26029163,5.099019514,21.21320344,6.32455532
17.80449381,9.848857802,16.40121947,9.433981132,19.20937271,9.433981132,19.20937271,11.66190379,17.80449381,10.29563014,18.43908891,9.848857802,19.84943324,8.94427191,19.10497317,8.602325267,19.79898987,9.219544457,17.02938637,9.899494937,21.21320344,9.899494937,18.43908891,6.708203932,20.51828453,8.602325267,19.79898987,7.211102551,20.51828453,5.830951895,19.79898987,5.830951895,19.10497317,6.403124237,19.41648784,6.403124237,19.10497317,5.830951895,20.51828453,6.403124237,18.38477631,7.071067812,19.10497317,5.830951895,18.38477631,5,17.69180601,6.708203932,19.10497317,6.708203932,16.2788206,7.810249676
10,13.45362405,9.219544457,13.45362405,10,14.14213562,9.899494937,14.86606875,11.40175425,13.45362405,10,13.45362405,10.63014581,14.2126704,11.3137085,14.14213562,12.72792206,12.72792206,12.04159458,12.80624847,11.3137085,12.72792206,12.80624847,14.86606875,12.80624847,14.14213562,11.3137085,15.62049935,12.20655562,12.04159458,12.72792206,13.60147051,11.40175425,12.80624847,12.04159458,12.52996409,12.80624847,14.86606875,12.04159458,13.60147051,11.3137085,14.2126704,10.63014581,13.45362405,10.63014581,12.72792206,9.899494937,13.60147051,10,14.2126704,11.40175425,13.45362405
6.403124237,13.45362405,7.280109889,14.2126704,7.615773106,15.8113883,7.071067812,18.38477631,6.403124237,17.02938637,6.403124237,15.62049935,7.810249676,16.2788206,7.810249676,14.86606875,8.602325267,12.72792206,9.899494937,17.69180601,10.63014581,16.2788206,10,15.55634919,10.29563014,17.02938637,8.602325267,15,8.062257748,15.8113883,9.433981132,16.2788206,8.602325267,15.62049935,7.211102551,15,7.810249676,15.55634919,7.211102551,16.40121947,7.810249676,14.86606875,7.615773106,14.2126704,7.615773106,15,7.615773106,16.1245155,7.615773106,15,6.708203932,15
7.280109889,14.86606875,7.615773106,16.97056275,5.830951895,16.2788206,5.385164807,17.02938637,6.403124237,17.69180601,3.605551275,17.69180601,4.472135955,18.38477631,6.32455532,18.38477631,4.242640687,16.2788206,5.385164807,15.62049935,5,17.69180601,4.242640687,18.38477631,4.123105626,19.79898987,4.472135955,18.43908891,4.472135955,16.97056275,5.385164807,19.10497317,4.472135955,19.10497317,5,17.69180601,4.472135955,19.10497317,5,16.2788206,3.605551275,16.2788206,4.123105626,16.97056275,5,16.97056275,4.472135955,17.69180601,5,16.40121947,5.830951895,17.69180601
17.02938637,10,17.02938637,11.18033989,16.2788206,14.2126704,16.40121947,12.80624847,12.04159458,13.45362405,15,13.45362405,15.62049935,11.3137085,16.2788206,12.04159458,16.40121947,14.2126704,14.86606875,13.45362405,15.8113883,14.86606875,16.2788206,12.80624847,14.86606875,15.55634919,14.86606875,14.14213562,12.80624847,12.80624847,15,17.02938637,16.2788206,12.04159458,14.4222051,11.40175425,13.60147051,14.2126704,13.41640786,14.86606875,14.2126704,12.04159458,13.89244399,14.2126704,12.80624847,13.45362405,15.26433752,14.14213562,15.62049935,15,17.20465053,11.40175425
5.099019514,15.55634919,4.472135955,15.55634919,4.472135955,17.80449381,2,16.2788206,2.236067977,18.43908891,2.236067977,17.69180601,1.414213562,16.97056275,2.236067977,18.43908891,1,17.69180601,1,17.69180601,1,17.69180601,2,16.97056275,1,19.10497317,1,19.10497317,1,19.10497317,1,19.10497317,1.414213562,19.10497317,1.414213562,17.80449381,1.414213562,17.69180601,1,19.10497317,3.16227766,16.97056275,3,17.69180601,1,17.02938637,3.605551275,17.02938637,0,18.43908891,2,17.80449381
6.32455532,16.40121947,5.385164807,14.86606875,6.32455532,17.69180601,5.385164807,16.2788206,5,17.69180601,5,17.80449381,5,19.10497317,6.08276253,19.10497317,5.830951895,17.02938637,5.385164807,15.55634919,5,16.2788206,3.605551275,19.10497317,2.236067977,18.43908891,1.414213562,18.38477631,2.828427125,17.02938637,3,17.69180601,1.414213562,17.02938637,3,15.62049935,3.16227766,18.43908891,3.16227766,17.80449381,5.830951895,17.69180601,4.472135955,15.62049935,3,17.80449381,6.403124237,16.97056275,4.123105626,17.69180601,5.385164807,18.43908891
8.246211251,14.2126704,8.544003745,13.45362405,7.280109889,16.2788206,8.602325267,13.45362405,8.062257748,14.86606875,8.602325267,16.2788206,9.433981132,14.86606875,7.615773106,14.14213562,9.433981132,12.04159458,9.219544457,14.2126704,9.899494937,13.45362405,10.63014581,15.62049935,9.219544457,13.45362405,9.219544457,13.60147051,9.219544457,12.72792206,7.810249676,13.60147051,10,14.14213562,7.810249676,13.60147051,9.219544457,14.14213562,9.219544457,12.20655562,8.485281374,14.2126704,7.810249676,13.60147051,7.071067812,15.26433752,7.211102551,13.03840481,9.219544457,14.14213562,7.071067812,14.86606875
15.55634919,7.211102551,16.97056275,8.062257748,15.62049935,8.602325267,18.43908891,7.071067812,15.62049935,5.830951895,17.80449381,6.403124237,13.45362405,8.602325267,16.2788206,8.602325267,16.40121947,8.485281374,13.45362405,10.29563014,16.2788206,9.433981132,15.62049935,8.602325267,16.2788206,8.602325267,18.38477631,9.433981132,14.2126704,10.63014581,17.02938637,10,17.02938637,10,15.62049935,9.219544457,15,9.219544457,15.62049935,7.071067812,15.62049935,11.40175425,15,9.219544457,14.86606875,7.810249676,16.40121947,7.071067812,16.97056275,8.602325267,16.97056275,9.219544457
4.242640687,15.62049935,4.242640687,17.69180601,1.414213562,18.43908891,3.16227766,15.55634919,3,17.69180601,3.16227766,18.43908891,1,18.38477631,3.16227766,15.55634919,2.236067977,20.61552813,1,18.43908891,1.414213562,17.69180601,2.236067977,17.69180601,3.605551275,18.38477631,4.242640687,18.38477631,2.828427125,16.97056275,2.828427125,17.69180601,5,17.69180601,3.16227766,14.86606875,2.236067977,16.97056275,2.828427125,17.20465053,4.472135955,16.97056275,2.236067977,17.20465053,2,16.97056275,3,16.2788206,4.123105626,16.40121947,1.414213562,17.80449381
5.099019514,11.3137085,5.385164807,14.86606875,2.236067977,12.72792206,4.472135955,13.45362405,3.605551275,13.45362405,3.605551275,15,3.605551275,13.45362405,2.828427125,14.86606875,3.605551275,15.62049935,5.385164807,16.2788206,2,14.86606875,2,12.72792206,2.236067977,14.14213562,3,13.45362405,3.16227766,15.55634919,2.828427125,13.45362405,2.828427125,14.86606875,2.828427125,13.45362405,3.16227766,14.86606875,3.16227766,12.80624847,2.236067977,14.2126704,4.123105626,14.14213562,5,12.80624847,4,13.45362405,3.605551275,13.45362405,4.242640687,12.72792206
14.14213562,10.63014581,13.45362405,10.63014581,14.86606875,10.63014581,15,10.63014581,15.55634919,10.63014581,15.62049935,9.219544457,15.62049935,12.04159458,13.45362405,13.41640786,13.60147051,9.219544457,12.80624847,10.63014581,14.4222051,12.20655562,13.45362405,13.60147051,14.2126704,12.04159458,15.62049935,11.40175425,13.89244399,13.60147051,15.26433752,10.29563014,16.1245155,10.81665383,14.4222051,9.433981132,15.23154621,10,15.26433752,8.602325267,13.60147051,7.211102551,15.62049935,10.29563014,17.20465053,9.848857802,15.62049935,10.77032961,15.26433752,8.602325267,15.8113883,10.63014581
11.40175425,14.2126704,10.29563014,14.2126704,8.602325267,13.45362405,10.81665383,15.62049935,9.219544457,14.86606875,9.219544457,15.55634919,10.63014581,15.55634919,9.219544457,16.97056275,10.63014581,16.2788206,10,15.8113883,9.433981132,15.55634919,8.485281374,15.62049935,8.602325267,15.55634919,7.810249676,16.2788206,8.602325267,17.69180601,10,16.2788206,7.810249676,15.55634919,9.433981132,16.97056275,8.602325267,16.2788206,9.433981132,14.86606875,7.615773106,16.2788206,8.94427191,15.62049935,9.899494937,13.45362405,11.66190379,14.86606875,8.94427191,15.62049935,10.63014581,14.86606875
6.708203932,15.62049935,8.062257748,16.97056275,6.403124237,16.97056275,6.708203932,17.69180601,7.071067812,17.69180601,6.403124237,19.79898987,6.403124237,16.97056275,5.830951895,16.2788206,7.211102551,17.02938637,7.071067812,18.43908891,7.211102551,16.2788206,4.242640687,16.2788206,4.242640687,19.20937271,5.830951895,17.69180601,5.830951895,18.38477631,7.071067812,17.02938637,4.472135955,17.02938637,5.830951895,15.62049935,7.280109889,17.02938637,5,17.02938637,5,16.2788206,5.385164807,16.2788206,7.280109889,14.86606875,7.211102551,16.40121947,6.403124237,15.62049935,6.708203932,14.2126704
9.848857802,14.14213562,8.602325267,14.86606875,7.071067812,14.86606875,10.81665383,15.55634919,8.94427191,15.55634919,9.848857802,16.2788206,7.211102551,14.86606875,8.602325267,15.55634919,5.830951895,17.02938637,4.242640687,17.02938637,8.485281374,17.02938637,6.403124237,16.97056275,7.810249676,16.40121947,4.472135955,16.2788206,6.708203932,16.97056275,8.485281374,15.62049935,5,15.62049935,6.403124237,15.62049935,7.211102551,15.55634919,6.403124237,15.55634919,7.810249676,14.86606875,6.403124237,13.45362405,8.602325267,15,8.544003745,14.4222051,6.403124237,14.86606875,8.062257748,12.20655562
10,11.40175425,9.219544457,12.20655562,9.219544457,14.2126704,9.219544457,12.04159458,9.899494937,12.80624847,10.63014581,12.20655562,10.63014581,13.45362405,10.81665383,12.80624847,10,14.4222051,10.29563014,12.04159458,8.94427191,12.80624847,11.66190379,12.04159458,10.81665383,12.72792206,11.40175425,14.2126704,10.29563014,10,10,11.3137085,10.81665383,11.40175425,10.81665383,10.81665383,9.433981132,12.04159458,10,12.04159458,9.433981132,11.66190379,8.062257748,12.80624847,8.062257748,10.81665383,8.94427191,11.40175425,8.94427191,10.63014581,9.433981132,11.40175425
6.08276253,14.76482306,8.485281374,13.92838828,10.77032961,12.80624847,7.615773106,14.14213562,10.81665383,13.60147051,10.44030651,13.60147051,10,15.26433752,9.433981132,13.60147051,8.94427191,13.45362405,9.899494937,10.63014581,7.810249676,15.62049935,5.656854249,12.80624847,7.615773106,17.69180601,5,15,8.602325267,15.55634919,4.242640687,15.8113883,7.211102551,17.02938637,4.123105626,13.60147051,5,15.55634919,5,17.02938637,5.385164807,14.14213562,4.123105626,14.86606875,6.403124237,14.4222051,8.485281374,16.97056275,7.615773106,13.60147051,5.830951895,15.55634919
17.02938637,3,15.55634919,3,18.38477631,3.16227766,16.2788206,4,15.55634919,3.16227766,17.80449381,1.414213562,17.80449381,4.472135955,15.62049935,3.16227766,16.40121947,1.414213562,15.55634919,0,18.38477631,4,19.20937271,2,16.2788206,2.236067977,17.02938637,1,17.20465053,2.828427125,18.43908891,2,17.02938637,4.242640687,17.02938637,3.16227766,17.02938637,3.16227766,17.69180601,2.828427125,16.2788206,2.828427125,15.55634919,3,14.2126704,3.16227766,16.2788206,2.236067977,14.14213562,2.828427125,14.2126704,3
5.830951895,12.04159458,4.123105626,12.04159458,4.472135955,12.72792206,5.656854249,14.4222051,6.403124237,14.2126704,2.828427125,12.72792206,7.071067812,13.60147051,6.708203932,14.86606875,6.708203932,13.60147051,5,12.20655562,6.403124237,12.04159458,5.830951895,14.14213562,8.544003745,14.2126704,8.602325267,12.80624847,7.211102551,12.20655562,7.211102551,12.04159458,6.32455532,13.45362405,6.708203932,12.20655562,5.830951895,13.60147051,4.123105626,13.60147051,5.830951895,12.80624847,4.472135955,10,3.16227766,11.40175425,2.236067977,12.80624847,4.123105626,11.3137085,5.099019514,12.20655562
17.02938637,3.605551275,16.2788206,4.123105626,17.02938637,2.236067977,16.2788206,4.123105626,15.62049935,4.123105626,17.80449381,2.236067977,19.10497317,1.414213562,14.86606875,1.414213562,18.43908891,1,19.10497317,2.236067977,17.69180601,1,15.55634919,1.414213562,16.2788206,2,17.02938637,2.236067977,17.69180601,1,17.69180601,2,16.97056275,1,15.62049935,2,17.02938637,3.16227766,14.14213562,1.414213562,16.40121947,2.236067977,15.62049935,3,13.45362405,3.605551275,17.02938637,2.236067977,16.97056275,0,17.02938637,3
2,11.40175425,2.236067977,13.45362405,3.605551275,14.14213562,3.605551275,12.20655562,3.605551275,12.04159458,3.605551275,13.45362405,3.16227766,12.72792206,3.16227766,13.45362405,4.123105626,11.3137085,4.123105626,12.04159458,2,12.72792206,3,11.3137085,5.099019514,12.72792206,6,14.4222051,5.385164807,12.04159458,3.605551275,12.04159458,4.123105626,11.40175425,2.828427125,12.20655562,5.099019514,12.04159458,3.605551275,11.3137085,5.099019514,11.40175425,3,10.63014581,3.605551275,12.04159458,3.605551275,11.3137085,2.236067977,9.899494937,2,11.3137085
17.49285568,4.123105626,17.02938637,4.472135955,18.02775638,3,15.62049935,2,16.40121947,3.605551275,16.1245155,2.236067977,16.40121947,2.236067977,16.2788206,3.605551275,18.35755975,4.472135955,15.8113883,2.236067977,17.20465053,5.385164807,17.20465053,5.099019514,15.55634919,5,14.86606875,7.071067812,16.2788206,4.242640687,16.2788206,6.08276253,13.45362405,4.472135955,15.8113883,4.472135955,13.60147051,7.280109889,15.55634919,6.708203932,14.86606875,4.472135955,14.2126704,4.123105626,12.80624847,6.08276253,14.2126704,4,13.60147051,3.16227766,19.10497317,3
13.45362405,4.472135955,14.86606875,5.830951895,16.97056275,6.403124237,14.14213562,4.242640687,13.45362405,4.472135955,16.40121947,5,15,3.605551275,15.8113883,4.472135955,13.45362405,4.472135955,16.2788206,7.615773106,16.2788206,3.605551275,15.62049935,4.123105626,15.62049935,5,14.2126704,6.08276253,16.97056275,4.123105626,16.40121947,3.16227766,14.2126704,4.472135955,15.62049935,5.385164807,15.55634919,4.123105626,15.55634919,4.123105626,13.45362405,3.16227766,13.45362405,4.123105626,13.45362405,5.099019514,15,6.08276253,13.45362405,3.605551275,15.62049935,6.32455532
26.90724809,11.18033989,25.49509757,13,29,9.486832981,26.90724809,12.20655562,27.58622845,10.81665383,29.06888371,11.40175425,29.69848481,10.63014581,27.58622845,10.29563014,31.144823,11.18033989,29.73213749,9.219544457,31.11269837,9.433981132,31.40063694,10.81665383,29.73213749,9.433981132,29.69848481,9.219544457,26.90724809,7.615773106,30.41381265,6.708203932,28.42534081,7.615773106,29.06888371,8.94427191,27.65863337,7.615773106,27.58622845,6.708203932,26.2488095,6.08276253,27.58622845,9.848857802,26.2488095,8.544003745,29.06888371,10.29563014,26.87005769,11.70469991,26.17250466,11.70469991
3,13.45362405,1.414213562,15.55634919,1.414213562,16.97056275,2,15.62049935,1.414213562,16.2788206,0,17.69180601,2,16.2788206,1,15.62049935,2.236067977,16.2788206,2.236067977,17.80449381,3,17.69180601,2.236067977,17.69180601,1.414213562,16.2788206,3.16227766,15.55634919,1,14.86606875,1,15.62049935,1,16.2788206,1.414213562,15.55634919,2,16.2788206,2.828427125,15.55634919,1.414213562,17.69180601,3.16227766,15.55634919,2.828427125,16.2788206,5,15.62049935,3.605551275,12.80624847,4,14.86606875
2.236067977,13.45362405,5.385164807,14.86606875,3.605551275,17.20465053,1,15.62049935,3.16227766,14.86606875,7.810249676,16.2788206,5.656854249,16.40121947,2.828427125,13.45362405,2.828427125,13.45362405,6.708203932,14.14213562,5.830951895,14.2126704,5.830951895,14.86606875,5,16.2788206,5.830951895,14.86606875,4.242640687,14.2126704,4,15.62049935,5.830951895,13.45362405,7.211102551,14.14213562,6.32455532,12.72792206,5.385164807,14.2126704,6.403124237,14.14213562,4.242640687,12.80624847,3.605551275,12.80624847,4.242640687,14.86606875,6.32455532,12.80624847,4.242640687,13.45362405
15.26433752,2.828427125,17.02938637,6,16.2788206,1,17.02938637,1.414213562,13.60147051,3.605551275,17.02938637,4.123105626,16.1245155,2.236067977,16.97056275,1,13.45362405,5.656854249,15.62049935,3.605551275,17.69180601,2.236067977,16.2788206,6.08276253,14.86606875,4.472135955,16.2788206,4.472135955,14.2126704,5.830951895,17.20465053,6.08276253,14.86606875,5.830951895,14.2126704,5,15.62049935,8,15.62049935,1.414213562,14.2126704,4.123105626,14.86606875,6.08276253,15.55634919,1.414213562,13.60147051,4.123105626,12.20655562,4,13.60147051,3
12.20655562,11.40175425,10.81665383,11.3137085,11.40175425,12.04159458,9.899494937,12.04159458,9.899494937,10.63014581,10.81665383,12.80624847,10.63014581,12.80624847,9.899494937,13.60147051,11.3137085,12.20655562,9.899494937,14.86606875,9.899494937,15.26433752,11.40175425,14.4222051,10.81665383,12.20655562,10,13.45362405,10.81665383,11.18033989,10.81665383,13.89244399,8.602325267,12.52996409,10.63014581,11.40175425,9.433981132,10.81665383,10.29563014,12.04159458,10,11.40175425,9.219544457,12.20655562,10,12.52996409,10.81665383,9.433981132,10.29563014,12.08304597,11.18033989,9.848857802
13.03840481,8.062257748,15,9.433981132,15,9.219544457,15.62049935,7.810249676,13.45362405,9.219544457,14.86606875,10.63014581,16.40121947,7.810249676,11.3137085,8.602325267,14.14213562,9.219544457,18.43908891,10.29563014,15.62049935,10.81665383,14.14213562,8.602325267,14.14213562,8.94427191,17.02938637,11.40175425,15.62049935,9.433981132,16.2788206,10.81665383,14.86606875,9.433981132,14.2126704,9.433981132,12.20655562,10.29563014,14.14213562,9.219544457,13.89244399,11.3137085,13.60147051,8.062257748,12.80624847,9.848857802,13.03840481,7.615773106,14.2126704,7.810249676,13.45362405,7.810249676
12.20655562,9.899494937,12.80624847,7.810249676,11.40175425,12.04159458,12.20655562,8.602325267,8.94427191,10.63014581,12.04159458,8.602325267,12.80624847,9.219544457,11.3137085,10.63014581,12.04159458,11.3137085,12.04159458,9.219544457,11.40175425,11.40175425,12.04159458,10.81665383,11.3137085,9.433981132,9.433981132,11.40175425,10,10.81665383,10,10.63014581,11.40175425,12.08304597,9.848857802,10,9.433981132,11.18033989,11.18033989,10.29563014,10.77032961,8.602325267,11.40175425,8.602325267,9.899494937,8.062257748,11.40175425,8.602325267,10.29563014,8.602325267,12.20655562,9.848857802
9.433981132,8.602325267,11.40175425,12.04159458,10,9.899494937,9.219544457,11.3137085,12.04159458,9.219544457,9.219544457,12.04159458,11.40175425,13.60147051,11.3137085,11.18033989,10.63014581,12.08304597,11.66190379,11.18033989,10,12.20655562,9.899494937,11.66190379,7.810249676,10.81665383,9.848857802,10.81665383,10.81665383,12.52996409,8.94427191,13.03840481,10,13.03840481,9.486832981,11.66190379,10,12.20655562,7.615773106,10.81665383,9.848857802,8.94427191,11.66190379,8.94427191,8.94427191,8.94427191,12.08304597,9.486832981,10.29563014,8.544003745,9.219544457,9.486832981
28.42534081,17.69180601,29.20616373,16.40121947,30.41381265,19.10497317,32.64965543,18.43908891,27.65863337,18.43908891,29.06888371,19.10497317,28.31960452,19.84943324,26.90724809,19.20937271,29.06888371,21.63330765,29.69848481,21.26029163,31.11269837,21.63330765,29.69848481,22.82542442,27.58622845,19.72308292,27.65863337,23.02172887,27.20294102,22.20360331,25.61249695,22.47220505,27.01851217,21.63330765,28.60069929,21.40093456,28.01785145,19.72308292,27.20294102,19.23538406,25.23885893,19.23538406,24.41311123,17.88854382,24.69817807,19.6977156,28.01785145,16.64331698,27.01851217,16.55294536,27.20294102,15.23154621
18.60107524,21.40093456,18.60107524,22.6715681,17.69180601,25.61249695,17.69180601,24.8394847,18.60107524,24.20743687,21.21320344,24.08318916,17.69180601,24.20743687,17.69180601,26.2488095,18.60107524,25,17.02938637,27.65863337,19.20937271,32.80243893,17.69180601,28.60069929,16.1245155,27.80287755,15.26433752,27.80287755,17.4642492,27.58622845,16.1245155,30.61045573,17,27.20294102,18.35755975,24.04163056,16.1245155,24.75883681,17.08800749,24.20743687,17,23.34523506,17.4642492,22.8035085,18.02775638,22.627417,18.02775638,22.8035085,19.20937271,22.20360331,20.1246118,22.20360331
12.04159458,7.615773106,12.80624847,7.071067812,13.45362405,7.211102551,15,8.062257748,15.62049935,8.485281374,14.86606875,7.810249676,14.86606875,8.602325267,15.8113883,8.485281374,13.89244399,7.211102551,13.89244399,8.602325267,14.14213562,10.29563014,16.55294536,7.280109889,16.40121947,8.94427191,15.8113883,9.486832981,15,9.848857802,13.03840481,6.32455532,12.80624847,7.280109889,12.80624847,9.219544457,15,7.280109889,13.60147051,5.830951895,12.80624847,7.615773106,11.66190379,9.219544457,11.40175425,8.94427191,12.20655562,9.848857802,11.66190379,10.44030651,12.20655562,8.544003745
5.656854249,13.60147051,7.810249676,14.14213562,6.403124237,14.86606875,6.403124237,14.14213562,6.403124237,16.2788206,4.242640687,15.8113883,5.385164807,14.86606875,4.472135955,16.40121947,6.32455532,14.86606875,8.062257748,16.2788206,7.211102551,14.86606875,6.708203932,14.86606875,8.246211251,14.86606875,7.280109889,14.86606875,5.099019514,16.40121947,7.211102551,14.86606875,6.32455532,12.72792206,6.32455532,14.86606875,7.280109889,16.2788206,5.385164807,14.14213562,8.544003745,14.14213562,7,14.86606875,6.708203932,13.45362405,6.708203932,11.40175425,7.280109889,13.45362405,7.280109889,12.72792206
10.77032961,10.29563014,10.81665383,12.04159458,10.29563014,12.04159458,8.602325267,11.3137085,10.63014581,10.63014581,12.52996409,12.04159458,12.20655562,12.20655562,10,12.04159458,9.219544457,12.04159458,9.219544457,13.45362405,10.81665383,14.2126704,8.602325267,11.40175425,8.602325267,13.03840481,7.211102551,13.03840481,7.810249676,13.89244399,9.433981132,12.80624847,8.602325267,12.20655562,6.708203932,12.04159458,8.062257748,12.80624847,8.602325267,12.04159458,8.94427191,12.80624847,8.485281374,10,9.219544457,9.899494937,8.062257748,11.18033989,8.94427191,9.899494937,9.899494937,9.848857802
10,10,13,9.899494937,9.899494937,10.63014581,10.29563014,8.485281374,10,9.219544457,10.77032961,10.63014581,8.602325267,12.20655562,8.485281374,12.72792206,9.899494937,9.433981132,10.63014581,8.485281374,9.219544457,11.66190379,9.219544457,10.81665383,6.708203932,11.40175425,7.810249676,11.3137085,9.219544457,12.72792206,9.899494937,12.04159458,9.219544457,12.72792206,6.708203932,9.899494937,7.810249676,10.63014581,7.211102551,9.433981132,7.071067812,10.63014581,8.602325267,10,10.63014581,7.810249676,7.211102551,11.3137085,9.219544457,9.219544457,7.615773106,6.32455532
12.04159458,8.062257748,11.66190379,9.219544457,10.63014581,10,10.63014581,7.211102551,11.3137085,9.899494937,7.810249676,11.40175425,11.3137085,10.81665383,10.63014581,9.433981132,11.40175425,10.77032961,10.63014581,8.544003745,13.45362405,10,9.899494937,10.29563014,11.40175425,11.66190379,10,8.94427191,10.81665383,10.77032961,9.899494937,11.18033989,10,10,12.20655562,8.544003745,10.77032961,9.848857802,10.77032961,8.062257748,10.29563014,9.433981132,10.29563014,7.615773106,8.94427191,7.615773106,10,7.071067812,10.77032961,6.403124237,13.45362405,8.246211251
13.45362405,4.472135955,14.2126704,5,14.86606875,6.403124237,15.62049935,4.242640687,14.14213562,5,14.2126704,5,15,4.472135955,14.2126704,4.242640687,15,3.605551275,13.60147051,3.605551275,14.2126704,5.385164807,13.45362405,4.472135955,13.60147051,3.605551275,13.60147051,5.830951895,14.2126704,3.605551275,13.60147051,5,13.60147051,6,13.45362405,4.123105626,13.60147051,5.385164807,13.60147051,4.123105626,11.40175425,4.123105626,12.20655562,6.32455532,11.40175425,5.385164807,10.81665383,5.830951895,10,6.32455532,12.20655562,6.32455532
6.08276253,14.2126704,5.656854249,14.86606875,4.123105626,15.65247584,5,16.97056275,5,15,6.403124237,14.86606875,2.828427125,14.14213562,3.605551275,16.40121947,2,14.2126704,2.828427125,14.2126704,5.385164807,16.40121947,7.071067812,16.97056275,5.656854249,15.62049935,4.472135955,15.62049935,5.830951895,13.60147051,5.830951895,13.45362405,8.246211251,13.45362405,5.830951895,13.45362405,6.403124237,14.2126704,5.385164807,12.80624847,7.071067812,15.62049935,5.830951895,12.72792206,5.099019514,13.45362405,6.708203932,14.14213562,7.280109889,14.14213562,5.099019514,14.86606875
5.830951895,13.45362405,5.385164807,14.2126704,7.810249676,13.45362405,8.485281374,10.81665383,5.830951895,14.14213562,8.485281374,12.80624847,11.3137085,12.04159458,11.66190379,14.2126704,7.615773106,12.72792206,7.280109889,12.04159458,7.615773106,14.14213562,9.848857802,16.2788206,9.486832981,12.20655562,9.486832981,13.60147051,8.062257748,13.03840481,7.280109889,12.04159458,8.544003745,13.03840481,8.94427191,10.29563014,7.211102551,14.86606875,7.280109889,13.03840481,9.486832981,11.40175425,8.94427191,12.72792206,5.385164807,11.40175425,7.280109889,14.2126704,8.246211251,10.63014581,6.08276253,12.20655562
9.219544457,10.63014581,8.602325267,11.66190379,8.485281374,12.04159458,10.63014581,10.63014581,10,12.72792206,10,11.40175425,11.40175425,11.40175425,10,9.899494937,9.433981132,10.29563014,9.486832981,13.89244399,10.29563014,12.20655562,10.29563014,13.03840481,12.04159458,10.81665383,9.219544457,10.81665383,10.63014581,11.66190379,10.81665383,10.77032961,9.433981132,11.18033989,9.219544457,10.29563014,10.63014581,11.40175425,10,11.18033989,7.071067812,11.18033989,9.219544457,13.03840481,8.062257748,11.40175425,8.485281374,13.03840481,8.602325267,13.03840481,7.211102551,12.52996409
10.63014581,14.4222051,10,15.8113883,12.04159458,13.60147051,10.63014581,16.1245155,13.45362405,15,12.04159458,15,12.80624847,15.55634919,12.04159458,15.8113883,12.72792206,14.86606875,13.45362405,14.14213562,11.66190379,14.86606875,13.03840481,14.14213562,14.4222051,13.45362405,13.03840481,14.86606875,15,12.72792206,14.4222051,13.45362405,13.41640786,15.62049935,14.4222051,12.80624847,13.45362405,12.80624847,12.52996409,13.03840481,12.52996409,12.20655562,12.08304597,12.20655562,11.66190379,12.04159458,11.18033989,13.60147051,9.848857802,13.45362405,12.08304597,12.72792206
12.72792206,7.615773106,13.60147051,8.062257748,10,6.403124237,13.45362405,7.810249676,11.40175425,9.219544457,12.80624847,9.433981132,10.63014581,7.071067812,12.80624847,6.403124237,14.2126704,7.810249676,13.45362405,9.219544457,12.72792206,7.810249676,13.45362405,11.66190379,13.45362405,8.062257748,11.66190379,10.63014581,12.72792206,10,13.89244399,8.544003745,14.86606875,10.29563014,12.20655562,8.94427191,11.66190379,8.602325267,11.40175425,9.486832981,13.03840481,9.433981132,13.60147051,7.211102551,12.04159458,7.810249676,11.18033989,7.615773106,12.80624847,5.385164807,13.03840481,6.708203932
2.236067977,14.14213562,2,14.2126704,1.414213562,13.45362405,1.414213562,12.80624847,1,14.86606875,2.236067977,14.86606875,2.236067977,14.2126704,1,10.63014581,2,17.02938637,4,14.86606875,2.236067977,14.86606875,2.236067977,15.8113883,3.605551275,15.55634919,2,15.8113883,4.472135955,14.86606875,3.605551275,14.14213562,1.414213562,14.14213562,2,14.86606875,1.414213562,16.97056275,4.242640687,15,3.16227766,15.62049935,3.605551275,14.86606875,1,14.86606875,2.236067977,13.45362405,4,12.04159458,2,13.45362405
12.52996409,8.062257748,13,7.071067812,12.04159458,8.602325267,10,7.071067812,10.63014581,5.656854249,10.81665383,8.602325267,10,7.211102551,12.04159458,8.602325267,11.18033989,7.810249676,9.848857802,8.602325267,12.80624847,9.219544457,10.63014581,8.94427191,12.04159458,9.899494937,12.04159458,9.848857802,10.63014581,10.81665383,9.899494937,10.77032961,11.40175425,8.062257748,9.899494937,8.602325267,9.219544457,6.708203932,9.433981132,5.830951895,10.63014581,7.280109889,10.63014581,8.062257748,9.219544457,7.211102551,10.63014581,5.385164807,8.062257748,8.062257748,12.04159458,6.32455532
8.062257748,12.04159458,7.810249676,13.60147051,9.219544457,13.03840481,9.219544457,13.60147051,9.219544457,12.52996409,8.602325267,12.80624847,10.63014581,13.60147051,8.485281374,12.80624847,9.219544457,12.80624847,11.3137085,13.60147051,9.433981132,12.20655562,10.29563014,12.80624847,9.433981132,12.04159458,9.433981132,10.81665383,10.29563014,12.80624847,8.602325267,12.04159458,9.433981132,12.04159458,8.602325267,10.63014581,9.848857802,11.3137085,9.848857802,10.63014581,9.848857802,10.63014581,8.94427191,10.63014581,8.062257748,10,8.062257748,12.04159458,8.544003745,11.40175425,8.062257748,11.40175425
13.60147051,12.04159458,11.40175425,12.04159458,10.81665383,12.04159458,12.20655562,12.04159458,10,13.45362405,11.3137085,12.80624847,10.63014581,12.80624847,11.3137085,12.04159458,11.40175425,12.04159458,9.899494937,13.60147051,12.04159458,12.80624847,10.63014581,14.14213562,9.899494937,14.2126704,9.899494937,12.04159458,10,14.2126704,10.81665383,13.60147051,10.63014581,13.03840481,10,12.04159458,11.40175425,13.41640786,10.29563014,12.80624847,10.63014581,13.60147051,8.602325267,11.3137085,10.63014581,12.20655562,11.40175425,8.602325267,10,12.20655562,11.40175425,10.29563014
2.236067977,15.55634919,1.414213562,15.55634919,3,18.60107524,1,15.62049935,1.414213562,14.86606875,1,19.10497317,3.16227766,16.97056275,1,17.80449381,2.828427125,16.40121947,2.236067977,15.8113883,1,19.10497317,2.236067977,17.69180601,3.605551275,17.69180601,4.123105626,17.02938637,3.16227766,18.38477631,3.16227766,16.2788206,2,17.69180601,4.123105626,15.55634919,2.236067977,18.43908891,4,18.43908891,3.605551275,17.02938637,4.123105626,15.8113883,3.16227766,15,2.236067977,17.69180601,1,16.2788206,4.242640687,16.97056275
1,12.72792206,3,14.14213562,5,14.2126704,2,12.72792206,1.414213562,14.14213562,1.414213562,12.80624847,2,15,3,12.72792206,2,13.45362405,0,12.80624847,1,15.8113883,1.414213562,15,1.414213562,16.97056275,3.16227766,16.2788206,1,14.86606875,1,15.62049935,3.16227766,14.14213562,4.123105626,13.60147051,1.414213562,14.14213562,1.414213562,14.86606875,2.236067977,14.4222051,3,15.8113883,2,13.60147051,1,14.86606875,2.828427125,12.72792206,1,15
3.16227766,15.55634919,4.123105626,16.2788206,2.828427125,17.80449381,1,16.40121947,4.123105626,16.40121947,5,14.86606875,2.828427125,17.69180601,1.414213562,17.02938637,2.828427125,16.97056275,1,14.86606875,1,17.02938637,1,17.69180601,1,17.02938637,1.414213562,17.69180601,2.236067977,15.55634919,1.414213562,17.69180601,0,16.2788206,2.236067977,17.80449381,2.236067977,17.20465053,1,16.2788206,1.414213562,16.40121947,1.414213562,16.97056275,1.414213562,14.14213562,2.236067977,16.2788206,2.828427125,14.86606875,2,15.55634919
14.2126704,7.615773106,15.55634919,7.211102551,15,7.280109889,16.2788206,8.062257748,15.62049935,6.32455532,14.86606875,10.29563014,18.43908891,9.219544457,16.40121947,6.708203932,15.55634919,6.403124237,15,8.94427191,16.2788206,9.433981132,16.2788206,9.219544457,12.72792206,9.433981132,16.2788206,9.899494937,14.86606875,12.04159458,17.02938637,13.03840481,16.2788206,10,14.86606875,12.04159458,15,8.062257748,17.20465053,10.63014581,12.52996409,8.485281374,12.04159458,8.062257748,14.2126704,9.219544457,14.4222051,7.810249676,14.86606875,10.63014581,14.86606875,8.94427191
7.071067812,14.2126704,7.280109889,13.45362405,6.708203932,14.86606875,6.708203932,14.14213562,5.385164807,13.45362405,7.211102551,16.97056275,9.433981132,15.62049935,8.94427191,14.86606875,9.486832981,15.8113883,9.219544457,19.10497317,8.602325267,16.40121947,9.433981132,16.2788206,7.810249676,14.86606875,10.63014581,15.62049935,9.899494937,17.02938637,8.602325267,15.55634919,7.810249676,17.02938637,9.433981132,15.62049935,8.602325267,13.45362405,7.071067812,15.62049935,7.810249676,15.62049935,8.485281374,16.97056275,8.062257748,14.14213562,7.211102551,15.62049935,9.219544457,14.2126704,7.810249676,16.2788206
5.830951895,12.04159458,6.708203932,13.60147051,6.32455532,14.86606875,5.099019514,14.2126704,6.708203932,14.2126704,7.615773106,13.45362405,5.099019514,14.14213562,5,13.45362405,7.810249676,12.52996409,8.544003745,12.80624847,9.219544457,12.72792206,7.071067812,14.14213562,7.810249676,13.45362405,6.403124237,12.72792206,7.211102551,12.04159458,7.810249676,12.04159458,8.062257748,12.04159458,8.485281374,12.04159458,7.810249676,12.04159458,7.211102551,12.72792206,8.485281374,12.72792206,7.810249676,13.45362405,7.810249676,12.72792206,7.810249676,13.45362405,6.708203932,13.45362405,7.211102551,12.04159458
15.62049935,3,14.86606875,3.16227766,14.86606875,5.385164807,14.86606875,5,14.86606875,2.828427125,17.69180601,5,15.62049935,5,14.2126704,7.071067812,14.86606875,5,15.62049935,7.810249676,17.69180601,8.062257748,15.62049935,3.605551275,14.86606875,7.211102551,16.2788206,5.099019514,15.8113883,6.32455532,14.86606875,7.615773106,15.62049935,5.099019514,14.86606875,6.403124237,14.86606875,4.472135955,16.97056275,5.099019514,15.55634919,5,15,4,14.4222051,4,14.86606875,5,14.14213562,4.472135955,14.86606875,5.099019514
16.2788206,2.236067977,14.86606875,1,14.2126704,1,15.62049935,1,15.62049935,0,16.2788206,1.414213562,15.55634919,1,14.86606875,2,17.02938637,2,16.2788206,2.236067977,19.41648784,3.16227766,15.62049935,4,14.86606875,3.605551275,15.62049935,2.828427125,17.69180601,4,16.2788206,3,15.55634919,2.236067977,17.20465053,1,15,2.236067977,15.26433752,2,13.03840481,0,12.80624847,3.16227766,14.14213562,1,15.62049935,3.16227766,16.40121947,2,15.62049935,2
16.2788206,3.605551275,16.40121947,2.236067977,16.97056275,5.385164807,16.2788206,5.099019514,17.69180601,5.830951895,17.69180601,6.08276253,14.2126704,6.403124237,16.97056275,5,19.20937271,5,20.80865205,6.708203932,16.97056275,2.236067977,17.80449381,6.403124237,18.43908891,7.615773106,15.55634919,2.828427125,14.86606875,6,16.2788206,7.211102551,15.62049935,8.062257748,20,5.830951895,16.2788206,6.403124237,15,6.403124237,14.86606875,6.403124237,13.45362405,5.099019514,14.86606875,2.236067977,12.72792206,7.280109889,14.14213562,4.472135955,15.55634919,5.099019514
8.485281374,11.40175425,10,9.219544457,10.63014581,10.81665383,11.40175425,12.04159458,9.219544457,12.20655562,10.81665383,10,11.66190379,9.899494937,11.66190379,9.899494937,10.63014581,10.63014581,12.04159458,9.219544457,12.20655562,10,11.3137085,9.219544457,10.63014581,11.18033989,11.3137085,11.3137085,11.40175425,9.219544457,9.899494937,11.18033989,11.40175425,12.20655562,11.40175425,7.810249676,9.433981132,9.433981132,11.40175425,10,10.63014581,8.602325267,10.63014581,10.63014581,9.219544457,9.433981132,8.94427191,11.3137085,10,10.77032961,7.071067812,9.433981132
13.45362405,7,15.62049935,10.19803903,14.86606875,4.123105626,15.8113883,6.708203932,16.97056275,6.32455532,17.69180601,8.062257748,15,8.062257748,14.4222051,6.708203932,16.40121947,7.280109889,17.69180601,11.40175425,15.62049935,6.403124237,12.80624847,6.403124237,16.40121947,11.40175425,15.55634919,7.211102551,12.80624847,10,14.86606875,8.062257748,14.86606875,9.219544457,16.2788206,6.708203932,15.55634919,10.63014581,14.86606875,8.602325267,12.04159458,8.485281374,11.40175425,6.403124237,10.63014581,8.485281374,14.14213562,7.810249676,12.04159458,9.219544457,12.80624847,3.605551275
13.60147051,5,13.45362405,5.830951895,15.62049935,6.32455532,15.62049935,5.830951895,15.62049935,6.403124237,12.04159458,6.403124237,15.62049935,5.830951895,14.86606875,7.810249676,15.55634919,4.472135955,19.10497317,8.602325267,16.97056275,8.94427191,17.02938637,7.211102551,16.64331698,7.810249676,18.43908891,6.708203932,15.62049935,4.123105626,14.86606875,5.830951895,15.55634919,4.472135955,14.86606875,5,12.04159458,6.08276253,14.2126704,5.385164807,13.45362405,6,12.80624847,5.385164807,12.72792206,6.32455532,13.45362405,7.810249676,12.80624847,7.810249676,13.45362405,6.403124237
15.8113883,8.544003745,14.4222051,7.615773106,11.40175425,9.433981132,14.14213562,6.403124237,13.45362405,7.810249676,14.86606875,7.211102551,12.04159458,9.219544457,13.60147051,9.219544457,15.62049935,10.81665383,12.80624847,10.63014581,16.2788206,9.899494937,13.45362405,10,14.86606875,10,10.63014581,11.3137085,12.80624847,11.3137085,13.45362405,12.80624847,12.20655562,10.63014581,13.45362405,11.40175425,11.66190379,10.63014581,11.3137085,10.29563014,11.40175425,9.219544457,12.20655562,8.602325267,10.81665383,10.29563014,12.80624847,6.708203932,12.04159458,8.485281374,12.04159458,7.211102551
17.69180601,3.605551275,15.8113883,3,17.69180601,1.414213562,16.97056275,3.16227766,16.2788206,4.123105626,20.61552813,4,18.38477631,2,19.10497317,1.414213562,16.2788206,3.16227766,15,5.385164807,21.21320344,3.605551275,16.97056275,4.123105626,18.38477631,5,18.38477631,5.830951895,15.55634919,5.830951895,17.02938637,5,17.69180601,4.472135955,16.40121947,4,17.69180601,6.32455532,18.38477631,3.605551275,18.43908891,3.605551275,16.2788206,5,14.86606875,5,16.2788206,2,14.14213562,3.605551275,16.97056275,2
12.72792206,10.81665383,14.14213562,10,12.04159458,10,10.81665383,10.81665383,12.80624847,10,12.80624847,9.899494937,13.45362405,9.219544457,13.45362405,8.485281374,12.80624847,8.485281374,12.20655562,7.211102551,12.04159458,8.602325267,14.2126704,7.810249676,12.72792206,8.602325267,14.86606875,9.219544457,12.80624847,8.062257748,12.72792206,8.94427191,14.2126704,8.062257748,12.04159458,9.219544457,12.72792206,9.219544457,13.45362405,8.602325267,12.80624847,7.810249676,12.04159458,8.062257748,9.899494937,8.94427191,9.899494937,9.219544457,11.40175425,9.899494937,10,9.219544457
14.14213562,4.123105626,15.62049935,5.656854249,15.55634919,3.605551275,15.62049935,5,15.55634919,3.16227766,14.2126704,3.605551275,16.2788206,4.242640687,14.86606875,4.472135955,17.02938637,5.830951895,17.80449381,5,17.69180601,6.32455532,16.97056275,6.32455532,17.69180601,6.708203932,15.8113883,7.280109889,16.40121947,5.099019514,16.2788206,7.280109889,14.86606875,5.099019514,17.02938637,5,15.62049935,5.385164807,16.40121947,4.123105626,14.86606875,5.099019514,15.62049935,3.16227766,15.55634919,5.099019514,15,5,17.69180601,5,15.62049935,5.099019514
6,15.55634919,2.236067977,14.86606875,3,14.86606875,3.16227766,14.14213562,3.16227766,16.2788206,5,14.86606875,2.236067977,14.86606875,5,14.86606875,5,16.2788206,4.242640687,19.20937271,5,16.2788206,5.099019514,13.45362405,4.123105626,16.97056275,6.403124237,16.97056275,5.830951895,14.86606875,5,15.55634919,4.123105626,15,5.830951895,15.62049935,7.211102551,16.40121947,5.099019514,14.86606875,5,15.55634919,7.211102551,14.86606875,4.123105626,13.45362405,3.605551275,14.86606875,5,13.45362405,6.08276253,13.45362405
10.63014581,9.899494937,15.62049935,9.899494937,14.86606875,9.219544457,14.4222051,10.81665383,15.8113883,11.40175425,15,10.81665383,12.20655562,10,15,13.45362405,15.65247584,13,15,13.41640786,13.41640786,12.04159458,15.62049935,11.18033989,15,13.41640786,15,13.45362405,14.76482306,9.486832981,15,12.52996409,14.4222051,12.08304597,13.03840481,11.70469991,15,13.60147051,13.89244399,10.77032961,13.03840481,9.848857802,11.66190379,10.77032961,9.848857802,11.66190379,13.03840481,13.41640786,13.60147051,15.65247584,10.29563014,11.18033989
9.433981132,12.04159458,11.66190379,12.04159458,10,12.72792206,8.485281374,13.45362405,8.602325267,13.45362405,9.899494937,14.86606875,9.219544457,12.04159458,9.219544457,12.04159458,10,12.04159458,10.29563014,14.2126704,10.81665383,12.80624847,12.04159458,12.80624847,11.40175425,14.2126704,13.45362405,13.89244399,10,14.2126704,11.40175425,12.80624847,9.433981132,12.52996409,10,12.52996409,12.04159458,12.80624847,10,13.45362405,10.81665383,12.80624847,9.219544457,12.80624847,9.433981132,12.20655562,10.81665383,12.04159458,9.219544457,12.20655562,9.433981132,11.40175425
17.69180601,4.123105626,18.43908891,5,19.84943324,7.071067812,23.02172887,4.123105626,18.02775638,1.414213562,20,4,21.40093456,2.828427125,20,6.32455532,18.43908891,1,18.02775638,1.414213562,20.24845673,3.16227766,19.41648784,2.236067977,17.69180601,3.605551275,19.41648784,3.605551275,21.40093456,3,19.10497317,5.385164807,16.64331698,5,20.61552813,3.16227766,17.69180601,6,16.2788206,6.08276253,17.20465053,4.123105626,19.20937271,5,16.97056275,6,14.2126704,4.123105626,15,5,14.86606875,4.123105626
12.04159458,12.04159458,13.60147051,12.80624847,15.26433752,11.3137085,13.45362405,9.433981132,12.04159458,12.04159458,12.04159458,13.45362405,13.45362405,12.04159458,13.45362405,11.3137085,12.80624847,10.81665383,13.03840481,10.63014581,12.80624847,10.63014581,15,12.04159458,14.2126704,11.3137085,15,12.20655562,14.4222051,10.63014581,14.4222051,10.63014581,14.4222051,12.04159458,13.03840481,11.18033989,15.26433752,10,12.52996409,11.40175425,13.89244399,10,13.89244399,11.40175425,11.18033989,11.40175425,11.66190379,12.80624847,12.08304597,12.80624847,10.81665383,11.40175425
10,14.14213562,11.18033989,14.14213562,8.062257748,12.04159458,8.602325267,14.14213562,7.810249676,17.69180601,7.810249676,18.38477631,11.18033989,17.80449381,7.810249676,14.86606875,9.848857802,16.40121947,11.40175425,19.79898987,9.848857802,17.69180601,9.219544457,17.69180601,6.708203932,18.38477631,6.403124237,14.86606875,7.615773106,18.43908891,8.062257748,18.43908891,8.062257748,15.62049935,8.602325267,17.80449381,7.615773106,16.2788206,8.602325267,19.10497317,8.062257748,14.86606875,7.615773106,16.2788206,7.071067812,17.69180601,7.810249676,17.69180601,7.211102551,15.62049935,8.94427191,14.2126704
11.40175425,14.86606875,8.485281374,15.55634919,9.899494937,17.20465053,11.40175425,15.55634919,9.219544457,17.02938637,12.04159458,18.38477631,9.899494937,20.51828453,11.40175425,17.69180601,10.63014581,19.10497317,11.40175425,20.61552813,12.20655562,17.69180601,12.04159458,19.84943324,11.40175425,16.2788206,9.848857802,17.69180601,10,17.69180601,8.602325267,18.43908891,9.433981132,17.69180601,12.08304597,19.20937271,9.219544457,18.43908891,8.94427191,17.02938637,8.94427191,17.20465053,10.81665383,16.40121947,10.29563014,15.8113883,9.433981132,17.69180601,12.20655562,14.86606875,11.40175425,16.2788206
13.03840481,12.72792206,13.45362405,10.63014581,13.45362405,12.72792206,14.2126704,13.03840481,15,9.899494937,13.45362405,11.40175425,15,12.80624847,10.63014581,9.219544457,16.97056275,8.062257748,17.69180601,11.3137085,17.02938637,10.63014581,12.20655562,10.63014581,14.14213562,10.81665383,15.8113883,10.63014581,14.2126704,11.66190379,15.55634919,9.219544457,14.14213562,8.062257748,15.62049935,9.219544457,15.62049935,9.899494937,13.60147051,8.062257748,14.4222051,9.219544457,13.45362405,9.899494937,12.04159458,10.29563014,12.80624847,8.602325267,15.26433752,10,12.80624847,10.29563014
5,14.86606875,5,17.02938637,2.236067977,15.62049935,2.828427125,14.86606875,3.16227766,16.2788206,2,16.2788206,3.605551275,14.14213562,3.605551275,14.86606875,7.071067812,14.86606875,5,16.40121947,2.236067977,14.14213562,3.605551275,15.55634919,5.099019514,15.55634919,2.236067977,16.40121947,4.123105626,15.62049935,4.472135955,16.2788206,4.472135955,14.2126704,6.708203932,15.55634919,2.236067977,16.2788206,5.656854249,14.2126704,5,15,4.472135955,14.2126704,3,14.2126704,4.242640687,16.40121947,2.236067977,15,4.123105626,15.55634919
14.86606875,4,14.86606875,3.16227766,16.2788206,5,15.62049935,3.605551275,16.2788206,5.385164807,18.38477631,3.605551275,18.43908891,2.236067977,16.40121947,4.472135955,17.02938637,4,18.43908891,2.236067977,19.10497317,4,14.86606875,3.16227766,16.2788206,3,16.2788206,3,19.10497317,2,16.97056275,2,15.55634919,1,16.40121947,3.16227766,17.69180601,2,15.55634919,2,16.2788206,3,15.62049935,2.828427125,15.55634919,4.472135955,16.2788206,4.472135955,14.14213562,6.32455532,15,4
10.29563014,15,11.3137085,10.63014581,12.04159458,13.60147051,10,12.80624847,10.81665383,13.45362405,10.63014581,13.45362405,13.03840481,13.45362405,12.04159458,13.45362405,11.40175425,14.14213562,15.55634919,14.14213562,11.40175425,14.14213562,10.81665383,14.86606875,10,14.2126704,12.72792206,14.2126704,13.41640786,13.60147051,11.66190379,12.04159458,12.52996409,13.03840481,11.66190379,13.45362405,11.40175425,15,11.66190379,13.45362405,10.81665383,12.80624847,9.433981132,12.80624847,10.81665383,12.04159458,10.29563014,12.04159458,8.94427191,12.80624847,8.246211251,12.20655562
16.2788206,3.605551275,15,2.236067977,14.86606875,4.472135955,16.2788206,3.16227766,16.2788206,1,16.2788206,3.16227766,17.69180601,2.236067977,15.62049935,5,15.62049935,3.605551275,14.14213562,3.16227766,17.02938637,4.123105626,17.02938637,3.16227766,15.62049935,2,15.55634919,3,17.69180601,4.123105626,15.62049935,4.123105626,16.97056275,5.385164807,17.69180601,3.605551275,15.55634919,2.828427125,16.2788206,5.385164807,16.97056275,2.236067977,15.55634919,3.16227766,14.2126704,1.414213562,16.2788206,3.16227766,14.86606875,3,14.14213562,2
18.38477631,2.236067977,19.10497317,2.236067977,17.69180601,2,19.79898987,2,16.2788206,4.123105626,19.10497317,2.828427125,21.21320344,3.16227766,19.10497317,3,18.43908891,4.472135955,19.84943324,4.472135955,21.26029163,3.605551275,18.38477631,5,20.51828453,5.656854249,18.38477631,3.605551275,19.10497317,3.16227766,16.97056275,3.605551275,17.69180601,4.472135955,17.02938637,4.472135955,18.43908891,6.403124237,18.43908891,6.708203932,17.69180601,3.605551275,17.69180601,4.472135955,16.97056275,5.385164807,17.69180601,5.099019514,18.43908891,2.828427125,15.55634919,1
16.2788206,4.123105626,15.62049935,5.656854249,15.55634919,3.605551275,15.62049935,4.123105626,14.86606875,4.123105626,16.40121947,3.16227766,15.62049935,3.16227766,15.62049935,2,16.97056275,3.16227766,17.69180601,1.414213562,16.97056275,3,15.55634919,2.236067977,15.62049935,5.830951895,17.20465053,5,14.86606875,5,15.55634919,5.385164807,14.86606875,4.472135955,15.55634919,5.099019514,13.45362405,5.830951895,14.14213562,5.385164807,15.62049935,4.472135955,14.14213562,3.605551275,12.72792206,5,15.55634919,5,14.86606875,3.605551275,12.80624847,2.236067977
6,15.62049935,3,16.97056275,2.236067977,17.69180601,5,17.69180601,5.099019514,17.69180601,3,19.10497317,2,18.38477631,3,18.38477631,1,19.79898987,1.414213562,19.41648784,5.656854249,18.43908891,3.16227766,19.10497317,2.828427125,18.38477631,1.414213562,19.10497317,1.414213562,19.10497317,4.242640687,18.38477631,2.236067977,19.10497317,1,19.10497317,1,17.80449381,2.236067977,17.69180601,2.236067977,17.69180601,1,19.10497317,1.414213562,16.97056275,4.123105626,17.69180601,4.242640687,19.79898987,4,17.69180601
18.43908891,3.16227766,18.38477631,2.236067977,17.69180601,2.828427125,19.10497317,2.236067977,17.80449381,3.16227766,18.43908891,2.236067977,19.79898987,4.242640687,18.38477631,2.236067977,19.84943324,1,17.69180601,1,20.51828453,1,20.61552813,1,19.84943324,2.236067977,19.10497317,2.828427125,18.43908891,2.236067977,18.43908891,3.16227766,20.51828453,2.236067977,18.43908891,4,19.79898987,2.236067977,18.43908891,3.16227766,18.38477631,2.828427125,18.43908891,4.242640687,17.69180601,2.236067977,17.02938637,2,17.02938637,1,16.97056275,2
10.44030651,14.86606875,8.246211251,16.2788206,9.219544457,17.69180601,8.062257748,17.02938637,10.29563014,16.2788206,8.94427191,17.02938637,6.403124237,15.62049935,9.219544457,17.02938637,7.071067812,17.69180601,8.485281374,20,8.062257748,17.69180601,9.899494937,18.43908891,7.280109889,19.10497317,5.830951895,19.10497317,7.810249676,19.10497317,5.099019514,17.69180601,8.602325267,15.55634919,8.062257748,17.69180601,5.099019514,17.69180601,8.246211251,17.69180601,6.708203932,17.80449381,7.615773106,16.97056275,7.071067812,16.2788206,7.211102551,15.55634919,8.94427191,16.2788206,9.433981132,14.86606875
15.62049935,8.062257748,12.04159458,7.615773106,15.62049935,8.602325267,14.86606875,7.810249676,14.14213562,7.810249676,12.72792206,7.071067812,15.55634919,9.219544457,14.2126704,9.219544457,15.62049935,9.219544457,14.4222051,9.433981132,14.2126704,7.810249676,16.2788206,5.830951895,14.86606875,9.219544457,16.2788206,7.615773106,15,8.602325267,17.69180601,8.602325267,14.2126704,8.062257748,13.45362405,5.830951895,15.62049935,5.830951895,14.2126704,7.615773106,12.80624847,8.246211251,14.2126704,7.615773106,12.80624847,9.433981132,14.2126704,8.062257748,13.45362405,8.062257748,14.2126704,8.062257748
18.38477631,4.123105626,18.38477631,5.099019514,20,4.123105626,18.60107524,4.472135955,18.38477631,4.472135955,19.20937271,3.605551275,17.80449381,2.236067977,19.20937271,2.828427125,19.84943324,2,20.51828453,6.32455532,19.79898987,2.236067977,18.43908891,3.605551275,18.43908891,4,18.43908891,1,19.10497317,2.236067977,17.69180601,5.385164807,17.02938637,4,16.97056275,3.16227766,16.97056275,2,16.2788206,3.16227766,14.86606875,4.123105626,15.62049935,3.16227766,16.2788206,4,14.86606875,6,16.2788206,4,15.55634919,5
7.211102551,14.2126704,7.810249676,12.04159458,6.403124237,15,10.81665383,14.86606875,8.544003745,13.45362405,7.810249676,15.62049935,10,16.2788206,9.433981132,16.2788206,9.433981132,14.4222051,8.062257748,12.04159458,8.246211251,16.97056275,8.94427191,12.80624847,7.615773106,15,7.280109889,16.2788206,9.219544457,13.60147051,8.544003745,12.80624847,9.848857802,14.14213562,8.062257748,13.03840481,7.280109889,14.86606875,8.544003745,13.45362405,9.055385138,12.72792206,8.062257748,12.80624847,9.055385138,11.66190379,5.099019514,14.2126704,6,14.2126704,8.062257748,12.72792206
10,14.14213562,11.18033989,14.14213562,8.062257748,12.04159458,8.602325267,14.14213562,7.810249676,17.69180601,7.810249676,18.38477631,11.18033989,17.80449381,7.810249676,14.86606875,9.848857802,16.40121947,11.40175425,19.79898987,9.848857802,17.69180601,9.219544457,17.69180601,6.708203932,18.38477631,6.403124237,14.86606875,7.615773106,18.43908891,8.062257748,18.43908891,8.062257748,15.62049935,8.602325267,17.80449381,7.615773106,16.2788206,8.602325267,19.10497317,8.062257748,14.86606875,7.615773106,16.2788206,7.071067812,17.69180601,7.810249676,17.69180601,7.211102551,15.62049935,8.94427191,14.2126704
10,9.219544457,10.63014581,9.899494937,10.81665383,8.602325267,11.40175425,10.63014581,11.40175425,9.219544457,14.14213562,9.899494937,13.45362405,10.63014581,13.45362405,8.062257748,12.80624847,9.899494937,14.2126704,7.211102551,15.55634919,8.485281374,14.86606875,8.94427191,14.2126704,9.219544457,15,8.602325267,14.14213562,5.656854249,15.62049935,8.062257748,15.55634919,6.708203932,12.72792206,9.486832981,14.86606875,8.062257748,14.14213562,7.211102551,12.04159458,8.485281374,12.04159458,9.219544457,12.04159458,11.70469991,11.40175425,9.219544457,11.3137085,6.708203932,11.3137085,9.433981132
5.656854249,16.2788206,2.828427125,14.14213562,5,15.55634919,5.099019514,16.2788206,5,14.86606875,6.403124237,15.62049935,5,17.02938637,5.656854249,17.02938637,4.472135955,14.2126704,5,18.43908891,5.099019514,18.43908891,5,18.38477631,4.123105626,17.69180601,5.385164807,16.2788206,6.708203932,17.02938637,5.099019514,16.2788206,6.32455532,14.86606875,8.602325267,15.55634919,4.472135955,16.2788206,3.16227766,17.02938637,7.071067812,16.2788206,7.211102551,16.2788206,6.32455532,17.02938637,7,15.55634919,6.08276253,15.55634919,7.615773106,14.86606875
13.45362405,11.66190379,12.80624847,13,10,11.66190379,15.62049935,10.63014581,13.45362405,12.20655562,14.14213562,12.04159458,14.2126704,13.45362405,13.45362405,13.60147051,12.80624847,14.86606875,15,15.62049935,12.72792206,14.86606875,11.66190379,12.72792206,15,14.86606875,13.45362405,15.55634919,10.81665383,14.86606875,11.40175425,15.62049935,11.40175425,14.2126704,13.45362405,14.86606875,11.66190379,14.86606875,11.66190379,15.62049935,10.63014581,15.62049935,13.45362405,14.14213562,12.80624847,12.72792206,10.63014581,13.45362405,12.04159458,14.2126704,13.60147051,12.04159458
1,17.02938637,2,18.43908891,2.828427125,16.2788206,1.414213562,15.62049935,1,17.69180601,0,19.20937271,3.16227766,19.20937271,2,17.02938637,3,18.38477631,4.123105626,20.61552813,3.16227766,18.43908891,1,20.51828453,2.236067977,20.61552813,5.385164807,17.02938637,4.123105626,18.43908891,5.099019514,18.38477631,5.099019514,19.20937271,5.385164807,17.20465053,4.123105626,19.10497317,5,17.69180601,2.236067977,15.62049935,2.236067977,14.86606875,3.605551275,19.10497317,4.242640687,18.38477631,2.236067977,14.86606875,4.472135955,18.43908891
10.63014581,10.63014581,9.433981132,9.219544457,9.433981132,12.20655562,11.66190379,11.40175425,9.899494937,12.80624847,9.899494937,12.72792206,10.63014581,12.80624847,12.04159458,12.04159458,9.899494937,10.63014581,11.40175425,12.04159458,12.72792206,10.63014581,12.04159458,12.72792206,15.55634919,14.2126704,14.86606875,10.81665383,12.04159458,11.40175425,12.80624847,11.40175425,10.63014581,12.20655562,13.45362405,11.18033989,12.04159458,12.04159458,13.03840481,11.3137085,14.4222051,12.04159458,11.40175425,11.40175425,11.3137085,12.80624847,11.3137085,12.80624847,11.40175425,11.66190379,11.66190379,12.04159458
15.26433752,10,14.14213562,8.602325267,14.2126704,10.29563014,14.4222051,9.219544457,13.45362405,8.602325267,13.60147051,10.81665383,14.86606875,10,12.04159458,10.63014581,13.45362405,9.219544457,15.62049935,8.602325267,16.97056275,10.63014581,14.14213562,9.899494937,17.69180601,9.219544457,14.14213562,9.219544457,15.55634919,8.602325267,17.02938637,8.062257748,15.62049935,7.615773106,14.86606875,8.062257748,16.2788206,8.485281374,14.14213562,9.899494937,16.2788206,9.219544457,14.86606875,7.810249676,16.97056275,8.062257748,15,10,14.2126704,9.433981132,13.03840481,8.485281374
10,12.04159458,10.81665383,14.14213562,8.485281374,13.03840481,9.433981132,10.63014581,7.810249676,11.40175425,7.071067812,14.14213562,10.29563014,14.14213562,8.602325267,11.3137085,10.81665383,14.86606875,7.071067812,12.72792206,9.899494937,14.86606875,9.899494937,14.4222051,8.602325267,15,8.602325267,15,7.810249676,15,7.071067812,15.62049935,7.071067812,13.45362405,7.615773106,12.72792206,7.615773106,13.45362405,7.211102551,15,8.062257748,12.72792206,6.32455532,12.80624847,7.071067812,14.4222051,8.485281374,13.60147051,7.071067812,10.63014581,8.602325267,13.41640786
14.4222051,7.280109889,14.2126704,10.29563014,12.04159458,8.062257748,15,9.433981132,13.45362405,8.544003745,15.55634919,10.81665383,15.55634919,9.433981132,13.45362405,9.219544457,16.2788206,7.071067812,17.69180601,7.615773106,14.14213562,8.602325267,15.55634919,7.071067812,15.55634919,7.211102551,17.02938637,6.708203932,14.86606875,4.242640687,15.55634919,6.708203932,14.14213562,6.403124237,16.64331698,6.708203932,16.97056275,6.403124237,14.14213562,6.708203932,15.55634919,7.810249676,15,7.211102551,12.72792206,7.810249676,12.80624847,8.94427191,14.86606875,7.615773106,12.80624847,7.211102551
2.236067977,14.2126704,2.236067977,16.2788206,2.236067977,14.86606875,1.414213562,15.55634919,1.414213562,16.2788206,2,15.62049935,2.236067977,16.2788206,1.414213562,16.97056275,2.828427125,17.02938637,3,14.2126704,2,17.02938637,1,17.80449381,5,18.43908891,4.123105626,18.43908891,5,17.80449381,3.16227766,16.2788206,5.099019514,17.02938637,2.236067977,14.86606875,6.08276253,16.97056275,4.123105626,16.2788206,5.385164807,16.40121947,3.605551275,14.14213562,2.236067977,12.80624847,2.828427125,14.14213562,1.414213562,15.55634919,3.605551275,15
11.70469991,15,8.94427191,16.1245155,11.66190379,14.4222051,10.63014581,17.20465053,9.433981132,14.2126704,10.63014581,14.4222051,12.04159458,14.2126704,12.04159458,15.8113883,11.3137085,14.4222051,10.63014581,13.60147051,12.72792206,15.62049935,13.45362405,14.86606875,13.60147051,16.2788206,14.14213562,15.62049935,14.14213562,14.2126704,14.2126704,13.60147051,12.80624847,13.45362405,13.45362405,14.2126704,12.72792206,14.14213562,12.04159458,14.86606875,12.72792206,12.20655562,11.3137085,12.04159458,13.60147051,11.66190379,12.20655562,13.60147051,13.03840481,12.80624847,8.602325267,13.45362405
5.385164807,15.26433752,8.062257748,14.86606875,4.472135955,15.62049935,7.071067812,14.86606875,6.32455532,14.86606875,4.472135955,15.55634919,6,15.55634919,4.123105626,17.20465053,4.242640687,16.2788206,5.385164807,14.4222051,3.605551275,15.55634919,4.123105626,16.40121947,2,14.14213562,2.828427125,17.69180601,3.16227766,16.2788206,2.236067977,18.43908891,3.16227766,16.2788206,2,13.45362405,1.414213562,14.86606875,1,15.55634919,2,16.2788206,4.123105626,14.2126704,2.236067977,14.2126704,3.16227766,14.86606875,3.605551275,12.72792206,4.242640687,13.45362405
12.20655562,8.544003745,13.45362405,10.63014581,12.20655562,7.810249676,14.2126704,8.602325267,14.2126704,9.899494937,14.2126704,9.219544457,12.72792206,10,14.86606875,10.63014581,15.62049935,9.433981132,15.26433752,9.899494937,15,7.810249676,15.62049935,9.219544457,15.62049935,8.485281374,15,7.071067812,14.86606875,7.211102551,14.86606875,6.403124237,14.86606875,5.385164807,14.14213562,8.602325267,14.86606875,7.071067812,14.14213562,7.071067812,13.45362405,7.810249676,14.4222051,8.602325267,14.14213562,5.830951895,13.60147051,7.211102551,12.80624847,7.810249676,12.04159458,7.071067812
12.04159458,9.219544457,15,9.848857802,15.62049935,8.246211251,14.86606875,10.81665383,14.86606875,10,17.02938637,7.615773106,12.72792206,9.899494937,14.2126704,10.81665383,12.72792206,10.63014581,16.40121947,15.26433752,12.72792206,13.45362405,10.63014581,11.40175425,12.04159458,10,12.04159458,10,13.60147051,13.41640786,14.86606875,11.40175425,13.45362405,10.81665383,14.4222051,11.18033989,14.14213562,11.66190379,13.45362405,9.219544457,13.89244399,8.602325267,11.40175425,8.94427191,12.04159458,9.433981132,12.80624847,10.44030651,13.03840481,8.94427191,13.45362405,7.810249676
15.62049935,5.099019514,16.2788206,5.385164807,16.2788206,6.32455532,16.97056275,5.099019514,16.2788206,7.280109889,18.38477631,6.32455532,17.69180601,7.810249676,16.2788206,5.656854249,15.55634919,5,15.62049935,4.472135955,15.62049935,4.242640687,16.97056275,6.403124237,19.84943324,6.403124237,15.62049935,5,18.38477631,5,17.69180601,5.099019514,15.55634919,5.656854249,15.62049935,4,16.97056275,4.472135955,16.2788206,7.211102551,15,5.385164807,16.2788206,5.830951895,14.14213562,6.403124237,16.1245155,6.32455532,15.55634919,6.08276253,14.86606875,5.099019514
3.605551275,14.86606875,1.414213562,16.2788206,1,15,2.236067977,12.04159458,3,15.55634919,1,14.14213562,0,16.2788206,4.123105626,16.40121947,4.123105626,16.97056275,4.472135955,17.02938637,2.236067977,14.86606875,3,17.02938637,3.605551275,16.64331698,3.16227766,16.2788206,4.242640687,15.62049935,4.472135955,15,5,16.2788206,5.099019514,15.62049935,4.242640687,15,3.16227766,15.62049935,4,13.45362405,5.385164807,13.60147051,3,14.2126704,4.472135955,13.03840481,4.123105626,10,4.123105626,12.80624847
3,14.14213562,3.605551275,15.55634919,2.236067977,13.45362405,3.605551275,14.86606875,3,16.2788206,2,15.55634919,2,16.2788206,2.236067977,15.62049935,3.16227766,14.14213562,4.123105626,15.62049935,2,14.14213562,3.16227766,16.2788206,2.828427125,14.86606875,3.605551275,16.2788206,2.828427125,15.62049935,5,13.60147051,3.605551275,15.62049935,5,15.55634919,3.16227766,14.2126704,3.605551275,15.55634919,3.605551275,15.62049935,3.16227766,15,3.605551275,15,4.242640687,14.86606875,4.472135955,14.86606875,2.236067977,14.86606875
3,17.20465053,3.16227766,17.69180601,3.605551275,19.20937271,2.236067977,17.69180601,3,19.10497317,1,19.10497317,2,18.43908891,3.16227766,17.69180601,2,17.69180601,2.828427125,18.43908891,2.236067977,19.84943324,3.16227766,19.10497317,2.236067977,15.62049935,4.123105626,17.02938637,4.123105626,16.40121947,3.16227766,17.02938637,1.414213562,18.43908891,2.236067977,14.4222051,4,17.02938637,4,15.62049935,5.099019514,18.38477631,3,16.97056275,4,16.2788206,1,16.40121947,4,17.02938637,2.236067977,15.55634919
5.830951895,17.02938637,4.472135955,15.55634919,5,16.1245155,3.605551275,17.69180601,6.08276253,17.80449381,5,17.69180601,6.403124237,15.55634919,2.236067977,16.97056275,5,18.38477631,7.280109889,16.40121947,6.403124237,17.69180601,5.385164807,19.10497317,3.16227766,17.80449381,3.605551275,16.97056275,5.830951895,17.69180601,4,19.10497317,6.08276253,16.2788206,4.472135955,17.20465053,6.08276253,15.62049935,5.099019514,17.02938637,5.099019514,16.40121947,6.708203932,16.2788206,4.472135955,17.69180601,5.099019514,16.2788206,5,16.40121947,6.08276253,15.62049935
3.16227766,15.55634919,5,14.86606875,4,16.2788206,3.605551275,13.45362405,5.385164807,14.2126704,3.605551275,15.62049935,6.403124237,15.55634919,4.472135955,15.55634919,4.472135955,16.2788206,3.16227766,16.2788206,4.242640687,16.2788206,7.211102551,14.86606875,5,14.86606875,5.830951895,14.2126704,3.605551275,15.55634919,4.472135955,13.45362405,6.708203932,14.86606875,6.708203932,12.72792206,5,14.2126704,5.385164807,15.55634919,5.830951895,14.14213562,6.32455532,14.2126704,3.605551275,14.86606875,5,15.62049935,6.08276253,12.72792206,5,14.86606875
14.86606875,4.472135955,14.86606875,6.403124237,14.14213562,6.32455532,15.62049935,5.656854249,14.14213562,5.830951895,14.14213562,3.605551275,13.45362405,5,16.2788206,3.605551275,16.2788206,3.605551275,17.02938637,3.605551275,16.2788206,4.242640687,15.62049935,4.123105626,17.02938637,5.656854249,16.2788206,3.605551275,16.2788206,3.16227766,16.2788206,5,16.2788206,4.472135955,16.2788206,2,15.55634919,4.123105626,15.62049935,3,14.86606875,4.123105626,15.62049935,4.242640687,14.86606875,3.605551275,14.86606875,3.605551275,14.86606875,5.099019514,14.14213562,4.472135955
6,15.62049935,5.099019514,15.62049935,5.830951895,15.62049935,3.605551275,17.20465053,5.099019514,16.2788206,3.605551275,17.02938637,4.242640687,17.02938637,3,16.2788206,2.236067977,16.40121947,2.236067977,16.40121947,6.403124237,15.55634919,5.830951895,14.86606875,6.403124237,17.80449381,5.830951895,15.62049935,7.071067812,17.69180601,5.656854249,14.86606875,6.708203932,14.86606875,6.708203932,16.40121947,5.830951895,17.80449381,7.071067812,13.60147051,4.242640687,14.2126704,5,16.2788206,7.615773106,14.14213562,6.403124237,16.40121947,4.242640687,14.86606875,4.242640687,14.4222051
8.602325267,12.72792206,10.81665383,10.63014581,10,12.72792206,9.899494937,14.2126704,11.40175425,13.45362405,11.3137085,11.3137085,11.3137085,14.14213562,11.40175425,12.72792206,9.899494937,13.03840481,11.3137085,14.4222051,9.899494937,12.72792206,14.2126704,12.04159458,11.3137085,14.14213562,11.40175425,12.80624847,13.89244399,11.40175425,13.89244399,11.40175425,12.72792206,13,11.40175425,12.80624847,13.45362405,13.45362405,12.04159458,13.03840481,12.04159458,14.2126704,10.81665383,12.20655562,11.18033989,12.08304597,11.66190379,14.2126704,10,13.60147051,9.433981132,13.60147051
14.86606875,1.414213562,14.86606875,1.414213562,14.86606875,2.236067977,15.55634919,2.236067977,15.62049935,2.828427125,17.69180601,1,14.86606875,1,17.69180601,2.236067977,16.2788206,2.236067977,14.86606875,2.236067977,19.84943324,2.236067977,17.69180601,4.123105626,17.02938637,2.828427125,17.02938637,2.236067977,17.69180601,2.236067977,15.55634919,3.16227766,17.02938637,4.472135955,16.64331698,1.414213562,17.20465053,1,16.40121947,1.414213562,15.8113883,1.414213562,18.38477631,1,16.2788206,2.236067977,16.40121947,3,17.69180601,3.16227766,16.40121947,3
16.2788206,3.605551275,15.62049935,4.123105626,14.2126704,3,14.2126704,2,15.62049935,4.472135955,14.86606875,4.472135955,16.97056275,4.123105626,16.2788206,3,17.02938637,2.828427125,18.38477631,3,16.97056275,2.236067977,16.40121947,3.605551275,14.86606875,5,14.2126704,4,15.55634919,1,16.2788206,2.828427125,15.55634919,2.236067977,16.2788206,1,16.2788206,2.236067977,14.86606875,3,12.72792206,2,12.04159458,3,12.80624847,3.16227766,14.14213562,3.605551275,14.2126704,3.16227766,15.62049935,4.472135955
14.14213562,4.123105626,13.45362405,4.472135955,14.2126704,5.830951895,14.14213562,4.242640687,13.45362405,7.810249676,14.86606875,7.211102551,15.62049935,6.32455532,14.86606875,5,14.14213562,5.099019514,14.2126704,4.472135955,14.14213562,4.472135955,12.72792206,6.32455532,16.2788206,6.403124237,15.62049935,6.403124237,14.86606875,7.810249676,15.55634919,7.211102551,14.2126704,7.211102551,14.4222051,7.280109889,12.80624847,6.708203932,15,4.472135955,14.2126704,7.211102551,14.2126704,5,13.45362405,7.211102551,15,4,14.2126704,5.385164807,14.14213562,5.099019514
11.18033989,9.433981132,10.77032961,9.219544457,10.63014581,11.3137085,11.3137085,7.810249676,11.40175425,10,11.3137085,10.63014581,12.80624847,10.63014581,12.04159458,11.3137085,12.72792206,9.899494937,13.03840481,14.2126704,12.80624847,10.63014581,12.04159458,10.29563014,12.04159458,10.63014581,12.72792206,9.219544457,14.2126704,8.602325267,14.86606875,7.810249676,14.86606875,8.602325267,12.80624847,10,13.45362405,8.485281374,12.72792206,9.219544457,12.04159458,8.485281374,12.80624847,9.219544457,12.20655562,7.211102551,12.80624847,8.602325267,12.80624847,7.810249676,12.04159458,10
12.04159458,12.20655562,12.04159458,14.2126704,13.03840481,13.45362405,14.14213562,15.62049935,12.04159458,13.60147051,12.80624847,12.80624847,14.14213562,15.55634919,14.86606875,13.45362405,11.3137085,14.86606875,12.72792206,13.03840481,14.86606875,16.2788206,14.14213562,14.4222051,15,18.43908891,13.03840481,17.69180601,11.3137085,14.2126704,11.40175425,16.2788206,11.40175425,15.55634919,10.63014581,16.2788206,13.03840481,15,11.3137085,16.2788206,11.66190379,15.62049935,11.66190379,14.4222051,12.20655562,14.2126704,12.80624847,15.62049935,13.60147051,16.2788206,14.2126704,12.72792206
10.63014581,10.63014581,10,11.3137085,10.63014581,12.72792206,10,12.80624847,10.63014581,13.45362405,10,14.14213562,12.20655562,12.80624847,10,13.60147051,9.899494937,14.4222051,10,14.2126704,11.40175425,14.86606875,13.03840481,13.60147051,12.20655562,15,12.04159458,14.2126704,10.81665383,15.55634919,10,14.2126704,11.40175425,13.41640786,10.29563014,12.04159458,10,12.04159458,8.94427191,13.03840481,10.63014581,11.66190379,11.66190379,12.04159458,11.3137085,12.08304597,8.94427191,11.40175425,11.18033989,11.66190379,11.40175425,11.18033989
8.602325267,14.2126704,8.062257748,12.04159458,9.219544457,13.60147051,9.433981132,12.04159458,10.63014581,15,11.3137085,14.86606875,9.219544457,16.2788206,7.810249676,14.86606875,10,14.2126704,11.3137085,14.86606875,9.899494937,14.2126704,10.63014581,15.55634919,10,15.55634919,10.81665383,13.60147051,10,13.60147051,10.81665383,14.4222051,10.29563014,12.80624847,11.40175425,15.8113883,10.29563014,12.04159458,10.29563014,12.72792206,10.29563014,13.45362405,10,13.89244399,9.486832981,13.60147051,8.602325267,16.64331698,9.433981132,13.45362405,8.602325267,13.45362405
13.60147051,5.656854249,13.60147051,5,11.3137085,5,11.40175425,5.830951895,12.80624847,8.485281374,14.2126704,5.656854249,13.60147051,5.656854249,13.60147051,7.211102551,14.14213562,5.385164807,14.14213562,6.403124237,12.72792206,7.071067812,14.86606875,4.472135955,12.72792206,5.830951895,12.80624847,6.708203932,14.2126704,7.071067812,14.14213562,5,15.55634919,4.472135955,13.45362405,6.32455532,12.80624847,5.830951895,13.45362405,6.708203932,12.04159458,6.403124237,13.45362405,6.32455532,12.04159458,6.32455532,13.45362405,6.403124237,13.45362405,5.830951895,14.2126704,5.385164807
3.605551275,13.03840481,2.828427125,14.86606875,0,14.86606875,3,14.86606875,2.236067977,17.02938637,2.236067977,13.60147051,0,15.62049935,3.16227766,14.86606875,2.828427125,13.45362405,3,14.86606875,0,15.62049935,2.236067977,14.2126704,1.414213562,17.69180601,1.414213562,16.40121947,2,16.2788206,0,16.2788206,0,16.40121947,4,14.86606875,2.236067977,15.62049935,2.236067977,17.20465053,3.16227766,16.2788206,1.414213562,13.60147051,0,15.62049935,2.236067977,12.80624847,4.242640687,13.45362405,2,17.69180601
14.14213562,7.211102551,14.2126704,6.403124237,14.86606875,5.830951895,13.45362405,5,15,6.403124237,13.45362405,7.810249676,13.45362405,4.472135955,14.14213562,4.242640687,16.2788206,7.810249676,15.55634919,7.211102551,16.2788206,7.810249676,14.86606875,5.830951895,16.2788206,6.32455532,14.2126704,7.211102551,16.97056275,7.615773106,13.45362405,7.615773106,15.55634919,6.708203932,13.45362405,6.32455532,15.55634919,6.32455532,14.86606875,6.08276253,13.60147051,7.071067812,14.86606875,5.099019514,14.2126704,7.615773106,14.2126704,5.099019514,12.72792206,4.472135955,12.80624847,5
12.52996409,12.04159458,11.3137085,12.80624847,13.89244399,13.60147051,13.60147051,11.66190379,14.14213562,12.20655562,12.20655562,13.03840481,12.72792206,13.03840481,14.2126704,15,14.2126704,14.86606875,16.40121947,12.04159458,14.14213562,13.45362405,13.45362405,14.14213562,13.45362405,14.86606875,11.3137085,14.86606875,13.45362405,16.2788206,14.2126704,17.02938637,15.55634919,15.62049935,14.86606875,15,14.2126704,15.55634919,14.2126704,15.55634919,12.04159458,16.2788206,12.72792206,15.62049935,12.80624847,13.60147051,14.2126704,15,15.26433752,12.04159458,13.03840481,14.4222051
7.615773106,10.81665383,7.211102551,9.848857802,5.099019514,11.18033989,7.615773106,10.77032961,7.211102551,9.219544457,8.94427191,10.81665383,8.94427191,11.40175425,7.810249676,11.66190379,7.810249676,12.20655562,7.810249676,12.04159458,7.211102551,12.04159458,8.485281374,12.04159458,6.403124237,11.40175425,5.656854249,12.72792206,5.656854249,12.04159458,6.403124237,12.04159458,7.211102551,13.45362405,6.403124237,10.81665383,6.403124237,12.04159458,5,10,5,12.04159458,4.242640687,10,5.656854249,12.72792206,6.708203932,11.3137085,7.071067812,12.04159458,7.071067812,11.3137085
10.63014581,7.211102551,10,10.29563014,9.433981132,8.062257748,9.899494937,8.485281374,10.63014581,8.602325267,11.3137085,10,12.04159458,12.20655562,12.04159458,10.63014581,12.04159458,9.899494937,11.3137085,9.219544457,12.80624847,10.63014581,11.3137085,9.899494937,12.04159458,12.04159458,12.04159458,11.40175425,9.899494937,11.3137085,12.52996409,12.72792206,11.3137085,9.219544457,11.18033989,12.80624847,11.3137085,10.63014581,10.63014581,10.63014581,11.3137085,10.63014581,10.81665383,11.3137085,10.63014581,10.63014581,11.66190379,11.3137085,10.63014581,10,12.04159458,10.81665383
4.123105626,15.26433752,3.605551275,14.4222051,4.242640687,12.80624847,3.605551275,14.86606875,5,14.4222051,2.828427125,14.86606875,2.236067977,15.62049935,5,17.69180601,3.605551275,15.55634919,5.385164807,16.2788206,4.123105626,17.69180601,4.123105626,15.62049935,2,18.43908891,2.236067977,15.62049935,5.385164807,17.69180601,2,13.60147051,4.472135955,17.69180601,3.16227766,13.89244399,5.656854249,15.62049935,4.123105626,14.86606875,4.242640687,12.72792206,3.605551275,15.62049935,6.403124237,15.55634919,4.472135955,17.69180601,3.16227766,14.86606875,2.828427125,15.8113883
16.2788206,1,16.97056275,4,15.62049935,4.123105626,19.10497317,2.236067977,17.02938637,2.236067977,17.02938637,1.414213562,15.55634919,2.236067977,15.62049935,2.828427125,17.69180601,2.236067977,15.62049935,4.472135955,19.79898987,1.414213562,18.38477631,1,19.10497317,3,19.84943324,1,17.69180601,1.414213562,19.84943324,2.236067977,17.69180601,2,20.51828453,3.605551275,19.79898987,2.236067977,17.02938637,3.16227766,15.8113883,2.236067977,17.69180601,0,15.62049935,2.236067977,18.43908891,2,17.69180601,2.236067977,16.2788206,1
16.2788206,7.615773106,18.60107524,7.615773106,19.84943324,6.708203932,20.51828453,8.485281374,15,6.403124237,18.02775638,6.708203932,15.62049935,8.485281374,17.80449381,6.708203932,17.02938637,7.071067812,19.10497317,10,19.79898987,8.94427191,18.43908891,8.602325267,17.69180601,8.062257748,16.97056275,6.403124237,16.2788206,11.40175425,18.43908891,12.08304597,16.40121947,8.062257748,16.2788206,9.219544457,14.86606875,9.433981132,17.02938637,10.77032961,17.02938637,7.211102551,17.02938637,7.810249676,15.55634919,10.29563014,15.55634919,6.32455532,19.20937271,7.615773106,14.86606875,6.32455532
16.97056275,3.16227766,16.40121947,3.16227766,15.55634919,1.414213562,16.2788206,3.605551275,14.86606875,4.472135955,17.69180601,2.828427125,14.86606875,2.236067977,15.55634919,5.385164807,16.97056275,6.403124237,16.2788206,5.656854249,16.2788206,3.605551275,15.55634919,6.08276253,15.62049935,5.385164807,16.2788206,4,15.55634919,4.472135955,14.2126704,4.123105626,14.86606875,5.099019514,15.55634919,4.123105626,16.40121947,5,15.55634919,4.123105626,14.2126704,6.08276253,15,3.16227766,11.3137085,5,14.14213562,3,15.62049935,4.123105626,13.45362405,4.123105626
7.211102551,14.86606875,7.071067812,15.26433752,7.071067812,14.14213562,5.385164807,12.80624847,5,12.80624847,4.242640687,12.80624847,4.472135955,13.45362405,6.403124237,15.62049935,7.071067812,15,6.708203932,16.2788206,6.708203932,14.86606875,5.656854249,15,7.280109889,14.86606875,5.385164807,14.86606875,6.32455532,15.8113883,5.385164807,17.02938637,5.656854249,12.80624847,6.708203932,15,4.123105626,15.55634919,5,14.14213562,5.656854249,14.2126704,5.830951895,11.3137085,8.062257748,14.2126704,6.32455532,15.62049935,8.544003745,14.2126704,7.615773106,13.45362405
12.52996409,7.211102551,12.52996409,5,13.41640786,6.403124237,15,4.242640687,12.52996409,6.708203932,16.40121947,6.403124237,16.2788206,5.830951895,15,7.071067812,14.14213562,5.830951895,15.62049935,5.830951895,15.55634919,5.385164807,14.86606875,5.830951895,16.2788206,5.830951895,15.55634919,6.708203932,13.03840481,6.403124237,14.14213562,5,12.72792206,6.708203932,14.86606875,5.385164807,14.86606875,4.472135955,14.86606875,6.403124237,14.14213562,6.403124237,14.14213562,5,14.2126704,4.123105626,15.55634919,5,14.86606875,6.403124237,13.45362405,7.280109889
12.80624847,9.486832981,11.40175425,9.848857802,11.40175425,8.062257748,14.2126704,7.615773106,12.72792206,8.602325267,14.14213562,8.602325267,14.86606875,8.485281374,14.14213562,8.485281374,14.2126704,9.219544457,13.45362405,10.63014581,12.04159458,10.63014581,13.60147051,9.899494937,12.04159458,10.63014581,11.3137085,10,12.04159458,10.81665383,14.14213562,9.899494937,12.20655562,9.899494937,9.899494937,9.219544457,12.72792206,10.63014581,12.04159458,9.219544457,12.04159458,12.04159458,12.04159458,10.81665383,14.86606875,9.219544457,12.80624847,9.433981132,14.2126704,7.810249676,12.72792206,9.848857802
10.63014581,13.89244399,10.63014581,15.8113883,10,14.86606875,11.40175425,14.2126704,8.94427191,14.86606875,10.81665383,13.45362405,8.94427191,14.2126704,10.29563014,13.45362405,11.3137085,16.2788206,12.04159458,16.40121947,10.81665383,14.86606875,10,15.62049935,9.899494937,14.2126704,8.602325267,14.86606875,8.485281374,16.40121947,10.81665383,17.69180601,9.219544457,14.14213562,9.433981132,12.72792206,9.848857802,14.4222051,9.433981132,14.2126704,9.433981132,14.14213562,8.062257748,14.14213562,8.062257748,14.2126704,9.848857802,12.80624847,8.94427191,13.03840481,10,12.04159458
16.2788206,5.385164807,15,7.615773106,14.86606875,8.602325267,17.02938637,6.32455532,16.2788206,6.32455532,16.40121947,6.708203932,17.02938637,5.385164807,15.62049935,3.605551275,15,5,14.4222051,7.071067812,16.97056275,7.810249676,17.20465053,5.830951895,14.86606875,6.403124237,16.2788206,5.385164807,17.20465053,6.403124237,17.02938637,4.242640687,17.20465053,6.403124237,15.55634919,5.830951895,16.40121947,4.242640687,16.2788206,4.472135955,16.97056275,5.385164807,15.62049935,5.385164807,14.86606875,4.472135955,13.45362405,6.32455532,12.72792206,4.472135955,14.14213562,6.32455532
1,17.80449381,3.16227766,15.62049935,4.123105626,17.69180601,5,20,3,17.49285568,3.605551275,16.2788206,4.472135955,16.40121947,6.403124237,19.10497317,5.656854249,19.41648784,4.242640687,20.51828453,4.472135955,16.2788206,3,19.79898987,5.099019514,18.60107524,4.123105626,18.43908891,6.08276253,18.38477631,7.071067812,16.97056275,5.099019514,15.55634919,5.385164807,14.86606875,4,16.2788206,5.099019514,16.2788206,4.472135955,14.86606875,5,15.55634919,4.123105626,14.86606875,5.099019514,17.20465053,4,14.86606875,2.236067977,14.4222051
17.02938637,51.73973328,20.59126028,55.1724569,15.8113883,53.03772242,18.60107524,56.22277119,23.02172887,57.38466694,19.10497317,53.07541804,13.45362405,53.81449619,18.38477631,47.01063709,18.43908891,58.6003413,2,42,20.39607805,53.90732789,10,56.85068161,16.2788206,55.97320788,19.6468827,59.46427499,15.03329638,51.66236541,19.6468827,56.72741841,17.08800749,55.15432893,13.60147051,52.40229003,21.1896201,50.91168825,16.15549442,48.83646179,23.08679276,49.57822102,17.4642492,47.42362281,18.38477631,45.27692569,17.49285568,50.24937811,15.23154621,50.99019514,17.20465053,50
6.708203932,12.04159458,8.602325267,13.45362405,7.211102551,12.72792206,8.602325267,11.40175425,6.708203932,14.86606875,5.830951895,13.45362405,6.708203932,15.55634919,8.062257748,15.55634919,7.211102551,12.72792206,6.708203932,11.40175425,6.403124237,13.45362405,5.830951895,14.2126704,6.403124237,13.45362405,5.830951895,13.45362405,4.242640687,13.45362405,7.810249676,15.62049935,5.656854249,14.14213562,6.708203932,14.14213562,5.830951895,14.14213562,5.385164807,12.04159458,4,14.2126704,4.472135955,13.45362405,5,13.45362405,5.656854249,14.2126704,5.830951895,11.3137085,6.708203932,12.80624847
10.29563014,13.45362405,9.433981132,14.2126704,9.848857802,16.2788206,10.29563014,16.2788206,10,14.86606875,10.29563014,15.62049935,10.81665383,14.2126704,9.219544457,15.62049935,10,16.2788206,10.81665383,15,10.81665383,16.40121947,9.219544457,17.02938637,7.810249676,16.40121947,8.602325267,17.20465053,9.219544457,15.62049935,8.602325267,15.62049935,9.433981132,15,8.602325267,14.86606875,8.602325267,15.62049935,9.433981132,12.80624847,9.433981132,13.45362405,6.403124237,13.45362405,9.433981132,15,9.433981132,14.2126704,8.602325267,15.62049935,9.433981132,13.03840481
10.63014581,11.3137085,13.03840481,12.80624847,11.40175425,14.76482306,12.04159458,11.66190379,11.40175425,13.45362405,12.80624847,15,13.45362405,12.20655562,11.3137085,14.86606875,14.14213562,12.04159458,13.45362405,11.40175425,13.45362405,11.66190379,13.45362405,13.45362405,15,12.04159458,12.20655562,11.3137085,10.81665383,11.66190379,12.80624847,12.80624847,13.03840481,13.45362405,12.04159458,13.41640786,13.03840481,12.04159458,9.899494937,14.2126704,14.4222051,10.81665383,11.66190379,14.2126704,13.89244399,12.20655562,13.60147051,13.60147051,11.66190379,10.63014581,11.18033989,13.03840481
13.03840481,7.810249676,12.80624847,7.810249676,9.433981132,17.08800749,11.3137085,9.433981132,10.29563014,13.89244399,9.433981132,13.45362405,13.45362405,11.40175425,12.80624847,8.602325267,12.72792206,11.3137085,10.63014581,10.81665383,14.86606875,13.60147051,11.40175425,14.2126704,10,10.29563014,10,10,9.433981132,10.29563014,11.66190379,10.81665383,13.60147051,12.20655562,10.29563014,12.20655562,10.77032961,11.40175425,10.81665383,10.63014581,11.18033989,14.4222051,12.52996409,12.20655562,10.63014581,9.433981132,11.66190379,13.41640786,10.29563014,12.64911064,13.45362405,8.062257748
12.04159458,5,15,7.810249676,14.2126704,7.211102551,12.80624847,7.810249676,12.72792206,8.602325267,12.80624847,5,13.45362405,5.656854249,14.2126704,7.211102551,15.55634919,5.656854249,14.86606875,6.403124237,15.55634919,6.403124237,14.14213562,6.708203932,12.04159458,6.08276253,12.80624847,5.830951895,13.45362405,7.615773106,16.2788206,5.385164807,13.45362405,5.830951895,13.89244399,5.385164807,15.55634919,7.810249676,13.60147051,6.708203932,13.60147051,5.656854249,11.40175425,6.403124237,12.04159458,8.246211251,13.45362405,6.32455532,14.14213562,7.071067812,13.45362405,5.385164807
4.123105626,14.14213562,6.08276253,15.62049935,5,15.62049935,4.242640687,17.02938637,3.605551275,14.86606875,3.605551275,16.2788206,5,14.86606875,5,16.97056275,5,15,4.472135955,14.2126704,5.385164807,15.55634919,4.472135955,16.2788206,5.385164807,16.97056275,6.708203932,16.2788206,6.32455532,14.86606875,6.32455532,14.86606875,7.280109889,14.86606875,4.472135955,14.86606875,4.472135955,15.62049935,6.32455532,14.14213562,6.08276253,14.86606875,5.385164807,15.55634919,3.605551275,14.86606875,4.472135955,15,6.08276253,14.14213562,5,15.55634919
12.52996409,7.810249676,11.40175425,7.211102551,12.20655562,12.20655562,14.14213562,9.219544457,10.63014581,8.602325267,12.04159458,10,12.80624847,10.63014581,13.45362405,9.219544457,12.80624847,8.485281374,9.433981132,8.602325267,15,8.485281374,13.89244399,7.810249676,14.2126704,7.810249676,13.60147051,10.29563014,12.04159458,9.219544457,14.4222051,10.29563014,12.04159458,7.615773106,12.04159458,9.433981132,12.20655562,9.433981132,12.04159458,10,12.80624847,8.94427191,10,10,12.04159458,10.81665383,10.81665383,12.08304597,11.66190379,8.94427191,12.04159458,8.602325267
13.03840481,7.071067812,15,5.830951895,12.72792206,7.280109889,15.55634919,5.656854249,14.2126704,8.062257748,11.66190379,9.219544457,15,9.219544457,12.72792206,9.219544457,17.02938637,9.899494937,15,7.810249676,17.69180601,9.219544457,15.62049935,8.485281374,14.14213562,10,15.62049935,10,14.14213562,9.848857802,15.62049935,8.602325267,12.80624847,8.062257748,14.4222051,8.602325267,12.80624847,10.63014581,13.45362405,8.602325267,12.72792206,7.810249676,11.66190379,8.602325267,13.45362405,7.211102551,12.80624847,8.602325267,12.80624847,8.246211251,13.60147051,6.708203932
16.2788206,6,14.86606875,3,15.62049935,5,17.69180601,3,15.62049935,5.099019514,14.86606875,4.123105626,15.62049935,5.385164807,15.8113883,4.123105626,14.2126704,4,13.45362405,3,16.2788206,5,16.40121947,2.236067977,15.62049935,1.414213562,14.2126704,1,15.55634919,2.828427125,14.86606875,0,17.02938637,2.828427125,14.14213562,2.236067977,14.86606875,2.236067977,15.55634919,2,12.72792206,3,12.72792206,2.236067977,14.86606875,2.236067977,13.45362405,3.16227766,13.45362405,4.123105626,14.14213562,4.242640687
10.29563014,8.94427191,12.08304597,10.29563014,11.40175425,10.29563014,11.40175425,10.29563014,11.40175425,9.433981132,13.03840481,9.433981132,14.2126704,10.29563014,12.04159458,10,15.8113883,7.810249676,15.62049935,12.20655562,13.45362405,9.219544457,12.80624847,7.810249676,12.04159458,9.433981132,14.14213562,8.062257748,12.04159458,7.810249676,13.45362405,8.062257748,12.72792206,7.810249676,13.45362405,8.485281374,15,7.810249676,12.72792206,5.830951895,14.14213562,7.211102551,11.3137085,6.403124237,13.45362405,8.485281374,12.80624847,9.899494937,12.80624847,10.81665383,12.80624847,9.219544457
13.45362405,12.04159458,14.76482306,9.219544457,13.03840481,12.20655562,15,10.63014581,12.80624847,10.81665383,14.2126704,11.3137085,14.86606875,10.81665383,16.40121947,13.60147051,13.60147051,12.80624847,12.80624847,13.60147051,12.72792206,12.04159458,13.45362405,12.80624847,14.2126704,13.45362405,12.80624847,12.04159458,12.72792206,11.3137085,14.86606875,11.3137085,11.40175425,11.3137085,12.04159458,14.2126704,12.80624847,10,12.80624847,12.20655562,13.03840481,12.04159458,13.60147051,12.04159458,13.45362405,12.04159458,12.80624847,10.81665383,12.04159458,10.63014581,12.80624847,10.81665383
16.97056275,3.16227766,16.2788206,5,16.2788206,3,15.8113883,4.472135955,18.38477631,2.828427125,17.20465053,4.472135955,15.55634919,2.828427125,15.55634919,5,19.10497317,3,18.38477631,2,18.43908891,2,19.10497317,3.605551275,17.02938637,5,15.62049935,3,18.38477631,2,17.69180601,4.242640687,18.43908891,4,13.45362405,3.16227766,17.69180601,3.16227766,16.2788206,3,14.14213562,3.16227766,15.55634919,5.099019514,15.55634919,3,16.40121947,7,15.62049935,4.472135955,16.2788206,4.123105626
10.63014581,14.14213562,9.433981132,14.2126704,10,15,10,15.62049935,10.81665383,14.86606875,7.810249676,17.69180601,9.219544457,16.2788206,10,16.97056275,11.3137085,17.80449381,12.52996409,15,10.63014581,15.8113883,10.63014581,15.62049935,7.071067812,16.2788206,9.219544457,15.62049935,10.29563014,15,10.29563014,17.02938637,7.211102551,16.2788206,8.94427191,14.86606875,8.602325267,16.2788206,9.219544457,14.14213562,9.219544457,15.62049935,9.433981132,14.86606875,9.433981132,14.14213562,10,14.14213562,9.848857802,14.2126704,10.63014581,13.45362405
17.02938637,5.099019514,19.84943324,5.385164807,15.55634919,5.099019514,19.41648784,5,16.97056275,5.830951895,17.02938637,4.242640687,17.20465053,7.071067812,18.43908891,7.071067812,18.60107524,6.403124237,15,7.071067812,19.10497317,7.071067812,17.69180601,7.211102551,17.69180601,8.602325267,18.43908891,7.280109889,16.97056275,8.062257748,17.69180601,7.615773106,16.2788206,6.403124237,15.62049935,7.810249676,16.2788206,8.602325267,16.97056275,5.830951895,15.55634919,7.211102551,16.2788206,5.830951895,15,6.708203932,14.4222051,5.830951895,16.2788206,5.099019514,16.2788206,5.385164807
15.8113883,5.656854249,15.55634919,7.810249676,15.8113883,6.403124237,15.55634919,7.810249676,15.55634919,6.403124237,16.2788206,6.403124237,14.14213562,6.403124237,15.55634919,8.602325267,15.8113883,5.385164807,14.86606875,5,16.2788206,7.615773106,16.97056275,7.280109889,15.62049935,8.246211251,15.62049935,8.94427191,13.60147051,8.062257748,16.40121947,9.486832981,14.86606875,8.246211251,17.02938637,8.062257748,14.86606875,8.544003745,15,7.280109889,15.8113883,8.062257748,14.86606875,6.32455532,15.55634919,5.385164807,15,6.08276253,14.14213562,4.472135955,14.14213562,6
12.20655562,11.18033989,10.63014581,12.52996409,12.80624847,13.89244399,12.80624847,11.66190379,12.72792206,12.80624847,14.2126704,12.80624847,14.86606875,10.63014581,14.14213562,12.04159458,13.45362405,9.219544457,12.72792206,10,12.80624847,11.40175425,14.14213562,11.3137085,14.4222051,10.63014581,13.45362405,10.63014581,15,8.602325267,13.45362405,8.485281374,14.86606875,11.3137085,13.45362405,9.899494937,13.60147051,10.63014581,14.14213562,10,13.45362405,8.485281374,14.14213562,10.63014581,10.63014581,10,14.4222051,10,11.3137085,9.899494937,11.40175425,11.3137085
7.211102551,17.02938637,5.830951895,16.40121947,5.830951895,19.79898987,4.242640687,16.40121947,4.472135955,16.2788206,5.385164807,17.69180601,5,16.97056275,6.08276253,20.51828453,4.242640687,17.80449381,4.472135955,18.43908891,7.071067812,16.97056275,5.830951895,18.86796226,6.08276253,17.20465053,7.071067812,17.02938637,5.099019514,14.86606875,7,18.60107524,6.08276253,16.2788206,7,17.20465053,6.08276253,17.69180601,7.071067812,17.02938637,6.32455532,14.14213562,7.071067812,15,8.246211251,16.40121947,8.062257748,15.62049935,9.055385138,15,7.280109889,13.03840481
18.43908891,5.830951895,19.10497317,4.472135955,17.69180601,6.32455532,18.60107524,6.708203932,17.80449381,5.656854249,19.10497317,5.385164807,17.80449381,6.32455532,19.84943324,6.403124237,20.51828453,7.211102551,21.26029163,7.071067812,18.38477631,6.403124237,19.20937271,8.062257748,16.97056275,5.385164807,18.43908891,9.433981132,17.02938637,7.810249676,18.43908891,7.280109889,18.38477631,7.211102551,16.97056275,7.810249676,16.40121947,7.071067812,17.69180601,7.211102551,15.62049935,7.211102551,17.02938637,6.403124237,17.80449381,7.280109889,15.8113883,7.211102551,15.55634919,6.32455532,16.97056275,5.385164807
5.656854249,15.62049935,6.32455532,18.43908891,3.605551275,17.80449381,3.605551275,18.38477631,2,17.80449381,3.605551275,17.20465053,3.16227766,16.2788206,4.242640687,18.38477631,5,18.60107524,5,17.69180601,5,18.02775638,4.123105626,19.72308292,5.385164807,17.80449381,5.385164807,17.69180601,7,16.40121947,6.08276253,17.80449381,6.08276253,15.55634919,6,15.62049935,7.071067812,15.62049935,7,16.2788206,6.32455532,15,6,16.2788206,6.08276253,12.80624847,6,15.62049935,8.246211251,16.40121947,8.062257748,15.8113883
12.64911064,14.14213562,13.41640786,12.80624847,12.20655562,12.04159458,12.08304597,12.20655562,9.848857802,14.86606875,11.66190379,14.86606875,12.52996409,15.55634919,12.20655562,14.14213562,12.20655562,14.14213562,11.3137085,14.4222051,9.899494937,17.20465053,9.899494937,16.2788206,10,16.64331698,10,15.62049935,9.219544457,15.62049935,9.219544457,14.86606875,9.899494937,15,10.81665383,15.62049935,7.211102551,15,10.77032961,14.14213562,7.211102551,15.8113883,10.63014581,14.14213562,7.211102551,13.60147051,8.602325267,14.86606875,7.211102551,12.20655562,9.219544457,12.80624847
21.40093456,8.062257748,19.84943324,6.32455532,19.84943324,5.385164807,20.61552813,7.211102551,19.79898987,3.605551275,22.8035085,5.656854249,21.26029163,7.071067812,19.20937271,7.071067812,19.20937271,7.071067812,21.21320344,7.071067812,21.9317122,8.062257748,20.51828453,8.94427191,19.10497317,7.211102551,19.10497317,8.602325267,20.51828453,7.810249676,19.79898987,7.615773106,19.84943324,7.810249676,19.79898987,6.708203932,17.80449381,6.708203932,18.60107524,7.211102551,16.2788206,6.403124237,19.79898987,7.810249676,17.69180601,5.830951895,17.80449381,5,17.69180601,7.280109889,18.43908891,5.830951895
15.26433752,11.18033989,13.89244399,10.29563014,14.2126704,11.40175425,14.4222051,10,15,10.81665383,15,11.66190379,15.8113883,12.04159458,15.8113883,11.3137085,15,11.3137085,13.03840481,10.63014581,14.2126704,13.45362405,13.45362405,12.20655562,11.3137085,13.45362405,12.04159458,13.45362405,12.04159458,13.45362405,14.14213562,13.60147051,14.2126704,13.60147051,12.04159458,11.40175425,12.04159458,12.20655562,11.3137085,9.899494937,12.80624847,11.40175425,12.72792206,10.63014581,12.80624847,11.40175425,12.72792206,10.81665383,10.63014581,10.81665383,13.45362405,9.433981132
15.8113883,10.81665383,14.4222051,10.81665383,14.4222051,12.04159458,14.2126704,11.40175425,13.03840481,12.04159458,14.86606875,10,16.1245155,12.04159458,17.20465053,14.2126704,13.03840481,14.14213562,14.2126704,11.40175425,13.45362405,14.2126704,14.14213562,15.62049935,17.02938637,14.4222051,13.45362405,11.40175425,14.2126704,12.20655562,14.14213562,12.80624847,14.2126704,11.40175425,12.72792206,11.40175425,11.66190379,14.14213562,13.60147051,13.45362405,10.63014581,14.14213562,11.3137085,13.89244399,13.60147051,12.20655562,13.45362405,10.63014581,14.2126704,12.20655562,16.2788206,10.63014581
4,16.97056275,3,19.10497317,4.123105626,19.10497317,1,19.10497317,2,19.20937271,1.414213562,19.10497317,1.414213562,18.38477631,2,20.61552813,1.414213562,18.43908891,1,16.40121947,2,20.51828453,1,20.51828453,3,17.69180601,3.16227766,20.51828453,3.605551275,20.61552813,1,18.38477631,5,19.10497317,2,18.38477631,3.605551275,17.02938637,3.605551275,17.69180601,2,19.20937271,1.414213562,16.97056275,1,16.2788206,3.605551275,16.2788206,5.385164807,16.97056275,4,17.69180601
16.2788206,4.472135955,19.10497317,5.385164807,15.62049935,4.123105626,16.97056275,3.605551275,16.40121947,3.16227766,18.43908891,3.16227766,15,5.830951895,16.2788206,5,19.10497317,7.615773106,15.55634919,3,16.97056275,6.32455532,15.62049935,5.830951895,14.2126704,7.211102551,16.2788206,8.94427191,15.62049935,6.08276253,17.69180601,6.32455532,17.69180601,7.211102551,17.02938637,5.830951895,16.97056275,6.32455532,16.40121947,6.32455532,15.55634919,6.708203932,14.86606875,6.32455532,14.2126704,5.099019514,16.2788206,4.472135955,15.55634919,4.123105626,14.86606875,5.385164807
14.2126704,8.062257748,14.2126704,8.062257748,13.45362405,10,15,9.899494937,14.14213562,8.602325267,15.62049935,9.219544457,14.2126704,9.899494937,15.62049935,11.40175425,14.86606875,7.810249676,14.2126704,9.219544457,14.86606875,11.40175425,14.4222051,11.40175425,12.80624847,12.52996409,14.14213562,11.18033989,14.14213562,13.03840481,14.2126704,12.20655562,14.2126704,12.80624847,14.86606875,9.899494937,11.3137085,9.433981132,12.52996409,8.602325267,13.60147051,9.433981132,13.60147051,9.219544457,12.72792206,9.433981132,11.40175425,9.219544457,12.20655562,9.433981132,12.72792206,8.062257748
15.62049935,3,18.43908891,3.605551275,16.2788206,2.828427125,17.02938637,2.236067977,17.02938637,1.414213562,17.02938637,0,17.80449381,1.414213562,18.43908891,2.236067977,19.10497317,1.414213562,17.69180601,1.414213562,17.69180601,1.414213562,19.10497317,1,19.10497317,1,19.79898987,0,19.10497317,3.16227766,19.10497317,2.236067977,18.43908891,2,19.20937271,2.236067977,19.20937271,2.236067977,17.02938637,4.123105626,18.43908891,4.123105626,17.80449381,2,17.02938637,2.236067977,17.02938637,3.16227766,17.02938637,4.123105626,18.43908891,2.236067977
17.02938637,5.385164807,16.2788206,5.830951895,18.38477631,4.472135955,17.69180601,5.830951895,17.69180601,5.830951895,16.97056275,5.656854249,17.69180601,3.605551275,16.97056275,4.472135955,18.38477631,5,19.84943324,6.403124237,20.51828453,3.605551275,19.20937271,4,18.43908891,4.123105626,21.40093456,5,18.43908891,5.099019514,17.80449381,5.099019514,17.69180601,3.605551275,17.80449381,5,17.02938637,4.123105626,14.86606875,3.16227766,17.69180601,4.123105626,17.02938637,4,16.40121947,6.08276253,15.8113883,5.099019514,14.86606875,5.830951895,16.2788206,6.32455532
18.43908891,5,16.97056275,6.32455532,17.69180601,5.385164807,18.43908891,5.385164807,18.43908891,4.242640687,17.69180601,5.656854249,17.69180601,5.656854249,18.38477631,5.830951895,18.43908891,4.242640687,17.20465053,4.242640687,18.43908891,5.099019514,19.10497317,5.830951895,17.69180601,5.385164807,18.38477631,6.32455532,16.2788206,5.385164807,19.10497317,7.071067812,17.69180601,5.099019514,17.69180601,4.472135955,17.02938637,7.280109889,17.02938637,5.830951895,16.97056275,4,17.80449381,4.123105626,15.55634919,3,16.2788206,5,16.2788206,3.16227766,16.2788206,6.08276253
17.80449381,2.236067977,17.69180601,2.828427125,17.80449381,2.236067977,16.2788206,1.414213562,17.69180601,0,16.97056275,2.828427125,17.69180601,2,18.43908891,4.123105626,19.10497317,2.236067977,20.61552813,3.16227766,19.84943324,1.414213562,17.69180601,2.236067977,19.10497317,2,19.79898987,1,17.69180601,0,20.51828453,2.236067977,17.80449381,3,21.26029163,2.828427125,17.80449381,3.16227766,20.51828453,3.16227766,18.43908891,1,17.69180601,1.414213562,16.2788206,2,17.02938637,1,18.38477631,3.605551275,17.02938637,3.605551275
18.43908891,3.605551275,15.62049935,2,16.97056275,5.099019514,16.2788206,3,15,1.414213562,17.02938637,1.414213562,17.80449381,3.605551275,16.97056275,1.414213562,19.10497317,2.828427125,19.20937271,3,19.79898987,2.236067977,18.38477631,2,17.69180601,2,16.2788206,2.236067977,17.69180601,2.828427125,18.38477631,1,17.69180601,2.828427125,16.97056275,2.236067977,19.10497317,2.236067977,16.2788206,2.236067977,15.62049935,3,16.97056275,1,17.69180601,2.828427125,16.2788206,2.828427125,17.69180601,1,17.02938637,2.236067977
11.70469991,10.63014581,11.18033989,14.2126704,10,13.60147051,10.63014581,13.60147051,11.40175425,12.80624847,9.848857802,12.04159458,11.66190379,13.60147051,11.66190379,14.2126704,13,13.45362405,12.20655562,12.04159458,13.45362405,11.3137085,13.45362405,13.45362405,11.66190379,12.72792206,12.04159458,12.72792206,12.04159458,13.45362405,13.60147051,11.3137085,13.60147051,10.63014581,11.40175425,12.04159458,13.60147051,13.45362405,12.80624847,13.45362405,10,12.72792206,11.3137085,12.80624847,10.81665383,12.72792206,14.4222051,12.20655562,11.66190379,12.72792206,10.81665383,12.20655562
8.544003745,14.2126704,8.544003745,15,8.062257748,15.8113883,8.544003745,15.8113883,8.062257748,14.86606875,8.94427191,15.62049935,10,15.55634919,8.602325267,16.40121947,10.63014581,15,9.219544457,14.4222051,9.219544457,15,9.219544457,15.55634919,10,17.69180601,11.3137085,17.02938637,10.81665383,15.62049935,9.219544457,13.45362405,10,13.45362405,10,14.2126704,10,14.86606875,10,14.86606875,11.18033989,12.04159458,8.602325267,14.14213562,8.062257748,13.60147051,8.246211251,15.55634919,9.486832981,13.45362405,8.94427191,14.86606875
18.38477631,7.071067812,17.80449381,7.280109889,20,6.08276253,20.51828453,6.32455532,18.43908891,5.830951895,17.02938637,4.123105626,16.40121947,5,17.20465053,8.062257748,17.80449381,5.830951895,19.10497317,5.830951895,17.20465053,7.211102551,18.35755975,6.403124237,17.69180601,6.32455532,17.02938637,4.472135955,18.38477631,6.403124237,17.20465053,3,17.69180601,5.385164807,17.02938637,5,14.86606875,3.605551275,14.86606875,5.385164807,14.86606875,5.099019514,17.49285568,5.385164807,16.64331698,5.656854249,15,6.08276253,14.2126704,6.32455532,16.40121947,7.071067812
4.123105626,19.20937271,5.099019514,20.51828453,4,18.38477631,3.605551275,19.84943324,2,18.43908891,3.16227766,19.84943324,3.16227766,19.84943324,3.16227766,19.84943324,4.242640687,21.21320344,3.16227766,20.51828453,3.605551275,21.26029163,2.236067977,20,3.16227766,20.51828453,4,21.26029163,3,19.84943324,3.16227766,19.79898987,2.236067977,18.43908891,3.16227766,19.10497317,4.123105626,21.26029163,4.123105626,19.84943324,3.16227766,18.43908891,4.472135955,19.10497317,4,17.69180601,3,19.84943324,4.123105626,18.43908891,4.472135955,17.69180601
20,8.544003745,20.61552813,10.44030651,21.63330765,11.40175425,22.8035085,10.04987562,17.69180601,10.29563014,21.26029163,10.04987562,20.80865205,7.280109889,18.38477631,6,21.26029163,7.810249676,18.43908891,8.602325267,23.43074903,6.708203932,22.6715681,5.656854249,21.9317122,5.830951895,19.10497317,4.123105626,23.60084744,4.472135955,17.69180601,7.211102551,17.02938637,5.830951895,18.43908891,6.708203932,19.84943324,3.605551275,17.69180601,5.830951895,19.84943324,5.385164807,16.40121947,6.403124237,16.2788206,6,19.84943324,5,14.86606875,4.123105626,17.69180601,6.32455532
17.69180601,5.830951895,17.02938637,5.830951895,16.97056275,8.062257748,17.80449381,4.242640687,17.69180601,5.099019514,17.02938637,3.605551275,17.02938637,3.605551275,17.02938637,4.242640687,18.43908891,4.242640687,16.1245155,2.828427125,18.60107524,3.16227766,17.80449381,5,17.69180601,5.385164807,17.80449381,6.32455532,17.80449381,6.32455532,17.69180601,4,17.02938637,4.123105626,16.2788206,6.32455532,16.97056275,5.099019514,16.40121947,6.08276253,16.2788206,5.099019514,14.2126704,5.099019514,14.2126704,5.385164807,14.2126704,7,14.2126704,7.280109889,12.80624847,7.071067812
14.86606875,10.29563014,13.45362405,7.810249676,17.20465053,6.403124237,15.62049935,7.071067812,17.80449381,7.211102551,16.40121947,10,14.86606875,8.602325267,14.86606875,9.433981132,14.4222051,12.80624847,13.45362405,12.04159458,16.97056275,8.94427191,16.40121947,11.18033989,14.86606875,10.44030651,15.55634919,9.219544457,15.55634919,8.062257748,13.45362405,11.18033989,14.86606875,7.280109889,15.26433752,9.486832981,15,9.848857802,15.55634919,5.099019514,16.40121947,8.062257748,12.04159458,8.246211251,13.45362405,5.099019514,15.62049935,6,14.86606875,6,13.60147051,7.280109889
22.8035085,5.385164807,20,5.099019514,24.75883681,6,21.9317122,3.16227766,19.10497317,4.242640687,21.26029163,7.071067812,22.6715681,4.472135955,19.84943324,7.810249676,21.40093456,5,19.41648784,6.403124237,21.9317122,5.656854249,20.61552813,7.071067812,21.26029163,5.656854249,21.26029163,5.656854249,23.34523506,7.211102551,21.9317122,6.708203932,21.9317122,9.433981132,18.38477631,5.385164807,19.84943324,5.385164807,18.38477631,8.94427191,20.51828453,8.246211251,18.38477631,8.602325267,19.79898987,4.472135955,21.26029163,4.123105626,18.43908891,4.123105626,20.51828453,5.099019514
14.86606875,3.605551275,15.62049935,3.605551275,16.2788206,3.605551275,15.55634919,4.472135955,16.2788206,4.123105626,15.55634919,4.472135955,16.2788206,4.472135955,17.02938637,4.242640687,14.86606875,5,14.2126704,3.605551275,16.97056275,4.472135955,16.2788206,4.123105626,17.02938637,4.123105626,16.97056275,4.472135955,16.2788206,4.123105626,15.55634919,5.385164807,16.2788206,6.32455532,15.62049935,6.08276253,15.62049935,6.08276253,15.55634919,4.123105626,15.55634919,3.16227766,14.86606875,5,14.2126704,5,15.55634919,3,14.86606875,3,15.55634919,5
10.81665383,16.2788206,9.486832981,19.10497317,10,19.20937271,10.63014581,16.2788206,11.40175425,18.43908891,7.810249676,16.40121947,11.3137085,16.40121947,7.810249676,19.20937271,10.81665383,17.80449381,11.66190379,18.60107524,10.81665383,18.60107524,8.94427191,19.20937271,7.615773106,17.80449381,8.94427191,19.10497317,8.544003745,19.10497317,9.486832981,17.02938637,8.94427191,18.43908891,8.94427191,17.02938637,9.848857802,17.49285568,7.211102551,15.26433752,8.062257748,17.80449381,8.062257748,15.8113883,10.29563014,17.80449381,8.062257748,12.80624847,9.486832981,15.8113883,9.219544457,13.89244399
2.828427125,16.40121947,1.414213562,17.69180601,2.236067977,16.40121947,0,17.02938637,2.236067977,18.43908891,1,17.02938637,2,17.69180601,2.236067977,19.20937271,2,16.97056275,3.16227766,16.40121947,1,16.2788206,2.236067977,16.2788206,1.414213562,17.69180601,3,18.38477631,3.16227766,14.86606875,2.236067977,16.97056275,4,17.69180601,2.828427125,17.02938637,2,18.38477631,4.242640687,16.40121947,3.605551275,16.2788206,2.236067977,17.69180601,4,14.4222051,2.828427125,18.60107524,1.414213562,14.86606875,2.236067977,17.69180601
14.2126704,3.16227766,13.45362405,2.236067977,12.04159458,4.123105626,14.86606875,3,14.2126704,3.16227766,14.2126704,2,15.62049935,2.236067977,14.86606875,1.414213562,14.86606875,2.236067977,16.40121947,0,14.86606875,2,16.40121947,1,14.2126704,1,16.40121947,1,14.4222051,2,16.2788206,2.236067977,14.86606875,0,15.55634919,2,14.14213562,2,14.86606875,1,12.80624847,1.414213562,13.45362405,3,14.14213562,1,14.86606875,2,14.86606875,1.414213562,13.45362405,1
14.4222051,5.830951895,12.80624847,5,15.55634919,5.385164807,15.55634919,5.830951895,14.2126704,7.810249676,15,5,14.2126704,5.830951895,15.62049935,4.242640687,14.4222051,7.211102551,13.45362405,4.472135955,15.62049935,3.16227766,16.2788206,5.830951895,17.02938637,4.242640687,16.97056275,5.830951895,15.62049935,4.472135955,14.86606875,5.830951895,15.55634919,6.708203932,15.55634919,6,16.2788206,5,14.86606875,6.32455532,17.69180601,4.472135955,14.14213562,6.32455532,17.02938637,4.242640687,14.86606875,7.810249676,16.2788206,4.472135955,15.55634919,5.656854249
12.04159458,13.45362405,11.3137085,13.60147051,10.63014581,15.26433752,12.80624847,12.20655562,9.899494937,11.66190379,13.60147051,15.8113883,10.63014581,13.45362405,12.04159458,12.04159458,12.72792206,13.60147051,11.66190379,10.81665383,14.14213562,14.2126704,15.55634919,14.14213562,14.14213562,11.3137085,15,10.81665383,12.80624847,12.80624847,13.60147051,9.899494937,13.45362405,12.20655562,12.80624847,11.40175425,13.45362405,13.60147051,12.80624847,12.72792206,13.03840481,11.66190379,13.45362405,13.60147051,10,12.80624847,12.04159458,12.20655562,12.72792206,12.04159458,12.72792206,14.2126704
3.16227766,12.80624847,2.236067977,16.97056275,4,15.62049935,3.16227766,14.14213562,5,15.55634919,3.605551275,16.2788206,3.16227766,14.86606875,5,14.86606875,6.08276253,15.55634919,6.32455532,14.86606875,4.242640687,14.2126704,4.123105626,17.02938637,3.16227766,15.55634919,3.16227766,15.55634919,5.385164807,16.97056275,2.236067977,16.97056275,2.828427125,15.55634919,5.385164807,15.62049935,4.472135955,17.69180601,4.123105626,16.2788206,6.708203932,16.97056275,4,16.97056275,4.242640687,16.2788206,3.16227766,14.86606875,4.123105626,14.14213562,6.08276253,14.2126704
16.64331698,22.6715681,16.64331698,21.9317122,17.20465053,24.08318916,16.2788206,24.08318916,17.02938637,24.08318916,16.97056275,24.04163056,16.2788206,22.02271555,15.62049935,22.6715681,18.43908891,23.34523506,16.40121947,22.627417,20.61552813,24.75883681,18.43908891,23.34523506,17.80449381,21.9317122,20.61552813,22.627417,19.20937271,21.26029163,19.20937271,23.43074903,20.51828453,22.02271555,17.69180601,22.6715681,19.20937271,22.6715681,17.20465053,24.20743687,15.62049935,22.02271555,17.20465053,22.02271555,17.02938637,20.80865205,18.60107524,22.20360331,16.1245155,22.02271555,15.8113883,24.41311123
8.94427191,16.2788206,8.246211251,18.43908891,6.708203932,16.2788206,8.94427191,16.2788206,8.062257748,17.02938637,9.433981132,17.02938637,7.211102551,18.38477631,7.071067812,16.97056275,7.810249676,17.69180601,8.062257748,16.40121947,7.810249676,16.2788206,5.656854249,17.69180601,5.385164807,17.80449381,5.830951895,17.69180601,5.830951895,17.02938637,6.32455532,17.02938637,6.708203932,17.02938637,6.708203932,16.2788206,5.830951895,17.69180601,5.385164807,16.40121947,7.615773106,16.2788206,7.615773106,16.2788206,6.708203932,14.86606875,7.280109889,14.86606875,5.385164807,16.2788206,8.062257748,16.2788206
14.14213562,9.899494937,16.97056275,8.602325267,16.2788206,6.708203932,17.02938637,8.485281374,19.84943324,8.602325267,16.2788206,11.18033989,16.64331698,7.071067812,18.60107524,8.602325267,16.40121947,8.246211251,17.20465053,7.810249676,15.26433752,8.544003745,17.20465053,8.246211251,16.40121947,10.19803903,14.86606875,10.77032961,15.65247584,9.848857802,15.8113883,10.44030651,16.1245155,9.219544457,13.89244399,10.44030651,16.1245155,9.219544457,16.64331698,10.77032961,13.03840481,10.44030651,15,9.219544457,13.41640786,12.52996409,15.26433752,12.64911064,14.4222051,9.486832981,12.52996409,11.70469991
15.62049935,11.18033989,17.02938637,10.29563014,15.62049935,9.433981132,16.97056275,9.219544457,19.20937271,10.29563014,16.2788206,10.63014581,15.62049935,10,17.02938637,9.219544457,18.02775638,12.80624847,15.8113883,13.03840481,17.49285568,10.29563014,16.40121947,13.03840481,18.60107524,10.63014581,15.62049935,8.062257748,13.45362405,11.18033989,18.02775638,10.29563014,16.2788206,10.44030651,16.40121947,12.52996409,17.20465053,8.94427191,16.2788206,9.433981132,12.80624847,11.40175425,14.2126704,8.94427191,13.45362405,8.602325267,13.60147051,11.66190379,12.80624847,11.40175425,14.4222051,10.44030651
4.472135955,19.84943324,5,17.80449381,3.16227766,19.79898987,3.16227766,17.69180601,2,20.61552813,3.16227766,20.51828453,5.385164807,21.26029163,3.16227766,19.10497317,2.236067977,19.20937271,4.472135955,20,4.472135955,22.02271555,3.16227766,21.40093456,2,19.84943324,4,19.10497317,2,20.51828453,2.828427125,19.79898987,3.16227766,18.38477631,2.236067977,19.20937271,5,19.84943324,4.123105626,20,2.236067977,19.10497317,3.16227766,18.43908891,4.123105626,18.43908891,4.472135955,20.61552813,6.08276253,17.02938637,4.123105626,17.69180601
7.071067812,19.10497317,6.708203932,17.80449381,5,19.10497317,6.08276253,18.60107524,8.544003745,19.10497317,5.385164807,19.79898987,8.544003745,18.38477631,5,20.51828453,4.472135955,20,5.099019514,20.51828453,4.123105626,18.43908891,5,19.20937271,3,19.84943324,4.123105626,19.20937271,5,20.61552813,4,18.43908891,2.236067977,17.80449381,4.123105626,19.79898987,3,18.43908891,4,19.84943324,6.32455532,17.69180601,4.123105626,17.69180601,4.123105626,18.38477631,4,17.69180601,4.472135955,16.97056275,5.830951895,15
7.071067812,12.80624847,5.830951895,16.40121947,5,18.86796226,5.656854249,14.86606875,7.810249676,16.2788206,5,14.14213562,4.472135955,14.2126704,5.830951895,15.55634919,9.219544457,15.62049935,7.810249676,14.14213562,7.071067812,17.02938637,7.810249676,15.62049935,6.708203932,15.8113883,7.810249676,14.2126704,8.544003745,14.14213562,9.486832981,14.86606875,5.385164807,15,7.615773106,13.89244399,6.08276253,14.86606875,6.32455532,13.45362405,8.062257748,13.60147051,6.708203932,13.45362405,5.830951895,11.40175425,7.071067812,14.86606875,8.544003745,12.04159458,5.099019514,10.63014581
3.16227766,15,1.414213562,16.2788206,2.236067977,16.97056275,2.236067977,14.86606875,1,16.2788206,1,16.2788206,2.236067977,15.62049935,2.236067977,16.2788206,2,17.02938637,2.828427125,17.69180601,2,17.80449381,4.123105626,16.2788206,3,16.97056275,4.123105626,16.2788206,2.236067977,14.14213562,5,15.62049935,2.236067977,14.86606875,2.828427125,15.62049935,3.16227766,13.45362405,3,14.86606875,4.472135955,12.72792206,5,15.62049935,2.236067977,14.86606875,4.123105626,14.86606875,4.242640687,12.72792206,4.472135955,13.45362405
14.14213562,6.708203932,16.2788206,6.32455532,14.14213562,6.32455532,14.86606875,4.242640687,15.62049935,3.605551275,14.14213562,3.16227766,16.97056275,5,15.55634919,5,17.69180601,4.242640687,17.02938637,3.605551275,18.38477631,2.236067977,16.97056275,3,14.86606875,3,14.14213562,5.385164807,16.97056275,2.236067977,15.62049935,4,15.8113883,4.472135955,16.40121947,4,14.2126704,4,14.2126704,4.123105626,14.14213562,4.123105626,14.86606875,3,14.86606875,5,13.45362405,5.830951895,15.62049935,6.08276253,16.40121947,7.211102551
11.66190379,14.86606875,11.40175425,14.86606875,11.3137085,16.2788206,11.40175425,15.62049935,12.04159458,16.40121947,10,16.2788206,11.40175425,14.14213562,12.20655562,13.45362405,10.29563014,13.45362405,10.77032961,16.2788206,11.18033989,14.86606875,10.81665383,14.14213562,13.41640786,13.45362405,11.66190379,16.40121947,11.66190379,15,11.40175425,15.26433752,12.20655562,15.26433752,9.433981132,14.4222051,12.08304597,15,10.29563014,15.26433752,10.29563014,16.2788206,10.77032961,14.4222051,8.94427191,15,9.433981132,14.86606875,10.44030651,15.55634919,11.70469991,14.4222051
11.18033989,12.80624847,9.433981132,13.60147051,11.66190379,14.86606875,8.94427191,16.2788206,11.40175425,13.45362405,11.40175425,14.86606875,10.63014581,14.86606875,8.602325267,18.60107524,11.3137085,13.45362405,10.63014581,14.4222051,12.80624847,14.86606875,11.40175425,16.2788206,9.219544457,14.2126704,8.062257748,13.60147051,9.848857802,13.45362405,7.810249676,13.60147051,11.3137085,14.86606875,8.485281374,13.60147051,8.544003745,14.2126704,7.810249676,14.76482306,10.63014581,12.80624847,9.433981132,17.20465053,9.219544457,10.63014581,7.211102551,15.55634919,9.219544457,12.80624847,11.66190379,15
5.385164807,16.2788206,5.099019514,14.86606875,4.123105626,15.55634919,3.16227766,16.2788206,4,18.38477631,3,15.62049935,2.236067977,15.62049935,4.123105626,17.69180601,2.236067977,17.02938637,1.414213562,16.2788206,5,18.43908891,2.236067977,15.55634919,1.414213562,19.10497317,3.605551275,18.38477631,2,17.69180601,2.236067977,17.69180601,3,17.02938637,4.472135955,17.02938637,4.123105626,16.40121947,2,17.69180601,0,16.2788206,2,16.97056275,2.828427125,14.86606875,2.236067977,16.40121947,3.16227766,14.14213562,5.099019514,16.2788206
12.52996409,7.211102551,11.40175425,6.708203932,12.20655562,7.615773106,12.80624847,7.810249676,11.66190379,7.071067812,12.80624847,7.071067812,14.2126704,7.071067812,12.20655562,6.403124237,12.20655562,5.656854249,13.60147051,5.385164807,12.04159458,7.071067812,14.14213562,7.810249676,12.04159458,10.63014581,13.45362405,9.899494937,12.72792206,7.211102551,14.14213562,7.810249676,12.04159458,8.602325267,12.52996409,7.810249676,12.04159458,7.615773106,13.45362405,5.656854249,10.81665383,7.071067812,10.63014581,6.403124237,12.72792206,7.211102551,12.72792206,8.602325267,14.14213562,5.830951895,11.3137085,7.615773106
12.04159458,9.219544457,14.14213562,10.63014581,12.72792206,9.219544457,14.86606875,7.810249676,12.04159458,7.810249676,15,8.485281374,11.3137085,7.071067812,10.63014581,10.63014581,13.89244399,8.602325267,12.52996409,8.602325267,15,8.94427191,14.4222051,10,14.4222051,8.062257748,11.40175425,8.062257748,12.80624847,8.062257748,13.60147051,8.602325267,13.89244399,6.708203932,10.63014581,8.94427191,12.04159458,9.433981132,12.80624847,10,13.89244399,10,10.63014581,7.615773106,12.04159458,10.29563014,10.29563014,9.848857802,9.433981132,7.280109889,12.52996409,9.219544457
8.94427191,13.45362405,7.615773106,14.86606875,8.062257748,12.72792206,7.810249676,13.45362405,9.219544457,15.55634919,9.848857802,14.14213562,10.29563014,12.72792206,10,15,10.63014581,15,10.29563014,15,9.433981132,14.14213562,8.602325267,13.45362405,11.3137085,14.2126704,10.81665383,13.45362405,10.63014581,15,9.219544457,14.14213562,10.63014581,12.80624847,10.81665383,15.26433752,9.899494937,13.45362405,9.433981132,16.40121947,10.29563014,14.4222051,8.602325267,14.2126704,7.071067812,13.03840481,10.29563014,14.2126704,6.708203932,13.45362405,10,12.04159458
14.86606875,12.80624847,14.2126704,15.55634919,13.45362405,12.80624847,12.72792206,15,14.86606875,13.45362405,14.86606875,14.86606875,14.14213562,15,13.45362405,15.26433752,12.80624847,16.1245155,12.72792206,13.45362405,14.14213562,15.26433752,14.86606875,16.64331698,14.2126704,14.4222051,14.4222051,15.62049935,14.2126704,13.89244399,15.26433752,15.62049935,14.4222051,15.26433752,13.60147051,15.62049935,12.52996409,13.60147051,12.80624847,14.76482306,14.4222051,13.03840481,12.20655562,14.2126704,13.03840481,14.2126704,15,12.04159458,14.4222051,13.60147051,14.4222051,12.20655562
18.43908891,7.810249676,20.24845673,10.63014581,17.02938637,10.81665383,17.69180601,9.219544457,19.10497317,10.29563014,17.02938637,13.03840481,17.02938637,10.63014581,16.97056275,9.433981132,20.61552813,10,20,12.04159458,18.38477631,11.66190379,16.40121947,10.77032961,17.20465053,11.66190379,16.97056275,11.18033989,18.60107524,11.66190379,18.43908891,8.602325267,16.97056275,9.848857802,16.64331698,10.29563014,17.20465053,9.219544457,17.80449381,8.544003745,17.02938637,8.062257748,17.20465053,9.486832981,16.40121947,5.656854249,16.2788206,9.433981132,15.8113883,6.403124237,16.97056275,8.062257748
14.86606875,9.433981132,18.02775638,12.20655562,14.86606875,13.03840481,14.86606875,12.80624847,16.2788206,15,17.69180601,14.14213562,15.55634919,14.4222051,14.86606875,13.89244399,16.97056275,12.72792206,17.02938637,13.45362405,14.86606875,12.52996409,14.14213562,13.41640786,17.69180601,12.20655562,15.26433752,12.08304597,16.40121947,15.23154621,15.8113883,13.03840481,14.86606875,13.41640786,15.26433752,13.89244399,15.8113883,12.52996409,15.8113883,12.20655562,12.20655562,10.81665383,12.04159458,10.29563014,15.62049935,10.29563014,13.89244399,8.062257748,15,10.29563014,15.62049935,10.29563014
17.80449381,8.544003745,14.86606875,8.544003745,17.02938637,8.602325267,16.2788206,8.602325267,17.69180601,7.810249676,15.62049935,9.899494937,14.86606875,9.219544457,15.55634919,7.810249676,17.20465053,7.615773106,16.97056275,8.062257748,16.2788206,10,17.69180601,10,16.97056275,9.433981132,14.14213562,7.810249676,15.62049935,8.94427191,14.14213562,10.63014581,16.2788206,10.77032961,14.4222051,10.81665383,15,9.219544457,13.89244399,10.19803903,15.26433752,8.94427191,15,8.062257748,15.62049935,7.211102551,14.4222051,7.615773106,15,8.544003745,17.69180601,8.062257748
11.40175425,15.26433752,11.18033989,15,12.72792206,14.86606875,9.219544457,15,11.66190379,13.45362405,10.81665383,15.26433752,9.219544457,16.40121947,11.3137085,15.8113883,12.72792206,12.80624847,14.2126704,16.40121947,10,15.62049935,12.20655562,17.02938637,14.14213562,14.14213562,10.63014581,15.55634919,14.4222051,14.86606875,11.40175425,12.72792206,12.08304597,15,12.80624847,16.40121947,12.52996409,15,12.52996409,14.4222051,13.03840481,12.04159458,13.89244399,13.45362405,10.63014581,14.2126704,11.18033989,14.14213562,8.062257748,13.41640786,10,13.60147051
17.80449381,7.280109889,17.02938637,9.055385138,15.8113883,5.099019514,16.40121947,5,17.80449381,8.485281374,17.69180601,6.708203932,16.2788206,5.385164807,16.97056275,7.615773106,17.80449381,6.708203932,16.97056275,9.848857802,16.2788206,8.602325267,16.97056275,9.219544457,18.02775638,9.219544457,16.2788206,9.219544457,14.2126704,10,15.62049935,9.433981132,15.62049935,7.071067812,15.62049935,8.602325267,14.2126704,10.63014581,16.2788206,10,14.2126704,9.219544457,14.2126704,8.602325267,14.86606875,9.899494937,16.97056275,6.708203932,14.86606875,8.485281374,17.69180601,5.830951895
14.4222051,10.63014581,15.62049935,12.04159458,14.4222051,12.04159458,17.69180601,9.219544457,14.2126704,10.63014581,15,10.63014581,15.55634919,11.3137085,14.86606875,12.20655562,13.45362405,9.219544457,12.80624847,8.94427191,14.86606875,11.3137085,13.60147051,10.77032961,14.14213562,12.52996409,15.62049935,11.70469991,13.45362405,12.08304597,14.86606875,10.29563014,14.2126704,11.18033989,14.14213562,10,14.14213562,10.81665383,13.03840481,8.544003745,13.45362405,9.486832981,12.72792206,9.848857802,14.86606875,8.94427191,14.2126704,8.062257748,13.45362405,8.94427191,12.72792206,10.77032961
15.55634919,5.830951895,16.97056275,6.08276253,18.43908891,6.403124237,17.69180601,3.605551275,16.2788206,8.062257748,16.2788206,5.830951895,16.40121947,3,16.40121947,4.123105626,17.20465053,4.123105626,17.69180601,6.708203932,16.97056275,5.385164807,16.1245155,3.16227766,14.31782106,5,16.40121947,4.123105626,15,3.605551275,16.40121947,5.099019514,16.40121947,5,17.80449381,4.123105626,16.2788206,5.099019514,13.45362405,5.099019514,17.80449381,5,15.8113883,8.062257748,16.2788206,4,12.20655562,6,14.14213562,5.385164807,15.26433752,7
8.246211251,15,6.32455532,13.60147051,7.615773106,14.2126704,5,15.26433752,8.062257748,14.2126704,8.602325267,15,9.433981132,15.55634919,8.602325267,15,8.602325267,15,8.485281374,12.80624847,11.3137085,14.86606875,8.485281374,16.97056275,9.219544457,16.40121947,10.29563014,12.72792206,9.219544457,13.60147051,10.63014581,13.45362405,8.485281374,14.86606875,10.63014581,14.14213562,9.219544457,15.62049935,10.63014581,14.14213562,12.04159458,14.2126704,9.899494937,12.72792206,9.219544457,13.45362405,9.219544457,12.80624847,10,15.62049935,8.602325267,15.62049935
18.38477631,4.242640687,17.69180601,3.16227766,19.84943324,1,19.10497317,3,19.20937271,1.414213562,18.43908891,0,18.43908891,1.414213562,21.9317122,0,17.69180601,1,21.40093456,4,21.9317122,2.236067977,21.26029163,1,20.61552813,3.16227766,21.9317122,2.236067977,20,3,17.69180601,3,19.10497317,2.236067977,21.21320344,3,19.79898987,5.099019514,19.10497317,1.414213562,19.10497317,3.16227766,19.10497317,1.414213562,19.10497317,3.605551275,19.84943324,2.236067977,17.80449381,4.242640687,19.84943324,5.385164807
14.86606875,7.280109889,14.86606875,5.385164807,15.55634919,6.32455532,14.86606875,6.32455532,16.40121947,6.403124237,15.62049935,3.605551275,14.86606875,5.656854249,13.45362405,5,17.02938637,5,13.45362405,6.403124237,15.62049935,7.211102551,16.40121947,4.472135955,15,5.385164807,15.62049935,5.656854249,15,5,14.86606875,5.099019514,15,6.08276253,15.55634919,7.280109889,13.45362405,5.099019514,14.2126704,5.830951895,16.2788206,6.32455532,14.14213562,5.830951895,12.04159458,6.32455532,12.80624847,7.615773106,12.80624847,7.071067812,14.2126704,6.32455532
13.45362405,12.04159458,11.40175425,13.45362405,11.40175425,14.86606875,9.899494937,12.04159458,9.899494937,14.14213562,12.72792206,14.14213562,12.80624847,14.4222051,10.63014581,13.45362405,12.20655562,16.2788206,13.41640786,16.97056275,12.04159458,16.40121947,10.63014581,15,11.40175425,15,11.66190379,14.4222051,12.20655562,12.80624847,10.29563014,13.45362405,10.63014581,13.45362405,12.20655562,13.60147051,12.52996409,12.80624847,11.66190379,13.60147051,11.18033989,15,11.66190379,13.60147051,11.40175425,12.80624847,13.03840481,12.20655562,11.18033989,12.20655562,12.20655562,12.80624847
16.97056275,4.472135955,16.2788206,4.123105626,14.14213562,5.830951895,15.62049935,3.605551275,16.2788206,5.099019514,15.55634919,2.828427125,15.55634919,2.828427125,16.2788206,2.828427125,17.02938637,2.828427125,16.2788206,5,16.97056275,5,16.2788206,2,14.86606875,5,16.2788206,4,15.62049935,4.242640687,15.55634919,2.828427125,16.2788206,1.414213562,15.55634919,4,16.2788206,3.605551275,14.86606875,3.605551275,16.2788206,2.828427125,15.62049935,4.123105626,16.2788206,3.605551275,14.86606875,4.123105626,14.2126704,4.472135955,14.86606875,4
9.899494937,12.04159458,8.602325267,13.45362405,8.602325267,14.86606875,10,12.20655562,8.602325267,12.72792206,9.219544457,14.2126704,10,14.2126704,9.219544457,14.2126704,7.810249676,15.55634919,8.485281374,14.2126704,10.63014581,15,10,13.45362405,8.602325267,15.62049935,8.602325267,14.86606875,9.433981132,13.60147051,9.219544457,14.2126704,10.81665383,14.2126704,10.29563014,12.72792206,8.602325267,13.45362405,8.94427191,16.40121947,10.29563014,12.80624847,10,13.45362405,8.485281374,12.04159458,9.848857802,12.72792206,10.63014581,13.89244399,10.81665383,13.60147051
4,13.45362405,1,14.14213562,1.414213562,16.40121947,3.16227766,13.45362405,2.236067977,17.02938637,2.236067977,15.62049935,3.16227766,16.2788206,2,16.2788206,6.403124237,13.03840481,6.32455532,13.89244399,5.830951895,14.2126704,4.242640687,14.86606875,3.605551275,16.2788206,3.16227766,16.2788206,3.16227766,14.2126704,4.242640687,13.45362405,4.123105626,15.55634919,5,12.04159458,6.403124237,14.2126704,6.708203932,16.97056275,3.605551275,14.2126704,5.830951895,14.86606875,7.615773106,15.62049935,4.242640687,15.55634919,5.830951895,12.80624847,4.472135955,12.04159458
9.219544457,14.86606875,8.062257748,12.80624847,8.485281374,16.2788206,7.810249676,15,10.44030651,15,12.20655562,16.1245155,8.485281374,16.40121947,11.3137085,17.20465053,8.602325267,17.02938637,6.403124237,20,7.810249676,17.88854382,10.81665383,15.8113883,9.433981132,17.88854382,8.544003745,15.26433752,9.486832981,15.8113883,10.63014581,17,9.848857802,17,10.29563014,12.52996409,9.433981132,13.60147051,11.70469991,15.23154621,9.848857802,13.41640786,10.77032961,11.18033989,9.433981132,13.41640786,9.433981132,12.52996409,10.63014581,12.64911064,10.81665383,12.52996409
8.94427191,13.45362405,6.708203932,13.41640786,9.486832981,12.20655562,10.77032961,11.40175425,7.211102551,13.45362405,7.615773106,12.04159458,11.18033989,9.899494937,8.246211251,12.80624847,11.66190379,13.45362405,5.099019514,19.20937271,7.810249676,15,7.071067812,16.40121947,6.32455532,10.81665383,5.385164807,10.63014581,8.485281374,13.45362405,9.219544457,15.62049935,8.602325267,13.60147051,5.656854249,12.04159458,8.602325267,16.2788206,7.071067812,14.4222051,8.602325267,12.04159458,6.403124237,12.08304597,8.485281374,12.80624847,8.062257748,12.04159458,5,11.3137085,8.602325267,11.3137085
8.602325267,13.60147051,8.062257748,13.89244399,7.810249676,16.40121947,7.810249676,13.89244399,7.810249676,14.4222051,7.071067812,14.2126704,9.899494937,15.55634919,9.219544457,15.62049935,10,16.2788206,8.602325267,16.2788206,9.899494937,12.80624847,10,12.04159458,10,14.2126704,10.63014581,14.2126704,9.433981132,13.45362405,7.211102551,14.86606875,10,14.86606875,10.29563014,12.80624847,8.94427191,14.14213562,7.810249676,14.86606875,8.062257748,13.45362405,8.94427191,14.14213562,6.708203932,13.45362405,7.615773106,12.80624847,7.211102551,12.80624847,7.615773106,12.04159458
16.97056275,4.472135955,15.62049935,3.605551275,15.62049935,3,17.80449381,4.472135955,17.69180601,4.472135955,16.64331698,2.828427125,17.69180601,4.472135955,17.20465053,5.385164807,17.69180601,5.099019514,19.20937271,3.605551275,17.69180601,5,16.2788206,4.472135955,17.02938637,5,16.2788206,5.830951895,17.69180601,4,18.43908891,5,17.69180601,5.099019514,18.38477631,5.099019514,15.55634919,5.099019514,17.69180601,4.123105626,15.55634919,6.08276253,17.02938637,4.123105626,16.2788206,5.385164807,16.2788206,5,14.86606875,5,16.2788206,6
9.219544457,100.895986,5.099019514,104.7377678,20.80865205,107.4895344,23.40939982,112.2942563,10.04987562,104.2353107,12,105.4751155,14.03566885,115.4339638,7.071067812,92.65527508,6.32455532,104.019229,5.830951895,95.60334722,21.21320344,117.2902383,28.16025568,105.3612832,28.63564213,109.8772042,21.58703314,98.00510191,5.385164807,107.5174404,27.20294102,117.4436035,18.97366596,109.2016483,7.280109889,102.4158191,8.062257748,105.3612832,13,95.8018789,13.45362405,102.7277957,12.52996409,103.3924562,15.03329638,83.23460819,10.77032961,100.4241007,17.11724277,97.74456507,17.20465053,106.1508361
16.2788206,8.246211251,17.02938637,5.385164807,15.62049935,7.071067812,17.02938637,7.615773106,15.8113883,8.94427191,16.2788206,5.656854249,17.69180601,8.485281374,19.20937271,6.403124237,15.55634919,7.211102551,17.02938637,7.810249676,19.10497317,4.472135955,16.2788206,7.810249676,18.38477631,6.708203932,16.2788206,5.830951895,17.02938637,5,17.69180601,8.062257748,15.8113883,8.246211251,19.10497317,5.830951895,16.40121947,5.830951895,15.62049935,6.708203932,16.2788206,8.602325267,17.69180601,5.385164807,14.86606875,6.08276253,16.2788206,7.211102551,18.60107524,5.830951895,16.2788206,6.708203932
4.472135955,14.14213562,3.16227766,15.55634919,4.472135955,15.55634919,4.472135955,13.60147051,4.242640687,15.55634919,5,15.62049935,6.403124237,14.86606875,3.605551275,14.14213562,3.605551275,15.55634919,5.099019514,13.45362405,5.385164807,14.86606875,5.099019514,16.2788206,6.403124237,13.60147051,6.403124237,16.40121947,6.403124237,16.2788206,3.605551275,13.60147051,5.656854249,12.80624847,6.403124237,15,5,15,5,15.8113883,4.242640687,14.14213562,5,13.60147051,5,13.03840481,3.605551275,14.14213562,4.242640687,14.2126704,4.242640687,13.45362405
16.2788206,4.123105626,17.20465053,7.211102551,16.2788206,5,17.80449381,2.236067977,17.69180601,2.236067977,18.60107524,4.472135955,17.69180601,5,19.41648784,5,15.55634919,2.236067977,18.02775638,2.828427125,19.41648784,4.242640687,17.20465053,4.242640687,19.41648784,3.16227766,19.79898987,6.32455532,19.84943324,3,16.2788206,5,18.43908891,5.099019514,16.97056275,5.385164807,19.79898987,4.123105626,15.62049935,5,17.02938637,3,15.62049935,4.123105626,16.40121947,4.123105626,16.97056275,3.605551275,16.2788206,2.828427125,14.2126704,4.123105626
8.485281374,14.4222051,9.433981132,12.72792206,7.211102551,13.45362405,8.485281374,15.8113883,7.211102551,14.2126704,7.211102551,17.02938637,5.656854249,14.86606875,7.615773106,15.62049935,7.810249676,16.40121947,6.403124237,15,8.602325267,17.20465053,8.94427191,16.97056275,5.830951895,14.2126704,7.810249676,16.40121947,5.830951895,15.55634919,11.18033989,16.64331698,8.246211251,16.40121947,8.94427191,14.4222051,9.486832981,14.76482306,9.486832981,15.8113883,9.848857802,14.4222051,8.544003745,13.60147051,6.708203932,12.20655562,11.18033989,11.18033989,10.29563014,12.52996409,8.94427191,13.60147051
14.2126704,5.099019514,14.86606875,5.656854249,12.80624847,3.605551275,13.45362405,5.656854249,12.80624847,6.708203932,12.20655562,5.830951895,12.72792206,5.385164807,15.62049935,4.472135955,14.86606875,6,15,5.656854249,14.86606875,6.32455532,13.45362405,3.605551275,13.45362405,6.708203932,16.2788206,5.385164807,12.80624847,6.403124237,14.86606875,5.830951895,15,5.385164807,15.62049935,5,14.2126704,6.708203932,14.14213562,6.32455532,13.45362405,4.242640687,12.80624847,6.708203932,13.60147051,5.099019514,12.04159458,6.403124237,14.2126704,7.211102551,12.80624847,4.472135955
15,11.18033989,14.4222051,7.810249676,14.4222051,8.602325267,15.62049935,10,15.62049935,11.40175425,13.60147051,10.29563014,13.60147051,11.66190379,14.76482306,12.72792206,15.62049935,9.219544457,14.86606875,8.602325267,16.2788206,9.219544457,14.86606875,9.219544457,13.45362405,11.3137085,13.45362405,10.81665383,12.20655562,10.81665383,14.14213562,11.18033989,14.86606875,12.20655562,14.86606875,12.04159458,10.63014581,12.04159458,14.86606875,12.04159458,10.63014581,12.04159458,15,9.433981132,10,10.63014581,12.20655562,7.810249676,12.80624847,9.848857802,13.45362405,8.602325267
15.8113883,5,14.2126704,4,14.2126704,4,14.86606875,3.605551275,14.2126704,4.472135955,15,5.385164807,14.2126704,6.403124237,14.86606875,5,14.86606875,5,16.2788206,5,14.86606875,5.830951895,15.62049935,4.472135955,15.55634919,5.099019514,12.72792206,4.472135955,14.86606875,5.099019514,15.62049935,6.32455532,14.86606875,4.472135955,15.55634919,5.830951895,13.45362405,4.472135955,14.14213562,5.385164807,12.72792206,6.08276253,13.45362405,5,13.45362405,6.08276253,14.86606875,3.16227766,12.72792206,5.099019514,14.14213562,5.099019514
9.055385138,19.10497317,7.071067812,16.97056275,6.08276253,20.51828453,8.246211251,19.20937271,6,20.51828453,6.708203932,19.20937271,6.32455532,19.41648784,5,21.26029163,5,19.84943324,6.403124237,20.51828453,5.656854249,20,5,20.61552813,3.605551275,20,5.830951895,19.79898987,5.099019514,20.61552813,7.071067812,20.24845673,2,19.20937271,4.123105626,18.43908891,4.123105626,19.41648784,6.08276253,18.60107524,3.16227766,17.80449381,4.472135955,17.80449381,5.099019514,16.40121947,6.08276253,17.80449381,4,17.69180601,7.615773106,18.02775638
13.03840481,9.433981132,16.2788206,8.602325267,12.72792206,7.810249676,15.55634919,8.602325267,12.80624847,7.810249676,15.62049935,10.63014581,12.80624847,11.40175425,13.45362405,7.810249676,15.62049935,10,14.2126704,8.485281374,14.2126704,8.602325267,15,8.485281374,12.04159458,9.219544457,12.80624847,10.81665383,13.60147051,9.219544457,13.45362405,10.63014581,12.04159458,9.433981132,14.2126704,8.602325267,11.3137085,10,13.45362405,9.219544457,12.04159458,10.29563014,11.3137085,9.848857802,13.45362405,8.602325267,9.899494937,8.246211251,11.3137085,9.433981132,13.45362405,9.899494937
10,16.2788206,10.63014581,14.86606875,12.80624847,14.86606875,10.81665383,14.86606875,9.899494937,15,10.81665383,16.2788206,12.04159458,15,11.40175425,15.62049935,13.60147051,16.2788206,12.80624847,16.97056275,13.89244399,16.2788206,15.26433752,15,10.81665383,15.55634919,14.31782106,17.69180601,14.76482306,14.86606875,14.31782106,16.40121947,11.18033989,14.86606875,12.08304597,17.02938637,11.40175425,15.26433752,13.92838828,15.62049935,10.77032961,14.2126704,8.544003745,16.2788206,9.848857802,13.60147051,10.29563014,15.55634919,9.219544457,14.14213562,10.04987562,13.60147051
12.72792206,7.211102551,13.45362405,7.810249676,15.55634919,7.211102551,16.2788206,8.062257748,15.55634919,8.485281374,15.55634919,5.385164807,12.80624847,7.211102551,13.45362405,5.830951895,15.55634919,6.403124237,15.55634919,6.403124237,18.38477631,6.403124237,17.80449381,6.08276253,16.64331698,8.602325267,15.8113883,6.708203932,14.86606875,6.403124237,17.69180601,6.708203932,17.69180601,7.211102551,17.02938637,6.08276253,14.2126704,5,14.86606875,5.830951895,12.80624847,5,13.45362405,5,12.72792206,5.385164807,15.26433752,7.211102551,13.45362405,5.830951895,14.4222051,6.403124237
12.20655562,12.72792206,10,13.45362405,11.66190379,13.45362405,10.81665383,13.45362405,9.433981132,13.45362405,10.81665383,14.86606875,12.04159458,14.2126704,11.66190379,13.45362405,10.63014581,15,10.63014581,15,11.3137085,14.14213562,12.04159458,12.80624847,12.72792206,15.8113883,9.433981132,15.62049935,10.29563014,14.86606875,12.20655562,14.2126704,11.40175425,14.14213562,13.45362405,15.8113883,11.18033989,14.4222051,9.219544457,13.60147051,10.63014581,15.55634919,11.66190379,12.04159458,12.72792206,13.89244399,12.04159458,11.40175425,13.45362405,12.04159458,12.20655562,13.60147051
10.63014581,10,12.80624847,9.899494937,13.03840481,10.81665383,15,8.602325267,12.72792206,7.810249676,12.72792206,10,12.04159458,10,12.80624847,10.81665383,13.45362405,11.3137085,12.20655562,9.899494937,12.04159458,12.04159458,13.60147051,9.219544457,15.55634919,11.40175425,12.72792206,11.40175425,13.45362405,10.81665383,10,10.81665383,14.14213562,10.77032961,12.04159458,8.94427191,12.20655562,10.77032961,14.86606875,10.81665383,12.72792206,10.81665383,10.81665383,10.63014581,10.81665383,11.40175425,9.899494937,10.63014581,11.66190379,8.544003745,11.40175425,10.81665383
33.9411255,4,33.24154028,6.08276253,35.38361203,5,34.6554469,4.472135955,33.9705755,3.16227766,36.06937759,3.605551275,34.71310992,3.16227766,36.76955262,4.472135955,34.6554469,2.236067977,33.9411255,2.236067977,36.76955262,1.414213562,35.38361203,2.236067977,37.48332963,4.472135955,37.48332963,2.828427125,36.76955262,1,37.64306045,1.414213562,37.48332963,2.828427125,33.42154993,1.414213562,33.24154028,3.16227766,33.9705755,4.472135955,33.24154028,3.605551275,36.06937759,5,31.11269837,3,35.4682957,3,33.9705755,3.605551275,33.9705755,4.472135955
12.20655562,8.062257748,10.81665383,10,12.72792206,10.63014581,13.45362405,10,14.2126704,7.810249676,11.3137085,10.63014581,14.86606875,8.602325267,14.14213562,8.485281374,15.55634919,9.219544457,14.14213562,7.211102551,14.86606875,9.899494937,14.14213562,8.485281374,14.2126704,6.708203932,13.45362405,7.810249676,14.14213562,7.071067812,14.86606875,7.810249676,12.80624847,7.810249676,12.04159458,7.810249676,14.2126704,6.403124237,13.45362405,8.062257748,14.86606875,6.708203932,13.45362405,9.219544457,14.2126704,10,15,9.219544457,12.80624847,7.615773106,12.80624847,8.062257748
14.2126704,8.544003745,13.45362405,8.062257748,12.80624847,8.94427191,12.72792206,9.219544457,13.45362405,10.63014581,14.14213562,7.810249676,11.66190379,8.602325267,13.45362405,9.899494937,12.72792206,9.899494937,11.3137085,10,14.86606875,8.602325267,12.80624847,10,13.45362405,7.810249676,12.72792206,10,12.04159458,10,13.45362405,8.602325267,12.04159458,11.40175425,13.45362405,9.219544457,13.03840481,10.81665383,13.60147051,8.062257748,12.80624847,8.602325267,10.81665383,9.433981132,12.04159458,9.433981132,11.40175425,9.433981132,9.899494937,9.486832981,13.60147051,8.062257748
11.66190379,15.62049935,7.810249676,14.86606875,8.602325267,15,8.602325267,15.62049935,7.810249676,13.60147051,7.211102551,16.40121947,8.602325267,14.86606875,8.485281374,14.4222051,7.211102551,15.26433752,7.615773106,15.8113883,8.602325267,15.26433752,7.810249676,15.26433752,8.062257748,12.80624847,9.055385138,15,8.062257748,14.86606875,8.544003745,15.8113883,7.211102551,15.8113883,9.219544457,14.4222051,7.615773106,12.80624847,7.280109889,12.20655562,8.544003745,10.81665383,8.544003745,11.40175425,8.062257748,10.81665383,10.29563014,11.40175425,9.848857802,9.433981132,8.94427191,11.18033989
8.602325267,13.45362405,6.708203932,12.04159458,7.615773106,13.45362405,6.403124237,12.04159458,8.062257748,12.20655562,8.602325267,12.72792206,6.403124237,13.45362405,6.708203932,12.04159458,6.708203932,13.89244399,5,10.63014581,5.656854249,13.45362405,4.472135955,14.4222051,3.605551275,13.60147051,4.242640687,15,5.830951895,13.03840481,6.32455532,12.80624847,5.385164807,12.04159458,6.708203932,12.04159458,5.385164807,12.04159458,7.280109889,13.03840481,5.385164807,12.04159458,6.403124237,10.81665383,5.385164807,10,6.32455532,12.20655562,6.32455532,10.77032961,7.211102551,12.52996409
7.810249676,15.55634919,10,14.14213562,7.071067812,15.62049935,9.219544457,14.86606875,8.602325267,12.20655562,10,15.55634919,8.602325267,12.20655562,9.219544457,16.2788206,11.3137085,16.2788206,11.40175425,13.45362405,10.63014581,14.2126704,8.94427191,14.76482306,11.18033989,14.4222051,10.81665383,14.86606875,10.81665383,12.80624847,9.219544457,15,11.18033989,13.89244399,9.219544457,14.4222051,9.219544457,15,8.602325267,14.86606875,6.32455532,12.80624847,9.486832981,15,9.848857802,14.86606875,8.062257748,15.62049935,7.211102551,12.72792206,6.708203932,14.14213562
1,17.69180601,1.414213562,19.84943324,2.236067977,19.10497317,4,18.43908891,3,17.69180601,4,19.10497317,4,18.43908891,2,19.10497317,4.123105626,20.51828453,5.656854249,19.10497317,5.830951895,18.38477631,4.123105626,17.02938637,5,17.02938637,5.099019514,19.10497317,4.472135955,16.97056275,3.16227766,17.20465053,3.16227766,17.02938637,2.236067977,16.97056275,2.828427125,18.38477631,3.605551275,17.02938637,5,16.40121947,5.656854249,14.2126704,3.605551275,16.2788206,3.16227766,15.62049935,5,17.80449381,4.242640687,15.8113883
10.63014581,10.63014581,11.66190379,11.40175425,11.40175425,12.04159458,10.81665383,12.80624847,11.40175425,11.40175425,10.63014581,12.72792206,9.219544457,14.4222051,12.04159458,12.20655562,9.899494937,15,9.899494937,14.2126704,11.40175425,14.14213562,10,12.04159458,10.81665383,12.04159458,10.81665383,12.80624847,9.219544457,12.52996409,12.80624847,12.72792206,10.81665383,13.03840481,10.81665383,11.40175425,10,10.63014581,9.433981132,10,9.433981132,10,10.81665383,10.29563014,10.81665383,10,10.81665383,8.062257748,11.40175425,8.062257748,10,9.486832981
7,17.69180601,5,17.80449381,6.708203932,18.38477631,3.605551275,19.10497317,2.236067977,17.02938637,5.099019514,19.84943324,4.242640687,17.69180601,3.605551275,19.84943324,1.414213562,18.43908891,3.16227766,19.84943324,4,21.21320344,4.242640687,17.80449381,2.236067977,16.2788206,3.16227766,19.20937271,3,18.43908891,4.242640687,16.40121947,3,17.02938637,2,14.2126704,2,15.8113883,5.385164807,17.20465053,3,15.62049935,4.123105626,17.69180601,4.472135955,16.97056275,4.123105626,15.55634919,3.605551275,15.62049935,4.472135955,16.2788206
14.14213562,10,14.86606875,9.433981132,12.72792206,10.81665383,12.04159458,9.899494937,13.45362405,8.602325267,13.45362405,9.219544457,13.45362405,9.899494937,15.55634919,10.63014581,15.8113883,7.211102551,14.86606875,5.385164807,13.45362405,8.602325267,13.60147051,7.211102551,14.4222051,7.810249676,15.62049935,8.602325267,12.04159458,7.211102551,14.86606875,8.602325267,15,7.211102551,12.20655562,5.830951895,12.80624847,7.211102551,12.20655562,7.615773106,12.04159458,7.211102551,12.04159458,8.602325267,10.63014581,6.403124237,11.66190379,8.602325267,11.66190379,9.219544457,9.433981132,7.071067812
8.062257748,15.62049935,5.830951895,14.2126704,5,15.62049935,5.656854249,17.69180601,5.830951895,15.55634919,5,14.86606875,5.830951895,15.55634919,4.242640687,13.60147051,5.385164807,16.2788206,5.099019514,19.84943324,5.385164807,17.02938637,3.16227766,16.40121947,2.236067977,16.2788206,3.16227766,14.86606875,4.242640687,14.2126704,4.123105626,14.86606875,3,15.62049935,4.472135955,16.2788206,2.236067977,13.45362405,5,14.2126704,4.472135955,14.86606875,5.385164807,13.45362405,4.472135955,14.2126704,5.099019514,14.14213562,6.08276253,13.45362405,6.32455532,13.45362405
13.45362405,3.605551275,15.55634919,4.472135955,12.80624847,3.605551275,17.69180601,4,14.2126704,5.099019514,13.45362405,2.236067977,14.86606875,3.605551275,15.55634919,4.242640687,15.55634919,3.605551275,15.62049935,3.605551275,16.2788206,3,17.69180601,5,14.86606875,3.605551275,16.2788206,3.605551275,14.2126704,4.123105626,15.62049935,2.828427125,14.86606875,2.236067977,14.86606875,2.828427125,14.2126704,2.236067977,15.62049935,4.472135955,14.2126704,2.236067977,14.2126704,4,13.45362405,4.242640687,13.60147051,5.099019514,15.26433752,3,15.8113883,3.605551275
6.708203932,12.72792206,5.830951895,11.40175425,5,14.14213562,5.830951895,13.45362405,4.472135955,13.45362405,5.656854249,12.72792206,6.708203932,13.45362405,5.656854249,13.60147051,5.830951895,14.2126704,5,12.80624847,5.830951895,14.2126704,6.403124237,15,5.385164807,12.80624847,5.385164807,14.2126704,6.32455532,14.2126704,5.385164807,13.03840481,6.32455532,13.03840481,7.280109889,12.52996409,6.32455532,13.89244399,7.280109889,12.20655562,6.32455532,11.66190379,5.385164807,10.81665383,5.830951895,10,6.708203932,11.18033989,6.708203932,10.29563014,6.32455532,10
7.211102551,13.60147051,8.062257748,13.60147051,7.810249676,14.86606875,7.071067812,14.4222051,9.219544457,12.72792206,7.810249676,14.2126704,9.899494937,13.45362405,7.810249676,12.20655562,8.544003745,13.45362405,7.615773106,14.2126704,8.246211251,14.2126704,9.219544457,12.04159458,9.848857802,13.45362405,8.94427191,11.3137085,9.433981132,11.40175425,8.544003745,12.20655562,8.94427191,13.60147051,8.544003745,13.41640786,9.848857802,12.04159458,7.280109889,10.81665383,7.211102551,12.80624847,8.246211251,11.40175425,5.099019514,12.52996409,7.071067812,12.80624847,7.280109889,11.40175425,7.071067812,12.72792206
11.18033989,12.52996409,7.211102551,12.04159458,11.66190379,9.848857802,7.211102551,12.80624847,11.66190379,10,12.04159458,10.81665383,10.63014581,10.29563014,7.615773106,12.04159458,12.04159458,10.63014581,9.899494937,8.062257748,12.72792206,8.602325267,12.72792206,10.63014581,13.03840481,11.40175425,10.81665383,9.219544457,12.80624847,10.63014581,13.89244399,10,12.52996409,9.219544457,10.63014581,9.219544457,11.66190379,10,9.899494937,10,11.66190379,9.219544457,8.062257748,8.544003745,10,11.3137085,11.40175425,12.80624847,10,8.602325267,9.848857802,11.3137085
4.123105626,13.45362405,3.16227766,12.72792206,4.472135955,12.80624847,2.828427125,13.60147051,4.472135955,13.45362405,3.16227766,15,4.472135955,14.2126704,5,13.45362405,5,15.8113883,5.656854249,15,5,14.86606875,5.830951895,14.86606875,5,12.72792206,5.830951895,14.86606875,4.242640687,12.04159458,5.830951895,14.14213562,6.32455532,12.80624847,4.472135955,12.20655562,6.08276253,13.45362405,6.08276253,12.72792206,5.099019514,13.45362405,5.099019514,13.03840481,5,12.20655562,5.099019514,13.45362405,4,13.45362405,4,13.45362405
13.45362405,5.830951895,12.80624847,5.656854249,12.72792206,5.830951895,12.72792206,5,13.45362405,4.472135955,12.04159458,4.242640687,13.45362405,3.605551275,12.72792206,3.605551275,12.72792206,5.385164807,11.3137085,6.708203932,15.55634919,5,12.04159458,5.099019514,13.45362405,3.605551275,11.66190379,4,12.80624847,4.472135955,12.04159458,4.123105626,13.03840481,5.099019514,12.04159458,2.828427125,13.03840481,4.123105626,12.80624847,4.242640687,11.40175425,5,12.04159458,4.472135955,9.899494937,5.385164807,11.18033989,5.385164807,12.04159458,5.656854249,12.04159458,7.211102551
15.62049935,8.544003745,16.2788206,6.08276253,16.40121947,8.062257748,16.2788206,5.830951895,17.20465053,7.615773106,16.40121947,6.403124237,16.1245155,7.211102551,16.40121947,7.615773106,15.62049935,7.211102551,16.2788206,9.219544457,16.97056275,9.433981132,16.97056275,10,15.55634919,9.899494937,16.2788206,8.602325267,14.86606875,9.899494937,15,9.219544457,15,11.40175425,14.86606875,10.63014581,14.86606875,10,16.2788206,8.602325267,13.45362405,8.602325267,13.45362405,10,14.86606875,9.899494937,12.72792206,10.29563014,14.14213562,10.81665383,14.14213562,8.062257748
14.86606875,7.071067812,15,6.32455532,17.02938637,7.280109889,16.40121947,7.280109889,14.2126704,7.211102551,16.40121947,5.099019514,15.62049935,5.099019514,17.20465053,5.656854249,15.26433752,4,15,3.605551275,16.2788206,4.123105626,16.64331698,4.242640687,16.1245155,4.472135955,16.40121947,4.472135955,13.60147051,2,15,4.472135955,15.62049935,2.236067977,14.2126704,3.605551275,15.55634919,3.605551275,13.45362405,5,13.45362405,2,12.04159458,4.472135955,12.04159458,5,13.45362405,6.32455532,13.45362405,5.099019514,13.45362405,5
9.486832981,16.2788206,8.94427191,15.55634919,11.18033989,15.62049935,9.848857802,15.62049935,8.94427191,16.2788206,9.433981132,14.86606875,8.602325267,16.97056275,7.810249676,16.2788206,8.062257748,19.10497317,7.280109889,18.43908891,7.071067812,19.41648784,7.810249676,16.40121947,8.062257748,17.80449381,5,16.2788206,5,18.43908891,5.656854249,17.02938637,7.071067812,18.43908891,4.242640687,15.55634919,7.211102551,19.10497317,5.830951895,15.62049935,5.385164807,14.86606875,5.830951895,17.02938637,7.810249676,16.2788206,5.830951895,17.02938637,6.403124237,14.86606875,8.94427191,14.2126704
14.86606875,6.08276253,15.62049935,8.544003745,14.86606875,5.385164807,14.2126704,5.385164807,14.86606875,4.472135955,13.45362405,7.615773106,14.2126704,3.605551275,17.20465053,5.656854249,14.86606875,5.830951895,16.2788206,5,18.60107524,5.656854249,18.60107524,5.830951895,16.40121947,4.242640687,15.55634919,5.830951895,15.62049935,4.472135955,14.86606875,5,14.14213562,4.472135955,16.40121947,6.32455532,15.62049935,4.472135955,14.86606875,5.385164807,13.45362405,4.472135955,12.04159458,5.385164807,13.03840481,5.099019514,14.2126704,6.08276253,12.80624847,4.123105626,13.45362405,5
17.20465053,4.123105626,17.02938637,3.16227766,15.55634919,3.16227766,15.8113883,3.16227766,14.2126704,2.236067977,16.2788206,4.242640687,17.69180601,2.236067977,16.40121947,2.828427125,18.43908891,4.123105626,15.62049935,2,18.60107524,4.472135955,17.80449381,5.099019514,18.02775638,4.123105626,19.10497317,5.099019514,15.55634919,5,17.02938637,6,16.2788206,5.385164807,16.97056275,4.123105626,15.8113883,4,16.2788206,5,14.86606875,3,14.86606875,7,14.86606875,4.123105626,15.62049935,4,16.2788206,3,14.86606875,4.123105626
3.16227766,14.86606875,2.236067977,15.62049935,1,14.14213562,1.414213562,15,0,17.02938637,0,15.8113883,1,16.40121947,1.414213562,15.62049935,0,15.62049935,2.236067977,14.2126704,2.828427125,16.2788206,3.16227766,16.40121947,4,14.86606875,2.828427125,18.43908891,4.242640687,15.8113883,4.472135955,15.62049935,5,15.62049935,3.605551275,15.55634919,4.242640687,15.62049935,4.472135955,15.62049935,4.242640687,13.45362405,3.605551275,14.2126704,3.16227766,13.45362405,2.828427125,14.86606875,5.830951895,14.2126704,4.472135955,13.45362405
6.708203932,12.80624847,5.385164807,13.60147051,6.32455532,15,5.656854249,14.4222051,5.656854249,12.80624847,5.656854249,13.03840481,7.071067812,13.60147051,6.403124237,13.45362405,7.211102551,12.04159458,7.071067812,13.03840481,5.830951895,12.72792206,7.211102551,13.45362405,8.602325267,13.45362405,8.062257748,12.72792206,9.433981132,12.80624847,8.602325267,12.72792206,6.32455532,12.04159458,7.211102551,11.40175425,8.062257748,14.14213562,8.062257748,12.72792206,7.211102551,10.63014581,8.062257748,12.04159458,6.708203932,10.81665383,6.32455532,12.80624847,6.32455532,12.20655562,5.385164807,11.40175425
10.77032961,14.4222051,11.66190379,16.64331698,9.433981132,16.2788206,8.94427191,17.20465053,10.29563014,16.2788206,8.062257748,15.62049935,10.81665383,16.2788206,8.602325267,17.69180601,9.899494937,18.38477631,9.219544457,18.43908891,8.485281374,20.51828453,10.81665383,18.38477631,9.219544457,17.69180601,9.433981132,17.69180601,8.062257748,15.55634919,8.602325267,17.69180601,7.211102551,17.02938637,9.433981132,15.62049935,8.544003745,16.97056275,8.602325267,14.86606875,8.544003745,17.80449381,8.062257748,15.62049935,10.63014581,15,9.433981132,15,9.219544457,14.4222051,11.3137085,15.62049935
12.52996409,12.80624847,13.03840481,13.45362405,12.52996409,14.86606875,12.20655562,12.80624847,11.40175425,14.86606875,10.81665383,14.2126704,10.29563014,14.14213562,10.63014581,13.45362405,11.3137085,12.80624847,11.40175425,13.03840481,13.45362405,15.26433752,9.899494937,15.8113883,12.04159458,14.4222051,9.899494937,15.26433752,10,14.2126704,10.81665383,13.45362405,9.219544457,15,10.29563014,14.2126704,8.062257748,14.4222051,9.219544457,13.60147051,8.94427191,14.2126704,9.433981132,10.63014581,8.485281374,11.3137085,10,12.04159458,10.63014581,11.66190379,11.40175425,10.29563014
13.45362405,4.123105626,14.14213562,4,14.86606875,4.123105626,15.62049935,2.236067977,15,2.236067977,14.86606875,1,16.40121947,2.236067977,14.86606875,3.16227766,15.62049935,1.414213562,16.2788206,2,17.02938637,2.236067977,15.8113883,4.123105626,16.40121947,2.236067977,14.86606875,3.16227766,16.2788206,1,15.55634919,2.236067977,13.45362405,3.605551275,14.14213562,4.242640687,12.72792206,3,14.14213562,3.16227766,12.04159458,3,13.45362405,3.16227766,12.04159458,4,12.04159458,4,14.2126704,5,11.3137085,5.099019514
4.123105626,13.45362405,4.123105626,14.14213562,3.16227766,14.2126704,1.414213562,15,2.236067977,14.2126704,2.236067977,13.45362405,1.414213562,14.86606875,1.414213562,14.2126704,1.414213562,13.60147051,2,13.60147051,1,14.14213562,2.236067977,15,1,15.8113883,2,16.40121947,2,14.2126704,1.414213562,13.45362405,2.828427125,12.72792206,3,13.45362405,2.828427125,13.45362405,2.828427125,13.60147051,2,12.72792206,2.828427125,13.45362405,3.605551275,12.04159458,2.236067977,14.86606875,4.123105626,11.40175425,5.385164807,12.04159458
11.3137085,10,9.899494937,12.08304597,11.3137085,10.81665383,9.219544457,12.52996409,12.04159458,9.219544457,10.63014581,9.848857802,10.81665383,10.81665383,13.03840481,10.63014581,13.03840481,10.63014581,10,9.219544457,12.20655562,10.63014581,13.03840481,10.63014581,10.81665383,9.219544457,12.04159458,9.433981132,12.04159458,9.899494937,11.40175425,8.94427191,11.66190379,9.899494937,12.20655562,8.544003745,12.04159458,10.63014581,12.20655562,8.602325267,9.219544457,7.615773106,9.899494937,9.219544457,9.433981132,10.81665383,9.433981132,11.66190379,9.433981132,10.29563014,8.602325267,9.848857802
9.433981132,12.20655562,8.602325267,13.03840481,8.485281374,12.04159458,9.219544457,9.433981132,9.899494937,10.63014581,10.81665383,12.80624847,8.602325267,12.20655562,11.40175425,12.72792206,9.433981132,10.63014581,11.66190379,10,9.848857802,12.80624847,13.41640786,12.80624847,11.66190379,12.80624847,12.08304597,12.80624847,11.66190379,10.63014581,10,10.63014581,9.433981132,11.66190379,9.433981132,11.18033989,10.81665383,8.602325267,8.062257748,11.66190379,10.29563014,7.810249676,7.810249676,12.20655562,7.071067812,10,8.544003745,11.40175425,8.062257748,10,8.544003745,10
10.77032961,13.89244399,9.486832981,14.2126704,9.486832981,13.60147051,9.848857802,15,9.848857802,13.03840481,10.44030651,13.03840481,9.433981132,14.2126704,10.63014581,14.2126704,10.81665383,12.52996409,9.219544457,13.60147051,10,14.4222051,13.45362405,15,10.63014581,14.4222051,12.20655562,15.26433752,10.63014581,10.81665383,12.72792206,14.4222051,8.485281374,10.63014581,12.04159458,12.04159458,11.40175425,12.72792206,10.63014581,10,12.20655562,11.40175425,10.29563014,12.80624847,10,11.3137085,10.63014581,13.45362405,11.3137085,10.63014581,9.219544457,11.3137085
12.80624847,4.472135955,14.2126704,3.605551275,15.55634919,5.385164807,13.89244399,3.605551275,14.2126704,5.099019514,15.8113883,4.123105626,13.60147051,5.656854249,13.60147051,5.830951895,13.60147051,6.403124237,15,4.472135955,13.60147051,4.472135955,14.86606875,6.708203932,15.8113883,5,14.2126704,7.211102551,14.2126704,5.385164807,12.72792206,5.385164807,14.2126704,5.099019514,14.2126704,6.08276253,14.14213562,7.280109889,10.63014581,7,13.45362405,6.32455532,11.3137085,6.08276253,13.45362405,4.123105626,12.04159458,5.385164807,12.04159458,4,14.2126704,5
40.31128874,40.02499219,36.49657518,54.3783045,48.27007354,52.0096145,50.44799302,55.90169944,54.4885309,54.08326913,48.25971405,62.93647591,52.63078947,59.41380311,53.53503526,54.20332093,53.00943312,57.28001397,56.72741841,52.32590181,51.86520992,56.0357029,56.72741841,51.66236541,57.98275606,56.72741841,54.3783045,48.41487375,52.69724851,48.60041152,56.60388679,40.81666326,47.50789408,51.73973328,45.3431362,47.88527958,43.56604182,56.85068161,53.22593353,55.90169944,48.3011387,48.82622246,45.18849411,0,0,34,43,38,38,37,44,43
8.062257748,15.55634919,6.708203932,16.97056275,5.385164807,17.02938637,7.211102551,17.02938637,5,16.40121947,6.403124237,17.80449381,3.605551275,16.40121947,7.071067812,15,7.211102551,18.60107524,7.615773106,16.2788206,5.830951895,18.02775638,6.32455532,15.8113883,6.32455532,16.40121947,6.708203932,15.62049935,6.08276253,16.64331698,7.071067812,17.20465053,5.385164807,15.26433752,7.071067812,14.2126704,7.071067812,14.4222051,5.385164807,13.89244399,6.32455532,13.60147051,6.32455532,13.89244399,6.708203932,12.52996409,8.246211251,12.52996409,7.615773106,13.60147051,6.708203932,12.08304597
16.2788206,2.828427125,17.02938637,3.605551275,17.69180601,2.828427125,17.80449381,2.828427125,18.43908891,1,15.55634919,0,17.69180601,1.414213562,17.02938637,2.236067977,17.02938637,2.236067977,16.2788206,3,19.79898987,1.414213562,17.69180601,0,17.69180601,1,17.69180601,1.414213562,17.69180601,3.605551275,16.2788206,2,16.97056275,3.605551275,17.69180601,3,17.69180601,2.236067977,15.55634919,3,16.2788206,4.123105626,15.62049935,1,15.62049935,2,16.2788206,2.236067977,16.2788206,1,16.97056275,2.828427125
2,16.2788206,4,16.2788206,3.605551275,17.69180601,1,19.20937271,1,17.02938637,3,15.62049935,2.236067977,15.55634919,0,16.40121947,2,16.40121947,1,13.60147051,2.236067977,17.80449381,1.414213562,17.80449381,2.236067977,16.2788206,1,17.20465053,1,17.20465053,4,17.02938637,3.605551275,17.20465053,2.236067977,16.2788206,2.236067977,17.69180601,2.236067977,16.97056275,2.236067977,16.2788206,2.236067977,16.2788206,2.236067977,15.55634919,4.472135955,17.20465053,3.16227766,15.55634919,3,17.20465053
16.1245155,12.04159458,13.03840481,9.219544457,11.66190379,11.40175425,13.03840481,11.66190379,12.04159458,8.602325267,12.04159458,13.45362405,10,11.40175425,13.45362405,12.52996409,10.63014581,12.20655562,12.04159458,10.29563014,13.45362405,10.29563014,12.20655562,9.848857802,11.40175425,11.18033989,11.66190379,11.18033989,12.20655562,10.04987562,13.60147051,9.486832981,13.60147051,10.77032961,15.26433752,9.848857802,12.04159458,9.486832981,11.18033989,9.486832981,13.03840481,10,10.81665383,10.44030651,13.03840481,8.246211251,12.20655562,7.615773106,14.76482306,8.062257748,13.03840481,8.544003745
15.62049935,7.280109889,14.2126704,6.708203932,16.2788206,3.605551275,17.20465053,5,15.62049935,5.385164807,17.20465053,5,15.8113883,7.071067812,17.20465053,4.242640687,15.62049935,6.708203932,15.55634919,6.32455532,18.43908891,6.32455532,17.69180601,7.211102551,16.2788206,5.830951895,17.80449381,7.280109889,16.40121947,7.280109889,14.2126704,10.44030651,16.2788206,8.062257748,14.2126704,6.32455532,16.2788206,8.544003745,17.02938637,7.211102551,16.2788206,6.708203932,15,5.830951895,14.86606875,6,16.40121947,7.071067812,14.14213562,8,14.86606875,6.08276253
14.4222051,3.16227766,14.4222051,3,15,4.242640687,16.2788206,4.472135955,14.2126704,2,15.8113883,1.414213562,14.4222051,3.16227766,15,3,14.4222051,1.414213562,13.03840481,3,15.65247584,2.828427125,13.60147051,1,15,1,12.80624847,3.16227766,15,2.828427125,17.69180601,2,14.2126704,3.16227766,13.45362405,5,12.80624847,1.414213562,15,3.605551275,11.3137085,4.242640687,12.20655562,3,12.04159458,4.242640687,10.63014581,5,13.45362405,5,12.20655562,3.605551275
12.80624847,7.071067812,12.72792206,6.708203932,12.04159458,6.403124237,13.45362405,6.32455532,13.45362405,7.280109889,12.80624847,8.544003745,13.45362405,6.708203932,12.04159458,5.830951895,12.20655562,5.830951895,12.80624847,4.472135955,15.55634919,5,14.4222051,6.403124237,14.2126704,5.656854249,14.14213562,6.403124237,14.14213562,5.830951895,14.2126704,5.656854249,12.72792206,5.830951895,14.86606875,5.830951895,14.2126704,6.403124237,14.14213562,5,12.72792206,5,10.63014581,5.830951895,12.04159458,6.403124237,12.72792206,5.830951895,14.2126704,5.830951895,11.40175425,6.32455532
13.03840481,10,13.89244399,9.433981132,13.60147051,9.219544457,13.45362405,9.219544457,12.80624847,9.219544457,14.2126704,8.485281374,14.2126704,12.04159458,12.80624847,8.485281374,13.45362405,12.04159458,13.45362405,12.04159458,13.45362405,12.04159458,13.45362405,10,12.04159458,11.66190379,13.45362405,10.81665383,11.40175425,11.66190379,14.14213562,11.18033989,12.80624847,10.29563014,13.03840481,10.81665383,10.63014581,10,11.66190379,10.29563014,11.66190379,11.66190379,11.40175425,11.18033989,12.04159458,9.433981132,11.40175425,9.433981132,11.40175425,8.94427191,12.72792206,8.94427191
7.810249676,14.4222051,9.433981132,15,11.3137085,17.20465053,10,14.76482306,9.219544457,14.14213562,9.899494937,14.2126704,8.602325267,14.14213562,10,15,8.94427191,12.72792206,6.708203932,12.80624847,9.433981132,12.80624847,10.81665383,12.72792206,12.20655562,14.14213562,10,14.86606875,9.433981132,13.45362405,11.3137085,12.04159458,10,14.4222051,10,13.89244399,10.63014581,14.4222051,9.899494937,12.20655562,8.602325267,12.80624847,9.433981132,13.60147051,7.810249676,12.52996409,7.810249676,13.60147051,9.219544457,12.20655562,8.062257748,14.2126704
16.40121947,7.615773106,15.8113883,6.403124237,18.60107524,6.32455532,17.02938637,6.32455532,15.62049935,7.211102551,16.64331698,7.810249676,18.35755975,5.830951895,17.80449381,6.403124237,16.64331698,6.403124237,15.26433752,5,18.02775638,5.830951895,15.8113883,6.32455532,17.49285568,6.32455532,16.97056275,5.385164807,17.20465053,5.385164807,17.02938637,5.385164807,16.64331698,6.08276253,16.2788206,8.062257748,15.62049935,8.94427191,15,7.615773106,15,7.615773106,15.62049935,8.544003745,12.80624847,8.544003745,16.40121947,9.486832981,14.4222051,7.280109889,15.8113883,7.615773106
3,14.14213562,5.099019514,17.69180601,3,17.20465053,4.242640687,15.62049935,3,17.02938637,1.414213562,15.55634919,2,16.97056275,2.236067977,14.86606875,3.605551275,15.55634919,2,15.55634919,3.605551275,16.97056275,5,15.55634919,3.605551275,16.2788206,4.472135955,15.55634919,5,15.55634919,3.16227766,16.2788206,5,16.2788206,4.123105626,15,5.385164807,14.86606875,3.16227766,14.2126704,5.099019514,16.2788206,4,14.86606875,3,14.86606875,4,15,3.16227766,14.86606875,3.16227766,14.86606875
9.899494937,11.40175425,9.899494937,12.20655562,12.04159458,12.04159458,13.03840481,11.40175425,12.20655562,11.3137085,11.66190379,12.72792206,12.20655562,12.72792206,12.04159458,12.04159458,10.81665383,11.40175425,11.66190379,12.04159458,14.76482306,12.04159458,12.08304597,12.04159458,11.66190379,10.29563014,10.63014581,13.03840481,12.08304597,11.66190379,12.52996409,10.29563014,10.81665383,10,8.94427191,13.03840481,10.81665383,12.64911064,11.70469991,11.66190379,9.848857802,11.18033989,10.29563014,12.08304597,6.708203932,11.70469991,8.94427191,13.60147051,8.544003745,13.03840481,10.29563014,12.20655562
15.55634919,4.472135955,16.40121947,3,15.62049935,2,16.2788206,3.605551275,17.02938637,2.236067977,17.80449381,1.414213562,17.02938637,0,16.40121947,1,16.64331698,1.414213562,18.38477631,4,17.69180601,2.828427125,16.40121947,2.828427125,14.86606875,4.242640687,15,3.16227766,13.45362405,2,15.55634919,4.472135955,17.02938637,1.414213562,15.55634919,4.242640687,15.55634919,2.828427125,15.62049935,2.236067977,14.14213562,4.472135955,16.2788206,4.472135955,14.86606875,2.236067977,12.04159458,5,15.8113883,4,14.86606875,4.123105626
2.236067977,13.45362405,4.472135955,12.04159458,4.472135955,14.2126704,3.605551275,13.60147051,6.403124237,12.04159458,2.828427125,14.2126704,6.403124237,15,5.830951895,12.80624847,5.099019514,14.14213562,5.385164807,16.40121947,5,16.97056275,6.32455532,14.86606875,6.08276253,14.14213562,4.242640687,15.62049935,3.605551275,13.60147051,5.099019514,15.62049935,5,14.86606875,6.32455532,14.76482306,5.830951895,13.60147051,5.099019514,13.60147051,4.242640687,13.60147051,5.099019514,12.08304597,3,13.89244399,3,14.2126704,5.099019514,13.60147051,4,13.45362405
4,17.80449381,6,16.97056275,4.472135955,19.10497317,2.236067977,17.02938637,5,16.97056275,5,17.69180601,4.242640687,16.97056275,4.242640687,19.84943324,6.403124237,15.55634919,3.605551275,14.2126704,2.236067977,19.10497317,3.605551275,17.69180601,4.472135955,17.80449381,4.123105626,17.80449381,3.605551275,17.02938637,6.708203932,17.02938637,3.16227766,17.20465053,2,16.40121947,4.123105626,20,6.08276253,17.69180601,2.828427125,17.02938637,5.099019514,17.69180601,5.385164807,15.8113883,4.123105626,17.69180601,3,15.55634919,4.123105626,17.69180601
14.4222051,4.242640687,14.86606875,4.472135955,13.45362405,5.099019514,14.86606875,5.830951895,14.14213562,5,16.40121947,4.242640687,14.14213562,4.472135955,14.14213562,5,15.62049935,3.605551275,15.55634919,3.16227766,17.02938637,4.472135955,15.55634919,5,16.40121947,5,13.45362405,3.16227766,15.55634919,3.16227766,16.2788206,5,12.80624847,4.123105626,14.2126704,4.242640687,14.86606875,3,14.86606875,4.472135955,15,5,16.2788206,5,13.45362405,2.236067977,15.55634919,5.385164807,14.2126704,3.16227766,14.14213562,5
17.20465053,5,15,2.236067977,16.2788206,2.828427125,17.69180601,3.16227766,15.62049935,3,14.14213562,2.828427125,16.2788206,2.236067977,16.2788206,4.242640687,16.2788206,3.16227766,16.2788206,2,17.69180601,2,17.69180601,2.828427125,14.86606875,3.16227766,19.20937271,2,16.97056275,1.414213562,17.02938637,2,17.69180601,3.16227766,17.02938637,0,15.55634919,1,16.97056275,1.414213562,15.55634919,3,15.55634919,2.236067977,14.14213562,3,16.2788206,3.605551275,14.86606875,3,16.40121947,3.605551275
12.20655562,10,12.52996409,9.899494937,13.45362405,9.433981132,12.04159458,10,13.45362405,10,12.72792206,9.899494937,13.45362405,10,12.72792206,9.219544457,13.45362405,9.219544457,14.2126704,10,14.86606875,9.433981132,13.45362405,8.485281374,16.2788206,8.602325267,14.86606875,10.63014581,14.86606875,7.810249676,15.55634919,7.810249676,14.86606875,8.485281374,14.86606875,8.602325267,14.14213562,8.485281374,12.80624847,8.485281374,15.55634919,8.602325267,13.45362405,7.810249676,13.45362405,7.071067812,12.80624847,8.94427191,12.04159458,8.602325267,13.60147051,10
8.544003745,10.63014581,10.77032961,9.433981132,8.602325267,11.66190379,8.94427191,11.66190379,9.219544457,10.81665383,8.602325267,12.80624847,8.94427191,11.40175425,8.602325267,12.80624847,7.211102551,12.80624847,9.219544457,11.40175425,8.602325267,12.20655562,7.810249676,12.04159458,5.830951895,13.45362405,7.071067812,15,8.485281374,13.45362405,6.403124237,11.66190379,7.071067812,13.45362405,7.810249676,12.80624847,7.211102551,13.03840481,7.211102551,13.60147051,5,12.80624847,6.403124237,13.60147051,6.403124237,11.3137085,8.602325267,12.80624847,9.219544457,13.60147051,8.602325267,11.40175425
3.605551275,16.2788206,3.16227766,16.97056275,1.414213562,18.38477631,1,18.43908891,1,16.97056275,1.414213562,17.69180601,1,17.69180601,1.414213562,15.55634919,0,19.10497317,1,17.69180601,1,19.10497317,2.236067977,17.69180601,1.414213562,16.97056275,3.16227766,17.80449381,1,16.97056275,2.236067977,17.69180601,1.414213562,16.2788206,2.236067977,17.69180601,3,17.02938637,1.414213562,17.02938637,1,18.38477631,1,15.55634919,2,14.86606875,0,16.2788206,1.414213562,16.2788206,1,15.55634919
19.10497317,45.96737974,17,55.00909016,4.472135955,54.4885309,12.08304597,70.21395873,9.055385138,44.68780594,25,37.58989226,11.04536102,45.96737974,11.18033989,31.89043744,23.76972865,47.38143096,21.21320344,38.94868419,29.27456234,65.80273551,15.8113883,60.44005295,8.602325267,48.87739764,20.24845673,48.41487375,13.03840481,58.25804665,22.36067977,68.50547423,6.32455532,48.83646179,28.28427125,42.80186912,18.02775638,56.93856338,19.72308292,41.03656906,24.16609195,49.49747468,25.07987241,46.04345773,17.08800749,42.72001873,23.85372088,43.01162634,26.07680962,47.38143096,25.94224354,60.20797289
17.69180601,5.099019514,17.02938637,7.280109889,19.79898987,6.08276253,16.40121947,6.708203932,17.69180601,6.08276253,18.43908891,4.123105626,19.10497317,4.472135955,16.2788206,5,16.97056275,3.605551275,18.43908891,3.605551275,19.84943324,6.403124237,17.80449381,5,17.69180601,5,19.41648784,5.830951895,17.02938637,5.656854249,18.60107524,3.605551275,17.02938637,4.123105626,17.69180601,3.16227766,17.69180601,5.385164807,17.69180601,3.605551275,18.38477631,3.16227766,17.02938637,3.605551275,17.20465053,4.472135955,17.69180601,6.708203932,16.2788206,4.472135955,17.20465053,4.472135955
10.63014581,14.86606875,8.602325267,17.02938637,8.602325267,17.80449381,9.219544457,19.10497317,9.433981132,19.84943324,8.602325267,17.80449381,7.071067812,18.60107524,8.246211251,17.69180601,9.219544457,17.80449381,7.211102551,19.20937271,8.062257748,18.60107524,9.848857802,18.38477631,8.544003745,17.02938637,8.062257748,17.20465053,9.219544457,17.02938637,8.544003745,15.62049935,9.486832981,16.97056275,8.544003745,14.86606875,8.062257748,16.2788206,11.70469991,15,9.848857802,16.2788206,8.246211251,15,9.433981132,13.45362405,10.19803903,13.60147051,12.08304597,18.60107524,13,16.40121947
15,2,15.62049935,3,16.2788206,2.236067977,16.64331698,3.16227766,17.69180601,1,17.80449381,2,16.40121947,1,16.40121947,3,15.8113883,2.828427125,15,2.236067977,16.40121947,2.236067977,14.2126704,2.828427125,15.62049935,2.236067977,14.86606875,2.236067977,15.55634919,2.236067977,15,1.414213562,14.2126704,2.828427125,15,2.828427125,16.2788206,1,14.2126704,2.236067977,14.14213562,2.236067977,12.72792206,3.16227766,13.45362405,4.123105626,14.2126704,2.236067977,14.86606875,4.123105626,14.86606875,5.099019514
8.544003745,16.97056275,7.615773106,17.69180601,8.94427191,18.38477631,9.899494937,19.10497317,6.32455532,18.43908891,8.602325267,19.79898987,9.433981132,17.69180601,7.211102551,21.21320344,5.656854249,19.20937271,6.32455532,18.35755975,7.211102551,20.61552813,7.810249676,21.26029163,3.605551275,19.79898987,5,18.43908891,5.385164807,18.60107524,5,19.10497317,7.211102551,17.80449381,6.32455532,16.2788206,7.211102551,16.97056275,7.280109889,18.43908891,5.385164807,16.97056275,6.403124237,16.2788206,6.708203932,15.55634919,6.403124237,15.55634919,5.830951895,19.10497317,8.485281374,17.02938637
5,14.2126704,5,15.55634919,6.32455532,15.55634919,3,16.40121947,4,17.20465053,3.16227766,17.69180601,5,14.86606875,3.605551275,16.97056275,3.605551275,17.02938637,2,17.69180601,2.828427125,16.97056275,2.236067977,16.2788206,1,17.69180601,2.236067977,17.69180601,3,16.40121947,4.242640687,14.86606875,3.605551275,17.69180601,2.236067977,16.2788206,3.16227766,15.62049935,3,16.2788206,3.16227766,13.45362405,2.236067977,16.2788206,5,13.45362405,4.123105626,14.2126704,6.32455532,15,4.123105626,14.2126704
14.14213562,8.94427191,15.55634919,8.602325267,14.14213562,9.433981132,14.86606875,9.848857802,14.86606875,8.94427191,15.55634919,6.708203932,17.69180601,7.211102551,14.86606875,6.403124237,14.86606875,6.403124237,15,7.071067812,15.62049935,6.403124237,14.2126704,7.071067812,14.2126704,9.219544457,12.72792206,6.708203932,15,7.071067812,14.86606875,6.708203932,15.62049935,6.708203932,15.55634919,7.810249676,13.45362405,6.403124237,14.14213562,5,14.86606875,6.403124237,13.45362405,6.708203932,13.60147051,7.211102551,13.45362405,8.602325267,13.45362405,8.062257748,13.60147051,7.810249676
12.20655562,11.40175425,12.04159458,10.29563014,12.80624847,10.77032961,15.8113883,12.04159458,13.45362405,11.40175425,12.80624847,10,13.45362405,9.219544457,13.41640786,11.40175425,14.2126704,7.071067812,13.03840481,9.433981132,13.89244399,11.40175425,13.89244399,9.433981132,15.26433752,10,13.60147051,9.848857802,13.03840481,7.615773106,12.20655562,8.94427191,13.60147051,10.81665383,12.20655562,10.44030651,12.08304597,10.77032961,13.03840481,9.433981132,10.77032961,10.77032961,11.66190379,10.29563014,10,13,11.66190379,10.77032961,10.29563014,13.60147051,9.433981132,10
8.602325267,15,8.544003745,17.02938637,8.485281374,15.26433752,9.433981132,18.86796226,9.899494937,15,9.433981132,16.40121947,12.72792206,14.2126704,9.219544457,14.2126704,9.899494937,16.2788206,12.04159458,16.40121947,9.219544457,15.55634919,8.602325267,14.14213562,9.433981132,13.45362405,10.81665383,15.62049935,9.433981132,13.60147051,12.20655562,13.45362405,9.433981132,12.80624847,10,12.80624847,8.602325267,13.45362405,8.94427191,12.80624847,9.848857802,14.86606875,7.810249676,12.80624847,5.830951895,13.60147051,8.062257748,14.2126704,7.615773106,14.4222051,7.615773106,14.2126704
12.80624847,9.899494937,12.80624847,10.63014581,10.63014581,11.40175425,11.3137085,9.899494937,9.899494937,9.219544457,12.80624847,9.899494937,12.72792206,9.899494937,11.40175425,11.3137085,12.04159458,11.3137085,10.81665383,9.899494937,11.40175425,11.40175425,12.04159458,9.899494937,11.3137085,11.66190379,11.40175425,8.94427191,11.40175425,10.81665383,11.66190379,11.18033989,13.03840481,10.29563014,11.40175425,10.29563014,13.45362405,9.219544457,11.40175425,10.63014581,9.433981132,7.810249676,10,7.615773106,11.40175425,7.211102551,11.3137085,7.280109889,11.40175425,7.211102551,12.04159458,8.94427191
6.08276253,15.8113883,5.099019514,18.38477631,5,17.69180601,5.385164807,18.43908891,3.605551275,17.02938637,5.385164807,17.02938637,3.16227766,16.2788206,2.236067977,17.02938637,2.828427125,16.2788206,5,16.2788206,2.236067977,16.97056275,5,17.69180601,4.123105626,16.97056275,3.16227766,16.97056275,3.605551275,16.2788206,3.16227766,18.38477631,2.828427125,16.2788206,2.236067977,16.2788206,3.605551275,15.55634919,3.605551275,15.55634919,3.16227766,15.55634919,2.828427125,17.02938637,5.385164807,14.2126704,5,16.2788206,5,17.80449381,4.123105626,16.2788206
42.43819035,36.12478374,40.70626487,38.41874542,39.35733731,38.28837944,44.41846463,40.31128874,38.58756276,33.24154028,39.40812099,38.94868419,37.01351105,39.69886648,29.68164416,38.20994635,33.28663395,38.18376618,35.80502758,35.22782991,30.23243292,40.36087214,33.24154028,34.13209633,33.60059523,39.20459157,34.6554469,39.62322551,34.71310992,38.28837944,32.80243893,39.05124838,36.79673899,38.41874542,32.55764119,40.36087214,38.18376618,36.79673899,36.12478374,34.82814953,33.60059523,36.79673899,38.89730068,32.52691193,34.71310992,30.41381265,37.64306045,33.24154028,36.12478374,29.83286778,40.45985665,37.73592453
15.55634919,5.099019514,15.62049935,5.385164807,16.97056275,6,16.40121947,6.08276253,15.62049935,5.099019514,17.02938637,4.472135955,15.62049935,4.242640687,15,5,17.20465053,3.605551275,14.2126704,6.708203932,14.86606875,3.605551275,15.62049935,3.605551275,15.8113883,4.242640687,16.97056275,3.605551275,14.86606875,3.16227766,15.62049935,1,16.40121947,4.123105626,15.62049935,5.099019514,14.86606875,4.123105626,14.86606875,6.08276253,15.55634919,5.830951895,15.55634919,3.16227766,15.8113883,6.32455532,15.55634919,5,14.86606875,5.099019514,14.2126704,4.472135955
6.708203932,14.4222051,6.708203932,15.8113883,7.211102551,15.8113883,6.403124237,14.4222051,6.403124237,13.45362405,7.211102551,14.86606875,6.403124237,15,7.211102551,15.62049935,8.602325267,11.40175425,7.071067812,13.60147051,7.810249676,14.86606875,7.211102551,14.14213562,6.708203932,14.14213562,7.211102551,15.55634919,7.615773106,13.45362405,9.433981132,14.86606875,8.062257748,13.45362405,6.403124237,13.45362405,7.071067812,14.14213562,6.708203932,13.45362405,8.062257748,14.2126704,6.708203932,14.14213562,6.708203932,12.04159458,7.280109889,14.14213562,5.830951895,14.86606875,6.708203932,14.86606875
12.20655562,13.89244399,11.40175425,13.89244399,12.20655562,13.41640786,11.3137085,13.03840481,10,13.03840481,11.3137085,11.66190379,12.04159458,11.40175425,12.04159458,11.3137085,13.45362405,12.04159458,13.45362405,11.3137085,11.40175425,13.45362405,12.72792206,12.04159458,12.04159458,12.04159458,12.20655562,12.04159458,10.81665383,9.899494937,12.72792206,10.29563014,12.72792206,10,12.04159458,9.219544457,14.2126704,10.63014581,13.03840481,10.63014581,12.04159458,11.3137085,11.40175425,12.04159458,9.899494937,13.03840481,13.03840481,10.63014581,10,11.40175425,10.63014581,10.63014581
12.80624847,10.77032961,14.2126704,13.03840481,13.45362405,12.52996409,13.45362405,10.81665383,14.14213562,12.20655562,12.72792206,9.899494937,15,9.219544457,13.60147051,11.40175425,13.45362405,10,11.18033989,10,15,10,13.03840481,9.219544457,13.03840481,9.899494937,11.40175425,9.899494937,13.45362405,9.219544457,12.80624847,8.602325267,12.80624847,8.602325267,12.04159458,9.433981132,11.40175425,8.602325267,11.40175425,9.219544457,13.60147051,8.485281374,11.40175425,10,11.66190379,9.433981132,12.20655562,10.81665383,11.40175425,10,11.66190379,10.81665383
18.38477631,2.828427125,17.20465053,1,17.80449381,2.236067977,17.20465053,3,17.20465053,2,15.26433752,1,18.43908891,1,18.43908891,2,16.97056275,3.16227766,18.43908891,2,14.86606875,2.236067977,15.62049935,2,17.69180601,4.123105626,18.38477631,1.414213562,17.69180601,2.236067977,19.84943324,5,17.69180601,2.236067977,18.38477631,3,16.2788206,2.828427125,17.02938637,5,16.97056275,1.414213562,15.55634919,2.236067977,14.2126704,3.605551275,15.55634919,2.828427125,16.2788206,3.16227766,15.55634919,3.605551275
17.02938637,11.3137085,16.2788206,10,15,11.3137085,16.40121947,11.40175425,15,9.433981132,15,12.08304597,15,10.81665383,15,12.20655562,14.86606875,11.40175425,14.2126704,12.72792206,14.86606875,14.4222051,13.45362405,13.41640786,14.4222051,11.3137085,12.80624847,13.03840481,13.03840481,11.40175425,13.60147051,12.08304597,12.72792206,10.29563014,14.4222051,10.29563014,15.62049935,10.29563014,14.2126704,7.615773106,12.80624847,8.602325267,12.80624847,8.602325267,12.80624847,10.29563014,14.2126704,6.708203932,14.2126704,10.29563014,12.80624847,8.544003745
16.2788206,4.472135955,17.20465053,3.605551275,18.43908891,3.605551275,16.64331698,2.828427125,17.02938637,4.242640687,17.80449381,3.605551275,19.20937271,3,17.80449381,5.099019514,18.43908891,3.16227766,16.2788206,2.236067977,17.02938637,3.605551275,17.69180601,5.099019514,17.80449381,4,16.2788206,5.099019514,16.97056275,2,16.2788206,4.123105626,15,5,16.2788206,4.123105626,16.97056275,4,14.86606875,3,15.62049935,4.472135955,15,5,13.45362405,3,14.86606875,6.32455532,14.2126704,6.08276253,14.14213562,6.08276253
4.242640687,16.2788206,7.211102551,17.80449381,5,17.69180601,6.403124237,18.43908891,7.071067812,17.69180601,6.403124237,17.80449381,6.403124237,16.2788206,5.830951895,16.2788206,5.830951895,16.97056275,7.280109889,17.69180601,6.32455532,18.38477631,5.830951895,16.2788206,7.280109889,14.2126704,7.211102551,16.2788206,7.071067812,16.2788206,6.32455532,15.62049935,5.385164807,15.62049935,6.708203932,15,4.123105626,15.62049935,5,16.2788206,6.32455532,15,4.123105626,14.86606875,4,14.86606875,4,16.2788206,3.16227766,14.86606875,5,15.55634919
1.414213562,14.86606875,3.16227766,17.02938637,1.414213562,17.02938637,1,18.60107524,1,17.69180601,1.414213562,17.02938637,2,17.02938637,3.16227766,16.2788206,3.16227766,16.40121947,2.236067977,16.2788206,2,16.2788206,3,17.69180601,3.16227766,17.69180601,4.123105626,17.02938637,3,15.62049935,4.472135955,17.02938637,4.123105626,16.2788206,3,15.55634919,2.236067977,14.14213562,3.16227766,14.14213562,2.828427125,15.62049935,4,15.55634919,3.16227766,13.45362405,3.16227766,14.86606875,2.828427125,14.2126704,3.605551275,13.45362405
4.472135955,15,6.32455532,14.86606875,5,15.62049935,5,13.45362405,5.656854249,15.62049935,3.605551275,13.45362405,6.708203932,12.80624847,7.071067812,14.86606875,5,15.8113883,5.385164807,14.4222051,6.708203932,14.86606875,5,12.80624847,5,15,8.062257748,14.14213562,5.830951895,12.80624847,7.211102551,13.45362405,8.062257748,12.20655562,6.403124237,12.04159458,7.211102551,14.86606875,5.830951895,12.80624847,5.385164807,12.72792206,4.472135955,12.72792206,5,12.72792206,6.32455532,13.45362405,6.32455532,12.80624847,4.123105626,14.2126704
6.403124237,16.2788206,7.810249676,16.2788206,7.810249676,16.40121947,6.403124237,17.02938637,8.062257748,17.69180601,7.071067812,16.2788206,7.211102551,16.2788206,8.062257748,13.45362405,9.219544457,16.2788206,8.94427191,13.45362405,8.062257748,14.14213562,7.071067812,14.86606875,8.062257748,14.2126704,8.544003745,15.62049935,6.403124237,16.2788206,8.94427191,16.97056275,9.055385138,15,4.123105626,12.72792206,6.403124237,14.2126704,6.08276253,14.86606875,8.544003745,13.45362405,7.071067812,13.45362405,4.472135955,14.2126704,4.123105626,14.86606875,6,16.2788206,5.099019514,13.45362405
16.40121947,13.41640786,17.02938637,13,16.64331698,11.18033989,16.2788206,12.20655562,14.86606875,12.52996409,15.62049935,12.52996409,17.80449381,10.29563014,16.40121947,12.20655562,15.62049935,10,14.86606875,10.63014581,16.97056275,10.29563014,16.40121947,9.219544457,16.2788206,8.485281374,16.97056275,9.219544457,19.10497317,7.810249676,17.69180601,9.899494937,15.55634919,9.219544457,17.69180601,7.615773106,17.69180601,10.81665383,15,7.810249676,17.69180601,8.485281374,13.45362405,8.602325267,14.86606875,10,15,11.40175425,16.40121947,10.81665383,14.4222051,10.63014581
13.41640786,13.45362405,11.40175425,11.66190379,10.63014581,13.45362405,10.81665383,14.86606875,11.40175425,15.55634919,10.29563014,14.14213562,11.40175425,12.80624847,11.40175425,15.62049935,10,13.45362405,10,14.86606875,10.63014581,14.2126704,10.63014581,13.03840481,8.602325267,15,9.219544457,12.72792206,11.40175425,12.04159458,11.3137085,14.2126704,10.63014581,13.60147051,11.3137085,11.40175425,10.81665383,15,9.433981132,12.80624847,10,11.40175425,10.81665383,13.03840481,10.63014581,13.45362405,10.29563014,13.60147051,12.04159458,13.60147051,12.04159458,13.41640786
14.86606875,5.099019514,15.55634919,6.708203932,14.14213562,5,14.86606875,5.385164807,13.45362405,5.830951895,15,5,15.62049935,4.242640687,13.45362405,2.828427125,14.2126704,3.16227766,12.80624847,4.123105626,14.86606875,4.242640687,14.86606875,4.472135955,13.03840481,5,16.2788206,5,15.62049935,2.828427125,14.86606875,4.242640687,14.2126704,3.605551275,16.97056275,5.099019514,14.86606875,4.472135955,15.62049935,4.123105626,13.45362405,4.472135955,14.2126704,5.830951895,13.45362405,5.099019514,15.55634919,5.830951895,14.14213562,6.32455532,13.45362405,5.385164807
15.55634919,6.08276253,16.40121947,5.385164807,17.02938637,5.656854249,17.02938637,3.16227766,17.69180601,4,16.2788206,5,17.69180601,2.236067977,16.97056275,5,17.69180601,1.414213562,12.20655562,5.385164807,15.62049935,2.828427125,16.2788206,2.828427125,14.14213562,4.242640687,15.62049935,4.472135955,16.2788206,2.828427125,19.10497317,4.472135955,15.8113883,3.16227766,14.86606875,5,15.62049935,4.123105626,14.86606875,5.830951895,15.55634919,6.32455532,16.40121947,5.830951895,13.45362405,4.123105626,15.62049935,7.615773106,14.86606875,6.32455532,16.2788206,6.32455532
17.20465053,3.605551275,17.80449381,2.236067977,15,2.828427125,17.02938637,2.236067977,17.80449381,2,17.02938637,2,15.62049935,2.828427125,17.69180601,4.123105626,16.40121947,3.16227766,15.55634919,4.242640687,18.43908891,3.605551275,14.86606875,3.605551275,16.2788206,3,14.86606875,2.236067977,14.86606875,2,16.2788206,5,12.20655562,4.123105626,16.2788206,3,16.2788206,3,15.62049935,3.605551275,13.45362405,2,16.97056275,4.123105626,14.14213562,2.236067977,14.2126704,3.16227766,14.14213562,3,14.86606875,3.16227766
9.433981132,15.26433752,10,15.62049935,8.602325267,15.26433752,10.63014581,15.26433752,9.219544457,14.2126704,9.219544457,14.86606875,9.899494937,14.4222051,10.63014581,13.45362405,11.66190379,12.80624847,10.81665383,15.26433752,9.219544457,13.45362405,11.66190379,13.45362405,12.52996409,14.86606875,10.81665383,13.45362405,12.20655562,15.62049935,8.602325267,13.45362405,9.848857802,12.72792206,10,12.52996409,9.899494937,12.72792206,9.219544457,12.04159458,8.94427191,13.03840481,9.433981132,11.66190379,8.062257748,12.04159458,8.062257748,13.45362405,7.810249676,12.80624847,8.062257748,12.80624847
5,16.40121947,4,17.80449381,4.123105626,15.62049935,5.656854249,17.80449381,4.472135955,17.80449381,5.385164807,17.69180601,5,16.40121947,5.830951895,17.02938637,7.211102551,16.97056275,7.615773106,17.69180601,6.403124237,16.97056275,7.071067812,15.62049935,6.708203932,16.97056275,5.830951895,17.02938637,7.211102551,14.14213562,6.708203932,14.14213562,5.830951895,16.2788206,6.708203932,14.2126704,5.830951895,13.45362405,5.830951895,14.14213562,5.830951895,14.14213562,3.605551275,14.86606875,5,13.45362405,5.385164807,14.86606875,3.605551275,14.14213562,4.123105626,15.62049935
9.848857802,15.55634919,8.94427191,17.69180601,8.602325267,17.80449381,9.219544457,17.02938637,7.071067812,17.80449381,9.219544457,17.80449381,5.656854249,16.40121947,7.810249676,17.80449381,5.656854249,17.20465053,5.830951895,16.64331698,6.708203932,18.02775638,6.403124237,17.80449381,7.615773106,16.40121947,6.32455532,16.40121947,6.708203932,17.02938637,8.544003745,16.97056275,5.385164807,15.62049935,8.544003745,15,6.32455532,17.02938637,6.708203932,15.62049935,6.08276253,15.62049935,7.615773106,13.45362405,7.615773106,14.14213562,6.708203932,15.62049935,8.602325267,15,9.433981132,15
14.14213562,9.433981132,17.20465053,10,16.2788206,7.211102551,16.64331698,9.219544457,16.2788206,7.810249676,16.40121947,9.433981132,15.8113883,8.602325267,16.1245155,7.810249676,16.40121947,8.602325267,15,9.486832981,16.40121947,8.485281374,15.62049935,7.615773106,17.20465053,8.94427191,15.62049935,8.94427191,15.62049935,6.708203932,15.55634919,7.615773106,16.40121947,6.08276253,14.14213562,8.544003745,14.2126704,6.708203932,15.62049935,8.544003745,13.03840481,8.062257748,12.80624847,6.708203932,10.63014581,9.848857802,12.20655562,9.433981132,13.45362405,9.433981132,11.40175425,9.848857802
9.899494937,16.1245155,10.63014581,14.2126704,12.04159458,14.2126704,11.40175425,14.4222051,10,13.60147051,11.40175425,15.62049935,11.40175425,16.2788206,11.40175425,14.2126704,10.63014581,14.86606875,12.80624847,14.86606875,11.40175425,14.14213562,12.08304597,14.14213562,12.08304597,14.2126704,11.66190379,13.45362405,13.03840481,11.40175425,11.18033989,14.2126704,10.29563014,13.60147051,9.848857802,13.41640786,11.18033989,13.45362405,9.848857802,12.52996409,8.94427191,12.20655562,9.433981132,11.40175425,9.486832981,13.03840481,7.280109889,13.60147051,8.544003745,13.60147051,7.615773106,11.40175425
16.2788206,4.472135955,17.20465053,3.605551275,18.43908891,3.605551275,16.64331698,2.828427125,17.02938637,4.242640687,17.80449381,3.605551275,19.20937271,3,17.80449381,5.099019514,18.43908891,3.16227766,16.2788206,2.236067977,17.02938637,3.605551275,17.69180601,5.099019514,17.80449381,4,16.2788206,5.099019514,16.97056275,2,16.2788206,4.123105626,15,5,16.2788206,4.123105626,16.97056275,4,14.86606875,3,15.62049935,4.472135955,15,5,13.45362405,3,14.86606875,6.32455532,14.2126704,6.08276253,14.14213562,6.08276253
5.830951895,15.62049935,6.403124237,17.02938637,7.211102551,17.20465053,7.071067812,16.40121947,9.219544457,15.62049935,7.211102551,15.55634919,7.211102551,16.2788206,5.830951895,15,6.32455532,16.97056275,7,16.2788206,7.280109889,16.2788206,8.246211251,15.55634919,8.544003745,15.55634919,7.211102551,15.62049935,7.280109889,14.86606875,7.280109889,14.14213562,7.615773106,14.14213562,7.280109889,14.86606875,8.246211251,14.86606875,7.071067812,14.2126704,5.099019514,14.2126704,5,14.86606875,5.099019514,13.45362405,7.071067812,13.45362405,5.099019514,14.2126704,5,14.86606875
5.099019514,18.35755975,5.830951895,18.60107524,4.472135955,18.43908891,5,19.10497317,4.472135955,18.60107524,6.403124237,15.62049935,5.656854249,17.69180601,6.708203932,15.62049935,6.403124237,15.62049935,5,15.65247584,4.472135955,18.60107524,5.830951895,14.14213562,7.211102551,16.97056275,7.211102551,15.55634919,6.708203932,15.8113883,5.656854249,16.2788206,7.615773106,15.8113883,6.708203932,14.14213562,4.472135955,15.55634919,5.385164807,15.62049935,5.099019514,13.45362405,3.605551275,13.45362405,5.830951895,14.2126704,5.830951895,16.40121947,5,15.55634919,2.236067977,15
10.63014581,13.45362405,9.219544457,14.86606875,7.211102551,14.2126704,7.810249676,16.64331698,7.071067812,14.2126704,8.485281374,13.89244399,8.485281374,16.40121947,7.211102551,15,8.602325267,13.60147051,8.062257748,12.80624847,8.94427191,17.02938637,8.062257748,16.1245155,7.211102551,14.2126704,6.708203932,14.86606875,6.32455532,13.89244399,8.94427191,16.40121947,7.211102551,15,9.486832981,12.52996409,8.544003745,13.03840481,8.602325267,12.80624847,8.544003745,12.80624847,6.32455532,13.03840481,8.246211251,10,8.544003745,11.66190379,9.433981132,10.81665383,8.602325267,10
11.40175425,15.26433752,10,17,9.899494937,17.49285568,12.80624847,17.49285568,12.04159458,15.65247584,12.52996409,14.4222051,13.45362405,14.2126704,12.80624847,15.62049935,12.04159458,13.45362405,13.45362405,14.86606875,13.45362405,13.89244399,12.20655562,13.45362405,12.80624847,12.72792206,12.80624847,12.20655562,12.04159458,13.45362405,13.45362405,12.72792206,16.2788206,12.04159458,13.45362405,12.04159458,12.04159458,10,12.80624847,12.80624847,10.81665383,10.63014581,12.80624847,10.63014581,13.45362405,10.63014581,10.63014581,13.45362405,11.3137085,14.14213562,8.062257748,11.3137085
9.848857802,15.55634919,8.94427191,15,7.071067812,14.86606875,8.485281374,16.2788206,6.403124237,16.2788206,7.810249676,17.02938637,7.071067812,17.02938637,7.071067812,15,8.062257748,15,9.486832981,15.26433752,8.062257748,14.2126704,7.615773106,16.40121947,5.830951895,15.62049935,6.08276253,14.4222051,8.246211251,14.2126704,6.08276253,14.86606875,6.32455532,14.2126704,6.32455532,14.86606875,6.32455532,15.62049935,8.062257748,11.40175425,7,12.04159458,8.062257748,12.72792206,9.219544457,14.14213562,8.94427191,13.45362405,7.615773106,13.03840481,9.433981132,13.60147051
5,17.20465053,5.099019514,17.69180601,3,17.80449381,6.32455532,19.20937271,2,17.69180601,3,17.69180601,0,17.80449381,0,17.69180601,3.605551275,16.2788206,1.414213562,16.40121947,2.236067977,17.02938637,1,16.2788206,2.236067977,17.69180601,2.236067977,18.38477631,0,17.69180601,2.236067977,16.97056275,2.828427125,15.55634919,1.414213562,16.2788206,1,15.55634919,2,16.2788206,3.605551275,15.62049935,3,15.55634919,1.414213562,14.86606875,2.236067977,16.2788206,2.236067977,16.2788206,3.16227766,14.86606875
6.08276253,14.86606875,6,15.62049935,4.123105626,16.97056275,5.385164807,17.02938637,4.472135955,14.14213562,3.605551275,14.86606875,5,15,2.828427125,15.8113883,3.16227766,15.8113883,2.236067977,13.89244399,3.16227766,15.62049935,3.16227766,15.62049935,2.236067977,16.2788206,2.236067977,17.02938637,2.236067977,13.45362405,3.16227766,15.55634919,3,16.2788206,4,14.2126704,2.236067977,13.45362405,3.16227766,14.14213562,2,13.45362405,2.828427125,16.2788206,1,14.14213562,6,14.2126704,4,14.14213562,5,12.72792206
13.60147051,9.433981132,17.02938637,10.29563014,14.86606875,11.66190379,15.62049935,11.66190379,15.62049935,8.602325267,15.62049935,9.899494937,17.02938637,9.219544457,14.4222051,8.602325267,17.02938637,8.485281374,15.55634919,9.899494937,16.40121947,8.062257748,15.62049935,10,15.8113883,9.433981132,16.64331698,9.433981132,15,8.062257748,15,7.615773106,16.64331698,8.94427191,14.14213562,8.246211251,15,8.544003745,13.89244399,9.433981132,12.80624847,11.18033989,14.4222051,8.544003745,11.40175425,10.29563014,14.2126704,9.433981132,13.60147051,9.433981132,13.03840481,10.29563014
12.80624847,11.66190379,12.72792206,13.03840481,14.2126704,13.89244399,12.72792206,11.66190379,14.2126704,12.20655562,13.45362405,11.40175425,14.14213562,11.3137085,13.45362405,10.63014581,13.45362405,10.63014581,10.81665383,10,14.2126704,10.63014581,14.86606875,11.3137085,13.45362405,10.63014581,14.86606875,10,14.86606875,10.63014581,14.14213562,8.602325267,13.45362405,10.81665383,14.2126704,9.433981132,13.45362405,10,12.80624847,10,11.40175425,10,13.60147051,10.63014581,11.40175425,9.433981132,12.20655562,10.63014581,12.04159458,10.63014581,12.80624847,10.63014581
17.02938637,4.472135955,17.80449381,5,17.80449381,6.32455532,18.43908891,5.099019514,15,3.16227766,17.69180601,2.236067977,18.60107524,3.16227766,17.02938637,4.472135955,17.69180601,2,18.38477631,3.16227766,19.20937271,3.605551275,17.20465053,3,16.40121947,3.16227766,16.40121947,5,16.2788206,2.236067977,17.02938637,2.236067977,16.2788206,4.123105626,16.2788206,4.123105626,14.2126704,3.16227766,14.86606875,4.123105626,14.86606875,5.385164807,15.55634919,4.123105626,15.55634919,5,15.55634919,6.08276253,14.86606875,6.08276253,16.2788206,6
18.02775638,2,15.55634919,1,17.69180601,1.414213562,17.20465053,1.414213562,17.69180601,1,18.43908891,2.236067977,17.80449381,3,17.02938637,3.16227766,18.43908891,2.828427125,16.97056275,3.605551275,17.69180601,4.123105626,16.2788206,3.605551275,17.69180601,3.605551275,15.62049935,3.605551275,15,2.236067977,16.2788206,4.472135955,15.55634919,6.403124237,15.62049935,3,15.55634919,3.605551275,14.86606875,3.605551275,14.14213562,3.16227766,14.14213562,2.828427125,13.45362405,5.099019514,14.86606875,4,12.72792206,5.099019514,14.86606875,3
10.63014581,16.64331698,8.485281374,17.69180601,9.219544457,17.20465053,10,17.20465053,9.899494937,15.62049935,7.810249676,15.26433752,12.04159458,14.86606875,10.29563014,15.62049935,10.81665383,13.89244399,10,12.72792206,11.40175425,14.86606875,10,14.2126704,12.52996409,14.2126704,11.18033989,14.2126704,10.81665383,13.45362405,10.29563014,15.55634919,11.66190379,12.20655562,7.810249676,14.2126704,11.40175425,14.86606875,8.062257748,12.80624847,8.602325267,12.80624847,9.433981132,14.2126704,7.211102551,11.66190379,8.062257748,15.8113883,7.211102551,15,8.94427191,15.62049935
10.63014581,14.4222051,14.76482306,14.76482306,11.40175425,14.4222051,11.3137085,15.26433752,12.04159458,13.89244399,12.72792206,14.14213562,11.40175425,14.2126704,13.89244399,11.3137085,13.45362405,12.04159458,13.45362405,13.45362405,14.2126704,13.45362405,15,12.20655562,13.41640786,11.40175425,12.20655562,13.60147051,12.80624847,11.3137085,13.89244399,9.433981132,12.04159458,10.81665383,12.20655562,10.81665383,11.3137085,10.81665383,13.60147051,11.66190379,11.66190379,12.20655562,10.63014581,10.63014581,10.63014581,11.18033989,9.899494937,12.04159458,10.29563014,12.04159458,9.848857802,13.45362405
3.605551275,17.80449381,3.16227766,17.80449381,2.236067977,18.60107524,3.16227766,19.20937271,1.414213562,17.20465053,2.236067977,17.80449381,2,17.80449381,1.414213562,17.02938637,1.414213562,17.20465053,3.16227766,15,2.236067977,19.41648784,2,16.40121947,5.099019514,16.97056275,4.472135955,17.69180601,3.16227766,17.02938637,3.605551275,17.02938637,3.605551275,15.55634919,2.236067977,15.62049935,2.828427125,14.86606875,3.605551275,14.86606875,2.828427125,16.2788206,2.236067977,14.14213562,4.123105626,14.14213562,3.16227766,15.62049935,3.16227766,14.86606875,3.16227766,15.62049935
14.76482306,15.62049935,11.18033989,14.86606875,9.219544457,14.14213562,12.04159458,17.02938637,12.04159458,14.86606875,12.72792206,17.20465053,11.40175425,17.02938637,11.3137085,15.62049935,12.04159458,13.60147051,10.81665383,14.4222051,12.04159458,15.26433752,12.04159458,16.64331698,11.66190379,15.8113883,10,13.60147051,9.848857802,16.1245155,10.77032961,15.8113883,9.433981132,15.26433752,12.52996409,14.86606875,11.18033989,15.8113883,9.486832981,14.2126704,12.52996409,13.45362405,9.848857802,12.20655562,10.81665383,12.80624847,11.18033989,11.66190379,10.63014581,11.66190379,10.81665383,11.66190379
6.32455532,16.97056275,5.830951895,17.02938637,4.472135955,19.10497317,3.605551275,19.10497317,5.830951895,17.20465053,5.830951895,17.69180601,6.403124237,19.10497317,5,19.10497317,3.605551275,20.80865205,2.236067977,19.10497317,5.385164807,20.51828453,4,18.43908891,4.123105626,19.10497317,5,17.02938637,5.099019514,17.69180601,4.123105626,18.43908891,5.099019514,17.69180601,3,19.10497317,4.123105626,16.2788206,5,17.69180601,5.385164807,15.62049935,5.099019514,16.2788206,5.385164807,16.40121947,5.099019514,15.62049935,6.08276253,15.62049935,5.830951895,15
16.40121947,5.830951895,17.20465053,5.830951895,17.80449381,5.385164807,19.84943324,4.472135955,19.20937271,6.708203932,17.80449381,6.403124237,19.10497317,7.810249676,17.02938637,6.403124237,18.43908891,6.708203932,18.43908891,8.062257748,16.2788206,7.810249676,16.40121947,7.615773106,14.86606875,7.211102551,14.86606875,8.602325267,16.97056275,10.29563014,17.02938637,9.486832981,14.86606875,8.602325267,17.80449381,8.94427191,17.02938637,7.810249676,15.8113883,8.062257748,15,5.830951895,13.60147051,7.280109889,14.2126704,5.830951895,16.97056275,5.656854249,14.86606875,5.830951895,16.2788206,4.123105626
12.20655562,15.62049935,11.66190379,15.62049935,11.66190379,13.45362405,13.92838828,14.86606875,9.433981132,16.40121947,12.04159458,14.86606875,10,15,13.45362405,15.62049935,10.63014581,17.20465053,12.72792206,16.2788206,12.04159458,16.2788206,10,18.02775638,9.219544457,15,11.40175425,17.02938637,11.66190379,17.02938637,12.20655562,16.2788206,8.602325267,15,10.44030651,13.45362405,9.433981132,16.2788206,12.80624847,15.26433752,8.94427191,14.14213562,12.20655562,14.86606875,10.81665383,13.45362405,11.66190379,12.04159458,12.80624847,12.20655562,12.04159458,13.60147051
15.55634919,5,17.69180601,4.472135955,16.64331698,7.810249676,15.62049935,9.899494937,17.69180601,5.830951895,20,7.071067812,14.4222051,7.615773106,18.38477631,7.211102551,20.61552813,10,17.02938637,7.810249676,17.69180601,6.708203932,18.43908891,5.830951895,16.97056275,7.615773106,16.2788206,5.385164807,14.14213562,6.403124237,14.4222051,7.211102551,15.62049935,7.280109889,17.02938637,8.062257748,15.55634919,8.544003745,14.76482306,9.433981132,16.97056275,9.433981132,14.4222051,5.656854249,15,6.32455532,16.40121947,6.403124237,17.69180601,2.828427125,17.02938637,7.071067812
15.55634919,8.062257748,16.2788206,8.062257748,14.86606875,8.602325267,16.2788206,9.433981132,14.86606875,8.602325267,15.55634919,7.810249676,17.02938637,7.071067812,16.40121947,7.071067812,17.69180601,7.071067812,17.02938637,7.071067812,17.69180601,7.071067812,17.02938637,5.830951895,16.40121947,7.810249676,17.02938637,5.830951895,16.2788206,6.403124237,16.2788206,7.211102551,16.2788206,6.08276253,17.02938637,6.708203932,14.86606875,7.615773106,15.55634919,6.708203932,16.2788206,5.830951895,15.62049935,7.615773106,15.55634919,6.708203932,16.2788206,7.211102551,14.86606875,8.062257748,14.2126704,8.062257748
3.605551275,16.40121947,2.236067977,16.2788206,3.16227766,18.43908891,3.16227766,16.40121947,1,17.69180601,1,20.51828453,3.16227766,19.10497317,2.236067977,16.97056275,3.16227766,15,1,15.55634919,2.236067977,19.10497317,1.414213562,16.97056275,1.414213562,17.69180601,3.16227766,17.02938637,1.414213562,16.2788206,1.414213562,17.80449381,2,17.02938637,2,16.2788206,3.605551275,17.02938637,1,17.69180601,2.236067977,16.97056275,1,17.02938637,1.414213562,17.69180601,1.414213562,15.62049935,4.242640687,14.4222051,2,17.20465053
14.86606875,3.605551275,14.14213562,4.472135955,14.86606875,4.472135955,16.2788206,1,15.55634919,4.472135955,16.2788206,3.605551275,15.62049935,1.414213562,16.2788206,1.414213562,15.55634919,1.414213562,15.55634919,1,16.97056275,2.236067977,16.40121947,3,14.86606875,1,14.86606875,2.236067977,14.86606875,1.414213562,16.40121947,3.605551275,15.55634919,2,15.55634919,2,14.86606875,4,13.45362405,3.605551275,12.80624847,3,14.14213562,2.236067977,12.72792206,1.414213562,13.45362405,3.16227766,14.14213562,3.605551275,15.55634919,3
6,16.97056275,4.123105626,19.10497317,3,17.69180601,3.605551275,20.61552813,4.472135955,20.51828453,5.099019514,21.26029163,3.605551275,19.84943324,3,17.80449381,3.605551275,19.10497317,4.472135955,18.38477631,3.16227766,18.38477631,1.414213562,18.43908891,2.828427125,19.84943324,2,19.20937271,5,20.61552813,3,17.69180601,3.16227766,19.10497317,2.236067977,17.69180601,5,18.43908891,4.123105626,19.20937271,4.123105626,18.38477631,3,17.69180601,3.605551275,16.2788206,3,17.69180601,7.071067812,18.38477631,5,14.86606875
16.40121947,5,17.69180601,3.605551275,18.02775638,4.242640687,17.49285568,4.242640687,14.86606875,6.403124237,13.89244399,6.403124237,15,5,17.02938637,3.605551275,14.86606875,5.830951895,14.86606875,5.656854249,15.62049935,4.472135955,14.86606875,5.385164807,14.86606875,8.246211251,14.86606875,6.708203932,14.14213562,5.385164807,13.60147051,7.280109889,14.86606875,6.708203932,13.60147051,4.242640687,12.72792206,5.385164807,13.45362405,5,13.45362405,5.385164807,12.72792206,2.236067977,15.55634919,6,13.45362405,4,13.60147051,5.099019514,12.72792206,3.16227766
2.828427125,18.43908891,3.605551275,20.61552813,3.16227766,19.20937271,3.16227766,20.24845673,3.16227766,18.43908891,1,18.43908891,1,19.10497317,1.414213562,18.38477631,2.236067977,17.80449381,1.414213562,17.69180601,3.16227766,18.43908891,2,18.38477631,3.16227766,19.10497317,2.828427125,19.84943324,2.236067977,17.02938637,4,18.38477631,2,18.38477631,2,16.2788206,4,18.43908891,4,16.2788206,2,16.97056275,4,17.80449381,2.236067977,16.40121947,1,17.02938637,2.236067977,18.38477631,4.472135955,16.2788206
8.602325267,16.2788206,11.3137085,15,10.63014581,16.2788206,11.40175425,15,10.63014581,16.97056275,10.63014581,15.55634919,11.40175425,15.55634919,11.40175425,14.14213562,10.29563014,15,10.77032961,12.80624847,10.81665383,15,10.81665383,12.80624847,10.29563014,15,11.66190379,14.2126704,11.40175425,15.55634919,10.29563014,14.76482306,10.81665383,15,10,14.4222051,12.08304597,14.4222051,10.77032961,14.4222051,9.219544457,15.62049935,10.29563014,15.8113883,7.211102551,14.4222051,7.615773106,13.89244399,8.544003745,15,7.615773106,14.2126704
10.81665383,15.8113883,10.29563014,16.2788206,9.219544457,18.86796226,10.81665383,16.2788206,8.485281374,14.4222051,11.3137085,14.14213562,10.63014581,14.86606875,13.45362405,14.2126704,9.433981132,15.62049935,8.544003745,13.60147051,10,14.86606875,13.03840481,14.4222051,10.81665383,13.45362405,10,14.86606875,10,11.3137085,11.3137085,15.8113883,10.63014581,13.03840481,10.63014581,13.03840481,12.72792206,13.60147051,12.04159458,11.40175425,12.04159458,12.04159458,9.899494937,12.72792206,8.602325267,14.2126704,10.63014581,13.45362405,11.40175425,12.80624847,8.485281374,14.2126704
6.708203932,14.86606875,2,17.69180601,5.830951895,17.69180601,1,17.02938637,2.236067977,18.43908891,4,17.80449381,3.16227766,18.60107524,2.236067977,16.97056275,2,17.69180601,2.236067977,17.20465053,5,19.10497317,3.605551275,17.69180601,4.123105626,18.43908891,6.708203932,18.60107524,5.385164807,16.97056275,4,17.69180601,5.099019514,17.02938637,3.16227766,17.02938637,2,15.62049935,6,18.43908891,5,16.2788206,3.605551275,17.69180601,5.385164807,17.02938637,1.414213562,18.38477631,7.071067812,14.14213562,2,14.86606875
7.211102551,17.20465053,5.385164807,15.62049935,7.810249676,15.8113883,7.810249676,16.40121947,7.810249676,16.40121947,7.211102551,14.86606875,7.810249676,14.86606875,6.403124237,14.86606875,7.071067812,13.45362405,8.602325267,13.45362405,8.485281374,13.45362405,8.602325267,15.55634919,9.219544457,14.14213562,8.485281374,15.55634919,7.810249676,12.72792206,8.602325267,14.14213562,9.219544457,14.2126704,8.062257748,14.86606875,7.810249676,13.45362405,8.062257748,13.45362405,7.211102551,12.72792206,8.485281374,14.86606875,7.211102551,13.60147051,8.062257748,14.86606875,8.062257748,14.14213562,6.708203932,13.45362405
5,24.08318916,2.236067977,24.08318916,2.236067977,22.8035085,1,24.04163056,4.123105626,22.02271555,1,21.26029163,4.472135955,22.8035085,0,22.02271555,3.605551275,21.9317122,4.472135955,19.41648784,2.828427125,21.21320344,2,21.21320344,2.236067977,20.51828453,2.236067977,21.26029163,5,18.38477631,5.385164807,19.10497317,3.16227766,22.6715681,4.123105626,19.84943324,3.16227766,19.10497317,5,20.61552813,2.828427125,18.60107524,4,19.10497317,5.099019514,17.80449381,5.099019514,20.51828453,5,19.20937271,5.099019514,19.41648784
16.40121947,13.45362405,14.2126704,12.80624847,15.62049935,14.2126704,15,15,14.86606875,14.4222051,15.55634919,14.2126704,13.45362405,15.62049935,13.45362405,14.4222051,14.86606875,15,15,13.89244399,14.76482306,15.8113883,15,15.8113883,13.03840481,14.4222051,13.60147051,13.60147051,13.60147051,13.60147051,14.4222051,14.4222051,13.60147051,15,13.60147051,14.2126704,13.89244399,13.60147051,14.4222051,13.03840481,12.20655562,12.04159458,13.03840481,13.03840481,13.03840481,11.40175425,13.45362405,10.29563014,12.04159458,12.20655562,15.62049935,10.29563014
17.02938637,3.16227766,16.64331698,2.236067977,15.62049935,3.605551275,17.80449381,2,15.62049935,1,17.02938637,1,15.62049935,2.828427125,17.20465053,2.828427125,19.10497317,2,17.69180601,3.16227766,18.43908891,2.236067977,16.97056275,3.605551275,14.86606875,6.403124237,13.45362405,3.605551275,14.86606875,3,14.86606875,3.16227766,14.2126704,2.236067977,15,4.123105626,14.14213562,2.828427125,15.62049935,4.123105626,16.2788206,4.123105626,14.14213562,4,13.45362405,4.123105626,15.62049935,4.472135955,14.14213562,5.099019514,16.2788206,4
5,19.84943324,1.414213562,19.20937271,3.16227766,20,2,22.20360331,2.236067977,19.79898987,3.605551275,21.40093456,4.472135955,19.20937271,5,21.26029163,4.123105626,17.69180601,6.08276253,18.43908891,5.385164807,20.51828453,4.472135955,19.84943324,5.099019514,18.38477631,5,18.43908891,4,19.10497317,5.385164807,21.21320344,7.615773106,20.51828453,5.099019514,18.43908891,6.32455532,20.51828453,6.08276253,17.69180601,5.099019514,18.43908891,5,19.10497317,7.071067812,17.69180601,8.062257748,18.38477631,8.544003745,18.38477631,7.071067812,18.38477631
8.602325267,10.63014581,9.848857802,13.45362405,7.211102551,13.45362405,7.615773106,13.03840481,9.219544457,13.03840481,8.602325267,13.03840481,9.219544457,13.89244399,8.485281374,13.60147051,8.485281374,13.89244399,7.071067812,13.60147051,7.211102551,14.2126704,8.94427191,14.4222051,6.708203932,12.80624847,8.062257748,13.60147051,8.544003745,12.20655562,7.615773106,13.60147051,8.246211251,13.03840481,9.433981132,11.18033989,9.486832981,10,8.94427191,11.66190379,8.544003745,11.66190379,7.071067812,11.66190379,8.94427191,10,9.433981132,12.20655562,9.486832981,9.433981132,9.219544457,10
16.40121947,7.280109889,13.60147051,5,15.55634919,5.099019514,15.8113883,5,15.8113883,5.656854249,15.62049935,6.403124237,15.8113883,7.810249676,13.45362405,6.403124237,16.97056275,6.403124237,15.62049935,7.810249676,16.97056275,7.810249676,14.86606875,7.280109889,13.45362405,5.830951895,13.45362405,6.708203932,12.80624847,8.94427191,14.86606875,6.708203932,15.8113883,6.403124237,13.60147051,5,14.14213562,7.211102551,13.45362405,7.615773106,14.4222051,7.615773106,12.80624847,7.211102551,13.45362405,5.385164807,13.60147051,5.385164807,13.45362405,5.656854249,13.60147051,6.32455532
5.385164807,16.40121947,6.403124237,16.40121947,7.810249676,17.02938637,7.211102551,17.02938637,7.211102551,16.97056275,7.211102551,15.62049935,8.062257748,14.86606875,7.211102551,15.62049935,7.615773106,14.86606875,10.44030651,16.40121947,7.615773106,16.2788206,7.280109889,15.55634919,8.544003745,18.38477631,9.219544457,17.02938637,9.055385138,14.86606875,7.280109889,16.40121947,8.246211251,14.86606875,6.08276253,17.02938637,7.280109889,13.45362405,6.32455532,14.86606875,7,13.03840481,6.32455532,14.86606875,5.830951895,12.08304597,6.32455532,14.86606875,5.099019514,14.14213562,5,15.62049935
16.2788206,6.08276253,16.2788206,6.08276253,17.02938637,5.385164807,16.97056275,5.385164807,18.43908891,6.32455532,18.43908891,3.605551275,17.80449381,3.16227766,17.20465053,5,16.97056275,3.16227766,16.40121947,2,18.43908891,4.472135955,17.80449381,3.605551275,16.97056275,4.242640687,15.55634919,3,17.02938637,0,16.2788206,2,16.2788206,2.236067977,17.02938637,4,16.97056275,3.605551275,14.86606875,4,16.2788206,3,16.2788206,3.16227766,14.86606875,2,16.97056275,3,17.02938637,5,14.86606875,4.123105626
4.123105626,16.40121947,3,20,2,19.79898987,3.16227766,20,3.605551275,20.61552813,2.828427125,21.21320344,3,17.80449381,2.236067977,20.51828453,3.16227766,20.61552813,3.16227766,19.84943324,3.605551275,21.26029163,5.099019514,18.43908891,3.16227766,19.84943324,3.16227766,19.10497317,3.605551275,19.79898987,5,18.38477631,5,21.21320344,4,16.97056275,4,18.38477631,5.099019514,18.38477631,5.099019514,18.38477631,5.385164807,16.97056275,5.099019514,16.2788206,7.280109889,17.69180601,5,17.69180601,6.08276253,18.43908891
15.55634919,6.708203932,14.86606875,5.830951895,14.86606875,6.08276253,15.62049935,8.246211251,16.2788206,6.708203932,12.72792206,7.071067812,14.2126704,5.830951895,14.86606875,6.708203932,14.14213562,4.472135955,13.60147051,5,15.62049935,4.242640687,14.4222051,4.123105626,15.55634919,5,15,5.099019514,13.45362405,5,15.55634919,4.472135955,13.45362405,4.123105626,15.55634919,3,14.14213562,4.472135955,14.86606875,4.123105626,13.45362405,5,12.72792206,5,12.04159458,5.830951895,14.86606875,7.615773106,14.14213562,5.830951895,14.14213562,6.708203932
5.099019514,17.02938637,7.071067812,18.43908891,5.830951895,20,3.16227766,17.80449381,5,19.84943324,5,18.38477631,5,17.02938637,3.605551275,18.38477631,6.403124237,17.69180601,7.211102551,17.69180601,6.32455532,17.69180601,5,17.69180601,7.211102551,17.02938637,7.211102551,18.38477631,6.08276253,18.43908891,5.385164807,16.97056275,7.211102551,16.97056275,5,17.20465053,3.605551275,16.97056275,5,16.40121947,5,16.2788206,4.472135955,15.62049935,5.830951895,15,5.385164807,17.02938637,5.099019514,18.38477631,4.123105626,16.97056275
2,15.55634919,2.828427125,17.02938637,1,17.69180601,2.236067977,18.02775638,1.414213562,17.69180601,3.16227766,17.69180601,2.828427125,18.43908891,0,17.69180601,2,17.69180601,1,15.62049935,3.16227766,19.79898987,2,17.69180601,2,18.38477631,2.828427125,17.69180601,3,17.02938637,2.236067977,18.38477631,2.236067977,16.2788206,2.828427125,17.69180601,3,16.97056275,3.16227766,17.69180601,2,17.69180601,1.414213562,14.86606875,2.236067977,14.86606875,6.708203932,15.62049935,3.16227766,17.02938637,2,17.02938637
18.43908891,2.236067977,18.60107524,3.16227766,18.43908891,2.236067977,19.84943324,1,18.43908891,2.828427125,17.69180601,1,16.2788206,1,19.10497317,2.236067977,18.43908891,3,17.02938637,2,20.61552813,4,18.43908891,3.16227766,17.02938637,3.605551275,17.69180601,3,17.69180601,4.123105626,19.10497317,3.16227766,18.38477631,4,17.02938637,2.236067977,17.69180601,4.123105626,19.10497317,3,17.02938637,3.16227766,18.43908891,2,17.02938637,4.123105626,17.69180601,2.236067977,19.10497317,3.16227766,17.69180601,3.16227766
6.708203932,13.45362405,9.433981132,13.45362405,9.219544457,14.4222051,9.219544457,16.2788206,9.219544457,15,8.485281374,15.55634919,8.485281374,16.40121947,9.219544457,15.55634919,9.219544457,13.45362405,9.433981132,14.2126704,8.94427191,14.14213562,9.219544457,15.62049935,8.602325267,15.62049935,8.602325267,15.55634919,10,16.2788206,8.602325267,14.86606875,10.29563014,15.55634919,7.810249676,14.2126704,9.433981132,15,8.062257748,14.86606875,8.94427191,14.86606875,7.211102551,15.8113883,6.403124237,13.60147051,7.211102551,14.86606875,8.062257748,15.55634919,8.062257748,14.14213562
5,17.02938637,3.16227766,18.43908891,1.414213562,19.41648784,5.385164807,19.41648784,5,17.69180601,5.385164807,17.69180601,5,18.43908891,5.099019514,18.38477631,5.830951895,19.20937271,5,17.02938637,6.32455532,17.69180601,8.062257748,17.02938637,6.08276253,16.2788206,6.08276253,16.40121947,5.830951895,18.43908891,3.16227766,18.38477631,5.385164807,16.97056275,6.32455532,16.40121947,7.071067812,19.10497317,5,15.55634919,6,17.80449381,3.16227766,14.86606875,5.099019514,16.40121947,5.385164807,17.02938637,3.16227766,18.43908891,5.099019514,18.43908891
17.69180601,10.29563014,18.38477631,8.485281374,18.43908891,10.81665383,15.26433752,8.602325267,18.38477631,9.219544457,17.02938637,8.062257748,16.2788206,7.810249676,17.69180601,7.810249676,16.40121947,7.211102551,16.1245155,9.219544457,17.80449381,8.062257748,17.02938637,8.94427191,17.80449381,9.433981132,19.20937271,8.602325267,18.43908891,9.848857802,17.69180601,8.062257748,19.41648784,8.94427191,16.2788206,8.062257748,16.40121947,10.29563014,14.86606875,8.94427191,16.40121947,7.810249676,15.62049935,8.544003745,14.2126704,10,15.26433752,10,15.62049935,8.94427191,13.60147051,8.062257748
8.602325267,19.20937271,7.810249676,14.4222051,8.602325267,16.97056275,12.04159458,19.20937271,10,18.60107524,7.211102551,15.62049935,8.602325267,17.20465053,6.708203932,16.2788206,7.615773106,16.2788206,8.246211251,16.97056275,9.848857802,16.97056275,9.219544457,15.62049935,10.77032961,16.2788206,9.219544457,16.2788206,8.544003745,15,8.94427191,15.62049935,9.848857802,16.2788206,8.544003745,17.20465053,7.615773106,16.1245155,8.94427191,15.8113883,8.544003745,15.62049935,8.062257748,16.40121947,6.32455532,16.40121947,9.055385138,15.8113883,7.211102551,16.2788206,8.062257748,15.26433752
5.099019514,19.20937271,5.099019514,19.84943324,4,21.26029163,5.099019514,20,5.385164807,20,6.708203932,19.79898987,4.472135955,20.61552813,4.472135955,19.41648784,4.123105626,19.41648784,5,17.80449381,4.123105626,19.41648784,4.242640687,19.84943324,4.123105626,19.10497317,2,19.41648784,4.472135955,16.97056275,3.16227766,19.84943324,4,16.97056275,4.123105626,19.84943324,4,17.69180601,4,15.55634919,6,16.40121947,5.099019514,17.80449381,4,17.02938637,5.385164807,17.02938637,5.099019514,16.40121947,5.385164807,18.02775638
18.43908891,5.385164807,18.43908891,7.280109889,17.80449381,6.708203932,18.60107524,6.403124237,19.10497317,5.385164807,18.60107524,3.605551275,18.60107524,5.830951895,19.41648784,4.472135955,18.60107524,3.16227766,19.20937271,5,20,5.385164807,19.10497317,3.16227766,19.79898987,4.472135955,17.69180601,5,17.69180601,5.099019514,17.69180601,5.099019514,17.80449381,5.385164807,17.80449381,4,17.80449381,3,17.02938637,4.123105626,15.55634919,5.830951895,17.02938637,4,16.40121947,5,17.02938637,6.708203932,15.62049935,7.280109889,15,6.32455532
53.03772242,65.80273551,51.623638,72.12489168,54.56189146,71.40028011,53.53503526,66.21933252,52.0096145,62.36986452,56.5862174,62.36986452,61.6116872,60.87692502,52.32590181,55.22680509,61.91122677,60.10823571,59.16924877,52.32590181,63.78087488,58.72818744,61.7170965,67.47592163,61.05735009,62.28964601,62.00806399,58.25804665,57.14017851,60.21627687,57.62811814,57.45432969,58.82176468,53.07541804,52.43090692,51.03920062,56.08029957,53.07541804,53,54.03702434,52.49761899,52.47856705,44.10215414,47.50789408,38.89730068,43.829214,45.48626166,59.54829972,47.16990566,53.75872022,35.60898763,57.31491952
5.830951895,17.20465053,7.211102551,19.20937271,7.810249676,19.10497317,8.062257748,19.84943324,7.810249676,18.60107524,8.602325267,17.02938637,8.94427191,18.43908891,10,18.38477631,9.433981132,17.02938637,10.81665383,16.2788206,8.94427191,17.69180601,8.94427191,18.43908891,9.848857802,18.38477631,7.615773106,16.2788206,10.29563014,17.69180601,7.615773106,18.43908891,9.486832981,15.62049935,6.32455532,16.40121947,7.615773106,15,7.280109889,16.40121947,8.246211251,14.86606875,8.246211251,15.62049935,6.08276253,15.62049935,6.08276253,17.02938637,6.08276253,15.55634919,6.08276253,16.2788206
17.69180601,6.32455532,17.69180601,6.32455532,19.20937271,6.403124237,18.60107524,6.708203932,19.84943324,5,19.84943324,5,18.60107524,2.828427125,19.20937271,4.472135955,19.84943324,2.236067977,19.79898987,3.605551275,19.10497317,4.123105626,19.10497317,5.099019514,18.43908891,5.099019514,19.10497317,4,19.20937271,4,19.79898987,5.099019514,17.69180601,4.123105626,19.10497317,6,17.69180601,5.099019514,17.80449381,5.385164807,17.69180601,5.099019514,17.69180601,5.830951895,17.02938637,4.472135955,15.62049935,8.544003745,16.2788206,5.830951895,15.62049935,6.32455532
35.77708764,44.14748011,20.61552813,46.66904756,48.08326112,31.2409987,52.39274759,58.18075283,38.58756276,25.49509757,18.86796226,30.41381265,50.20956084,47.42362281,34,44.59820624,37.21558813,51.66236541,26.40075756,33.60059523,49.49747468,52.63078947,33.54101966,55.97320788,50.28916384,35.80502758,42.48529157,44.77722635,23.70653918,57.00877125,33.12099032,50.44799302,54.20332093,41.34005322,46.84015371,34.92849839,30.8058436,48.70318265,5.099019514,53.33854141,19.31320792,40.16217126,36.01388621,44.27188724,16.2788206,36,32.31098884,36.40054945,28.01785145,53.26349594,25.07987241,43.41658669
11.3137085,10.81665383,12.04159458,11.66190379,13.60147051,12.04159458,9.433981132,9.219544457,13.03840481,10,8.602325267,9.848857802,13.45362405,10.81665383,14.2126704,10.63014581,13.89244399,13,10,13,11.40175425,10.63014581,15,8.485281374,10.44030651,8.602325267,12.04159458,8.485281374,12.20655562,7.211102551,12.80624847,8.94427191,13.45362405,13.03840481,10,7.211102551,12.04159458,9.219544457,12.04159458,7.211102551,17.08800749,7.810249676,9.433981132,8.602325267,11.40175425,12.80624847,11.66190379,13.60147051,11.40175425,10,8.602325267,10.81665383
4.472135955,17.02938637,2,15.55634919,4.123105626,16.40121947,2,17.02938637,1.414213562,17.02938637,3,16.64331698,2.236067977,17.80449381,3.16227766,16.2788206,3.16227766,16.2788206,4,17.69180601,2,17.69180601,4.123105626,17.80449381,4.123105626,16.2788206,5.385164807,18.43908891,5.099019514,15.62049935,5.099019514,16.97056275,7,16.2788206,3,15,3,17.02938637,4.123105626,14.86606875,4.123105626,13.03840481,5,13.45362405,4.123105626,14.86606875,2.236067977,14.2126704,4.123105626,14.86606875,3.16227766,14.86606875
10,13.60147051,10.63014581,14.2126704,12.04159458,15.62049935,9.899494937,13.60147051,9.899494937,13.45362405,12.04159458,14.4222051,11.3137085,14.2126704,13.45362405,13.45362405,11.40175425,13.45362405,12.20655562,12.52996409,13.89244399,12.80624847,13.60147051,12.20655562,14.4222051,13.45362405,10.81665383,15.26433752,13.03840481,13.45362405,12.80624847,12.80624847,12.20655562,12.80624847,10.29563014,12.20655562,10.81665383,12.20655562,10.81665383,12.04159458,10.29563014,11.40175425,12.20655562,11.3137085,9.899494937,10,8.94427191,13.60147051,10.29563014,11.3137085,8.94427191,13.45362405
7.211102551,18.60107524,7.071067812,17.69180601,9.219544457,18.60107524,9.899494937,19.20937271,6.708203932,19.10497317,9.219544457,18.38477631,10,18.43908891,10,18.43908891,7.810249676,16.97056275,9.899494937,14.86606875,9.848857802,16.2788206,9.486832981,15.55634919,9.486832981,20,10.77032961,16.2788206,10.29563014,13.45362405,6.708203932,15,9.486832981,16.2788206,6.32455532,14.86606875,8.544003745,13.41640786,8.94427191,14.86606875,7,13.45362405,4.472135955,15.62049935,7.615773106,13.03840481,6.08276253,16.97056275,7.071067812,13.45362405,8.062257748,16.2788206
11.66190379,13.89244399,12.04159458,13.89244399,14.2126704,14.2126704,14.4222051,15,14.4222051,14.4222051,13.45362405,13.45362405,12.04159458,12.04159458,11.40175425,11.40175425,13.45362405,12.04159458,14.2126704,11.40175425,16.40121947,12.80624847,13.03840481,11.3137085,15.8113883,14.2126704,13.03840481,11.40175425,16.1245155,10.63014581,13.60147051,12.20655562,13.45362405,10.29563014,11.40175425,10.81665383,14.4222051,12.04159458,13.89244399,12.04159458,11.40175425,10,12.20655562,12.20655562,10.81665383,11.40175425,10,12.20655562,10.81665383,12.04159458,10.29563014,13.03840481
19.10497317,5.099019514,19.20937271,4.123105626,19.84943324,6.08276253,20,5.385164807,19.10497317,2.236067977,20,2.236067977,19.20937271,2.236067977,19.20937271,2,18.43908891,1,16.64331698,2.236067977,19.84943324,2.236067977,18.43908891,1.414213562,19.84943324,2,19.10497317,3.16227766,18.02775638,2.828427125,19.20937271,2.828427125,18.60107524,1.414213562,16.97056275,3.16227766,16.97056275,3.16227766,16.2788206,5,17.69180601,4.472135955,16.2788206,3.16227766,15.62049935,5.099019514,17.02938637,4.123105626,18.43908891,3.16227766,15.62049935,5.099019514
9.848857802,16.97056275,10.29563014,17.69180601,9.848857802,16.97056275,9.219544457,17.02938637,7.810249676,17.69180601,8.062257748,17.69180601,10,17.02938637,9.219544457,18.43908891,7.810249676,16.1245155,9.848857802,19.10497317,9.219544457,17.80449381,6.708203932,17.80449381,8.602325267,17.20465053,7.615773106,19.20937271,7.615773106,17.69180601,7.615773106,17.80449381,9.219544457,16.97056275,9.433981132,16.2788206,7.615773106,17.02938637,8.062257748,16.2788206,8.062257748,15.8113883,8.062257748,15.62049935,7.211102551,15,8.94427191,14.4222051,8.062257748,16.64331698,9.433981132,15.8113883
9.219544457,14.4222051,10.63014581,14.86606875,10.63014581,15.8113883,12.04159458,17.20465053,11.40175425,17.02938637,10.63014581,14.2126704,10.81665383,13.45362405,13.03840481,14.86606875,11.66190379,13.60147051,12.04159458,14.14213562,12.52996409,16.2788206,12.80624847,13.45362405,13.03840481,13.45362405,12.20655562,14.2126704,13.03840481,14.2126704,11.40175425,14.4222051,10,12.80624847,10,13.89244399,11.66190379,12.20655562,12.08304597,13.03840481,10,13.60147051,10.29563014,13.03840481,10.29563014,13.60147051,8.062257748,14.86606875,7.615773106,13.03840481,8.94427191,14.14213562
3.16227766,19.10497317,4.123105626,18.43908891,4.123105626,17.80449381,4.123105626,20.61552813,2.236067977,21.21320344,2.236067977,19.10497317,2.236067977,20.61552813,1,18.38477631,1,19.84943324,1.414213562,17.80449381,1.414213562,19.10497317,2.828427125,18.43908891,4.123105626,19.84943324,2.236067977,20.51828453,2.236067977,19.84943324,3,18.60107524,4.123105626,19.20937271,1.414213562,19.10497317,1,18.43908891,2,17.69180601,1.414213562,17.69180601,2,17.02938637,2.236067977,18.43908891,2,18.43908891,1,16.97056275,3.16227766,17.02938637
5.385164807,13.60147051,6.08276253,15,6.08276253,19.10497317,5.830951895,16.40121947,5.385164807,17.80449381,7.615773106,15.55634919,7.211102551,16.2788206,6.403124237,14.86606875,7.810249676,17.80449381,8.485281374,17.02938637,8.485281374,16.97056275,9.848857802,16.97056275,7.211102551,18.43908891,9.433981132,15.55634919,8.602325267,17.80449381,8.94427191,16.2788206,8.062257748,16.97056275,8.062257748,14.14213562,7.211102551,13.45362405,8.544003745,14.86606875,7.211102551,16.2788206,6.708203932,15.55634919,5.830951895,13.45362405,4.472135955,15.62049935,5.099019514,12.80624847,5.385164807,12.80624847
3,14.86606875,2.236067977,15.55634919,2,17.02938637,2,14.86606875,1,17.02938637,1.414213562,17.69180601,2.236067977,18.43908891,1.414213562,17.80449381,1,17.02938637,4.123105626,17.02938637,2,18.38477631,2.236067977,17.69180601,2.236067977,17.69180601,1.414213562,16.40121947,3,17.80449381,2.828427125,16.2788206,1,18.43908891,2.236067977,16.2788206,2.236067977,17.69180601,2.828427125,15.55634919,3.16227766,14.86606875,2.236067977,15.55634919,4.123105626,15.55634919,5,15.55634919,3.16227766,14.86606875,4.123105626,14.2126704
4.123105626,17.69180601,5,18.38477631,4.123105626,20.61552813,5.099019514,20,4,19.79898987,4,20.51828453,2,19.20937271,2.828427125,18.43908891,3,20.61552813,3.605551275,21.21320344,3,21.21320344,4.123105626,19.84943324,3.605551275,19.84943324,2.236067977,19.84943324,2.236067977,20.51828453,3.16227766,16.97056275,1,19.79898987,2.828427125,19.10497317,3.16227766,19.10497317,3.16227766,18.38477631,3.605551275,17.69180601,2.828427125,17.69180601,2,16.97056275,2,18.38477631,5.099019514,17.80449381,4,18.43908891
15.55634919,7.280109889,14.2126704,7.810249676,16.2788206,7.615773106,15.62049935,8.062257748,15,7.810249676,15.62049935,6.403124237,15,7.810249676,16.2788206,7.071067812,15.8113883,6.403124237,14.76482306,8.062257748,16.40121947,5.830951895,14.86606875,5,15.62049935,5.385164807,14.86606875,7.615773106,14.86606875,4.123105626,16.97056275,6.32455532,14.86606875,6.32455532,14.14213562,6.08276253,14.2126704,6,13.45362405,6.708203932,14.86606875,6.32455532,13.60147051,6.08276253,14.2126704,7.280109889,12.04159458,7.615773106,12.72792206,8.062257748,13.60147051,7.615773106
10.63014581,12.08304597,11.40175425,13.89244399,11.3137085,13.60147051,11.3137085,13.03840481,12.04159458,10.29563014,12.04159458,10.63014581,12.20655562,11.40175425,13.03840481,10,12.20655562,8.602325267,12.80624847,10,12.80624847,11.3137085,13.03840481,9.899494937,12.04159458,11.3137085,12.80624847,10,12.20655562,11.40175425,13.60147051,10.81665383,12.80624847,10.63014581,12.80624847,10.29563014,12.20655562,10.63014581,11.3137085,11.40175425,11.40175425,9.433981132,10,10.81665383,10.81665383,10.29563014,11.40175425,12.04159458,9.219544457,11.40175425,10.63014581,11.18033989
7.810249676,12.04159458,8.062257748,14.86606875,8.485281374,12.72792206,7.211102551,14.2126704,6.403124237,12.72792206,7.211102551,13.45362405,7.211102551,11.40175425,9.433981132,14.2126704,7.211102551,15.62049935,8.062257748,13.45362405,7.615773106,15.62049935,8.602325267,15.62049935,8.94427191,13.60147051,6.708203932,12.80624847,7.615773106,13.45362405,8.602325267,12.80624847,8.544003745,12.04159458,8.062257748,12.04159458,8.062257748,13.45362405,8.062257748,12.20655562,6.32455532,12.04159458,7.615773106,12.04159458,7.810249676,13.45362405,7.615773106,12.72792206,8.246211251,11.40175425,8.062257748,12.52996409
9.899494937,13.60147051,10.63014581,13.60147051,11.3137085,14.2126704,11.66190379,13.03840481,10.81665383,13.45362405,12.20655562,11.3137085,11.40175425,12.04159458,10.81665383,11.40175425,10,10.63014581,10.81665383,10.63014581,11.66190379,12.04159458,10.81665383,12.04159458,10.81665383,11.40175425,12.80624847,11.66190379,10.81665383,12.04159458,11.66190379,10.81665383,8.94427191,11.66190379,10,11.40175425,10,12.80624847,11.18033989,12.20655562,10.29563014,12.52996409,8.602325267,13.41640786,10.29563014,12.52996409,8.94427191,12.80624847,10,12.80624847,7.211102551,12.80624847
13.60147051,8.602325267,14.14213562,7.810249676,13.45362405,8.485281374,15.26433752,11.18033989,16.40121947,9.899494937,15.62049935,7.211102551,16.40121947,7.211102551,14.86606875,6.403124237,13.60147051,5.830951895,13.60147051,4.472135955,15.8113883,8.062257748,14.2126704,7.211102551,15.26433752,8.602325267,12.80624847,8.062257748,15.8113883,7.211102551,15,8.246211251,14.2126704,7.615773106,12.20655562,7.615773106,13.89244399,8.246211251,12.20655562,8.94427191,12.20655562,8.544003745,13.60147051,8.246211251,12.04159458,9.486832981,13.60147051,11.66190379,11.18033989,9.848857802,12.20655562,10.29563014
17.69180601,3,17.80449381,4.472135955,19.10497317,1.414213562,17.69180601,2.828427125,17.02938637,2.236067977,17.02938637,3.605551275,19.79898987,4.242640687,17.80449381,4.472135955,17.80449381,3.16227766,18.43908891,5,18.60107524,4.472135955,17.02938637,4.472135955,18.38477631,4.123105626,16.40121947,4.123105626,18.43908891,6.08276253,16.97056275,6.403124237,19.10497317,4.123105626,18.43908891,5.099019514,17.02938637,4,15,6,16.97056275,4.472135955,17.02938637,3.605551275,14.14213562,2.236067977,18.43908891,1.414213562,16.2788206,4.123105626,14.86606875,3
12.80624847,25.61249695,15,27.65863337,16.64331698,30.23243292,17.4642492,30.88689042,9.486832981,28.65309756,9.219544457,30.01666204,13.15294644,35.60898763,12,28.8444102,4,43.41658669,12.36931688,26.92582404,15.5241747,30,13.89244399,25.63201124,21.1896201,25.55386468,16.64331698,25.23885893,18.38477631,23.70653918,16.55294536,23.2594067,18.86796226,24.41311123,14.4222051,24.20743687,17.49285568,22.20360331,18.35755975,22.36067977,14.4222051,18.86796226,20.24845673,22.20360331,16.64331698,18.60107524,19.92485885,17.80449381,20.61552813,19.20937271,16.40121947,18.02775638
17.69180601,1.414213562,17.80449381,1,17.80449381,2,20,1,17.20465053,1,18.43908891,1.414213562,19.84943324,3,19.10497317,4.123105626,17.02938637,5,16.2788206,3.16227766,17.02938637,4,17.69180601,6.08276253,17.02938637,5,16.97056275,5.099019514,16.97056275,5.099019514,18.38477631,4.123105626,18.38477631,4.472135955,15.55634919,4.472135955,16.2788206,4.472135955,16.2788206,5.656854249,16.2788206,4.472135955,14.86606875,5,13.45362405,3.605551275,15.62049935,5.099019514,14.86606875,4.242640687,14.2126704,4.472135955
3.16227766,15.62049935,2.828427125,16.40121947,1.414213562,16.40121947,2.236067977,17.02938637,0,18.60107524,0,17.02938637,0,17.69180601,1,17.80449381,1,18.43908891,3.605551275,17.69180601,2.236067977,17.69180601,4.123105626,19.10497317,2.236067977,16.97056275,4.242640687,16.2788206,3.16227766,16.2788206,4.242640687,16.97056275,3.16227766,16.2788206,3.605551275,16.2788206,3.605551275,16.2788206,2.828427125,16.2788206,3.605551275,16.40121947,1.414213562,14.86606875,1.414213562,14.2126704,2.236067977,15,3.605551275,16.40121947,4.472135955,14.86606875
10.29563014,14.14213562,10.29563014,12.80624847,10,14.14213562,9.219544457,13.60147051,7.810249676,13.45362405,7.810249676,15,8.602325267,15.8113883,8.485281374,13.45362405,8.485281374,13.60147051,7.071067812,15,8.062257748,15.26433752,10,15.62049935,7.615773106,15.8113883,8.062257748,14.86606875,7.615773106,15.8113883,7.615773106,14.2126704,8.062257748,13.60147051,9.219544457,12.80624847,7.280109889,14.2126704,8.246211251,14.2126704,7.280109889,12.80624847,7.615773106,12.80624847,8.062257748,10.81665383,8.544003745,11.66190379,8.94427191,10.63014581,7.810249676,11.66190379
20.51828453,5.099019514,20.51828453,6.32455532,18.43908891,5.385164807,22.02271555,4.123105626,20.51828453,4.242640687,21.40093456,4.472135955,21.9317122,3.16227766,22.6715681,3.605551275,22.627417,2.236067977,21.9317122,2.236067977,22.6715681,3.16227766,20.61552813,3,19.84943324,3.16227766,19.79898987,3,20.51828453,3,20.51828453,3.16227766,20.51828453,3.605551275,20.51828453,3.16227766,20.51828453,2.236067977,18.38477631,2.236067977,19.10497317,4.123105626,18.38477631,4.123105626,19.84943324,4,17.69180601,5,17.69180601,4.123105626,18.43908891,5.099019514
15.8113883,8.544003745,17.02938637,7.615773106,15.62049935,5.830951895,15,6.403124237,15.8113883,6.708203932,17.20465053,5.656854249,15.55634919,8.602325267,14.4222051,7.211102551,17.02938637,8.485281374,14.86606875,7.810249676,16.2788206,10,15.62049935,9.899494937,15.62049935,9.433981132,14.2126704,10.81665383,13.45362405,10.81665383,13.45362405,9.433981132,14.86606875,8.94427191,15,9.433981132,14.14213562,10.81665383,14.4222051,7.615773106,12.80624847,7.071067812,13.60147051,8.062257748,14.2126704,7.810249676,14.14213562,7.810249676,13.03840481,7.810249676,12.20655562,5.656854249
14.4222051,8.062257748,13.45362405,10.29563014,15.62049935,10.77032961,16.97056275,8.94427191,17.69180601,10.63014581,14.86606875,7.071067812,15.62049935,7.071067812,16.40121947,9.219544457,15.8113883,7.071067812,16.40121947,5.656854249,18.43908891,8.485281374,17.80449381,7.810249676,16.97056275,7.211102551,18.43908891,7.810249676,17.02938637,5.830951895,17.02938637,6.708203932,17.02938637,7.211102551,14.86606875,7.615773106,16.2788206,8.602325267,17.02938637,7.211102551,14.4222051,8.602325267,15.62049935,7.810249676,14.86606875,7.810249676,15.62049935,8.246211251,14.14213562,6.403124237,14.2126704,8.94427191
10.81665383,13.60147051,10.63014581,13.45362405,10.63014581,13.45362405,13.60147051,14.4222051,10.81665383,14.2126704,11.40175425,12.72792206,13.45362405,14.86606875,10.29563014,14.14213562,12.20655562,15.55634919,13.45362405,14.2126704,12.20655562,15,11.66190379,14.14213562,13.92838828,14.2126704,11.40175425,14.4222051,12.20655562,12.80624847,13.60147051,12.80624847,12.52996409,12.04159458,11.18033989,11.66190379,11.40175425,11.66190379,11.66190379,13.03840481,11.18033989,11.40175425,9.848857802,11.40175425,9.433981132,13.60147051,7.615773106,15,8.94427191,13.03840481,8.94427191,12.04159458
9.219544457,12.20655562,11.40175425,13.60147051,11.3137085,12.20655562,9.899494937,12.80624847,12.04159458,12.80624847,13.60147051,12.72792206,12.80624847,14.14213562,14.4222051,13.03840481,13.45362405,14.14213562,15.62049935,15,13.45362405,12.80624847,12.80624847,12.04159458,13.89244399,13.45362405,13.03840481,13.45362405,14.4222051,10.63014581,13.03840481,12.20655562,15,12.52996409,11.40175425,12.04159458,13.60147051,12.20655562,11.40175425,12.20655562,11.66190379,11.40175425,13.03840481,11.66190379,10.81665383,13.03840481,13.03840481,15,10.81665383,11.66190379,8.94427191,10.81665383
4.123105626,17.69180601,2.828427125,17.80449381,4.123105626,19.84943324,1.414213562,20,2,19.84943324,2.828427125,20.51828453,2,19.79898987,1.414213562,19.79898987,3.16227766,21.26029163,4.242640687,18.43908891,2.236067977,19.10497317,1.414213562,18.43908891,2.236067977,20.51828453,3.16227766,19.10497317,2,18.43908891,2,19.10497317,3.16227766,19.10497317,2.236067977,17.69180601,3.16227766,17.80449381,4.123105626,17.02938637,4.123105626,17.69180601,3.16227766,18.38477631,2,17.69180601,2.828427125,16.97056275,4.123105626,16.2788206,4,16.2788206
14.86606875,8.94427191,14.2126704,8.485281374,15.62049935,8.062257748,14.86606875,7.211102551,14.2126704,5.830951895,15.55634919,7.211102551,14.86606875,7.211102551,16.64331698,6.403124237,15.8113883,7.810249676,15.62049935,8.485281374,17.02938637,7.810249676,15.8113883,8.94427191,14.86606875,7.071067812,16.40121947,7.211102551,16.2788206,5.830951895,15,6.708203932,14.86606875,5.830951895,15,6.708203932,13.45362405,4.472135955,15.62049935,5.830951895,15.55634919,5.830951895,13.60147051,7.615773106,11.40175425,7.280109889,15.8113883,9.433981132,13.60147051,4.472135955,12.20655562,7.810249676
5.099019514,16.2788206,4.123105626,18.43908891,4,16.97056275,5,16.2788206,3.605551275,17.02938637,4.472135955,16.97056275,2.236067977,18.43908891,2.236067977,17.69180601,2.828427125,19.79898987,2.236067977,19.79898987,2.828427125,18.43908891,3.16227766,18.43908891,3,16.97056275,4,17.69180601,1.414213562,17.80449381,3.16227766,17.80449381,2.828427125,15.55634919,3.16227766,17.69180601,3,15.55634919,4.123105626,17.02938637,3.605551275,16.2788206,2,14.86606875,4,15.55634919,4,15.62049935,4,14.2126704,4.123105626,14.14213562
12.80624847,11.66190379,12.04159458,11.66190379,13.45362405,12.80624847,13.60147051,13.60147051,13.60147051,12.04159458,13.45362405,10.81665383,13.60147051,10.63014581,12.04159458,11.40175425,12.20655562,10,11.18033989,11.40175425,12.52996409,12.04159458,13.60147051,10,14.4222051,12.20655562,13.89244399,10,14.4222051,10.81665383,13.89244399,9.848857802,13.60147051,10.29563014,10.63014581,12.08304597,12.20655562,10.81665383,13.03840481,10,10.81665383,10.81665383,11.40175425,10.81665383,11.40175425,10.29563014,10.81665383,13.03840481,9.433981132,10.81665383,9.848857802,10
15.26433752,11.40175425,15.62049935,13.45362405,13.03840481,12.20655562,14.4222051,14.14213562,14.86606875,12.80624847,14.86606875,14.14213562,14.4222051,15.62049935,14.2126704,13.45362405,14.86606875,14.14213562,14.86606875,15.55634919,14.14213562,14.2126704,14.14213562,15.8113883,13.45362405,13.60147051,13.45362405,12.20655562,13.60147051,13.60147051,13.60147051,13.60147051,13.45362405,15.26433752,12.80624847,13.45362405,12.04159458,14.2126704,12.20655562,13.89244399,11.40175425,13.45362405,12.80624847,12.80624847,12.80624847,12.20655562,13.60147051,11.40175425,12.80624847,11.66190379,13.45362405,10.29563014
19.10497317,7.615773106,17.80449381,7.211102551,17.69180601,8.485281374,17.80449381,7.211102551,17.80449381,8.485281374,17.02938637,9.219544457,17.69180601,10.63014581,17.80449381,9.848857802,16.2788206,10.29563014,18.43908891,10.77032961,17.02938637,10.29563014,16.97056275,10.81665383,17.02938637,9.433981132,17.69180601,9.848857802,16.97056275,10.29563014,16.2788206,8.94427191,17.02938637,10.29563014,17.02938637,10.29563014,15.62049935,9.433981132,16.2788206,8.94427191,17.02938637,9.433981132,16.40121947,8.94427191,14.14213562,9.055385138,15,8.246211251,16.40121947,7.280109889,16.97056275,6.08276253
13.45362405,13.60147051,15.62049935,12.72792206,15,12.72792206,13.60147051,13.60147051,14.2126704,12.80624847,16.2788206,12.72792206,15,12.80624847,15.62049935,12.80624847,14.86606875,12.80624847,13.45362405,13.45362405,13.60147051,15.8113883,14.86606875,14.4222051,15,15.26433752,11.40175425,14.2126704,13.45362405,14.86606875,14.86606875,13.60147051,13.03840481,14.4222051,13.03840481,16.40121947,14.2126704,13.60147051,12.04159458,12.80624847,12.80624847,12.72792206,12.80624847,11.40175425,12.20655562,12.20655562,12.20655562,12.52996409,13.60147051,12.20655562,13.60147051,13.41640786
5,19.10497317,5.099019514,16.97056275,6.32455532,18.43908891,4.123105626,19.10497317,4.123105626,18.38477631,4,20.51828453,2,19.10497317,2.828427125,19.10497317,2,19.20937271,1.414213562,17.69180601,3.16227766,19.84943324,1.414213562,19.10497317,1,19.20937271,1.414213562,18.43908891,2,19.84943324,2,19.10497317,1,17.69180601,2,18.43908891,3.16227766,18.43908891,2.236067977,19.84943324,1,17.02938637,1,18.43908891,1,16.2788206,2.236067977,16.97056275,2.828427125,16.2788206,3.16227766,19.84943324
11.66190379,16.40121947,11.40175425,15.62049935,10.81665383,16.2788206,10.63014581,17.02938637,9.219544457,16.97056275,9.433981132,18.43908891,9.219544457,15.55634919,10,15.62049935,9.899494937,17.69180601,8.485281374,14.86606875,9.219544457,17.80449381,9.219544457,17.02938637,8.062257748,16.40121947,9.433981132,19.20937271,8.602325267,16.40121947,8.602325267,16.40121947,9.899494937,15.8113883,9.848857802,15.62049935,9.433981132,17.20465053,8.062257748,14.86606875,9.433981132,16.40121947,8.602325267,14.2126704,10,14.14213562,10.29563014,14.86606875,10,14.4222051,10.29563014,14.4222051
16.2788206,3.16227766,16.97056275,4,14.2126704,5.385164807,14.86606875,4.472135955,15.62049935,3.605551275,18.43908891,3,17.02938637,1.414213562,16.97056275,4.123105626,16.40121947,2.236067977,17.69180601,3,17.69180601,2.828427125,15.55634919,2.828427125,16.2788206,2.236067977,16.97056275,2.236067977,16.97056275,1.414213562,17.69180601,2.236067977,17.02938637,2.236067977,16.2788206,1,16.97056275,3.16227766,16.2788206,2.236067977,16.2788206,2,15.55634919,2,14.86606875,3,16.2788206,4.123105626,15,3.16227766,15,2
18.38477631,3,18.38477631,3,18.38477631,3,19.84943324,2,16.97056275,2.828427125,18.43908891,2.828427125,20.61552813,3.605551275,19.20937271,2.236067977,17.69180601,4.472135955,19.84943324,1,20.51828453,5.385164807,19.84943324,4.123105626,17.02938637,4.123105626,18.43908891,2.236067977,17.69180601,3.605551275,17.69180601,5.099019514,18.38477631,3,19.10497317,5.385164807,19.10497317,4.123105626,18.38477631,4.123105626,17.02938637,2,17.69180601,3,16.40121947,3,17.02938637,3,17.69180601,3.16227766,17.02938637,3.16227766
13.89244399,11.66190379,14.2126704,15.8113883,15.62049935,15.26433752,14.86606875,13.45362405,14.14213562,15.8113883,15.55634919,15.62049935,17.80449381,14.4222051,18.02775638,13.45362405,15.62049935,14.14213562,14.86606875,12.80624847,17.80449381,13.45362405,17.20465053,10.63014581,19.41648784,11.3137085,18.38477631,11.40175425,17.20465053,11.3137085,17.20465053,11.3137085,16.40121947,12.80624847,16.40121947,10.63014581,16.97056275,12.80624847,15,10,15.62049935,10.81665383,13.45362405,11.40175425,14.2126704,8.94427191,14.4222051,12.20655562,12.52996409,10.63014581,12.20655562,11.3137085
56.46237685,15.29705854,44.94441011,14.14213562,67.00746227,19.41648784,57.69748695,10.44030651,61.29437168,11.18033989,47.63402146,3.16227766,58.89821729,18.24828759,41.10960958,31.6227766,29.06888371,23.60084744,47.4341649,27.85677655,63.56099433,37.94733192,54.23098745,31,53.14132102,19.02629759,53.82378656,19.31320792,29.06888371,27.45906044,43.26661531,27.51363298,65.06919394,22.56102835,60.74537019,27.29468813,47.42362281,32.01562119,22.8035085,38.01315562,38.07886553,25.3179778,42.04759208,23.2594067,29.06888371,30.06659276,45.48626166,35.05709629,13.89244399,33.61547263,28.17800561,37.65634077
1.414213562,19.20937271,1,18.43908891,2.236067977,17.80449381,3.16227766,18.60107524,3,17.80449381,2.236067977,18.43908891,1.414213562,19.20937271,2.236067977,16.97056275,4,16.2788206,4.472135955,17.80449381,5,16.40121947,3.16227766,17.80449381,2.236067977,16.97056275,5.099019514,16.97056275,4.242640687,17.02938637,1,17.69180601,2.236067977,19.20937271,3.16227766,16.97056275,5,17.02938637,2.828427125,14.86606875,2.828427125,16.97056275,4.123105626,15.62049935,5,15,3.605551275,17.02938637,5,15.55634919,3.16227766,14.14213562
19.20937271,4.123105626,19.20937271,1,20.61552813,4.242640687,19.41648784,3.16227766,20.61552813,3.605551275,18.43908891,4.242640687,20.80865205,2.236067977,20.51828453,6.32455532,20.51828453,8.062257748,19.10497317,5.830951895,21.26029163,6.08276253,19.10497317,6.08276253,17.69180601,4,19.10497317,5.385164807,17.69180601,7.280109889,19.84943324,7.071067812,18.43908891,6.32455532,19.20937271,6.08276253,19.84943324,4.123105626,16.2788206,5.099019514,15.55634919,5.099019514,16.40121947,4.472135955,16.97056275,4.123105626,16.2788206,3.605551275,17.69180601,3.605551275,18.43908891,4.123105626
20.61552813,6.32455532,22.02271555,5.385164807,20.51828453,8.246211251,19.84943324,9.433981132,20.61552813,7.810249676,20.80865205,7.810249676,19.10497317,8.602325267,20.51828453,9.219544457,21.40093456,9.848857802,22.02271555,7.280109889,19.79898987,10.19803903,17.80449381,11.40175425,17.80449381,8.94427191,18.60107524,10,17.02938637,7.280109889,18.38477631,9.219544457,19.10497317,7.615773106,17.80449381,9.219544457,18.60107524,9.433981132,16.97056275,7.211102551,19.79898987,7.071067812,18.43908891,7.615773106,15.55634919,7.071067812,19.20937271,6.08276253,16.97056275,7.071067812,20.51828453,7
18.60107524,1,18.38477631,1,19.84943324,2.236067977,18.43908891,2.236067977,18.43908891,2,18.43908891,2.828427125,18.43908891,1,19.41648784,1,17.02938637,1,17.20465053,2,18.38477631,1,17.02938637,1.414213562,19.10497317,2.828427125,18.38477631,3.16227766,18.43908891,4.123105626,18.43908891,2.236067977,19.41648784,5,19.10497317,4.472135955,17.69180601,2.236067977,16.2788206,3.605551275,16.2788206,3,15.55634919,3.605551275,14.86606875,3.605551275,17.69180601,4.123105626,17.02938637,3.16227766,17.80449381,4.123105626
17.20465053,12.20655562,14.4222051,12.80624847,12.72792206,12.04159458,15.62049935,12.80624847,15.62049935,13.45362405,15.8113883,13.45362405,14.14213562,15.55634919,15,13.60147051,14.2126704,12.80624847,13.45362405,13,16.2788206,13.60147051,14.86606875,15.26433752,12.72792206,15.23154621,12.04159458,14.4222051,13.60147051,15.26433752,14.4222051,14.4222051,12.20655562,12.80624847,12.80624847,14.4222051,14.76482306,12.80624847,12.20655562,13.03840481,13.89244399,13.89244399,9.848857802,12.20655562,14.2126704,11.40175425,15,11.18033989,14.2126704,12.20655562,15.62049935,11.18033989
14.4222051,14.86606875,13.03840481,13.45362405,13.03840481,16.2788206,13.45362405,16.2788206,13.60147051,14.86606875,13.60147051,16.2788206,12.04159458,15.62049935,11.66190379,17.02938637,12.72792206,17.69180601,14.2126704,17.69180601,14.86606875,17.80449381,11.40175425,17.80449381,11.40175425,16.40121947,12.04159458,14.2126704,10.29563014,17.02938637,10.63014581,17.20465053,10.29563014,16.2788206,11.40175425,15.62049935,10.81665383,15.62049935,10.81665383,14.86606875,10.81665383,15.26433752,10.81665383,15.62049935,11.40175425,14.86606875,12.20655562,14.2126704,9.899494937,15,12.20655562,12.52996409
19.10497317,5,18.43908891,5.385164807,17.69180601,4.123105626,17.02938637,3.605551275,17.80449381,4.472135955,18.43908891,4.242640687,17.02938637,3,16.97056275,3,18.38477631,1.414213562,17.69180601,2.828427125,18.43908891,4,17.02938637,5.099019514,18.38477631,5.099019514,19.10497317,3.605551275,16.97056275,3,16.97056275,3.605551275,15.62049935,3,16.64331698,3,18.43908891,3,16.40121947,3.605551275,17.02938637,4.472135955,16.2788206,4,14.2126704,4.123105626,16.2788206,5,16.2788206,6.08276253,13.03840481,4.123105626
15.26433752,9.899494937,12.72792206,9.219544457,13.60147051,9.219544457,12.72792206,9.899494937,14.86606875,10,13.45362405,10,13.60147051,11.40175425,14.2126704,10.29563014,12.04159458,9.848857802,12.04159458,8.602325267,14.14213562,12.20655562,11.40175425,11.18033989,11.3137085,10.81665383,12.80624847,9.433981132,13.60147051,9.848857802,12.80624847,10.29563014,14.14213562,9.848857802,12.20655562,8.062257748,10.81665383,9.433981132,11.40175425,8.94427191,13.03840481,7.615773106,11.3137085,7.615773106,12.04159458,7.280109889,11.40175425,7.615773106,12.04159458,6.08276253,11.40175425,8.94427191
16.64331698,36.79673899,17.80449381,34.20526275,17.69180601,36.12478374,16.64331698,35.80502758,20.24845673,32.52691193,17.69180601,41.03656906,20,31.90611227,21.21320344,29.69848481,21.9317122,29.73213749,21.1896201,29.06888371,17.4642492,36.61966685,22.82542442,31.89043744,18.38477631,30.41381265,19.41648784,27.45906044,20.61552813,28.3019434,18.35755975,32.01562119,20.24845673,28.42534081,10.77032961,26.62705391,12.36931688,32.55764119,11.66190379,35.38361203,13.15294644,28.01785145,21.37755833,29.20616373,20.39607805,27.20294102,11.40175425,29.83286778,6.08276253,29.69848481,14.03566885,29.73213749
19.10497317,3.16227766,20,2.236067977,21.21320344,4.123105626,20.51828453,4.472135955,19.79898987,5.830951895,20.61552813,3.605551275,19.10497317,5,19.20937271,5.385164807,19.10497317,5.385164807,19.20937271,6.08276253,19.10497317,6.08276253,19.20937271,6.32455532,19.10497317,7.071067812,17.69180601,7.071067812,18.38477631,5.099019514,19.10497317,6.08276253,17.02938637,7.071067812,18.43908891,6,18.43908891,4.123105626,15.55634919,5.099019514,16.2788206,5,16.97056275,5,16.2788206,4.123105626,16.97056275,3.605551275,18.38477631,3,17.69180601,3.605551275
3,20.51828453,2.236067977,19.10497317,1.414213562,21.26029163,1,20.61552813,2.236067977,21.40093456,2.236067977,19.84943324,2.828427125,19.20937271,2,19.84943324,5,20.51828453,4,21.21320344,2.828427125,19.79898987,5.385164807,19.10497317,5.830951895,19.10497317,3.605551275,18.43908891,3.16227766,19.79898987,4.472135955,18.38477631,3.16227766,19.79898987,5.656854249,19.10497317,4.472135955,18.38477631,5.385164807,18.43908891,6.403124237,15.55634919,4.123105626,16.2788206,2.236067977,17.69180601,5.099019514,20.51828453,5.099019514,16.40121947,4.123105626,16.2788206
2,20,0,19.10497317,2.236067977,20,2.236067977,19.84943324,1,19.20937271,0,18.43908891,1.414213562,18.43908891,2.236067977,20.61552813,0,21.26029163,2.236067977,18.02775638,1.414213562,18.43908891,3,17.69180601,3,19.10497317,3.605551275,20,5,16.2788206,3,18.38477631,1.414213562,20,4.472135955,17.69180601,2.236067977,17.69180601,3.605551275,17.02938637,5,17.02938637,3.605551275,17.80449381,3.605551275,16.97056275,3.605551275,15.62049935,5.385164807,15.55634919,5.385164807,17.02938637
5.099019514,18.60107524,4.123105626,17.80449381,4.242640687,19.10497317,5,19.41648784,5,19.10497317,3.605551275,18.43908891,4.242640687,19.20937271,5.656854249,18.43908891,5,19.10497317,8.062257748,21.9317122,5.385164807,19.10497317,6.08276253,18.38477631,7.211102551,20.61552813,7.615773106,19.10497317,6.32455532,19.20937271,6.08276253,17.02938637,5.385164807,17.69180601,6.32455532,16.40121947,6.08276253,16.2788206,8.062257748,15.55634919,6,16.97056275,4.123105626,16.97056275,4.123105626,16.97056275,3.16227766,17.80449381,5,15.55634919,3,16.2788206
19.79898987,1.414213562,18.43908891,1,20.61552813,2.828427125,20.61552813,1,18.38477631,2.236067977,19.84943324,1.414213562,20.61552813,2.236067977,19.10497317,2.236067977,21.21320344,2.236067977,19.10497317,2,19.84943324,3.16227766,18.43908891,3.16227766,20,4.123105626,16.2788206,6.708203932,19.10497317,5.099019514,18.38477631,2.236067977,19.10497317,3.605551275,19.10497317,3.605551275,16.2788206,2.236067977,18.38477631,3.605551275,15.55634919,2.828427125,16.2788206,3.16227766,16.97056275,4.123105626,16.97056275,4.123105626,17.69180601,5.099019514,17.02938637,4.472135955
17.80449381,1.414213562,16.2788206,2,18.86796226,2,15.62049935,0,17.69180601,1,16.64331698,2.236067977,16.40121947,4.242640687,15.62049935,3.16227766,14.86606875,1,16.40121947,2.236067977,15.55634919,2,17.69180601,2,15.62049935,2,16.2788206,2.236067977,14.86606875,2,16.2788206,3.605551275,14.2126704,2.236067977,14.86606875,3.605551275,15.55634919,3.16227766,14.14213562,4.472135955,15.62049935,3.605551275,14.86606875,3.605551275,14.14213562,3,16.2788206,4,13.60147051,4.242640687,13.45362405,3
5.099019514,20.51828453,3.16227766,21.21320344,6.403124237,21.21320344,3.605551275,22.6715681,5,22.627417,6.403124237,22.20360331,6.403124237,21.26029163,6.403124237,19.10497317,5.656854249,19.79898987,6.708203932,20.51828453,5.830951895,19.10497317,7.615773106,22.02271555,8.544003745,21.21320344,10,21.9317122,10.44030651,20.51828453,7.280109889,20.61552813,5.656854249,17.69180601,7.615773106,17.69180601,8.544003745,18.38477631,5.099019514,19.20937271,5.830951895,18.38477631,6.32455532,18.43908891,6,17.69180601,4,19.20937271,3.16227766,19.10497317,3.16227766,18.38477631
17.02938637,8.94427191,18.02775638,9.219544457,18.43908891,9.848857802,17.02938637,11.3137085,16.40121947,10,16.40121947,10.63014581,15.62049935,11.3137085,15.62049935,9.848857802,17.02938637,9.899494937,14.86606875,11.3137085,16.2788206,10.29563014,16.2788206,11.66190379,14.86606875,9.899494937,14.14213562,10.29563014,14.14213562,12.04159458,14.86606875,9.433981132,12.80624847,10.29563014,16.2788206,10.29563014,13.60147051,9.433981132,13.45362405,10,14.86606875,9.899494937,13.60147051,8.602325267,15,8.94427191,15.62049935,6.403124237,13.60147051,7.615773106,14.86606875,7.280109889
19.10497317,10.29563014,16.97056275,8.602325267,18.38477631,9.219544457,16.97056275,10.29563014,16.2788206,9.433981132,18.60107524,8.062257748,17.69180601,10,17.80449381,9.219544457,18.60107524,7.810249676,18.02775638,8.602325267,18.43908891,7.071067812,18.60107524,10,19.20937271,8.062257748,17.02938637,8.062257748,17.69180601,9.219544457,17.80449381,8.246211251,18.60107524,7.211102551,16.2788206,7.211102551,17.80449381,8.602325267,14.86606875,8.602325267,16.2788206,8.94427191,15.62049935,6.403124237,15,9.433981132,14.2126704,10.29563014,16.64331698,10.29563014,15.8113883,8.94427191
13.89244399,7.071067812,14.14213562,10,14.86606875,8.544003745,17.02938637,8.602325267,16.64331698,10.63014581,16.40121947,9.219544457,15.62049935,8.94427191,16.40121947,10.29563014,13.89244399,9.848857802,14.2126704,11.70469991,13.45362405,8.94427191,14.4222051,7.211102551,13.03840481,8.485281374,15.65247584,8.94427191,16.1245155,6.708203932,11.40175425,8.602325267,15.62049935,10.44030651,12.80624847,8.246211251,12.20655562,8.94427191,13.89244399,8.544003745,12.52996409,10.77032961,11.66190379,10.29563014,13.41640786,11.66190379,12.52996409,11.18033989,14.86606875,8.485281374,12.08304597,8.544003745
17.80449381,8.94427191,16.2788206,9.899494937,18.38477631,8.94427191,16.97056275,8.062257748,16.97056275,7.810249676,20,7.810249676,20.61552813,6.403124237,18.60107524,5.830951895,17.20465053,6.403124237,17.02938637,7.211102551,18.43908891,6.708203932,20,8.94427191,17.02938637,7.615773106,18.43908891,9.433981132,18.43908891,6.32455532,17.02938637,8.544003745,16.97056275,10.04987562,16.2788206,6.32455532,16.40121947,8.94427191,18.02775638,8.544003745,15,7.615773106,15.55634919,9.848857802,16.2788206,8.544003745,15.8113883,10.29563014,15,7.071067812,15.8113883,9.486832981
5.830951895,14.86606875,6.08276253,15.62049935,7.071067812,15,9.219544457,15,6.403124237,16.2788206,5.385164807,14.86606875,7.071067812,14.86606875,5,13.45362405,7.810249676,13.60147051,7.071067812,15.8113883,6.403124237,16.40121947,7.211102551,16.2788206,7.071067812,15.55634919,8.602325267,14.2126704,7.071067812,14.4222051,7.810249676,15.55634919,8.544003745,14.86606875,7.211102551,14.2126704,8.602325267,14.86606875,5.830951895,15.62049935,7.211102551,13.45362405,7.810249676,13.45362405,5.830951895,14.86606875,7.071067812,14.86606875,5.385164807,15.55634919,6.32455532,14.2126704
19.84943324,5,19.84943324,4.123105626,21.40093456,1,21.26029163,1,19.84943324,1,22.02271555,1,19.84943324,1.414213562,22.6715681,2.236067977,19.79898987,2,21.40093456,2,18.43908891,1,19.79898987,3.16227766,21.26029163,3.16227766,21.9317122,2.236067977,19.20937271,5,18.38477631,2.828427125,16.40121947,5.830951895,18.43908891,4,17.02938637,3.605551275,21.9317122,2.828427125,17.02938637,4.472135955,18.43908891,2.236067977,19.10497317,2.236067977,17.69180601,3.16227766,17.69180601,3,19.10497317,5
14.4222051,5.830951895,14.2126704,5,14.4222051,7.810249676,13.60147051,5,15,7.071067812,15,7.211102551,14.4222051,7.810249676,14.2126704,7.211102551,16.2788206,8.602325267,14.2126704,9.219544457,14.86606875,8.602325267,15.62049935,8.062257748,12.72792206,8.062257748,14.14213562,10.29563014,14.86606875,8.062257748,14.14213562,8.602325267,12.80624847,7.810249676,14.14213562,6.708203932,13.60147051,7.810249676,14.86606875,7.280109889,14.14213562,6.708203932,12.04159458,5.385164807,14.14213562,5.385164807,14.14213562,6.708203932,11.40175425,6.08276253,14.86606875,7.615773106
19.84943324,6.32455532,18.60107524,7.071067812,20.51828453,5,19.10497317,5.385164807,20.80865205,5.656854249,20,7.810249676,20,5.830951895,19.84943324,6.08276253,19.84943324,6.708203932,18.43908891,10,19.79898987,7.810249676,17.69180601,9.219544457,18.43908891,8.544003745,18.38477631,5.385164807,19.10497317,6.32455532,17.80449381,6.08276253,16.2788206,7.280109889,19.10497317,8,15.8113883,7.615773106,20,7.615773106,17.69180601,4,17.69180601,6,17.69180601,6.32455532,17.69180601,4.123105626,14.14213562,3.16227766,17.69180601,5.385164807
16.97056275,4.123105626,14.14213562,2.236067977,17.80449381,3.605551275,18.43908891,1.414213562,17.02938637,1.414213562,15.55634919,0,16.40121947,1,16.40121947,1,16.40121947,1.414213562,15.8113883,1,17.80449381,0,17.02938637,4.242640687,16.2788206,1.414213562,16.2788206,2.828427125,15.62049935,1,14.86606875,1.414213562,15.62049935,3.605551275,15.62049935,3.16227766,15.62049935,2,14.86606875,1.414213562,14.14213562,2.236067977,14.86606875,3.605551275,14.2126704,4.123105626,16.2788206,4.123105626,15.62049935,4,13.45362405,3.16227766
13.03840481,13.45362405,13.41640786,16.97056275,12.20655562,14.86606875,13.45362405,14.14213562,10.63014581,14.86606875,12.20655562,13.60147051,11.3137085,16.40121947,11.18033989,17.80449381,12.80624847,14.76482306,10.29563014,14.76482306,10.63014581,15.26433752,12.20655562,15.65247584,10.81665383,15,10,17.49285568,10.81665383,16.40121947,11.40175425,15.26433752,9.219544457,16.1245155,12.80624847,14.2126704,11.3137085,12.04159458,9.433981132,12.20655562,9.219544457,15.26433752,11.40175425,13,9.433981132,13.45362405,8.062257748,10.81665383,11.40175425,10.81665383,12.80624847,13.89244399
17.02938637,10.77032961,14.86606875,10,17.80449381,8.602325267,18.43908891,10,17.80449381,8.602325267,19.84943324,9.219544457,16.97056275,8.602325267,20,7.211102551,19.41648784,6.708203932,17,8.485281374,16.40121947,9.433981132,17.80449381,6.403124237,16.40121947,10,17.20465053,9.433981132,17.49285568,7.211102551,15.8113883,6,17.80449381,9.486832981,17.69180601,8.062257748,15.62049935,8.246211251,14.2126704,8.544003745,15.62049935,8.544003745,16.1245155,9.486832981,15,8.94427191,13.45362405,12.20655562,15.8113883,11.3137085,14.76482306,9.433981132
20.51828453,6.708203932,18.60107524,6.708203932,19.20937271,6.32455532,20,5.099019514,20.51828453,5.656854249,19.84943324,7.810249676,21.26029163,5.656854249,20,10,18.60107524,6.403124237,18.60107524,7.211102551,19.79898987,9.433981132,17.80449381,9.219544457,18.43908891,12.04159458,18.38477631,9.219544457,19.79898987,8.544003745,17.80449381,7.615773106,17.69180601,9.219544457,19.79898987,8.602325267,16.97056275,8.544003745,15.62049935,8.602325267,17.02938637,7.615773106,15,6.403124237,17.02938637,5,18.38477631,6.32455532,16.97056275,7.211102551,16.97056275,4.472135955
18.38477631,2.236067977,17.69180601,4,18.43908891,2.236067977,17.69180601,3.16227766,19.20937271,2.236067977,18.02775638,2.236067977,18.43908891,4.123105626,19.10497317,2.828427125,18.60107524,3.16227766,19.84943324,5.656854249,19.10497317,6.32455532,17.80449381,5.099019514,17.69180601,4.123105626,17.69180601,3.605551275,16.97056275,4.123105626,17.80449381,5.099019514,17.69180601,3.16227766,16.97056275,4,17.69180601,5,15.55634919,3.16227766,15.55634919,3,17.02938637,2,13.45362405,5.099019514,14.86606875,5.099019514,17.02938637,4.123105626,17.02938637,3
4.242640687,16.2788206,3.605551275,16.97056275,2.828427125,17.02938637,2.236067977,15,1,19.20937271,1,17.02938637,1,17.80449381,2.236067977,17.69180601,1,17.02938637,3.16227766,18.60107524,2.236067977,18.38477631,5.099019514,17.02938637,3,16.40121947,2,17.69180601,4.123105626,15.62049935,2,17.69180601,3.16227766,16.2788206,1.414213562,15.55634919,2.236067977,16.97056275,2.236067977,14.14213562,3.605551275,14.14213562,2.828427125,15.55634919,2.236067977,14.86606875,3.16227766,14.86606875,2.828427125,14.86606875,3.16227766,14.2126704
16.97056275,10.63014581,16.40121947,9.219544457,19.10497317,11.40175425,16.40121947,9.219544457,19.20937271,10.63014581,16.40121947,10.29563014,17.80449381,9.899494937,17.02938637,9.899494937,17.20465053,9.486832981,19.84943324,9.848857802,18.43908891,9.433981132,18.02775638,9.433981132,18.02775638,7.211102551,17.02938637,10.19803903,14.2126704,8.94427191,17.20465053,11.18033989,12.80624847,7.211102551,16.40121947,10.44030651,13.60147051,9.433981132,16.40121947,9.486832981,15.62049935,7.615773106,14.4222051,13.03840481,12.20655562,8.94427191,13.03840481,12.20655562,15.26433752,10.81665383,12.80624847,9.433981132
20.61552813,10.81665383,19.10497317,8.062257748,19.20937271,8.602325267,20.24845673,9.899494937,19.84943324,9.219544457,21.21320344,9.219544457,20.51828453,10,17.69180601,10.63014581,17.69180601,11.66190379,20,10.29563014,20.51828453,12.04159458,18.43908891,12.52996409,16.2788206,11.18033989,16.2788206,8.602325267,16.97056275,10.29563014,16.97056275,10,16.97056275,10.81665383,15.62049935,9.433981132,15.55634919,10.29563014,16.2788206,8.062257748,15,7.211102551,14.86606875,9.848857802,15.55634919,6.32455532,16.40121947,9.848857802,15.62049935,6.403124237,17.80449381,8.544003745
16.97056275,5.830951895,17.69180601,5,20.61552813,7.810249676,18.60107524,3.605551275,19.20937271,4.242640687,18.38477631,2.236067977,18.43908891,5,17.69180601,4,17.20465053,5.099019514,18.86796226,5.385164807,19.20937271,5.099019514,17.69180601,2,17.80449381,4.123105626,17.02938637,4,16.40121947,4.472135955,17.80449381,5.099019514,17.69180601,4.123105626,16.40121947,5.099019514,15.8113883,5.099019514,16.2788206,4.472135955,16.2788206,5.099019514,15.8113883,6.32455532,14.2126704,6.708203932,14.4222051,7.071067812,14.4222051,8.062257748,15,6.32455532
14.2126704,30.47950131,15,30.61045573,15.62049935,32.20248438,15.62049935,31.89043744,15.8113883,30.41381265,15.62049935,28.31960452,16.1245155,28.28427125,14.2126704,29.20616373,16.1245155,29.73213749,17.08800749,28.31960452,18.35755975,30.47950131,19.23538406,29.73213749,17.49285568,29.06888371,16.55294536,26.90724809,16.64331698,26.90724809,16.1245155,27.65863337,16.1245155,25.61249695,14.4222051,27.01851217,13.41640786,24.8394847,14.56021978,24.04163056,12.52996409,25,12.08304597,26.2488095,9.486832981,26.87005769,11.18033989,28.31960452,11.40175425,26.17250466,13.15294644,27.58622845
7.071067812,14.2126704,8.602325267,15,10.63014581,15.62049935,8.602325267,14.4222051,9.433981132,14.2126704,11.3137085,14.4222051,11.66190379,15.62049935,10.29563014,14.86606875,8.544003745,14.2126704,12.08304597,15,10.81665383,13.45362405,9.848857802,13.45362405,9.433981132,14.86606875,11.18033989,13.03840481,11.18033989,12.04159458,11.18033989,14.2126704,10.29563014,12.20655562,8.602325267,12.80624847,8.94427191,14.2126704,8.94427191,14.86606875,8.062257748,11.40175425,9.848857802,13.45362405,8.94427191,13.60147051,7.615773106,12.20655562,8.246211251,11.66190379,8.246211251,14.14213562
17.69180601,3.605551275,15,2,16.97056275,2.236067977,16.2788206,2.828427125,16.2788206,1,17.80449381,3.16227766,17.20465053,3.605551275,16.40121947,3.16227766,17.80449381,1,17.69180601,3,14.86606875,2,19.10497317,3,16.2788206,4.472135955,14.86606875,2.236067977,14.86606875,4.472135955,15.55634919,3.16227766,17.20465053,3.605551275,17.02938637,4,14.86606875,2.236067977,15,5.099019514,13.45362405,3.16227766,12.72792206,2.236067977,14.2126704,4.472135955,14.86606875,3.605551275,13.45362405,3.16227766,14.86606875,2.236067977
16.97056275,6,15,7.280109889,15.62049935,6.08276253,15.55634919,7.615773106,15.62049935,5,18.43908891,5,16.40121947,4.472135955,18.43908891,5,20.51828453,2.236067977,17.69180601,4.123105626,17.69180601,4.472135955,16.40121947,2.236067977,19.20937271,3,17.69180601,5,17.69180601,3.605551275,16.2788206,2.828427125,14.86606875,3,14.14213562,2.236067977,14.2126704,6.32455532,14.14213562,3.16227766,14.86606875,3,14.14213562,5.099019514,14.86606875,3,15.62049935,4.472135955,12.80624847,5,14.86606875,6
18.38477631,3.16227766,18.43908891,2.236067977,18.43908891,2,19.41648784,3.16227766,17.80449381,1,17.20465053,2,17.80449381,2.828427125,18.43908891,2.828427125,19.10497317,4.242640687,20.51828453,2.828427125,19.10497317,4.123105626,18.60107524,3,18.43908891,3,17.69180601,3.16227766,18.60107524,5.385164807,16.2788206,2.236067977,17.80449381,4,15,2.236067977,17.69180601,1,17.02938637,4.123105626,15.62049935,5.099019514,14.2126704,4.123105626,14.86606875,2,16.97056275,2.236067977,16.2788206,3.16227766,17.69180601,3.16227766
12.20655562,12.20655562,12.04159458,13.45362405,14.14213562,11.66190379,14.2126704,12.72792206,14.14213562,12.80624847,12.20655562,11.3137085,13.03840481,11.3137085,14.2126704,11.3137085,14.86606875,11.40175425,15.8113883,13.89244399,15.26433752,9.433981132,13.60147051,11.40175425,13.03840481,11.40175425,15,11.66190379,12.80624847,11.18033989,14.4222051,10.81665383,13.60147051,10.77032961,14.2126704,9.848857802,13.60147051,10.81665383,11.66190379,11.66190379,12.52996409,10,11.18033989,10.63014581,11.66190379,12.20655562,10.81665383,12.04159458,11.18033989,12.20655562,9.486832981,11.18033989
18.43908891,2,19.10497317,5.099019514,18.43908891,3.16227766,17.02938637,4.123105626,19.10497317,2,17.20465053,1,17.69180601,1,16.40121947,1,20.51828453,1.414213562,20.51828453,1,19.84943324,1.414213562,19.84943324,2.236067977,20.61552813,2.236067977,18.43908891,1.414213562,19.79898987,3.16227766,17.69180601,0,14.86606875,1,17.02938637,2.236067977,16.97056275,2.236067977,14.2126704,2,15,1,16.2788206,1,16.2788206,2.236067977,15.62049935,3,17.02938637,4.123105626,17.20465053,3
14.14213562,7.211102551,14.86606875,8.602325267,17.80449381,9.219544457,17.20465053,5,17.80449381,6.403124237,17.80449381,7.810249676,17.69180601,7.071067812,17.69180601,6.708203932,17.20465053,6.32455532,15.26433752,5,17.20465053,7.211102551,17.20465053,9.433981132,16.40121947,9.848857802,16.2788206,10.04987562,13.45362405,5.830951895,17.49285568,8.062257748,16.40121947,5.385164807,15.62049935,7.280109889,14.14213562,6.32455532,14.4222051,6.708203932,15,5.099019514,14.2126704,9.486832981,11.66190379,8.062257748,13.60147051,9.848857802,13.89244399,8.94427191,12.20655562,8.94427191
14.86606875,2,17.20465053,1,16.97056275,2.236067977,15.62049935,0,15,1,17.02938637,2.236067977,17.80449381,3,17.69180601,2,16.40121947,2.236067977,15,3.16227766,16.40121947,2.236067977,19.10497317,5,17.20465053,3,14.86606875,4,15.55634919,2.828427125,18.60107524,7,14.2126704,4.242640687,16.2788206,3.16227766,13.89244399,4.472135955,16.2788206,2,15.55634919,2.828427125,14.2126704,3.16227766,14.2126704,2.236067977,15.62049935,3.16227766,14.2126704,2.828427125,13.45362405,3
36.87817783,8.062257748,34.05877273,6.403124237,36.05551275,9.486832981,34.40930107,8.062257748,34.05877273,13.15294644,34.82814953,7.211102551,34.40930107,13,29,4.123105626,35.38361203,3.16227766,33.12099032,4.472135955,32.64965543,10,41.10960958,7.071067812,38.28837944,5.830951895,33.9705755,7.071067812,36.87817783,12.04159458,33.60059523,12.36931688,32.64965543,9.433981132,33.28663395,12.04159458,29.69848481,9.219544457,37.01351105,7.615773106,34.66987165,14.03566885,32.55764119,3.16227766,29,2.236067977,32.80243893,4,30.47950131,4.123105626,30.61045573,5.385164807
19.84943324,6.403124237,15.8113883,7.211102551,16.97056275,6.403124237,17.02938637,7.810249676,17.69180601,6.403124237,17.69180601,7.071067812,16.40121947,9.219544457,16.2788206,8.485281374,16.40121947,7.810249676,18.43908891,6.403124237,16.40121947,7.810249676,15.62049935,7.211102551,18.38477631,5.830951895,16.2788206,5.830951895,16.2788206,8.246211251,15.62049935,9.486832981,16.2788206,9.219544457,15.62049935,9.848857802,15.62049935,6.708203932,14.14213562,8.062257748,16.40121947,6.08276253,16.2788206,5.099019514,14.86606875,6.08276253,14.86606875,5,15.55634919,7.280109889,16.2788206,5.385164807
15.55634919,12.04159458,15.8113883,12.04159458,13.60147051,14.86606875,12.80624847,13.60147051,14.14213562,10.81665383,15.55634919,12.04159458,10.63014581,12.80624847,11.3137085,14.86606875,13.45362405,12.08304597,14.2126704,14.2126704,17.88854382,14.4222051,11.3137085,12.04159458,13.60147051,12.52996409,13.45362405,13.45362405,10.81665383,12.16552506,17.88854382,10.29563014,12.20655562,12.08304597,11.66190379,12.20655562,15.8113883,7.280109889,16.2788206,14.56021978,10.29563014,10,11.70469991,14.86606875,11.18033989,5.385164807,17.02938637,11.18033989,14.2126704,9.219544457,15,6.708203932
17.80449381,8.485281374,16.1245155,10,15.62049935,9.219544457,17.69180601,9.899494937,17.02938637,10.63014581,16.40121947,12.20655562,17.80449381,11.40175425,15.55634919,10.81665383,16.2788206,11.66190379,15.55634919,9.486832981,16.40121947,10.81665383,14.2126704,10.77032961,15.62049935,11.66190379,14.14213562,10.29563014,14.14213562,11.18033989,15.62049935,10.29563014,14.2126704,11.66190379,15.62049935,10.81665383,14.2126704,10.29563014,14.2126704,8.94427191,14.2126704,8.94427191,14.2126704,8.602325267,14.86606875,8.602325267,13.89244399,6.708203932,14.86606875,8.062257748,16.97056275,8.544003745
20,6.08276253,19.79898987,4.123105626,17.69180601,3.605551275,20.61552813,6.32455532,19.10497317,2.236067977,19.84943324,3.605551275,17.80449381,2,18.43908891,2,19.79898987,3.16227766,19.10497317,4,19.20937271,4.123105626,19.41648784,3,17.80449381,4,16.2788206,4.123105626,16.40121947,2.236067977,17.02938637,5.385164807,16.2788206,4.242640687,15.62049935,5.385164807,17.02938637,3,16.2788206,5,17.69180601,3.16227766,15.62049935,4,16.2788206,7.280109889,14.2126704,4.472135955,15.26433752,4.472135955,15,6.08276253
6.32455532,14.86606875,6.08276253,16.40121947,5.385164807,17.69180601,3.605551275,16.40121947,5,16.40121947,5,17.80449381,3.605551275,17.80449381,3.16227766,17.80449381,3.605551275,19.20937271,2.828427125,17.69180601,3.16227766,18.43908891,6.08276253,18.60107524,4,17.69180601,3.16227766,19.10497317,4.123105626,18.43908891,4,19.20937271,3,16.97056275,4.472135955,15.55634919,4.123105626,16.2788206,4,16.40121947,4,15.62049935,5,15,5.099019514,15.55634919,5.099019514,16.2788206,5.099019514,15.62049935,5,12.80624847
6.708203932,14.14213562,9.899494937,14.86606875,9.219544457,16.64331698,9.219544457,13.45362405,6.708203932,12.80624847,6.32455532,15.55634919,7.810249676,15.55634919,8.602325267,15.8113883,8.062257748,12.80624847,10.29563014,12.80624847,11.70469991,14.86606875,12.64911064,16.2788206,8.544003745,17.20465053,11.18033989,15.8113883,10.44030651,13.45362405,11.18033989,13.03840481,9.848857802,12.80624847,8.246211251,14.86606875,10.44030651,12.04159458,9.219544457,13.45362405,10.19803903,16.2788206,9.848857802,12.80624847,8.062257748,12.80624847,8.246211251,13.45362405,7.071067812,14.2126704,7,14.86606875
7.071067812,13.45362405,7.615773106,16.2788206,4.242640687,15.55634919,5,15.62049935,6.403124237,14.2126704,8.602325267,14.86606875,6.403124237,16.40121947,7.071067812,15,7.211102551,16.40121947,7.280109889,15.62049935,7.211102551,17.02938637,6.403124237,17.02938637,7.280109889,17.80449381,5.385164807,15.62049935,7.280109889,15,7.615773106,16.40121947,7.071067812,14.2126704,7.615773106,14.14213562,7.615773106,14.4222051,8.062257748,15.62049935,8.544003745,12.80624847,7.615773106,13.45362405,8.062257748,12.80624847,7.615773106,15.62049935,7.615773106,11.40175425,8.062257748,12.52996409
6.708203932,15.55634919,9.486832981,17.02938637,8.062257748,18.38477631,7.615773106,16.97056275,9.219544457,16.97056275,7.810249676,16.97056275,5.656854249,19.84943324,7.071067812,17.69180601,6.403124237,19.10497317,5.656854249,16.2788206,4.472135955,19.84943324,5,17.69180601,2.236067977,19.10497317,4.123105626,18.60107524,4.242640687,20.51828453,5.830951895,18.38477631,4.242640687,17.69180601,3.605551275,17.80449381,1,15,3.16227766,16.2788206,3.605551275,17.02938637,3.605551275,16.40121947,4.242640687,16.40121947,5,16.97056275,3.16227766,17.69180601,6.403124237,16.2788206
13.03840481,11.3137085,11.18033989,12.72792206,10.77032961,12.72792206,12.20655562,12.80624847,10.29563014,14.14213562,12.20655562,13.60147051,10.81665383,13.41640786,12.04159458,16.64331698,10.63014581,15.62049935,8.485281374,14.4222051,10,13.60147051,9.433981132,12.80624847,10.81665383,14.2126704,10.29563014,14.2126704,11.18033989,14.4222051,11.18033989,13.89244399,11.18033989,13.41640786,12.08304597,10.81665383,10.29563014,10.29563014,10.29563014,10,10.44030651,10.81665383,10.81665383,12.08304597,9.219544457,10.29563014,9.433981132,9.486832981,10.77032961,9.486832981,12.52996409,10.29563014
10.63014581,9.433981132,10.63014581,11.66190379,12.04159458,10.81665383,12.04159458,11.18033989,11.3137085,9.848857802,12.20655562,10.81665383,12.20655562,11.40175425,12.52996409,9.433981132,13.89244399,10.29563014,13.03840481,8.94427191,13.41640786,7.810249676,12.52996409,8.485281374,11.66190379,8.485281374,13,7.810249676,12.52996409,7.071067812,13.03840481,8.485281374,10.77032961,7.810249676,10.77032961,7.810249676,12.08304597,7.810249676,11.18033989,8.602325267,10.77032961,8.602325267,9.848857802,8.602325267,10.19803903,8.062257748,9.486832981,10,9.219544457,8.062257748,7.071067812,8.062257748
16.97056275,4.123105626,16.97056275,1.414213562,16.2788206,1.414213562,17.80449381,4.123105626,17.02938637,3.16227766,17.69180601,1.414213562,14.86606875,1,18.38477631,4.472135955,18.38477631,1,16.2788206,2.236067977,18.38477631,2.236067977,17.02938637,4,15.55634919,3.16227766,15.55634919,1.414213562,16.2788206,3.605551275,14.86606875,3,16.2788206,4,14.14213562,3,15.55634919,4,15.62049935,5.099019514,15.62049935,4.472135955,14.86606875,5.385164807,15.62049935,5.385164807,16.40121947,5,15,3.605551275,15.62049935,5
3.16227766,19.79898987,6.403124237,17.69180601,2.828427125,18.38477631,6.708203932,20.51828453,4,18.43908891,5,20.51828453,2.236067977,18.38477631,4,20,3.605551275,22.6715681,4.472135955,21.40093456,3,20.61552813,4.472135955,18.43908891,4.123105626,19.84943324,5.830951895,19.84943324,3,20,6,18.60107524,4.242640687,17.02938637,3.605551275,16.64331698,3.16227766,17.02938637,3.16227766,19.20937271,4.123105626,15.62049935,6.403124237,19.79898987,4.472135955,17.69180601,4,16.97056275,5,17.02938637,5,19.84943324
9.899494937,15.62049935,10,15.55634919,12.80624847,16.2788206,13.60147051,17.02938637,14.2126704,17.02938637,12.80624847,16.2788206,13.60147051,16.40121947,12.80624847,14.14213562,11.66190379,14.86606875,11.70469991,14.76482306,12.20655562,16.2788206,11.66190379,17.02938637,13,14.86606875,14.2126704,15,10.81665383,13.60147051,12.80624847,15.26433752,11.18033989,15.65247584,9.433981132,13.89244399,11.18033989,15.8113883,9.848857802,14.4222051,11.18033989,13.60147051,10.81665383,15,8.062257748,13.60147051,11.18033989,15.8113883,8.94427191,13.45362405,7.615773106,14.2126704
12.04159458,12.80624847,11.40175425,14.2126704,12.20655562,13.60147051,13.03840481,11.40175425,15,11.3137085,15,12.04159458,14.4222051,14.14213562,13.89244399,13.03840481,11.66190379,13.45362405,13.41640786,13.60147051,12.08304597,12.52996409,14.76482306,12.04159458,14.31782106,11.18033989,14.31782106,11.40175425,13.89244399,11.66190379,13.15294644,11.66190379,12.08304597,10.81665383,11.18033989,12.04159458,12.52996409,11.18033989,9.848857802,9.433981132,10.29563014,8.94427191,9.486832981,9.433981132,9.848857802,10.81665383,10.19803903,14.4222051,8.544003745,10.63014581,12,10.29563014
11.40175425,15.8113883,11.40175425,17.80449381,11.66190379,19.20937271,13.60147051,16.40121947,14.86606875,17.69180601,11.3137085,14.86606875,14.14213562,16.97056275,12.80624847,15.55634919,13.45362405,14.86606875,12.04159458,16.40121947,14.4222051,16.97056275,12.20655562,16.2788206,15.62049935,14.14213562,14.2126704,17.02938637,14.2126704,15.62049935,14.2126704,12.20655562,14.2126704,12.80624847,12.72792206,15,14.76482306,14.2126704,14.4222051,13.60147051,11.66190379,15,12.20655562,13.45362405,10.81665383,14.2126704,9.219544457,14.2126704,12.08304597,15,10.29563014,14.86606875
8.602325267,15.26433752,9.433981132,17.20465053,9.219544457,17.02938637,9.899494937,16.40121947,10.81665383,17.69180601,10,14.2126704,10.63014581,17.02938637,12.04159458,14.2126704,8.94427191,16.40121947,10.29563014,15.55634919,10.81665383,15.55634919,10.29563014,16.2788206,10.29563014,15.62049935,10,16.2788206,10,15.62049935,11.40175425,15,11.66190379,14.14213562,10.63014581,13.03840481,10.81665383,13.45362405,10.81665383,14.2126704,10,14.86606875,8.062257748,12.80624847,8.602325267,14.2126704,7.810249676,15,9.433981132,14.86606875,7.810249676,14.14213562
19.10497317,4.472135955,19.84943324,3.16227766,21.26029163,3.16227766,21.40093456,2,19.79898987,2.236067977,20.61552813,1,21.9317122,1.414213562,19.10497317,0,21.21320344,1.414213562,22.627417,2,22.02271555,3.16227766,19.20937271,2.828427125,19.79898987,3.605551275,21.26029163,6.08276253,19.79898987,1,19.79898987,1.414213562,18.38477631,3.16227766,17.69180601,3.605551275,17.69180601,2.828427125,16.97056275,3.16227766,19.10497317,3.16227766,17.69180601,2,15,1.414213562,18.60107524,2.828427125,17.69180601,1.414213562,15.55634919,3.16227766
16.40121947,1.414213562,14.86606875,2.828427125,14.86606875,1,15.62049935,2,14.86606875,1,17.20465053,1,15.62049935,2.236067977,15.62049935,1,15,2.828427125,15.8113883,2.236067977,15.55634919,3.16227766,15,4,14.86606875,5,16.2788206,4.123105626,14.2126704,2.828427125,14.2126704,3.16227766,15.55634919,4,15.55634919,4.472135955,13.60147051,3.16227766,12.72792206,2.828427125,13.45362405,2.828427125,12.20655562,2.828427125,13.45362405,2.236067977,13.60147051,2.828427125,13.45362405,2.236067977,13.45362405,3.605551275
6.08276253,41.86884283,2.236067977,42.63801121,2.828427125,40.45985665,5.830951895,43.829214,5.099019514,39.59797975,12.64911064,40.45985665,3.16227766,36.35931793,11.40175425,45.27692569,11.04536102,41.77319715,9.433981132,39.59797975,11.18033989,42.52058325,13.92838828,39.8246155,7.615773106,38.28837944,13,38.20994635,8.602325267,37.80211634,8.602325267,36.79673899,13.41640786,42.80186912,9.899494937,38.89730068,6.32455532,36.23534186,7.810249676,34.05877273,8.602325267,38.20994635,5.385164807,31.144823,14.86606875,32.20248438,12.64911064,36.12478374,10.29563014,35.38361203,8.062257748,34.05877273
17.02938637,2.828427125,17.69180601,1,17.20465053,0,19.20937271,1,17.69180601,1,17.80449381,2.236067977,17.69180601,3,17.69180601,2,19.10497317,3.16227766,18.38477631,2.236067977,19.84943324,5,18.02775638,5,17.20465053,2,18.38477631,4.123105626,18.43908891,3,18.38477631,4.472135955,17.69180601,3,16.97056275,3.16227766,16.2788206,3.16227766,16.2788206,3.605551275,16.2788206,3.16227766,14.86606875,4.123105626,14.14213562,2.236067977,16.97056275,2.828427125,16.2788206,3.605551275,15,2.828427125
6.403124237,13.60147051,5.385164807,13.60147051,6.403124237,12.72792206,4.472135955,14.86606875,5.830951895,15.62049935,5.830951895,15.8113883,6.08276253,12.80624847,5,12.80624847,7.211102551,12.80624847,9.219544457,15.62049935,8.246211251,13.60147051,7.071067812,12.20655562,9.055385138,12.80624847,10.19803903,12.04159458,8.246211251,15,7.280109889,14.4222051,7.280109889,11.66190379,5,13.60147051,6.08276253,14.86606875,9,10.81665383,7,9.899494937,4.123105626,12.04159458,5.099019514,11.66190379,6.08276253,14.2126704,6.32455532,12.04159458,5.385164807,10.29563014
3.605551275,16.40121947,2.236067977,17.02938637,2.236067977,19.20937271,2.236067977,17.69180601,1,17.80449381,2,20,2.236067977,17.49285568,2.236067977,17.80449381,3,19.10497317,2.236067977,19.10497317,5,19.10497317,2.828427125,19.10497317,5.385164807,17.69180601,4,16.2788206,3.16227766,18.43908891,3.605551275,16.2788206,1.414213562,17.69180601,3.16227766,17.80449381,3.16227766,17.69180601,4.123105626,18.38477631,2.828427125,15.55634919,4.472135955,16.40121947,5,15.62049935,1.414213562,17.02938637,2.828427125,14.2126704,1.414213562,19.10497317
8.94427191,13.45362405,8.062257748,12.52996409,9.219544457,14.2126704,9.219544457,12.20655562,10.63014581,13.60147051,12.04159458,14.14213562,10,14.86606875,9.219544457,12.72792206,12.80624847,13.45362405,10.63014581,12.72792206,12.20655562,14.14213562,10.29563014,13.45362405,13.03840481,13.60147051,12.20655562,13.03840481,11.66190379,11.40175425,10.63014581,10.81665383,12.52996409,10.81665383,10.81665383,12.04159458,10.63014581,13.45362405,11.18033989,11.66190379,10.81665383,12.04159458,9.219544457,14.2126704,8.94427191,10.81665383,8.94427191,13.60147051,7.615773106,13.41640786,7.071067812,12.20655562
12.04159458,7.615773106,14.14213562,7.810249676,13.60147051,8.062257748,13.45362405,8.602325267,14.86606875,7.810249676,12.80624847,7.810249676,15.8113883,7.280109889,15.8113883,5.385164807,17.02938637,4.242640687,18.38477631,7.615773106,16.2788206,6.32455532,18.02775638,6.708203932,15.55634919,6.708203932,17.80449381,5.830951895,15.55634919,3,16.40121947,5.385164807,13.45362405,6.08276253,13.45362405,6.08276253,14.86606875,4.123105626,12.72792206,7,12.04159458,5,13.60147051,5.385164807,12.80624847,6.08276253,12.04159458,7.615773106,13.45362405,7.211102551,14.2126704,8.062257748
14.14213562,3.605551275,14.14213562,3.605551275,16.40121947,7.211102551,13.45362405,3.605551275,18.02775638,5,15,2.236067977,16.2788206,5,13.60147051,3.605551275,15,5.099019514,17.02938637,3.605551275,14.4222051,4.472135955,14.2126704,6.08276253,14.2126704,7.615773106,16.40121947,5,17.20465053,5,16.2788206,4,16.1245155,6.08276253,14.2126704,4,15,5.099019514,12.20655562,4.472135955,13.45362405,4.123105626,14.14213562,6.08276253,12.52996409,7.280109889,12.08304597,7.071067812,12.04159458,7.280109889,11.40175425,5.099019514
8.602325267,12.80624847,9.219544457,11.66190379,11.40175425,12.80624847,12.04159458,12.80624847,10.63014581,11.40175425,12.04159458,12.72792206,9.219544457,10.63014581,13.45362405,11.40175425,11.40175425,12.72792206,12.72792206,12.80624847,12.20655562,10.29563014,10,9.219544457,11.3137085,10,10,12.04159458,10.63014581,12.04159458,12.20655562,8.602325267,10.81665383,9.433981132,12.80624847,11.18033989,10.29563014,9.899494937,10.81665383,11.40175425,10,10.77032961,10.29563014,11.40175425,9.433981132,12.08304597,8.94427191,12.08304597,8.544003745,11.66190379,8.602325267,12.04159458
7.211102551,13.89244399,9.848857802,14.86606875,7.211102551,16.2788206,8.485281374,14.4222051,8.602325267,15,8.485281374,15.55634919,10,14.86606875,8.062257748,15.55634919,9.433981132,14.86606875,10.63014581,15,10,14.2126704,9.433981132,15.8113883,12.20655562,15.62049935,10,15.26433752,10.29563014,13.45362405,12.52996409,13.45362405,10.81665383,14.14213562,8.602325267,13.89244399,10.81665383,11.40175425,8.062257748,13.60147051,10,12.20655562,9.848857802,13.60147051,10.81665383,11.66190379,8.602325267,13.60147051,8.94427191,13.03840481,8.544003745,13.60147051
10.63014581,10.63014581,10.81665383,10.63014581,10.77032961,10.63014581,9.219544457,9.899494937,11.40175425,9.899494937,12.20655562,12.04159458,8.602325267,12.04159458,9.899494937,12.80624847,10.81665383,11.66190379,9.219544457,14.2126704,10.63014581,15.26433752,8.602325267,12.80624847,8.94427191,13.60147051,9.899494937,13.03840481,9.848857802,12.20655562,8.94427191,13.03840481,8.485281374,11.40175425,9.486832981,12.80624847,11.18033989,12.20655562,8.94427191,11.40175425,9.219544457,10.63014581,9.899494937,10,7.810249676,11.40175425,9.848857802,11.3137085,9.433981132,8.94427191,10.63014581,11.40175425
9.899494937,10,8.062257748,9.433981132,10.29563014,9.899494937,9.433981132,9.219544457,9.433981132,10.63014581,8.602325267,11.40175425,8.94427191,10.63014581,7.211102551,10,12.04159458,12.04159458,9.433981132,10.63014581,10,10,8.485281374,9.899494937,7.211102551,11.3137085,7.071067812,10.63014581,8.602325267,12.72792206,8.062257748,11.3137085,8.062257748,11.40175425,8.485281374,11.3137085,7.071067812,9.899494937,8.062257748,10,6.403124237,10.63014581,8.94427191,12.20655562,8.485281374,10.63014581,7.810249676,10,6.403124237,9.433981132,9.899494937,9.433981132
13.03840481,8.062257748,12.52996409,7.211102551,13.89244399,11.66190379,15.8113883,9.899494937,13.45362405,8.062257748,12.20655562,7.810249676,15.26433752,9.219544457,11.18033989,7.810249676,13.45362405,8.062257748,12.72792206,10,12.04159458,10.63014581,12.80624847,10.63014581,10.63014581,9.433981132,12.04159458,11.40175425,9.899494937,10.29563014,12.04159458,10.63014581,11.40175425,11.3137085,11.40175425,12.04159458,12.04159458,9.848857802,11.3137085,10,11.3137085,9.848857802,12.80624847,8.485281374,12.72792206,8.602325267,10,8.94427191,9.219544457,8.544003745,11.40175425,8.544003745
3.605551275,18.43908891,2,17.69180601,2,20,2.236067977,18.02775638,2.236067977,18.60107524,2.236067977,19.10497317,2.236067977,18.60107524,4,19.84943324,3.16227766,17.80449381,2.828427125,18.43908891,3.605551275,17.80449381,3,17.20465053,3.16227766,17.20465053,4,18.60107524,4.472135955,19.10497317,2,17.69180601,5.385164807,18.43908891,4.123105626,16.2788206,4.123105626,16.2788206,4.123105626,16.40121947,3.605551275,14.14213562,3.605551275,16.40121947,3.605551275,15.62049935,4.242640687,15.62049935,4.472135955,16.2788206,4.123105626,14.86606875
16.97056275,8.94427191,14.86606875,9.433981132,16.2788206,8.94427191,15.55634919,12.20655562,16.2788206,9.848857802,17.02938637,7.211102551,14.86606875,8.602325267,17.80449381,10.63014581,18.38477631,7.810249676,14.14213562,7.211102551,17.02938637,9.219544457,17.80449381,6.708203932,15.55634919,8.94427191,16.40121947,8.602325267,16.40121947,6.708203932,17.20465053,6.708203932,16.2788206,7.615773106,13.45362405,7.280109889,15,7.211102551,14.4222051,5.830951895,15,7.615773106,15.55634919,8.062257748,15,8.246211251,11.40175425,10.29563014,13.41640786,9.219544457,13.89244399,10.44030651
1,16.2788206,2,17.20465053,4.123105626,18.43908891,4.123105626,17.69180601,2,18.02775638,3.605551275,14.86606875,3.605551275,17.20465053,4.123105626,18.35755975,4.472135955,16.40121947,5,15.62049935,5.099019514,17.20465053,4.242640687,14.86606875,5.099019514,14.2126704,7,15.62049935,6,13.60147051,6.08276253,16.2788206,3.16227766,13.45362405,4.123105626,13.45362405,4,14.2126704,2.828427125,12.72792206,5,14.14213562,7.071067812,12.72792206,3,12.04159458,5,12.80624847,2.828427125,12.04159458,2.828427125,11.3137085
15.62049935,9.219544457,16.1245155,7.071067812,14.2126704,9.433981132,17,10,13.60147051,9.219544457,17.20465053,9.219544457,14.14213562,10,15.8113883,10.63014581,15.62049935,8.94427191,14.86606875,8.544003745,16.2788206,10.29563014,13.45362405,10.29563014,14.14213562,10.77032961,16.2788206,11.66190379,14.2126704,11.66190379,14.86606875,11.18033989,14.86606875,11.18033989,13.60147051,9.848857802,13.45362405,9.848857802,12.72792206,10.44030651,12.04159458,8.544003745,12.80624847,8.246211251,13.45362405,6.708203932,12.04159458,6.32455532,11.40175425,6.08276253,12.80624847,8.246211251
11.40175425,12.20655562,12.72792206,10.63014581,12.72792206,8.602325267,14.4222051,11.66190379,12.80624847,10.63014581,13.45362405,12.72792206,14.2126704,9.899494937,15,12.04159458,13.03840481,8.485281374,13,10.81665383,13.41640786,12.04159458,13.89244399,10.63014581,13.60147051,11.40175425,13.03840481,10.63014581,14.76482306,9.433981132,11.40175425,11.18033989,12.52996409,8.544003745,11.40175425,11.18033989,12.20655562,11.66190379,13.03840481,9.433981132,9.848857802,10.29563014,9.219544457,9.433981132,8.94427191,9.433981132,11.70469991,10.29563014,8.246211251,11.66190379,9.486832981,11.66190379
12.20655562,8.062257748,11.18033989,9.219544457,13.41640786,10,10.63014581,10.63014581,10,10.63014581,12.20655562,11.3137085,9.433981132,9.899494937,11.40175425,10.63014581,11.3137085,13.03840481,11.3137085,10.77032961,11.3137085,12.80624847,9.899494937,12.52996409,9.899494937,12.04159458,9.219544457,11.18033989,8.602325267,10.81665383,10.81665383,12.52996409,10.63014581,10.81665383,8.602325267,10.63014581,10.29563014,12.20655562,11.40175425,10.29563014,10.81665383,10.29563014,8.94427191,10,9.219544457,8.544003745,10,11.18033989,10.29563014,9.486832981,12.04159458,8.544003745
10.29563014,12.20655562,12.20655562,10.63014581,10.81665383,9.899494937,9.433981132,12.72792206,10.29563014,10.63014581,12.52996409,12.80624847,12.20655562,12.80624847,11.40175425,13.45362405,10.81665383,12.80624847,10.29563014,13.45362405,10.63014581,15.62049935,10,14.4222051,10,13.60147051,8.602325267,10.81665383,7.071067812,12.80624847,10,13.03840481,7.810249676,10.81665383,9.433981132,11.66190379,8.485281374,11.18033989,8.602325267,11.18033989,8.062257748,10.81665383,8.602325267,10.81665383,7.810249676,9.848857802,9.219544457,10.29563014,7.211102551,8.602325267,10,9.433981132
13.60147051,7.615773106,15.8113883,8.485281374,14.86606875,8.062257748,15.26433752,5,17.80449381,7.810249676,14.2126704,7.071067812,16.1245155,7.810249676,16.1245155,8.062257748,15.62049935,7.615773106,17.02938637,7.280109889,14.2126704,8.544003745,14.2126704,8.602325267,16.2788206,7.615773106,14.2126704,8.94427191,15,5,12.72792206,7.211102551,12.80624847,7.615773106,14.14213562,7.211102551,12.72792206,6.708203932,11.3137085,5.099019514,12.04159458,6.08276253,13.45362405,6,14.2126704,6.32455532,14.14213562,5,9.899494937,6.08276253,13.45362405,6.08276253
15.62049935,8.94427191,15.26433752,10.77032961,15.62049935,9.899494937,16.40121947,8.602325267,15.62049935,8.485281374,17.02938637,9.219544457,16.2788206,12.80624847,15.62049935,9.899494937,16.2788206,10.63014581,17.80449381,8.94427191,17.69180601,12.64911064,15.62049935,11.66190379,15.55634919,10.29563014,16.2788206,10.81665383,15.55634919,11.66190379,16.2788206,10.29563014,16.2788206,10.81665383,14.86606875,11.18033989,14.2126704,11.18033989,12.80624847,8.94427191,13.60147051,10.77032961,15.55634919,9.848857802,14.14213562,9.848857802,14.2126704,7.615773106,14.2126704,5.385164807,14.86606875,9.219544457
17.69180601,3.605551275,18.60107524,4.472135955,17.80449381,3.605551275,19.20937271,4.472135955,17.69180601,3.605551275,16.2788206,3.605551275,17.69180601,4.472135955,18.43908891,1,18.02775638,1.414213562,15.8113883,2,18.43908891,1.414213562,20.51828453,4.123105626,19.20937271,2.236067977,15.62049935,4.242640687,17.80449381,3.605551275,19.10497317,3.605551275,18.60107524,2.236067977,17.69180601,3.16227766,17.69180601,2,16.97056275,3.605551275,16.97056275,2.828427125,15.62049935,4,14.2126704,3.16227766,17.69180601,2,16.2788206,2,15.62049935,3.16227766
15.8113883,13.45362405,15,15,13.45362405,12.04159458,15.62049935,14.86606875,12.80624847,14.86606875,14.4222051,14.14213562,15.62049935,13.89244399,12.80624847,14.2126704,12.20655562,14.86606875,13.60147051,14.4222051,14.86606875,15,13.60147051,13.03840481,14.14213562,15,11.66190379,13.60147051,12.80624847,13.03840481,12.80624847,13.60147051,14.14213562,13.03840481,14.2126704,13.60147051,14.4222051,12.80624847,11.66190379,13.03840481,11.40175425,13.41640786,11.40175425,13.03840481,11.40175425,11.66190379,11.40175425,11.18033989,12.20655562,10.29563014,14.4222051,10.29563014
3,20.61552813,1,19.41648784,3.16227766,16.97056275,2.236067977,19.84943324,4.242640687,21.26029163,3,19.84943324,2,19.10497317,2.236067977,20.61552813,3.16227766,19.79898987,3,19.20937271,4.123105626,18.43908891,3.16227766,18.86796226,3,17.80449381,3.605551275,18.43908891,4.123105626,17.02938637,7.071067812,19.84943324,5.099019514,16.2788206,3,15.62049935,6.32455532,18.38477631,3,18.38477631,2,16.97056275,4,17.80449381,3.605551275,12.80624847,4.123105626,14.4222051,2.828427125,13.45362405,2.828427125,15
7.280109889,15.62049935,8.062257748,17.69180601,5,16.97056275,7.810249676,17.20465053,7.211102551,16.2788206,7.810249676,17.02938637,6.403124237,18.38477631,8.602325267,17.69180601,8.485281374,16.2788206,7.810249676,17.02938637,7.810249676,16.97056275,7.810249676,16.40121947,9.219544457,18.43908891,9.899494937,18.43908891,7.810249676,15.62049935,9.219544457,15.62049935,8.602325267,15,7.211102551,14.31782106,8.485281374,16.40121947,9.219544457,16.40121947,6.708203932,16.40121947,8.485281374,16.2788206,6.403124237,16.2788206,6.708203932,15.8113883,5,15.62049935,7.211102551,16.2788206
70.72481884,13,75.74298647,17.02938637,77.79460136,12.20655562,73,9.055385138,75.74298647,5.830951895,77.79460136,11.18033989,67.62396025,9,71.42128534,9.899494937,70.72481884,2.236067977,64.03124237,7.211102551,75.69015788,6.708203932,73.10950691,13.92838828,66.48308055,9.848857802,61.55485359,8.544003745,60.95900262,11.70469991,71.44928271,9.848857802,68.62215386,11.3137085,60.80296045,10.77032961,64.66065264,6.708203932,54.56189146,13.03840481,65.06919394,8.94427191,50.80354318,17.02938637,63.12685641,17,66.70832032,17.88854382,62.68173578,18.60107524,60.20797289,17.11724277
15.62049935,13.60147051,16.97056275,12.20655562,16.40121947,13.60147051,18.38477631,14.4222051,16.97056275,11.66190379,14.86606875,14.14213562,19.20937271,11.3137085,18.60107524,12.04159458,16.64331698,10.63014581,16.40121947,14.14213562,15.8113883,13.45362405,16.64331698,12.20655562,19.41648784,10.63014581,17.20465053,11.40175425,17.49285568,12.04159458,17.20465053,13.03840481,15,12.20655562,15.62049935,12.08304597,16.1245155,12.80624847,15.62049935,13.41640786,14.4222051,11.40175425,15.8113883,13.03840481,12.20655562,10.81665383,14.4222051,12.52996409,13.41640786,12.08304597,12.20655562,11.66190379
10.29563014,11.40175425,10,12.80624847,7.810249676,12.04159458,8.94427191,12.04159458,9.433981132,14.2126704,5.830951895,13.60147051,9.219544457,12.72792206,8.485281374,14.2126704,7.810249676,14.2126704,8.602325267,13.45362405,9.433981132,12.04159458,7.211102551,12.04159458,5.830951895,14.86606875,6.403124237,14.14213562,5.830951895,12.80624847,5,12.20655562,4.472135955,14.14213562,7.211102551,13.45362405,7.211102551,12.20655562,6.708203932,11.3137085,7.211102551,12.72792206,8.062257748,13.45362405,8.485281374,12.72792206,6.403124237,12.04159458,7.810249676,14.86606875,7.810249676,10.63014581
15.62049935,5.830951895,18.43908891,5.830951895,16.40121947,5,14.86606875,7.211102551,16.2788206,6.708203932,18.38477631,7.280109889,16.64331698,6.403124237,17.80449381,5.830951895,18.43908891,4.242640687,13.89244399,2.236067977,17.69180601,4.123105626,15.8113883,5.830951895,15.62049935,4.472135955,18.02775638,6.08276253,15.55634919,3.16227766,16.2788206,5,16.97056275,4.123105626,15.62049935,5.385164807,16.1245155,5.099019514,14.2126704,6.08276253,11.40175425,5.830951895,13.03840481,3.605551275,12.80624847,5.830951895,16.40121947,7.071067812,11.18033989,5,14.2126704,7.211102551
6.08276253,15.62049935,6.08276253,16.2788206,3.16227766,14.86606875,4,17.02938637,3.605551275,17.69180601,5.099019514,17.02938637,4.123105626,17.69180601,3.605551275,17.02938637,4.242640687,17.02938637,6.32455532,18.38477631,3.16227766,18.43908891,3.605551275,17.69180601,2.236067977,19.10497317,3.16227766,16.2788206,3.16227766,17.20465053,2.828427125,16.2788206,3.605551275,18.38477631,3.605551275,16.2788206,2.828427125,16.2788206,4.123105626,14.86606875,1,14.86606875,3,14.86606875,5,14.86606875,4.472135955,15.62049935,4.123105626,13.45362405,4.472135955,14.14213562
14.14213562,3,14.2126704,3.605551275,15.8113883,2.236067977,14.86606875,2,15.55634919,2.828427125,16.2788206,1,16.2788206,2.236067977,16.2788206,0,15.55634919,1.414213562,15,1.414213562,14.86606875,2.236067977,14.86606875,2.236067977,14.14213562,3,16.2788206,2.236067977,16.2788206,1,14.86606875,1.414213562,17.02938637,3.16227766,14.86606875,1,14.86606875,1,14.2126704,1.414213562,13.45362405,2,14.2126704,2,12.80624847,4.123105626,15.55634919,4,14.14213562,4,14.86606875,5.099019514
13.45362405,13.03840481,13.03840481,12.20655562,13.45362405,12.04159458,16.2788206,14.2126704,14.14213562,13.89244399,16.2788206,13.45362405,17.02938637,13.03840481,14.2126704,14.2126704,13.03840481,14.14213562,13.03840481,14.14213562,16.2788206,15.55634919,13.03840481,10.63014581,15.26433752,13.45362405,15.62049935,12.80624847,15.62049935,11.40175425,15.62049935,11.18033989,15,11.40175425,12.80624847,11.40175425,13.60147051,11.66190379,14.76482306,10.63014581,15.23154621,11.3137085,12.20655562,10.81665383,12.04159458,10.63014581,13,13.45362405,10.29563014,12.20655562,13.41640786,12.80624847
4,16.97056275,3.16227766,20.51828453,6,18.86796226,4.472135955,20.61552813,6.08276253,20.61552813,5.099019514,19.20937271,2.236067977,18.02775638,3,20,5.385164807,19.72308292,7.211102551,21.9317122,4.123105626,17.69180601,7.280109889,21.26029163,5.656854249,18.60107524,5.830951895,19.84943324,6.403124237,20.61552813,8.062257748,19.84943324,5.830951895,19.10497317,4.123105626,17.02938637,2.236067977,17.69180601,6.32455532,17.20465053,6.08276253,18.43908891,4.242640687,17.69180601,5.830951895,19.20937271,6.08276253,17.69180601,6,17.20465053,2,16.2788206
4.472135955,17.80449381,3.605551275,19.79898987,2,20.51828453,4.123105626,20,3,21.26029163,4.472135955,19.20937271,1,19.84943324,3,18.60107524,3.605551275,19.41648784,3.16227766,20,5.099019514,20.80865205,2.828427125,20.80865205,4.123105626,18.60107524,4.472135955,19.20937271,3,17.80449381,4.123105626,18.60107524,6.08276253,19.41648784,4,18.43908891,5.099019514,18.60107524,4.123105626,16.40121947,6,17.80449381,3,16.2788206,4,15.55634919,4.123105626,15.62049935,5,17.20465053,4.242640687,14.86606875
16.40121947,16.40121947,17,15,16.40121947,14.4222051,16.40121947,14.4222051,16.97056275,16.2788206,15,15.62049935,15.8113883,14.86606875,14.4222051,15,16.40121947,15,12.72792206,13.60147051,16.2788206,15.26433752,15.8113883,16.64331698,14.2126704,15.62049935,14.2126704,15.26433752,16.2788206,15,14.14213562,17.49285568,14.86606875,14.4222051,12.72792206,13.03840481,14.14213562,13.89244399,13.45362405,15.65247584,14.86606875,15.26433752,11.40175425,13.89244399,12.04159458,12.20655562,12.80624847,14.4222051,14.14213562,11.66190379,12.04159458,11.70469991
14.86606875,8.602325267,16.2788206,7.810249676,16.97056275,10.81665383,13.60147051,7.071067812,18.38477631,9.219544457,17.80449381,8.602325267,16.40121947,9.219544457,17.02938637,8.602325267,17.80449381,8.602325267,17.69180601,8.602325267,17.02938637,9.219544457,17.49285568,8.602325267,18.43908891,6.708203932,15,7.810249676,17.20465053,8.602325267,16.97056275,8.94427191,15.8113883,7.280109889,14.86606875,8.062257748,15.62049935,8.062257748,15.26433752,8.246211251,12.72792206,9.219544457,13.60147051,9.848857802,13.03840481,9.219544457,13.89244399,9.219544457,13.89244399,10.29563014,15,8.602325267
13.60147051,10.29563014,15.8113883,7.810249676,14.2126704,10.29563014,18.02775638,13.60147051,16.64331698,14.2126704,14.86606875,14.86606875,16.2788206,12.04159458,17.20465053,14.2126704,17,11.40175425,15.62049935,9.848857802,15.8113883,14.14213562,15.62049935,13.60147051,14.86606875,12.80624847,14.4222051,14.4222051,13.45362405,11.66190379,11.3137085,13.45362405,15,12.04159458,14.2126704,11.66190379,12.04159458,11.40175425,13.45362405,15,9.219544457,14.2126704,12.04159458,14.2126704,15,10.63014581,11.3137085,11.66190379,12.04159458,11.3137085,15.62049935,12.20655562
3.605551275,14.14213562,2.828427125,17.02938637,4.472135955,16.97056275,4.123105626,16.40121947,2.236067977,15.55634919,4.123105626,15.55634919,1.414213562,19.10497317,3,15.55634919,2,17.69180601,1,14.2126704,2,15,3,16.2788206,3.605551275,16.97056275,1,17.02938637,0,17.69180601,3.605551275,14.86606875,3,14.2126704,2.828427125,16.2788206,5,16.2788206,2.236067977,14.86606875,5.656854249,13.45362405,2.828427125,15.62049935,2.828427125,12.80624847,3.16227766,15.55634919,4.472135955,12.04159458,2,12.20655562
16.2788206,4.123105626,17.69180601,4,18.38477631,2.236067977,18.38477631,2,18.38477631,3.605551275,18.38477631,3.605551275,18.38477631,1.414213562,19.10497317,1.414213562,18.60107524,3,16.2788206,6.32455532,19.79898987,2,18.43908891,2.236067977,18.38477631,2.236067977,18.38477631,3.16227766,16.97056275,2.236067977,19.79898987,2.236067977,16.40121947,2.236067977,16.40121947,2.236067977,17.69180601,1,18.43908891,3.605551275,19.10497317,2.236067977,16.2788206,4.472135955,15.26433752,3.605551275,16.40121947,3.16227766,16.2788206,3.16227766,15,5.099019514
14.14213562,4.123105626,15.55634919,3,14.14213562,4.472135955,15.55634919,2,15.62049935,2.236067977,15.62049935,1.414213562,16.2788206,5,16.40121947,2.236067977,15.62049935,6.08276253,16.97056275,6.08276253,18.43908891,4.242640687,17.69180601,5,14.86606875,3.605551275,15.55634919,2.828427125,16.2788206,5.656854249,15.62049935,7.071067812,14.2126704,5.830951895,14.2126704,5.656854249,13.45362405,3.605551275,15.55634919,6.403124237,12.20655562,5.830951895,13.45362405,4.242640687,11.3137085,5.385164807,14.86606875,3,12.80624847,3.605551275,14.14213562,2
18.43908891,9.219544457,22.627417,10.29563014,20.80865205,8.94427191,18.35755975,8.062257748,21.9317122,13,23.34523506,8.602325267,19.72308292,10.29563014,21.40093456,6.08276253,21.02379604,12.64911064,22.8035085,11.66190379,26.62705391,8.544003745,21.9544984,15.13274595,21.21320344,14.56021978,18.60107524,10.04987562,21.9544984,13.89244399,19.72308292,15.13274595,21.9544984,12.36931688,20,11.18033989,18.43908891,12.16552506,20.1246118,17,18.38477631,12.08304597,18.02775638,11.04536102,15.8113883,12.04159458,15.23154621,15.26433752,13.03840481,17.20465053,16.55294536,14.56021978
3.605551275,16.97056275,4,19.10497317,2,19.79898987,1.414213562,19.84943324,3.16227766,17.69180601,2.828427125,19.79898987,1,16.97056275,0,19.10497317,3.16227766,18.38477631,4.123105626,17.49285568,3.16227766,20.51828453,1,18.60107524,4,18.38477631,3.605551275,18.38477631,5,17.69180601,2.236067977,16.2788206,2.236067977,17.02938637,2.236067977,16.2788206,2,19.10497317,2.236067977,17.69180601,2.828427125,17.02938637,1,18.38477631,1.414213562,17.20465053,2.828427125,16.97056275,2.236067977,16.2788206,3.605551275,16.2788206
19.79898987,3,19.84943324,3.16227766,18.43908891,2.828427125,19.10497317,3.16227766,17.69180601,1.414213562,17.02938637,2.236067977,19.10497317,1,21.26029163,2.828427125,17.02938637,1,18.43908891,1.414213562,19.10497317,0,18.43908891,1,17.02938637,2,18.38477631,2.828427125,18.60107524,3.605551275,17.69180601,2.236067977,19.79898987,3.16227766,19.10497317,2.828427125,21.26029163,1,16.2788206,2.236067977,17.02938637,2.236067977,17.80449381,1,15.55634919,2.236067977,18.43908891,2,17.20465053,3.605551275,16.2788206,2.236067977
14.76482306,14.2126704,15.65247584,12.20655562,16.64331698,14.76482306,14.14213562,10.81665383,14.2126704,13.60147051,13.60147051,12.04159458,12.80624847,13.45362405,15.8113883,15.55634919,17.69180601,15.62049935,15.55634919,12.80624847,14.86606875,13.89244399,15.8113883,12.72792206,12.72792206,15.62049935,14.14213562,17.80449381,11.3137085,14.4222051,12.04159458,15.55634919,11.40175425,18.43908891,13.60147051,15,14.86606875,18.60107524,13.45362405,18.60107524,12.04159458,17.69180601,12.80624847,16.2788206,12.72792206,16.2788206,12.80624847,14.2126704,10.29563014,14.2126704,12.04159458,15.8113883
3.16227766,18.38477631,5.385164807,19.84943324,1,19.84943324,3,20.61552813,3.16227766,19.20937271,4,19.10497317,1,18.38477631,2.828427125,18.38477631,2.828427125,20.51828453,4,19.79898987,1,20.51828453,0,20.80865205,1,18.43908891,1.414213562,19.20937271,2.236067977,20.51828453,1.414213562,21.21320344,2.236067977,19.10497317,1,19.10497317,1.414213562,19.79898987,1.414213562,18.38477631,1.414213562,16.97056275,2.828427125,17.69180601,2,17.69180601,3.605551275,20.51828453,3.605551275,17.69180601,1,18.43908891
19.20937271,4.472135955,19.79898987,3,19.10497317,4.123105626,17.69180601,3.16227766,19.79898987,4,19.20937271,3.605551275,20,1,20.61552813,3.605551275,21.40093456,2.236067977,19.20937271,2.236067977,22.02271555,1,19.84943324,2.236067977,21.26029163,1,19.79898987,3.16227766,20,2,19.79898987,1,19.20937271,3.16227766,19.84943324,2.828427125,19.10497317,2.236067977,19.10497317,3.16227766,20.51828453,1.414213562,17.02938637,2.828427125,15.55634919,3.16227766,17.02938637,4,16.40121947,5.099019514,15.62049935,3
11.40175425,13.41640786,12.04159458,15.26433752,13.03840481,13.60147051,11.3137085,13.89244399,14.2126704,14.4222051,12.80624847,11.66190379,10.63014581,12.20655562,11.3137085,13.60147051,12.80624847,13.45362405,12.04159458,14.14213562,12.04159458,15,11.40175425,12.20655562,13.89244399,14.14213562,13.03840481,13.45362405,14.4222051,12.72792206,14.4222051,12.72792206,13.41640786,11.40175425,12.04159458,12.04159458,13.03840481,10.63014581,13.89244399,12.20655562,13.03840481,12.20655562,13.03840481,10.63014581,11.18033989,11.3137085,13.89244399,12.04159458,10.29563014,12.04159458,9.848857802,11.40175425
18.38477631,3.16227766,19.79898987,2.236067977,19.10497317,4.242640687,20.51828453,2.236067977,19.10497317,5.830951895,19.79898987,0,20.51828453,3.605551275,18.86796226,3.16227766,18.43908891,2.828427125,19.79898987,2.236067977,21.40093456,4.472135955,18.60107524,3,18.86796226,1,19.10497317,4.472135955,19.41648784,1.414213562,19.10497317,4.242640687,18.02775638,5,19.41648784,4.472135955,18.86796226,3,15,4.472135955,17.20465053,7.810249676,17.02938637,4.123105626,15.26433752,4.123105626,12.80624847,7.211102551,15.8113883,5.099019514,15.26433752,4.123105626
3.605551275,17.69180601,5,17.69180601,4.242640687,18.43908891,5.385164807,17.80449381,5.830951895,17.20465053,7.211102551,19.20937271,4.472135955,17.80449381,5.830951895,17.49285568,5.830951895,19.20937271,5,19.79898987,7.071067812,18.60107524,6.708203932,18.60107524,6.08276253,18.38477631,8,19.20937271,7.071067812,18.43908891,7.071067812,17.69180601,6.08276253,18.60107524,6.08276253,15.55634919,6,16.2788206,8.062257748,15,8,15.62049935,6,14.86606875,3,14.2126704,5.830951895,14.4222051,5.099019514,13.89244399,8.062257748,15.26433752
12.64911064,18.02775638,12.52996409,15.8113883,13.89244399,17.20465053,11.66190379,16.40121947,11.40175425,15.55634919,12.20655562,19.10497317,13.41640786,19.10497317,13.03840481,16.40121947,12.08304597,16.40121947,9.848857802,15,8.602325267,19.10497317,11.3137085,19.20937271,9.899494937,18.38477631,9.899494937,20.51828453,10,20.61552813,12.04159458,19.41648784,10.63014581,18.43908891,10.63014581,18.60107524,10,18.43908891,9.219544457,18.60107524,8.602325267,17.20465053,9.219544457,18.43908891,9.219544457,18.60107524,9.219544457,17.80449381,8.485281374,17.20465053,8.602325267,16.1245155
8.062257748,17.20465053,7.615773106,17.20465053,6.708203932,19.10497317,7.810249676,18.60107524,8.94427191,19.20937271,8.485281374,17.69180601,9.433981132,17.02938637,9.433981132,17.02938637,7.810249676,20.51828453,9.899494937,19.10497317,10.29563014,19.10497317,7.810249676,16.40121947,10.81665383,17.20465053,11.40175425,17.69180601,10.81665383,17.69180601,7.071067812,16.2788206,11.18033989,17.02938637,9.433981132,15.55634919,11.66190379,14.86606875,11.18033989,15.62049935,11.66190379,16.2788206,10.63014581,15.55634919,8.602325267,16.2788206,7.211102551,14.2126704,10.77032961,14.14213562,9.433981132,16.2788206
19.79898987,10,18.38477631,11.40175425,18.43908891,10.81665383,20.51828453,10.63014581,16.97056275,12.04159458,18.60107524,9.219544457,19.10497317,11.66190379,18.38477631,11.66190379,19.10497317,8.602325267,18.43908891,11.40175425,17.69180601,12.08304597,18.43908891,11.40175425,19.10497317,13.41640786,17.69180601,11.18033989,17.02938637,11.70469991,16.2788206,9.848857802,17.69180601,11.70469991,16.97056275,9.848857802,14.86606875,12.08304597,16.2788206,8.94427191,17.02938637,10.77032961,14.86606875,8.544003745,15.62049935,8.544003745,17.02938637,8.246211251,17.80449381,7.280109889,16.40121947,9.055385138
11.66190379,15.8113883,14.31782106,16.2788206,10.81665383,15,12.20655562,15.8113883,12.52996409,17.69180601,13.03840481,17.02938637,10,17.69180601,11.66190379,16.97056275,11.40175425,17.20465053,12.04159458,12.80624847,11.40175425,17.20465053,10.63014581,17.20465053,8.485281374,18.35755975,9.433981132,18.60107524,12.04159458,18.02775638,9.219544457,16.2788206,8.602325267,18.43908891,11.40175425,14.86606875,8.602325267,15.62049935,11.40175425,16.1245155,9.219544457,16.2788206,9.219544457,14.4222051,10,16.1245155,10.81665383,13.89244399,11.40175425,14.76482306,11.3137085,14.76482306
13.89244399,11.66190379,10.81665383,10,10.63014581,12.52996409,12.20655562,14.76482306,13.60147051,13.45362405,12.04159458,11.66190379,13.45362405,12.80624847,15.62049935,13.60147051,13.60147051,14.14213562,16.2788206,14.86606875,16.40121947,12.80624847,17.20465053,13.45362405,15,14.86606875,14.4222051,12.80624847,13.60147051,10.63014581,14.4222051,9.219544457,15.26433752,10.81665383,11.40175425,11.3137085,12.80624847,11.40175425,13.89244399,11.3137085,12.80624847,10,14.76482306,12.72792206,10.81665383,12.52996409,13.60147051,12.20655562,11.66190379,10.77032961,10.77032961,10
1.414213562,16.2788206,2.236067977,16.40121947,2.236067977,16.40121947,3.605551275,15.62049935,1.414213562,18.43908891,2,15.8113883,1,17.02938637,0,18.43908891,2,19.79898987,0,16.2788206,1,19.10497317,1,17.20465053,0,17.02938637,2.236067977,17.02938637,4.123105626,15,3.605551275,15.62049935,3,17.69180601,3,16.97056275,2.236067977,14.2126704,2.236067977,16.2788206,4,15,2.828427125,16.2788206,3.605551275,12.80624847,5.385164807,15.62049935,4.472135955,14.2126704,4.472135955,15.26433752
13.45362405,9.219544457,14.86606875,11.66190379,11.66190379,10.63014581,14.86606875,9.219544457,13.45362405,10.63014581,12.04159458,11.3137085,12.80624847,12.20655562,14.86606875,9.899494937,11.40175425,11.40175425,11.40175425,14.2126704,10.63014581,11.18033989,14.14213562,10.81665383,13.03840481,11.66190379,14.2126704,13.89244399,10.63014581,11.66190379,14.86606875,11.40175425,10.63014581,12.64911064,12.08304597,10.81665383,10,8.94427191,10,13,12.04159458,11.70469991,10.63014581,9.219544457,11.40175425,10,10.63014581,8.94427191,15.55634919,10.44030651,12.04159458,11.18033989
16.2788206,10,14.4222051,8.485281374,15.62049935,10,15.55634919,9.433981132,13.45362405,9.899494937,15,8.602325267,14.2126704,9.219544457,16.2788206,9.433981132,14.86606875,9.219544457,17.02938637,8.94427191,16.2788206,10.63014581,15.55634919,13.92838828,15.55634919,11.18033989,14.86606875,9.848857802,14.86606875,8.94427191,15.62049935,10.44030651,14.86606875,11.18033989,14.2126704,9.486832981,12.80624847,11.66190379,13.60147051,8.544003745,14.86606875,9.486832981,11.3137085,8.544003745,14.14213562,8.246211251,12.80624847,7.071067812,12.04159458,7.071067812,12.72792206,8.246211251
16.2788206,5,15.62049935,7.810249676,19.84943324,7.810249676,19.84943324,6.32455532,19.20937271,8.062257748,19.10497317,7.810249676,17.20465053,9.219544457,19.79898987,7.211102551,19.10497317,4.242640687,18.35755975,5.656854249,19.20937271,7.810249676,17.02938637,7.211102551,19.20937271,7.810249676,18.60107524,8.062257748,20.80865205,9.219544457,17.80449381,4.123105626,17.80449381,7.211102551,17.69180601,5.830951895,18.02775638,8.485281374,17.02938637,5.385164807,17.49285568,6.32455532,15.8113883,8.94427191,14.4222051,6.403124237,13.03840481,8.94427191,14.4222051,7.211102551,17,8.062257748
5.830951895,17.69180601,7.810249676,18.43908891,9.219544457,19.84943324,8.602325267,17.69180601,5,19.10497317,8.94427191,18.43908891,7.211102551,18.43908891,8.062257748,19.79898987,9.433981132,17.80449381,7.615773106,15.62049935,8.94427191,16.97056275,9.486832981,17.69180601,9.848857802,18.43908891,8.062257748,19.10497317,9.848857802,16.2788206,7.280109889,17.02938637,7.280109889,17.02938637,6.08276253,17.69180601,9.219544457,17.69180601,8.062257748,17.02938637,8.246211251,15.55634919,8,16.97056275,6,15,7.071067812,17.69180601,5.099019514,16.97056275,7.071067812,15.62049935
7.280109889,17.80449381,8.94427191,18.02775638,5.099019514,19.10497317,8.062257748,17.69180601,6.708203932,17.69180601,5.830951895,16.97056275,5.830951895,19.10497317,6.32455532,19.84943324,6.708203932,19.10497317,5.830951895,18.38477631,7.211102551,18.43908891,5,19.20937271,5.385164807,19.20937271,5.099019514,18.43908891,5,18.60107524,5.385164807,17.69180601,5,17.80449381,5.656854249,17.69180601,5.830951895,17.20465053,5,16.40121947,4.123105626,17.02938637,4.242640687,18.60107524,5,15.8113883,4.123105626,17.02938637,4.472135955,15.62049935,5.656854249,15.8113883
13.89244399,15,14.31782106,16.40121947,13.60147051,15.62049935,12.20655562,15.62049935,13.45362405,14.86606875,12.80624847,14.2126704,14.14213562,14.86606875,13.45362405,16.2788206,14.14213562,15.62049935,17.02938637,17.69180601,15,14.86606875,15,15.55634919,12.52996409,12.80624847,15.8113883,13.45362405,15.62049935,13.45362405,15.26433752,13.45362405,12.20655562,13.45362405,13.60147051,12.04159458,12.20655562,14.14213562,12.20655562,12.04159458,11.66190379,13.60147051,13.89244399,13.45362405,10.29563014,12.80624847,11.70469991,13.45362405,14.31782106,12.04159458,12.08304597,12.04159458
5.099019514,16.97056275,6.08276253,18.38477631,4.123105626,17.02938637,2.236067977,17.80449381,2.236067977,18.43908891,2.236067977,19.79898987,5,17.69180601,2.236067977,18.43908891,3.605551275,19.10497317,5.385164807,16.97056275,3.605551275,16.40121947,5.099019514,18.43908891,6.32455532,17.69180601,6.08276253,16.97056275,7.071067812,17.69180601,5,16.2788206,3.16227766,19.10497317,4.123105626,15.55634919,3.605551275,16.2788206,7.071067812,14.86606875,4.123105626,17.69180601,4.123105626,16.97056275,2,14.14213562,3.16227766,16.2788206,3.16227766,17.80449381,4.472135955,15.62049935
9.848857802,12.20655562,9.219544457,12.72792206,13.45362405,13.45362405,13.45362405,11.40175425,12.04159458,10.63014581,9.899494937,12.72792206,14.2126704,12.72792206,12.20655562,12.04159458,12.80624847,13.45362405,12.04159458,12.20655562,12.52996409,12.04159458,11.66190379,10.81665383,10.63014581,11.3137085,12.08304597,11.40175425,11.66190379,12.20655562,11.66190379,14.86606875,10.81665383,11.3137085,10.29563014,11.66190379,11.66190379,12.52996409,9.433981132,12.20655562,10.77032961,13.03840481,10.77032961,12.72792206,9.848857802,13.03840481,10.77032961,13.03840481,11.18033989,12.80624847,9.219544457,12.20655562
6.32455532,20,5.830951895,17.69180601,5,17.02938637,6.708203932,16.2788206,5,19.10497317,5.385164807,17.69180601,6.403124237,17.69180601,10,21.40093456,5,19.84943324,6.08276253,18.43908891,5.830951895,20.61552813,7.071067812,19.20937271,6.708203932,16.2788206,5,18.38477631,7.615773106,19.20937271,6.708203932,19.10497317,8.062257748,17.02938637,6.403124237,18.38477631,8.246211251,17.69180601,8.544003745,18.02775638,7.211102551,16.97056275,5.830951895,16.2788206,6.708203932,16.2788206,6.32455532,14.86606875,5.099019514,16.40121947,8.062257748,16.64331698
13.41640786,14.86606875,12.52996409,14.2126704,11.66190379,16.97056275,12.52996409,16.64331698,11.40175425,16.97056275,12.04159458,17.69180601,12.80624847,15,12.20655562,16.40121947,12.80624847,17.02938637,11.3137085,19.84943324,11.40175425,17.20465053,11.40175425,17.20465053,12.04159458,16.40121947,11.40175425,16.64331698,12.80624847,17.20465053,10,17.02938637,10.81665383,16.64331698,9.848857802,15.62049935,10.81665383,14.2126704,8.94427191,15.8113883,9.848857802,13.60147051,11.18033989,13.60147051,11.40175425,15.26433752,11.66190379,13.03840481,11.40175425,13.89244399,12.04159458,11.66190379
3.605551275,17.69180601,2.236067977,16.40121947,3.16227766,17.69180601,1,17.02938637,1.414213562,18.43908891,1,18.43908891,1,17.02938637,1.414213562,18.43908891,3.16227766,17.02938637,2.236067977,17.80449381,2.828427125,18.43908891,2.236067977,17.69180601,4.123105626,17.20465053,4.242640687,17.02938637,3.605551275,17.80449381,5.830951895,17.02938637,5,17.20465053,4.472135955,14.86606875,4.472135955,15.62049935,4.472135955,17.80449381,5.656854249,14.86606875,4.472135955,14.14213562,4.242640687,14.2126704,4.472135955,12.80624847,5,14.2126704,5.385164807,15
15.62049935,1.414213562,16.2788206,4.123105626,15.55634919,3.16227766,17.02938637,2,18.43908891,1,15.62049935,1,16.40121947,0,14.2126704,0,17.02938637,1.414213562,15,2,15.62049935,1,16.1245155,1,17.02938637,2.828427125,14.2126704,0,14.14213562,1,15,3.605551275,14.2126704,4.472135955,16.2788206,3.605551275,15,2,14.2126704,3,14.2126704,3.605551275,13.45362405,3.605551275,11.40175425,4.242640687,14.86606875,4.123105626,12.80624847,2.828427125,12.80624847,4.123105626
1,16.2788206,3,17.69180601,4.242640687,18.43908891,2.828427125,18.43908891,2,15.62049935,2,18.43908891,2.828427125,18.43908891,3.16227766,17.20465053,2.828427125,18.38477631,5.385164807,19.20937271,4,18.43908891,4.123105626,16.2788206,5.099019514,18.43908891,5,19.41648784,4.123105626,16.97056275,5.099019514,17.69180601,5.385164807,16.40121947,5,16.97056275,5,15.62049935,5.099019514,14.86606875,6.32455532,16.2788206,4.472135955,16.2788206,4.472135955,14.2126704,4.472135955,14.86606875,5.656854249,15.62049935,3.16227766,14.2126704
12.20655562,8.94427191,15.23154621,9.899494937,14.2126704,9.433981132,12.80624847,10,12.20655562,9.899494937,17,11.40175425,13.60147051,12.80624847,13.03840481,15.26433752,14.86606875,11.66190379,11.40175425,9.219544457,11.40175425,16.15549442,12.52996409,11.66190379,12.52996409,11.18033989,14.2126704,9.219544457,12.80624847,14.4222051,14.14213562,11.40175425,15,9.848857802,12.72792206,9.433981132,11.3137085,13.03840481,11.3137085,9.433981132,13.89244399,10.29563014,12.72792206,9.848857802,12.72792206,10.77032961,12.04159458,6.32455532,11.40175425,10.19803903,11.3137085,9.055385138
17.02938637,1,18.43908891,3.16227766,19.84943324,2.236067977,18.43908891,2.236067977,19.10497317,2.236067977,17.20465053,4,19.10497317,1,20.51828453,3.605551275,19.41648784,3.16227766,20.51828453,3.16227766,20.80865205,1.414213562,19.20937271,2.236067977,19.20937271,2.236067977,18.43908891,4.472135955,18.43908891,5.099019514,20.80865205,4.242640687,17.20465053,3,17.02938637,4.472135955,18.60107524,5,16.2788206,4.123105626,18.43908891,4.472135955,17.80449381,5,16.40121947,6.32455532,15,5,16.40121947,4.123105626,17.20465053,3
2.236067977,18.38477631,4.472135955,18.38477631,2.236067977,19.10497317,1,16.40121947,1.414213562,17.02938637,1.414213562,16.40121947,1.414213562,18.38477631,1,17.69180601,2,16.2788206,2.236067977,17,2,18.43908891,2.236067977,19.20937271,1,19.20937271,4.123105626,18.43908891,2.236067977,18.02775638,3.605551275,17.69180601,1.414213562,16.2788206,2.236067977,16.40121947,3,17.80449381,4.123105626,16.40121947,2.236067977,16.40121947,3.16227766,16.97056275,2.828427125,14.86606875,2.236067977,14.2126704,4.242640687,14.4222051,4.242640687,16.64331698
7.211102551,14.2126704,8.544003745,14.2126704,10.63014581,16.64331698,10,16.2788206,10.63014581,17.20465053,7.071067812,17.20465053,8.485281374,16.40121947,7.810249676,17.69180601,8.94427191,16.64331698,10.29563014,15,10.81665383,14.86606875,8.602325267,14.2126704,9.848857802,14.2126704,10.77032961,17.69180601,11.18033989,16.40121947,8.062257748,15.55634919,10.81665383,16.2788206,8.544003745,13.03840481,10,15.8113883,11.40175425,14.86606875,8.544003745,14.86606875,7.071067812,15.62049935,8.544003745,14.86606875,10.19803903,13.45362405,9.055385138,14.86606875,8.062257748,15
17.69180601,3.16227766,14.86606875,4.472135955,17.69180601,2.236067977,15.62049935,2.828427125,15.62049935,1,18.43908891,1.414213562,16.97056275,2.236067977,17.80449381,5.385164807,20,3.605551275,19.10497317,3.605551275,20.61552813,4.472135955,16.2788206,4.472135955,19.10497317,5.385164807,17.69180601,4.123105626,17.02938637,3,17.69180601,3,15.55634919,4,16.64331698,3,14.86606875,5,17.69180601,3.16227766,18.43908891,3.16227766,14.86606875,4.123105626,16.2788206,6.08276253,16.2788206,4.123105626,16.2788206,2.828427125,13.60147051,4.123105626
12.04159458,14.4222051,10.81665383,14.86606875,14.86606875,17.02938637,13.45362405,14.2126704,11.3137085,14.14213562,14.2126704,14.14213562,15.55634919,14.2126704,12.80624847,13.45362405,13.45362405,14.86606875,14.86606875,16.40121947,15.62049935,14.14213562,12.52996409,12.72792206,14.4222051,12.72792206,14.4222051,14.14213562,13.03840481,11.40175425,13.03840481,14.2126704,15,14.2126704,11.66190379,12.52996409,13.03840481,13.03840481,12.20655562,13.45362405,13.60147051,12.04159458,10.81665383,14.14213562,11.18033989,12.20655562,12.64911064,14.14213562,12.52996409,12.20655562,11.66190379,13.45362405
20,5.099019514,17.02938637,4.242640687,19.84943324,1.414213562,19.20937271,3,18.43908891,2.236067977,20.61552813,4.123105626,19.10497317,5,19.20937271,2.236067977,20,5.099019514,17.80449381,3.16227766,19.84943324,6.403124237,20,3.605551275,20,3,16.40121947,2.236067977,19.10497317,3.16227766,19.10497317,5.830951895,19.10497317,5.656854249,19.10497317,5,18.43908891,4.242640687,16.64331698,5,17.69180601,4.123105626,19.10497317,3.16227766,15.62049935,5,18.02775638,5.099019514,15.62049935,3.605551275,16.97056275,4.123105626
11.18033989,12.80624847,8.485281374,14.2126704,10.63014581,15.8113883,9.899494937,13.45362405,10.63014581,15.62049935,10.63014581,13.45362405,12.72792206,15.62049935,10.63014581,14.2126704,10.63014581,14.86606875,10.63014581,13.41640786,12.04159458,16.2788206,12.04159458,15.62049935,12.52996409,13.45362405,13.89244399,15.62049935,11.40175425,14.2126704,11.66190379,12.72792206,12.08304597,14.14213562,10.81665383,12.04159458,12.08304597,14.14213562,13.41640786,14.2126704,12.20655562,12.04159458,9.848857802,14.86606875,10.29563014,13.03840481,9.219544457,14.2126704,11.40175425,12.80624847,9.219544457,12.04159458
14.14213562,11.3137085,17.02938637,9.433981132,14.14213562,7.211102551,17.20465053,8.062257748,16.2788206,9.433981132,18.02775638,10,16.1245155,10,14.4222051,9.219544457,16.2788206,9.433981132,16.64331698,11.18033989,17.02938637,8.062257748,14.86606875,10,16.15549442,12.64911064,15.62049935,8.544003745,10.29563014,9.219544457,14.2126704,10.44030651,14.4222051,9.219544457,12.20655562,11.40175425,12.52996409,9.848857802,13.89244399,10.77032961,15,8.544003745,13.41640786,10.29563014,10,12.20655562,13,12.04159458,13.03840481,10.63014581,10.77032961,10.29563014
16.2788206,2.828427125,15.55634919,5.099019514,17.80449381,4.472135955,16.97056275,4.123105626,16.97056275,7.071067812,15.8113883,4.123105626,14.86606875,3.605551275,17.02938637,5,18.43908891,5.099019514,17.80449381,5.830951895,16.2788206,5.830951895,16.40121947,7.211102551,17.02938637,5.099019514,13.60147051,7.615773106,16.2788206,6.708203932,17.02938637,6.708203932,14.14213562,7.071067812,16.97056275,5.385164807,14.2126704,4,15.55634919,5.830951895,13.45362405,5.099019514,14.14213562,5,14.2126704,6,14.14213562,5,14.86606875,4.123105626,18.02775638,5.099019514
3.605551275,17.69180601,6.08276253,22.02271555,6,19.84943324,5.099019514,17.69180601,3.16227766,20.80865205,3.605551275,16.97056275,4.123105626,19.84943324,4.472135955,19.84943324,4.123105626,19.41648784,6.32455532,17.80449381,3.605551275,22.20360331,3.605551275,19.84943324,4.123105626,19.20937271,2.236067977,18.43908891,4.123105626,16.2788206,2,19.10497317,2,16.2788206,2.236067977,18.38477631,3,18.43908891,4.123105626,17.20465053,3,17.20465053,5,16.2788206,3.605551275,18.02775638,5.099019514,15,2.828427125,14.4222051,5.385164807,18.35755975
17.02938637,6.08276253,16.2788206,6.403124237,17.69180601,6.403124237,17.80449381,5,17.02938637,5.656854249,17.69180601,5.830951895,19.10497317,2.236067977,17.20465053,3.605551275,17.69180601,2.236067977,18.43908891,5.656854249,19.10497317,5.830951895,17.20465053,3.16227766,16.64331698,2.828427125,16.2788206,2.828427125,18.43908891,2,16.97056275,4.123105626,17.80449381,4.123105626,15.62049935,3.16227766,17.02938637,4.123105626,15.62049935,4,14.86606875,3,14.4222051,4.123105626,14.76482306,5.385164807,14.2126704,5.099019514,15.8113883,6.403124237,14.4222051,4.123105626
16.2788206,2.236067977,16.97056275,5.656854249,19.10497317,5,16.64331698,3.605551275,17.02938637,2,19.41648784,1.414213562,16.2788206,2.236067977,19.41648784,2.236067977,18.60107524,2.236067977,15.62049935,1.414213562,17.02938637,4.242640687,21.40093456,2.236067977,19.20937271,4.123105626,16.2788206,1.414213562,16.2788206,3,16.2788206,2,19.20937271,2,17.02938637,3,16.40121947,3.16227766,14.2126704,2.236067977,15.8113883,2.236067977,13.41640786,3.16227766,12.72792206,2.236067977,12.04159458,2.828427125,11.40175425,1,12.20655562,3.16227766
10.81665383,12.80624847,10.29563014,13.60147051,9.433981132,13.45362405,11.40175425,13.45362405,11.3137085,11.3137085,9.433981132,14.2126704,10.63014581,15.62049935,9.219544457,14.2126704,10.63014581,15.26433752,7.071067812,13.89244399,10.81665383,13.89244399,7.810249676,15.26433752,8.485281374,15.65247584,8.602325267,15.26433752,7.810249676,16.1245155,10.63014581,13.45362405,8.94427191,13.89244399,9.433981132,14.4222051,9.433981132,13.89244399,8.602325267,12.08304597,8.602325267,13.89244399,8.485281374,12.08304597,8.602325267,10.81665383,9.848857802,13.03840481,9.219544457,11.70469991,9.899494937,12.08304597
6.32455532,13.45362405,7.615773106,14.86606875,7.280109889,15.62049935,5.385164807,16.1245155,5.830951895,15.62049935,7.615773106,15,7.071067812,16.2788206,5.830951895,13.60147051,6.708203932,15.55634919,5.099019514,13.60147051,7.810249676,15.8113883,6.403124237,14.4222051,7.810249676,12.20655562,8.062257748,15.26433752,7.810249676,14.2126704,7.810249676,12.72792206,7.280109889,12.80624847,5.830951895,13.45362405,9.433981132,12.20655562,6.32455532,13.60147051,8.94427191,10.81665383,7.211102551,13.45362405,7.280109889,9.219544457,6.32455532,11.40175425,5.099019514,11.3137085,5,12.04159458
8.485281374,12.20655562,9.219544457,15,6.403124237,15.62049935,7.615773106,16.64331698,7.071067812,13.45362405,5.656854249,16.40121947,8.485281374,14.2126704,7.810249676,15.62049935,9.219544457,14.4222051,9.433981132,12.80624847,8.602325267,14.4222051,5.656854249,16.40121947,4.472135955,16.40121947,5.830951895,16.64331698,5,15.8113883,7.615773106,15.8113883,6.403124237,16.64331698,4.472135955,13.45362405,8.246211251,13.03840481,7.211102551,12.20655562,4.242640687,11.40175425,5.830951895,12.20655562,6.403124237,12.20655562,6.32455532,12.08304597,7.211102551,14.56021978,7.071067812,13.60147051
2,21.9317122,2,17.69180601,3.16227766,22.8035085,3.16227766,18.38477631,1,19.79898987,3,20.51828453,1,19.10497317,3,21.40093456,1,20.80865205,2.828427125,18.86796226,1,19.20937271,3.16227766,22.02271555,4.123105626,18.43908891,4.242640687,21.21320344,3.605551275,20,2.828427125,19.79898987,3.605551275,19.84943324,2.828427125,19.84943324,6.403124237,21.9317122,6.403124237,19.20937271,4.472135955,16.40121947,3.605551275,14.86606875,3.16227766,17.69180601,4.472135955,17.20465053,4,17.88854382,3.605551275,16.64331698
14.86606875,8.246211251,14.86606875,9.433981132,14.4222051,8.544003745,14.86606875,10.04987562,15.55634919,6.32455532,17.69180601,5.830951895,14.2126704,7.280109889,17.69180601,7.211102551,16.97056275,5.099019514,16.97056275,5.830951895,19.10497317,5,17.80449381,4.472135955,16.97056275,6.403124237,19.20937271,4.242640687,16.40121947,3.605551275,17.02938637,3.605551275,16.2788206,6.403124237,16.2788206,4.472135955,15,2.236067977,16.97056275,4.242640687,14.2126704,2.828427125,16.97056275,4.242640687,14.4222051,3.605551275,16.40121947,5,14.4222051,4.472135955,15,7.071067812
3.16227766,19.10497317,5.385164807,19.20937271,5.830951895,19.10497317,5.385164807,17.02938637,5,20,2.828427125,20.61552813,4.242640687,18.43908891,5.830951895,21.26029163,7.615773106,16.64331698,6.403124237,17.69180601,5.830951895,19.20937271,6.708203932,20.80865205,7.615773106,18.38477631,6.08276253,17.69180601,6,17.69180601,5.830951895,18.38477631,6.708203932,20.51828453,6.32455532,19.10497317,5.099019514,17.69180601,5.385164807,16.97056275,7,14.86606875,4.472135955,17.69180601,4.123105626,16.97056275,5.385164807,16.97056275,5,17.80449381,3,16.2788206
1,17.80449381,1,17.02938637,2,16.2788206,1,16.97056275,1,16.2788206,1,17.02938637,0,16.2788206,1.414213562,17.02938637,1,15,2.236067977,13.03840481,2.236067977,15,4.123105626,16.40121947,3.16227766,14.86606875,5.385164807,15.62049935,2.828427125,14.86606875,4.472135955,16.2788206,2.236067977,15.62049935,2.236067977,14.86606875,2.828427125,16.40121947,3.605551275,12.80624847,4.123105626,12.04159458,2,15.62049935,2.236067977,14.2126704,4.242640687,13.60147051,3.16227766,12.04159458,5.385164807,14.2126704
4.472135955,18.43908891,5.099019514,16.97056275,3.16227766,18.60107524,4.242640687,18.43908891,4.242640687,17.02938637,4.242640687,17.02938637,5.656854249,17.80449381,5,16.97056275,4.472135955,18.43908891,6.708203932,20.51828453,5.385164807,17.69180601,5,17.69180601,7.280109889,17.02938637,7,18.43908891,7.071067812,17.02938637,7.071067812,16.97056275,8.062257748,17.02938637,6.32455532,17.02938637,6.708203932,16.2788206,6.32455532,16.97056275,6,15.62049935,6.08276253,15.55634919,5.385164807,14.86606875,4,16.40121947,5,15.55634919,5,16.2788206
15,7.810249676,14.86606875,12.80624847,15,8.94427191,17.69180601,8.062257748,15.55634919,7.071067812,16.2788206,7.810249676,16.97056275,7.211102551,17.02938637,7.810249676,15,6.403124237,17.02938637,5,18.38477631,7.810249676,17.69180601,6.403124237,19.20937271,8.485281374,19.10497317,5.830951895,16.2788206,5,17.80449381,7.211102551,18.02775638,6.708203932,17.69180601,3,16.2788206,5.830951895,17.02938637,5.830951895,16.2788206,5.385164807,17.02938637,5,16.2788206,6.32455532,13.89244399,7.810249676,15.8113883,6.708203932,14.31782106,7.211102551
14.2126704,9.433981132,16.2788206,7.615773106,16.2788206,11.18033989,16.97056275,12.80624847,16.2788206,11.40175425,14.86606875,9.433981132,18.38477631,7.810249676,16.97056275,9.899494937,14.86606875,9.219544457,17.02938637,10.81665383,16.97056275,9.219544457,17.02938637,7.211102551,18.43908891,7.211102551,16.64331698,8.485281374,15.55634919,8.544003745,18.02775638,10,15.26433752,7.211102551,14.2126704,9.899494937,17.02938637,7.211102551,18.43908891,9.433981132,17.02938637,7.211102551,15.55634919,8.485281374,15.26433752,7.615773106,14.4222051,8.062257748,12.52996409,7.615773106,14.2126704,8.602325267
13.45362405,10.81665383,14.31782106,12.04159458,14.86606875,14.31782106,11.3137085,13.03840481,13.45362405,12.04159458,14.76482306,11.40175425,13.45362405,12.20655562,14.14213562,12.20655562,14.14213562,9.433981132,16.64331698,9.899494937,15.62049935,12.04159458,15.55634919,9.899494937,16.2788206,12.80624847,14.86606875,9.899494937,15.55634919,9.219544457,14.2126704,9.899494937,17.02938637,10.63014581,14.2126704,9.899494937,15,9.219544457,16.2788206,9.219544457,13.45362405,7.211102551,14.2126704,8.485281374,11.66190379,9.219544457,13.03840481,7.810249676,11.66190379,10.63014581,11.66190379,10.29563014
10,13.45362405,13.60147051,15.55634919,12.04159458,13.89244399,12.80624847,12.72792206,12.20655562,14.2126704,11.66190379,12.72792206,12.04159458,14.14213562,12.80624847,13.45362405,12.80624847,14.86606875,12.20655562,17.49285568,13.60147051,14.14213562,13.03840481,11.3137085,12.08304597,13.45362405,14.76482306,13.45362405,12.80624847,12.80624847,13,12.04159458,11.66190379,10.81665383,12.52996409,11.40175425,11.66190379,11.40175425,10.63014581,13.45362405,10,12.04159458,9.433981132,12.04159458,10.29563014,13.45362405,11.18033989,11.3137085,9.486832981,10.63014581,8.246211251,13.03840481
8.544003745,17.69180601,5.385164807,18.86796226,7.211102551,18.43908891,5,15,6.708203932,17.69180601,7.211102551,18.60107524,7.810249676,18.43908891,7.071067812,17.02938637,8.062257748,16.2788206,7.810249676,16.64331698,6.403124237,14.86606875,11.18033989,16.40121947,10.77032961,17.69180601,10.29563014,17.69180601,9.433981132,16.2788206,7.810249676,16.2788206,8.062257748,16.97056275,6.708203932,14.86606875,8.602325267,16.2788206,8.544003745,16.97056275,8.062257748,14.86606875,7.615773106,15.62049935,7.615773106,13.45362405,6.32455532,14.14213562,7.280109889,16.40121947,6,12.80624847
15.62049935,9.848857802,15.55634919,11.66190379,15,11.40175425,14.86606875,11.3137085,15.62049935,10.63014581,16.40121947,10.29563014,15.62049935,8.602325267,15.8113883,11.66190379,16.64331698,11.3137085,17.02938637,11.66190379,17.02938637,9.219544457,17.20465053,7.810249676,14.86606875,8.602325267,15.8113883,8.062257748,16.40121947,10,17.20465053,10.81665383,14.14213562,8.062257748,14.14213562,8.94427191,15.26433752,7.211102551,14.76482306,6.708203932,14.86606875,7.211102551,12.20655562,8.602325267,13.89244399,5.830951895,15.26433752,10.63014581,12.08304597,9.219544457,13.89244399,8.485281374
7.615773106,17.02938637,5.656854249,16.2788206,7.071067812,17.02938637,7.211102551,17.20465053,9.219544457,16.2788206,7.810249676,17.02938637,6.403124237,17.80449381,6.403124237,17.69180601,10,17.02938637,9.433981132,15.8113883,7.810249676,15.8113883,8.94427191,17.02938637,9.433981132,17.02938637,9.848857802,16.2788206,8.544003745,16.40121947,7.810249676,14.2126704,8.544003745,14.86606875,8.544003745,14.14213562,8.062257748,14.2126704,8.062257748,15.62049935,6.708203932,15.62049935,6.32455532,14.14213562,8.062257748,13.45362405,6.08276253,16.2788206,7.280109889,13.45362405,7.071067812,14.2126704
3.16227766,18.38477631,4,17.69180601,2.236067977,17.80449381,1.414213562,17.02938637,4.472135955,19.20937271,3,20,2,18.86796226,2.236067977,19.10497317,3.16227766,19.10497317,8.544003745,19.84943324,3.605551275,21.26029163,4.123105626,18.60107524,6.32455532,20,6.403124237,16.97056275,5.099019514,17.69180601,6.08276253,16.2788206,6,19.20937271,5.385164807,17.02938637,6.32455532,17.49285568,6.708203932,16.40121947,4.242640687,15.26433752,4.472135955,14.4222051,7.280109889,17.80449381,5,10.81665383,8.246211251,15.8113883,8,17.49285568
15.8113883,12.52996409,17.20465053,11.18033989,16.2788206,12.52996409,15.62049935,12.80624847,16.2788206,12.20655562,16.2788206,12.04159458,14.14213562,10.63014581,14.86606875,10.81665383,15.55634919,12.04159458,17.69180601,12.20655562,17.80449381,13.45362405,17.80449381,9.219544457,17.49285568,12.72792206,16.64331698,10.63014581,15.26433752,10.81665383,15.26433752,11.3137085,12.80624847,10.81665383,15.62049935,9.848857802,15.62049935,12.04159458,14.2126704,10.63014581,15.26433752,10.63014581,13.89244399,11.3137085,13.03840481,10.63014581,12.08304597,10.63014581,13.89244399,9.219544457,12.52996409,8.602325267
12.72792206,15.62049935,11.66190379,13.60147051,13.60147051,12.80624847,10.63014581,14.14213562,10.81665383,13.60147051,12.20655562,15,12.80624847,14.4222051,10.63014581,16.40121947,10.63014581,16.40121947,10.63014581,17.02938637,13.45362405,16.40121947,12.72792206,15.8113883,13.45362405,16.1245155,10.63014581,13.89244399,8.602325267,14.76482306,10.29563014,15.26433752,9.899494937,15,12.20655562,14.76482306,10.29563014,12.04159458,11.40175425,13.60147051,11.40175425,13.03840481,8.602325267,12.08304597,9.899494937,12.08304597,13.03840481,11.66190379,10,11.70469991,11.40175425,13.41640786
7.615773106,16.97056275,7.615773106,16.2788206,6.403124237,16.2788206,7.211102551,17.02938637,7.810249676,15.62049935,8.602325267,17.02938637,8.485281374,16.2788206,10.81665383,17.80449381,6.708203932,17.69180601,8.246211251,16.40121947,8.602325267,16.2788206,9.433981132,16.2788206,10.81665383,15.62049935,8.602325267,15.62049935,8.94427191,15.55634919,9.433981132,14.14213562,9.433981132,15.62049935,7.810249676,16.2788206,9.433981132,13.60147051,6.708203932,14.14213562,7.211102551,14.14213562,7.615773106,13.45362405,8.062257748,13.45362405,6.32455532,14.86606875,6.32455532,13.45362405,8.246211251,14.86606875
5,14.2126704,7.211102551,14.14213562,8.485281374,14.86606875,6.403124237,14.2126704,7.810249676,14.86606875,6.403124237,14.86606875,8.602325267,14.86606875,7.211102551,14.14213562,7.615773106,15,7.071067812,14.2126704,6.708203932,16.97056275,7.211102551,14.86606875,7.615773106,15.62049935,8.062257748,14.86606875,8.246211251,14.14213562,8.544003745,14.14213562,8.062257748,12.04159458,8.94427191,13.45362405,8.246211251,13.45362405,8.246211251,12.72792206,7.071067812,12.80624847,6.08276253,12.04159458,6.08276253,11.40175425,7,12.04159458,7.071067812,12.04159458,5,12.80624847
6.32455532,19.20937271,5.099019514,16.2788206,9.055385138,20.61552813,5.656854249,19.20937271,6.403124237,19.10497317,6.32455532,19.79898987,6.708203932,17.69180601,5,19.10497317,7.810249676,19.84943324,6.403124237,20.61552813,6.403124237,19.84943324,8.246211251,16.40121947,9.486832981,19.84943324,6.32455532,17.69180601,7.211102551,20.51828453,7.280109889,17.80449381,7.211102551,19.10497317,6.08276253,17.20465053,6.32455532,16.2788206,8.246211251,19.20937271,7.280109889,19.20937271,7.071067812,14.86606875,4.123105626,17.02938637,4,17.69180601,5,14.2126704,7,15.8113883
13.60147051,10.77032961,14.4222051,13.03840481,16.40121947,10.81665383,14.4222051,11.40175425,15,10.63014581,14.4222051,11.40175425,16.2788206,14.2126704,15.55634919,13.45362405,16.40121947,11.40175425,14.2126704,11.3137085,15.55634919,14.14213562,12.04159458,12.72792206,14.86606875,8.602325267,16.40121947,11.40175425,12.20655562,10.29563014,13.45362405,14.4222051,13.45362405,9.219544457,12.80624847,11.66190379,14.14213562,10,13.45362405,11.18033989,13.45362405,11.70469991,13.45362405,11.18033989,12.80624847,8.602325267,12.04159458,9.486832981,13.60147051,10.29563014,14.4222051,9.433981132
15.8113883,10,15.62049935,13.89244399,13.60147051,13.89244399,17.02938637,12.52996409,14.2126704,14.14213562,17.20465053,10,15.8113883,11.66190379,15.62049935,13.03840481,16.40121947,10.63014581,14.2126704,12.80624847,15.55634919,11.66190379,16.2788206,9.899494937,17.80449381,12.04159458,15.62049935,11.40175425,15.26433752,9.433981132,17.20465053,9.219544457,17.20465053,7.810249676,14.86606875,9.433981132,17.69180601,9.219544457,15,7.810249676,14.14213562,8.485281374,13.60147051,10.63014581,13.60147051,10,12.80624847,8.602325267,13.45362405,9.219544457,15.26433752,10.63014581
21.26029163,3,19.79898987,2.828427125,18.43908891,5.099019514,18.38477631,2.236067977,20.51828453,3.605551275,24.08318916,4.472135955,21.9317122,4.472135955,21.26029163,5.656854249,19.20937271,3.605551275,18.60107524,2.236067977,19.10497317,5,19.20937271,5.099019514,20.61552813,5,19.10497317,5,19.84943324,4.123105626,20.80865205,5.656854249,19.10497317,3.16227766,19.10497317,2.828427125,19.20937271,5.385164807,17.69180601,4.472135955,19.84943324,1.414213562,17.69180601,4.123105626,18.60107524,3,16.2788206,3.605551275,17.02938637,4.123105626,20,3.16227766
14.86606875,2,15.62049935,3.16227766,16.2788206,2,15.55634919,2,17.69180601,1.414213562,16.2788206,1,17.02938637,3.16227766,19.10497317,4.123105626,17.69180601,3.16227766,16.64331698,2,17.69180601,4.472135955,15.62049935,3.605551275,15.62049935,3.16227766,16.97056275,3.605551275,16.97056275,1,15.62049935,6.08276253,13.45362405,3.16227766,16.2788206,4.123105626,14.2126704,2,15,3.605551275,14.86606875,3.16227766,15,2.236067977,15.62049935,3.605551275,13.60147051,3.16227766,15,3.605551275,16.64331698,3.16227766
16.2788206,3.16227766,17.02938637,3,17.02938637,2.828427125,16.97056275,3.605551275,16.97056275,3.605551275,17.02938637,2.236067977,17.69180601,2.828427125,17.02938637,3.605551275,16.97056275,3.605551275,20.51828453,2.828427125,16.97056275,4.123105626,17.69180601,3.605551275,15.62049935,7,16.2788206,3,16.97056275,3,16.97056275,4.472135955,14.86606875,3.16227766,16.2788206,5,14.14213562,2,14.2126704,3.16227766,13.45362405,3,14.86606875,3.605551275,14.86606875,4.472135955,13.60147051,2.828427125,15,4.242640687,13.45362405,3.605551275
13.45362405,9.219544457,12.72792206,8.602325267,13.03840481,10,14.2126704,10.29563014,13.45362405,7.810249676,13.45362405,11.3137085,15.62049935,10.81665383,13.45362405,9.219544457,12.80624847,10.63014581,11.66190379,8.062257748,12.04159458,10.63014581,12.72792206,9.899494937,12.72792206,10.81665383,11.40175425,10.63014581,14.14213562,11.40175425,12.80624847,12.20655562,12.72792206,10,12.72792206,10,9.219544457,8.602325267,12.04159458,10,12.04159458,8.602325267,12.04159458,7.810249676,12.72792206,8.602325267,12.04159458,8.94427191,12.72792206,8.544003745,12.04159458,8.94427191
14.2126704,10.81665383,14.86606875,15,13.89244399,16.40121947,12.20655562,14.86606875,15,15.8113883,12.80624847,13.89244399,12.72792206,15,16.2788206,12.72792206,15.55634919,13.45362405,16.97056275,14.14213562,15.62049935,12.80624847,14.86606875,13.45362405,14.2126704,11.40175425,16.2788206,12.04159458,13.45362405,13.45362405,15,12.72792206,17.80449381,10.81665383,13.60147051,10.81665383,13.45362405,10,15.62049935,10.63014581,13.60147051,12.80624847,13.60147051,11.40175425,12.20655562,10.63014581,14.14213562,10.81665383,15.65247584,8.602325267,13.89244399,10.63014581
16.97056275,3.16227766,18.43908891,0,17.69180601,2.236067977,16.1245155,3.16227766,15,3.16227766,16.40121947,5,15.62049935,4.242640687,16.2788206,2.828427125,14.86606875,3,14.86606875,2.828427125,16.2788206,4.123105626,15.8113883,4.472135955,15.62049935,5.385164807,14.14213562,5.099019514,15,5,16.40121947,3.605551275,14.86606875,4.123105626,14.2126704,5.099019514,14.2126704,2,17.69180601,3.605551275,14.14213562,4.242640687,12.04159458,4,16.40121947,2.236067977,14.86606875,1.414213562,15.62049935,2.236067977,17.80449381,5
4,16.2788206,2.236067977,16.2788206,2.236067977,16.2788206,1,15.62049935,1.414213562,16.2788206,0,17.69180601,1.414213562,16.2788206,0,15.62049935,1,16.97056275,1,18.43908891,1.414213562,18.43908891,1,16.97056275,2.236067977,17.20465053,2.236067977,19.20937271,4.472135955,16.2788206,2.236067977,15.55634919,4.123105626,16.40121947,1.414213562,16.2788206,2,15.55634919,2.828427125,14.2126704,2.828427125,17.80449381,3.605551275,14.14213562,2.828427125,14.2126704,2,12.80624847,2.236067977,13.60147051,4.123105626,13.60147051
36.12478374,5.830951895,36.12478374,5.656854249,35.38361203,5.656854249,35.4682957,5.656854249,33.9705755,6.403124237,34.6554469,6.708203932,34.6554469,6.32455532,34.6554469,7.280109889,36.12478374,8,37.64306045,8.062257748,39.05124838,9.055385138,40.60788101,9.055385138,41.23105626,10,40.45985665,10.04987562,39.69886648,11.18033989,39.69886648,10.19803903,39.05124838,11.40175425,36.87817783,11.18033989,36.23534186,11.18033989,34.20526275,11.04536102,34.82814953,11.18033989,34.05877273,10.44030651,32.64965543,11.18033989,33.30165161,9.219544457,32.64965543,8.062257748,31.89043744,8
19.79898987,3,19.10497317,2,19.79898987,2,20.61552813,2.828427125,21.9317122,3,20.61552813,4.472135955,20.61552813,4.472135955,21.21320344,2.828427125,24.04163056,5,20.51828453,5.385164807,20.51828453,4.472135955,19.79898987,5,19.84943324,4.123105626,20.51828453,6.08276253,20.51828453,3,19.10497317,6.08276253,19.79898987,3.605551275,20.51828453,4,19.20937271,4,21.26029163,6,18.43908891,4.123105626,16.2788206,5.099019514,17.69180601,1.414213562,17.80449381,4.472135955,19.10497317,6.08276253,17.69180601,3.16227766
5,19.79898987,7.211102551,19.79898987,7.615773106,19.20937271,6.403124237,19.84943324,6.708203932,20.51828453,6.403124237,19.79898987,5.656854249,19.10497317,5,19.10497317,7.211102551,17.69180601,5,16.97056275,8.062257748,19.79898987,5.385164807,19.10497317,7.280109889,19.10497317,8.544003745,19.79898987,5.385164807,17.80449381,5.099019514,21.21320344,6.32455532,18.43908891,4.123105626,19.10497317,7.280109889,18.38477631,6.32455532,16.40121947,4.472135955,16.2788206,3.16227766,17.20465053,5.099019514,18.43908891,4,16.97056275,7.280109889,17.69180601,5.385164807,18.02775638
15.26433752,12.80624847,13.03840481,12.80624847,14.2126704,12.04159458,14.86606875,12.20655562,15.8113883,12.80624847,14.86606875,12.04159458,14.2126704,9.899494937,16.97056275,11.3137085,16.2788206,10.63014581,14.86606875,10,14.4222051,11.3137085,15.62049935,11.3137085,16.2788206,12.04159458,14.2126704,13.45362405,16.2788206,12.04159458,17.02938637,9.219544457,13.03840481,10.63014581,16.2788206,9.433981132,15.62049935,11.40175425,15.62049935,10.63014581,15.26433752,9.899494937,15.8113883,11.40175425,14.76482306,11.66190379,13.03840481,12.72792206,12.20655562,12.04159458,12.52996409,12.04159458
16.40121947,9.848857802,15.62049935,10,17.02938637,12.20655562,15,10.29563014,17.02938637,11.18033989,17.02938637,11.66190379,13.45362405,8.94427191,16.97056275,10.63014581,16.97056275,9.219544457,17.69180601,10.63014581,17.69180601,10.63014581,17.02938637,10,17.80449381,7.810249676,17.80449381,9.219544457,16.2788206,8.602325267,16.2788206,9.899494937,16.2788206,8.602325267,17.02938637,8.485281374,15.62049935,7.071067812,14.2126704,8.485281374,14.14213562,8.602325267,16.2788206,8.485281374,15.55634919,9.219544457,14.2126704,9.219544457,15,8.602325267,15.8113883,8.602325267
1.414213562,19.10497317,3.16227766,19.10497317,3.16227766,19.20937271,2.236067977,18.43908891,1.414213562,19.10497317,3.16227766,19.10497317,4.123105626,20.51828453,2.236067977,18.43908891,3.16227766,19.79898987,2,20.51828453,3,18.38477631,3.605551275,19.10497317,3.16227766,18.43908891,2.828427125,18.60107524,3,19.10497317,3.16227766,18.38477631,4.472135955,19.10497317,3.605551275,18.43908891,3,18.43908891,2.236067977,18.43908891,2.236067977,16.2788206,3.605551275,18.38477631,2.236067977,17.80449381,2.236067977,17.80449381,1,18.02775638,2.236067977,17.02938637
13.45362405,15,14.2126704,13.45362405,11.40175425,14.86606875,13.03840481,14.86606875,13.45362405,14.86606875,11.66190379,16.2788206,13.60147051,16.97056275,12.04159458,17.02938637,12.80624847,14.2126704,10.63014581,13.60147051,13.45362405,16.64331698,12.04159458,16.40121947,12.04159458,16.2788206,12.04159458,17.02938637,12.04159458,16.40121947,10.63014581,15.62049935,10.81665383,15.62049935,11.40175425,15.62049935,11.40175425,15.62049935,12.52996409,14.86606875,11.3137085,14.2126704,10.81665383,15.8113883,9.433981132,14.2126704,10.63014581,12.20655562,10.63014581,12.52996409,11.3137085,12.52996409
19.79898987,3,19.10497317,3,19.84943324,3,19.20937271,4.472135955,19.10497317,3,17.80449381,3.605551275,17.80449381,4.472135955,19.10497317,5.099019514,19.84943324,5.830951895,21.9317122,5,19.20937271,4.472135955,19.10497317,4.472135955,19.79898987,6.08276253,19.10497317,5.385164807,17.69180601,6.708203932,19.10497317,7.280109889,19.10497317,5.099019514,17.69180601,4.123105626,16.2788206,4.123105626,16.2788206,5.099019514,15.62049935,3.605551275,16.40121947,5.385164807,15,3.16227766,17.69180601,3,16.40121947,3.16227766,17.20465053,5.830951895
19.10497317,3.16227766,16.97056275,6.403124237,20.51828453,4.472135955,19.10497317,5,17.69180601,4.242640687,18.43908891,5.830951895,18.38477631,5,17.02938637,5,18.60107524,6.708203932,15.62049935,5.830951895,18.43908891,5,18.43908891,5.830951895,17.69180601,7,19.20937271,4.472135955,17.69180601,4.472135955,17.69180601,6.708203932,16.97056275,4.472135955,17.02938637,5.099019514,15,4.123105626,16.97056275,4,17.69180601,4.472135955,15.62049935,4.123105626,14.2126704,5,16.2788206,5.099019514,15.55634919,3.16227766,16.40121947,3.16227766
6.708203932,21.21320344,8.062257748,19.41648784,7.071067812,19.79898987,7.211102551,21.40093456,7.810249676,18.43908891,8.544003745,18.38477631,7.071067812,21.21320344,6.708203932,21.26029163,6.32455532,20.61552813,7.280109889,22.627417,6.403124237,21.26029163,9.486832981,18.38477631,9.848857802,17.69180601,10.19803903,18.38477631,8.062257748,19.84943324,9.219544457,19.10497317,8.94427191,19.10497317,4.472135955,18.43908891,7.615773106,16.97056275,7.280109889,17.69180601,8.062257748,19.10497317,6,16.2788206,4,17.80449381,5.099019514,16.2788206,6,15.55634919,7,17.02938637
15,14.2126704,12.80624847,12.80624847,12.80624847,14.14213562,12.80624847,15.62049935,13.45362405,15.62049935,14.2126704,14.14213562,10.81665383,13.45362405,12.04159458,14.86606875,10.63014581,16.97056275,13.45362405,19.10497317,12.04159458,15.62049935,11.3137085,15.8113883,10.63014581,14.86606875,10.81665383,14.4222051,11.3137085,14.86606875,11.3137085,14.4222051,9.899494937,13.60147051,11.40175425,15,10,14.2126704,10.63014581,16.40121947,11.3137085,13.89244399,8.602325267,13.89244399,9.219544457,14.4222051,11.40175425,12.52996409,12.20655562,13.89244399,12.04159458,13.03840481
4,19.10497317,5.099019514,19.79898987,6.08276253,20.51828453,5,20,3.605551275,22.20360331,5,19.79898987,2.236067977,19.79898987,4.472135955,18.43908891,5.385164807,18.43908891,6.403124237,17.69180601,7.071067812,19.10497317,3.605551275,20.51828453,5,20.80865205,4,18.38477631,5.830951895,19.20937271,6.708203932,17.69180601,5.830951895,16.97056275,4.242640687,19.10497317,5,17.80449381,6.32455532,18.43908891,5,18.60107524,5.830951895,17.80449381,5.385164807,17.02938637,4.472135955,16.40121947,4.123105626,17.20465053,4.123105626,16.40121947
8.602325267,17.02938637,11.18033989,19.20937271,8.602325267,18.43908891,7.211102551,19.84943324,7.810249676,17.69180601,9.433981132,19.79898987,7.211102551,18.38477631,7.810249676,17.69180601,9.433981132,19.10497317,8.94427191,19.79898987,8.602325267,18.43908891,8.062257748,19.41648784,5.830951895,17.20465053,3.605551275,17.80449381,5.385164807,18.02775638,5.830951895,18.43908891,4.472135955,15.8113883,4.472135955,15.62049935,5.830951895,16.64331698,5.385164807,15.8113883,7.211102551,16.2788206,5.656854249,15.26433752,5.385164807,16.1245155,7.071067812,16.64331698,7.211102551,15,7.615773106,13.03840481
10,15.62049935,14.14213562,17.02938637,14.86606875,16.2788206,16.2788206,15.62049935,15.8113883,17.02938637,14.2126704,14.14213562,16.40121947,14.14213562,16.40121947,17.02938637,16.40121947,13.45362405,15.62049935,16.97056275,16.64331698,14.86606875,14.31782106,14.14213562,16.64331698,14.86606875,14.76482306,14.86606875,15,14.2126704,15.62049935,12.20655562,13.89244399,16.40121947,13.89244399,14.4222051,13.89244399,14.2126704,12.08304597,14.2126704,12.20655562,13.45362405,9.848857802,14.14213562,10.29563014,14.2126704,11.70469991,15.55634919,11.70469991,15.55634919,11.70469991,14.86606875
14.4222051,14.2126704,13.45362405,13.45362405,13.45362405,16.64331698,18.43908891,14.2126704,18.43908891,13.45362405,16.40121947,15.62049935,15.62049935,13.60147051,14.86606875,13.45362405,16.2788206,14.2126704,17.69180601,13.45362405,17.49285568,12.80624847,15.8113883,12.80624847,15,13.45362405,17.20465053,13.45362405,14.4222051,14.14213562,15.26433752,13.89244399,14.4222051,11.66190379,15.62049935,14.86606875,14.2126704,14.86606875,15.26433752,15.62049935,14.4222051,13.45362405,15.65247584,14.4222051,10.63014581,11.40175425,11.66190379,13.60147051,15.65247584,15.62049935,12.08304597,13.03840481
9.848857802,17.02938637,7.615773106,18.02775638,9.433981132,17.02938637,8.062257748,18.38477631,5.830951895,17.80449381,10,18.43908891,7.810249676,18.38477631,5.656854249,18.38477631,7.810249676,18.38477631,7.211102551,19.10497317,8.485281374,20.51828453,7.810249676,19.20937271,5,19.10497317,7.211102551,20,6.403124237,19.10497317,8.062257748,19.10497317,5.656854249,15.62049935,5.830951895,17.69180601,3.605551275,18.02775638,7.615773106,17.80449381,6.403124237,17.69180601,6.403124237,17.69180601,5.656854249,17.69180601,5.830951895,14.86606875,4.472135955,17.02938637,7.810249676,17.69180601
16.97056275,3.605551275,17.69180601,3.605551275,19.84943324,6.08276253,20.51828453,3.16227766,19.84943324,3,19.84943324,4.472135955,17.80449381,4.472135955,20.24845673,5,20.51828453,6,20.61552813,5.830951895,19.84943324,5,19.84943324,5.656854249,19.84943324,3.605551275,18.43908891,3.605551275,18.43908891,4.242640687,19.10497317,5.830951895,18.60107524,6.708203932,18.43908891,5.385164807,19.79898987,4.242640687,16.40121947,5.656854249,19.10497317,7.071067812,17.69180601,3.16227766,15.62049935,4.242640687,16.2788206,4.242640687,16.97056275,5.385164807,17.02938637,4.123105626
21.9317122,3,21.21320344,2,20.51828453,2.236067977,19.10497317,2,22.627417,1.414213562,21.9317122,4.123105626,21.26029163,1.414213562,23.43074903,1,22.02271555,2,21.26029163,2,22.8035085,2.236067977,21.40093456,3.16227766,20.80865205,1.414213562,22.02271555,3.16227766,20.61552813,3.605551275,20.61552813,3.16227766,20,6.403124237,21.26029163,2.828427125,20.61552813,5,18.02775638,1.414213562,17.69180601,2.828427125,18.43908891,2.828427125,16.40121947,5.385164807,17.20465053,4.123105626,17.49285568,3.16227766,17.20465053,6.32455532
20.51828453,11.3137085,19.10497317,10,19.72308292,8.485281374,19.10497317,12.04159458,19.10497317,11.3137085,20,10,18.60107524,9.433981132,18.60107524,11.40175425,18.86796226,11.18033989,16.64331698,10.77032961,19.79898987,11.66190379,15,12.36931688,16.2788206,10.29563014,18.38477631,13.60147051,18.43908891,12.08304597,16.2788206,10.44030651,14.86606875,10.77032961,17.02938637,12.36931688,17.69180601,8.94427191,19.79898987,9.486832981,16.2788206,10.77032961,15,9.055385138,17.02938637,10.19803903,16.2788206,8,14.2126704,7,18.60107524,9
60.14149982,20,61.55485359,33.06055051,61.07372594,27.89265136,67.2086304,17.80449381,65.4369926,12.08304597,63.63961031,15.13274595,58.72818744,31.38470965,60.87692502,8,52.49761899,17.4642492,50.15974482,17.02938637,60.14149982,19.6977156,55.4436651,32.55764119,53.81449619,32.31098884,55.4436651,32.24903099,52.80151513,29.83286778,55.21775077,40.60788101,52.80151513,16.15549442,43.60045871,0,49.04079934,19.23538406,54.3783045,14.76482306,53.33854141,8.94427191,54.67174773,14.03566885,42.20189569,13.92838828,57.68882041,25.61249695,53.25410782,25.05992817,45.607017,26.2488095
19.23538406,29.83286778,18.86796226,31.144823,20.80865205,29.69848481,18.60107524,31.11269837,16.40121947,31.82766093,17.80449381,30.41381265,17.80449381,31.144823,17.80449381,30.41381265,15.55634919,30.41381265,15,29.83286778,15.8113883,34.82814953,16.2788206,32.01562119,15.55634919,32.01562119,14.2126704,30.23243292,14.14213562,30.61045573,14.86606875,30.61045573,13.60147051,28.8444102,12.80624847,28.42534081,13.45362405,28.31960452,14.4222051,28.60069929,14.86606875,27.01851217,13.60147051,26.92582404,15,25.23885893,15.55634919,25.55386468,17.20465053,24.59674775,15.62049935,22.82542442
4.472135955,20.61552813,6.32455532,20.61552813,5.656854249,19.84943324,6.403124237,21.9317122,6.403124237,23.43074903,8.602325267,19.84943324,6.708203932,21.9317122,8.062257748,20.51828453,7.615773106,18.43908891,8,21.9317122,7.071067812,21.26029163,9.848857802,21.26029163,8.062257748,18.43908891,8.544003745,19.10497317,7.071067812,19.10497317,9.219544457,19.79898987,8.062257748,19.84943324,7.071067812,20.51828453,5.099019514,17.80449381,6.08276253,18.43908891,7.071067812,18.38477631,6,18.60107524,5.385164807,16.2788206,7,18.43908891,8.246211251,18.43908891,5.385164807,17.69180601
9.848857802,18.43908891,9.433981132,16.40121947,7.810249676,18.43908891,6.708203932,17.80449381,7.280109889,19.79898987,5,18.38477631,7.211102551,19.79898987,5.830951895,19.20937271,5.385164807,21.26029163,6.32455532,22.627417,5,20.61552813,5.656854249,19.20937271,5.385164807,19.20937271,5.099019514,18.60107524,5.830951895,19.41648784,7.211102551,17.20465053,4.242640687,17.02938637,6.708203932,18.02775638,6.403124237,18.43908891,5.385164807,18.02775638,5,16.40121947,3.605551275,15.8113883,6.403124237,15.62049935,5.385164807,18.35755975,5.385164807,15.26433752,6.708203932,14.4222051
3.16227766,16.2788206,5.099019514,17.69180601,3,19.84943324,3.605551275,16.2788206,1.414213562,16.2788206,4.472135955,17.02938637,4.123105626,16.97056275,3,19.41648784,2.828427125,18.43908891,2.236067977,17.69180601,2,17.80449381,1,19.10497317,1,17.80449381,1,17.02938637,1.414213562,19.10497317,2,17.49285568,1,16.2788206,1,17.69180601,1.414213562,16.40121947,2.236067977,17.02938637,2.236067977,17.02938637,2,16.40121947,1,16.2788206,2.828427125,14.4222051,3.16227766,16.40121947,3,15
13.89244399,16.2788206,12.80624847,16.2788206,13.03840481,18.43908891,11.3137085,16.2788206,13.03840481,16.97056275,10.81665383,16.2788206,13.60147051,19.20937271,12.20655562,16.97056275,13.45362405,15.55634919,9.433981132,18.43908891,12.04159458,19.20937271,12.04159458,19.84943324,10,18.35755975,10,16.40121947,10.63014581,16.40121947,11.3137085,18.02775638,9.899494937,15.8113883,11.18033989,14.2126704,8.602325267,15,8.485281374,16.40121947,9.219544457,15.8113883,10,15,7.810249676,11.66190379,11.3137085,14.86606875,9.899494937,15.26433752,10.63014581,13.03840481
17.80449381,11.18033989,19.84943324,13.03840481,18.43908891,10,17.69180601,10.81665383,19.10497317,10,18.38477631,9.433981132,19.10497317,7.810249676,20.51828453,9.433981132,20.51828453,7.615773106,20.51828453,8.602325267,21.26029163,9.219544457,19.10497317,9.899494937,19.84943324,7.810249676,20,10.63014581,20.51828453,6.403124237,19.84943324,7.810249676,20,8.485281374,17.02938637,7.071067812,19.20937271,7.810249676,16.40121947,8.062257748,18.86796226,5.830951895,18.35755975,8.485281374,17.20465053,7.810249676,17.80449381,9.899494937,17.20465053,8.602325267,16.40121947,7.810249676
