6.08276253,13.45362405,4.472135955,15,4.472135955,16.2788206,4.472135955,14.86606875,5.830951895,15.62049935,5,15.62049935,4.242640687,14.2126704,4.242640687,17.02938637,5,16.40121947,6.32455532,15.8113883,5,17.20465053,4.472135955,17.20465053,4.472135955,16.64331698,5.099019514,17.80449381,5.385164807,15.8113883,5,15.62049935,4,14.86606875,6,17.02938637,5.099019514,14.2126704,6.08276253,15.26433752,5,13.60147051,5.099019514,13.45362405,5,12.80624847,5.099019514,13.45362405,6.08276253,13.03840481,7.280109889,13.60147051
6.708203932,13.45362405,6.08276253,13.45362405,6.08276253,15.55634919,4.472135955,16.40121947,5.830951895,14.86606875,4.472135955,13.03840481,5.830951895,17.20465053,5,14.2126704,6.403124237,15.8113883,6.708203932,13.89244399,5,15.26433752,4.123105626,15.65247584,3.605551275,15,3.16227766,15,6,14.86606875,5,16.40121947,5,15,5,12.80624847,6.32455532,14.86606875,5.099019514,13.03840481,6.08276253,12.80624847,5.099019514,11.66190379,4.472135955,13.03840481,5.385164807,12.80624847,5.385164807,12.80624847,6.403124237,13.03840481
5.099019514,16.40121947,5.830951895,15.62049935,6.403124237,17.02938637,5.830951895,17.20465053,4.242640687,16.40121947,5.656854249,16.40121947,6.403124237,15.8113883,5.385164807,15.62049935,6.403124237,17.69180601,7.615773106,16.97056275,5.099019514,14.86606875,6.08276253,14.86606875,8.94427191,16.2788206,8.246211251,16.2788206,6.32455532,14.86606875,6.708203932,14.14213562,7.615773106,14.86606875,6.32455532,14.14213562,7.280109889,13.45362405,6,14.86606875,6.32455532,14.86606875,6.08276253,12.80624847,5,13.45362405,6,14.2126704,6,12.04159458,5.099019514,12.72792206
7.810249676,13.89244399,10,13.60147051,11.3137085,16.40121947,9.848857802,16.2788206,9.899494937,14.2126704,10,16.40121947,10,16.2788206,9.219544457,15.62049935,11.18033989,13.45362405,11.40175425,12.80624847,12.80624847,15.62049935,13.41640786,13.03840481,11.40175425,14.14213562,13,16.97056275,13.41640786,14.14213562,12.20655562,13.60147051,12.08304597,13.45362405,10.19803903,11.66190379,12.08304597,12.72792206,9.219544457,12.80624847,10.29563014,12.04159458,8.94427191,12.72792206,9.848857802,11.66190379,10.04987562,13.45362405,8.062257748,11.66190379,8.062257748,13.45362405
11.18033989,11.40175425,9.433981132,11.3137085,9.219544457,12.20655562,7.810249676,11.40175425,9.433981132,12.20655562,9.219544457,13.45362405,9.433981132,12.80624847,9.219544457,13.03840481,10.63014581,14.2126704,8.485281374,12.80624847,10,14.2126704,9.899494937,12.52996409,8.602325267,11.18033989,9.219544457,12.52996409,8.485281374,11.18033989,8.602325267,13.41640786,8.062257748,13.03840481,8.544003745,13.03840481,9.486832981,11.66190379,8.062257748,12.08304597,8.544003745,10.63014581,7.615773106,9.486832981,9.433981132,10.29563014,10.81665383,7.615773106,9.433981132,8.94427191,9.219544457,9.848857802
15.55634919,8.544003745,14.86606875,9.486832981,17.02938637,9.486832981,15.55634919,8.544003745,16.2788206,8.544003745,14.86606875,8.602325267,15.55634919,7.810249676,16.40121947,8.602325267,16.40121947,7.810249676,18.43908891,6.403124237,18.02775638,7.211102551,16.40121947,5.656854249,18.02775638,6.708203932,15.62049935,7.810249676,16.40121947,7.211102551,16.2788206,6.32455532,16.40121947,6.708203932,15.62049935,5.830951895,15.8113883,6.08276253,14.4222051,6.708203932,14.14213562,8.246211251,15,7.211102551,15.62049935,8.544003745,13.60147051,9.486832981,13.60147051,7.615773106,13.03840481,6.708203932
10,13.45362405,10.29563014,12.80624847,10.29563014,14.2126704,13.03840481,14.2126704,10.63014581,13.45362405,10,14.86606875,11.66190379,13.45362405,10.81665383,13.60147051,10,15,9.219544457,14.2126704,10.63014581,15.26433752,9.219544457,15.26433752,8.602325267,16.1245155,9.219544457,15,9.433981132,14.4222051,9.219544457,14.4222051,8.062257748,14.76482306,9.433981132,12.20655562,10.29563014,13.60147051,11.18033989,13.03840481,9.486832981,12.20655562,8.94427191,13.03840481,9.433981132,12.20655562,9.848857802,11.66190379,10.29563014,10.29563014,10.29563014,11.70469991
2.828427125,15.62049935,5,16.97056275,4.242640687,17.80449381,3.16227766,16.40121947,3,17.69180601,2.828427125,17.80449381,2.236067977,17.69180601,1,17.69180601,0,16.40121947,2,16.1245155,2.828427125,16.40121947,3.16227766,17.80449381,3.605551275,17.80449381,2,17.69180601,4.123105626,17.02938637,3.605551275,15.55634919,5,16.2788206,3,14.86606875,3.16227766,15.55634919,3.16227766,16.40121947,4.123105626,15.55634919,2.236067977,16.2788206,2.828427125,14.14213562,3.16227766,14.86606875,2.236067977,14.86606875,3.16227766,15.55634919
6.708203932,16.2788206,7.615773106,17.02938637,9.486832981,16.2788206,7.280109889,14.86606875,9.219544457,17.69180601,5,17.02938637,7.280109889,15.55634919,8.602325267,17.20465053,9.433981132,17.69180601,7.615773106,17.69180601,8.602325267,19.20937271,8.062257748,18.35755975,7.810249676,17.02938637,5.830951895,19.20937271,6,17.80449381,5.830951895,17.80449381,6.32455532,18.02775638,7.280109889,16.2788206,7.071067812,17.02938637,7.071067812,15.26433752,7.615773106,15.8113883,8.246211251,17.20465053,6.708203932,15.62049935,8.544003745,15,9.848857802,15,8.544003745,13.89244399
9.848857802,16.2788206,10.19803903,18.43908891,8.062257748,17.80449381,9.486832981,17.02938637,8.602325267,18.38477631,9.219544457,17.02938637,7.810249676,17.02938637,8.602325267,16.40121947,8.602325267,19.20937271,8.602325267,17.69180601,9.219544457,19.84943324,9.433981132,17.20465053,7.211102551,18.02775638,6.403124237,18.02775638,6.403124237,17.20465053,7.211102551,17.80449381,6.403124237,17.80449381,7.615773106,16.40121947,6.708203932,17.80449381,7.615773106,17.69180601,6.32455532,16.2788206,7.280109889,15.8113883,8.062257748,17.20465053,9.433981132,15,7.211102551,13.60147051,8.062257748,13.60147051
7.615773106,14.86606875,9.219544457,14.86606875,7.211102551,15.62049935,7.810249676,15.55634919,5.830951895,14.2126704,6.708203932,17.02938637,8.062257748,15.8113883,7.211102551,15.8113883,7.810249676,15.8113883,6.403124237,15.26433752,7.810249676,17.02938637,7.211102551,16.64331698,5,17.02938637,6.708203932,18.02775638,5.830951895,15,5.385164807,17.20465053,5.099019514,15.8113883,6.32455532,15.62049935,5.830951895,15.62049935,7.280109889,14.2126704,6.708203932,15,7.615773106,15.8113883,7.615773106,13.45362405,6.08276253,12.80624847,7.615773106,13.60147051,6.32455532,12.20655562
14.14213562,7.211102551,14.14213562,7.211102551,15.62049935,7.615773106,15,7.615773106,14.86606875,8.062257748,15.8113883,7.810249676,15.62049935,6.403124237,15.62049935,7.071067812,15.26433752,7.071067812,14.4222051,8.602325267,16.40121947,7.071067812,14.4222051,7.211102551,17,6.403124237,15.8113883,6.708203932,15.62049935,6.403124237,15.8113883,7.280109889,15.26433752,6.32455532,15.62049935,6.32455532,13.60147051,6.32455532,13.60147051,6.32455532,13.03840481,6.32455532,12.80624847,6.32455532,13.03840481,7.280109889,13.03840481,7.615773106,13.03840481,7.615773106,13.41640786,7.615773106
16.2788206,6.08276253,17.69180601,3.16227766,16.2788206,3.16227766,15.55634919,3,15.55634919,3.605551275,16.40121947,2,17.20465053,3.16227766,15.62049935,1,16.40121947,1.414213562,17.02938637,3.605551275,18.43908891,2.236067977,17.20465053,3.16227766,18.43908891,2,16.2788206,2,17.80449381,1.414213562,15.62049935,2.828427125,16.64331698,2.236067977,15.62049935,2.236067977,16.2788206,4.472135955,14.14213562,2.236067977,15.8113883,1,15.62049935,2,14.86606875,4,14.2126704,4.123105626,15,6.32455532,12.72792206,4
14.14213562,3.16227766,16.97056275,3,16.97056275,3,14.86606875,2.236067977,16.2788206,1.414213562,17.69180601,2.236067977,17.02938637,2,16.97056275,2,17.80449381,0,18.38477631,3.16227766,19.20937271,2.828427125,17.80449381,3,17.20465053,2.828427125,16.2788206,1.414213562,16.2788206,3.16227766,17.02938637,2.236067977,16.40121947,3.605551275,16.97056275,2.236067977,16.2788206,4.242640687,16.97056275,3.16227766,14.86606875,2.828427125,13.45362405,4.242640687,14.2126704,5,15.55634919,5,14.86606875,3,15,4.472135955
10.44030651,12.20655562,6.32455532,12.80624847,10.81665383,13.45362405,9.433981132,12.72792206,8.062257748,14.2126704,9.433981132,14.14213562,8.544003745,15.62049935,8.94427191,14.86606875,7.211102551,15.62049935,7.211102551,15.55634919,8.485281374,16.2788206,7.071067812,14.86606875,7.211102551,16.2788206,5.656854249,15,6.403124237,14.4222051,6.403124237,16.40121947,7.810249676,15,8.062257748,12.20655562,8.062257748,15,6.708203932,12.72792206,6.708203932,14.2126704,5.830951895,13.03840481,8.485281374,13.45362405,6.32455532,13.60147051,7.615773106,12.20655562,8.062257748,10.81665383
8.544003745,14.14213562,6.08276253,16.2788206,5.385164807,14.86606875,6.32455532,15.8113883,4.472135955,14.86606875,6.708203932,15.62049935,5.656854249,17.69180601,7.211102551,15.62049935,6.403124237,15.8113883,7.211102551,13.45362405,5,15.8113883,3.605551275,16.64331698,5.385164807,16.40121947,5,17.02938637,3.605551275,13.60147051,2.828427125,17.20465053,5.099019514,15.62049935,5.099019514,12.80624847,6.08276253,17.20465053,5.099019514,16.2788206,5.099019514,15.62049935,6,14.2126704,4.472135955,14.4222051,7.280109889,12.72792206,6.08276253,11.40175425,6.708203932,10.81665383
27.58622845,10,27.58622845,9.219544457,30.41381265,7,31.144823,6.708203932,30.41381265,5.830951895,29.73213749,7.280109889,29.73213749,4.472135955,29.06888371,5.830951895,30.61045573,6.403124237,29.20616373,9.219544457,32.64965543,5,32.80243893,6.708203932,30.61045573,6.08276253,32.64965543,4.123105626,30.47950131,3.605551275,32.80243893,4.472135955,30.41381265,5.099019514,29,6.08276253,29,5.099019514,27.58622845,6.08276253,28.31960452,5.099019514,28.31960452,6.08276253,27.65863337,6,27.65863337,7.280109889,27.58622845,10.19803903,27.80287755,9.219544457
3.605551275,15.62049935,5,14.86606875,3,16.2788206,2.236067977,17.20465053,2.828427125,17.69180601,2,15.62049935,2.236067977,18.43908891,2,15.62049935,1,15,1.414213562,15.8113883,0,16.64331698,1,16.40121947,2,17.69180601,3.16227766,18.43908891,3,17.80449381,2,15.62049935,1.414213562,17.02938637,2.236067977,14.86606875,3.605551275,16.2788206,3.16227766,14.14213562,3,16.2788206,3.16227766,14.86606875,2.236067977,14.14213562,2.236067977,15,2.828427125,12.80624847,3.16227766,13.45362405
24.8394847,13.03840481,25.23885893,13.03840481,27.80287755,13.45362405,27.80287755,14.14213562,27.65863337,14.14213562,27.01851217,12.72792206,27.45906044,13.45362405,24.08318916,14.2126704,26.2488095,16.40121947,25.49509757,17.02938637,28.28427125,15.8113883,26.90724809,16.1245155,25.45584412,16.55294536,24.75883681,17.20465053,23.34523506,14.76482306,26.2488095,16.1245155,26.17250466,16.64331698,23.43074903,16.64331698,23.43074903,15.8113883,22.8035085,17,22.6715681,15.26433752,22.6715681,14.31782106,22.6715681,12.52996409,23.34523506,13.92838828,22.6715681,13.60147051,24.20743687,12.64911064
3.16227766,17.20465053,5,18.43908891,4,17.02938637,3.605551275,17.80449381,6.08276253,16.2788206,5.099019514,16.40121947,6.403124237,17.02938637,5,17.02938637,5.385164807,17.20465053,4.472135955,17.20465053,4.472135955,17.02938637,5.099019514,16.40121947,5.656854249,17.69180601,6.32455532,16.97056275,4.123105626,14.86606875,4.472135955,17.02938637,6.403124237,15.55634919,5.385164807,17.20465053,5.385164807,17.69180601,7.280109889,15.55634919,6.32455532,15.55634919,7.280109889,15.55634919,4.472135955,14.2126704,4,16.2788206,4.123105626,13.45362405,3.16227766,17.02938637
19.84943324,8.062257748,20,7.810249676,19.20937271,10.63014581,19.10497317,8.602325267,17.20465053,7.810249676,18.02775638,7.810249676,18.02775638,9.219544457,18.43908891,8.485281374,17.69180601,10,17.69180601,7.615773106,20,10.81665383,17.69180601,11.70469991,17.02938637,9.848857802,16.97056275,9.486832981,16.2788206,8.246211251,18.43908891,11.18033989,17.69180601,10.44030651,15.55634919,9.486832981,17.02938637,11.70469991,17.69180601,8.94427191,17.69180601,8.544003745,15.62049935,8.544003745,17.02938637,8.062257748,15.62049935,9.219544457,16.2788206,7,18.38477631,8.246211251
7.280109889,18.38477631,5.830951895,16.97056275,5.099019514,17.80449381,5,18.38477631,5.385164807,16.97056275,6.403124237,18.43908891,4.472135955,17.20465053,6.32455532,19.10497317,4.242640687,17.80449381,4.242640687,17.20465053,5.830951895,19.41648784,4.472135955,20,4.123105626,17.02938637,6.32455532,19.41648784,5.099019514,17.20465053,5.099019514,17.02938637,5.099019514,18.43908891,5.099019514,17.02938637,5.099019514,18.02775638,5.099019514,17.80449381,6.08276253,16.40121947,5.385164807,17.20465053,6.32455532,16.40121947,7.071067812,15.8113883,8.246211251,14.2126704,6.32455532,15.8113883
21.40093456,4.242640687,20.61552813,5.385164807,20,5.830951895,21.40093456,3.605551275,18.43908891,6.403124237,20,7.211102551,22.02271555,6.403124237,21.26029163,6.708203932,20.51828453,7.211102551,18.60107524,5.830951895,22.02271555,6.403124237,21.40093456,8.544003745,20.51828453,5.099019514,18.43908891,8.246211251,19.10497317,8.544003745,18.38477631,8,17.69180601,7.071067812,19.10497317,7.280109889,19.10497317,7.071067812,17.69180601,8.062257748,19.20937271,6.08276253,17.02938637,7.071067812,14.86606875,6,16.97056275,7.071067812,17.02938637,5.099019514,17.69180601,6.32455532
13.03840481,17.80449381,12.08304597,16.97056275,11.66190379,17.69180601,13.60147051,16.97056275,11.66190379,17.69180601,13.03840481,18.43908891,11.40175425,17.69180601,10.81665383,19.20937271,10.63014581,17.80449381,12.72792206,19.84943324,12.72792206,19.84943324,12.72792206,18.02775638,11.40175425,18.60107524,12.04159458,18.02775638,9.219544457,18.43908891,12.04159458,19.84943324,9.899494937,18.02775638,10.29563014,15.8113883,9.433981132,18.60107524,10.81665383,17.20465053,9.486832981,17.20465053,9.219544457,15,12.08304597,16.40121947,10.29563014,17.49285568,9.433981132,17,11.40175425,14.31782106
14.76482306,15.62049935,14.2126704,14.86606875,13.60147051,16.2788206,15,15,12.80624847,14.86606875,15,16.2788206,14.2126704,16.40121947,12.80624847,17.20465053,14.14213562,17.02938637,14.2126704,18.43908891,14.14213562,19.41648784,12.04159458,16.1245155,12.04159458,16.64331698,13.45362405,15.26433752,13.60147051,16.64331698,12.80624847,17.20465053,14.2126704,17.20465053,13.03840481,15.8113883,12.80624847,15.8113883,12.52996409,13.89244399,13.60147051,14.76482306,13.03840481,14.31782106,11.18033989,14.4222051,13.03840481,13.41640786,13.60147051,12.52996409,12.80624847,13.41640786
17.80449381,7.211102551,17.20465053,7.280109889,17.80449381,7.211102551,17.80449381,7.211102551,17.80449381,9.219544457,17.69180601,7.071067812,18.60107524,8.602325267,18.60107524,8.94427191,18.43908891,9.219544457,19.84943324,10.29563014,17.69180601,9.219544457,17.69180601,11.18033989,17.80449381,8.94427191,17.69180601,10.44030651,14.86606875,9.848857802,17.69180601,9.848857802,17.02938637,9.848857802,15.55634919,8.062257748,17.69180601,10.29563014,17.02938637,7.615773106,15.8113883,8.544003745,15.55634919,8.94427191,15.62049935,7.615773106,17.02938637,8.94427191,15.55634919,8.246211251,16.2788206,8.062257748
9.433981132,8.602325267,9.848857802,10.63014581,12.04159458,10,11.40175425,7,13.41640786,6.708203932,15.62049935,7.071067812,15.62049935,9.486832981,12.04159458,10.77032961,24.69817807,16.55294536,21.84032967,8.94427191,15.8113883,11.18033989,12.80624847,10.19803903,15,9.055385138,11.66190379,10.44030651,13.60147051,9.219544457,16.1245155,7.071067812,12.20655562,8.544003745,13.03840481,9.848857802,13.41640786,6.32455532,15.26433752,9.848857802,14.2126704,7.615773106,10.63014581,8.602325267,14.4222051,9.486832981,14.2126704,7.071067812,12.72792206,7.211102551,13.45362405,7.810249676
9.433981132,10,10.81665383,12.20655562,10,12.72792206,11.3137085,13.45362405,10.63014581,11.40175425,10.63014581,11.40175425,11.40175425,10.63014581,10.63014581,11.40175425,11.40175425,11.40175425,10.63014581,12.72792206,13.60147051,12.80624847,13.60147051,11.3137085,11.3137085,13.45362405,12.04159458,11.3137085,10.81665383,11.40175425,12.20655562,12.20655562,13.45362405,10.29563014,10,12.20655562,9.899494937,10.63014581,11.40175425,10.63014581,11.40175425,9.219544457,10.81665383,11.40175425,10.63014581,11.40175425,10.63014581,10.81665383,10.29563014,10,9.848857802,10
10.63014581,11.66190379,10.81665383,10.81665383,11.66190379,11.3137085,11.18033989,13.45362405,10,13.03840481,10.63014581,13.60147051,11.18033989,13.45362405,12.04159458,13.45362405,12.80624847,13.45362405,12.20655562,12.04159458,11.3137085,12.04159458,11.3137085,15.62049935,9.899494937,13.45362405,9.899494937,14.2126704,8.485281374,14.86606875,10.63014581,15,10.63014581,11.40175425,9.433981132,14.14213562,10,14.86606875,9.219544457,14.14213562,9.433981132,13.60147051,7.810249676,13.45362405,7.810249676,12.72792206,10.29563014,12.80624847,10.63014581,12.04159458,12.20655562,12.80624847
2.236067977,14.86606875,2,14.86606875,2,15.62049935,0,14.14213562,1,16.2788206,1,17.02938637,1.414213562,13.45362405,0,16.2788206,1,16.40121947,2.828427125,14.86606875,1,16.40121947,1,15.62049935,2.236067977,16.2788206,1,16.2788206,1,16.97056275,3,15.55634919,2.236067977,15,2.236067977,16.2788206,4.242640687,14.86606875,1.414213562,16.2788206,3.605551275,15.55634919,1,14.86606875,2.236067977,14.2126704,3,16.2788206,2.828427125,15.62049935,1,16.2788206
10,9.433981132,10.29563014,10.81665383,10.81665383,11.18033989,10,9.433981132,9.899494937,10.29563014,11.18033989,12.04159458,12.08304597,10.63014581,11.40175425,10.63014581,12.04159458,11.40175425,11.3137085,12.20655562,11.40175425,12.72792206,9.899494937,12.72792206,10.63014581,14.14213562,9.899494937,12.72792206,8.602325267,13.45362405,10.63014581,14.2126704,12.04159458,12.72792206,9.899494937,11.40175425,8.602325267,12.80624847,8.602325267,12.04159458,7.615773106,12.72792206,8.602325267,11.40175425,7.810249676,11.40175425,11.40175425,12.04159458,8.485281374,11.3137085,11.3137085,11.3137085
1.414213562,12.80624847,2,14.2126704,2.236067977,14.2126704,2.828427125,12.80624847,2.236067977,14.2126704,1,13.45362405,1.414213562,14.14213562,2,14.86606875,1,14.14213562,2.828427125,14.86606875,2.236067977,14.86606875,1.414213562,15.55634919,2.828427125,14.86606875,3.16227766,14.86606875,2,13.45362405,1,14.2126704,1.414213562,15.62049935,3.16227766,13.60147051,3.16227766,13.45362405,1.414213562,14.14213562,3,12.04159458,2,14.14213562,3,12.80624847,3.16227766,14.2126704,3,13.45362405,2,12.72792206
13.45362405,8.94427191,12.04159458,11.18033989,12.04159458,9.219544457,12.72792206,9.433981132,13.45362405,10,12.04159458,9.219544457,13.45362405,8.94427191,13.45362405,9.219544457,14.2126704,8.602325267,15,10,15.55634919,7.810249676,15.62049935,8.602325267,14.2126704,8.485281374,13.45362405,9.219544457,14.86606875,7.211102551,14.86606875,8.062257748,13.45362405,7.810249676,14.86606875,8.062257748,13.45362405,7.211102551,14.86606875,7.071067812,15.55634919,7.810249676,12.04159458,7.810249676,12.72792206,8.602325267,14.86606875,8.94427191,12.72792206,5,11.3137085,8.602325267
12.04159458,5.830951895,13.45362405,6.08276253,12.80624847,5.656854249,12.04159458,5,12.04159458,5.830951895,12.72792206,5.656854249,12.04159458,5,11.40175425,5,14.14213562,5.830951895,13.45362405,7.810249676,12.80624847,7.211102551,12.04159458,7.211102551,12.04159458,7.810249676,11.40175425,8.94427191,12.72792206,7.615773106,12.04159458,8.485281374,10.63014581,7.071067812,12.20655562,6.403124237,11.40175425,9.219544457,11.66190379,7.211102551,10.63014581,6.708203932,11.3137085,5.385164807,11.40175425,5.830951895,10.63014581,6.403124237,12.04159458,8.062257748,11.3137085,5.099019514
5.099019514,11.3137085,6.708203932,12.72792206,2.828427125,14.2126704,4.472135955,13.45362405,3.605551275,14.86606875,2.828427125,13.45362405,4.242640687,14.14213562,3.16227766,15.62049935,4.242640687,13.60147051,4.242640687,12.80624847,5,13.45362405,3.16227766,14.2126704,3.16227766,12.80624847,3.16227766,15,3.16227766,15,5,13.45362405,4,14.14213562,4.123105626,12.72792206,3.16227766,12.72792206,4.123105626,13.45362405,5,14.2126704,3.16227766,12.04159458,5.099019514,13.45362405,4.123105626,13.45362405,5.099019514,11.40175425,5.830951895,11.40175425
5.385164807,15.8113883,7.211102551,15,4.242640687,15.55634919,4.242640687,16.40121947,3.605551275,17.69180601,5.830951895,18.38477631,5.656854249,16.2788206,5.830951895,17.02938637,5.656854249,16.2788206,6.32455532,15.62049935,4.123105626,18.43908891,7.211102551,16.97056275,6.708203932,16.40121947,6.708203932,17.69180601,7.615773106,16.2788206,6.708203932,14.86606875,6.708203932,16.40121947,6.32455532,15,6.32455532,16.2788206,6.708203932,15.55634919,5.830951895,16.2788206,5.385164807,14.2126704,4.123105626,14.4222051,3.605551275,16.2788206,5.099019514,14.86606875,4.472135955,16.40121947
12.80624847,5.656854249,12.80624847,5.830951895,12.80624847,5,11.40175425,5,12.72792206,3.605551275,15,6.403124237,14.86606875,7.071067812,12.20655562,3.605551275,14.2126704,5.830951895,11.66190379,6.403124237,14.14213562,6.708203932,14.2126704,6.403124237,13.45362405,6.32455532,14.14213562,7.615773106,13.45362405,6.708203932,12.80624847,5.830951895,13.45362405,7.280109889,12.20655562,6.08276253,13.45362405,6.32455532,11.3137085,6.32455532,12.04159458,7.615773106,11.66190379,5.385164807,11.3137085,6,14.14213562,4.123105626,11.3137085,5,12.72792206,6
5,14.2126704,2.236067977,13.60147051,2.236067977,14.86606875,2,14.2126704,3.16227766,13.45362405,2.236067977,14.86606875,2.828427125,15.62049935,3.16227766,14.2126704,3.16227766,16.2788206,0,15.55634919,1,16.97056275,1,15.62049935,2.236067977,15.8113883,3,15.55634919,2.828427125,13.45362405,3,16.2788206,2.236067977,16.2788206,2,14.2126704,2.828427125,14.14213562,3,15.26433752,4.472135955,13.60147051,3,12.72792206,2,14.2126704,1.414213562,13.45362405,2.828427125,12.72792206,2.828427125,12.72792206
17.02938637,3,17.69180601,3.605551275,18.38477631,2.236067977,17.02938637,1.414213562,17.20465053,3,18.43908891,2.828427125,17.69180601,2.236067977,17.02938637,3,16.97056275,2.236067977,17.69180601,5.099019514,19.20937271,3,18.43908891,3,19.20937271,3.16227766,18.43908891,2.236067977,16.40121947,2.236067977,16.2788206,4.123105626,18.43908891,3.16227766,16.2788206,2.828427125,16.2788206,3.16227766,15.62049935,4,15,3.16227766,15.62049935,3,13.45362405,3,15,4.123105626,15,5.099019514,15,5.099019514
11.3137085,13.45362405,11.40175425,13.45362405,12.04159458,15,11.40175425,14.14213562,12.04159458,15,11.66190379,14.14213562,13.45362405,14.86606875,10.63014581,16.2788206,11.40175425,13.45362405,14.86606875,14.14213562,11.40175425,14.14213562,12.20655562,16.2788206,13.89244399,16.2788206,14.4222051,13.45362405,12.04159458,12.80624847,14.4222051,11.40175425,12.72792206,13.60147051,15.26433752,15,12.20655562,14.4222051,11.66190379,14.86606875,10.81665383,13.45362405,12.20655562,14.14213562,9.433981132,14.4222051,11.66190379,15.62049935,10.81665383,13.45362405,12.08304597,12.80624847
19.72308292,20,22.6715681,13.41640786,19.41648784,17.02938637,15.26433752,16.40121947,17.02938637,15.62049935,24.16609195,14.2126704,21.9544984,16.97056275,20.51828453,12.64911064,26.40075756,38.91015292,19.20937271,31.30495168,21.09502311,17,26.40075756,18.38477631,23.85372088,21.02379604,23.60084744,14.4222051,20.80865205,19.79898987,18.43908891,18.86796226,25.63201124,15.23154621,20.24845673,18.02775638,19.72308292,10.19803903,24.8394847,13.60147051,20,14.86606875,25.55386468,11.18033989,19.10497317,17.72004515,20.61552813,16.4924225,22.8035085,15.23154621,23.85372088,16.4924225
16.2788206,6.708203932,12.72792206,7.615773106,14.86606875,6.708203932,18.43908891,7.071067812,14.86606875,7.211102551,14.86606875,7.615773106,15.55634919,9.433981132,17.02938637,8.485281374,16.2788206,9.219544457,17.02938637,9.433981132,17.69180601,9.433981132,15.62049935,9.219544457,16.2788206,10.81665383,16.97056275,7.810249676,16.2788206,9.219544457,15.55634919,10,15.62049935,9.899494937,15,10.63014581,15,8.602325267,15.55634919,8.485281374,15,8.602325267,14.14213562,8.94427191,14.2126704,7.810249676,15,8.602325267,14.86606875,8.602325267,15.62049935,7.211102551
9.219544457,11.40175425,9.433981132,12.04159458,11.40175425,12.80624847,10.63014581,12.04159458,11.3137085,13.45362405,12.04159458,13.45362405,12.04159458,12.72792206,11.3137085,9.899494937,10.63014581,12.04159458,12.04159458,12.72792206,14.86606875,12.72792206,10.81665383,14.14213562,12.20655562,12.04159458,13.03840481,12.80624847,10.63014581,13.60147051,10,12.80624847,11.40175425,13.60147051,12.04159458,11.40175425,11.40175425,12.04159458,11.66190379,13.60147051,11.66190379,12.20655562,10.29563014,11.18033989,8.602325267,12.52996409,11.18033989,12.72792206,10,13.45362405,8.94427191,12.20655562
14.2126704,9.433981132,12.04159458,8.602325267,14.2126704,8.062257748,11.40175425,8.602325267,15,7.810249676,13.45362405,9.433981132,14.86606875,8.485281374,14.86606875,8.485281374,14.86606875,6.403124237,14.86606875,8.062257748,14.4222051,7.810249676,14.86606875,8.485281374,14.86606875,8.485281374,15.55634919,7.211102551,14.86606875,6.403124237,14.86606875,8.062257748,14.4222051,8.485281374,14.86606875,8.062257748,15,8.602325267,13.45362405,8.485281374,15,7.211102551,14.14213562,7.211102551,13.60147051,7.615773106,14.2126704,9.433981132,13.45362405,8.485281374,15,8.94427191
10.29563014,14.2126704,10,13.03840481,10.29563014,14.86606875,11.40175425,14.14213562,10.29563014,14.14213562,9.219544457,14.14213562,11.40175425,15.55634919,9.219544457,12.04159458,9.899494937,16.2788206,9.899494937,17.02938637,11.3137085,16.40121947,8.485281374,16.2788206,7.211102551,18.43908891,8.485281374,17.69180601,8.062257748,16.2788206,10,15.62049935,8.062257748,16.2788206,8.602325267,14.86606875,8.062257748,15.62049935,10.29563014,16.40121947,8.062257748,14.86606875,9.433981132,15.62049935,6.708203932,15,8.94427191,15,9.848857802,14.2126704,9.433981132,15.62049935
15.62049935,4.123105626,15.62049935,2.236067977,17.69180601,5.099019514,17.02938637,2.828427125,17.69180601,2,17.69180601,1.414213562,16.40121947,0,16.2788206,0,16.97056275,1,17.69180601,2.236067977,17.69180601,1.414213562,16.40121947,1.414213562,16.40121947,3,15.55634919,3.605551275,16.2788206,2.236067977,17.69180601,3.605551275,16.97056275,2.236067977,17.69180601,3.605551275,15.55634919,3.16227766,15.55634919,3.605551275,16.97056275,2.828427125,15.62049935,3.16227766,13.45362405,4,14.86606875,5.099019514,15.55634919,4,14.86606875,3
8.94427191,12.80624847,10.81665383,13.45362405,10,12.80624847,12.04159458,15.62049935,9.899494937,13.45362405,10.63014581,14.86606875,10.63014581,14.86606875,9.899494937,12.20655562,9.219544457,12.04159458,10.63014581,13.45362405,9.433981132,14.14213562,11.66190379,14.14213562,8.94427191,13.45362405,10,14.2126704,11.18033989,12.80624847,10.29563014,14.2126704,11.18033989,13.45362405,10.81665383,14.4222051,12.52996409,13.03840481,11.18033989,11.3137085,10.77032961,12.04159458,10.29563014,13.45362405,8.602325267,12.20655562,9.848857802,12.80624847,8.544003745,12.80624847,8.062257748,13.60147051
8.94427191,14.14213562,9.219544457,14.86606875,7.810249676,15.62049935,8.485281374,15.62049935,9.219544457,17.02938637,8.485281374,17.69180601,10,17.69180601,10.63014581,16.2788206,8.602325267,16.40121947,9.848857802,16.40121947,9.219544457,15.55634919,10.81665383,16.2788206,11.70469991,16.97056275,10.81665383,17.02938637,10.29563014,14.2126704,11.40175425,14.2126704,10.29563014,14.2126704,10,13.60147051,10.81665383,13.45362405,9.848857802,16.40121947,9.433981132,15.62049935,8.062257748,16.2788206,10,13.60147051,8.246211251,16.40121947,8.246211251,15.62049935,9.486832981,15
17.80449381,3,18.38477631,3,15.55634919,1.414213562,16.97056275,3.605551275,16.2788206,2.236067977,17.80449381,1.414213562,16.97056275,0,17.69180601,2,17.80449381,1.414213562,19.20937271,1,18.38477631,1.414213562,18.38477631,3,19.20937271,2.236067977,18.38477631,2.236067977,17.02938637,2.828427125,20.51828453,2.236067977,17.20465053,3.605551275,16.2788206,3.16227766,15.55634919,2.828427125,16.97056275,3.605551275,16.2788206,3.16227766,16.2788206,2.236067977,15,5.099019514,17.80449381,6.08276253,16.2788206,6.32455532,17.02938637,4.472135955
6.708203932,14.14213562,6.08276253,15.55634919,4.472135955,14.2126704,5.830951895,15,5.656854249,14.86606875,6.708203932,16.40121947,6.403124237,15,5.656854249,15.62049935,4.472135955,15,4.472135955,13.60147051,5,16.40121947,4.123105626,16.64331698,5.385164807,15.8113883,4,16.40121947,6.08276253,15,4.123105626,18.02775638,5.830951895,15,5.385164807,15.62049935,5,15,7,13.60147051,6,15,5.385164807,13.60147051,5.099019514,13.60147051,7.071067812,13.03840481,6.32455532,12.20655562,8.544003745,13.03840481
7.071067812,18.38477631,7.280109889,17.02938637,5.385164807,18.38477631,6.08276253,18.02775638,4,18.38477631,7.071067812,17.02938637,4.242640687,17.69180601,6.708203932,16.2788206,6.32455532,17.69180601,3.16227766,17.80449381,5.656854249,17.69180601,5,17.80449381,2.828427125,18.86796226,5,19.41648784,3.16227766,16.40121947,2.828427125,18.60107524,3.16227766,16.40121947,4.123105626,17.02938637,4.472135955,16.40121947,5.385164807,17.80449381,4,17.80449381,3.16227766,15.62049935,5.099019514,15.62049935,5.099019514,17.20465053,5.099019514,16.40121947,6.708203932,12.80624847
13.89244399,16.2788206,14.4222051,16.2788206,10.81665383,17.69180601,14.4222051,16.2788206,12.04159458,15.62049935,13.60147051,15.55634919,13.60147051,17.20465053,12.20655562,15.62049935,12.80624847,16.64331698,13.60147051,16.64331698,12.72792206,18.35755975,12.04159458,18.60107524,12.20655562,18.02775638,11.40175425,19.20937271,10.63014581,16.64331698,12.20655562,16.1245155,12.04159458,16.64331698,11.40175425,16.40121947,11.66190379,15.62049935,10.29563014,15.8113883,9.433981132,13.89244399,11.66190379,15.26433752,11.40175425,13.89244399,10.81665383,14.31782106,10.81665383,14.4222051,12.20655562,12.52996409
34.20526275,14.31782106,39.96248241,21.37755833,48.16637832,12.52996409,57.42821606,26.47640459,39.66106403,19.10497317,36.35931793,13.34166406,31.78049716,25,37.73592453,17.72004515,34.17601498,20.61552813,37.16180835,9.055385138,42.72001873,14.31782106,29.41088234,10.19803903,33.54101966,10.04987562,43.8634244,25,34.78505426,31.32091953,36.12478374,23.34523506,30.46309242,29.15475947,25.70992026,24.33105012,26.68332813,24.08318916,29.01723626,18.68154169,27,31.78049716,25.17935662,23.02172887,26.01922366,29.01723626,32.06243908,23.53720459,33.24154028,21.9317122,23.76972865,30.41381265
19.20937271,4.123105626,19.10497317,4.123105626,20.24845673,4,19.10497317,4.472135955,22.20360331,2.828427125,20.24845673,2.828427125,18.60107524,3.16227766,18.43908891,3.605551275,19.20937271,4.242640687,21.26029163,4.472135955,20.51828453,5.385164807,19.10497317,6.08276253,17.69180601,6.08276253,18.43908891,4.123105626,19.84943324,4.123105626,19.10497317,6.32455532,17.02938637,6.32455532,17.69180601,6,17.02938637,3.605551275,17.02938637,5.099019514,17.02938637,6.08276253,14.86606875,3,15.55634919,6.08276253,15.62049935,6,16.2788206,5.385164807,16.2788206,4.123105626
5.099019514,17.02938637,5,20.51828453,3,18.02775638,1.414213562,19.20937271,9,17.49285568,5,17.80449381,2.236067977,17.20465053,2.236067977,18.02775638,4.472135955,16.1245155,3.605551275,17.20465053,2.236067977,16.64331698,4.242640687,16.97056275,2.236067977,17.80449381,4.472135955,16.64331698,3.605551275,17.69180601,6.08276253,15.62049935,3.16227766,16.2788206,4.472135955,16.2788206,5,17.02938637,5,17.02938637,6.32455532,14.14213562,3.16227766,17.02938637,6,14.86606875,7,16.2788206,7.280109889,18.02775638,3.16227766,12.80624847
17.49285568,11.40175425,16.64331698,12.20655562,15.8113883,10.63014581,16.40121947,12.04159458,16.64331698,11.3137085,15.62049935,11.40175425,15,12.04159458,15.62049935,13.60147051,16.2788206,13.60147051,14.14213562,12.04159458,16.2788206,13.60147051,16.2788206,15.62049935,15,13.60147051,14.2126704,13.41640786,15.62049935,14.31782106,12.72792206,13.41640786,15.62049935,13.89244399,13.45362405,13.03840481,14.2126704,12.52996409,13.60147051,13.03840481,12.20655562,12.20655562,12.80624847,12.08304597,14.2126704,11.66190379,13.45362405,9.433981132,14.4222051,10.81665383,16.2788206,10.77032961
7.211102551,16.2788206,5.385164807,14.86606875,5,15.62049935,6.708203932,17.20465053,4.472135955,15.62049935,7.211102551,17.80449381,5.656854249,17.80449381,5,19.20937271,2.828427125,17.20465053,2.828427125,15.8113883,4.123105626,19.20937271,5,17.20465053,4.123105626,17.02938637,5.099019514,17.02938637,5.830951895,16.2788206,6.08276253,17.49285568,6.08276253,15.62049935,6.08276253,14.86606875,6.08276253,15,7,14.2126704,5.099019514,14.86606875,5.385164807,14.2126704,5.385164807,13.60147051,6.32455532,13.45362405,6.708203932,14.4222051,7.211102551,14.86606875
15.8113883,4.123105626,16.1245155,5.099019514,14.2126704,5.385164807,15,5.385164807,14.86606875,2.828427125,15.62049935,5.385164807,15.8113883,4.472135955,15.8113883,5,14.2126704,4.472135955,15,5.830951895,16.40121947,5.385164807,16.40121947,5,15.62049935,5.830951895,14.86606875,6.32455532,14.86606875,6.708203932,14.86606875,7.615773106,14.86606875,6.32455532,13.45362405,6.32455532,12.72792206,4.472135955,14.86606875,4.123105626,13.45362405,6.08276253,12.80624847,6.32455532,12.04159458,5,13.45362405,5.099019514,14.86606875,4.123105626,14.86606875,3.16227766
5.830951895,13.45362405,6.32455532,15.55634919,6.708203932,16.40121947,8.062257748,16.2788206,6.403124237,16.2788206,7.071067812,15,7.071067812,14.2126704,5.656854249,14.2126704,7.810249676,16.40121947,8.602325267,14.2126704,7.211102551,15.62049935,8.602325267,14.2126704,7.211102551,15.62049935,8.062257748,15.55634919,9.486832981,14.86606875,7.071067812,15.55634919,8.94427191,14.14213562,8.062257748,14.86606875,8.544003745,14.14213562,8.246211251,15.55634919,8.94427191,14.14213562,8.544003745,13.45362405,6.708203932,12.72792206,6.08276253,15.62049935,5.385164807,14.2126704,6.32455532,15.62049935
16.2788206,8.544003745,15.62049935,7.810249676,16.97056275,7.810249676,15,7.211102551,14.86606875,8.602325267,15,8.485281374,16.97056275,6.403124237,15.55634919,7.211102551,16.2788206,7.211102551,16.2788206,8.544003745,16.97056275,7.810249676,15.62049935,8.062257748,17.02938637,7.615773106,16.2788206,5.656854249,17.02938637,7.615773106,17.02938637,6.708203932,16.97056275,8.94427191,16.40121947,7.280109889,16.2788206,7.211102551,16.2788206,6.708203932,16.2788206,5.385164807,12.72792206,7.280109889,14.86606875,7.615773106,14.2126704,9.848857802,14.86606875,8.062257748,14.2126704,8.544003745
6.32455532,13.60147051,7.071067812,17.02938637,6.403124237,14.14213562,6.403124237,14.86606875,5,15.8113883,4.242640687,14.2126704,7.211102551,15.55634919,5,16.2788206,10,15.55634919,7.810249676,14.14213562,5.830951895,14.14213562,6.32455532,13.45362405,7.615773106,14.14213562,8.246211251,14.14213562,6.32455532,14.2126704,6.32455532,14.14213562,8.062257748,15.8113883,5.385164807,15.62049935,8.544003745,15.55634919,9.055385138,13.60147051,7.280109889,14.86606875,4,13.60147051,5.099019514,14.14213562,6.08276253,15,6.08276253,12.80624847,5,12.80624847
2.236067977,18.43908891,3.16227766,17.69180601,3.605551275,17.02938637,0,17.02938637,1,18.60107524,0,19.10497317,2,17.69180601,3,19.10497317,4,17.02938637,2,16.40121947,1,18.43908891,3.605551275,17.80449381,1.414213562,17.69180601,5,18.38477631,4.123105626,17.69180601,4,17.69180601,3.16227766,19.10497317,4.472135955,16.97056275,2.828427125,17.02938637,5,16.2788206,3.605551275,15.62049935,6.403124237,15.62049935,4.123105626,14.2126704,4.472135955,16.97056275,5,14.86606875,4.472135955,17.02938637
8.94427191,11.40175425,8.062257748,14.4222051,9.219544457,11.3137085,9.848857802,12.72792206,7.615773106,13.45362405,8.062257748,12.72792206,9.433981132,12.04159458,7.615773106,11.3137085,9.219544457,12.04159458,9.899494937,15.55634919,9.219544457,14.14213562,7.810249676,14.2126704,7.810249676,14.4222051,6.403124237,14.86606875,7.810249676,13.45362405,9.433981132,14.2126704,5.656854249,14.86606875,8.602325267,12.72792206,5.830951895,12.04159458,7.615773106,13.45362405,7.615773106,12.20655562,7.211102551,12.72792206,7.810249676,11.3137085,7.615773106,12.72792206,8.062257748,10.63014581,7.615773106,9.899494937
8.544003745,11.66190379,9.899494937,10.63014581,9.433981132,10.81665383,10.63014581,11.40175425,11.3137085,12.20655562,10.81665383,9.899494937,11.40175425,11.40175425,11.40175425,12.80624847,9.219544457,10.81665383,9.219544457,9.219544457,10.81665383,11.3137085,12.20655562,11.40175425,10.63014581,10.63014581,10.81665383,11.3137085,12.20655562,9.899494937,11.40175425,10,11.40175425,10,10,11.66190379,12.04159458,10.63014581,10.81665383,9.899494937,10.81665383,10.63014581,11.3137085,10.63014581,10.63014581,11.18033989,10,11.40175425,10,9.899494937,9.433981132,10.81665383
8.602325267,12.20655562,8.94427191,12.20655562,8.602325267,12.04159458,7.211102551,12.20655562,7.071067812,12.80624847,8.485281374,12.20655562,9.219544457,10.63014581,7.810249676,12.04159458,9.899494937,13.45362405,9.899494937,12.72792206,9.899494937,12.04159458,10,12.72792206,10,12.04159458,9.219544457,11.40175425,8.602325267,10.63014581,9.219544457,11.40175425,9.899494937,11.3137085,7.810249676,10.81665383,10,10.63014581,9.433981132,10.63014581,8.602325267,10,7.211102551,12.72792206,7.211102551,12.20655562,7.810249676,12.04159458,8.602325267,11.40175425,7.211102551,11.40175425
16.64331698,6.708203932,17.69180601,8.544003745,14.2126704,8.544003745,14.14213562,7.071067812,15.62049935,8.602325267,15,8.602325267,13.60147051,7.810249676,16.2788206,10.29563014,14.14213562,10,17.69180601,10,15.55634919,9.219544457,17.02938637,9.219544457,15.55634919,9.899494937,14.86606875,9.219544457,13.45362405,10.63014581,15.62049935,9.219544457,14.2126704,10.81665383,14.86606875,9.219544457,14.86606875,10.63014581,13.60147051,9.433981132,12.72792206,10,12.80624847,9.433981132,13.45362405,8.485281374,13.45362405,7.211102551,13.45362405,10,14.86606875,7.071067812
13.45362405,4.123105626,12.80624847,3.16227766,14.2126704,4.123105626,12.80624847,2.236067977,14.86606875,4.123105626,13.45362405,3.16227766,14.2126704,2.236067977,14.2126704,2,14.86606875,1,16.64331698,1.414213562,15.62049935,1,14.86606875,1,14.2126704,1.414213562,14.86606875,2,15.55634919,0,14.2126704,1,14.86606875,1.414213562,16.2788206,0,14.86606875,2,14.14213562,2,14.86606875,1.414213562,13.45362405,1,15,1,14.86606875,1,13.45362405,0,14.2126704,1
3.605551275,12.80624847,3.605551275,13.45362405,4.472135955,13.45362405,5.656854249,11.3137085,3.605551275,14.14213562,5,13.60147051,5.830951895,12.04159458,5.385164807,12.04159458,5,12.80624847,4.242640687,14.2126704,6.403124237,12.80624847,3.16227766,14.14213562,5,14.2126704,6.403124237,15.62049935,5.830951895,13.45362405,5.656854249,12.80624847,5,12.20655562,4.242640687,11.66190379,5.830951895,11.3137085,6.708203932,12.80624847,5.656854249,11.3137085,4.472135955,11.66190379,3.605551275,11.66190379,5.830951895,13.45362405,2.828427125,14.14213562,4.123105626,11.3137085
15.8113883,2.828427125,15.8113883,4.242640687,15.26433752,5.099019514,15.8113883,2.236067977,14.14213562,2.828427125,15.62049935,3.605551275,16.40121947,5,17.20465053,2.236067977,15.62049935,5,16.97056275,5.656854249,16.97056275,6.08276253,17.02938637,6.32455532,14.86606875,6.32455532,13.60147051,6.08276253,13.45362405,5.099019514,16.97056275,5.099019514,14.2126704,5,13.45362405,3.16227766,13.45362405,3,13.60147051,5.099019514,14.2126704,3,12.80624847,3.605551275,12.80624847,3.16227766,13.45362405,4.242640687,12.04159458,2.828427125,13.45362405,4.123105626
7.211102551,14.2126704,4,14.4222051,5,19.10497317,5.656854249,17.20465053,10.81665383,17.69180601,5.385164807,17.20465053,7.810249676,16.2788206,6.32455532,16.64331698,8.062257748,18.43908891,5.830951895,17.69180601,9.219544457,15.26433752,7.615773106,16.97056275,8.602325267,15.62049935,8.94427191,14.14213562,8.062257748,13.45362405,8.544003745,15.55634919,9.219544457,15.62049935,8.246211251,15.62049935,10.44030651,13.45362405,6.08276253,14.2126704,6.708203932,13.60147051,4.472135955,12.72792206,4.123105626,14.14213562,5.385164807,14.2126704,6.08276253,14.86606875,1,13.45362405
14.76482306,12.80624847,13.89244399,13.45362405,15,13.45362405,15,14.14213562,13.03840481,13.45362405,15.65247584,15.55634919,16.1245155,15.55634919,14.2126704,14.86606875,14.86606875,16.40121947,15.62049935,12.72792206,14.86606875,16.40121947,12.72792206,15.8113883,13.45362405,16.40121947,12.80624847,14.4222051,12.72792206,13.89244399,14.86606875,16.40121947,12.04159458,15,11.40175425,15,11.40175425,13.45362405,12.20655562,14.2126704,10.63014581,14.2126704,10,14.86606875,10.63014581,13.60147051,11.3137085,10.77032961,13.45362405,12.52996409,13.45362405,10.81665383
10.63014581,14.86606875,12.72792206,17.02938637,10.63014581,16.2788206,13.45362405,16.97056275,12.04159458,16.2788206,13.45362405,16.97056275,12.04159458,15.55634919,10.81665383,15.8113883,13.41640786,15.8113883,11.70469991,13.45362405,12.08304597,16.2788206,10.29563014,16.2788206,12.52996409,14.2126704,13.89244399,15.62049935,13.03840481,14.2126704,13.89244399,15.8113883,12.52996409,14.2126704,11.40175425,15.26433752,13.03840481,16.2788206,11.18033989,14.4222051,12.08304597,14.2126704,8.602325267,14.86606875,9.433981132,14.86606875,10,17.69180601,11.40175425,14.86606875,10.44030651,14.86606875
1,17.69180601,3.16227766,18.38477631,2.236067977,18.38477631,1,19.20937271,2,18.43908891,4.123105626,19.79898987,2.236067977,17.20465053,1,19.20937271,1.414213562,19.20937271,2.236067977,19.20937271,1,19.10497317,2.236067977,19.20937271,2.236067977,19.20937271,2.828427125,17.69180601,1.414213562,16.97056275,2.236067977,17.80449381,2,17.69180601,3.16227766,17.69180601,4.242640687,16.2788206,5.385164807,17.20465053,3.16227766,16.97056275,3.605551275,15.55634919,3,15.62049935,3.605551275,17.20465053,4.472135955,16.40121947,4.123105626,15.62049935
15.62049935,12.20655562,15,12.04159458,15.62049935,13.03840481,16.40121947,12.80624847,14.14213562,12.72792206,16.40121947,13.45362405,15.8113883,13.45362405,14.86606875,14.2126704,14.86606875,14.2126704,15.62049935,13.60147051,16.2788206,15,16.2788206,15.62049935,14.86606875,14.4222051,15.62049935,13.60147051,14.86606875,15.8113883,15.8113883,15.62049935,15.62049935,13.60147051,15.26433752,13.60147051,14.86606875,13.45362405,14.2126704,13.60147051,15.62049935,13.60147051,15,12.04159458,14.86606875,12.20655562,15,15,14.2126704,13.03840481,16.40121947,11.66190379
11.66190379,12.20655562,12.52996409,12.20655562,12.52996409,14.4222051,12.80624847,13.60147051,13.03840481,13.45362405,12.80624847,12.80624847,14.2126704,12.04159458,12.04159458,12.04159458,13.45362405,10.63014581,15.8113883,14.86606875,15.55634919,12.72792206,14.86606875,12.80624847,15.55634919,12.04159458,14.2126704,11.3137085,12.72792206,11.40175425,14.2126704,12.80624847,14.86606875,10.63014581,13.45362405,9.899494937,14.14213562,10.63014581,13.45362405,10.81665383,14.86606875,11.40175425,12.72792206,10.63014581,12.80624847,10.63014581,12.04159458,11.40175425,12.80624847,11.3137085,12.04159458,12.80624847
12.80624847,9.433981132,12.04159458,10.81665383,13.45362405,10.63014581,12.80624847,12.20655562,13.45362405,12.80624847,12.80624847,11.40175425,14.14213562,10.63014581,13.45362405,12.04159458,12.72792206,12.04159458,12.04159458,12.20655562,14.2126704,12.80624847,12.20655562,12.80624847,12.20655562,14.4222051,12.20655562,12.80624847,13.60147051,12.72792206,11.66190379,11.40175425,11.40175425,12.20655562,12.20655562,9.899494937,12.20655562,10.63014581,13.89244399,11.18033989,11.66190379,10.63014581,12.80624847,10.63014581,12.80624847,9.219544457,14.4222051,11.18033989,14.2126704,10,13.60147051,10.29563014
4.123105626,10.63014581,4,12.80624847,4.123105626,13.45362405,5.830951895,12.04159458,5.099019514,14.2126704,5.099019514,14.14213562,5.656854249,12.72792206,4.123105626,15,5,12.72792206,5.385164807,14.86606875,7.071067812,14.14213562,5.656854249,14.14213562,5.656854249,14.86606875,7.211102551,15,5.830951895,14.14213562,5.656854249,12.04159458,5.656854249,12.80624847,6.403124237,13.45362405,5,12.72792206,6.403124237,12.80624847,5.830951895,12.80624847,5.830951895,12.04159458,5,12.20655562,4.472135955,13.60147051,5,12.72792206,5.385164807,14.2126704
11.40175425,6.32455532,10,5.385164807,11.3137085,6.08276253,10.63014581,7.810249676,11.3137085,6.403124237,10.63014581,5,12.04159458,6.708203932,12.80624847,5.656854249,11.3137085,6.403124237,9.899494937,7.071067812,11.40175425,6.403124237,10.63014581,9.899494937,10.63014581,7.810249676,9.899494937,10,11.3137085,10,12.72792206,7.810249676,10,7.810249676,9.433981132,6.403124237,9.899494937,7.810249676,9.433981132,8.062257748,10,7.211102551,9.433981132,7.810249676,10.63014581,6.708203932,10.63014581,7.810249676,10.63014581,5.656854249,12.72792206,6.403124237
2.236067977,14.86606875,2.236067977,14.86606875,2.236067977,16.2788206,2.236067977,16.40121947,1,14.86606875,2.236067977,15.55634919,1.414213562,15.62049935,1.414213562,16.97056275,2,15.62049935,2.236067977,15.8113883,4.123105626,14.86606875,1.414213562,16.2788206,2.236067977,16.2788206,2,16.97056275,3.16227766,14.86606875,1,14.86606875,2.236067977,16.2788206,3,15.62049935,3.16227766,17.02938637,3.16227766,15.55634919,3,15.62049935,1,15.62049935,1.414213562,13.60147051,2.236067977,16.2788206,1,12.80624847,2.236067977,14.86606875
4.123105626,16.40121947,3,16.2788206,4.472135955,16.97056275,3.605551275,16.40121947,4.242640687,17.02938637,3.16227766,17.02938637,2.236067977,16.97056275,2.236067977,17.20465053,2.236067977,16.40121947,3,16.40121947,1,17.02938637,2.828427125,17.02938637,2,17.02938637,3.605551275,16.2788206,3.605551275,15.8113883,3.16227766,17.80449381,3.16227766,14.86606875,4.123105626,15.62049935,4.472135955,16.2788206,3,15.62049935,5.099019514,14.14213562,4,14.86606875,2.236067977,14.86606875,5,13.45362405,4.123105626,14.14213562,6.08276253,15.55634919
15.62049935,7.211102551,16.97056275,6.32455532,17.20465053,6.708203932,17.49285568,4.472135955,15.62049935,6.403124237,17.80449381,5.385164807,17.80449381,8.062257748,16.40121947,6.403124237,17.02938637,7.071067812,15,6.403124237,15.62049935,7.211102551,17.20465053,8.062257748,14.14213562,8.602325267,14.86606875,7.810249676,15.55634919,9.433981132,17.69180601,8.94427191,16.97056275,10.29563014,14.2126704,8.544003745,16.97056275,8.602325267,14.86606875,6.403124237,13.45362405,8.062257748,14.2126704,6.32455532,14.2126704,5.099019514,12.04159458,5.830951895,15.55634919,6.32455532,16.2788206,7.071067812
6.708203932,16.2788206,5,19.84943324,7.071067812,18.38477631,6.08276253,18.38477631,5,20.61552813,5.385164807,16.2788206,3.605551275,19.10497317,4,19.79898987,4.242640687,17.80449381,3.16227766,20.51828453,1,20.61552813,3.16227766,19.10497317,2.236067977,19.10497317,1,17.80449381,1.414213562,17.02938637,3.16227766,20,2.236067977,16.2788206,2.236067977,16.97056275,2,16.2788206,2.236067977,15.55634919,2.236067977,15.62049935,4.472135955,17.02938637,3.16227766,15,1,16.97056275,4,18.60107524,1.414213562,18.02775638
12.80624847,10.77032961,14.2126704,9.848857802,13.45362405,11.18033989,14.14213562,11.40175425,13.03840481,8.544003745,13.45362405,9.899494937,11.3137085,9.219544457,14.86606875,10,14.86606875,10,12.04159458,9.899494937,12.72792206,11.3137085,14.86606875,9.219544457,14.4222051,10.63014581,15,8.062257748,14.86606875,7.810249676,15.8113883,6.403124237,15,7.810249676,13.45362405,9.899494937,13.45362405,8.062257748,13.45362405,6.708203932,12.80624847,5.385164807,11.66190379,7.211102551,12.52996409,8.485281374,13.41640786,10,12.52996409,9.219544457,12.52996409,9.433981132
17.02938637,6.08276253,16.40121947,8.544003745,17.69180601,7.615773106,18.38477631,6.708203932,18.38477631,6.708203932,19.10497317,7.071067812,19.79898987,6,17.69180601,4.472135955,17.69180601,4.123105626,18.38477631,5.830951895,20.51828453,6.708203932,17.69180601,6.403124237,18.38477631,5,19.79898987,4.242640687,19.20937271,2.236067977,18.38477631,2.236067977,19.84943324,4.472135955,16.2788206,2.236067977,18.43908891,2.236067977,19.10497317,3.16227766,17.80449381,2,17.80449381,3.16227766,17.69180601,3,18.43908891,6.08276253,16.64331698,4.472135955,15.8113883,4.472135955
10.29563014,15.62049935,7.211102551,17.69180601,7.810249676,16.2788206,7.810249676,14.86606875,7.810249676,17.02938637,8.602325267,14.86606875,8.485281374,15.62049935,8.602325267,15.55634919,8.602325267,17.02938637,9.219544457,15.55634919,7.810249676,15.55634919,8.602325267,16.2788206,7.211102551,16.2788206,5.830951895,15.62049935,7.071067812,15.62049935,8.062257748,17.80449381,9.219544457,17.02938637,8.062257748,17.69180601,7.280109889,15.55634919,7.615773106,15.62049935,8.94427191,15.62049935,7.071067812,14.14213562,8.602325267,12.04159458,8.602325267,15.26433752,8.485281374,14.86606875,8.602325267,14.4222051
6.08276253,16.97056275,6.32455532,17.02938637,6.32455532,16.97056275,5.830951895,16.2788206,5.385164807,15.55634919,7.071067812,16.2788206,6.708203932,17.02938637,5.656854249,16.2788206,7.071067812,17.69180601,7.810249676,18.60107524,7.810249676,18.43908891,7.810249676,17.69180601,9.219544457,17.69180601,8.062257748,18.38477631,7.615773106,17.69180601,8.062257748,17.69180601,7.211102551,16.97056275,5.830951895,15,7.071067812,15.55634919,7.211102551,16.2788206,7.211102551,17.69180601,6.403124237,14.86606875,5.385164807,16.2788206,7.071067812,16.97056275,7.071067812,17.69180601,3.605551275,15
3.605551275,12.04159458,4.242640687,15.55634919,1.414213562,15.62049935,1.414213562,15.55634919,2.236067977,15,3.605551275,16.97056275,2.236067977,14.86606875,3.16227766,16.2788206,1.414213562,15.62049935,1.414213562,17.69180601,1,17.69180601,1,17.69180601,2.828427125,16.2788206,3.16227766,17.80449381,2.828427125,16.2788206,2.236067977,15.8113883,2.236067977,16.2788206,3,17.02938637,2.236067977,15,4.123105626,14.14213562,1,15.62049935,3.605551275,14.86606875,2,14.2126704,3,15.55634919,2.236067977,15.55634919,2,13.45362405
13.45362405,12.52996409,13.60147051,13.03840481,12.04159458,12.20655562,14.86606875,13.45362405,12.72792206,12.20655562,15,14.2126704,13.45362405,13.60147051,14.86606875,15.55634919,13.45362405,13.45362405,12.04159458,12.80624847,14.86606875,16.2788206,14.2126704,14.86606875,12.04159458,14.14213562,12.04159458,14.86606875,13.45362405,15.55634919,14.14213562,14.14213562,13.45362405,14.86606875,12.80624847,14.2126704,11.3137085,16.2788206,10.63014581,14.14213562,11.40175425,14.86606875,12.04159458,15,12.72792206,14.14213562,12.20655562,14.2126704,13.45362405,13.60147051,13.45362405,12.80624847
9.899494937,8.062257748,11.66190379,10,12.04159458,10.81665383,11.3137085,9.899494937,12.04159458,12.04159458,12.72792206,11.3137085,10.63014581,11.3137085,10,12.04159458,12.04159458,13.45362405,12.20655562,13.45362405,12.72792206,12.80624847,10.63014581,11.3137085,11.3137085,12.04159458,10.81665383,12.72792206,9.433981132,9.899494937,11.40175425,12.72792206,12.04159458,13.45362405,10.63014581,12.04159458,9.433981132,12.72792206,11.3137085,12.20655562,11.40175425,12.20655562,10,10.63014581,11.3137085,9.899494937,10.63014581,11.40175425,10,10,11.40175425,10
13.45362405,11.66190379,12.80624847,10.81665383,12.20655562,12.72792206,13.45362405,12.80624847,12.04159458,12.80624847,12.04159458,12.72792206,13.45362405,13.45362405,12.04159458,12.72792206,14.86606875,14.14213562,11.40175425,14.86606875,11.40175425,15.55634919,10,14.86606875,10.81665383,14.86606875,10.81665383,14.14213562,13.03840481,14.2126704,14.2126704,13.45362405,11.40175425,13.45362405,12.20655562,13.45362405,11.40175425,13.45362405,10,13.45362405,11.40175425,14.4222051,12.04159458,13.45362405,10.81665383,12.80624847,12.04159458,13.60147051,12.04159458,13.03840481,13.45362405,13.03840481
10.81665383,15.62049935,10.63014581,15.8113883,10.81665383,15.55634919,10.81665383,16.2788206,11.40175425,17.80449381,10.81665383,16.2788206,8.602325267,17.69180601,9.219544457,16.2788206,10.63014581,19.20937271,13.45362405,19.20937271,11.40175425,19.10497317,9.899494937,19.79898987,9.899494937,17.69180601,9.219544457,19.10497317,8.485281374,17.69180601,10.63014581,19.10497317,10,17.69180601,9.219544457,16.97056275,8.94427191,18.43908891,10,17.02938637,9.433981132,17.69180601,8.485281374,16.97056275,8.602325267,16.97056275,9.433981132,17.69180601,8.602325267,17.69180601,9.219544457,16.40121947
12.52996409,12.04159458,12.04159458,12.80624847,10.29563014,13.60147051,11.66190379,14.2126704,12.80624847,13.45362405,12.04159458,14.86606875,13.45362405,11.40175425,14.2126704,12.72792206,13.45362405,13.60147051,11.66190379,13.45362405,14.2126704,13.45362405,14.2126704,12.72792206,14.2126704,13.45362405,15.55634919,14.2126704,12.04159458,13.45362405,14.86606875,12.04159458,13.45362405,15,13.45362405,11.66190379,14.2126704,15,12.80624847,13.45362405,13.03840481,13.45362405,12.80624847,11.40175425,10.63014581,10.81665383,10.63014581,12.04159458,12.80624847,14.14213562,13.60147051,12.80624847
10,13.45362405,10.29563014,13.45362405,10.81665383,13.45362405,10.63014581,15.8113883,9.433981132,14.14213562,10.63014581,14.2126704,10.63014581,14.14213562,11.3137085,14.14213562,11.3137085,12.72792206,9.219544457,12.72792206,11.66190379,14.2126704,10.81665383,13.45362405,11.40175425,14.14213562,11.40175425,13.45362405,10,13.45362405,12.04159458,13.45362405,10.81665383,13.45362405,10.63014581,12.80624847,10.63014581,12.04159458,11.66190379,12.80624847,11.40175425,12.80624847,9.433981132,13.45362405,9.433981132,13.45362405,10.29563014,12.80624847,10.29563014,12.04159458,9.433981132,13.45362405
6.32455532,14.2126704,6.32455532,16.2788206,5.099019514,14.14213562,6.708203932,14.86606875,7.280109889,17.02938637,6.32455532,16.97056275,6.32455532,16.97056275,6.32455532,16.97056275,8.062257748,17.02938637,7.615773106,16.40121947,8.602325267,15.55634919,5.830951895,16.97056275,7.810249676,16.2788206,7.071067812,16.2788206,7.810249676,15.62049935,7.810249676,17.02938637,8.602325267,16.97056275,6.403124237,15.55634919,9.899494937,15.62049935,8.602325267,14.2126704,7.810249676,16.2788206,7.071067812,14.86606875,7.810249676,14.86606875,6.403124237,14.86606875,7.810249676,15.62049935,7.615773106,16.2788206
9.486832981,17.02938637,8.94427191,16.64331698,8.544003745,16.40121947,8.602325267,16.40121947,9.433981132,20,8.94427191,19.41648784,9.433981132,19.20937271,7.615773106,19.10497317,8.062257748,17.80449381,8.062257748,19.10497317,9.899494937,19.84943324,8.602325267,19.10497317,7.810249676,18.38477631,7.810249676,18.38477631,6.403124237,20.51828453,7.071067812,18.38477631,6.403124237,19.10497317,7.810249676,18.38477631,7.211102551,19.79898987,7.810249676,19.84943324,5.830951895,18.43908891,7.071067812,17.69180601,7.211102551,16.97056275,8.062257748,17.69180601,8.602325267,17.02938637,7.071067812,17.02938637
14.2126704,9.219544457,13.89244399,10.63014581,14.2126704,10.81665383,14.2126704,10.63014581,12.72792206,10.81665383,15.55634919,10.63014581,16.2788206,10.81665383,14.86606875,10,16.2788206,10.63014581,16.97056275,10.63014581,15,10,16.2788206,10,14.86606875,10.81665383,14.86606875,9.219544457,14.14213562,10.81665383,14.2126704,10.81665383,14.14213562,10.63014581,11.40175425,8.062257748,15.62049935,9.899494937,14.76482306,8.602325267,15.26433752,9.899494937,13.89244399,9.219544457,12.80624847,8.94427191,12.72792206,12.20655562,13.03840481,9.433981132,13.60147051,10
11.40175425,11.40175425,12.52996409,12.04159458,10.63014581,12.80624847,12.20655562,12.80624847,12.20655562,11.40175425,10.63014581,10.81665383,12.04159458,12.80624847,12.72792206,12.04159458,11.3137085,10.63014581,12.72792206,10.81665383,13.45362405,11.40175425,13.45362405,11.40175425,11.3137085,12.72792206,14.14213562,12.72792206,12.04159458,10.81665383,12.80624847,11.3137085,12.80624847,12.80624847,11.40175425,11.3137085,14.2126704,11.3137085,12.80624847,9.899494937,13.60147051,12.04159458,12.20655562,10.63014581,10.63014581,9.219544457,10.29563014,12.04159458,10.29563014,11.3137085,10.81665383,11.40175425
31.2409987,11.70469991,30.47950131,10,32.64965543,11.66190379,34.05877273,11.40175425,29,12.04159458,31.144823,12.04159458,30.47950131,10.63014581,31.89043744,11.3137085,31.89043744,12.04159458,31.2409987,9.899494937,34.82814953,10.63014581,34.40930107,10,31.40063694,10.81665383,33.42154993,8.062257748,31.89043744,9.899494937,34.20526275,9.848857802,32.01562119,10.19803903,29.06888371,9.848857802,31.6227766,10.81665383,30,9.848857802,28.60069929,9.848857802,28.01785145,11.70469991,26.40075756,10.44030651,29.41088234,11.66190379,27.20294102,13.60147051,29.15475947,12.08304597
7.810249676,14.86606875,8.602325267,14.86606875,10,13.45362405,8.94427191,14.2126704,8.94427191,13.45362405,10.29563014,14.86606875,11.40175425,14.86606875,8.602325267,14.86606875,11.40175425,16.2788206,9.899494937,16.40121947,9.219544457,17.02938637,8.602325267,15.62049935,6.403124237,15.8113883,7.211102551,14.2126704,8.94427191,15,8.94427191,15,8.602325267,12.04159458,9.433981132,14.2126704,9.433981132,16.40121947,7.211102551,12.80624847,8.602325267,15.26433752,9.219544457,14.2126704,8.602325267,12.20655562,7.615773106,13.60147051,7.615773106,15.26433752,8.062257748,12.52996409
11.66190379,13.45362405,9.433981132,12.20655562,11.40175425,15.62049935,10.81665383,11.40175425,8.94427191,15.62049935,11.66190379,14.86606875,10.63014581,14.86606875,11.40175425,12.80624847,8.485281374,12.80624847,9.899494937,11.18033989,10.63014581,15.62049935,9.219544457,14.4222051,11.3137085,13.03840481,9.899494937,15,8.602325267,12.20655562,8.485281374,13.89244399,10,12.52996409,9.899494937,12.08304597,10.29563014,11.18033989,10.63014581,13.41640786,8.485281374,14.76482306,7.810249676,13.03840481,8.94427191,10.81665383,9.433981132,11.40175425,11.40175425,11.70469991,10.81665383,11.66190379
15.62049935,8.94427191,14.14213562,8.94427191,15,8.062257748,16.97056275,8.062257748,15.62049935,7.810249676,15.55634919,8.602325267,16.2788206,7.211102551,16.2788206,8.485281374,16.40121947,6.403124237,13.60147051,9.219544457,16.40121947,7.211102551,17.80449381,7.071067812,16.40121947,8.602325267,16.40121947,7.810249676,16.40121947,6.403124237,15,6.403124237,16.64331698,8.062257748,14.2126704,7.615773106,17.80449381,8.062257748,14.4222051,7.280109889,14.4222051,6.708203932,15,7.211102551,13.03840481,7.615773106,14.4222051,8.544003745,12.52996409,8.544003745,13.03840481,8.94427191
17.20465053,9.486832981,17.80449381,8.94427191,15.55634919,9.433981132,16.2788206,8.602325267,16.40121947,8.602325267,17.02938637,8.062257748,18.60107524,8.602325267,19.10497317,6.403124237,19.10497317,7.211102551,20.51828453,8.485281374,19.84943324,6.403124237,17.80449381,7.810249676,17.80449381,8.602325267,17.20465053,7.071067812,16.2788206,7.810249676,17.80449381,6.403124237,17.69180601,7.810249676,15.62049935,6.32455532,18.02775638,6.403124237,17.80449381,8.062257748,16.97056275,7.211102551,15.62049935,7.211102551,14.86606875,7.280109889,17.80449381,8.602325267,13.89244399,6.708203932,14.2126704,7.615773106
5.385164807,14.2126704,5.385164807,15.55634919,4.472135955,18.38477631,4.472135955,15.62049935,4.123105626,16.97056275,5.385164807,16.97056275,4.472135955,18.43908891,3.605551275,17.69180601,5.656854249,17.02938637,6.403124237,15,5.656854249,17.02938637,5.099019514,17.02938637,4.472135955,17.80449381,6.08276253,16.2788206,4.472135955,17.20465053,5.099019514,18.43908891,4.123105626,18.02775638,5.099019514,15.62049935,5.099019514,16.40121947,4,15.62049935,5,14.86606875,5,15.8113883,6.08276253,15,8.246211251,14.4222051,7.071067812,14.2126704,7.280109889,12.20655562
11.18033989,12.72792206,10.29563014,12.72792206,10,14.14213562,10,13.60147051,10,14.14213562,9.219544457,12.80624847,10,12.04159458,8.94427191,14.86606875,10,13.45362405,10.81665383,13.45362405,9.899494937,14.2126704,7.211102551,14.76482306,9.433981132,12.80624847,8.485281374,13.45362405,8.062257748,13.60147051,8.485281374,14.4222051,7.810249676,13.89244399,8.062257748,12.20655562,8.544003745,16.1245155,8.062257748,13.89244399,8.94427191,12.20655562,8.062257748,12.20655562,7.211102551,13.03840481,7.615773106,11.18033989,8.544003745,11.66190379,9.433981132,10.81665383
16.2788206,4.472135955,17.69180601,4.242640687,16.2788206,3.16227766,16.40121947,4,16.97056275,3,18.43908891,3.16227766,17.80449381,3.16227766,18.60107524,2,16.97056275,1.414213562,15.8113883,2,18.43908891,3.16227766,17.80449381,2.828427125,17.80449381,3.605551275,16.2788206,3.16227766,14.86606875,4.472135955,17.80449381,4.472135955,15.62049935,4.472135955,16.2788206,5.099019514,16.2788206,5.385164807,15.55634919,5.099019514,14.14213562,3.16227766,14.14213562,4.123105626,15.55634919,5.099019514,15.55634919,4.123105626,14.86606875,4.123105626,17.02938637,3.16227766
5.830951895,36.79673899,2.828427125,45.3431362,7.071067812,37.48332963,6.708203932,34.71310992,2.236067977,29.41088234,4.123105626,38.41874542,4,39.05124838,6.08276253,42.63801121,5,35.4682957,1,33.28663395,5,39.40812099,10.77032961,36.35931793,6.708203932,37.80211634,8.246211251,35,7.071067812,29.73213749,10.29563014,39.40812099,11.18033989,37.53664876,13.03840481,31.144823,9.848857802,39.62322551,10.19803903,28.60069929,12.36931688,27.80287755,15,28.8444102,14.31782106,28.8444102,16.4924225,32.64965543,14.14213562,32.20248438,13,38.01315562
11.18033989,8.062257748,11.40175425,10.29563014,10.81665383,11.40175425,13.60147051,10.63014581,10.29563014,10.63014581,12.20655562,9.899494937,12.80624847,10.63014581,11.18033989,10.81665383,12.80624847,9.433981132,11.66190379,11.70469991,11.3137085,12.20655562,13.03840481,10,11.3137085,12.80624847,11.3137085,9.899494937,8.485281374,11.40175425,9.899494937,10.29563014,10.63014581,11.66190379,10,10.29563014,12.04159458,10.81665383,8.485281374,9.433981132,8.94427191,10.29563014,9.433981132,9.433981132,9.433981132,8.94427191,10.63014581,8.062257748,8.94427191,8.246211251,11.3137085,6.708203932
10.81665383,13.60147051,12.08304597,14.14213562,10.29563014,12.72792206,9.433981132,14.86606875,8.062257748,16.2788206,8.602325267,16.40121947,10.81665383,15.62049935,9.433981132,14.86606875,12.04159458,16.40121947,9.899494937,15.55634919,11.3137085,17.80449381,10.63014581,17,8.602325267,15.65247584,8.602325267,16.64331698,9.433981132,15.62049935,10,15.8113883,9.433981132,17.02938637,9.433981132,14.86606875,10,14.86606875,8.602325267,13.60147051,9.433981132,15,8.94427191,13.03840481,7.810249676,12.52996409,8.94427191,13.03840481,8.94427191,13.03840481,11.66190379,13.41640786
16.2788206,5.099019514,12.80624847,4.472135955,15,4.123105626,16.97056275,5.830951895,17.69180601,4.472135955,17.69180601,4.123105626,18.38477631,5.385164807,17.02938637,6.32455532,17.02938637,5.385164807,13.60147051,5.099019514,18.43908891,7,12.80624847,8.062257748,14.86606875,6.32455532,15.62049935,3.16227766,16.2788206,6.32455532,14.2126704,7.071067812,14.2126704,4.472135955,16.2788206,5.385164807,14.2126704,2.828427125,14.14213562,4.472135955,13.45362405,4.472135955,14.2126704,6.403124237,13.45362405,6.403124237,14.2126704,6.32455532,15.55634919,6.32455532,14.2126704,7.211102551
13.45362405,11.66190379,11.40175425,10.29563014,10.63014581,13.03840481,12.72792206,12.80624847,12.72792206,11.18033989,13.45362405,12.20655562,15,12.08304597,11.40175425,11.40175425,12.72792206,10.63014581,14.14213562,10,13.45362405,10.63014581,14.4222051,10.29563014,15,10,14.4222051,11.40175425,13.03840481,10.63014581,12.80624847,8.602325267,12.52996409,10.63014581,13.60147051,8.602325267,13.03840481,11.40175425,12.80624847,11.40175425,11.40175425,10,11.66190379,10,8.602325267,11.66190379,12.52996409,10.29563014,11.40175425,10,11.66190379,12.08304597
14.2126704,6.32455532,15.62049935,5.830951895,15.8113883,6.708203932,16.40121947,5,15.62049935,8.062257748,16.40121947,7.810249676,17.49285568,6.403124237,16.40121947,8.602325267,16.40121947,7.810249676,17.02938637,6.708203932,17.02938637,7.211102551,15.8113883,8.94427191,15.55634919,8.602325267,14.86606875,7.071067812,14.86606875,9.433981132,15.55634919,9.433981132,14.86606875,8.544003745,14.2126704,7.615773106,15.62049935,5.830951895,14.2126704,8.94427191,16.2788206,7.615773106,13.45362405,7.280109889,14.86606875,8.544003745,16.97056275,5.385164807,15.62049935,6.08276253,14.86606875,7.071067812
12.04159458,10.63014581,12.04159458,11.40175425,13.45362405,10,12.04159458,8.602325267,12.04159458,10.63014581,14.2126704,10.29563014,13.45362405,7.810249676,12.72792206,9.219544457,12.52996409,9.219544457,11.40175425,8.485281374,13.03840481,9.219544457,12.80624847,9.899494937,12.20655562,10,12.52996409,10.81665383,12.52996409,9.219544457,12.52996409,10,12.52996409,9.848857802,11.66190379,9.848857802,10,9.433981132,11.66190379,10,10.81665383,10.29563014,12.52996409,10.29563014,9.848857802,9.486832981,7.615773106,10.77032961,10.19803903,12.52996409,9.848857802,11.66190379
8.602325267,9.219544457,8.062257748,12.04159458,8.062257748,10.63014581,6.403124237,10.63014581,7.810249676,10.63014581,8.485281374,10,8.602325267,10.29563014,7.211102551,9.433981132,7.071067812,9.219544457,9.433981132,11.18033989,8.602325267,10.63014581,8.485281374,10.29563014,6.708203932,11.66190379,6.708203932,10,6.708203932,10,8.544003745,11.40175425,8.544003745,10,8.602325267,10.81665383,7.615773106,10,7.280109889,10.81665383,6.708203932,9.433981132,7.211102551,9.219544457,7.810249676,6.403124237,8.602325267,8.94427191,7.615773106,7.615773106,10.29563014,8.602325267
16.40121947,6.08276253,16.40121947,4.123105626,15.55634919,4,16.2788206,4.242640687,15,5,17.02938637,4.472135955,17.02938637,4.472135955,16.2788206,5.656854249,17.69180601,5.830951895,14.86606875,5.830951895,18.43908891,5,16.2788206,5.656854249,16.97056275,6.708203932,14.86606875,7.810249676,16.2788206,7.211102551,16.2788206,8.062257748,14.14213562,6.708203932,15.8113883,6.32455532,16.2788206,5.830951895,15.62049935,5.656854249,16.40121947,6.32455532,14.14213562,4.472135955,15.55634919,5.385164807,14.2126704,4.123105626,15.62049935,5.099019514,14.86606875,6.08276253
5,12.72792206,5.099019514,14.86606875,6.708203932,15.55634919,6.708203932,14.2126704,5.830951895,16.40121947,6.403124237,14.86606875,7.810249676,16.2788206,7.211102551,14.86606875,7.211102551,14.2126704,10,12.80624847,8.602325267,14.2126704,8.602325267,14.86606875,8.602325267,15.55634919,8.062257748,15.55634919,7.810249676,13.45362405,8.602325267,13.03840481,8.94427191,14.14213562,7.211102551,13.45362405,6.403124237,14.2126704,5.830951895,13.45362405,8.94427191,13.60147051,5.830951895,15.62049935,7.615773106,12.72792206,6.708203932,14.14213562,5.830951895,14.14213562,5,14.14213562
17.02938637,0,15.62049935,1,16.2788206,1,16.2788206,0,15.8113883,1,15.62049935,1,15.62049935,1.414213562,18.43908891,2.828427125,17.02938637,4.242640687,13.45362405,4.472135955,18.38477631,3.16227766,15,3.16227766,14.14213562,3.16227766,17.80449381,4.123105626,14.14213562,3.16227766,17.02938637,2.236067977,15,4.123105626,17.69180601,3,14.4222051,3.16227766,14.2126704,2.236067977,14.2126704,3.16227766,14.86606875,3.16227766,14.2126704,4.242640687,13.45362405,2.828427125,13.60147051,3,16.2788206,2.828427125
10.29563014,10.81665383,11.40175425,10,12.80624847,10.81665383,12.20655562,11.18033989,12.20655562,11.40175425,12.72792206,12.20655562,12.80624847,10.81665383,12.80624847,8.485281374,14.14213562,9.219544457,14.4222051,11.3137085,14.2126704,9.899494937,13.45362405,10.63014581,12.04159458,9.899494937,13.45362405,7.810249676,14.14213562,9.219544457,14.14213562,9.433981132,14.14213562,8.602325267,14.2126704,9.219544457,14.86606875,8.602325267,14.2126704,8.602325267,12.80624847,8.062257748,12.04159458,7.810249676,12.72792206,9.433981132,11.40175425,11.3137085,11.40175425,9.899494937,12.04159458,10
5,15.55634919,4,14.14213562,2,15.55634919,3.16227766,14.14213562,3.16227766,16.2788206,2,14.86606875,2.828427125,14.86606875,4.472135955,15.55634919,1.414213562,16.2788206,2.236067977,16.2788206,2,16.2788206,2,16.2788206,3.16227766,15.26433752,2.236067977,16.2788206,1.414213562,15.55634919,3,14.14213562,2.236067977,15.55634919,3,14.86606875,3,14.14213562,3,15.55634919,4.123105626,14.2126704,2.236067977,14.2126704,3.16227766,12.04159458,4,14.86606875,4,14.14213562,4.123105626,14.14213562
13.45362405,3.16227766,14.86606875,1,13.60147051,1,13.45362405,2,14.14213562,1.414213562,15,1,12.80624847,2.236067977,12.80624847,1,13.45362405,0,10.81665383,2.236067977,14.86606875,1,13.60147051,1,14.86606875,2.236067977,12.72792206,0,14.14213562,1.414213562,15.55634919,2.828427125,12.72792206,2.236067977,12.72792206,3.16227766,14.86606875,2.236067977,14.14213562,1.414213562,12.80624847,2.236067977,12.04159458,3,12.80624847,3,12.80624847,2.236067977,12.72792206,4,14.2126704,3.16227766
2.236067977,14.86606875,2.236067977,14.14213562,2.236067977,17.02938637,0,15,1,15.55634919,1.414213562,15.55634919,3.16227766,13.45362405,0,16.2788206,2,14.2126704,1,15,2,15.62049935,2.236067977,16.2788206,3,15.55634919,1.414213562,16.2788206,4.123105626,14.86606875,3.16227766,15.55634919,5.099019514,14.86606875,2.236067977,14.2126704,3.16227766,14.86606875,3.16227766,14.14213562,4,14.14213562,4,14.14213562,3.605551275,13.45362405,3.605551275,14.14213562,3.605551275,12.80624847,3.605551275,14.14213562
14.2126704,8.062257748,12.20655562,8.485281374,13.60147051,7.615773106,14.4222051,7.810249676,14.2126704,6.403124237,13.60147051,9.219544457,14.14213562,7.810249676,13.45362405,8.94427191,13.89244399,7.810249676,10.63014581,9.899494937,12.04159458,8.94427191,12.80624847,10.29563014,12.80624847,11.18033989,13.60147051,10.29563014,9.219544457,10.29563014,12.20655562,9.848857802,11.3137085,8.94427191,10.81665383,8.94427191,10.81665383,8.062257748,12.20655562,7.211102551,10.81665383,7.615773106,12.04159458,5.830951895,11.66190379,7.615773106,10.81665383,6.32455532,11.40175425,6.32455532,11.40175425,5.099019514
14.14213562,3.605551275,15.62049935,4.472135955,16.97056275,2.236067977,16.40121947,1,17.20465053,1.414213562,17.02938637,2.236067977,17.20465053,2.236067977,17.69180601,1.414213562,17.80449381,3.16227766,15.55634919,4,17.69180601,3.16227766,16.2788206,2,16.64331698,3,15.62049935,1.414213562,16.97056275,2,16.2788206,3.16227766,14.14213562,3,15.55634919,2.236067977,14.86606875,1.414213562,14.14213562,3.605551275,15.62049935,1.414213562,13.45362405,2.236067977,15.62049935,4.472135955,14.86606875,2,12.80624847,3.16227766,16.2788206,2.828427125
6.32455532,17.20465053,7.615773106,16.97056275,7.810249676,17.02938637,7.071067812,16.64331698,7.071067812,15,6.403124237,16.97056275,9.219544457,16.64331698,7.280109889,16.2788206,7.211102551,14.2126704,8.602325267,17.02938637,8.94427191,15.62049935,8.602325267,15,8.94427191,15.62049935,6.708203932,14.2126704,9.848857802,14.86606875,7.615773106,14.2126704,9.848857802,15,7.615773106,14.4222051,8.94427191,13.45362405,5.099019514,15.62049935,8.544003745,14.2126704,6.08276253,12.20655562,6.08276253,14.14213562,8,16.40121947,5,15.55634919,6.08276253,14.86606875
15,9.848857802,15.55634919,8.94427191,15.55634919,8.94427191,15.55634919,8.544003745,15.55634919,10.29563014,16.40121947,7.211102551,15.62049935,5.830951895,16.40121947,7.810249676,16.2788206,5.830951895,17.02938637,5.385164807,17.69180601,6.403124237,17.80449381,5.656854249,17.20465053,7.810249676,15.8113883,6.403124237,16.40121947,5.830951895,19.41648784,6.403124237,17.20465053,5.830951895,15.62049935,6.708203932,13.45362405,6.708203932,14.86606875,5.830951895,14.86606875,6.708203932,14.86606875,6,15,6.32455532,16.64331698,8.94427191,14.4222051,7.211102551,12.04159458,8.94427191
12.80624847,6.32455532,14.76482306,7.211102551,15,8.485281374,15.8113883,8.062257748,15.26433752,5.830951895,15.62049935,6.403124237,14.14213562,7.810249676,15.62049935,7.810249676,14.86606875,8.062257748,13.60147051,8.062257748,14.14213562,9.848857802,13.60147051,10.29563014,13.45362405,8.602325267,12.72792206,8.94427191,15.8113883,7.615773106,14.86606875,9.433981132,11.40175425,7.615773106,14.2126704,6.08276253,14.14213562,9.486832981,13.60147051,8.94427191,12.72792206,8.544003745,11.40175425,8.544003745,10.63014581,7.071067812,12.72792206,5.099019514,12.04159458,7,14.86606875,4
6.708203932,15.62049935,6.708203932,14.86606875,7.211102551,16.2788206,9.433981132,17.02938637,7.810249676,14.2126704,8.602325267,15.55634919,9.899494937,15,9.219544457,15.62049935,9.219544457,14.86606875,7.810249676,16.2788206,7.211102551,15.55634919,8.94427191,15.62049935,9.486832981,14.14213562,9.433981132,15.55634919,7.211102551,14.14213562,8.602325267,13.45362405,11.18033989,13.45362405,8.062257748,13.45362405,8.062257748,14.2126704,8.544003745,14.2126704,8.062257748,13.45362405,8.062257748,13.45362405,8.94427191,12.72792206,4.123105626,14.86606875,7.615773106,13.45362405,7.280109889,14.2126704
15,6.08276253,15.55634919,7.615773106,15.62049935,6.708203932,14.2126704,6.32455532,14.86606875,5.385164807,15.62049935,3.16227766,16.2788206,5,17.80449381,4.123105626,16.97056275,5,17.80449381,6.32455532,16.2788206,5.656854249,14.86606875,4.472135955,16.2788206,5,16.2788206,3.605551275,17.69180601,2.828427125,16.2788206,3.605551275,16.2788206,2.236067977,15.55634919,4.472135955,14.86606875,4.242640687,16.2788206,4.123105626,14.86606875,3.16227766,15,4.123105626,14.2126704,5.385164807,15,7.615773106,14.4222051,5.830951895,14.2126704,5.830951895
11.66190379,10.81665383,10,13.03840481,9.219544457,12.80624847,12.04159458,14.2126704,11.40175425,12.72792206,11.40175425,11.40175425,10,14.2126704,12.72792206,9.219544457,10.29563014,14.14213562,12.80624847,12.80624847,12.80624847,14.4222051,13.03840481,11.40175425,13.03840481,12.04159458,12.20655562,12.72792206,12.52996409,11.3137085,11.40175425,10.81665383,10.29563014,13.03840481,10,12.04159458,9.899494937,11.3137085,11.18033989,10.81665383,11.40175425,10.81665383,11.18033989,10.63014581,8.062257748,11.66190379,9.848857802,12.20655562,11.18033989,12.52996409,8.544003745,10
13.45362405,10.29563014,13.45362405,9.219544457,13.45362405,10.81665383,14.2126704,9.219544457,15.55634919,10.63014581,15.55634919,8.602325267,15.62049935,9.899494937,13.45362405,10,16.2788206,7.810249676,14.86606875,12.52996409,15,8.602325267,17.49285568,8.94427191,15,9.486832981,13.45362405,8.602325267,16.40121947,9.433981132,14.4222051,8.602325267,16.40121947,8.062257748,14.2126704,8.94427191,15,8.544003745,13.60147051,8.94427191,13.60147051,9.433981132,12.52996409,8.94427191,11.66190379,8.246211251,12.52996409,11.18033989,13,11.66190379,11.66190379,7.211102551
15.55634919,5.830951895,15.62049935,6.708203932,16.2788206,6.403124237,16.2788206,6.403124237,15.55634919,5.656854249,17.80449381,8.602325267,15.55634919,5.830951895,17.69180601,7.810249676,16.97056275,6.708203932,14.86606875,7.280109889,17.69180601,8.246211251,14.86606875,8.544003745,14.86606875,8.062257748,15,6.708203932,15.62049935,5.830951895,16.2788206,8.246211251,16.2788206,8.246211251,17.20465053,7.615773106,14.86606875,6.32455532,14.2126704,7.615773106,16.2788206,6.32455532,14.2126704,6.32455532,16.2788206,6.08276253,16.40121947,7.071067812,15,7,14.86606875,6.08276253
10.63014581,11.66190379,11.66190379,11.40175425,9.219544457,13.45362405,10.63014581,11.3137085,9.899494937,12.80624847,9.433981132,11.3137085,10.81665383,11.40175425,12.20655562,14.2126704,11.40175425,13.45362405,10,13.60147051,12.04159458,14.2126704,10.81665383,14.2126704,9.219544457,12.72792206,7.810249676,14.2126704,10.63014581,14.86606875,9.433981132,13.60147051,10,14.2126704,10.81665383,12.04159458,8.062257748,13.45362405,9.219544457,12.04159458,9.219544457,11.40175425,9.433981132,12.20655562,8.062257748,12.80624847,10.81665383,12.20655562,10.81665383,12.04159458,9.219544457,9.899494937
5.385164807,14.2126704,4.123105626,15.62049935,4.123105626,16.2788206,5,15.62049935,5,14.86606875,5,15.62049935,4.242640687,15,4.472135955,15.55634919,7.071067812,14.2126704,5.656854249,15,7.211102551,15.62049935,6.708203932,15.55634919,6.32455532,16.2788206,6.403124237,14.86606875,5.830951895,14.14213562,7.211102551,14.86606875,7.280109889,15.55634919,8.544003745,14.14213562,7.615773106,14.14213562,5.099019514,14.2126704,6.708203932,15.55634919,6.32455532,14.86606875,5.385164807,13.45362405,5.099019514,14.86606875,5,15,6.32455532,14.14213562
8.246211251,14.14213562,8.246211251,14.86606875,6.708203932,15.55634919,5.385164807,15.55634919,6.708203932,17.69180601,6.32455532,15.62049935,5.099019514,16.2788206,5,15.62049935,5.830951895,16.97056275,6.403124237,17.02938637,7.071067812,16.97056275,4.242640687,16.97056275,3.605551275,16.2788206,5,17.02938637,4.242640687,16.2788206,4.472135955,17.69180601,2.828427125,16.2788206,4.472135955,16.97056275,4.472135955,16.2788206,5.385164807,17.02938637,4.123105626,16.2788206,4.472135955,17.02938637,5.656854249,15.55634919,5.385164807,15.55634919,7.615773106,15.55634919,6.708203932,15.62049935
2.236067977,13.45362405,3.16227766,13.60147051,2,15.55634919,2.828427125,14.2126704,2.236067977,13.45362405,2.828427125,15,0,15,1,15,1.414213562,14.2126704,2.236067977,13.60147051,4.472135955,16.2788206,2.236067977,15,2.236067977,14.86606875,3.16227766,14.86606875,2,14.86606875,2.828427125,14.86606875,2.236067977,16.2788206,4.123105626,13.45362405,3,15,4.123105626,14.86606875,3,14.2126704,4.123105626,13.45362405,3.16227766,14.2126704,3.16227766,13.45362405,4,15,4.123105626,13.45362405
4.123105626,14.86606875,5.385164807,14.86606875,5.830951895,16.2788206,6.403124237,15.62049935,4.472135955,16.2788206,4.123105626,15.62049935,5,16.97056275,5,16.2788206,5.385164807,16.40121947,5.830951895,15.8113883,3.605551275,14.14213562,6.32455532,17.80449381,5.385164807,15.62049935,8.544003745,16.2788206,5.385164807,15.62049935,4.123105626,16.2788206,6.32455532,15,5.385164807,16.40121947,6.403124237,15.62049935,6.32455532,14.86606875,6.32455532,14.86606875,4.123105626,15.55634919,4,16.2788206,5.099019514,17.02938637,5.099019514,14.86606875,4,15.62049935
15,9.219544457,15,8.602325267,13.45362405,10.29563014,15.55634919,8.485281374,13.45362405,10,15.62049935,10.63014581,15,10.81665383,15.26433752,9.899494937,15.55634919,10,14.2126704,9.848857802,15.62049935,9.433981132,14.14213562,10,12.72792206,12.20655562,13.60147051,12.20655562,14.86606875,10.81665383,14.2126704,11.40175425,15.55634919,11.40175425,13.03840481,12.08304597,14.14213562,8.602325267,13.45362405,9.433981132,12.52996409,9.219544457,12.80624847,8.602325267,12.04159458,8.94427191,13.03840481,10.77032961,14.2126704,9.433981132,14.86606875,9.433981132
37.73592453,42.48529157,20.22374842,32.55764119,41.03656906,48.01041554,30.06659276,21.02379604,35.38361203,33.01514804,17.02938637,19.41648784,26.87005769,40.36087214,30.47950131,46.14108798,11.18033989,41.01219331,15.29705854,39.62322551,37.33630941,55,35.6931366,33.30165161,38.32753579,38.83297568,33.95585369,46.32493929,14.31782106,38.32753579,32.24903099,40.49691346,46.23851209,38.60051813,38.20994635,41.0487515,44.18144407,35.60898763,17.80449381,37.12142239,22.09072203,38.58756276,22.8035085,33.10589071,17.20465053,37.20215048,27.45906044,41.48493703,15,44.82186966,22.20360331,38.60051813
1.414213562,15.55634919,0,16.97056275,2.236067977,16.2788206,0,16.2788206,1.414213562,16.2788206,1.414213562,16.2788206,1,16.2788206,2,14.2126704,1,14.2126704,3.16227766,16.40121947,1,16.2788206,1.414213562,17.20465053,2.828427125,16.40121947,4.472135955,16.2788206,3.605551275,14.86606875,2.828427125,16.2788206,3.605551275,14.86606875,2.828427125,14.14213562,3.605551275,16.2788206,3.605551275,14.14213562,3.605551275,15.62049935,2.236067977,16.2788206,3,14.86606875,3.605551275,15.62049935,4.242640687,13.45362405,3.605551275,12.04159458
17.02938637,10,14.2126704,9.899494937,14.2126704,9.899494937,15.62049935,11.40175425,14.2126704,10.63014581,13.60147051,10.63014581,15,10,13.45362405,10,13.60147051,11.3137085,13.45362405,11.40175425,15.62049935,11.66190379,14.2126704,12.20655562,13.45362405,10.29563014,12.80624847,10.81665383,13.45362405,11.40175425,12.80624847,12.52996409,13.45362405,11.40175425,13.45362405,12.20655562,11.40175425,11.40175425,13.60147051,11.66190379,13.03840481,9.433981132,11.40175425,12.20655562,12.04159458,10.29563014,14.2126704,10.29563014,13.45362405,8.94427191,13.45362405,8.94427191
6.32455532,13.45362405,7.211102551,14.2126704,7.280109889,14.2126704,6.403124237,15.26433752,5.830951895,14.4222051,5,14.2126704,8.485281374,16.40121947,5.656854249,14.14213562,7.211102551,14.2126704,7.211102551,14.4222051,7.071067812,15.62049935,7.211102551,14.86606875,7.615773106,14.2126704,9.433981132,14.2126704,8.062257748,14.86606875,7.211102551,13.45362405,8.544003745,15,7.280109889,13.45362405,7.211102551,13.45362405,6.08276253,13.45362405,8.544003745,13.45362405,5.385164807,12.04159458,6.32455532,13.45362405,5.385164807,13.45362405,7.615773106,12.04159458,8.062257748,13.60147051
14.2126704,8.544003745,15,8.062257748,15,8.062257748,16.2788206,9.433981132,16.2788206,10.29563014,12.80624847,9.848857802,15.62049935,9.486832981,14.2126704,9.433981132,15.55634919,9.433981132,16.97056275,7.211102551,17.69180601,7.615773106,17.20465053,6.708203932,15.26433752,6.708203932,15.55634919,5,17.02938637,6.403124237,17.20465053,7.211102551,17.02938637,7.810249676,15.62049935,6.403124237,14.2126704,5,14.2126704,6.708203932,14.4222051,7.211102551,13.60147051,7.211102551,14.86606875,5.830951895,14.2126704,5.385164807,17.02938637,5.830951895,12.80624847,6.708203932
12.20655562,11.66190379,15,10.63014581,12.52996409,11.18033989,14.14213562,11.18033989,12.04159458,13.03840481,12.20655562,10.63014581,14.14213562,10.63014581,15.55634919,11.3137085,14.14213562,10,16.2788206,10,14.86606875,11.40175425,15.62049935,11.3137085,13.60147051,13.45362405,14.2126704,11.3137085,15,12.04159458,15,11.40175425,13.45362405,9.899494937,14.4222051,10.81665383,15.26433752,9.899494937,14.2126704,10.29563014,14.2126704,10.29563014,14.4222051,9.219544457,12.20655562,10.29563014,11.40175425,11.66190379,12.08304597,8.94427191,12.52996409,11.40175425
17.02938637,2,16.2788206,3.16227766,16.97056275,2.828427125,18.43908891,2.236067977,16.40121947,2.236067977,16.40121947,3,17.69180601,2.828427125,16.2788206,2,17.69180601,1,17.69180601,1,19.10497317,1,19.84943324,3,16.2788206,2.236067977,18.60107524,3.16227766,17.69180601,4.242640687,16.97056275,2.236067977,17.80449381,1.414213562,17.69180601,3.605551275,15.55634919,3.16227766,16.2788206,4,15.62049935,4,15.62049935,2.236067977,16.97056275,3.16227766,14.14213562,5.385164807,15.55634919,4,15,5.385164807
10.63014581,13.03840481,12.20655562,11.40175425,10,14.2126704,12.72792206,15,10.63014581,15,14.2126704,13.45362405,12.72792206,14.86606875,12.72792206,12.80624847,12.80624847,11.3137085,13.45362405,12.80624847,13.60147051,12.72792206,11.66190379,12.72792206,12.20655562,12.80624847,11.40175425,12.04159458,13.89244399,10.63014581,13.60147051,11.40175425,13.60147051,12.72792206,12.20655562,12.20655562,10,12.04159458,12.04159458,10,11.66190379,11.40175425,10.29563014,12.80624847,10,12.52996409,11.18033989,14.2126704,13,13.03840481,11.18033989,13.03840481
16.64331698,7.615773106,15.62049935,7.615773106,15.62049935,8.062257748,17.69180601,7.211102551,15,7.810249676,16.2788206,7.211102551,15.62049935,7.211102551,14.14213562,8.602325267,14.86606875,8.062257748,15.62049935,5.656854249,18.43908891,9.219544457,16.40121947,7.810249676,17.69180601,9.219544457,14.14213562,8.485281374,15.62049935,7.211102551,16.97056275,8.602325267,17.02938637,8.602325267,15.55634919,7.071067812,14.86606875,9.433981132,15.62049935,9.433981132,16.2788206,8.94427191,15.62049935,9.848857802,15.62049935,7.615773106,15.62049935,8.544003745,15.55634919,7.615773106,15.62049935,7.280109889
6,16.2788206,5.385164807,16.2788206,5.099019514,16.97056275,5.385164807,17.69180601,5.656854249,16.97056275,3.16227766,18.38477631,4.123105626,18.38477631,4.472135955,18.38477631,2.236067977,18.38477631,2.828427125,19.10497317,3.16227766,19.84943324,2.828427125,18.43908891,3,17.69180601,3.605551275,17.69180601,3,16.97056275,3.605551275,18.38477631,3.605551275,17.69180601,2,15.55634919,4.123105626,18.38477631,4.123105626,17.02938637,4.123105626,16.2788206,5,16.2788206,5,16.2788206,5.099019514,17.02938637,5.385164807,16.2788206,5.099019514,16.40121947
12.72792206,13.60147051,12.36931688,14.2126704,14.2126704,14.4222051,13.03840481,12.72792206,13.45362405,16.40121947,16.2788206,15.55634919,12.52996409,14.14213562,14.76482306,16.2788206,8.94427191,17.80449381,12.80624847,14.2126704,14.2126704,16.2788206,11.40175425,14.2126704,12.20655562,16.40121947,12.80624847,19.20937271,12.04159458,15.55634919,12.80624847,14.86606875,10.63014581,15.55634919,10.63014581,18.60107524,10,19.84943324,10.29563014,12.04159458,9.899494937,12.80624847,9.219544457,12.04159458,10.63014581,16.64331698,8.602325267,12.04159458,11.18033989,16.1245155,11.40175425,15.26433752
16.40121947,7.211102551,15.55634919,6.708203932,16.40121947,6.403124237,16.2788206,7.280109889,15.55634919,8.062257748,16.2788206,6.32455532,16.2788206,6.708203932,18.43908891,7.211102551,16.40121947,6.403124237,15.62049935,7.071067812,16.40121947,4.242640687,17.02938637,5,16.40121947,5.830951895,15.62049935,5.385164807,16.40121947,5.656854249,16.40121947,4.472135955,16.40121947,5.830951895,16.2788206,6.708203932,15.55634919,6.32455532,14.86606875,5.385164807,16.2788206,5.830951895,14.86606875,5.385164807,14.2126704,5.830951895,15.8113883,8.062257748,15,6.32455532,14.2126704,6.708203932
18.38477631,5,19.10497317,5.099019514,18.43908891,3.605551275,17.69180601,4,18.43908891,2.828427125,17.69180601,3.605551275,20.51828453,2.236067977,18.43908891,2.236067977,19.84943324,1,19.79898987,3,21.9317122,1.414213562,19.84943324,1,21.26029163,1,21.26029163,2.236067977,19.84943324,2.236067977,21.26029163,1.414213562,19.20937271,3.16227766,18.38477631,3.16227766,19.79898987,1.414213562,18.43908891,2.236067977,17.69180601,2,17.02938637,3.605551275,17.80449381,2.236067977,17.80449381,4,17.69180601,4,17.80449381,2.828427125
4.242640687,17.69180601,3.605551275,16.40121947,1.414213562,18.43908891,3,19.20937271,5,18.38477631,1.414213562,16.97056275,3.16227766,16.2788206,2.236067977,19.10497317,4,16.2788206,3,19.84943324,2,18.43908891,3.16227766,19.84943324,3.605551275,17.80449381,5,18.43908891,3,17.02938637,2,19.84943324,2.236067977,17.02938637,3.16227766,15.55634919,4.123105626,16.2788206,5.099019514,17.02938637,1.414213562,17.69180601,5.099019514,17.02938637,1,15.55634919,1.414213562,17.02938637,2.236067977,17.20465053,3.16227766,16.40121947
3.16227766,15.62049935,3.605551275,13.45362405,4.123105626,17.69180601,2.828427125,16.64331698,1,12.80624847,4,16.2788206,1.414213562,13.89244399,1,14.86606875,3,12.20655562,1.414213562,13.89244399,2.236067977,18.38477631,1.414213562,17.69180601,2,15,1,17.69180601,2.236067977,15,4.242640687,16.2788206,3,17.02938637,2.236067977,14.86606875,1.414213562,14.14213562,5.385164807,14.86606875,2.236067977,13.45362405,2.236067977,15.55634919,1.414213562,11.3137085,3.605551275,15,2.236067977,17.49285568,3,16.64331698
6.708203932,15.62049935,4.472135955,18.02775638,8.062257748,15.62049935,8.602325267,16.2788206,6.708203932,17.69180601,6.403124237,19.20937271,7.810249676,18.38477631,7.071067812,16.97056275,7.211102551,17.69180601,5.830951895,16.2788206,5.656854249,16.97056275,7.810249676,16.2788206,6.403124237,16.97056275,7.810249676,17.69180601,7.615773106,16.2788206,9.848857802,18.38477631,9.433981132,16.97056275,8.602325267,15.8113883,7.211102551,16.2788206,7.615773106,18.38477631,8.246211251,16.2788206,7.280109889,16.2788206,5.385164807,14.86606875,7.615773106,16.2788206,7.280109889,14.14213562,7.280109889,14.86606875
16.97056275,4,17.69180601,4.123105626,17.69180601,4.242640687,17.02938637,3.605551275,16.97056275,4.123105626,17.02938637,2.236067977,18.43908891,2.236067977,18.38477631,3.605551275,19.10497317,1,16.40121947,2,18.43908891,2.236067977,17.80449381,3.16227766,19.20937271,3.16227766,19.84943324,4,17.80449381,2.828427125,18.43908891,2.236067977,18.38477631,2,16.2788206,3.605551275,18.38477631,3.16227766,17.20465053,1.414213562,17.02938637,3.16227766,15.8113883,3,17.02938637,4.472135955,16.2788206,3.16227766,15.62049935,4.123105626,15.8113883,5.099019514
8.246211251,15.62049935,8.062257748,15.55634919,6.32455532,15.55634919,5.830951895,17.02938637,5.385164807,16.97056275,8.246211251,15.62049935,5.656854249,16.2788206,4.242640687,18.43908891,5.656854249,16.2788206,5.830951895,16.40121947,5.656854249,16.97056275,5.656854249,17.02938637,4.472135955,18.60107524,5,16.2788206,4.472135955,17.20465053,5.830951895,17.02938637,5.099019514,16.2788206,5.099019514,17.69180601,4.472135955,15.55634919,5.099019514,16.2788206,4.472135955,15,3.16227766,17.20465053,4.242640687,14.86606875,5.830951895,14.86606875,5.385164807,17.20465053,6.708203932,15.26433752
4.242640687,17.02938637,5,16.40121947,3.605551275,19.10497317,4.123105626,17.69180601,3.605551275,17.69180601,1,16.97056275,1.414213562,18.43908891,4.123105626,17.69180601,2,17.69180601,1,19.20937271,2,17.69180601,3.16227766,18.38477631,2.236067977,19.84943324,2,19.84943324,1.414213562,17.69180601,2.236067977,17.69180601,2.236067977,19.10497317,2.236067977,16.97056275,2.236067977,16.97056275,2.828427125,18.60107524,3.16227766,15.62049935,1,17.69180601,1,17.02938637,1,17.02938637,2,15,2.236067977,16.40121947
8.062257748,15,9.433981132,15,8.544003745,13.60147051,8.602325267,14.14213562,9.433981132,14.86606875,8.602325267,15.55634919,8.485281374,13.45362405,10.63014581,14.2126704,8.485281374,15.55634919,8.062257748,13.45362405,6.403124237,14.86606875,9.219544457,16.2788206,10,14.14213562,10.63014581,14.2126704,9.219544457,14.2126704,9.433981132,12.20655562,9.433981132,13.60147051,8.485281374,12.20655562,8.94427191,13.45362405,11.18033989,12.04159458,10.81665383,14.14213562,7.615773106,12.80624847,8.544003745,10.63014581,7.211102551,14.2126704,7.280109889,12.72792206,8.062257748,13.45362405
14.2126704,7.280109889,15.62049935,7.615773106,15.26433752,7.615773106,15.62049935,8.246211251,16.40121947,6.32455532,14.86606875,10.29563014,17.80449381,9.848857802,16.64331698,9.433981132,14.86606875,9.433981132,16.40121947,9.433981132,16.2788206,9.433981132,14.86606875,7.071067812,14.14213562,8.485281374,14.14213562,9.219544457,15.55634919,10.63014581,13.60147051,11.3137085,14.86606875,9.219544457,14.86606875,10,13.45362405,9.433981132,15,9.899494937,12.72792206,10.81665383,12.04159458,9.433981132,14.86606875,8.485281374,15,9.219544457,13.45362405,7.810249676,15.55634919,8.602325267
17.80449381,6.32455532,17.02938637,5.385164807,17.02938637,5.385164807,17.02938637,4.123105626,17.02938637,6.708203932,16.97056275,5.385164807,18.38477631,4.242640687,17.69180601,4.242640687,19.10497317,4.123105626,18.38477631,4,19.79898987,4.242640687,18.43908891,2.828427125,19.10497317,4.242640687,19.10497317,4.242640687,18.43908891,2.236067977,18.38477631,2.236067977,19.10497317,3.16227766,17.80449381,4.472135955,17.69180601,4.123105626,16.97056275,4.472135955,17.69180601,2.236067977,17.69180601,3.605551275,17.02938637,4.472135955,17.02938637,4.123105626,16.2788206,5.830951895,16.40121947,5.099019514
8.544003745,16.2788206,6.708203932,15.62049935,10.29563014,16.2788206,7.810249676,17.69180601,8.602325267,16.97056275,8.94427191,17.02938637,10.29563014,15.62049935,8.602325267,15.62049935,9.899494937,15.55634919,6.708203932,15.62049935,8.485281374,15.55634919,8.062257748,16.2788206,9.219544457,16.97056275,11.40175425,16.2788206,11.40175425,16.2788206,9.219544457,16.2788206,10.63014581,15,9.899494937,15.62049935,10.81665383,14.86606875,9.219544457,13.45362405,10,14.2126704,10.81665383,14.86606875,7.211102551,14.86606875,7.810249676,16.2788206,8.602325267,16.2788206,7.810249676,14.2126704
6.08276253,14.2126704,5,15.62049935,6.32455532,14.2126704,5.385164807,14.2126704,5.830951895,14.86606875,5.830951895,14.86606875,5.830951895,14.2126704,7.071067812,14.14213562,7.810249676,13.45362405,7.810249676,15.62049935,8.485281374,16.2788206,7.071067812,14.14213562,5.830951895,15.55634919,7.810249676,13.45362405,8.485281374,13.45362405,7.071067812,13.60147051,7.810249676,12.80624847,7.810249676,13.45362405,7.211102551,13.45362405,7.071067812,13.60147051,7.211102551,12.72792206,7.211102551,13.45362405,6.403124237,12.80624847,7.211102551,12.80624847,7.615773106,14.2126704,5.830951895,14.14213562
6.403124237,13.45362405,6.32455532,15,5,14.14213562,6.403124237,15.62049935,4.242640687,15.55634919,6.708203932,15.62049935,6.403124237,16.40121947,7.211102551,14.86606875,4.123105626,14.86606875,5,15.55634919,3.605551275,14.86606875,4.472135955,16.2788206,5.830951895,15.26433752,7.615773106,14.14213562,6.32455532,14.14213562,6.32455532,14.2126704,5,13.45362405,7.280109889,13.45362405,6.08276253,12.80624847,6.708203932,17.20465053,6.708203932,15.8113883,6.403124237,16.40121947,8.062257748,11.40175425,8.94427191,14.4222051,6.32455532,10.63014581,6.32455532,10.63014581
4,13.60147051,4.123105626,14.14213562,3.605551275,16.2788206,5.830951895,17.02938637,4.472135955,14.2126704,4.472135955,13.45362405,4.472135955,14.86606875,4.242640687,15.55634919,5,14.86606875,4.242640687,16.97056275,5,14.86606875,6.403124237,13.45362405,5,15.55634919,5.830951895,15.55634919,6.403124237,15.55634919,5.656854249,15.55634919,5.830951895,14.14213562,5.385164807,13.60147051,5.830951895,15.62049935,5.656854249,14.86606875,6.403124237,14.14213562,5.830951895,14.2126704,4.242640687,12.80624847,5.385164807,15.55634919,4.472135955,14.14213562,2.236067977,14.14213562
10.29563014,13.03840481,10.29563014,12.04159458,12.20655562,12.80624847,10.81665383,12.80624847,10.63014581,14.2126704,11.40175425,12.80624847,10.63014581,12.04159458,10.63014581,13.45362405,10,14.86606875,9.219544457,13.45362405,11.40175425,14.14213562,10,14.86606875,9.433981132,14.86606875,9.219544457,16.2788206,9.899494937,14.86606875,9.899494937,14.14213562,9.219544457,14.14213562,8.485281374,14.14213562,9.219544457,14.14213562,7.810249676,14.14213562,7.810249676,14.86606875,7.810249676,14.86606875,9.219544457,14.14213562,8.485281374,13.45362405,9.219544457,13.60147051,9.899494937,12.80624847
5,17.69180601,6.08276253,17.69180601,4.123105626,16.97056275,4.472135955,18.38477631,6.32455532,16.97056275,6.08276253,16.97056275,3.16227766,17.69180601,5.099019514,18.43908891,4.242640687,18.43908891,6.403124237,16.97056275,5.385164807,17.69180601,5,19.10497317,5.385164807,18.38477631,6.403124237,19.10497317,7.211102551,18.38477631,5.830951895,16.97056275,5,16.2788206,5.830951895,17.02938637,6.403124237,16.2788206,5.385164807,17.69180601,4.242640687,16.2788206,7.071067812,17.69180601,3.605551275,15.55634919,2.828427125,18.43908891,5,16.2788206,4.242640687,19.10497317
16.40121947,5.830951895,15.55634919,5.830951895,14.14213562,4.472135955,15.62049935,5.385164807,14.86606875,3.605551275,16.2788206,4.472135955,16.40121947,4.242640687,16.40121947,3.605551275,17.02938637,2.828427125,15.55634919,2.828427125,17.69180601,3.605551275,17.02938637,3.16227766,16.40121947,3.605551275,16.97056275,4.242640687,15.55634919,5,17.02938637,3.605551275,17.69180601,3.16227766,17.02938637,4.472135955,16.97056275,2.828427125,16.2788206,2.236067977,14.86606875,4.472135955,17.02938637,3.605551275,14.86606875,2.236067977,15.55634919,4.472135955,14.86606875,5,14.86606875,5.830951895
13.45362405,7.615773106,13.60147051,8.062257748,12.04159458,8.94427191,13.45362405,8.062257748,12.80624847,8.602325267,12.20655562,8.602325267,12.72792206,10,13.60147051,8.485281374,14.86606875,7.211102551,14.4222051,9.433981132,13.45362405,10.81665383,12.20655562,10.63014581,12.04159458,10.29563014,12.04159458,10,12.72792206,9.899494937,12.80624847,10.63014581,13.45362405,8.602325267,12.04159458,8.602325267,10.81665383,9.899494937,12.80624847,8.062257748,11.40175425,9.899494937,12.04159458,8.062257748,10.63014581,7.810249676,12.04159458,7.810249676,11.40175425,7.211102551,12.04159458,7.071067812
13.45362405,8.94427191,14.2126704,8.544003745,16.40121947,9.848857802,15.62049935,8.602325267,15.62049935,8.94427191,14.86606875,9.433981132,16.2788206,8.485281374,15.62049935,8.485281374,16.2788206,7.810249676,15.55634919,10.81665383,16.2788206,8.062257748,15.62049935,8.062257748,15.62049935,7.810249676,16.2788206,6.403124237,16.2788206,6.403124237,16.2788206,7.211102551,17.02938637,7.211102551,17.69180601,6.708203932,15.55634919,7.211102551,15.55634919,8.602325267,14.86606875,6.403124237,13.45362405,9.219544457,14.14213562,6.708203932,14.86606875,8.062257748,14.14213562,6.708203932,15.62049935,8.602325267
16.40121947,9.433981132,17.02938637,9.848857802,16.2788206,9.433981132,17.80449381,8.602325267,16.2788206,10,16.97056275,9.433981132,16.40121947,10.29563014,17.02938637,10,18.43908891,11.66190379,17.02938637,12.20655562,17.69180601,10.63014581,17.69180601,12.04159458,15.55634919,11.3137085,14.86606875,10,16.2788206,12.72792206,16.2788206,12.04159458,16.2788206,9.899494937,16.40121947,11.40175425,15.55634919,11.3137085,14.86606875,11.40175425,14.2126704,10.63014581,14.14213562,9.899494937,15.55634919,10.63014581,15.55634919,9.899494937,14.86606875,10.81665383,16.97056275,10.29563014
3.605551275,12.80624847,2.828427125,14.86606875,2.236067977,16.2788206,3.16227766,14.86606875,2.828427125,16.97056275,2.236067977,16.2788206,2.236067977,16.2788206,1,14.86606875,1,16.97056275,2.236067977,16.2788206,2.236067977,18.38477631,1,15.55634919,1,16.2788206,1,16.40121947,2,16.2788206,3,16.2788206,2.828427125,16.2788206,2,14.86606875,2,15.55634919,2,15.62049935,2,15.55634919,2,14.86606875,1,15.62049935,1,15.55634919,2.236067977,15.62049935,1,14.86606875
17.69180601,3.16227766,19.20937271,3.16227766,17.69180601,4,18.43908891,2.828427125,18.43908891,3.16227766,19.20937271,5,19.84943324,3.605551275,16.97056275,5,19.10497317,4.123105626,19.20937271,2,19.10497317,4.123105626,19.84943324,2.828427125,18.43908891,2.236067977,19.10497317,5.830951895,19.79898987,4.123105626,19.10497317,5.099019514,16.97056275,3.605551275,19.79898987,5,18.43908891,5,16.97056275,3.16227766,18.38477631,5.385164807,18.38477631,3.605551275,18.38477631,4.472135955,19.10497317,3.16227766,17.02938637,3.16227766,19.10497317,4.123105626
10.81665383,13,9.848857802,11.40175425,10.77032961,13.45362405,10,13.60147051,10.63014581,13.60147051,12.72792206,12.72792206,10.63014581,14.14213562,12.04159458,11.3137085,11.3137085,12.72792206,10,12.04159458,12.04159458,12.72792206,10.63014581,10.63014581,10.63014581,12.04159458,10.63014581,11.3137085,14.14213562,12.04159458,13.60147051,10.63014581,11.40175425,10.77032961,11.40175425,12.80624847,10.81665383,11.3137085,12.20655562,12.20655562,10.81665383,12.20655562,11.3137085,11.40175425,10.81665383,10.81665383,10.81665383,14.2126704,10.81665383,10.81665383,9.219544457,12.52996409
3,16.2788206,3,17.69180601,5.385164807,17.69180601,3.16227766,17.69180601,3.605551275,16.2788206,5,17.02938637,2.828427125,17.69180601,3.605551275,15.55634919,5.830951895,17.80449381,2.236067977,17.02938637,2.236067977,19.10497317,3.16227766,17.69180601,3.16227766,15.62049935,6.32455532,18.43908891,4.123105626,17.02938637,4.123105626,16.97056275,3,17.80449381,3,16.40121947,3,17.69180601,4,17.02938637,4,16.2788206,4,16.2788206,3,16.2788206,4,17.69180601,5,15.55634919,3.605551275,14.2126704
16.2788206,8.602325267,15.55634919,7.071067812,14.14213562,6.403124237,15,6.403124237,14.14213562,5.656854249,16.2788206,5,14.86606875,5.830951895,15,6.708203932,14.86606875,6.32455532,14.86606875,8.94427191,15.62049935,5.830951895,14.86606875,7.211102551,14.2126704,7.615773106,14.86606875,6.403124237,13.60147051,5.656854249,16.2788206,6.708203932,14.86606875,6.32455532,13.45362405,7.280109889,14.86606875,6.32455532,13.45362405,7.615773106,15.62049935,5.385164807,13.45362405,6.708203932,12.04159458,7.615773106,14.14213562,8.544003745,14.4222051,8.602325267,13.60147051,8.544003745
8.062257748,14.14213562,7.071067812,14.2126704,4.123105626,17.02938637,8.062257748,16.97056275,8.062257748,16.97056275,7.211102551,16.2788206,5.830951895,15.55634919,7.810249676,16.2788206,6.403124237,17.02938637,7.211102551,17.02938637,5,17.02938637,7.071067812,16.2788206,4.472135955,17.02938637,6.403124237,16.2788206,5.830951895,17.69180601,4.472135955,17.69180601,5,14.86606875,5.830951895,14.86606875,6.32455532,17.02938637,5.099019514,16.2788206,5.385164807,16.40121947,5.099019514,16.2788206,6.08276253,14.86606875,7.211102551,14.86606875,5.830951895,14.86606875,7.211102551,14.2126704
14.86606875,8.062257748,16.97056275,6.708203932,16.2788206,7.810249676,15.62049935,6.708203932,15.55634919,6.403124237,16.2788206,7.071067812,16.2788206,7.071067812,15.62049935,5.656854249,17.02938637,5.656854249,13.60147051,7.211102551,17.69180601,7.810249676,17.20465053,5.830951895,16.2788206,6.403124237,16.2788206,5.830951895,16.2788206,4.472135955,17.02938637,4.472135955,15.55634919,6.708203932,15.55634919,7.211102551,15.55634919,5.385164807,15.55634919,6.32455532,16.2788206,7.615773106,15.62049935,6.708203932,14.2126704,6.708203932,15,7.211102551,15.62049935,6.708203932,14.2126704,8.544003745
15,5.830951895,14.86606875,7.211102551,14.86606875,5.830951895,15.62049935,7.211102551,15.62049935,7.071067812,16.97056275,5.385164807,16.2788206,5.656854249,15.55634919,4.242640687,16.2788206,5.830951895,16.2788206,5,17.02938637,4.242640687,16.40121947,5,14.14213562,5.656854249,17.80449381,5,15.8113883,4.472135955,17.20465053,6.403124237,16.40121947,4.472135955,16.2788206,4.472135955,16.2788206,5.099019514,14.2126704,5,15.62049935,4.472135955,13.45362405,5.656854249,14.4222051,5.385164807,14.2126704,6.708203932,14.2126704,6.708203932,15.8113883,7.071067812
14.2126704,14.86606875,12.72792206,12.80624847,12.20655562,12.80624847,13.45362405,13.45362405,10.63014581,14.86606875,13.60147051,14.86606875,10.63014581,17.02938637,11.3137085,16.40121947,11.40175425,15,10,13.03840481,13.45362405,13.45362405,13.03840481,13.45362405,10.63014581,15.8113883,11.66190379,13.45362405,10.81665383,15.62049935,12.20655562,15,12.72792206,12.80624847,11.40175425,15.62049935,10.81665383,14.14213562,10.81665383,13.45362405,10.81665383,12.72792206,10.81665383,12.20655562,12.80624847,12.80624847,11.18033989,12.20655562,13.03840481,11.66190379,12.04159458,11.40175425
13.89244399,9.848857802,14.2126704,11.66190379,14.86606875,9.433981132,16.97056275,8.94427191,15.62049935,10.29563014,13.45362405,10.63014581,16.97056275,11.40175425,14.86606875,8.485281374,14.86606875,9.899494937,14.86606875,9.219544457,16.2788206,8.602325267,17.02938637,8.602325267,16.97056275,7.211102551,18.38477631,8.602325267,15.62049935,7.810249676,15.55634919,6.403124237,15.55634919,8.062257748,15.55634919,8.602325267,16.2788206,8.485281374,16.2788206,7.615773106,14.86606875,8.485281374,15.62049935,7.211102551,14.2126704,7.211102551,13.45362405,8.602325267,14.14213562,9.433981132,13.45362405,9.848857802
2.828427125,16.2788206,6.403124237,15.55634919,5,16.2788206,5.385164807,14.86606875,5.656854249,15.55634919,5.385164807,16.2788206,5.656854249,17.02938637,4.242640687,15.55634919,6.32455532,16.2788206,8,16.2788206,7.280109889,17.69180601,6.32455532,14.86606875,6.708203932,16.2788206,7.071067812,16.2788206,6.32455532,15.62049935,7.071067812,17.02938637,6.32455532,16.97056275,7.071067812,15.62049935,6.08276253,16.40121947,7,15.55634919,6.32455532,14.14213562,6,14.14213562,5.099019514,15.62049935,3.605551275,14.86606875,5.385164807,13.60147051,5.099019514,16.97056275
16.2788206,8.602325267,16.40121947,7.071067812,17.69180601,8.485281374,14.14213562,7.211102551,15.62049935,7.810249676,14.86606875,8.062257748,16.2788206,7.615773106,16.64331698,7.280109889,15.8113883,8.602325267,16.40121947,8.602325267,16.64331698,9.219544457,16.2788206,9.219544457,16.64331698,10.44030651,16.1245155,10.19803903,14.4222051,8.544003745,16.64331698,9.055385138,13.60147051,8.544003745,13.45362405,9.219544457,13.60147051,10.44030651,13.60147051,9.486832981,12.20655562,8.544003745,12.80624847,7.280109889,12.20655562,8.246211251,10.29563014,10.77032961,13.03840481,11.66190379,14.76482306,9.486832981
9.433981132,11.66190379,9.433981132,14.14213562,10,15.62049935,12.04159458,15,12.04159458,12.04159458,11.40175425,14.14213562,12.80624847,14.2126704,10.63014581,12.04159458,12.80624847,15.62049935,12.72792206,12.04159458,13.60147051,12.72792206,13.60147051,12.80624847,14.2126704,14.14213562,12.52996409,13.45362405,12.20655562,14.86606875,11.3137085,12.80624847,12.04159458,12.80624847,10.63014581,12.80624847,12.04159458,14.14213562,12.20655562,12.80624847,11.66190379,11.40175425,10.81665383,12.80624847,10,10,8.602325267,12.04159458,9.219544457,12.04159458,8.602325267,11.40175425
13.45362405,9.433981132,13.60147051,8.602325267,15.62049935,7.211102551,13.03840481,9.219544457,13.45362405,7.810249676,14.14213562,9.219544457,13.45362405,8.602325267,13.45362405,9.433981132,14.86606875,7.810249676,14.2126704,9.219544457,14.2126704,8.602325267,13.45362405,8.602325267,14.14213562,8.602325267,13.45362405,8.062257748,13.60147051,7.211102551,14.86606875,7.810249676,12.80624847,8.94427191,11.40175425,8.94427191,13.45362405,8.602325267,13.03840481,8.062257748,12.20655562,8.602325267,12.04159458,8.602325267,10,8.062257748,13.03840481,9.848857802,12.52996409,8.602325267,12.80624847,8.94427191
8.94427191,14.14213562,5.099019514,16.2788206,6.403124237,14.86606875,6.403124237,15.8113883,5.830951895,17.02938637,6.708203932,15.62049935,6.403124237,16.2788206,5.656854249,17.02938637,5.656854249,16.40121947,5.830951895,14.2126704,5,16.2788206,5.830951895,17.69180601,5.656854249,17.20465053,4.472135955,16.97056275,4.472135955,16.2788206,4,16.2788206,6.32455532,17.20465053,6.32455532,14.86606875,5,15.62049935,6.08276253,14.2126704,4.472135955,16.2788206,5.830951895,14.86606875,6.08276253,12.80624847,6.708203932,14.14213562,6.32455532,13.60147051,7.810249676,15
11.66190379,8.544003745,13.03840481,8.062257748,14.2126704,11.18033989,13.60147051,8.544003745,12.80624847,8.94427191,15,10,12.80624847,10.81665383,13.45362405,11.66190379,12.04159458,13.60147051,10.63014581,10.63014581,14.86606875,12.04159458,12.20655562,10.81665383,12.72792206,12.20655562,14.14213562,12.04159458,11.40175425,11.40175425,13.60147051,12.04159458,12.80624847,11.40175425,13.45362405,12.04159458,11.40175425,9.899494937,11.66190379,10.63014581,11.66190379,11.3137085,12.04159458,11.40175425,12.80624847,10.63014581,10.63014581,10,13.45362405,10,13.45362405,9.219544457
7.071067812,13.45362405,5.830951895,14.2126704,6,13.45362405,5,14.2126704,3,14.86606875,5.385164807,15.62049935,3.605551275,14.86606875,6.403124237,13.45362405,3.16227766,16.2788206,3.16227766,17.02938637,4.242640687,15.55634919,5,14.86606875,2.236067977,15.62049935,2.828427125,16.2788206,2.236067977,14.14213562,4.123105626,14.14213562,2,14.14213562,3.605551275,14.2126704,3.16227766,15.55634919,3.16227766,15.55634919,3.16227766,13.45362405,2,15,3.605551275,14.2126704,2.828427125,13.45362405,4.472135955,14.14213562,5,15
12.04159458,9.055385138,16.97056275,5,12.64911064,8,14.2126704,15,17.69180601,4.472135955,12.04159458,17,15.65247584,7.615773106,15.55634919,5,15.23154621,7.071067812,13.03840481,5.830951895,13.03840481,13.60147051,11.66190379,9.899494937,14.31782106,11.40175425,11.18033989,14.31782106,12.64911064,10.63014581,12.20655562,14.76482306,11.3137085,15,10.29563014,12.64911064,10.29563014,12.80624847,11.18033989,13.03840481,11.66190379,12.04159458,13.34166406,15,6.708203932,14.14213562,10.29563014,13.45362405,10.29563014,10.81665383,7.810249676,12.64911064
32.01562119,11.66190379,29.83286778,12.20655562,25.8069758,13.03840481,27.01851217,13.89244399,29.69848481,12.52996409,31.144823,12.52996409,30.41381265,9.899494937,33.30165161,13.45362405,33.9705755,7.810249676,32.80243893,13.03840481,32.55764119,12.72792206,30.41381265,11.66190379,31.144823,11.66190379,29.73213749,10.77032961,32.01562119,8.602325267,31.82766093,11.18033989,32.55764119,9.848857802,31.89043744,12.72792206,28.31960452,12.04159458,32.55764119,8.544003745,28.60069929,9.433981132,32.80243893,10.81665383,27.58622845,8.544003745,28.28427125,10.19803903,30,11.70469991,31.89043744,11.66190379
5.385164807,12.80624847,5,13.45362405,5.830951895,16.2788206,5.385164807,13.45362405,6.708203932,13.45362405,5,14.2126704,5.385164807,15.55634919,7.810249676,14.2126704,6.403124237,14.2126704,6.403124237,15.55634919,7.071067812,14.86606875,6.403124237,15.62049935,7.071067812,17.02938637,7.071067812,14.86606875,7.810249676,13.45362405,7.810249676,14.2126704,7.810249676,13.45362405,5.656854249,13.45362405,7.071067812,14.14213562,7.810249676,12.80624847,7.810249676,14.2126704,7.810249676,14.14213562,5.830951895,13.45362405,4.472135955,15.62049935,5.830951895,13.45362405,5.830951895,14.86606875
10.81665383,13.45362405,10.63014581,14.2126704,9.219544457,13.45362405,9.219544457,14.86606875,9.219544457,14.2126704,9.899494937,14.2126704,9.219544457,14.86606875,8.485281374,14.2126704,9.219544457,14.14213562,7.810249676,17.02938637,10.63014581,14.86606875,9.219544457,15.55634919,8.602325267,15.55634919,7.810249676,14.86606875,8.602325267,14.86606875,8.602325267,14.86606875,7.211102551,15.62049935,9.219544457,14.86606875,9.433981132,15.62049935,8.544003745,14.14213562,8.94427191,14.86606875,9.219544457,14.86606875,9.219544457,14.2126704,9.433981132,12.72792206,9.433981132,14.2126704,10,12.80624847
14.2126704,10.29563014,12.04159458,8.602325267,13.45362405,10.63014581,15,11.40175425,13.45362405,10.63014581,14.86606875,10.63014581,14.14213562,8.602325267,14.14213562,10.63014581,13.45362405,8.602325267,14.4222051,10.81665383,16.2788206,11.40175425,13.45362405,10.29563014,17.02938637,10.63014581,13.45362405,8.602325267,16.40121947,11.40175425,16.2788206,11.18033989,15.55634919,9.848857802,14.14213562,10.44030651,15,10,15,10,14.2126704,10.63014581,13.60147051,11.40175425,13.60147051,10,15,12.52996409,13.89244399,10.63014581,12.80624847,10.29563014
17.02938637,3,14.86606875,3,17.02938637,3,16.2788206,2.828427125,15.62049935,2.236067977,16.2788206,3,18.43908891,3,16.97056275,2.828427125,19.10497317,2.236067977,18.43908891,3.16227766,18.38477631,2.236067977,17.69180601,3.605551275,17.02938637,2.236067977,15.62049935,3.605551275,16.2788206,3.605551275,19.10497317,4,17.69180601,4.242640687,15.62049935,2.828427125,17.02938637,3.605551275,17.02938637,3.605551275,15.55634919,4,15.62049935,4.123105626,14.86606875,3.16227766,16.97056275,3.16227766,17.02938637,3.16227766,17.02938637,3.16227766
12.20655562,10.63014581,13.60147051,9.899494937,13.60147051,10.63014581,14.2126704,8.485281374,13.03840481,10.63014581,14.14213562,9.219544457,13.45362405,10.63014581,14.86606875,12.04159458,13.45362405,9.899494937,13.45362405,11.40175425,14.14213562,8.602325267,15.55634919,9.433981132,14.86606875,10,12.04159458,10,12.04159458,10.29563014,14.2126704,11.40175425,13.45362405,9.848857802,13.45362405,10.81665383,14.86606875,9.219544457,13.03840481,8.602325267,12.80624847,10.81665383,13.45362405,8.94427191,12.80624847,9.219544457,12.04159458,11.66190379,12.80624847,10.63014581,13.03840481,12.52996409
8.544003745,11.40175425,10.29563014,12.04159458,10.81665383,12.04159458,9.433981132,12.80624847,8.94427191,15.55634919,10.81665383,12.72792206,10,12.04159458,11.40175425,11.3137085,12.20655562,10.63014581,10,10.63014581,12.04159458,13.45362405,10.63014581,12.04159458,11.3137085,12.80624847,11.3137085,13.60147051,12.04159458,11.3137085,11.40175425,12.04159458,12.04159458,12.72792206,10,12.04159458,9.899494937,12.80624847,11.40175425,11.40175425,10.63014581,14.14213562,10.63014581,12.20655562,11.40175425,12.80624847,8.602325267,12.04159458,11.3137085,12.80624847,8.602325267,12.04159458
9.219544457,16.1245155,7.211102551,14.2126704,5.656854249,14.86606875,8.94427191,13.45362405,7.810249676,17.02938637,6.708203932,14.2126704,6.403124237,16.2788206,8.062257748,17.02938637,7.071067812,15.55634919,6.708203932,16.2788206,8.062257748,15.55634919,7.810249676,14.86606875,7.810249676,17.69180601,7.211102551,17.69180601,6.708203932,15.55634919,6.403124237,17.69180601,6.403124237,17.80449381,9.219544457,16.2788206,7.211102551,16.2788206,6.708203932,14.86606875,7.280109889,15.55634919,6.32455532,15.55634919,7.071067812,15.62049935,7.615773106,14.2126704,8.544003745,16.40121947,8.062257748,14.14213562
7.615773106,10.63014581,8.602325267,14.14213562,9.433981132,14.86606875,10,11.40175425,9.899494937,14.2126704,9.433981132,12.04159458,10,12.80624847,9.219544457,12.04159458,10,14.14213562,11.3137085,12.72792206,9.899494937,15.55634919,9.899494937,13.45362405,10,14.2126704,9.433981132,11.40175425,11.3137085,13.45362405,10,15,11.66190379,13.03840481,9.899494937,12.52996409,10.63014581,12.80624847,9.219544457,13.45362405,10.63014581,13.60147051,9.219544457,12.04159458,9.433981132,12.20655562,8.94427191,12.80624847,8.602325267,13.03840481,8.94427191,13.45362405
10.29563014,15.8113883,10.29563014,15,9.899494937,15.8113883,10,14.86606875,12.04159458,16.2788206,9.219544457,17.69180601,10.29563014,16.64331698,10.63014581,15.62049935,10,16.97056275,12.04159458,15.62049935,10.63014581,17.69180601,11.3137085,16.97056275,9.899494937,17.69180601,8.485281374,17.69180601,8.485281374,17.80449381,8.485281374,18.38477631,8.602325267,18.43908891,10,17.69180601,7.071067812,17.02938637,7.810249676,17.02938637,9.219544457,15.55634919,8.602325267,16.97056275,10,15,10,16.2788206,9.219544457,16.2788206,10,16.40121947
8.602325267,11.66190379,7.615773106,11.18033989,8.602325267,12.80624847,9.219544457,12.04159458,9.433981132,12.80624847,8.602325267,13.60147051,10.81665383,12.80624847,8.602325267,12.04159458,8.485281374,14.2126704,10.63014581,14.2126704,8.602325267,14.86606875,8.485281374,14.86606875,5.656854249,14.86606875,7.071067812,14.86606875,7.810249676,13.45362405,8.485281374,14.14213562,6.403124237,13.45362405,7.810249676,14.86606875,7.211102551,13.45362405,7.810249676,14.2126704,7.071067812,12.72792206,7.211102551,12.72792206,7.810249676,12.80624847,8.062257748,14.2126704,8.602325267,13.45362405,9.433981132,12.04159458
10.63014581,10.63014581,12.20655562,11.3137085,11.66190379,12.04159458,11.40175425,11.66190379,11.40175425,13.60147051,12.04159458,13.45362405,11.40175425,11.3137085,10.63014581,12.80624847,13.45362405,10,9.433981132,12.04159458,12.20655562,13.45362405,10.63014581,12.72792206,12.20655562,12.72792206,11.3137085,12.80624847,12.04159458,11.3137085,15.62049935,10.81665383,13.03840481,10,11.40175425,10.81665383,11.3137085,10.63014581,12.80624847,10.63014581,12.04159458,10.63014581,12.72792206,9.899494937,11.40175425,11.40175425,11.40175425,13.45362405,10,11.40175425,10,10.81665383
16.2788206,9.433981132,14.14213562,9.219544457,13.45362405,9.848857802,14.86606875,10.81665383,14.86606875,7.810249676,14.86606875,9.899494937,14.86606875,8.485281374,15.62049935,8.602325267,14.2126704,10.63014581,13.60147051,9.219544457,15.55634919,12.20655562,15,9.433981132,15.62049935,12.20655562,14.2126704,10,15,10,13.45362405,11.40175425,13.45362405,11.66190379,14.4222051,9.433981132,14.2126704,10.81665383,16.40121947,9.486832981,14.2126704,10.29563014,13.60147051,9.486832981,14.2126704,9.486832981,14.86606875,6.708203932,15.62049935,9.848857802,14.14213562,8.544003745
12.04159458,12.20655562,13.03840481,12.04159458,10,11.40175425,11.40175425,12.80624847,11.3137085,12.80624847,12.80624847,13.45362405,11.3137085,13.60147051,12.72792206,13.45362405,12.80624847,12.80624847,12.04159458,13.60147051,12.04159458,16.2788206,12.04159458,14.2126704,11.40175425,13.45362405,10.63014581,14.14213562,11.40175425,15,11.40175425,14.14213562,12.04159458,13.45362405,11.40175425,12.20655562,12.80624847,12.80624847,10.81665383,11.40175425,10.29563014,14.86606875,11.40175425,15,12.80624847,12.04159458,12.04159458,12.20655562,10.81665383,13.89244399,11.40175425,13.03840481
38.89730068,43.0464865,31.2409987,40,26.83281573,35.22782991,46.61544808,40,27.45906044,32.24903099,33.30165161,41.18252056,35.35533906,33.13608305,25.70992026,16.03121954,40.16217126,36.05551275,27.78488798,28.23118843,53.66563146,42.63801121,50.69516742,34.40930107,30,38.07886553,37.48332963,34.88552709,39.69886648,47.42362281,61.09828148,46.5295605,29.06888371,43.829214,27.01851217,35,28.8444102,51.6139516,41.34005322,39.44616585,29.69848481,40.31128874,23.76972865,50.21951812,26.40075756,40.31128874,21.40093456,38.83297568,37.53664876,46.22769733,33.60059523,47.38143096
13.03840481,8.544003745,12.80624847,8.544003745,13.45362405,8.602325267,13.60147051,7.211102551,12.72792206,8.544003745,12.04159458,8.94427191,11.40175425,9.219544457,15,7.071067812,12.04159458,7.810249676,12.04159458,10.81665383,12.04159458,9.899494937,12.80624847,8.485281374,12.72792206,8.485281374,12.04159458,7.810249676,12.04159458,9.899494937,11.40175425,10.63014581,12.04159458,7.810249676,12.04159458,11.40175425,11.40175425,8.602325267,12.04159458,9.219544457,12.20655562,9.219544457,11.3137085,8.062257748,11.3137085,8.602325267,12.04159458,8.062257748,11.3137085,6.708203932,13.45362405,8.544003745
7.810249676,15.8113883,6.708203932,15.55634919,7.810249676,14.2126704,8.544003745,16.40121947,5.830951895,15,7.615773106,14.86606875,7.071067812,13.45362405,7.810249676,16.2788206,7.071067812,17.02938637,6.403124237,13.45362405,8.602325267,16.2788206,7.810249676,16.40121947,6.403124237,17.69180601,5.830951895,17.02938637,6,16.97056275,5.830951895,16.2788206,7.280109889,15.62049935,8.062257748,15.62049935,8.544003745,15.8113883,6.708203932,14.86606875,5.385164807,13.45362405,8.246211251,15.62049935,6.708203932,12.20655562,8.544003745,15,8.94427191,15,9.486832981,14.2126704
4.472135955,17.02938637,7.280109889,18.43908891,4,16.2788206,5,18.43908891,5.385164807,19.10497317,2,18.38477631,2.236067977,19.10497317,5,19.10497317,3.16227766,17.02938637,3.605551275,15.62049935,3.605551275,20.51828453,2.236067977,19.20937271,2.236067977,18.38477631,2,21.9317122,3,18.43908891,2,17.69180601,2.236067977,16.97056275,3.16227766,14.86606875,2.236067977,17.69180601,2,17.02938637,3.605551275,16.97056275,3.16227766,17.69180601,4.472135955,17.69180601,4.472135955,16.97056275,5.385164807,15.8113883,5.830951895,16.40121947
13.03840481,12.04159458,11.3137085,10.81665383,10.63014581,12.04159458,11.3137085,12.20655562,12.20655562,12.04159458,12.20655562,13.45362405,13.45362405,10.63014581,12.72792206,10,12.72792206,10,10.81665383,10.63014581,12.72792206,12.04159458,13.45362405,10.63014581,13.60147051,12.80624847,12.04159458,12.80624847,12.72792206,10.81665383,14.2126704,12.04159458,11.40175425,9.433981132,12.80624847,10,14.2126704,11.40175425,13.60147051,9.219544457,13.45362405,10.63014581,12.80624847,9.219544457,13.60147051,11.3137085,11.66190379,12.20655562,10.63014581,10.63014581,11.40175425,11.40175425
12.04159458,12.80624847,13.60147051,11.3137085,13.45362405,10.63014581,12.04159458,11.66190379,12.80624847,11.3137085,12.72792206,10.63014581,11.40175425,10.63014581,13.45362405,12.20655562,13.45362405,10.63014581,11.3137085,11.3137085,12.04159458,12.20655562,12.80624847,11.40175425,13.03840481,12.80624847,12.04159458,11.3137085,13.03840481,11.3137085,13.60147051,9.433981132,13.45362405,12.04159458,11.3137085,10.29563014,13.45362405,10.81665383,11.40175425,10,11.66190379,11.66190379,12.04159458,12.72792206,10,10.81665383,12.20655562,11.66190379,11.66190379,11.66190379,10.81665383,13.41640786
14.86606875,6.708203932,13.60147051,6.32455532,16.64331698,8.94427191,14.86606875,7.280109889,16.2788206,9.219544457,15.62049935,7.280109889,16.97056275,8.062257748,16.2788206,7.810249676,16.2788206,5.830951895,13.45362405,5.656854249,14.86606875,6.403124237,17.02938637,6.403124237,16.2788206,5,17.02938637,6.32455532,17.02938637,4.242640687,17.02938637,6.403124237,16.2788206,8.485281374,15.62049935,5.385164807,15.55634919,6.32455532,17.02938637,5.385164807,17.69180601,6.708203932,14.86606875,4.472135955,13.45362405,7.211102551,14.86606875,6.708203932,16.40121947,7.211102551,15,7.211102551
12.80624847,9.848857802,10.81665383,8.602325267,12.80624847,10.29563014,12.20655562,9.219544457,12.04159458,10,12.04159458,10,13.45362405,11.66190379,12.80624847,7.810249676,12.72792206,9.219544457,12.04159458,10.81665383,12.72792206,12.04159458,12.04159458,10.63014581,12.72792206,12.72792206,12.04159458,12.04159458,10.63014581,13.45362405,12.80624847,12.20655562,11.3137085,12.04159458,11.40175425,10.63014581,12.04159458,9.899494937,11.40175425,10.29563014,10,9.899494937,11.40175425,11.40175425,11.40175425,10,11.40175425,10,10.63014581,10,12.72792206,8.602325267
7.280109889,13.03840481,7.615773106,13.60147051,6.708203932,13.60147051,8.544003745,15,7.615773106,14.2126704,8.062257748,15,6.708203932,14.2126704,7.615773106,14.86606875,6.32455532,15.62049935,5,14.2126704,6.708203932,16.2788206,7.211102551,14.86606875,4.242640687,15.55634919,5.830951895,15.62049935,4.472135955,14.86606875,4.123105626,16.97056275,3.605551275,13.45362405,4.242640687,14.86606875,4.242640687,15.62049935,4.242640687,15.62049935,5,13.60147051,5,14.86606875,5.656854249,13.45362405,4.472135955,14.86606875,5,15.8113883,5.656854249,11.3137085
15.62049935,3.605551275,15.55634919,4.472135955,15.8113883,3.16227766,17.69180601,7.615773106,14.2126704,5.830951895,17.02938637,4.472135955,17.02938637,2.236067977,16.97056275,3.16227766,15,4.472135955,14.14213562,2.828427125,17.80449381,4.242640687,14.2126704,3.605551275,17.69180601,3.16227766,15.62049935,3.16227766,16.2788206,3.605551275,16.2788206,3.16227766,17.02938637,4.472135955,15.55634919,3.16227766,14.86606875,4,16.2788206,3,14.86606875,5.099019514,14.86606875,3.605551275,14.4222051,4.242640687,14.14213562,6.32455532,12.72792206,4.472135955,15.62049935,4
10.63014581,14.2126704,9.899494937,15,8.602325267,14.14213562,10,14.2126704,7.810249676,14.86606875,8.485281374,14.14213562,10.63014581,15.8113883,8.062257748,15.62049935,10,14.2126704,10.81665383,14.4222051,10.29563014,14.4222051,7.810249676,15,10.63014581,14.86606875,9.848857802,14.2126704,11.18033989,16.40121947,8.544003745,15.8113883,9.433981132,14.4222051,8.062257748,15,10.29563014,15.26433752,11.40175425,13.03840481,10.29563014,14.2126704,9.486832981,12.80624847,7.615773106,12.04159458,13.03840481,13.60147051,10.81665383,12.20655562,9.848857802,13.03840481
12.72792206,8.602325267,14.14213562,9.219544457,15.55634919,8.602325267,12.80624847,8.602325267,14.2126704,8.602325267,15,8.602325267,16.2788206,7.810249676,14.86606875,6.403124237,13.45362405,7.211102551,14.2126704,9.899494937,16.40121947,8.94427191,15.8113883,7.071067812,15.62049935,8.602325267,15,8.94427191,14.2126704,8.94427191,15.62049935,6.708203932,15,6.403124237,14.86606875,8.94427191,14.14213562,8.062257748,14.86606875,8.602325267,13.45362405,7.071067812,14.86606875,7.211102551,12.80624847,7.810249676,12.04159458,9.433981132,13.89244399,8.485281374,12.04159458,9.433981132
17.69180601,3.16227766,19.20937271,2,17.80449381,6.08276253,17.02938637,3.16227766,15.55634919,1.414213562,20.61552813,3.605551275,18.43908891,4.123105626,17.69180601,3.605551275,18.38477631,1.414213562,18.43908891,2.828427125,18.38477631,5.656854249,18.38477631,4.472135955,18.38477631,5,15.55634919,5.385164807,16.2788206,5,17.80449381,5.656854249,16.2788206,5,16.97056275,4.472135955,16.2788206,5.385164807,14.2126704,6.32455532,15.55634919,4,14.86606875,5.099019514,14.86606875,4,16.2788206,3.16227766,15.62049935,5.099019514,16.2788206,2.236067977
10,10,11.40175425,9.219544457,9.899494937,12.80624847,14.4222051,10.63014581,13.45362405,10.63014581,10.63014581,10,10.81665383,12.04159458,12.04159458,10,10,9.433981132,10.29563014,8.602325267,12.08304597,10.81665383,12.52996409,10.81665383,14.4222051,10.81665383,13.41640786,12.80624847,13.03840481,6.403124237,11.18033989,11.3137085,13.03840481,9.848857802,8.94427191,10.81665383,12.20655562,9.219544457,6.403124237,11.40175425,12.52996409,10,13,12.04159458,12.08304597,9.433981132,10.44030651,9.219544457,9.848857802,8.94427191,9.433981132,10.63014581
16.97056275,5,15.62049935,4.472135955,14.86606875,8,16.2788206,5.830951895,17.69180601,4.472135955,17.20465053,4.123105626,16.2788206,4.123105626,19.10497317,4.472135955,15,3.605551275,16.2788206,5,17.69180601,5,17.02938637,4.123105626,15.8113883,3.605551275,16.2788206,4,15.55634919,3.16227766,16.97056275,3.16227766,14.86606875,3.605551275,16.2788206,1.414213562,15.55634919,3.16227766,14.86606875,3,14.2126704,3.605551275,13.45362405,4,14.14213562,2.828427125,14.86606875,3.605551275,14.86606875,3.605551275,15.55634919,4.123105626
5.099019514,19.41648784,7.615773106,20.80865205,3.605551275,16.40121947,5,15.62049935,5,23.02172887,4.472135955,17.69180601,3.605551275,16.97056275,2.828427125,24.41311123,2.236067977,16.2788206,5.385164807,17.69180601,2.236067977,19.10497317,3.605551275,19.10497317,3.605551275,18.43908891,1,19.79898987,1.414213562,17.80449381,1,21.26029163,1,15.62049935,2.236067977,17.02938637,2.236067977,13.45362405,3.605551275,19.10497317,1.414213562,19.20937271,2.236067977,14.76482306,6.08276253,16.40121947,1,17.20465053,1.414213562,19.10497317,6.08276253,18.38477631
10.81665383,9.899494937,11.40175425,9.219544457,10,10.29563014,8.485281374,11.40175425,10.63014581,10.29563014,11.3137085,12.72792206,9.899494937,10,12.04159458,12.80624847,10.63014581,8.485281374,11.66190379,12.04159458,9.899494937,11.3137085,11.40175425,12.04159458,10.29563014,10.29563014,10,10,11.3137085,9.899494937,12.20655562,10,11.40175425,9.899494937,10.63014581,7.810249676,11.3137085,9.433981132,10,9.219544457,10.81665383,9.433981132,9.899494937,7.810249676,9.433981132,10,9.433981132,11.3137085,10,10.63014581,10.81665383,10
29.73213749,12.20655562,30.41381265,12.20655562,31.2409987,12.04159458,31.82766093,12.04159458,29.73213749,12.80624847,28.28427125,14.14213562,32.64965543,12.80624847,29.73213749,11.40175425,31.82766093,14.76482306,32.55764119,9.899494937,33.24154028,10,31.2409987,11.18033989,32.55764119,10.44030651,29.69848481,12.08304597,29.83286778,12.08304597,33.24154028,9.219544457,31.82766093,10.44030651,30.47950131,11.66190379,29,12.08304597,30.41381265,11.40175425,29.73213749,10.29563014,28.31960452,12.64911064,28.42534081,12.08304597,29,12.52996409,28.31960452,13.92838828,27.58622845,15.23154621
14.14213562,4.123105626,15,1.414213562,14.86606875,1.414213562,17.02938637,3.16227766,14.86606875,2,13.45362405,1,16.40121947,3.16227766,15.62049935,1.414213562,15.8113883,1.414213562,14.86606875,2,16.97056275,1.414213562,15.62049935,2.828427125,14.14213562,2.828427125,16.2788206,2.828427125,14.86606875,2.236067977,16.2788206,5.385164807,15.62049935,5.099019514,16.2788206,2.236067977,14.86606875,1,14.86606875,2.236067977,13.45362405,2.236067977,13.45362405,5,14.14213562,2,14.86606875,1.414213562,14.86606875,2.236067977,16.2788206,2
10,20.51828453,12.04159458,23.60084744,10.63014581,16.1245155,7.071067812,23.85372088,9.486832981,28.3019434,8.602325267,27.65863337,4.242640687,24.04163056,15.8113883,22.20360331,10.77032961,31.30495168,13.34166406,24.04163056,12.36931688,30.61045573,13.03840481,22.20360331,6.08276253,24.18677324,6.32455532,23.85372088,7.810249676,23.34523506,7.071067812,27.20294102,9.848857802,26.07680962,7.615773106,25.23885893,0,29.06888371,4.472135955,21.9317122,4.242640687,22.627417,3.605551275,24.75883681,6.708203932,22.8035085,6.08276253,24.20743687,6.32455532,28.31960452,8.544003745,23.34523506
5,12.72792206,5,11.40175425,4.242640687,12.80624847,5.830951895,15,5,13.45362405,5.656854249,11.3137085,5,12.04159458,5.830951895,11.3137085,5.656854249,12.72792206,3.605551275,10.63014581,6.32455532,12.72792206,5.830951895,12.72792206,7.615773106,12.80624847,5.830951895,13.45362405,7.280109889,13.45362405,5.830951895,11.66190379,6.708203932,12.20655562,5.385164807,11.66190379,7.615773106,12.20655562,5.656854249,12.20655562,6.08276253,13.45362405,5.830951895,14.2126704,4.123105626,12.04159458,6,12.72792206,3.16227766,14.14213562,5.099019514,12.80624847
5,12.04159458,4.242640687,12.04159458,4.242640687,12.72792206,3.605551275,13.60147051,3.605551275,14.86606875,3.605551275,12.04159458,4.472135955,12.04159458,5.099019514,14.14213562,5,12.80624847,8.062257748,12.20655562,4.472135955,13.45362405,5.385164807,14.86606875,6.08276253,13.45362405,5.656854249,14.2126704,6.708203932,12.04159458,5.830951895,13.03840481,6.708203932,13.03840481,6.08276253,11.18033989,5.099019514,12.80624847,5,13.45362405,6.708203932,14.2126704,5.830951895,12.20655562,5,11.40175425,5.099019514,14.4222051,3.605551275,10.81665383,4.123105626,11.40175425
10.81665383,6.708203932,14.76482306,10.29563014,10.63014581,8.062257748,12.04159458,8.062257748,11.3137085,8.062257748,12.04159458,7.211102551,14.2126704,8.062257748,10.63014581,6.403124237,12.80624847,7.071067812,12.20655562,5.830951895,12.04159458,6.403124237,14.2126704,6.403124237,13.45362405,5,11.40175425,5,11.66190379,6.403124237,12.72792206,5.385164807,12.80624847,5,11.40175425,5.385164807,12.04159458,4.242640687,12.20655562,4.472135955,12.80624847,5.385164807,14.4222051,5.656854249,11.3137085,5,12.20655562,6.32455532,13.45362405,6.403124237,11.3137085,6.708203932
14.86606875,2.236067977,15.62049935,1.414213562,14.86606875,1.414213562,14.86606875,0,14.86606875,1.414213562,15.62049935,0,16.2788206,1.414213562,14.86606875,1.414213562,15.55634919,0,16.40121947,1.414213562,16.97056275,2.236067977,16.2788206,2.236067977,14.86606875,4.123105626,14.86606875,2.828427125,14.2126704,2.236067977,15,4.242640687,14.86606875,2.828427125,15.8113883,2.236067977,15.62049935,2.828427125,15,1.414213562,14.4222051,1.414213562,14.86606875,3.605551275,14.2126704,1,13.60147051,1.414213562,14.14213562,2,14.2126704,1
13.03840481,4.472135955,12.04159458,6.08276253,12.04159458,5,11.40175425,7.211102551,11.3137085,7.071067812,11.18033989,6.32455532,12.04159458,7.810249676,12.04159458,8.602325267,12.04159458,7.615773106,13.03840481,7.071067812,13.03840481,7.071067812,10.81665383,7.211102551,9.219544457,7.810249676,9.219544457,7.071067812,10.81665383,8.602325267,10.77032961,5.656854249,10.81665383,10.63014581,12.20655562,8.062257748,10.81665383,7.071067812,12.20655562,7.071067812,10.81665383,9.219544457,11.3137085,7.810249676,10.63014581,8.485281374,11.40175425,7.810249676,10.81665383,4.472135955,11.40175425,5.385164807
29.73213749,5,29.69848481,5,31.2409987,7.211102551,30.41381265,6.403124237,33.9705755,7.071067812,32.55764119,5.656854249,30.41381265,5.830951895,30.41381265,8.602325267,31.82766093,6.708203932,28.28427125,8.062257748,31.82766093,8.062257748,31.82766093,8.544003745,31.40063694,10.04987562,31.82766093,10.29563014,30.61045573,8.94427191,33.42154993,10.63014581,32.01562119,9.219544457,32.44996148,8.485281374,30.61045573,12.20655562,30,6.403124237,28.8444102,7.211102551,30.8058436,7.211102551,31.6227766,6.708203932,32.64965543,5.656854249,29.83286778,5.656854249,32.80243893,6.32455532
14.14213562,6.403124237,11.40175425,5.656854249,12.04159458,5,13.45362405,5.830951895,10.63014581,5.656854249,12.04159458,6.403124237,12.04159458,7.071067812,12.04159458,5.656854249,12.72792206,6.403124237,11.40175425,5,12.80624847,7.071067812,12.80624847,7.071067812,11.66190379,9.219544457,12.20655562,5.656854249,12.20655562,7.810249676,10.81665383,9.219544457,12.20655562,8.602325267,14.4222051,7.810249676,11.40175425,7.810249676,10.81665383,6.403124237,11.66190379,5.830951895,11.66190379,7.071067812,11.3137085,7.071067812,12.20655562,6.403124237,13.03840481,6.403124237,12.72792206,5.830951895
14.86606875,3.605551275,14.86606875,5.830951895,12.80624847,5,14.86606875,2.828427125,15.62049935,5.656854249,16.2788206,5,14.86606875,4.242640687,15,4.123105626,15.8113883,2.236067977,16.64331698,3.605551275,16.40121947,6.708203932,14.86606875,5.385164807,15,6.708203932,13.60147051,5.830951895,15,7.211102551,15.62049935,4.472135955,15.62049935,7.071067812,16.40121947,5.385164807,16.40121947,4.472135955,15.8113883,5.830951895,14.4222051,5,13.60147051,4.242640687,14.2126704,3.605551275,14.2126704,3.16227766,16.40121947,4.242640687,15.55634919,3.605551275
8.062257748,9.899494937,7.211102551,10.29563014,8.94427191,10.63014581,9.433981132,12.04159458,8.485281374,11.40175425,8.602325267,10.63014581,8.485281374,10.81665383,8.485281374,11.40175425,6.403124237,11.40175425,7.810249676,13.60147051,10,12.20655562,9.219544457,11.40175425,8.062257748,12.04159458,6.403124237,12.04159458,5.830951895,14.4222051,7.810249676,12.80624847,7.211102551,12.52996409,5.656854249,13.45362405,6.403124237,12.72792206,5.385164807,13.60147051,5,12.72792206,4.472135955,12.20655562,5.656854249,11.66190379,5.656854249,14.4222051,6.403124237,13.89244399,7.810249676,12.04159458
12.04159458,3.16227766,12.72792206,5,13.45362405,4.242640687,13.45362405,2.236067977,13.60147051,2.828427125,12.04159458,4.123105626,14.86606875,3.605551275,13.45362405,3.16227766,14.2126704,4.242640687,15.62049935,1,14.86606875,3,14.86606875,2.236067977,15.62049935,4.123105626,14.2126704,3.16227766,13.45362405,4,16.2788206,4.123105626,14.2126704,3,15,2.828427125,12.20655562,3.605551275,15.62049935,3,13.45362405,3.605551275,13.45362405,4.123105626,12.04159458,4.472135955,13.60147051,3.605551275,11.66190379,5,13.03840481,2.236067977
14.2126704,1,13.45362405,1,12.04159458,1.414213562,12.72792206,1.414213562,13.03840481,1,14.14213562,0,14.2126704,1,14.86606875,1.414213562,15.8113883,1.414213562,15.26433752,1.414213562,15.62049935,1,15.55634919,1.414213562,14.14213562,1.414213562,14.14213562,2,14.2126704,1,14.86606875,2.236067977,14.14213562,1,15.8113883,1.414213562,14.86606875,1,14.4222051,1.414213562,12.52996409,1,12.80624847,2.236067977,13.45362405,1,14.14213562,2.236067977,13.45362405,1.414213562,14.14213562,1
6.32455532,12.72792206,5.385164807,13.45362405,5,12.72792206,6.403124237,12.72792206,5,13.45362405,3.605551275,12.80624847,6.403124237,13.45362405,7.211102551,13.45362405,5.385164807,12.04159458,3.605551275,12.04159458,5.830951895,14.2126704,5.656854249,13.03840481,5,13.45362405,7.810249676,13.60147051,7.211102551,12.04159458,7.810249676,12.80624847,6.403124237,13.45362405,5,13.89244399,7.071067812,13.45362405,6.403124237,12.80624847,7.211102551,14.2126704,6.403124237,10.81665383,5,13.60147051,5,15,5.656854249,12.72792206,5.385164807,14.14213562
12.72792206,6.708203932,11.3137085,9.219544457,13.45362405,7.810249676,12.04159458,7.071067812,12.04159458,9.219544457,14.14213562,6.708203932,13.45362405,8.062257748,13.45362405,8.602325267,14.4222051,8.602325267,13.03840481,10,16.40121947,8.485281374,14.86606875,9.219544457,12.04159458,9.219544457,13.45362405,9.219544457,11.40175425,9.899494937,12.20655562,10.63014581,12.04159458,9.433981132,12.52996409,7.211102551,13.60147051,10.63014581,11.40175425,8.602325267,12.20655562,9.219544457,12.20655562,10.63014581,12.04159458,9.219544457,13.45362405,8.602325267,14.4222051,9.219544457,13.45362405,8.062257748
7.211102551,14.14213562,8.485281374,10.63014581,7.071067812,15.62049935,7.810249676,12.72792206,7.211102551,14.86606875,8.485281374,12.04159458,7.071067812,12.04159458,7.211102551,12.04159458,7.810249676,14.14213562,8.602325267,14.14213562,8.062257748,14.2126704,7.211102551,12.04159458,10.81665383,14.86606875,7.211102551,15.62049935,7.615773106,14.86606875,5.830951895,16.2788206,8.544003745,14.2126704,6.403124237,15.55634919,6.403124237,14.2126704,6.32455532,13.45362405,7.280109889,13.45362405,7.211102551,13.60147051,7.211102551,13.60147051,10,14.14213562,8.94427191,13.45362405,8.602325267,13.45362405
2.828427125,14.14213562,3.605551275,12.04159458,4.472135955,12.72792206,2.236067977,12.04159458,2.828427125,14.14213562,4.472135955,12.80624847,3.605551275,13.60147051,3.605551275,13.03840481,2.828427125,12.20655562,4.242640687,15,4.472135955,13.45362405,4.472135955,14.4222051,4.123105626,14.14213562,5,14.4222051,3.605551275,15.62049935,4.472135955,14.86606875,4.242640687,13.41640786,3.605551275,13.60147051,4.472135955,14.2126704,4.242640687,15,5.385164807,14.2126704,4.472135955,13.45362405,4.242640687,15,2.236067977,13.60147051,4.123105626,14.86606875,2.236067977,13.03840481
15.62049935,1,13.45362405,1,14.86606875,0,15.55634919,1.414213562,14.2126704,1,14.86606875,0,14.86606875,1,15.62049935,1,14.86606875,1.414213562,14.86606875,3.16227766,15.62049935,3,14.86606875,2.828427125,12.72792206,2,15.62049935,1.414213562,16.2788206,1,16.2788206,4.242640687,16.2788206,2.236067977,14.4222051,3.16227766,14.86606875,2.236067977,15.62049935,2.236067977,13.60147051,1.414213562,15.62049935,3.16227766,13.45362405,3,15.62049935,2,15.55634919,4,14.86606875,2.236067977
6.708203932,11.18033989,8.062257748,12.20655562,7.211102551,12.80624847,10.29563014,12.04159458,7.810249676,12.80624847,8.94427191,12.20655562,8.94427191,13.60147051,5.830951895,14.2126704,9.219544457,12.80624847,7.211102551,13.60147051,6.403124237,15.62049935,7.810249676,15,6.403124237,14.86606875,6.403124237,14.86606875,6.403124237,14.2126704,7.071067812,14.86606875,5,15.26433752,5.830951895,14.4222051,5.656854249,14.2126704,5,13.60147051,3.605551275,15,7.071067812,14.86606875,5.830951895,15,5.830951895,15,6.403124237,15.8113883,6.403124237,13.45362405
11.3137085,7.810249676,11.3137085,6.708203932,12.04159458,5.830951895,11.3137085,6.403124237,10,8.94427191,9.219544457,7.280109889,12.04159458,6.403124237,10.63014581,5.656854249,11.3137085,7.071067812,12.52996409,5.830951895,12.04159458,6.403124237,11.40175425,7.810249676,11.40175425,9.219544457,10.77032961,7.810249676,12.20655562,9.219544457,11.40175425,7.810249676,10,7.071067812,12.08304597,7.810249676,10.81665383,9.219544457,12.20655562,7.071067812,12.52996409,7.810249676,11.40175425,8.485281374,13.60147051,6.403124237,9.433981132,9.433981132,13.60147051,6.403124237,12.04159458,8.602325267
12.72792206,5.830951895,12.80624847,5.385164807,13.60147051,5.830951895,11.3137085,6.708203932,12.04159458,5.656854249,12.72792206,4.472135955,14.86606875,5.830951895,12.04159458,6.403124237,12.04159458,5.830951895,12.72792206,6.708203932,14.14213562,5.385164807,14.14213562,4.123105626,12.04159458,4.123105626,12.20655562,5.830951895,14.4222051,5.656854249,13.45362405,3,13.45362405,6.08276253,14.2126704,6.32455532,12.80624847,6.08276253,13.45362405,5.830951895,13.45362405,6.403124237,12.72792206,4.123105626,14.86606875,6.708203932,12.80624847,7.211102551,12.72792206,6.403124237,12.72792206,5.830951895
2,14.14213562,1.414213562,11.66190379,1,14.14213562,2,14.86606875,2,14.86606875,1.414213562,17.02938637,1.414213562,16.2788206,0,14.86606875,1.414213562,16.2788206,1.414213562,12.04159458,1.414213562,16.2788206,0,13.45362405,2.236067977,18.38477631,2,14.86606875,2.236067977,16.2788206,1,16.2788206,2,15.62049935,3.16227766,15.62049935,3.605551275,14.76482306,3,16.64331698,3.16227766,14.2126704,1,16.2788206,2,13.60147051,1.414213562,16.40121947,1.414213562,15.62049935,1.414213562,15.26433752
15,4.472135955,14.14213562,5,12.80624847,4.242640687,13.45362405,4.123105626,13.45362405,3.16227766,13.45362405,5,14.86606875,4.472135955,15.62049935,4.242640687,13.45362405,5.385164807,15,7.211102551,16.40121947,5,15,3.605551275,14.86606875,3.605551275,15.55634919,3.605551275,15.62049935,4.242640687,15.62049935,3.605551275,14.14213562,3.605551275,14.14213562,4.472135955,17.02938637,3,14.2126704,5,13.45362405,3,14.2126704,5,13.45362405,4.472135955,13.45362405,4.472135955,14.2126704,5.385164807,14.86606875,5
9.433981132,11.66190379,10.29563014,13.03840481,7.810249676,12.52996409,8.062257748,12.80624847,7.810249676,10.81665383,8.94427191,10.81665383,8.602325267,12.80624847,8.485281374,13.60147051,10.63014581,12.04159458,8.602325267,12.04159458,10.81665383,12.80624847,9.899494937,14.86606875,5.656854249,14.86606875,6.403124237,12.80624847,6.403124237,13.45362405,7.810249676,13.45362405,6.403124237,13.60147051,8.062257748,14.4222051,9.219544457,14.2126704,6.403124237,14.4222051,8.544003745,16.64331698,8.602325267,14.86606875,9.219544457,13.60147051,8.062257748,14.86606875,7.071067812,13.60147051,9.899494937,14.2126704
7.071067812,12.20655562,6.403124237,14.2126704,6.403124237,12.80624847,6.403124237,13.45362405,6.708203932,13.60147051,7.211102551,15.26433752,8.602325267,15.62049935,7.071067812,14.4222051,7.810249676,13.45362405,8.062257748,13.45362405,7.810249676,14.2126704,7.211102551,13.45362405,7.211102551,15.62049935,5.656854249,15.62049935,6.708203932,16.2788206,6.708203932,14.86606875,6.708203932,14.86606875,7.810249676,15,5.656854249,14.86606875,6.708203932,14.86606875,7.211102551,14.2126704,6.708203932,16.2788206,7.211102551,15,7.211102551,14.86606875,7.810249676,13.60147051,8.062257748,14.86606875
2.236067977,13.60147051,3.605551275,12.80624847,1.414213562,15,4.472135955,14.86606875,2.828427125,15.62049935,3.16227766,13.45362405,3.605551275,14.4222051,2.236067977,12.04159458,4.242640687,14.2126704,5,12.72792206,4.242640687,15,5.830951895,15,1,16.97056275,3,15.26433752,5,14.2126704,3.605551275,15.62049935,5.385164807,15,5,15.26433752,4.242640687,12.20655562,5,13.89244399,3.16227766,14.2126704,2.828427125,14.86606875,2.236067977,13.41640786,3.605551275,17.02938637,4.123105626,14.76482306,5.099019514,14.2126704
14.2126704,3.605551275,12.80624847,2.828427125,12.20655562,1,13.45362405,2,13.45362405,2.828427125,14.2126704,3.16227766,13.60147051,1.414213562,14.86606875,2.236067977,14.2126704,1,14.86606875,2.236067977,14.4222051,0,14.86606875,2.236067977,12.80624847,2.236067977,14.2126704,2.236067977,15.8113883,3.605551275,13.60147051,1.414213562,14.86606875,2.828427125,17.02938637,3.605551275,15,2.236067977,15,1.414213562,15.8113883,2.236067977,13.60147051,1.414213562,14.4222051,1.414213562,14.86606875,2.236067977,16.40121947,1,15.62049935,1
12.80624847,4.123105626,12.80624847,2.236067977,10.63014581,2.236067977,12.04159458,2.236067977,12.72792206,4.242640687,13.45362405,2.828427125,10.63014581,4,12.80624847,3.605551275,13.45362405,4,13.60147051,2.236067977,15,4.123105626,13.60147051,4.242640687,13.60147051,4.472135955,11.66190379,4.123105626,13.03840481,2.828427125,14.2126704,4.472135955,14.2126704,5.656854249,12.80624847,5.656854249,12.20655562,5.385164807,12.20655562,6.403124237,15,4.472135955,13.45362405,5.830951895,14.2126704,2.236067977,14.86606875,4.123105626,12.80624847,3.605551275,14.86606875,4.242640687
5.099019514,14.2126704,4,14.4222051,4.123105626,14.14213562,4.123105626,15.62049935,4.123105626,12.80624847,6,15,5.099019514,14.86606875,4.242640687,15.8113883,4.472135955,16.2788206,7.615773106,16.2788206,6.403124237,15.55634919,7.071067812,17.20465053,6.708203932,14.86606875,5.830951895,15.55634919,6.403124237,15.62049935,5.656854249,15.62049935,6.403124237,16.40121947,6.403124237,15.8113883,5,13.45362405,5.656854249,15,9.848857802,16.40121947,5.830951895,17.02938637,5.830951895,16.64331698,5.830951895,17.02938637,6.403124237,14.86606875,4.472135955,15.62049935
4.123105626,14.2126704,2.236067977,16.1245155,1.414213562,13.03840481,2.236067977,12.72792206,1,14.2126704,3.16227766,14.14213562,1,14.14213562,3.16227766,14.4222051,4.472135955,15.55634919,5,14.2126704,1,17.20465053,1,16.2788206,1,19.41648784,2,16.2788206,4.123105626,15.62049935,2.236067977,15.62049935,3.16227766,15,4.242640687,14.4222051,4.472135955,16.40121947,4.242640687,17.69180601,5.385164807,15.8113883,3.605551275,16.2788206,3.16227766,16.40121947,2.828427125,17.02938637,1.414213562,14.86606875,2,16.2788206
22.47220505,15.62049935,23.32380758,14.86606875,25,15.62049935,23.60084744,16.2788206,22.20360331,15,24.69817807,16.2788206,24.20743687,16.2788206,24.69817807,15.62049935,25,17.02938637,27.20294102,15,27.65863337,14.86606875,26.17250466,16.97056275,26.17250466,13.60147051,26.40075756,14.2126704,26.62705391,15,27.20294102,13.45362405,27.80287755,13.60147051,28.01785145,13.60147051,25.8069758,13.60147051,25.49509757,13.45362405,26.40075756,14.4222051,24.20743687,15,25.61249695,15,27.80287755,15,24.75883681,15.55634919,24.75883681,16.2788206
15,2.236067977,14.86606875,0,12.80624847,1,14.14213562,2.236067977,13.60147051,0,14.2126704,0,14.14213562,2.236067977,14.2126704,1,14.86606875,1,12.72792206,1.414213562,16.40121947,1,14.2126704,1,17.02938637,1,14.86606875,1.414213562,14.2126704,2.236067977,16.40121947,2,15.62049935,1,14.2126704,2.236067977,15.8113883,2.236067977,13.60147051,2.236067977,15,2.236067977,13.03840481,2.236067977,15,2.236067977,14.86606875,2,15.62049935,2.236067977,15.55634919,2.236067977
12.80624847,5,9.899494937,7.211102551,13.03840481,9.433981132,12.80624847,6.08276253,12.04159458,7.810249676,10,5.656854249,10.63014581,7.211102551,13.45362405,9.433981132,14.2126704,6.403124237,14.2126704,5.830951895,14.86606875,5,13.60147051,7.810249676,13.45362405,6.32455532,14.14213562,7.810249676,12.72792206,7.071067812,14.14213562,8.485281374,14.14213562,6.403124237,13.03840481,5.830951895,11.66190379,6.708203932,12.72792206,8.062257748,11.66190379,7.615773106,13.45362405,8.602325267,15,4.472135955,14.14213562,8.602325267,12.04159458,5.830951895,13.45362405,7.810249676
13.03840481,7.071067812,13.60147051,9.219544457,12.20655562,9.219544457,12.20655562,9.219544457,12.52996409,7.211102551,12.20655562,8.485281374,14.2126704,7.810249676,13.03840481,7.810249676,14.2126704,8.485281374,11.3137085,8.485281374,14.4222051,9.219544457,14.2126704,7.211102551,13.60147051,6.403124237,13.45362405,7.810249676,12.04159458,7.810249676,14.2126704,6.403124237,15,5.656854249,13.60147051,8.485281374,14.2126704,7.211102551,14.14213562,8.485281374,12.80624847,7.071067812,12.72792206,7.211102551,12.80624847,7.211102551,14.2126704,8.062257748,13.45362405,8.485281374,14.2126704,8.062257748
6.32455532,12.72792206,7.615773106,14.86606875,7.280109889,12.80624847,7.211102551,12.04159458,7.615773106,13.45362405,8.062257748,14.2126704,7.810249676,14.14213562,8.94427191,12.04159458,9.219544457,14.2126704,8.602325267,14.86606875,6.403124237,15.62049935,7.211102551,14.86606875,7.810249676,15.62049935,7.810249676,14.86606875,8.602325267,14.2126704,8.485281374,12.80624847,9.219544457,14.2126704,9.433981132,12.80624847,8.602325267,13.45362405,9.219544457,13.45362405,9.219544457,14.14213562,9.219544457,12.80624847,9.219544457,14.2126704,7.810249676,14.14213562,7.071067812,14.14213562,7.810249676,13.45362405
14.86606875,2,14.14213562,2.236067977,15.62049935,2.236067977,15,2.236067977,14.86606875,2,14.86606875,2.236067977,16.97056275,2,15,2.828427125,16.2788206,4.123105626,16.40121947,4.123105626,17.80449381,3.605551275,16.2788206,3.16227766,16.2788206,4.242640687,17.02938637,3.605551275,15.62049935,3.605551275,16.40121947,3.605551275,16.40121947,3.605551275,15.62049935,4.242640687,14.2126704,1.414213562,17.02938637,2,15.55634919,3.16227766,15.62049935,2.828427125,14.86606875,4.472135955,16.2788206,2,16.40121947,1,16.2788206,2
8.544003745,16.1245155,7.211102551,13.41640786,6.708203932,13.89244399,8.062257748,13.03840481,7.615773106,13.89244399,8.062257748,14.2126704,6.708203932,16.1245155,7.211102551,15.26433752,6.403124237,15.8113883,5.830951895,16.2788206,8.485281374,16.64331698,7.071067812,17.20465053,7.810249676,19.10497317,6.403124237,18.60107524,5.656854249,17.02938637,7.211102551,17.20465053,4.242640687,19.20937271,7.211102551,17.02938637,5,18.43908891,5.656854249,17.69180601,7.211102551,15.62049935,5.656854249,14.86606875,5.830951895,14.86606875,7.810249676,17.02938637,5.656854249,16.97056275,7.071067812,16.2788206
10,13.45362405,10.29563014,14.86606875,12.20655562,14.2126704,11.40175425,14.86606875,12.80624847,15.62049935,11.40175425,15.62049935,12.80624847,14.86606875,10.63014581,16.2788206,14.2126704,13.45362405,14.76482306,16.2788206,11.3137085,15,14.14213562,15.8113883,13.45362405,15,14.86606875,14.86606875,12.04159458,12.80624847,11.3137085,15,14.2126704,13.89244399,14.2126704,15,14.14213562,14.2126704,10.63014581,14.86606875,11.3137085,14.2126704,11.40175425,16.2788206,10.29563014,15.62049935,12.72792206,17.02938637,11.66190379,15,11.3137085,14.86606875
23.60084744,7.211102551,26.40075756,11.66190379,26.40075756,8.485281374,28.28427125,8.485281374,28.31960452,10.63014581,21.40093456,8.602325267,25.8069758,5.830951895,27.20294102,10.44030651,27.65863337,2.236067977,24.8394847,9.433981132,26.87005769,15.23154621,26.87005769,3.605551275,24.04163056,8.94427191,27.58622845,6.403124237,29.06888371,5.830951895,26.17250466,8,25.45584412,10.44030651,27.01851217,11.18033989,27.58622845,9.055385138,22.627417,11.40175425,28.60069929,10.44030651,30,13.45362405,26.2488095,11.40175425,22.6715681,12.04159458,20.51828453,12.04159458,26.2488095,11.18033989
7.280109889,14.2126704,8.544003745,14.86606875,7.810249676,13.45362405,9.899494937,15,8.602325267,15.62049935,7.810249676,15,8.485281374,14.86606875,8.485281374,14.86606875,9.219544457,12.80624847,9.219544457,13.45362405,8.602325267,14.86606875,8.485281374,16.2788206,9.219544457,16.2788206,9.219544457,15.62049935,10.81665383,15,10,15,9.433981132,15.8113883,8.602325267,15,9.219544457,16.2788206,8.544003745,15.62049935,9.433981132,16.2788206,7.211102551,15,7.211102551,15.62049935,8.94427191,16.40121947,8.94427191,16.2788206,7.615773106,15.62049935
3.16227766,16.40121947,5.099019514,16.40121947,4.472135955,17.69180601,2.236067977,16.97056275,3.16227766,17.02938637,3.16227766,17.02938637,4.472135955,15.62049935,4.123105626,17.02938637,3.605551275,15.55634919,2.236067977,15.62049935,2.828427125,19.10497317,2.236067977,17.02938637,3.605551275,18.43908891,4.242640687,19.10497317,5,17.80449381,4.242640687,19.10497317,5.385164807,18.43908891,5.830951895,18.60107524,5,19.10497317,5,17.69180601,4.242640687,18.38477631,4.472135955,16.97056275,3.605551275,17.69180601,3.605551275,18.43908891,4.123105626,17.69180601,1.414213562,18.43908891
15.62049935,7.615773106,14.2126704,5.830951895,15,6.403124237,17.20465053,5.385164807,16.2788206,7.211102551,16.40121947,5.830951895,19.10497317,6.403124237,17.80449381,5.830951895,18.43908891,5.830951895,19.41648784,6.403124237,18.43908891,6.403124237,17.69180601,5.656854249,17.80449381,5,15.62049935,5,16.40121947,4.242640687,19.20937271,2.236067977,18.43908891,4.242640687,17.80449381,6.403124237,17.80449381,3.605551275,17.80449381,5,17.02938637,3.605551275,17.69180601,4.242640687,17.80449381,3.605551275,17.69180601,5,16.97056275,5,16.97056275,5
14.86606875,8.544003745,13.45362405,9.433981132,13.60147051,9.433981132,16.2788206,10,13.45362405,10.81665383,14.86606875,10,16.97056275,9.899494937,15.62049935,12.04159458,16.2788206,11.3137085,14.86606875,10.63014581,14.86606875,9.899494937,14.86606875,11.3137085,16.97056275,11.40175425,14.2126704,10,14.86606875,12.80624847,16.40121947,13.45362405,14.86606875,12.80624847,15.8113883,12.04159458,16.40121947,10.63014581,15.62049935,11.3137085,14.2126704,12.72792206,13.45362405,10.63014581,14.14213562,11.3137085,16.2788206,9.899494937,14.2126704,11.40175425,15.62049935,10.63014581
10.63014581,12.52996409,9.899494937,12.20655562,9.219544457,12.20655562,9.899494937,12.80624847,9.219544457,14.2126704,11.40175425,12.80624847,9.899494937,14.14213562,9.219544457,12.80624847,10,14.86606875,10,13.45362405,12.04159458,14.86606875,10,14.14213562,10,12.72792206,10,14.14213562,10.63014581,14.86606875,10,13.45362405,10,12.72792206,10,14.14213562,10,13.45362405,10.29563014,14.14213562,10,13.45362405,10.29563014,12.04159458,10.29563014,13.45362405,10.81665383,12.20655562,11.18033989,13.60147051,11.40175425,13.45362405
10.29563014,11.3137085,13.03840481,12.04159458,12.52996409,11.3137085,11.40175425,14.86606875,11.66190379,12.80624847,11.66190379,10.63014581,12.72792206,13.45362405,12.04159458,13.45362405,12.04159458,9.899494937,10.81665383,13.45362405,12.80624847,12.04159458,14.2126704,13.45362405,13.45362405,13.45362405,13.45362405,12.72792206,12.72792206,12.20655562,14.14213562,11.40175425,13.45362405,11.40175425,12.04159458,12.52996409,12.80624847,11.3137085,12.72792206,11.66190379,13.45362405,12.72792206,14.14213562,10.81665383,12.04159458,12.20655562,11.40175425,14.4222051,11.40175425,12.20655562,12.72792206,12.80624847
15.62049935,3.16227766,15,4,15,2,16.40121947,3.16227766,15,3.16227766,16.97056275,3,16.97056275,2,17.80449381,1.414213562,16.97056275,3.16227766,16.40121947,3,18.02775638,1.414213562,17.69180601,1,15.55634919,1.414213562,16.2788206,2,17.69180601,1,17.80449381,2,17.02938637,2.236067977,17.20465053,1.414213562,16.40121947,1,16.97056275,2,17.02938637,2,16.2788206,2.236067977,16.2788206,2.236067977,16.97056275,2.828427125,17.69180601,2.236067977,16.97056275,1
13.15294644,95.38343672,15.03329638,107.8239306,7.280109889,105.6834897,11.18033989,107.9351657,17.69180601,95.01578816,16.15549442,101.0742301,16.2788206,114.3896848,19.84943324,97.41663102,11.18033989,106.780148,5.099019514,96.8297475,4.123105626,133.8693393,21.40093456,106.1508361,19.41648784,114.8651383,6.32455532,107.4476617,7.071067812,115.8835623,5.830951895,141.7674152,4,130.6330739,10.81665383,109.8772042,6.708203932,110.3449138,13.60147051,102.0686044,18.11077028,108.2266141,22.02271555,113.8990781,27.65863337,94.17536833,22.47220505,111.0720487,18.24828759,114.621115,23.08679276,104.890419
14.4222051,8.062257748,13.60147051,9.219544457,14.14213562,7.615773106,14.86606875,6.708203932,12.72792206,7.810249676,15.55634919,10.81665383,14.86606875,9.433981132,15.55634919,7.810249676,15.55634919,10,14.14213562,10.29563014,15.62049935,10.81665383,15,10,13.60147051,9.899494937,15.8113883,9.899494937,16.2788206,10.63014581,15.8113883,10,14.4222051,7.211102551,16.40121947,9.219544457,17.20465053,9.219544457,15.62049935,9.899494937,15,8.602325267,16.2788206,10,14.2126704,9.219544457,15.62049935,7.810249676,16.2788206,8.485281374,16.97056275,9.219544457
10,11.18033989,9.433981132,12.04159458,10.81665383,12.52996409,10.63014581,12.80624847,11.40175425,13.41640786,10.63014581,13.03840481,10.63014581,13.41640786,11.40175425,12.72792206,11.40175425,14.2126704,10.63014581,12.04159458,12.72792206,13.60147051,10.63014581,14.2126704,9.899494937,14.86606875,10.63014581,16.40121947,10.63014581,14.14213562,10.63014581,15.55634919,10.63014581,14.86606875,11.40175425,13.03840481,11.18033989,15.62049935,10,14.86606875,9.219544457,14.86606875,11.40175425,14.14213562,11.3137085,14.86606875,11.3137085,15.55634919,12.04159458,12.72792206,11.3137085,13.45362405
35.84689666,12.20655562,35.51056181,11.40175425,40.36087214,6.32455532,50.21951812,19.92485885,33.30165161,14,38.62641583,12.08304597,30.47950131,12.36931688,37.53664876,10.19803903,61.84658438,6.08276253,20.24845673,15.5241747,28.7923601,13.34166406,32.80243893,20.24845673,45.80392996,18.02775638,38.60051813,17.20465053,33.30165161,6.403124237,29.06888371,14.86606875,41.10960958,22.20360331,36.23534186,11.3137085,40.31128874,17.2626765,34.71310992,11.70469991,29.83286778,10.44030651,30.41381265,19.02629759,39.44616585,20.1246118,43.93176527,25.29822128,31.144823,17.4642492,33.42154993,22.36067977
14.2126704,9.486832981,12.72792206,8.544003745,14.86606875,8.94427191,14.86606875,8.94427191,14.2126704,9.848857802,15.55634919,9.848857802,15.55634919,8.062257748,16.2788206,9.848857802,14.86606875,11.66190379,13.45362405,10.63014581,14.86606875,11.66190379,14.14213562,10.81665383,17.02938637,11.40175425,14.2126704,12.20655562,14.2126704,11.40175425,16.2788206,12.20655562,14.86606875,11.40175425,15.62049935,12.04159458,15.62049935,13.60147051,14.86606875,12.04159458,14.86606875,12.20655562,13.45362405,12.04159458,14.14213562,11.66190379,14.86606875,11.40175425,13.45362405,12.72792206,16.2788206,10.63014581
2,12.04159458,2.236067977,12.80624847,2,13.60147051,1.414213562,12.80624847,2,14.2126704,2,13.60147051,3,15,2,14.4222051,2.236067977,13.60147051,1,13.45362405,1.414213562,14.2126704,0,14.86606875,1,15,1,15.62049935,0,14.86606875,1,14.4222051,1,14.86606875,1,14.4222051,0,15,0,14.14213562,0,15.62049935,1.414213562,14.86606875,1,13.60147051,1,16.2788206,1.414213562,15,1.414213562,14.14213562
11.3137085,11.66190379,9.219544457,11.66190379,9.219544457,10,11.40175425,10.63014581,10.63014581,11.40175425,9.433981132,11.66190379,11.40175425,11.66190379,10.81665383,12.80624847,13.60147051,12.80624847,12.52996409,12.20655562,11.3137085,13.45362405,10.81665383,12.04159458,10.63014581,12.80624847,11.40175425,12.04159458,13.03840481,12.80624847,10.81665383,12.80624847,8.602325267,13.45362405,11.66190379,12.04159458,9.219544457,11.66190379,10.63014581,10.63014581,10,11.40175425,10,12.04159458,10.63014581,12.20655562,10,12.04159458,11.40175425,11.3137085,12.80624847,12.72792206
3,14.4222051,2,12.72792206,1,15.62049935,0,15.55634919,1.414213562,13.89244399,3,15,2.236067977,16.2788206,2,14.2126704,1,14.2126704,1,14.2126704,2,16.40121947,3.605551275,16.2788206,2.828427125,17.02938637,2.236067977,16.40121947,2.236067977,16.2788206,5,15,2.828427125,15.62049935,2.236067977,14.4222051,2.236067977,15,3.605551275,15.62049935,1.414213562,15.62049935,3.605551275,16.97056275,1.414213562,13.60147051,2,16.40121947,3.605551275,16.2788206,2.236067977,14.86606875
10.63014581,8.94427191,12.04159458,8.94427191,9.899494937,11.18033989,10,11.40175425,10.63014581,12.08304597,9.899494937,12.52996409,10.81665383,12.80624847,10.81665383,10.81665383,9.219544457,12.52996409,10.63014581,13.03840481,11.40175425,12.80624847,11.3137085,14.2126704,10.81665383,11.3137085,10,12.80624847,9.433981132,11.40175425,10.63014581,10.63014581,10,10.81665383,12.20655562,10.81665383,10.63014581,10,9.899494937,9.433981132,10,11.66190379,10.29563014,12.04159458,11.40175425,10.63014581,11.18033989,11.3137085,11.40175425,12.20655562,11.3137085,11.3137085
12.72792206,6.708203932,12.72792206,6.32455532,10.63014581,6.403124237,14.2126704,7.071067812,11.66190379,5,12.80624847,6.708203932,12.72792206,6.708203932,13.45362405,6.403124237,12.20655562,8.602325267,12.80624847,7.071067812,14.2126704,8.602325267,12.20655562,7.810249676,13.03840481,10.63014581,13.03840481,9.219544457,13.60147051,7.071067812,13.03840481,10,12.20655562,7.211102551,13.45362405,6.403124237,13.03840481,6.403124237,13.89244399,7.810249676,12.04159458,7.071067812,15,7.071067812,15.55634919,7.071067812,14.86606875,5,16.2788206,5.656854249,15.55634919,6.403124237
2.236067977,10.63014581,4.472135955,12.20655562,3.605551275,11.40175425,4.242640687,12.04159458,5,15,3.605551275,13.89244399,3,14.4222051,2.236067977,12.04159458,5,12.80624847,2.828427125,14.2126704,2.236067977,14.86606875,3.16227766,13.60147051,1,13.45362405,2.236067977,13.60147051,2.236067977,13.45362405,2.828427125,14.4222051,2.828427125,14.2126704,1.414213562,14.86606875,2,13.45362405,1,14.2126704,2.236067977,12.80624847,2,13.60147051,2.236067977,13.60147051,2.236067977,15,2,12.04159458,3.605551275,13.45362405
12.80624847,7.810249676,13.45362405,7.810249676,11.66190379,5.830951895,12.04159458,9.219544457,11.40175425,8.062257748,12.20655562,6.403124237,14.14213562,7.211102551,12.04159458,9.219544457,12.72792206,5.385164807,12.04159458,10.29563014,14.2126704,8.94427191,13.45362405,5.830951895,14.2126704,6.403124237,13.45362405,7.071067812,14.2126704,9.219544457,14.2126704,7.615773106,12.72792206,7.615773106,14.86606875,8.062257748,13.45362405,7.615773106,14.2126704,8.062257748,11.40175425,8.94427191,12.72792206,7.810249676,12.04159458,8.602325267,12.04159458,8.602325267,14.14213562,9.219544457,13.45362405,8.062257748
11.40175425,9.899494937,10,8.485281374,9.219544457,12.04159458,10.63014581,9.899494937,10.81665383,10.63014581,11.18033989,10.63014581,10.63014581,10,11.3137085,9.219544457,13.60147051,10.81665383,12.80624847,12.52996409,12.20655562,11.18033989,13.03840481,9.433981132,12.80624847,9.899494937,12.72792206,9.899494937,12.80624847,11.40175425,11.66190379,10.81665383,10.63014581,9.433981132,11.40175425,9.433981132,10,9.219544457,12.72792206,9.433981132,12.72792206,10.63014581,10.81665383,10.63014581,11.3137085,9.433981132,12.04159458,10.29563014,11.3137085,8.485281374,10.81665383,9.899494937
8.602325267,12.04159458,7.211102551,12.80624847,8.485281374,13.60147051,7.211102551,12.04159458,9.219544457,13.45362405,9.219544457,11.3137085,8.062257748,13.45362405,8.602325267,11.40175425,9.219544457,13.60147051,7.810249676,11.40175425,10,12.80624847,10.63014581,13.45362405,11.3137085,12.72792206,9.219544457,10.81665383,10.29563014,11.66190379,11.3137085,12.04159458,9.899494937,12.04159458,9.219544457,12.52996409,10.63014581,11.40175425,9.219544457,12.80624847,9.219544457,12.80624847,8.485281374,11.3137085,9.219544457,12.20655562,9.219544457,12.20655562,8.602325267,12.80624847,8.485281374,12.72792206
2,12.80624847,3.16227766,14.86606875,2,12.80624847,2.828427125,14.2126704,1.414213562,13.60147051,3.605551275,15,2.236067977,14.2126704,2.236067977,15,3.16227766,15.62049935,6.32455532,16.2788206,3.16227766,15.55634919,2.236067977,13.45362405,3.16227766,14.2126704,4.123105626,13.45362405,2.828427125,14.14213562,5.656854249,14.2126704,3.605551275,12.72792206,4.123105626,13.03840481,3.605551275,13.45362405,2.828427125,13.03840481,4.242640687,14.86606875,4,15.55634919,3.16227766,14.14213562,3.605551275,14.86606875,2.236067977,14.86606875,2.236067977,14.2126704
7.810249676,12.72792206,6.403124237,12.04159458,7.211102551,13.45362405,7.810249676,13.60147051,7.810249676,12.72792206,7.211102551,14.4222051,9.899494937,12.20655562,8.485281374,14.86606875,7.810249676,9.899494937,8.485281374,10.63014581,9.219544457,12.04159458,9.219544457,11.40175425,7.810249676,12.80624847,9.219544457,12.80624847,10.81665383,11.40175425,10.63014581,12.04159458,10.63014581,14.2126704,9.433981132,12.20655562,9.219544457,13.45362405,9.899494937,12.80624847,9.899494937,12.80624847,9.219544457,12.80624847,9.219544457,10.81665383,10,12.80624847,8.602325267,12.72792206,7.810249676,12.04159458
11.70469991,44.10215414,18.68154169,42.94182111,14.31782106,29,12.36931688,39.8246155,15.26433752,29.06888371,10.04987562,43.27817002,15,51.73973328,23.08679276,27.78488798,8.062257748,38.83297568,6.708203932,36.87817783,25.94224354,46.69047012,11.66190379,50.44799302,19.31320792,45.79301257,12.52996409,42.42640687,18.24828759,59.20304046,18.02775638,58.41232747,12.36931688,36.87817783,18.02775638,33.73425559,13.45362405,51.42956348,12.36931688,41.01219331,16.40121947,48.27007354,8.062257748,44.65422712,13,38.60051813,27.20294102,34.20526275,15.23154621,52.49761899,24.08318916,41.77319715
17.69180601,3.605551275,13.45362405,3.16227766,14.86606875,2.828427125,14.86606875,3.605551275,14.14213562,2.828427125,15.55634919,5.830951895,14.86606875,1.414213562,14.2126704,2.236067977,16.2788206,2,17.69180601,4.123105626,17.69180601,2,15.62049935,5,16.2788206,3.16227766,14.86606875,2.236067977,16.2788206,2.236067977,14.86606875,5.099019514,16.97056275,3.605551275,16.97056275,4.472135955,15.62049935,3,16.40121947,4.123105626,14.2126704,3.605551275,15.62049935,3.16227766,15.62049935,4,15.62049935,5,13.03840481,4.472135955,18.38477631,4
5.385164807,13.45362405,5.099019514,15.55634919,5,14.86606875,6.708203932,12.72792206,5.830951895,14.86606875,5,15.62049935,7.280109889,14.14213562,6.403124237,14.86606875,7.071067812,12.72792206,4.472135955,14.14213562,7.211102551,14.86606875,7.810249676,15.55634919,7.810249676,15.55634919,7.211102551,14.86606875,7.810249676,14.14213562,8.602325267,12.04159458,7.810249676,14.4222051,7.211102551,13.89244399,9.219544457,13.45362405,6.403124237,14.4222051,7.071067812,12.04159458,7.071067812,13.45362405,6.403124237,12.04159458,6.403124237,12.72792206,7.810249676,13.45362405,5.656854249,14.14213562
2,14.86606875,1,16.40121947,3,16.40121947,1.414213562,16.40121947,2.236067977,16.2788206,2.236067977,15.62049935,4.472135955,18.38477631,2,15.62049935,4.472135955,16.97056275,2,17.69180601,3.605551275,14.2126704,3,17.69180601,4,15.55634919,4,18.43908891,3.16227766,14.86606875,6.08276253,16.2788206,4.472135955,16.97056275,2.828427125,17.02938637,5,16.2788206,4.472135955,15.8113883,3.16227766,15.62049935,5.099019514,15.26433752,0,14.4222051,2.236067977,15,3,15.62049935,1,15.55634919
12.04159458,8.544003745,10.63014581,8.602325267,12.80624847,9.219544457,13.45362405,8.602325267,11.40175425,9.899494937,10.63014581,8.602325267,12.04159458,10,10.63014581,10,11.3137085,9.219544457,9.899494937,11.3137085,12.72792206,12.04159458,11.40175425,12.04159458,11.40175425,10.63014581,10.29563014,11.3137085,9.899494937,10.63014581,10.81665383,10.63014581,10,10.63014581,10.63014581,8.485281374,10,10,9.899494937,10.63014581,9.433981132,9.219544457,11.40175425,9.899494937,8.602325267,9.219544457,10,9.219544457,10.63014581,9.899494937,12.20655562,9.219544457
5.099019514,13.45362405,5.656854249,14.14213562,5,15.62049935,5.830951895,14.14213562,5.656854249,14.2126704,5.830951895,13.60147051,5.656854249,14.14213562,6.403124237,14.2126704,5.830951895,15,6.403124237,14.14213562,5.830951895,15.62049935,6.403124237,14.2126704,7.071067812,13.60147051,7.211102551,14.86606875,5.830951895,13.60147051,6.403124237,13.60147051,7.071067812,14.4222051,7.810249676,13.03840481,6.403124237,14.2126704,6.403124237,14.2126704,6.403124237,12.04159458,8.485281374,12.80624847,5,12.80624847,5,14.2126704,5,14.86606875,5,12.80624847
12.04159458,7.810249676,12.72792206,9.219544457,10.63014581,7.071067812,13.60147051,9.219544457,10.63014581,8.485281374,12.04159458,9.219544457,12.80624847,8.602325267,12.04159458,7.071067812,12.72792206,8.602325267,13.03840481,6.708203932,14.4222051,9.899494937,13.60147051,9.219544457,11.66190379,9.219544457,12.20655562,9.899494937,13.03840481,8.602325267,13.03840481,9.219544457,13.03840481,9.219544457,13.89244399,8.485281374,13.03840481,9.899494937,14.4222051,7.071067812,13.60147051,8.485281374,11.40175425,7.810249676,13.60147051,7.071067812,12.20655562,7.071067812,12.20655562,7.211102551,13.45362405,8.485281374
1,11.66190379,1,11.40175425,1,12.80624847,3,14.14213562,2.236067977,14.2126704,2.236067977,14.2126704,2,15.8113883,0,13.45362405,1,12.72792206,3.16227766,13.45362405,1.414213562,15.62049935,1.414213562,14.2126704,2,14.86606875,1.414213562,15.62049935,1.414213562,13.45362405,1.414213562,14.2126704,1.414213562,14.4222051,1,14.4222051,1,14.4222051,0,12.80624847,1.414213562,15.62049935,0,15,0,13.45362405,1,14.4222051,1.414213562,14.2126704,1,14.2126704
7.211102551,13.45362405,6.708203932,12.20655562,6.708203932,11.40175425,6.403124237,12.80624847,7.810249676,12.20655562,9.486832981,12.04159458,8.544003745,12.04159458,6.403124237,14.86606875,8.062257748,13.45362405,8.062257748,13.45362405,7.810249676,12.20655562,7.810249676,13.45362405,7.615773106,14.2126704,7.211102551,13.45362405,9.433981132,12.80624847,10,12.20655562,10.63014581,12.04159458,9.899494937,12.20655562,8.062257748,13.45362405,9.899494937,14.2126704,10,12.72792206,10,12.20655562,9.899494937,12.80624847,7.071067812,12.04159458,9.899494937,11.40175425,7.071067812,13.45362405
16.40121947,3.16227766,15,2.236067977,15,3,14.86606875,2.236067977,15.26433752,1,15.62049935,2.236067977,17.02938637,2.236067977,17.02938637,1.414213562,16.2788206,2.828427125,14.14213562,1,17.20465053,1.414213562,18.43908891,1,15.62049935,1.414213562,17.20465053,0,16.97056275,1,17.69180601,1,15.62049935,1,18.86796226,1,18.43908891,2.236067977,17.69180601,1.414213562,17.80449381,1.414213562,16.2788206,1.414213562,15.62049935,1.414213562,17.02938637,1,16.40121947,0,19.10497317,2.236067977
12.52996409,5,13.89244399,5,11.66190379,5.385164807,11.66190379,6.403124237,13.60147051,6.708203932,13.89244399,6.32455532,15,4.123105626,13.45362405,4.242640687,16.1245155,4.472135955,17.80449381,5.830951895,17.20465053,4.472135955,16.64331698,5,15.26433752,5,13.60147051,3.605551275,16.40121947,3.605551275,15.62049935,5,14.4222051,2.828427125,17.20465053,3.16227766,13.60147051,4.472135955,14.86606875,3.605551275,16.40121947,0,14.2126704,3.605551275,15.62049935,2.828427125,14.86606875,5.656854249,14.14213562,4.472135955,14.14213562,5
6.708203932,14.2126704,6.403124237,12.80624847,5.830951895,15,6.32455532,17.02938637,6.708203932,16.97056275,7.615773106,16.2788206,6.403124237,14.2126704,10,14.2126704,8.602325267,14.2126704,7.810249676,13.45362405,7.615773106,17.80449381,9.433981132,14.2126704,8.485281374,17.80449381,7.810249676,15.62049935,9.219544457,15.55634919,7.810249676,15.62049935,9.219544457,15.26433752,8.485281374,13.60147051,7.211102551,15.55634919,7.071067812,16.2788206,6.403124237,16.2788206,7.810249676,15.62049935,7.211102551,15.55634919,7.810249676,17.69180601,7.071067812,15.55634919,7.810249676,17.02938637
1.414213562,13.60147051,2.828427125,14.2126704,2.236067977,15.62049935,2,14.14213562,1.414213562,16.40121947,3.605551275,15.26433752,1.414213562,15.62049935,3.16227766,14.14213562,1.414213562,15.55634919,1.414213562,14.14213562,1,16.2788206,1,15,3,16.2788206,1.414213562,16.97056275,1,14.4222051,2.236067977,16.97056275,1.414213562,15,1,15.62049935,2.236067977,15.62049935,2.828427125,15,1,16.2788206,1.414213562,17.20465053,1,15.62049935,0,16.2788206,2.236067977,14.86606875,1,15.55634919
5.099019514,14.4222051,3.605551275,15,4.472135955,16.64331698,4,13.03840481,4.123105626,16.64331698,4.123105626,17.80449381,5.099019514,17.69180601,3,16.40121947,4.472135955,15,5,16.2788206,2.828427125,17.02938637,3.605551275,19.20937271,4.472135955,17.02938637,2.236067977,17.02938637,1,16.2788206,4.123105626,19.20937271,3.16227766,18.43908891,2.236067977,17.80449381,1,18.02775638,0,16.40121947,3,17.69180601,2,18.38477631,3.605551275,17.02938637,2.236067977,16.2788206,2,18.43908891,4.242640687,19.20937271
17.20465053,4.472135955,17.80449381,3.16227766,17.02938637,3.16227766,16.2788206,1.414213562,17.69180601,3.605551275,16.40121947,2.828427125,16.97056275,2.236067977,17.80449381,0,17.69180601,1,18.43908891,2.828427125,17.02938637,3,19.10497317,1.414213562,18.43908891,1.414213562,19.20937271,3.16227766,19.10497317,1.414213562,19.20937271,4.123105626,17.69180601,3,19.20937271,2.236067977,17.80449381,4,19.20937271,3.16227766,17.02938637,3.16227766,17.69180601,4,16.2788206,6.08276253,19.10497317,5,19.10497317,4.123105626,16.97056275,5.099019514
6.32455532,15,6.32455532,14.86606875,8.062257748,15.55634919,6.403124237,15.62049935,7.211102551,15.62049935,7.615773106,16.97056275,6.403124237,14.86606875,6.403124237,15.62049935,7.211102551,15.55634919,6.403124237,13.60147051,7.810249676,15.62049935,6.403124237,15.55634919,7.211102551,16.2788206,7.810249676,16.40121947,7.810249676,15.55634919,7.810249676,14.86606875,7.810249676,16.2788206,6.403124237,16.40121947,7.211102551,17.02938637,7.211102551,16.2788206,7.211102551,14.4222051,6.708203932,16.64331698,6.403124237,16.40121947,7.615773106,16.40121947,8.246211251,15.62049935,6.708203932,16.2788206
12.04159458,11.18033989,12.04159458,10.81665383,12.04159458,12.80624847,12.72792206,12.20655562,11.40175425,12.20655562,11.3137085,12.20655562,12.04159458,13.60147051,12.80624847,13.45362405,13.45362405,12.80624847,10,15,9.899494937,14.86606875,11.40175425,12.80624847,11.40175425,14.2126704,11.40175425,14.2126704,12.20655562,14.14213562,14.14213562,14.14213562,12.04159458,14.86606875,11.40175425,13.45362405,11.66190379,13.45362405,11.3137085,14.14213562,13.03840481,13.45362405,11.40175425,13.45362405,12.04159458,13.45362405,10.81665383,13.60147051,12.20655562,13.45362405,13.45362405,13.60147051
5,14.86606875,2.236067977,14.86606875,2,17.02938637,1.414213562,15.62049935,1,15.55634919,3.16227766,14.86606875,2,17.02938637,2.236067977,15.62049935,3.16227766,16.2788206,0,13.45362405,1,15.62049935,0,16.97056275,3.605551275,16.97056275,2.236067977,17.02938637,2.828427125,15.55634919,2.236067977,15.62049935,3.16227766,15.55634919,2.828427125,15,1.414213562,16.2788206,2.828427125,15.55634919,2.236067977,16.2788206,2.236067977,15.62049935,2.236067977,14.86606875,1,16.2788206,2,15.62049935,1,16.2788206
26.90724809,14.31782106,26.87005769,14.31782106,27.58622845,13.89244399,28.28427125,12.80624847,28.42534081,14.2126704,29.73213749,15,28.31960452,15,27.58622845,17.20465053,29,14.86606875,28.28427125,17.20465053,31.82766093,19.20937271,29.69848481,17.20465053,30.61045573,17.69180601,29.06888371,16.64331698,28.28427125,17.69180601,31.40063694,20.51828453,30.41381265,19.79898987,28.42534081,17.02938637,27.58622845,18.43908891,27.58622845,17.02938637,26.90724809,18.38477631,26.90724809,14.86606875,27.65863337,14.86606875,30.41381265,15.55634919,29.73213749,15.62049935,29.73213749,17.02938637
5.385164807,17.69180601,4.472135955,17.20465053,3,16.97056275,2.236067977,18.43908891,4.242640687,18.38477631,3.16227766,17.02938637,4.242640687,18.43908891,3.16227766,16.2788206,4.242640687,16.40121947,5,19.20937271,3,18.43908891,3.605551275,17.02938637,3.605551275,18.38477631,3.16227766,19.79898987,6.08276253,17.80449381,3.16227766,20.51828453,3.16227766,18.43908891,4.472135955,19.84943324,4.123105626,18.43908891,4.123105626,18.43908891,2.828427125,18.38477631,5,19.79898987,4,16.97056275,5.099019514,19.10497317,2.236067977,18.38477631,5.099019514,17.02938637
12.72792206,10,10.81665383,8.062257748,12.20655562,8.485281374,12.80624847,5.830951895,12.20655562,10.63014581,12.20655562,8.485281374,12.80624847,9.219544457,12.72792206,8.485281374,13.60147051,8.602325267,11.40175425,7.211102551,15.62049935,9.899494937,13.45362405,7.211102551,12.04159458,9.219544457,12.80624847,7.810249676,12.80624847,6.403124237,13.45362405,7.810249676,12.04159458,8.485281374,13.45362405,7.810249676,13.45362405,7.810249676,12.72792206,9.219544457,12.80624847,7.810249676,11.3137085,8.602325267,12.04159458,7.211102551,12.04159458,8.602325267,12.72792206,10,12.04159458,8.485281374
14.2126704,1.414213562,14.14213562,2,16.2788206,2,14.86606875,1.414213562,16.40121947,2.236067977,15.55634919,2.236067977,16.2788206,2.828427125,15.62049935,3,17.02938637,1.414213562,15,1.414213562,17.69180601,2.828427125,17.80449381,2.236067977,14.2126704,1,15.62049935,3.605551275,16.2788206,2.236067977,16.2788206,3.605551275,16.2788206,4.472135955,16.40121947,2.828427125,15.62049935,3.605551275,15.62049935,1,16.40121947,2.236067977,15,1,14.14213562,2,15.55634919,3.16227766,15.55634919,1,17.69180601,2
15.55634919,6.708203932,14.86606875,7.071067812,16.97056275,6.403124237,16.97056275,6.708203932,15.55634919,5.830951895,14.86606875,7.211102551,16.2788206,5,14.86606875,7.810249676,16.97056275,7.810249676,15.62049935,9.219544457,17.02938637,10.63014581,16.97056275,7.071067812,15,7.810249676,15,7.810249676,15.8113883,9.899494937,16.40121947,7.810249676,15,8.485281374,17.69180601,5.656854249,15.62049935,7.071067812,15.62049935,8.485281374,14.4222051,8.062257748,14.86606875,5.656854249,15.62049935,6.403124237,15.62049935,6.403124237,16.2788206,5,14.86606875,7.211102551
17.20465053,5.099019514,16.2788206,5,17.20465053,6.08276253,17.80449381,6.708203932,15.8113883,4.472135955,16.2788206,3.605551275,14.86606875,5.385164807,15.62049935,2.236067977,17.69180601,2.828427125,17.80449381,4,19.10497317,3.16227766,18.38477631,1,14.86606875,3.16227766,15.26433752,2.828427125,18.43908891,2.236067977,15.8113883,3.16227766,17.02938637,3.16227766,17.02938637,4.123105626,17.80449381,2,16.40121947,3,17.02938637,2,17.02938637,1,18.38477631,1,17.02938637,2.236067977,17.69180601,3,16.97056275,3.605551275
8.062257748,12.20655562,7.211102551,12.04159458,6.403124237,15,7.071067812,14.14213562,7.810249676,14.14213562,7.810249676,11.66190379,8.602325267,14.2126704,8.062257748,14.14213562,8.602325267,14.14213562,7.211102551,14.14213562,8.485281374,14.86606875,7.071067812,14.14213562,7.211102551,14.86606875,7.810249676,14.4222051,6.403124237,14.86606875,7.211102551,13.45362405,7.810249676,14.86606875,6.403124237,13.45362405,6.403124237,13.45362405,6.708203932,13.45362405,7.211102551,14.14213562,6.403124237,14.14213562,6.403124237,14.86606875,7.810249676,15,6.403124237,12.04159458,8.485281374,14.14213562
4,14.14213562,3.16227766,15.8113883,4,16.97056275,3.16227766,15.62049935,0,14.2126704,2,16.2788206,3.16227766,16.2788206,3.16227766,15.62049935,1,16.2788206,2.236067977,17.20465053,1,15.55634919,1,16.2788206,1,18.38477631,2.236067977,16.2788206,2.236067977,15.55634919,1,16.97056275,1.414213562,17.69180601,2,14.4222051,2.236067977,16.2788206,2,15.62049935,2.236067977,15.55634919,1.414213562,14.86606875,1,13.45362405,1,14.86606875,1,15.55634919,1,16.40121947
3,15.8113883,1.414213562,17.80449381,1,18.43908891,2,16.2788206,2,16.40121947,1,17.20465053,0,19.10497317,0,16.40121947,0,17.69180601,2,16.2788206,1,21.21320344,2.236067977,18.38477631,2.236067977,19.10497317,1,19.79898987,2.236067977,19.10497317,2.236067977,16.40121947,0,18.38477631,2.236067977,19.20937271,1,17.69180601,1,19.20937271,0,17.69180601,1.414213562,16.97056275,2,16.2788206,3,18.43908891,1,17.02938637,2.236067977,17.69180601
16.97056275,3.605551275,16.2788206,2.236067977,17.69180601,2.236067977,17.02938637,2.236067977,17.69180601,3.605551275,19.10497317,3.16227766,17.69180601,2.236067977,17.69180601,3.605551275,17.69180601,3.16227766,17.80449381,4.123105626,19.10497317,3,18.38477631,3.16227766,17.69180601,4.123105626,17.69180601,5,17.69180601,2,19.79898987,3.16227766,18.43908891,4.123105626,17.02938637,4,18.43908891,3,17.69180601,4.123105626,16.97056275,4.123105626,16.97056275,3,16.97056275,4.123105626,16.97056275,4.123105626,16.2788206,4.472135955,17.02938637,4.123105626
5,15,6.32455532,16.2788206,5.099019514,15.8113883,3.605551275,16.2788206,3.605551275,15.55634919,3.605551275,13.60147051,4.242640687,15.62049935,2.828427125,14.86606875,4.472135955,15.55634919,6,18.43908891,5.385164807,14.86606875,3.16227766,17.69180601,4.472135955,15,4.123105626,18.43908891,3.16227766,17.69180601,4.472135955,15.62049935,3.605551275,15.55634919,5.385164807,14.86606875,3,16.40121947,5.385164807,15.62049935,3.605551275,16.2788206,4.242640687,15.55634919,4.242640687,14.14213562,5.099019514,16.2788206,3.605551275,16.2788206,6.708203932,15.62049935
15,1,15,1,12.80624847,1,13.45362405,2,13.45362405,1.414213562,15.62049935,1,14.14213562,1.414213562,14.86606875,1.414213562,16.2788206,2.236067977,14.4222051,2.236067977,15,1.414213562,12.72792206,2.236067977,14.14213562,1,13.60147051,0,15.62049935,3.16227766,14.14213562,1,16.40121947,2.236067977,13.60147051,1,13.60147051,3,13.45362405,1,13.89244399,1,12.80624847,1,13.45362405,1,14.2126704,1,13.45362405,1,14.14213562,1.414213562
5.099019514,12.20655562,4.123105626,14.2126704,4.472135955,12.20655562,4.242640687,13.45362405,4.123105626,13.60147051,5.830951895,13.60147051,3.605551275,13.60147051,3.605551275,14.86606875,2.236067977,14.86606875,3.16227766,13.45362405,5,14.86606875,3.605551275,14.86606875,3,14.2126704,2,13.45362405,2.828427125,14.2126704,2,13.45362405,2.828427125,13.89244399,3.16227766,14.2126704,3.605551275,14.4222051,4,14.14213562,3.16227766,13.45362405,2.236067977,13.60147051,4.472135955,12.04159458,4.472135955,13.45362405,2.828427125,14.2126704,3.605551275,12.72792206
7.810249676,12.04159458,7.211102551,13.03840481,8.062257748,12.20655562,11.40175425,12.04159458,7.810249676,13.60147051,6.403124237,13.03840481,7.810249676,14.2126704,9.899494937,13.45362405,7.071067812,13.45362405,9.219544457,10.63014581,9.219544457,13.60147051,9.219544457,12.72792206,9.433981132,15.55634919,7.810249676,13.45362405,7.810249676,14.86606875,8.485281374,13.45362405,6.403124237,12.80624847,7.211102551,14.86606875,8.544003745,15,7.615773106,11.40175425,9.848857802,12.04159458,8.062257748,12.04159458,6.708203932,11.18033989,8.602325267,15,6.403124237,12.04159458,9.219544457,12.20655562
7.211102551,10.63014581,8.602325267,12.04159458,7.810249676,10.63014581,6.403124237,12.04159458,7.071067812,11.3137085,7.810249676,12.04159458,8.485281374,14.14213562,7.810249676,12.72792206,7.810249676,12.04159458,9.219544457,12.04159458,8.602325267,12.80624847,8.602325267,12.80624847,8.062257748,14.14213562,7.211102551,13.45362405,8.062257748,12.04159458,8.544003745,12.04159458,8.062257748,13.45362405,8.544003745,14.14213562,8.062257748,11.3137085,7.810249676,11.3137085,8.062257748,12.04159458,8.062257748,10.63014581,6.403124237,11.40175425,9.433981132,11.40175425,8.062257748,11.3137085,8.602325267,12.04159458
10.63014581,8.062257748,10.63014581,7.211102551,9.899494937,10,12.04159458,7.071067812,11.3137085,8.602325267,12.04159458,8.062257748,10.63014581,9.899494937,11.40175425,10,10.63014581,9.433981132,10.63014581,10.63014581,12.20655562,9.899494937,12.04159458,11.3137085,10,9.899494937,10.63014581,10.63014581,10.29563014,12.04159458,12.20655562,12.04159458,9.433981132,11.3137085,10,9.899494937,10.63014581,10,8.602325267,9.219544457,11.40175425,10.63014581,9.219544457,10.63014581,10.29563014,8.485281374,10.29563014,8.602325267,10.81665383,9.899494937,10.63014581,8.485281374
10.29563014,28.31960452,7.810249676,26.2488095,9.219544457,29.73213749,9.219544457,29,10.63014581,29,9.219544457,28.31960452,12.72792206,27.58622845,13.45362405,29,12.20655562,28.28427125,14.14213562,29.06888371,11.3137085,31.89043744,12.20655562,30.41381265,13.60147051,29.06888371,12.80624847,30,12.20655562,29.41088234,14.2126704,30.61045573,13.45362405,28.8444102,12.80624847,28.8444102,14.2126704,28.60069929,13.45362405,29.20616373,13.60147051,28.3019434,11.3137085,28.8444102,12.04159458,28.60069929,11.3137085,29.20616373,9.219544457,30.23243292,9.433981132,28.60069929
2.828427125,16.2788206,1.414213562,14.4222051,1,17.69180601,1.414213562,17.02938637,1.414213562,17.69180601,2,16.2788206,2.236067977,18.43908891,0,17.69180601,1.414213562,16.40121947,1.414213562,17.69180601,1.414213562,16.40121947,1.414213562,18.38477631,1.414213562,19.10497317,4.123105626,17.69180601,3.16227766,19.10497317,2.236067977,17.80449381,4.123105626,17.20465053,2.236067977,18.43908891,2,19.10497317,1,16.2788206,2,16.97056275,1.414213562,16.40121947,1,15.8113883,1.414213562,17.20465053,1,16.40121947,1,15.62049935
10.29563014,11.40175425,10.29563014,12.80624847,10.29563014,10.63014581,8.602325267,11.40175425,7.071067812,10.63014581,6.403124237,13.60147051,7.071067812,16.40121947,9.433981132,15,8.602325267,16.40121947,11.40175425,16.97056275,9.219544457,14.86606875,7.810249676,17.02938637,6.403124237,14.86606875,8.602325267,14.86606875,7.810249676,15.8113883,8.485281374,15.55634919,8.062257748,15,5.830951895,14.86606875,7.280109889,14.2126704,5.385164807,17.02938637,7.810249676,16.40121947,7.280109889,15.55634919,5,14.86606875,6.403124237,14.86606875,7.810249676,12.04159458,7.810249676,13.45362405
18.43908891,2.236067977,18.38477631,4.123105626,17.20465053,4.472135955,16.97056275,3.16227766,17.80449381,3.605551275,16.2788206,4.123105626,16.2788206,6.08276253,19.10497317,5.385164807,17.80449381,5.099019514,17.69180601,4,17.69180601,4.123105626,17.69180601,5.099019514,17.02938637,5.385164807,17.69180601,5,15,4.123105626,17.69180601,5.099019514,14.86606875,5.099019514,16.40121947,4,14.4222051,4,17.02938637,3.605551275,15.62049935,4.472135955,17.69180601,5,15.55634919,6.32455532,16.2788206,4.472135955,15.55634919,4.242640687,14.2126704,4.472135955
12.72792206,8.602325267,14.14213562,8.602325267,16.40121947,9.433981132,16.1245155,9.219544457,14.86606875,8.602325267,12.80624847,10.81665383,15.8113883,10.29563014,15,9.219544457,17.69180601,8.062257748,15.62049935,8.485281374,15.8113883,8.602325267,15.8113883,9.219544457,14.76482306,11.18033989,17.20465053,9.433981132,16.40121947,7.211102551,14.2126704,8.544003745,13.60147051,9.486832981,13.60147051,11.40175425,14.4222051,7.615773106,15.26433752,10.29563014,13.89244399,8.246211251,16.40121947,8.94427191,11.40175425,8.544003745,11.18033989,12.08304597,11.18033989,9.848857802,11.3137085,10.29563014
5.830951895,16.97056275,6.403124237,17.02938637,6.32455532,17.69180601,3.605551275,15.8113883,5.830951895,17.69180601,5.830951895,17.69180601,5,17.69180601,5.385164807,19.20937271,3.605551275,18.60107524,6.08276253,17.20465053,4.242640687,18.86796226,5.830951895,19.20937271,5,16.97056275,4.472135955,20,7.280109889,20,6.08276253,16.40121947,6.08276253,19.20937271,6,17.69180601,7.071067812,19.20937271,4.123105626,18.43908891,4,15.55634919,5.385164807,16.2788206,6.403124237,16.2788206,5.830951895,17.02938637,6.08276253,16.2788206,7.280109889,15.62049935
13.45362405,10.77032961,15.62049935,10.81665383,14.86606875,12.52996409,16.2788206,9.433981132,15.55634919,8.94427191,16.2788206,10.81665383,14.2126704,9.219544457,14.86606875,6.403124237,17.02938637,9.219544457,15.62049935,8.602325267,18.38477631,10.63014581,17.69180601,8.062257748,18.43908891,9.219544457,16.2788206,6.403124237,15.8113883,7.211102551,15.62049935,7.211102551,16.2788206,8.246211251,16.2788206,8.544003745,14.86606875,8.602325267,14.86606875,8.602325267,14.86606875,6.708203932,15,6.32455532,13.45362405,7.810249676,14.86606875,9.433981132,14.86606875,8.94427191,14.2126704,10.29563014
4,17.02938637,5,15,2,14.86606875,2,14.86606875,2.236067977,17.02938637,2.236067977,17.69180601,3.605551275,16.40121947,2.236067977,16.40121947,2.828427125,15,2,15.55634919,3.605551275,16.2788206,5,14.86606875,3.16227766,14.86606875,3.605551275,15.62049935,5,14.14213562,5.656854249,15.55634919,4.472135955,14.86606875,5.099019514,12.52996409,3.16227766,16.2788206,3,14.86606875,4.123105626,15,4.472135955,14.86606875,2.236067977,15.62049935,3,15.62049935,3,16.2788206,3,16.2788206
5,12.80624847,3.16227766,14.14213562,2.236067977,13.60147051,1.414213562,13.60147051,2,14.86606875,5,13.45362405,1.414213562,12.72792206,3.16227766,14.14213562,3.16227766,12.04159458,5,14.86606875,2.236067977,15.55634919,2.236067977,14.2126704,2,14.86606875,2.236067977,15.55634919,2,14.4222051,5.099019514,14.14213562,2,12.04159458,3,13.45362405,4.242640687,12.80624847,2,11.3137085,4.123105626,12.72792206,1.414213562,12.04159458,4.123105626,12.04159458,3.605551275,12.04159458,4.123105626,12.04159458,5,13.45362405
11.40175425,6.403124237,10.81665383,6.708203932,10.63014581,7.071067812,10.63014581,7.071067812,10.63014581,8.602325267,9.899494937,6.708203932,10.63014581,8.485281374,9.219544457,7.810249676,11.40175425,7.211102551,11.66190379,7.810249676,11.40175425,8.485281374,12.04159458,7.211102551,10,9.433981132,10,10,11.66190379,8.485281374,11.40175425,6.403124237,10.81665383,8.485281374,10,7.810249676,10,8.485281374,11.18033989,7.810249676,10,8.602325267,10.81665383,7.071067812,10,7.810249676,10,7.071067812,10,5.656854249,11.66190379,6.403124237
13.45362405,1,12.72792206,1.414213562,10.63014581,2.236067977,11.3137085,1,9.899494937,3,12.04159458,3.16227766,11.3137085,2.236067977,12.72792206,2,13.03840481,1.414213562,13.41640786,1,12.04159458,3.605551275,14.14213562,2.828427125,10.63014581,2,9.899494937,4.242640687,12.04159458,2.236067977,13.45362405,4.472135955,13.03840481,2.236067977,13.03840481,2.236067977,12.04159458,3.16227766,13.03840481,2.236067977,11.40175425,2.236067977,11.40175425,2,13.45362405,2.236067977,12.20655562,3,12.04159458,1,12.20655562,2.236067977
17.80449381,24.75883681,19.10497317,25.49509757,17.69180601,26.2488095,17.69180601,27.01851217,17.69180601,25.61249695,18.38477631,25,19.10497317,26.90724809,16.40121947,27.01851217,19.20937271,25.61249695,19.41648784,29.83286778,18.43908891,31.89043744,17.80449381,30.41381265,18.60107524,26.87005769,15.26433752,28.31960452,17.20465053,29.41088234,18.02775638,32.01562119,15.8113883,32.64965543,15.65247584,29.41088234,16.55294536,27.65863337,18.35755975,27.20294102,16.40121947,29.06888371,19.23538406,27.65863337,17.80449381,29.20616373,18.02775638,30,20.24845673,29.20616373,18.86796226,28.42534081
13.45362405,5.830951895,13.45362405,7.810249676,12.80624847,7.211102551,14.2126704,6.403124237,12.72792206,6.403124237,13.45362405,8.485281374,13.45362405,9.219544457,12.80624847,7.211102551,12.80624847,6.708203932,12.04159458,6.708203932,15,8.602325267,12.20655562,8.602325267,13.60147051,9.433981132,11.18033989,8.602325267,13.45362405,6.708203932,14.14213562,10.81665383,13.60147051,7.810249676,13.89244399,5.830951895,14.4222051,7.615773106,13.89244399,6.708203932,13.89244399,6.708203932,13.41640786,8.062257748,13.89244399,7.211102551,14.2126704,5.830951895,14.4222051,5.830951895,14.86606875,6.708203932
17.69180601,4.242640687,17.69180601,2.828427125,16.2788206,2.236067977,17.69180601,1.414213562,16.97056275,1,18.38477631,2.236067977,18.38477631,3.605551275,17.69180601,1.414213562,18.43908891,1,20,1.414213562,20,2.236067977,20.51828453,2.828427125,19.10497317,1.414213562,18.38477631,2.236067977,19.84943324,1.414213562,19.10497317,4.123105626,19.10497317,2.236067977,19.84943324,3.16227766,19.10497317,2.828427125,17.02938637,3.16227766,17.80449381,1.414213562,19.79898987,3.16227766,17.69180601,3.605551275,18.43908891,3.605551275,19.20937271,1,20.51828453,1.414213562
10.81665383,15.55634919,11.40175425,16.40121947,10.81665383,16.2788206,11.40175425,15.55634919,10,17.69180601,10.63014581,17.69180601,10.63014581,16.2788206,9.219544457,16.97056275,9.899494937,16.40121947,11.66190379,16.40121947,10.81665383,17.02938637,10.63014581,18.43908891,10,16.40121947,9.219544457,16.97056275,10,16.2788206,11.66190379,19.10497317,9.848857802,17.69180601,10.29563014,16.2788206,10.29563014,16.97056275,9.848857802,16.2788206,11.66190379,16.2788206,10.29563014,17.02938637,9.433981132,15.62049935,12.52996409,16.40121947,10.81665383,15.62049935,11.18033989,16.2788206
19.84943324,5.830951895,19.84943324,4.472135955,18.38477631,6.403124237,19.10497317,6.403124237,16.97056275,5.656854249,19.10497317,7.071067812,19.20937271,7.810249676,19.10497317,9.219544457,20.51828453,7.810249676,19.84943324,7.810249676,20.51828453,8.062257748,20.51828453,8.062257748,17.02938637,8.544003745,17.80449381,7.615773106,19.10497317,8.94427191,18.43908891,7.615773106,19.10497317,5.385164807,17.80449381,8.062257748,17.69180601,8.062257748,16.40121947,8.544003745,18.60107524,7.615773106,16.2788206,7.615773106,17.69180601,6.32455532,18.43908891,5.099019514,16.40121947,6,17.69180601,5.099019514
14.14213562,12.20655562,14.86606875,12.72792206,15.62049935,12.04159458,15.55634919,11.3137085,15.62049935,11.3137085,16.97056275,12.04159458,16.2788206,10.63014581,14.4222051,11.40175425,16.97056275,9.899494937,17.69180601,12.80624847,17.80449381,12.72792206,15.62049935,12.20655562,17.02938637,12.20655562,16.2788206,12.20655562,17.02938637,10.81665383,15.62049935,12.04159458,15.62049935,10.81665383,14.2126704,11.18033989,16.2788206,10.63014581,14.2126704,11.40175425,14.86606875,10.63014581,13.03840481,10.81665383,13.03840481,12.04159458,13.03840481,12.20655562,12.80624847,11.40175425,13.89244399,10.81665383
17.02938637,3.605551275,18.43908891,2.236067977,18.38477631,2.828427125,17.80449381,2.828427125,16.2788206,2.236067977,17.20465053,1,19.20937271,1,17.02938637,1,17.02938637,1,17.69180601,1,19.84943324,1.414213562,18.43908891,1,17.69180601,1.414213562,17.69180601,0,17.69180601,2,18.43908891,2,17.69180601,2.236067977,16.97056275,1.414213562,17.69180601,1.414213562,16.2788206,0,16.2788206,2,15.8113883,2.828427125,16.2788206,2.828427125,14.14213562,2.828427125,15.55634919,2.828427125,15.55634919,4.123105626
16.2788206,8.94427191,16.2788206,6.708203932,16.2788206,8.062257748,15.26433752,7.071067812,14.86606875,6.708203932,15.8113883,7.211102551,15.8113883,5.656854249,16.2788206,5.385164807,17.02938637,5.656854249,16.2788206,6.403124237,16.1245155,5.830951895,15.8113883,6.403124237,17.20465053,8.602325267,15.8113883,8.94427191,14.2126704,5.830951895,15.62049935,6.708203932,13.60147051,4.472135955,14.86606875,6.708203932,14.86606875,5.830951895,14.86606875,4.123105626,12.80624847,6.32455532,12.04159458,5.830951895,12.04159458,8.062257748,10.81665383,8.062257748,13.60147051,8.602325267,11.66190379,8.94427191
6.32455532,34.40930107,7.280109889,34.13209633,8.062257748,34.71310992,6.403124237,35.38361203,9.848857802,32.64965543,8.94427191,32.64965543,8.602325267,30.8058436,6.403124237,36.12478374,11.70469991,32.55764119,11.70469991,28.01785145,9.219544457,33.9705755,12.20655562,33.60059523,11.40175425,29.20616373,8.062257748,32.52691193,8.94427191,33.60059523,6.32455532,34.05877273,10.04987562,29.41088234,14.14213562,31.11269837,11.04536102,29,9.055385138,29.69848481,11.04536102,24.18677324,5.830951895,33.60059523,5.656854249,30.47950131,5,35.84689666,2.828427125,27.58622845,10.44030651,30.8058436
13.03840481,9.219544457,13.89244399,9.219544457,10.81665383,9.899494937,12.80624847,8.602325267,12.04159458,9.219544457,10.63014581,9.219544457,10.81665383,9.219544457,11.40175425,8.602325267,11.66190379,9.433981132,9.899494937,8.94427191,11.3137085,9.433981132,10.63014581,10.77032961,11.3137085,10.29563014,9.219544457,10.81665383,10,11.40175425,10,10.81665383,9.219544457,8.602325267,10.81665383,10,10.63014581,8.94427191,10.81665383,8.602325267,9.433981132,8.602325267,9.433981132,8.062257748,10.63014581,6.708203932,10,7.280109889,10,8.544003745,10.63014581,7.280109889
101.1187421,18.78829423,89.80534505,10.29563014,105.3612832,21.26029163,96.42613754,11.40175425,92.19544457,18.38477631,99.63934966,14.4222051,94.17536833,21.26029163,92.02173656,19.72308292,88.52683209,27.58622845,86.97700846,34.71310992,99.03534723,28.17800561,102.7277957,30.46309242,92.6984358,26.30589288,92.09777413,34.92849839,83.45058418,31.6227766,96.20810777,37.16180835,84.14867795,38.32753579,80.05623024,21.9544984,88.39117603,19.31320792,89.93886813,30.06659276,79.24645102,27.20294102,85.70297544,34.13209633,67.47592163,22.20360331,89.10667764,19.41648784,73.10950691,13.15294644,79.64923101,26.92582404
17.02938637,7.615773106,15.26433752,7.280109889,17.02938637,6.32455532,16.40121947,7.280109889,16.40121947,4.472135955,15.8113883,5.830951895,17.20465053,5.656854249,16.2788206,5,16.97056275,4.472135955,16.97056275,7.211102551,17.69180601,4.242640687,17.02938637,5.830951895,16.40121947,7.211102551,15.62049935,4.242640687,17.69180601,4.472135955,15.62049935,5,14.2126704,6.32455532,15.62049935,3.605551275,14.14213562,5,14.86606875,5.830951895,16.2788206,2.236067977,15.26433752,3,12.20655562,4.472135955,13.60147051,5,14.2126704,3.605551275,15,7.211102551
5.385164807,11.3137085,4.123105626,13.45362405,5,14.2126704,4.472135955,12.80624847,4.472135955,12.80624847,6.403124237,12.80624847,6.403124237,11.40175425,4.242640687,12.20655562,5.830951895,14.2126704,4.242640687,14.86606875,6.403124237,14.2126704,5,13.60147051,5.385164807,13.60147051,5.099019514,12.20655562,5.830951895,12.80624847,6.32455532,12.72792206,5.099019514,12.20655562,6.32455532,13.45362405,5.099019514,10.63014581,5.385164807,12.04159458,5.099019514,12.20655562,4.472135955,10.63014581,6,10.63014581,5,11.18033989,5.385164807,9.219544457,6.32455532,10
13.60147051,4.472135955,13.03840481,3.605551275,13.60147051,5.830951895,12.04159458,4.242640687,12.04159458,3.605551275,10.81665383,5,12.20655562,4.472135955,12.04159458,5.830951895,14.2126704,5.656854249,12.72792206,7.071067812,14.4222051,6.403124237,12.04159458,6.708203932,11.40175425,6.708203932,12.04159458,7.211102551,12.04159458,5.385164807,12.04159458,7.810249676,12.04159458,3.605551275,10.81665383,5.830951895,8.485281374,7.211102551,10.63014581,7.211102551,10.63014581,5.385164807,9.219544457,4.472135955,10.63014581,5.830951895,10.63014581,7.211102551,10,4.123105626,12.20655562,3.16227766
12.72792206,5.099019514,14.2126704,3,12.04159458,4.123105626,12.80624847,5.099019514,12.80624847,4,14.86606875,2.236067977,13.45362405,1,14.14213562,2.236067977,15.62049935,0,14.86606875,1,12.72792206,1,14.86606875,2.236067977,11.40175425,1.414213562,13.45362405,2.236067977,12.80624847,1.414213562,11.40175425,0,12.04159458,1.414213562,14.14213562,1,12.20655562,2.828427125,13.03840481,2.236067977,13.03840481,0,12.04159458,3,12.20655562,4,11.40175425,1,12.20655562,3.16227766,12.04159458,3.16227766
5.099019514,9.899494937,6.08276253,8.602325267,5.385164807,10.63014581,3.16227766,11.40175425,5,11.3137085,4.472135955,11.3137085,1.414213562,12.04159458,3.605551275,9.219544457,3.605551275,9.899494937,5,10.29563014,2.828427125,11.3137085,4.472135955,12.20655562,2.828427125,11.3137085,1,12.80624847,1.414213562,12.72792206,3,12.04159458,2.236067977,12.04159458,2.828427125,11.3137085,2.236067977,10,3.16227766,9.899494937,2.828427125,11.3137085,2.236067977,12.04159458,2.236067977,10.63014581,3.605551275,12.04159458,3,10.63014581,3.605551275,10.81665383
12.72792206,8.062257748,12.04159458,5.830951895,12.04159458,7.810249676,11.3137085,7.211102551,12.04159458,7.810249676,12.04159458,7.071067812,12.80624847,5.656854249,11.3137085,6.403124237,11.3137085,5.830951895,11.3137085,6.403124237,12.80624847,5.385164807,12.04159458,5.830951895,13.45362405,5.830951895,14.2126704,6.32455532,12.80624847,5.656854249,12.72792206,5.385164807,12.72792206,5.385164807,12.20655562,5.385164807,13.45362405,4.472135955,12.80624847,5.385164807,11.40175425,6.403124237,11.3137085,6.403124237,12.04159458,6.708203932,12.04159458,5.830951895,11.3137085,5.830951895,12.04159458,8.94427191
1.414213562,13.03840481,1,15.62049935,2.828427125,16.40121947,2,14.86606875,2,14.86606875,2.828427125,16.2788206,1.414213562,17.69180601,3,12.72792206,3.605551275,15.55634919,4.472135955,14.2126704,3.16227766,12.80624847,1,15.55634919,4,17.02938637,4,15.62049935,2.236067977,15.62049935,2.828427125,14.2126704,1,13.60147051,4.472135955,12.80624847,1,14.2126704,1.414213562,13.45362405,2.828427125,14.86606875,4.472135955,13.60147051,1.414213562,13.45362405,2.236067977,13.45362405,3.16227766,14.14213562,4.242640687,16.40121947
3.605551275,13.45362405,4.472135955,14.86606875,5.385164807,15.55634919,3.16227766,13.45362405,4.242640687,11.3137085,4.242640687,14.14213562,3.16227766,15.55634919,3.16227766,15,4.472135955,15.55634919,4.123105626,14.14213562,5,14.14213562,1.414213562,12.72792206,5.385164807,15.55634919,2.828427125,14.14213562,2,14.2126704,1.414213562,15.62049935,3.16227766,14.2126704,4.472135955,13.45362405,3.16227766,13.45362405,5,12.20655562,5.830951895,12.80624847,4.472135955,15.62049935,5,13.45362405,5.099019514,12.20655562,4.472135955,13.45362405,5.099019514,12.72792206
8.94427191,8.602325267,10,8.602325267,10.29563014,10.81665383,10.81665383,9.219544457,8.062257748,8.485281374,8.602325267,9.433981132,8.602325267,10.63014581,10.29563014,8.485281374,8.485281374,7.810249676,9.219544457,12.04159458,10,12.04159458,9.219544457,10.63014581,6.403124237,9.219544457,7.211102551,10.63014581,7.211102551,11.3137085,8.602325267,11.3137085,6.708203932,9.433981132,8.602325267,10,6.403124237,10,7.810249676,10.63014581,7.211102551,7.810249676,7.071067812,9.899494937,7.810249676,8.062257748,7.810249676,10,7.071067812,10.63014581,7.810249676,9.219544457
12.04159458,6.403124237,12.52996409,4.472135955,11.66190379,8.602325267,10.81665383,5,12.72792206,7.810249676,12.20655562,5.656854249,10.63014581,7.211102551,12.72792206,7.211102551,12.04159458,8.485281374,8.602325267,8.485281374,10.29563014,9.433981132,11.40175425,8.062257748,9.219544457,8.602325267,8.94427191,9.433981132,8.602325267,10.81665383,10.63014581,7.071067812,9.219544457,7.211102551,11.66190379,7.071067812,10.63014581,7.810249676,8.602325267,8.602325267,7.810249676,5,10.81665383,7.615773106,11.3137085,6.403124237,11.40175425,8.062257748,8.485281374,8.544003745,11.40175425,5.830951895
4.472135955,13.60147051,2.236067977,12.04159458,2.236067977,12.72792206,1.414213562,15,1,12.80624847,1.414213562,13.45362405,1,14.4222051,1.414213562,15.62049935,2,14.2126704,1.414213562,14.4222051,3.605551275,13.45362405,4.472135955,16.2788206,2.236067977,14.2126704,3.605551275,13.45362405,2.236067977,15,4,13.45362405,2.236067977,14.2126704,1.414213562,10.81665383,3.16227766,12.72792206,4.123105626,12.04159458,3,12.04159458,2.236067977,11.40175425,2,9.433981132,3.16227766,12.80624847,1,12.04159458,3.16227766,11.40175425
4.472135955,14.2126704,5,15.62049935,3.605551275,16.2788206,3.605551275,16.40121947,2.236067977,16.40121947,2.236067977,15.62049935,3.16227766,15.62049935,2.236067977,14.86606875,3.16227766,16.40121947,5.099019514,17.69180601,4.123105626,15.62049935,5,16.40121947,4.123105626,15.62049935,5.385164807,15,4.123105626,14.4222051,4,16.97056275,5,14.86606875,3,12.80624847,4,14.86606875,4.123105626,13.45362405,4,14.2126704,4.123105626,13.45362405,5.830951895,12.04159458,4.123105626,13.03840481,5.830951895,12.04159458,5,12.20655562
6.08276253,13.89244399,4.472135955,13.45362405,5.099019514,15,5,14.76482306,4.472135955,15.8113883,2.828427125,15.26433752,5.385164807,13.60147051,5.830951895,14.86606875,4.242640687,12.52996409,6.32455532,13.03840481,5.656854249,14.2126704,6.403124237,13.03840481,8.062257748,14.2126704,7.615773106,12.72792206,7.810249676,12.80624847,7.810249676,12.80624847,6.403124237,12.72792206,6.403124237,12.04159458,6.403124237,14.2126704,5.830951895,10.63014581,6.403124237,10.63014581,6.403124237,13.45362405,3.605551275,11.3137085,4.472135955,12.04159458,5,11.40175425,5.385164807,13.60147051
12.52996409,14.86606875,10.81665383,15.62049935,12.20655562,14.86606875,12.04159458,15.8113883,11.40175425,15.55634919,13.45362405,14.14213562,12.04159458,16.40121947,12.04159458,17,12.52996409,16.40121947,12.04159458,16.2788206,13.60147051,17.20465053,12.80624847,16.55294536,11.3137085,13.41640786,10.63014581,14.4222051,10.81665383,15.62049935,11.40175425,14.4222051,11.40175425,15.8113883,12.52996409,12.80624847,10,14.4222051,12.20655562,14.4222051,11.66190379,14.2126704,11.40175425,12.80624847,9.433981132,13.03840481,10.63014581,11.66190379,11.66190379,11.18033989,12.20655562,13.89244399
4.472135955,19.20937271,5.385164807,19.20937271,5.385164807,22.20360331,5.656854249,18.86796226,4.242640687,20.80865205,4.472135955,20.80865205,5.830951895,21.40093456,5,20.61552813,6,18.60107524,6.08276253,17.02938637,5,19.84943324,6.32455532,18.43908891,7.280109889,19.10497317,6.708203932,20.51828453,6.32455532,18.60107524,7.071067812,18.38477631,6.08276253,18.38477631,5.385164807,16.97056275,7.280109889,16.97056275,6.32455532,16.2788206,6,17.69180601,5,17.02938637,5,17.69180601,5.099019514,16.2788206,4,14.86606875,4,18.43908891
21.21320344,5,20.24845673,3.605551275,21.40093456,2.236067977,22.20360331,2,21.9317122,2.236067977,19.20937271,1.414213562,22.8035085,2.828427125,21.40093456,2.236067977,22.8035085,2,19.84943324,1.414213562,21.26029163,1.414213562,20.80865205,4.123105626,19.20937271,3.16227766,19.84943324,3.605551275,18.43908891,2.828427125,20.61552813,3.605551275,18.60107524,3.605551275,18.43908891,4.123105626,19.84943324,4.472135955,17.20465053,3.16227766,16.97056275,2.236067977,19.10497317,2.236067977,15.62049935,3.605551275,16.40121947,5.656854249,15.62049935,5,17.80449381,4.472135955
41.72529209,25.8069758,31.78049716,23.40939982,39.59797975,26.40075756,41.23105626,20.1246118,43.60045871,16.1245155,43.13930922,13.92838828,36.87817783,22.82542442,44.65422712,20.51828453,41.03656906,21.40093456,44.82186966,16.40121947,34.88552709,27.45906044,42.20189569,19.20937271,36.23534186,19.6468827,33.12099032,17.72004515,40.81666326,15.65247584,37.80211634,21.47091055,43.27817002,27.65863337,35.35533906,23.85372088,36.7151195,18.86796226,31.76476035,22.47220505,32.75667871,20.1246118,34.88552709,19.02629759,28.3019434,19.6977156,31.30495168,20.61552813,34.92849839,18.38477631,24.69817807,18.02775638
10.29563014,17.69180601,9.848857802,16.97056275,10.29563014,18.38477631,8.94427191,17.02938637,8.485281374,17.20465053,7.071067812,17.69180601,7.211102551,17.69180601,5.656854249,17.20465053,5.830951895,18.02775638,8.94427191,14.86606875,7.211102551,18.86796226,8.485281374,17.20465053,8.062257748,16.40121947,7.280109889,15.8113883,6.708203932,16.40121947,7,15,6.708203932,15.8113883,8.485281374,16.64331698,6.708203932,16.40121947,8.94427191,16.1245155,7,16.64331698,6.32455532,16.40121947,6.708203932,13.03840481,7.280109889,13.60147051,10.29563014,14.31782106,7.211102551,13.41640786
9.433981132,15,8.602325267,17.49285568,11.40175425,19.41648784,10,15,10.63014581,17.69180601,12.04159458,17.69180601,12.04159458,16.2788206,10,15.55634919,9.899494937,15.62049935,11.3137085,16.40121947,9.219544457,15.55634919,13.03840481,17.02938637,11.66190379,17.69180601,12.80624847,15,14.4222051,15,13.60147051,16.2788206,11.18033989,15.55634919,11.66190379,14.4222051,9.433981132,14.86606875,10.29563014,16.40121947,10.63014581,16.2788206,10.81665383,15.55634919,10.77032961,13.45362405,8.062257748,15.8113883,8.246211251,12.72792206,9.848857802,15.62049935
19.84943324,4.123105626,19.84943324,3.16227766,18.60107524,2.236067977,20.61552813,2.236067977,20,3.16227766,21.26029163,1,22.02271555,2.236067977,20,1.414213562,22.8035085,1,23.43074903,2.236067977,23.43074903,3.605551275,21.26029163,1,19.84943324,1,21.26029163,2.236067977,19.10497317,2.828427125,19.79898987,2.828427125,19.79898987,3.605551275,20.51828453,4.472135955,19.10497317,2.236067977,17.80449381,3.16227766,17.69180601,1,16.97056275,3.16227766,18.43908891,3,19.41648784,5,17.02938637,3.605551275,18.43908891,3.16227766
6.32455532,21.21320344,4.472135955,21.21320344,6.32455532,21.26029163,4.472135955,22.02271555,4.472135955,22.02271555,4.472135955,20,3.605551275,22.6715681,5,19.84943324,3.16227766,21.9317122,5.099019514,21.21320344,5.385164807,22.627417,4.123105626,21.9317122,3.16227766,23.43074903,3.16227766,21.26029163,4,20.61552813,4,21.9317122,4,19.10497317,5.099019514,19.10497317,4.123105626,20,4.472135955,19.10497317,4.123105626,20.61552813,5.385164807,19.79898987,4.123105626,20.51828453,5.099019514,20.61552813,6.08276253,18.43908891,6.32455532,20.61552813
17.69180601,9.899494937,19.20937271,3.16227766,22.6715681,6.708203932,21.9317122,5.099019514,21.9317122,2.236067977,24.04163056,6.708203932,22.6715681,3.605551275,23.34523506,2,20.80865205,2.828427125,20.51828453,4.123105626,21.9317122,4.472135955,24.04163056,5,21.9317122,2.236067977,18.43908891,3,21.26029163,5,21.9317122,5.830951895,15.8113883,4.472135955,20.51828453,5.385164807,19.84943324,3.605551275,17.69180601,3.16227766,19.84943324,4,17.69180601,7.071067812,17.69180601,2.236067977,18.43908891,2.828427125,22.8035085,3.16227766,21.26029163,3
19.10497317,4.123105626,19.84943324,6.32455532,20.61552813,5.099019514,19.84943324,6,20.51828453,4,19.79898987,4,18.43908891,4.123105626,21.26029163,4.472135955,21.26029163,1.414213562,19.84943324,2.236067977,22.02271555,3.16227766,20.61552813,2.236067977,20.51828453,1,19.10497317,2.236067977,18.38477631,2.236067977,20.51828453,2,18.43908891,2.236067977,18.38477631,2,18.38477631,2,16.97056275,4,18.43908891,2,19.10497317,2.236067977,19.20937271,2,18.38477631,3.605551275,17.69180601,2.236067977,19.41648784,3.16227766
50.44799302,18.24828759,44.94441011,14.56021978,53.15072906,18.11077028,52.0096145,13.92838828,33.60059523,18,42.80186912,17.4642492,35.34119409,19.6468827,47.63402146,15.5241747,33.73425559,34.71310992,66.03786792,15.29705854,44.04543109,18.02775638,48.60041152,9.433981132,47.63402146,18.86796226,41.03656906,21.1896201,42.44997055,14.76482306,39.62322551,21.21320344,44.20407221,31.30495168,41.10960958,22.20360331,43.13930922,21.1896201,31.2409987,17.69180601,33.9411255,17.88854382,34.82814953,18.43908891,32.52691193,14.4222051,38.94868419,23.02172887,33.9705755,18.68154169,40.36087214,14.56021978
13.45362405,7.615773106,14.4222051,9.848857802,14.14213562,8.485281374,14.2126704,8.485281374,14.14213562,9.219544457,16.2788206,9.433981132,16.40121947,9.899494937,15,10,15.55634919,10,17.02938637,9.219544457,17.02938637,11.3137085,14.86606875,9.433981132,14.14213562,10.29563014,14.86606875,10.29563014,12.20655562,11.3137085,15.62049935,11.66190379,15.62049935,10.81665383,15.62049935,8.485281374,14.2126704,11.66190379,14.4222051,9.433981132,14.2126704,11.40175425,15.62049935,11.40175425,14.86606875,7.810249676,15.55634919,9.219544457,14.86606875,10.29563014,15.55634919,8.94427191
3.16227766,20.51828453,2.236067977,18.43908891,3.605551275,20.51828453,3.605551275,19.79898987,2.828427125,20.51828453,4.242640687,20.51828453,4.242640687,19.79898987,4.242640687,21.21320344,3.16227766,20.51828453,4.123105626,19.84943324,4.123105626,21.9317122,4.472135955,20.51828453,4.472135955,20.51828453,5.099019514,19.84943324,4,20.51828453,5.385164807,20.51828453,4.123105626,19.10497317,5.099019514,19.10497317,5.099019514,19.79898987,6,19.10497317,4,21.21320344,3.16227766,17.69180601,3,18.38477631,4.123105626,18.38477631,3.16227766,19.20937271,3.16227766,19.84943324
19.10497317,10.77032961,19.10497317,9.433981132,21.26029163,10,19.10497317,8.602325267,18.60107524,8.94427191,19.20937271,10.81665383,20.51828453,9.848857802,19.84943324,9.219544457,20.61552813,11.18033989,19.79898987,11.18033989,20.51828453,11.40175425,19.84943324,12.72792206,19.79898987,12.04159458,17.69180601,12.20655562,17.69180601,12.04159458,19.79898987,12.04159458,19.10497317,13.60147051,19.20937271,10.63014581,19.10497317,11.40175425,16.40121947,11.3137085,18.43908891,12.72792206,16.97056275,9.899494937,17.02938637,12.04159458,18.38477631,9.899494937,17.69180601,9.899494937,19.10497317,10.81665383
15.62049935,8.602325267,17.69180601,9.433981132,15.26433752,10.29563014,16.97056275,10,16.97056275,9.433981132,17.69180601,9.219544457,18.43908891,7.810249676,16.97056275,9.219544457,17.69180601,7.810249676,17.80449381,7.810249676,19.10497317,9.219544457,18.43908891,8.062257748,17.02938637,7.810249676,17.80449381,8.602325267,17.80449381,7.211102551,18.38477631,7.615773106,16.97056275,8.062257748,16.97056275,6.32455532,19.10497317,7.810249676,16.97056275,7.615773106,15.55634919,7.211102551,16.2788206,8.602325267,16.2788206,8.062257748,16.2788206,10.77032961,15.62049935,8.485281374,16.40121947,8.602325267
12.04159458,13.60147051,13.60147051,15,10.63014581,15.55634919,11.3137085,14.86606875,12.04159458,15.62049935,10.63014581,15.55634919,11.3137085,15.55634919,11.40175425,16.97056275,12.04159458,14.86606875,11.40175425,15,12.80624847,16.40121947,11.40175425,15.62049935,12.20655562,14.86606875,10.63014581,17.02938637,10.81665383,17.02938637,11.66190379,17.02938637,10,14.86606875,11.66190379,15.55634919,12.20655562,16.40121947,10.81665383,14.86606875,10.81665383,15.62049935,10,15.62049935,10,14.14213562,10.81665383,15.62049935,11.66190379,15.62049935,12.80624847,15.26433752
3,17.69180601,4,18.43908891,4.123105626,19.79898987,4.123105626,17.69180601,4.472135955,19.20937271,5.385164807,19.10497317,5,17.69180601,2.828427125,18.43908891,3.605551275,19.79898987,4.123105626,20.51828453,3.16227766,19.79898987,6.403124237,17.69180601,5.385164807,19.79898987,4.472135955,18.38477631,5.385164807,17.80449381,3.605551275,17.02938637,6.32455532,17.02938637,5.830951895,17.02938637,6.32455532,17.69180601,5,18.60107524,4.472135955,17.80449381,4.472135955,18.38477631,5.656854249,17.69180601,3.605551275,17.80449381,6,17.69180601,4.123105626,18.43908891
11.18033989,18.43908891,12.80624847,15.55634919,12.20655562,16.97056275,10.81665383,17.20465053,10,16.97056275,12.72792206,18.38477631,12.80624847,17.02938637,11.40175425,16.97056275,12.80624847,16.2788206,11.18033989,16.2788206,12.04159458,16.2788206,12.52996409,14.86606875,12.04159458,17.69180601,12.80624847,16.97056275,12.80624847,14.86606875,13.45362405,15,15,17.02938637,11.3137085,16.40121947,12.80624847,15.8113883,12.20655562,15.62049935,11.40175425,14.86606875,12.04159458,15,10.81665383,15,10.29563014,17.20465053,12.80624847,17.02938637,10,16.97056275
11.40175425,13.45362405,10,14.86606875,8.485281374,14.86606875,10.63014581,14.86606875,7.810249676,15.62049935,9.899494937,14.2126704,10.63014581,15.55634919,9.219544457,15.62049935,9.219544457,16.2788206,8.602325267,16.97056275,10,16.2788206,10.81665383,15,9.433981132,14.86606875,11.66190379,15.55634919,10,15.62049935,8.94427191,14.86606875,8.94427191,15,10.29563014,13.45362405,9.848857802,14.86606875,10.29563014,15,9.848857802,12.80624847,8.94427191,13.45362405,9.433981132,14.2126704,10.81665383,12.80624847,10.81665383,12.20655562,10.81665383,13.03840481
19.10497317,4.472135955,18.38477631,6.08276253,19.10497317,4.472135955,20.51828453,4.472135955,20,4.123105626,19.79898987,4.242640687,18.43908891,3.605551275,17.02938637,5,21.21320344,5,19.79898987,3.16227766,21.9317122,5.099019514,19.79898987,6.32455532,19.79898987,7.615773106,18.43908891,8.062257748,19.10497317,6.403124237,19.79898987,6.708203932,19.10497317,6.708203932,19.10497317,5.385164807,16.97056275,6.32455532,19.10497317,5,18.43908891,4.123105626,16.2788206,5.385164807,17.69180601,4.123105626,18.38477631,4.472135955,17.69180601,4.123105626,16.97056275,4
6.708203932,29,7.810249676,30.41381265,5.830951895,31.82766093,7.810249676,32.52691193,7.071067812,31.82766093,7.810249676,31.82766093,9.219544457,32.52691193,7.810249676,29,9.219544457,30.41381265,7.810249676,29.69848481,10.29563014,33.9411255,10.77032961,29.73213749,10.44030651,32.52691193,10.81665383,31.82766093,9.433981132,29.06888371,11.66190379,31.82766093,9.433981132,29.73213749,8.062257748,31.144823,9.433981132,30.47950131,9.848857802,29.73213749,9.433981132,30.47950131,10.44030651,29,6.708203932,28.31960452,6.708203932,29,9.219544457,30.41381265,8.062257748,31.82766093
4.123105626,17.69180601,1.414213562,16.97056275,5.099019514,18.43908891,4.242640687,17.69180601,3.16227766,18.43908891,4.123105626,17.69180601,5.656854249,19.10497317,5.656854249,17.69180601,3.605551275,17.69180601,4,17.02938637,4.472135955,19.10497317,5.830951895,18.43908891,6.32455532,18.38477631,5.830951895,16.97056275,5.830951895,17.20465053,6.08276253,18.38477631,5.385164807,16.2788206,3.605551275,17.02938637,4.472135955,16.97056275,4.472135955,17.80449381,6,16.2788206,5.830951895,16.97056275,3.605551275,17.02938637,3.16227766,16.97056275,3.16227766,17.02938637,5,16.97056275
7.810249676,15.62049935,6.708203932,17.02938637,6.708203932,16.97056275,7.211102551,16.97056275,5.656854249,16.2788206,5.656854249,16.97056275,6.403124237,16.97056275,5.656854249,19.10497317,5.656854249,17.02938637,5.656854249,17.02938637,5,17.69180601,6.403124237,17.69180601,5.385164807,19.10497317,5.830951895,17.69180601,5.099019514,17.02938637,5.099019514,17.69180601,7.211102551,17.69180601,7.211102551,17.69180601,7.280109889,17.02938637,5.385164807,15.55634919,6.32455532,15.55634919,4.123105626,15.55634919,6.403124237,14.2126704,6.708203932,16.2788206,7.071067812,14.86606875,7.211102551,15
15.62049935,10.29563014,14.4222051,10.63014581,15,10,14.2126704,10.81665383,15,11.40175425,13.60147051,10.81665383,13.60147051,11.3137085,13.45362405,12.72792206,14.14213562,12.80624847,14.14213562,12.04159458,12.72792206,10.63014581,14.86606875,11.66190379,13.45362405,12.04159458,13.45362405,11.3137085,13.45362405,11.66190379,14.14213562,11.40175425,12.04159458,11.66190379,13.60147051,12.72792206,12.20655562,11.40175425,12.52996409,10,13.60147051,10.81665383,11.40175425,13.03840481,10.63014581,10.81665383,13.60147051,9.433981132,14.86606875,10,13.60147051,8.602325267
5,21.40093456,3.605551275,21.21320344,5.099019514,20.51828453,3.16227766,19.20937271,4,20.51828453,3.16227766,19.79898987,3.16227766,23.34523506,3.605551275,20.51828453,6.403124237,19.84943324,4.242640687,19.79898987,5.656854249,21.9317122,5,23.34523506,4.472135955,21.21320344,5.656854249,20.61552813,5,20.51828453,8.062257748,21.21320344,6.708203932,20.61552813,5.830951895,20,7.211102551,21.26029163,8.062257748,20.51828453,5,19.20937271,5,19.10497317,3.605551275,20.51828453,3.605551275,20.61552813,5.830951895,19.84943324,4.123105626,19.10497317
20.61552813,7.071067812,24.20743687,7.280109889,24.08318916,5.830951895,21.9317122,7.071067812,23.34523506,7.615773106,21.9317122,8.544003745,22.6715681,6.403124237,24.04163056,5,24.8394847,5.830951895,26.2488095,5,26.87005769,7.071067812,24.08318916,5,22.6715681,5.830951895,23.43074903,5,24.08318916,5.099019514,24.75883681,6.403124237,22.6715681,4.123105626,24.04163056,4.472135955,23.34523506,6.403124237,22.6715681,5.830951895,23.34523506,5,22.627417,7.615773106,23.43074903,4.472135955,22.6715681,5.830951895,21.26029163,5.099019514,21.21320344,6.32455532
18.43908891,7.211102551,18.43908891,7.211102551,18.38477631,7.615773106,19.10497317,8.062257748,19.10497317,6.403124237,19.10497317,7.810249676,19.84943324,7.071067812,21.26029163,7.211102551,18.38477631,8.062257748,21.9317122,10,19.10497317,6.403124237,19.10497317,7.615773106,22.6715681,6.403124237,22.6715681,7.071067812,20.61552813,7.810249676,19.79898987,6.32455532,20.51828453,6.32455532,20.51828453,8.246211251,19.79898987,7.615773106,21.21320344,8.246211251,19.20937271,6.708203932,17.80449381,6.708203932,17.69180601,7.615773106,17.80449381,8.602325267,17.20465053,6.403124237,18.43908891,7.615773106
17.80449381,9.848857802,16.40121947,9.433981132,19.20937271,9.433981132,19.20937271,11.66190379,17.80449381,10.29563014,18.43908891,9.848857802,19.84943324,8.94427191,19.10497317,8.602325267,19.79898987,9.219544457,17.02938637,9.899494937,21.21320344,9.899494937,18.43908891,6.708203932,20.51828453,8.602325267,19.79898987,7.211102551,20.51828453,5.830951895,19.79898987,5.830951895,19.10497317,6.403124237,19.41648784,6.403124237,19.10497317,5.830951895,20.51828453,6.403124237,18.38477631,7.071067812,19.10497317,5.830951895,18.38477631,5,17.69180601,6.708203932,19.10497317,6.708203932,16.2788206,7.810249676
4,16.2788206,3,16.2788206,3,16.97056275,3.16227766,16.40121947,3,16.97056275,3.16227766,15.55634919,1.414213562,18.38477631,2,14.86606875,1,18.38477631,2.236067977,17.69180601,1,17.69180601,1,17.02938637,2.236067977,16.97056275,1,18.43908891,1.414213562,16.97056275,2.236067977,17.69180601,1.414213562,17.69180601,1,17.02938637,2.236067977,17.69180601,2,16.2788206,2.236067977,15.55634919,1.414213562,17.69180601,2.236067977,15.62049935,3.16227766,15.55634919,1,15.55634919,3.16227766,16.2788206
10,13.45362405,9.219544457,13.45362405,10,14.14213562,9.899494937,14.86606875,11.40175425,13.45362405,10,13.45362405,10.63014581,14.2126704,11.3137085,14.14213562,12.72792206,12.72792206,12.04159458,12.80624847,11.3137085,12.72792206,12.80624847,14.86606875,12.80624847,14.14213562,11.3137085,15.62049935,12.20655562,12.04159458,12.72792206,13.60147051,11.40175425,12.80624847,12.04159458,12.52996409,12.80624847,14.86606875,12.04159458,13.60147051,11.3137085,14.2126704,10.63014581,13.45362405,10.63014581,12.72792206,9.899494937,13.60147051,10,14.2126704,11.40175425,13.45362405
19.20937271,1.414213562,18.38477631,4.242640687,18.38477631,2.236067977,19.79898987,2.828427125,18.38477631,3,17.02938637,3,18.43908891,3.16227766,18.43908891,4,17.80449381,6.08276253,21.26029163,6.08276253,20.51828453,5.099019514,20.51828453,4.123105626,19.84943324,3.16227766,19.10497317,2.236067977,19.79898987,3.605551275,19.10497317,3.16227766,19.84943324,4.472135955,19.84943324,2.236067977,17.69180601,1,18.38477631,4.472135955,17.69180601,6.08276253,18.38477631,1,17.80449381,3.605551275,15.8113883,0,19.10497317,3.605551275,17.69180601,1.414213562
6.403124237,13.45362405,7.280109889,14.2126704,7.615773106,15.8113883,7.071067812,18.38477631,6.403124237,17.02938637,6.403124237,15.62049935,7.810249676,16.2788206,7.810249676,14.86606875,8.602325267,12.72792206,9.899494937,17.69180601,10.63014581,16.2788206,10,15.55634919,10.29563014,17.02938637,8.602325267,15,8.062257748,15.8113883,9.433981132,16.2788206,8.602325267,15.62049935,7.211102551,15,7.810249676,15.55634919,7.211102551,16.40121947,7.810249676,14.86606875,7.615773106,14.2126704,7.615773106,15,7.615773106,16.1245155,7.615773106,15,6.708203932,15
6.708203932,14.2126704,6.32455532,14.2126704,7.071067812,14.2126704,8.062257748,13.45362405,5.830951895,14.86606875,5.385164807,15,5.830951895,14.86606875,7.211102551,15.55634919,4.242640687,16.2788206,5.830951895,17.02938637,6.403124237,16.97056275,5.656854249,15.55634919,6.708203932,17.02938637,5,17.02938637,3.605551275,17.02938637,7.211102551,15,5.385164807,17.02938637,6.32455532,17.02938637,4.472135955,16.2788206,4.472135955,15.62049935,4.123105626,15.55634919,4.472135955,14.86606875,5,14.14213562,6.403124237,16.2788206,5.830951895,14.86606875,7.211102551,15.62049935
7.280109889,14.86606875,7.615773106,16.97056275,5.830951895,16.2788206,5.385164807,17.02938637,6.403124237,17.69180601,3.605551275,17.69180601,4.472135955,18.38477631,6.32455532,18.38477631,4.242640687,16.2788206,5.385164807,15.62049935,5,17.69180601,4.242640687,18.38477631,4.123105626,19.79898987,4.472135955,18.43908891,4.472135955,16.97056275,5.385164807,19.10497317,4.472135955,19.10497317,5,17.69180601,4.472135955,19.10497317,5,16.2788206,3.605551275,16.2788206,4.123105626,16.97056275,5,16.97056275,4.472135955,17.69180601,5,16.40121947,5.830951895,17.69180601
10.81665383,13.03840481,12.04159458,11.66190379,11.18033989,12.80624847,9.899494937,14.86606875,11.40175425,13.45362405,10.63014581,14.2126704,10.29563014,14.14213562,10.63014581,15.62049935,11.3137085,15.55634919,8.602325267,16.2788206,9.219544457,15.55634919,12.20655562,16.2788206,8.485281374,16.2788206,10.63014581,14.86606875,9.219544457,14.86606875,12.72792206,17.02938637,10.81665383,15.55634919,10,15,8.602325267,16.40121947,10,15.62049935,8.94427191,16.97056275,8.602325267,15.55634919,10,15.62049935,10.29563014,15.62049935,10.63014581,16.2788206,12.80624847,14.86606875
17.02938637,10,17.02938637,11.18033989,16.2788206,14.2126704,16.40121947,12.80624847,12.04159458,13.45362405,15,13.45362405,15.62049935,11.3137085,16.2788206,12.04159458,16.40121947,14.2126704,14.86606875,13.45362405,15.8113883,14.86606875,16.2788206,12.80624847,14.86606875,15.55634919,14.86606875,14.14213562,12.80624847,12.80624847,15,17.02938637,16.2788206,12.04159458,14.4222051,11.40175425,13.60147051,14.2126704,13.41640786,14.86606875,14.2126704,12.04159458,13.89244399,14.2126704,12.80624847,13.45362405,15.26433752,14.14213562,15.62049935,15,17.20465053,11.40175425
15.55634919,2.828427125,18.38477631,5,17.80449381,3,18.43908891,2.236067977,16.97056275,1.414213562,18.43908891,3.16227766,19.10497317,2,18.43908891,1,19.10497317,3.605551275,19.20937271,2.236067977,19.84943324,2.236067977,18.38477631,3.16227766,18.38477631,4.242640687,17.69180601,4.242640687,19.10497317,4.123105626,19.20937271,2.236067977,19.10497317,4.123105626,17.80449381,3.16227766,17.02938637,2.828427125,18.43908891,3.16227766,17.02938637,1,16.40121947,4.242640687,18.38477631,3.16227766,17.69180601,4.123105626,17.80449381,4.123105626,17.80449381,3.16227766
5.099019514,15.55634919,4.472135955,15.55634919,4.472135955,17.80449381,2,16.2788206,2.236067977,18.43908891,2.236067977,17.69180601,1.414213562,16.97056275,2.236067977,18.43908891,1,17.69180601,1,17.69180601,1,17.69180601,2,16.97056275,1,19.10497317,1,19.10497317,1,19.10497317,1,19.10497317,1.414213562,19.10497317,1.414213562,17.80449381,1.414213562,17.69180601,1,19.10497317,3.16227766,16.97056275,3,17.69180601,1,17.02938637,3.605551275,17.02938637,0,18.43908891,2,17.80449381
3.605551275,18.38477631,3.16227766,17.69180601,4,20.51828453,2,19.84943324,1.414213562,20.51828453,4.123105626,19.10497317,2,19.79898987,1,19.84943324,2.828427125,18.38477631,4.123105626,21.26029163,1,19.10497317,2,20.51828453,2,19.84943324,2.236067977,21.26029163,2.828427125,19.84943324,3.605551275,17.80449381,5,17.69180601,2.236067977,17.02938637,6.403124237,18.60107524,4.123105626,20.51828453,2.828427125,19.10497317,4.472135955,19.20937271,1,18.43908891,2.236067977,21.21320344,4.123105626,17.69180601,1.414213562,18.43908891
6.32455532,16.40121947,5.385164807,14.86606875,6.32455532,17.69180601,5.385164807,16.2788206,5,17.69180601,5,17.80449381,5,19.10497317,6.08276253,19.10497317,5.830951895,17.02938637,5.385164807,15.55634919,5,16.2788206,3.605551275,19.10497317,2.236067977,18.43908891,1.414213562,18.38477631,2.828427125,17.02938637,3,17.69180601,1.414213562,17.02938637,3,15.62049935,3.16227766,18.43908891,3.16227766,17.80449381,5.830951895,17.69180601,4.472135955,15.62049935,3,17.80449381,6.403124237,16.97056275,4.123105626,17.69180601,5.385164807,18.43908891
10.81665383,9.219544457,9.899494937,9.219544457,12.20655562,12.04159458,12.04159458,10.63014581,9.899494937,11.3137085,11.3137085,10.63014581,12.04159458,7.810249676,11.40175425,9.219544457,11.40175425,11.40175425,10,9.219544457,11.66190379,10.63014581,12.04159458,8.602325267,12.20655562,11.3137085,12.72792206,10.81665383,12.04159458,10,12.80624847,10.29563014,9.899494937,11.66190379,11.3137085,11.66190379,10.29563014,10.29563014,10.29563014,9.433981132,10.81665383,10.29563014,8.94427191,11.66190379,7.810249676,12.20655562,10.63014581,11.66190379,9.899494937,12.20655562,9.219544457,9.433981132
8.246211251,14.2126704,8.544003745,13.45362405,7.280109889,16.2788206,8.602325267,13.45362405,8.062257748,14.86606875,8.602325267,16.2788206,9.433981132,14.86606875,7.615773106,14.14213562,9.433981132,12.04159458,9.219544457,14.2126704,9.899494937,13.45362405,10.63014581,15.62049935,9.219544457,13.45362405,9.219544457,13.60147051,9.219544457,12.72792206,7.810249676,13.60147051,10,14.14213562,7.810249676,13.60147051,9.219544457,14.14213562,9.219544457,12.20655562,8.485281374,14.2126704,7.810249676,13.60147051,7.071067812,15.26433752,7.211102551,13.03840481,9.219544457,14.14213562,7.071067812,14.86606875
15,7.280109889,13.45362405,6.708203932,14.2126704,7.211102551,14.86606875,7.211102551,12.80624847,7.810249676,14.86606875,6.403124237,16.40121947,7.615773106,14.14213562,5.656854249,15.55634919,6.403124237,15.8113883,7.211102551,15.55634919,7.211102551,15.55634919,7.211102551,15.55634919,5.830951895,14.86606875,7.810249676,15.62049935,5.830951895,16.2788206,6.32455532,16.2788206,5.830951895,15,6.403124237,14.14213562,5,14.2126704,5.830951895,15.55634919,5.385164807,13.45362405,5.385164807,13.45362405,7.211102551,13.45362405,8.062257748,12.04159458,7.211102551,14.14213562,5.385164807
15.55634919,7.211102551,16.97056275,8.062257748,15.62049935,8.602325267,18.43908891,7.071067812,15.62049935,5.830951895,17.80449381,6.403124237,13.45362405,8.602325267,16.2788206,8.602325267,16.40121947,8.485281374,13.45362405,10.29563014,16.2788206,9.433981132,15.62049935,8.602325267,16.2788206,8.602325267,18.38477631,9.433981132,14.2126704,10.63014581,17.02938637,10,17.02938637,10,15.62049935,9.219544457,15,9.219544457,15.62049935,7.071067812,15.62049935,11.40175425,15,9.219544457,14.86606875,7.810249676,16.40121947,7.071067812,16.97056275,8.602325267,16.97056275,9.219544457
11.3137085,13.45362405,9.899494937,13.45362405,9.899494937,12.80624847,9.848857802,11.40175425,10.63014581,12.80624847,9.899494937,12.04159458,10.63014581,12.80624847,12.20655562,13.45362405,9.433981132,10.63014581,11.66190379,11.3137085,9.899494937,12.80624847,9.848857802,12.80624847,11.18033989,13.03840481,12.20655562,12.80624847,10.81665383,14.2126704,11.18033989,12.52996409,10.81665383,13.89244399,11.66190379,13,11.40175425,11.40175425,7.810249676,12.80624847,9.219544457,13.03840481,10.29563014,13.89244399,7.211102551,13.03840481,7.211102551,14.4222051,8.94427191,12.20655562,10.81665383,13.03840481
4.242640687,15.62049935,4.242640687,17.69180601,1.414213562,18.43908891,3.16227766,15.55634919,3,17.69180601,3.16227766,18.43908891,1,18.38477631,3.16227766,15.55634919,2.236067977,20.61552813,1,18.43908891,1.414213562,17.69180601,2.236067977,17.69180601,3.605551275,18.38477631,4.242640687,18.38477631,2.828427125,16.97056275,2.828427125,17.69180601,5,17.69180601,3.16227766,14.86606875,2.236067977,16.97056275,2.828427125,17.20465053,4.472135955,16.97056275,2.236067977,17.20465053,2,16.97056275,3,16.2788206,4.123105626,16.40121947,1.414213562,17.80449381
13.45362405,1.414213562,12.80624847,1,14.14213562,1,16.2788206,1,14.86606875,3,14.14213562,3.16227766,16.40121947,1,17.02938637,2.236067977,17.02938637,1,16.2788206,1.414213562,16.97056275,2.828427125,17.02938637,4.242640687,17.02938637,2.236067977,15.62049935,3.605551275,16.97056275,3,15.62049935,4.123105626,15.62049935,2.236067977,15.26433752,2.828427125,15.26433752,4.472135955,13.60147051,3.605551275,15.8113883,4.123105626,15.8113883,3.16227766,14.86606875,4,17.02938637,7.071067812,14.86606875,4,17.02938637,4.242640687
5.099019514,11.3137085,5.385164807,14.86606875,2.236067977,12.72792206,4.472135955,13.45362405,3.605551275,13.45362405,3.605551275,15,3.605551275,13.45362405,2.828427125,14.86606875,3.605551275,15.62049935,5.385164807,16.2788206,2,14.86606875,2,12.72792206,2.236067977,14.14213562,3,13.45362405,3.16227766,15.55634919,2.828427125,13.45362405,2.828427125,14.86606875,2.828427125,13.45362405,3.16227766,14.86606875,3.16227766,12.80624847,2.236067977,14.2126704,4.123105626,14.14213562,5,12.80624847,4,13.45362405,3.605551275,13.45362405,4.242640687,12.72792206
14.4222051,26.2488095,15,27.65863337,14.86606875,28.31960452,15.8113883,29,14.2126704,28.31960452,14.14213562,29.73213749,15.55634919,29.73213749,12.04159458,27.65863337,13.45362405,30.41381265,9.899494937,30.41381265,13.45362405,32.52691193,12.52996409,30.47950131,10.77032961,31.89043744,12.52996409,31.82766093,13.03840481,30.41381265,11.66190379,31.82766093,12.52996409,31.144823,12.52996409,29.73213749,12.52996409,29,13.03840481,29,12.20655562,29.06888371,14.4222051,28.42534081,13.89244399,26.87005769,13.89244399,29,15.26433752,28.28427125,16.1245155,28.28427125
14.14213562,10.63014581,13.45362405,10.63014581,14.86606875,10.63014581,15,10.63014581,15.55634919,10.63014581,15.62049935,9.219544457,15.62049935,12.04159458,13.45362405,13.41640786,13.60147051,9.219544457,12.80624847,10.63014581,14.4222051,12.20655562,13.45362405,13.60147051,14.2126704,12.04159458,15.62049935,11.40175425,13.89244399,13.60147051,15.26433752,10.29563014,16.1245155,10.81665383,14.4222051,9.433981132,15.23154621,10,15.26433752,8.602325267,13.60147051,7.211102551,15.62049935,10.29563014,17.20465053,9.848857802,15.62049935,10.77032961,15.26433752,8.602325267,15.8113883,10.63014581
14.31782106,27.58622845,13.03840481,29,14.4222051,29,12.80624847,29,13.41640786,30.41381265,14.76482306,29,16.40121947,29,14.86606875,26.87005769,14.86606875,29.06888371,14.86606875,29.73213749,16.2788206,29.73213749,15.8113883,31.82766093,17.02938637,29,17.69180601,27.80287755,15.55634919,26.90724809,18.38477631,29.06888371,17.69180601,28.31960452,15.55634919,27.01851217,14.86606875,24.8394847,16.40121947,27.01851217,15.55634919,26.2488095,14.14213562,28.60069929,12.72792206,25.61249695,15,27.65863337,13.03840481,29.06888371,14.4222051,28.60069929
11.40175425,14.2126704,10.29563014,14.2126704,8.602325267,13.45362405,10.81665383,15.62049935,9.219544457,14.86606875,9.219544457,15.55634919,10.63014581,15.55634919,9.219544457,16.97056275,10.63014581,16.2788206,10,15.8113883,9.433981132,15.55634919,8.485281374,15.62049935,8.602325267,15.55634919,7.810249676,16.2788206,8.602325267,17.69180601,10,16.2788206,7.810249676,15.55634919,9.433981132,16.97056275,8.602325267,16.2788206,9.433981132,14.86606875,7.615773106,16.2788206,8.94427191,15.62049935,9.899494937,13.45362405,11.66190379,14.86606875,8.94427191,15.62049935,10.63014581,14.86606875
7.211102551,17.69180601,6.08276253,18.38477631,7.810249676,17.02938637,6.403124237,19.20937271,8.602325267,21.26029163,6.403124237,18.43908891,7.071067812,19.10497317,7.071067812,17.69180601,7.280109889,19.84943324,7.615773106,21.21320344,7.071067812,21.21320344,7.211102551,17.69180601,7.211102551,19.84943324,6.32455532,19.10497317,6.32455532,17.80449381,7.071067812,21.9317122,5.099019514,19.84943324,6.32455532,19.84943324,7.211102551,21.26029163,7.615773106,19.10497317,5.385164807,18.43908891,7.211102551,16.2788206,6.08276253,16.97056275,7.615773106,17.69180601,8.544003745,16.97056275,8.062257748,15
6.708203932,15.62049935,8.062257748,16.97056275,6.403124237,16.97056275,6.708203932,17.69180601,7.071067812,17.69180601,6.403124237,19.79898987,6.403124237,16.97056275,5.830951895,16.2788206,7.211102551,17.02938637,7.071067812,18.43908891,7.211102551,16.2788206,4.242640687,16.2788206,4.242640687,19.20937271,5.830951895,17.69180601,5.830951895,18.38477631,7.071067812,17.02938637,4.472135955,17.02938637,5.830951895,15.62049935,7.280109889,17.02938637,5,17.02938637,5,16.2788206,5.385164807,16.2788206,7.280109889,14.86606875,7.211102551,16.40121947,6.403124237,15.62049935,6.708203932,14.2126704
12.04159458,11.3137085,13.60147051,8.062257748,14.2126704,8.602325267,12.04159458,10,14.2126704,12.04159458,13.45362405,10,14.4222051,9.899494937,15.62049935,10.81665383,15.55634919,8.602325267,13.60147051,8.485281374,15.55634919,9.433981132,14.2126704,7.211102551,14.2126704,12.04159458,15.26433752,12.04159458,15.62049935,7.810249676,14.4222051,9.899494937,14.2126704,7.810249676,13.45362405,8.062257748,14.2126704,7.071067812,16.2788206,7.810249676,13.45362405,9.433981132,15,7.810249676,14.14213562,8.602325267,15.62049935,7.211102551,14.4222051,9.433981132,11.18033989,9.219544457
9.848857802,14.14213562,8.602325267,14.86606875,7.071067812,14.86606875,10.81665383,15.55634919,8.94427191,15.55634919,9.848857802,16.2788206,7.211102551,14.86606875,8.602325267,15.55634919,5.830951895,17.02938637,4.242640687,17.02938637,8.485281374,17.02938637,6.403124237,16.97056275,7.810249676,16.40121947,4.472135955,16.2788206,6.708203932,16.97056275,8.485281374,15.62049935,5,15.62049935,6.403124237,15.62049935,7.211102551,15.55634919,6.403124237,15.55634919,7.810249676,14.86606875,6.403124237,13.45362405,8.602325267,15,8.544003745,14.4222051,6.403124237,14.86606875,8.062257748,12.20655562
14.86606875,3.16227766,16.97056275,0,17.02938637,1,18.38477631,2.236067977,15.62049935,1,17.20465053,2,16.97056275,1,16.2788206,2,18.60107524,0,15.62049935,2.236067977,15.62049935,2.236067977,15.62049935,3.605551275,16.2788206,3,16.2788206,1,16.2788206,3,16.2788206,2.236067977,14.86606875,3,17.80449381,3.16227766,14.86606875,3.605551275,15.62049935,2,15.55634919,2.236067977,16.40121947,1,13.60147051,3.16227766,16.40121947,3.16227766,15.55634919,2.236067977,13.45362405,5
10,11.40175425,9.219544457,12.20655562,9.219544457,14.2126704,9.219544457,12.04159458,9.899494937,12.80624847,10.63014581,12.20655562,10.63014581,13.45362405,10.81665383,12.80624847,10,14.4222051,10.29563014,12.04159458,8.94427191,12.80624847,11.66190379,12.04159458,10.81665383,12.72792206,11.40175425,14.2126704,10.29563014,10,10,11.3137085,10.81665383,11.40175425,10.81665383,10.81665383,9.433981132,12.04159458,10,12.04159458,9.433981132,11.66190379,8.062257748,12.80624847,8.062257748,10.81665383,8.94427191,11.40175425,8.94427191,10.63014581,9.433981132,11.40175425
13.45362405,2.828427125,12.80624847,5,10.63014581,5.099019514,13.45362405,5.099019514,13.45362405,2.828427125,12.80624847,3,12.72792206,3.16227766,15.62049935,3,14.2126704,3.605551275,13.45362405,2,15.55634919,2.236067977,14.14213562,2.828427125,15,3.16227766,14.86606875,2.828427125,12.72792206,1.414213562,15.55634919,1,14.14213562,2.236067977,12.80624847,2.236067977,12.80624847,1,11.3137085,2,12.20655562,3.605551275,10.63014581,2.236067977,12.04159458,3.16227766,11.3137085,3.16227766,12.80624847,3.16227766,13.45362405,3
6.08276253,14.76482306,8.485281374,13.92838828,10.77032961,12.80624847,7.615773106,14.14213562,10.81665383,13.60147051,10.44030651,13.60147051,10,15.26433752,9.433981132,13.60147051,8.94427191,13.45362405,9.899494937,10.63014581,7.810249676,15.62049935,5.656854249,12.80624847,7.615773106,17.69180601,5,15,8.602325267,15.55634919,4.242640687,15.8113883,7.211102551,17.02938637,4.123105626,13.60147051,5,15.55634919,5,17.02938637,5.385164807,14.14213562,4.123105626,14.86606875,6.403124237,14.4222051,8.485281374,16.97056275,7.615773106,13.60147051,5.830951895,15.55634919
24.75883681,25.8069758,27.80287755,26.17250466,26.17250466,23.34523506,25.49509757,28.31960452,21.54065923,26.17250466,26.17250466,34.6554469,19.84943324,31.82766093,26.17250466,29.52964612,21.26029163,23.60084744,23.34523506,23.70653918,25,29.06888371,20.51828453,25.94224354,20.80865205,30.41381265,22.6715681,24.20743687,15.26433752,26.17250466,22.627417,29.06888371,19.79898987,26.92582404,26.07680962,24.69817807,21.9544984,25.8069758,20,20.61552813,25.8069758,20.80865205,21.40093456,25.55386468,18.68154169,24.59674775,24.20743687,22.82542442,18.38477631,21.63330765,23.34523506,26.40075756
17.02938637,3,15.55634919,3,18.38477631,3.16227766,16.2788206,4,15.55634919,3.16227766,17.80449381,1.414213562,17.80449381,4.472135955,15.62049935,3.16227766,16.40121947,1.414213562,15.55634919,0,18.38477631,4,19.20937271,2,16.2788206,2.236067977,17.02938637,1,17.20465053,2.828427125,18.43908891,2,17.02938637,4.242640687,17.02938637,3.16227766,17.02938637,3.16227766,17.69180601,2.828427125,16.2788206,2.828427125,15.55634919,3,14.2126704,3.16227766,16.2788206,2.236067977,14.14213562,2.828427125,14.2126704,3
12.80624847,9.848857802,14.2126704,8.062257748,12.72792206,10,12.20655562,9.219544457,12.80624847,10.63014581,12.72792206,7.810249676,13.60147051,7.071067812,12.80624847,7.810249676,13.60147051,7.810249676,13.60147051,9.219544457,16.64331698,6.708203932,13.60147051,8.062257748,14.2126704,7.810249676,16.40121947,7.615773106,14.86606875,7.280109889,14.4222051,7.615773106,12.80624847,6.32455532,12.04159458,7.280109889,10.63014581,7.211102551,11.3137085,6.708203932,12.72792206,7.280109889,11.66190379,8.544003745,12.20655562,7.280109889,11.3137085,8.544003745,9.899494937,7.810249676,10.29563014,10.29563014
5.830951895,12.04159458,4.123105626,12.04159458,4.472135955,12.72792206,5.656854249,14.4222051,6.403124237,14.2126704,2.828427125,12.72792206,7.071067812,13.60147051,6.708203932,14.86606875,6.708203932,13.60147051,5,12.20655562,6.403124237,12.04159458,5.830951895,14.14213562,8.544003745,14.2126704,8.602325267,12.80624847,7.211102551,12.20655562,7.211102551,12.04159458,6.32455532,13.45362405,6.708203932,12.20655562,5.830951895,13.60147051,4.123105626,13.60147051,5.830951895,12.80624847,4.472135955,10,3.16227766,11.40175425,2.236067977,12.80624847,4.123105626,11.3137085,5.099019514,12.20655562
12.04159458,7.211102551,12.72792206,6.708203932,14.14213562,6.403124237,15.26433752,8.544003745,15.62049935,7.071067812,15,8.94427191,15.55634919,5.656854249,14.14213562,6.403124237,13.45362405,5,15.8113883,5,16.2788206,5.385164807,16.97056275,5.830951895,15.62049935,8.062257748,14.86606875,5.099019514,14.86606875,5.830951895,17.69180601,4.123105626,15.62049935,6.32455532,14.2126704,5.385164807,13.45362405,5,14.14213562,8.062257748,12.80624847,7.615773106,14.2126704,6.32455532,14.86606875,6.32455532,12.52996409,7.615773106,14.86606875,7.211102551,12.80624847,7.211102551
17.02938637,3.605551275,16.2788206,4.123105626,17.02938637,2.236067977,16.2788206,4.123105626,15.62049935,4.123105626,17.80449381,2.236067977,19.10497317,1.414213562,14.86606875,1.414213562,18.43908891,1,19.10497317,2.236067977,17.69180601,1,15.55634919,1.414213562,16.2788206,2,17.02938637,2.236067977,17.69180601,1,17.69180601,2,16.97056275,1,15.62049935,2,17.02938637,3.16227766,14.14213562,1.414213562,16.40121947,2.236067977,15.62049935,3,13.45362405,3.605551275,17.02938637,2.236067977,16.97056275,0,17.02938637,3
5.099019514,12.04159458,6.08276253,11.40175425,5.385164807,15.62049935,5.099019514,13.60147051,5.830951895,15.55634919,5,16.40121947,6,14.86606875,4,15.62049935,4.472135955,15.26433752,5.656854249,15.8113883,3.605551275,14.2126704,3.16227766,16.2788206,2.236067977,14.86606875,6.32455532,15.62049935,5,16.2788206,1.414213562,15.55634919,3.605551275,14.86606875,3.16227766,15,2.236067977,14.86606875,2,14.14213562,3.16227766,15.55634919,3,14.14213562,1.414213562,14.14213562,2.236067977,13.45362405,4.123105626,12.72792206,5.656854249,14.86606875
2,11.40175425,2.236067977,13.45362405,3.605551275,14.14213562,3.605551275,12.20655562,3.605551275,12.04159458,3.605551275,13.45362405,3.16227766,12.72792206,3.16227766,13.45362405,4.123105626,11.3137085,4.123105626,12.04159458,2,12.72792206,3,11.3137085,5.099019514,12.72792206,6,14.4222051,5.385164807,12.04159458,3.605551275,12.04159458,4.123105626,11.40175425,2.828427125,12.20655562,5.099019514,12.04159458,3.605551275,11.3137085,5.099019514,11.40175425,3,10.63014581,3.605551275,12.04159458,3.605551275,11.3137085,2.236067977,9.899494937,2,11.3137085
10.29563014,14.4222051,9.848857802,11.3137085,6.403124237,13.45362405,7.810249676,15.62049935,8.544003745,13.89244399,8.94427191,13.60147051,6.708203932,14.2126704,7.211102551,14.4222051,9.219544457,15.26433752,10.44030651,15.26433752,10,10.81665383,11.40175425,16.1245155,4.242640687,13.89244399,8.602325267,12.20655562,7.615773106,16.1245155,6.708203932,13.89244399,8.602325267,13.60147051,6.32455532,12.20655562,8.062257748,11.18033989,8.602325267,12.52996409,7.211102551,12.20655562,6.403124237,10.81665383,8.062257748,9.219544457,7.615773106,10.44030651,9.433981132,9.219544457,10.63014581,11.66190379
17.49285568,4.123105626,17.02938637,4.472135955,18.02775638,3,15.62049935,2,16.40121947,3.605551275,16.1245155,2.236067977,16.40121947,2.236067977,16.2788206,3.605551275,18.35755975,4.472135955,15.8113883,2.236067977,17.20465053,5.385164807,17.20465053,5.099019514,15.55634919,5,14.86606875,7.071067812,16.2788206,4.242640687,16.2788206,6.08276253,13.45362405,4.472135955,15.8113883,4.472135955,13.60147051,7.280109889,15.55634919,6.708203932,14.86606875,4.472135955,14.2126704,4.123105626,12.80624847,6.08276253,14.2126704,4,13.60147051,3.16227766,19.10497317,3
12.80624847,2,14.86606875,2.236067977,14.14213562,1.414213562,15.55634919,2.236067977,15.8113883,1.414213562,14.86606875,0,17.02938637,1.414213562,16.2788206,1.414213562,17.80449381,2.236067977,19.20937271,2.236067977,16.97056275,1,16.64331698,2.236067977,17.80449381,2.828427125,16.2788206,3.605551275,14.86606875,1,15.62049935,3.16227766,15.55634919,2.236067977,16.40121947,4.242640687,14.2126704,2.828427125,14.86606875,2,15.62049935,2.828427125,15,4.123105626,12.80624847,3,13.45362405,3.16227766,17.02938637,4.123105626,16.2788206,3.16227766
13.45362405,4.472135955,14.86606875,5.830951895,16.97056275,6.403124237,14.14213562,4.242640687,13.45362405,4.472135955,16.40121947,5,15,3.605551275,15.8113883,4.472135955,13.45362405,4.472135955,16.2788206,7.615773106,16.2788206,3.605551275,15.62049935,4.123105626,15.62049935,5,14.2126704,6.08276253,16.97056275,4.123105626,16.40121947,3.16227766,14.2126704,4.472135955,15.62049935,5.385164807,15.55634919,4.123105626,15.55634919,4.123105626,13.45362405,3.16227766,13.45362405,4.123105626,13.45362405,5.099019514,15,6.08276253,13.45362405,3.605551275,15.62049935,6.32455532
6.708203932,13.45362405,5.099019514,14.2126704,5.830951895,12.72792206,5.385164807,12.20655562,4.472135955,14.2126704,5.385164807,12.04159458,5.830951895,15,5.099019514,13.45362405,5,13.60147051,6.708203932,15,5.830951895,13.60147051,5,13.60147051,2.236067977,13.60147051,3,15,5,14.4222051,4,12.04159458,5.099019514,14.4222051,6.08276253,13.45362405,6,12.04159458,4.123105626,12.04159458,3,13.60147051,4.123105626,10.63014581,5.656854249,12.72792206,5.385164807,12.04159458,6.08276253,11.40175425,6.08276253,11.66190379
26.90724809,11.18033989,25.49509757,13,29,9.486832981,26.90724809,12.20655562,27.58622845,10.81665383,29.06888371,11.40175425,29.69848481,10.63014581,27.58622845,10.29563014,31.144823,11.18033989,29.73213749,9.219544457,31.11269837,9.433981132,31.40063694,10.81665383,29.73213749,9.433981132,29.69848481,9.219544457,26.90724809,7.615773106,30.41381265,6.708203932,28.42534081,7.615773106,29.06888371,8.94427191,27.65863337,7.615773106,27.58622845,6.708203932,26.2488095,6.08276253,27.58622845,9.848857802,26.2488095,8.544003745,29.06888371,10.29563014,26.87005769,11.70469991,26.17250466,11.70469991
16.2788206,4,14.14213562,6.08276253,14.2126704,4.242640687,15.55634919,5.830951895,14.14213562,2.828427125,13.45362405,6.403124237,15.62049935,6.32455532,17.02938637,5,16.2788206,5,14.4222051,4.472135955,16.2788206,7.071067812,15.62049935,5.385164807,14.86606875,5.656854249,14.2126704,8.544003745,15.62049935,5.385164807,14.86606875,6.708203932,12.80624847,5.830951895,14.2126704,6.403124237,12.80624847,7.615773106,13.03840481,6.708203932,12.80624847,3.16227766,13.45362405,4.123105626,13.45362405,3.16227766,13.45362405,4,13.45362405,5,12.80624847,3
3,13.45362405,1.414213562,15.55634919,1.414213562,16.97056275,2,15.62049935,1.414213562,16.2788206,0,17.69180601,2,16.2788206,1,15.62049935,2.236067977,16.2788206,2.236067977,17.80449381,3,17.69180601,2.236067977,17.69180601,1.414213562,16.2788206,3.16227766,15.55634919,1,14.86606875,1,15.62049935,1,16.2788206,1.414213562,15.55634919,2,16.2788206,2.828427125,15.55634919,1.414213562,17.69180601,3.16227766,15.55634919,2.828427125,16.2788206,5,15.62049935,3.605551275,12.80624847,4,14.86606875
12.04159458,9.433981132,12.80624847,9.848857802,14.14213562,10.81665383,14.2126704,9.433981132,12.72792206,10,12.04159458,8.602325267,12.04159458,9.433981132,12.80624847,10,14.2126704,8.485281374,15.8113883,10.81665383,12.04159458,9.219544457,12.04159458,10,15.65247584,10.81665383,14.4222051,9.219544457,14.4222051,8.485281374,13.60147051,7.615773106,12.80624847,6.708203932,14.86606875,7.211102551,13.03840481,8.485281374,15.62049935,8.94427191,10.63014581,7.615773106,12.20655562,8.062257748,10.81665383,8.94427191,12.20655562,8.94427191,12.20655562,9.433981132,10,9.433981132
2.236067977,13.45362405,5.385164807,14.86606875,3.605551275,17.20465053,1,15.62049935,3.16227766,14.86606875,7.810249676,16.2788206,5.656854249,16.40121947,2.828427125,13.45362405,2.828427125,13.45362405,6.708203932,14.14213562,5.830951895,14.2126704,5.830951895,14.86606875,5,16.2788206,5.830951895,14.86606875,4.242640687,14.2126704,4,15.62049935,5.830951895,13.45362405,7.211102551,14.14213562,6.32455532,12.72792206,5.385164807,14.2126704,6.403124237,14.14213562,4.242640687,12.80624847,3.605551275,12.80624847,4.242640687,14.86606875,6.32455532,12.80624847,4.242640687,13.45362405
5.385164807,14.2126704,5.830951895,15.62049935,5.099019514,15,4.123105626,14.86606875,5,14.86606875,6.708203932,15.26433752,7.211102551,14.86606875,6.403124237,15.62049935,5.656854249,12.52996409,7.071067812,15,8.062257748,14.86606875,6.708203932,14.86606875,8.062257748,15.55634919,5.385164807,16.97056275,5.830951895,14.86606875,6.403124237,12.72792206,5.830951895,13.45362405,7.810249676,13.45362405,8.602325267,14.86606875,6.403124237,13.45362405,6.708203932,13.45362405,6.708203932,14.14213562,8.062257748,12.72792206,6.08276253,15.62049935,5.385164807,14.2126704,5,13.45362405
15.26433752,2.828427125,17.02938637,6,16.2788206,1,17.02938637,1.414213562,13.60147051,3.605551275,17.02938637,4.123105626,16.1245155,2.236067977,16.97056275,1,13.45362405,5.656854249,15.62049935,3.605551275,17.69180601,2.236067977,16.2788206,6.08276253,14.86606875,4.472135955,16.2788206,4.472135955,14.2126704,5.830951895,17.20465053,6.08276253,14.86606875,5.830951895,14.2126704,5,15.62049935,8,15.62049935,1.414213562,14.2126704,4.123105626,14.86606875,6.08276253,15.55634919,1.414213562,13.60147051,4.123105626,12.20655562,4,13.60147051,3
14.86606875,6.08276253,14.2126704,2.828427125,13.45362405,2.236067977,15,4,14.2126704,5,14.14213562,2.236067977,14.86606875,3.605551275,15.55634919,3.605551275,13.45362405,3.605551275,15.62049935,4,16.40121947,2.828427125,15.62049935,4,14.86606875,3.605551275,13.60147051,3,14.14213562,3.605551275,14.86606875,3.605551275,14.86606875,3.605551275,15.62049935,4.472135955,14.86606875,3,12.04159458,3,10.63014581,2.236067977,11.40175425,4.472135955,11.3137085,2.828427125,14.86606875,5.385164807,11.40175425,2,14.2126704,4.123105626
12.20655562,11.40175425,10.81665383,11.3137085,11.40175425,12.04159458,9.899494937,12.04159458,9.899494937,10.63014581,10.81665383,12.80624847,10.63014581,12.80624847,9.899494937,13.60147051,11.3137085,12.20655562,9.899494937,14.86606875,9.899494937,15.26433752,11.40175425,14.4222051,10.81665383,12.20655562,10,13.45362405,10.81665383,11.18033989,10.81665383,13.89244399,8.602325267,12.52996409,10.63014581,11.40175425,9.433981132,10.81665383,10.29563014,12.04159458,10,11.40175425,9.219544457,12.20655562,10,12.52996409,10.81665383,9.433981132,10.29563014,12.08304597,11.18033989,9.848857802
10.81665383,9.899494937,10.29563014,10.81665383,10,11.3137085,10.81665383,9.899494937,8.485281374,10,10,9.899494937,10.63014581,10.63014581,10.81665383,12.04159458,10.63014581,11.3137085,9.219544457,11.3137085,9.899494937,13.45362405,9.219544457,13.45362405,8.602325267,12.72792206,9.219544457,12.80624847,8.602325267,12.80624847,9.219544457,11.3137085,8.485281374,13.03840481,8.485281374,12.80624847,9.219544457,12.80624847,9.433981132,11.40175425,9.433981132,11.66190379,8.94427191,10.29563014,9.219544457,9.899494937,8.246211251,12.20655562,9.899494937,10.81665383,10.63014581,10.81665383
13.03840481,8.062257748,15,9.433981132,15,9.219544457,15.62049935,7.810249676,13.45362405,9.219544457,14.86606875,10.63014581,16.40121947,7.810249676,11.3137085,8.602325267,14.14213562,9.219544457,18.43908891,10.29563014,15.62049935,10.81665383,14.14213562,8.602325267,14.14213562,8.94427191,17.02938637,11.40175425,15.62049935,9.433981132,16.2788206,10.81665383,14.86606875,9.433981132,14.2126704,9.433981132,12.20655562,10.29563014,14.14213562,9.219544457,13.89244399,11.3137085,13.60147051,8.062257748,12.80624847,9.848857802,13.03840481,7.615773106,14.2126704,7.810249676,13.45362405,7.810249676
5.830951895,16.2788206,2.828427125,15.62049935,5.099019514,16.2788206,4.242640687,15.26433752,7.071067812,16.40121947,5,16.40121947,6.403124237,15.62049935,6.403124237,16.97056275,5,16.40121947,5,15.62049935,5.830951895,15,5.830951895,14.86606875,6.32455532,15.55634919,5.830951895,16.2788206,7.211102551,15,6.403124237,15.55634919,8.062257748,15.55634919,4.472135955,14.86606875,5,13.60147051,6.708203932,14.2126704,4.242640687,13.45362405,5.099019514,15,4.472135955,14.86606875,6.08276253,16.40121947,6.08276253,16.40121947,5.385164807,16.2788206
12.20655562,9.899494937,12.80624847,7.810249676,11.40175425,12.04159458,12.20655562,8.602325267,8.94427191,10.63014581,12.04159458,8.602325267,12.80624847,9.219544457,11.3137085,10.63014581,12.04159458,11.3137085,12.04159458,9.219544457,11.40175425,11.40175425,12.04159458,10.81665383,11.3137085,9.433981132,9.433981132,11.40175425,10,10.81665383,10,10.63014581,11.40175425,12.08304597,9.848857802,10,9.433981132,11.18033989,11.18033989,10.29563014,10.77032961,8.602325267,11.40175425,8.602325267,9.899494937,8.062257748,11.40175425,8.602325267,10.29563014,8.602325267,12.20655562,9.848857802
15.55634919,5.656854249,15.55634919,5,16.97056275,5.830951895,15.55634919,5.385164807,16.2788206,5.830951895,15.55634919,3.605551275,17.02938637,6.708203932,16.64331698,6.403124237,16.2788206,6.403124237,14.2126704,7.211102551,17.80449381,5.656854249,16.2788206,8.062257748,15.55634919,8.062257748,16.2788206,6.708203932,15.55634919,7.211102551,16.40121947,7.615773106,14.86606875,6.32455532,16.40121947,5.385164807,14.2126704,5,13.60147051,5.656854249,13.89244399,6.32455532,14.14213562,5.099019514,14.14213562,5.099019514,15.62049935,5,15.55634919,6.32455532,15.55634919,6.708203932
9.433981132,8.602325267,11.40175425,12.04159458,10,9.899494937,9.219544457,11.3137085,12.04159458,9.219544457,9.219544457,12.04159458,11.40175425,13.60147051,11.3137085,11.18033989,10.63014581,12.08304597,11.66190379,11.18033989,10,12.20655562,9.899494937,11.66190379,7.810249676,10.81665383,9.848857802,10.81665383,10.81665383,12.52996409,8.94427191,13.03840481,10,13.03840481,9.486832981,11.66190379,10,12.20655562,7.615773106,10.81665383,9.848857802,8.94427191,11.66190379,8.94427191,8.94427191,8.94427191,12.08304597,9.486832981,10.29563014,8.544003745,9.219544457,9.486832981
12.72792206,3,13.60147051,4.472135955,14.4222051,3.16227766,17.49285568,2.828427125,14.4222051,2,14.2126704,4.242640687,17.20465053,4.472135955,15,5,17.80449381,5.830951895,12.72792206,3.605551275,15.8113883,5,14.14213562,3.605551275,13.45362405,6.403124237,12.04159458,5.385164807,14.14213562,4.123105626,13.89244399,6.08276253,13.45362405,5,13.45362405,4.123105626,15.8113883,4,12.72792206,6.08276253,11.40175425,3.16227766,12.80624847,5.385164807,12.04159458,3.605551275,13.03840481,2,15.26433752,2.236067977,14.14213562,3.16227766
28.42534081,17.69180601,29.20616373,16.40121947,30.41381265,19.10497317,32.64965543,18.43908891,27.65863337,18.43908891,29.06888371,19.10497317,28.31960452,19.84943324,26.90724809,19.20937271,29.06888371,21.63330765,29.69848481,21.26029163,31.11269837,21.63330765,29.69848481,22.82542442,27.58622845,19.72308292,27.65863337,23.02172887,27.20294102,22.20360331,25.61249695,22.47220505,27.01851217,21.63330765,28.60069929,21.40093456,28.01785145,19.72308292,27.20294102,19.23538406,25.23885893,19.23538406,24.41311123,17.88854382,24.69817807,19.6977156,28.01785145,16.64331698,27.01851217,16.55294536,27.20294102,15.23154621
17.02938637,3.605551275,17.69180601,2.828427125,17.02938637,4.472135955,17.80449381,5.830951895,19.84943324,4.472135955,19.79898987,4,21.40093456,2.828427125,19.84943324,1.414213562,19.84943324,6.08276253,21.26029163,6,22.02271555,6.08276253,18.38477631,8.246211251,17.69180601,7,18.43908891,5.099019514,18.43908891,8,17.02938637,6.32455532,18.43908891,5.385164807,17.80449381,7.071067812,16.2788206,2,16.97056275,5.099019514,16.2788206,6.08276253,18.43908891,5.830951895,17.02938637,5.099019514,16.2788206,2.236067977,16.40121947,4.242640687,16.97056275,5.656854249
18.60107524,21.40093456,18.60107524,22.6715681,17.69180601,25.61249695,17.69180601,24.8394847,18.60107524,24.20743687,21.21320344,24.08318916,17.69180601,24.20743687,17.69180601,26.2488095,18.60107524,25,17.02938637,27.65863337,19.20937271,32.80243893,17.69180601,28.60069929,16.1245155,27.80287755,15.26433752,27.80287755,17.4642492,27.58622845,16.1245155,30.61045573,17,27.20294102,18.35755975,24.04163056,16.1245155,24.75883681,17.08800749,24.20743687,17,23.34523506,17.4642492,22.8035085,18.02775638,22.627417,18.02775638,22.8035085,19.20937271,22.20360331,20.1246118,22.20360331
9.219544457,14.2126704,7.615773106,14.2126704,6.403124237,14.86606875,10,13.60147051,8.602325267,14.4222051,9.433981132,14.86606875,9.219544457,13.60147051,9.899494937,15.62049935,8.485281374,15,8.062257748,14.14213562,8.062257748,15,8.94427191,15.62049935,9.486832981,14.14213562,9.055385138,14.14213562,6.08276253,15.55634919,9.433981132,16.2788206,8.602325267,14.86606875,8.246211251,13.60147051,7.615773106,14.86606875,8.062257748,12.80624847,8.544003745,15.55634919,8.246211251,11.40175425,8.544003745,12.20655562,10.29563014,12.72792206,11.18033989,13.45362405,10.77032961,15
12.04159458,7.615773106,12.80624847,7.071067812,13.45362405,7.211102551,15,8.062257748,15.62049935,8.485281374,14.86606875,7.810249676,14.86606875,8.602325267,15.8113883,8.485281374,13.89244399,7.211102551,13.89244399,8.602325267,14.14213562,10.29563014,16.55294536,7.280109889,16.40121947,8.94427191,15.8113883,9.486832981,15,9.848857802,13.03840481,6.32455532,12.80624847,7.280109889,12.80624847,9.219544457,15,7.280109889,13.60147051,5.830951895,12.80624847,7.615773106,11.66190379,9.219544457,11.40175425,8.94427191,12.20655562,9.848857802,11.66190379,10.44030651,12.20655562,8.544003745
14.86606875,4.123105626,15.8113883,5.099019514,16.40121947,2,17.80449381,4.242640687,17.20465053,2.828427125,18.43908891,4.242640687,19.10497317,3.605551275,17.69180601,3.605551275,18.38477631,4.242640687,16.97056275,6.708203932,18.43908891,4.123105626,18.43908891,5.099019514,17.69180601,5.099019514,17.69180601,6,17.69180601,5.385164807,16.2788206,5.099019514,18.43908891,4.123105626,15.62049935,6,17.02938637,4.123105626,15.62049935,4,17.02938637,5,16.2788206,6,15.55634919,5.385164807,16.40121947,4.472135955,15.55634919,4.123105626,17.02938637,2.828427125
5.656854249,13.60147051,7.810249676,14.14213562,6.403124237,14.86606875,6.403124237,14.14213562,6.403124237,16.2788206,4.242640687,15.8113883,5.385164807,14.86606875,4.472135955,16.40121947,6.32455532,14.86606875,8.062257748,16.2788206,7.211102551,14.86606875,6.708203932,14.86606875,8.246211251,14.86606875,7.280109889,14.86606875,5.099019514,16.40121947,7.211102551,14.86606875,6.32455532,12.72792206,6.32455532,14.86606875,7.280109889,16.2788206,5.385164807,14.14213562,8.544003745,14.14213562,7,14.86606875,6.708203932,13.45362405,6.708203932,11.40175425,7.280109889,13.45362405,7.280109889,12.72792206
7.810249676,9.219544457,8.602325267,10,9.219544457,12.20655562,8.602325267,11.3137085,7.810249676,13.45362405,7.211102551,14.2126704,9.899494937,12.72792206,9.433981132,13.45362405,9.219544457,10.63014581,9.848857802,13.60147051,12.20655562,12.04159458,12.80624847,10.29563014,9.219544457,10.81665383,11.3137085,10,8.062257748,10.81665383,10.81665383,10.81665383,11.66190379,9.219544457,9.219544457,9.433981132,9.899494937,12.80624847,7.071067812,10,10,11.3137085,6.708203932,11.40175425,7.211102551,8.94427191,7.071067812,10.81665383,7.211102551,11.66190379,7.211102551,9.433981132
10.77032961,10.29563014,10.81665383,12.04159458,10.29563014,12.04159458,8.602325267,11.3137085,10.63014581,10.63014581,12.52996409,12.04159458,12.20655562,12.20655562,10,12.04159458,9.219544457,12.04159458,9.219544457,13.45362405,10.81665383,14.2126704,8.602325267,11.40175425,8.602325267,13.03840481,7.211102551,13.03840481,7.810249676,13.89244399,9.433981132,12.80624847,8.602325267,12.20655562,6.708203932,12.04159458,8.062257748,12.80624847,8.602325267,12.04159458,8.94427191,12.80624847,8.485281374,10,9.219544457,9.899494937,8.062257748,11.18033989,8.94427191,9.899494937,9.899494937,9.848857802
10.81665383,12.72792206,8.602325267,11.3137085,8.94427191,13.45362405,7.810249676,11.66190379,8.602325267,12.72792206,7.071067812,13.45362405,7.810249676,12.80624847,9.899494937,13.60147051,10,12.20655562,9.899494937,14.4222051,8.062257748,12.20655562,8.602325267,15.62049935,9.433981132,15,7.615773106,13.45362405,7.071067812,13.60147051,9.433981132,13.60147051,8.602325267,12.20655562,7.810249676,14.14213562,8.544003745,13.45362405,8.062257748,13.60147051,10.29563014,11.18033989,8.94427191,14.4222051,9.486832981,12.80624847,9.848857802,11.18033989,8.062257748,11.40175425,10,10.29563014
10,10,13,9.899494937,9.899494937,10.63014581,10.29563014,8.485281374,10,9.219544457,10.77032961,10.63014581,8.602325267,12.20655562,8.485281374,12.72792206,9.899494937,9.433981132,10.63014581,8.485281374,9.219544457,11.66190379,9.219544457,10.81665383,6.708203932,11.40175425,7.810249676,11.3137085,9.219544457,12.72792206,9.899494937,12.04159458,9.219544457,12.72792206,6.708203932,9.899494937,7.810249676,10.63014581,7.211102551,9.433981132,7.071067812,10.63014581,8.602325267,10,10.63014581,7.810249676,7.211102551,11.3137085,9.219544457,9.219544457,7.615773106,6.32455532
6.403124237,12.72792206,5.385164807,14.86606875,5.830951895,14.14213562,5,14.4222051,6.403124237,14.2126704,5,15.8113883,5,13.45362405,5,14.86606875,7.071067812,13.45362405,5.656854249,13.89244399,5.830951895,15,6.403124237,15,6.708203932,15,8.485281374,14.86606875,5.830951895,13.45362405,7.280109889,12.80624847,7.615773106,13.45362405,7.211102551,10.29563014,6.32455532,11.3137085,6.32455532,14.2126704,6.08276253,12.04159458,5.099019514,13.60147051,5.385164807,11.40175425,5.385164807,10.63014581,6,12.04159458,7.071067812,11.3137085
12.04159458,8.062257748,11.66190379,9.219544457,10.63014581,10,10.63014581,7.211102551,11.3137085,9.899494937,7.810249676,11.40175425,11.3137085,10.81665383,10.63014581,9.433981132,11.40175425,10.77032961,10.63014581,8.544003745,13.45362405,10,9.899494937,10.29563014,11.40175425,11.66190379,10,8.94427191,10.81665383,10.77032961,9.899494937,11.18033989,10,10,12.20655562,8.544003745,10.77032961,9.848857802,10.77032961,8.062257748,10.29563014,9.433981132,10.29563014,7.615773106,8.94427191,7.615773106,10,7.071067812,10.77032961,6.403124237,13.45362405,8.246211251
12.52996409,8.062257748,9.433981132,8.062257748,11.40175425,9.219544457,10.63014581,8.94427191,12.04159458,8.485281374,12.20655562,7.810249676,11.66190379,7.071067812,10.63014581,8.485281374,10.81665383,10.63014581,10.81665383,9.899494937,13.45362405,9.219544457,11.3137085,9.219544457,8.485281374,10.63014581,11.3137085,10.63014581,9.219544457,9.433981132,11.40175425,9.219544457,9.848857802,9.219544457,9.219544457,9.433981132,10.63014581,10.63014581,7.810249676,9.219544457,8.602325267,8.485281374,9.219544457,11.3137085,10.63014581,9.219544457,11.40175425,10.29563014,10.29563014,8.485281374,11.3137085,7.810249676
13.45362405,4.472135955,14.2126704,5,14.86606875,6.403124237,15.62049935,4.242640687,14.14213562,5,14.2126704,5,15,4.472135955,14.2126704,4.242640687,15,3.605551275,13.60147051,3.605551275,14.2126704,5.385164807,13.45362405,4.472135955,13.60147051,3.605551275,13.60147051,5.830951895,14.2126704,3.605551275,13.60147051,5,13.60147051,6,13.45362405,4.123105626,13.60147051,5.385164807,13.60147051,4.123105626,11.40175425,4.123105626,12.20655562,6.32455532,11.40175425,5.385164807,10.81665383,5.830951895,10,6.32455532,12.20655562,6.32455532
7.211102551,15.62049935,9.848857802,16.2788206,6.32455532,14.86606875,6.708203932,15.62049935,5.656854249,16.2788206,9.219544457,16.2788206,9.433981132,15.62049935,6.708203932,14.86606875,7.810249676,14.4222051,8.602325267,14.4222051,7.810249676,17.02938637,7.810249676,15,8.062257748,17.02938637,6.403124237,15.55634919,5.830951895,15.62049935,7.615773106,14.14213562,6.32455532,15.62049935,5,13.45362405,8.062257748,15,7.615773106,12.80624847,7.211102551,13.60147051,5,12.04159458,7.810249676,12.20655562,8.062257748,13.03840481,7.211102551,14.4222051,8.485281374,12.52996409
6.08276253,14.2126704,5.656854249,14.86606875,4.123105626,15.65247584,5,16.97056275,5,15,6.403124237,14.86606875,2.828427125,14.14213562,3.605551275,16.40121947,2,14.2126704,2.828427125,14.2126704,5.385164807,16.40121947,7.071067812,16.97056275,5.656854249,15.62049935,4.472135955,15.62049935,5.830951895,13.60147051,5.830951895,13.45362405,8.246211251,13.45362405,5.830951895,13.45362405,6.403124237,14.2126704,5.385164807,12.80624847,7.071067812,15.62049935,5.830951895,12.72792206,5.099019514,13.45362405,6.708203932,14.14213562,7.280109889,14.14213562,5.099019514,14.86606875
8.602325267,9.219544457,7.810249676,10,8.485281374,10.63014581,7.810249676,10,9.219544457,11.3137085,7.810249676,10.63014581,7.071067812,10.63014581,9.219544457,9.219544457,8.485281374,10,7.810249676,10.29563014,10,10.81665383,8.602325267,12.20655562,8.062257748,9.433981132,7.211102551,9.219544457,8.062257748,11.40175425,8.062257748,10.63014581,7.211102551,8.602325267,8.062257748,7.810249676,6.403124237,10.29563014,7.280109889,10,7.211102551,8.602325267,6.708203932,9.219544457,8.062257748,7.810249676,8.602325267,8.602325267,7.615773106,7.211102551,7.211102551,8.94427191
5.830951895,13.45362405,5.385164807,14.2126704,7.810249676,13.45362405,8.485281374,10.81665383,5.830951895,14.14213562,8.485281374,12.80624847,11.3137085,12.04159458,11.66190379,14.2126704,7.615773106,12.72792206,7.280109889,12.04159458,7.615773106,14.14213562,9.848857802,16.2788206,9.486832981,12.20655562,9.486832981,13.60147051,8.062257748,13.03840481,7.280109889,12.04159458,8.544003745,13.03840481,8.94427191,10.29563014,7.211102551,14.86606875,7.280109889,13.03840481,9.486832981,11.40175425,8.94427191,12.72792206,5.385164807,11.40175425,7.280109889,14.2126704,8.246211251,10.63014581,6.08276253,12.20655562
8.246211251,11.3137085,8.062257748,12.72792206,7.211102551,10.81665383,5.385164807,13.60147051,8.062257748,12.72792206,9.433981132,14.86606875,9.433981132,15.55634919,8.485281374,14.14213562,9.433981132,15.55634919,8.602325267,15.55634919,9.219544457,14.2126704,9.219544457,13.89244399,10.63014581,12.80624847,9.219544457,13.45362405,8.062257748,13.45362405,10.63014581,14.2126704,7.615773106,13.45362405,9.219544457,12.04159458,9.899494937,12.04159458,9.899494937,11.3137085,9.899494937,12.72792206,7.810249676,12.04159458,9.219544457,12.04159458,8.602325267,12.52996409,8.485281374,13.45362405,9.433981132,12.04159458
9.219544457,10.63014581,8.602325267,11.66190379,8.485281374,12.04159458,10.63014581,10.63014581,10,12.72792206,10,11.40175425,11.40175425,11.40175425,10,9.899494937,9.433981132,10.29563014,9.486832981,13.89244399,10.29563014,12.20655562,10.29563014,13.03840481,12.04159458,10.81665383,9.219544457,10.81665383,10.63014581,11.66190379,10.81665383,10.77032961,9.433981132,11.18033989,9.219544457,10.29563014,10.63014581,11.40175425,10,11.18033989,7.071067812,11.18033989,9.219544457,13.03840481,8.062257748,11.40175425,8.485281374,13.03840481,8.602325267,13.03840481,7.211102551,12.52996409
19.10497317,2.828427125,20.80865205,2.828427125,19.84943324,1.414213562,18.60107524,3,17.20465053,1,18.43908891,0,17.80449381,2.236067977,18.38477631,1,18.60107524,1,17.69180601,2.236067977,20.61552813,3.16227766,18.60107524,2,16.97056275,4.242640687,18.43908891,2,18.60107524,3,19.10497317,3,18.43908891,4.123105626,16.97056275,4.472135955,18.43908891,3.605551275,17.69180601,5,17.02938637,4.472135955,17.02938637,3.16227766,16.2788206,3.16227766,15,3.16227766,14.86606875,3.605551275,16.40121947,4.472135955
10.63014581,14.4222051,10,15.8113883,12.04159458,13.60147051,10.63014581,16.1245155,13.45362405,15,12.04159458,15,12.80624847,15.55634919,12.04159458,15.8113883,12.72792206,14.86606875,13.45362405,14.14213562,11.66190379,14.86606875,13.03840481,14.14213562,14.4222051,13.45362405,13.03840481,14.86606875,15,12.72792206,14.4222051,13.45362405,13.41640786,15.62049935,14.4222051,12.80624847,13.45362405,12.80624847,12.52996409,13.03840481,12.52996409,12.20655562,12.08304597,12.20655562,11.66190379,12.04159458,11.18033989,13.60147051,9.848857802,13.45362405,12.08304597,12.72792206
17.80449381,6,17.02938637,4.472135955,16.40121947,6.08276253,19.79898987,4,19.79898987,6,18.43908891,4.123105626,18.43908891,4.123105626,17.69180601,5,16.40121947,3.16227766,19.20937271,6.708203932,18.43908891,3.605551275,19.41648784,2.828427125,20,2.236067977,19.41648784,2.236067977,19.84943324,3.16227766,18.38477631,6.32455532,18.60107524,1.414213562,16.2788206,3.16227766,18.38477631,3,17.49285568,6.08276253,17.02938637,4.472135955,17.80449381,5.099019514,15.62049935,4.123105626,17.69180601,4.123105626,15.62049935,4.472135955,17.80449381,5.830951895
12.72792206,7.615773106,13.60147051,8.062257748,10,6.403124237,13.45362405,7.810249676,11.40175425,9.219544457,12.80624847,9.433981132,10.63014581,7.071067812,12.80624847,6.403124237,14.2126704,7.810249676,13.45362405,9.219544457,12.72792206,7.810249676,13.45362405,11.66190379,13.45362405,8.062257748,11.66190379,10.63014581,12.72792206,10,13.89244399,8.544003745,14.86606875,10.29563014,12.20655562,8.94427191,11.66190379,8.602325267,11.40175425,9.486832981,13.03840481,9.433981132,13.60147051,7.211102551,12.04159458,7.810249676,11.18033989,7.615773106,12.80624847,5.385164807,13.03840481,6.708203932
5.830951895,12.04159458,4.472135955,13.45362405,6.08276253,13.45362405,4.472135955,11.40175425,2.828427125,14.14213562,4.472135955,11.40175425,4.472135955,13.45362405,5,10.63014581,4.242640687,15.55634919,8.062257748,14.86606875,7.071067812,14.2126704,5,14.86606875,5,14.86606875,4.242640687,15.55634919,4.472135955,14.2126704,5.830951895,12.80624847,3.16227766,14.14213562,4.123105626,14.86606875,4.123105626,13.45362405,5,13.60147051,6,13.45362405,3.16227766,12.04159458,5.830951895,12.20655562,4.472135955,13.45362405,5.099019514,12.80624847,4.472135955,12.04159458
2.236067977,14.14213562,2,14.2126704,1.414213562,13.45362405,1.414213562,12.80624847,1,14.86606875,2.236067977,14.86606875,2.236067977,14.2126704,1,10.63014581,2,17.02938637,4,14.86606875,2.236067977,14.86606875,2.236067977,15.8113883,3.605551275,15.55634919,2,15.8113883,4.472135955,14.86606875,3.605551275,14.14213562,1.414213562,14.14213562,2,14.86606875,1.414213562,16.97056275,4.242640687,15,3.16227766,15.62049935,3.605551275,14.86606875,1,14.86606875,2.236067977,13.45362405,4,12.04159458,2,13.45362405
12.04159458,7.071067812,9.433981132,5.385164807,10.81665383,7.211102551,9.433981132,6.708203932,8.485281374,4.242640687,12.04159458,6.403124237,12.72792206,5.830951895,12.04159458,6.403124237,11.40175425,6.708203932,13.60147051,4.472135955,12.04159458,6.403124237,12.80624847,6.403124237,11.3137085,7.211102551,12.04159458,9.433981132,14.2126704,6.708203932,11.66190379,6.708203932,9.219544457,7.211102551,11.40175425,6.708203932,10.81665383,7.280109889,10,5.830951895,10.63014581,7.211102551,10.63014581,6.708203932,11.40175425,7.615773106,11.40175425,6.32455532,10.81665383,6.32455532,10.81665383,7.280109889
12.52996409,8.062257748,13,7.071067812,12.04159458,8.602325267,10,7.071067812,10.63014581,5.656854249,10.81665383,8.602325267,10,7.211102551,12.04159458,8.602325267,11.18033989,7.810249676,9.848857802,8.602325267,12.80624847,9.219544457,10.63014581,8.94427191,12.04159458,9.899494937,12.04159458,9.848857802,10.63014581,10.81665383,9.899494937,10.77032961,11.40175425,8.062257748,9.899494937,8.602325267,9.219544457,6.708203932,9.433981132,5.830951895,10.63014581,7.280109889,10.63014581,8.062257748,9.219544457,7.211102551,10.63014581,5.385164807,8.062257748,8.062257748,12.04159458,6.32455532
16.64331698,7.615773106,18.35755975,8.602325267,14.86606875,8.602325267,16.2788206,8.602325267,15.62049935,9.219544457,15.55634919,8.062257748,17.20465053,9.433981132,18.43908891,8.485281374,14.86606875,8.062257748,18.38477631,10,16.2788206,9.848857802,16.97056275,9.848857802,16.2788206,8.544003745,15.8113883,9.848857802,14.2126704,8.94427191,15.55634919,10.29563014,13.60147051,11.18033989,17.02938637,10.77032961,16.40121947,10.44030651,17.02938637,7.071067812,15,8.544003745,16.40121947,10.77032961,14.14213562,5.099019514,14.2126704,6.32455532,14.2126704,7.071067812,16.40121947,9.486832981
8.062257748,12.04159458,7.810249676,13.60147051,9.219544457,13.03840481,9.219544457,13.60147051,9.219544457,12.52996409,8.602325267,12.80624847,10.63014581,13.60147051,8.485281374,12.80624847,9.219544457,12.80624847,11.3137085,13.60147051,9.433981132,12.20655562,10.29563014,12.80624847,9.433981132,12.04159458,9.433981132,10.81665383,10.29563014,12.80624847,8.602325267,12.04159458,9.433981132,12.04159458,8.602325267,10.63014581,9.848857802,11.3137085,9.848857802,10.63014581,9.848857802,10.63014581,8.94427191,10.63014581,8.062257748,10,8.062257748,12.04159458,8.544003745,11.40175425,8.062257748,11.40175425
14.2126704,8.062257748,14.14213562,7.211102551,14.86606875,8.246211251,15.62049935,8.544003745,14.14213562,7.615773106,14.2126704,8.062257748,14.14213562,7.810249676,15.8113883,8.485281374,14.2126704,7.071067812,14.2126704,7.810249676,15,8.602325267,15.8113883,7.810249676,15,7.810249676,14.2126704,8.602325267,14.4222051,6.708203932,16.2788206,4.472135955,15.8113883,5,14.2126704,6.708203932,15,5.830951895,14.2126704,6.08276253,12.80624847,5.830951895,13.60147051,6.708203932,13.03840481,7.211102551,12.20655562,7.615773106,12.20655562,6.32455532,13.60147051,8.94427191
13.60147051,12.04159458,11.40175425,12.04159458,10.81665383,12.04159458,12.20655562,12.04159458,10,13.45362405,11.3137085,12.80624847,10.63014581,12.80624847,11.3137085,12.04159458,11.40175425,12.04159458,9.899494937,13.60147051,12.04159458,12.80624847,10.63014581,14.14213562,9.899494937,14.2126704,9.899494937,12.04159458,10,14.2126704,10.81665383,13.60147051,10.63014581,13.03840481,10,12.04159458,11.40175425,13.41640786,10.29563014,12.80624847,10.63014581,13.60147051,8.602325267,11.3137085,10.63014581,12.20655562,11.40175425,8.602325267,10,12.20655562,11.40175425,10.29563014
8.94427191,14.2126704,8.602325267,16.2788206,9.433981132,15.8113883,8.602325267,14.14213562,8.062257748,14.2126704,8.602325267,16.2788206,10,16.2788206,8.485281374,14.86606875,7.810249676,15.62049935,7.071067812,15,9.219544457,15.62049935,7.810249676,14.86606875,7.071067812,17.69180601,8.602325267,16.97056275,7.211102551,16.40121947,7.810249676,17.02938637,6.708203932,16.2788206,7.211102551,15.62049935,7.280109889,16.2788206,6.708203932,16.2788206,7.211102551,16.2788206,6.403124237,15.55634919,8.062257748,15.62049935,8.94427191,14.2126704,8.246211251,14.86606875,10,16.2788206
2.236067977,15.55634919,1.414213562,15.55634919,3,18.60107524,1,15.62049935,1.414213562,14.86606875,1,19.10497317,3.16227766,16.97056275,1,17.80449381,2.828427125,16.40121947,2.236067977,15.8113883,1,19.10497317,2.236067977,17.69180601,3.605551275,17.69180601,4.123105626,17.02938637,3.16227766,18.38477631,3.16227766,16.2788206,2,17.69180601,4.123105626,15.55634919,2.236067977,18.43908891,4,18.43908891,3.605551275,17.02938637,4.123105626,15.8113883,3.16227766,15,2.236067977,17.69180601,1,16.2788206,4.242640687,16.97056275
10,8.485281374,11.40175425,9.219544457,11.40175425,11.40175425,10,11.18033989,10,10.63014581,12.04159458,9.219544457,11.3137085,10,12.04159458,10.63014581,14.2126704,8.602325267,14.14213562,10.63014581,12.72792206,8.485281374,11.40175425,10.63014581,13.03840481,10,14.14213562,8.602325267,14.14213562,9.219544457,14.2126704,7.615773106,12.80624847,7.211102551,12.04159458,9.899494937,12.72792206,10.63014581,14.14213562,9.899494937,12.04159458,10.63014581,14.14213562,8.602325267,12.04159458,10,12.04159458,11.3137085,10.63014581,9.219544457,9.219544457,9.433981132
1,12.72792206,3,14.14213562,5,14.2126704,2,12.72792206,1.414213562,14.14213562,1.414213562,12.80624847,2,15,3,12.72792206,2,13.45362405,0,12.80624847,1,15.8113883,1.414213562,15,1.414213562,16.97056275,3.16227766,16.2788206,1,14.86606875,1,15.62049935,3.16227766,14.14213562,4.123105626,13.60147051,1.414213562,14.14213562,1.414213562,14.86606875,2.236067977,14.4222051,3,15.8113883,2,13.60147051,1,14.86606875,2.828427125,12.72792206,1,15
2.236067977,17.02938637,2.236067977,14.2126704,2,15.62049935,3.16227766,16.40121947,3.16227766,17.02938637,2.236067977,16.40121947,1.414213562,17.80449381,1.414213562,14.14213562,2,16.2788206,1.414213562,16.2788206,3.16227766,17.69180601,3.16227766,17.69180601,1.414213562,17.02938637,4.123105626,18.43908891,2,16.40121947,2.236067977,17.69180601,2.236067977,16.97056275,3.605551275,15.62049935,1.414213562,16.97056275,2.828427125,15.55634919,1,15.55634919,3.16227766,15.62049935,3.605551275,14.2126704,2.236067977,16.2788206,4.123105626,14.2126704,1.414213562,15.55634919
3.16227766,15.55634919,4.123105626,16.2788206,2.828427125,17.80449381,1,16.40121947,4.123105626,16.40121947,5,14.86606875,2.828427125,17.69180601,1.414213562,17.02938637,2.828427125,16.97056275,1,14.86606875,1,17.02938637,1,17.69180601,1,17.02938637,1.414213562,17.69180601,2.236067977,15.55634919,1.414213562,17.69180601,0,16.2788206,2.236067977,17.80449381,2.236067977,17.20465053,1,16.2788206,1.414213562,16.40121947,1.414213562,16.97056275,1.414213562,14.14213562,2.236067977,16.2788206,2.828427125,14.86606875,2,15.55634919
10.81665383,13.03840481,10.29563014,13.41640786,10,13.03840481,10.63014581,14.2126704,9.433981132,14.2126704,10.29563014,14.4222051,10.81665383,15,11.18033989,14.14213562,10.81665383,14.86606875,10.63014581,14.2126704,11.66190379,14.86606875,10.29563014,14.86606875,8.602325267,14.86606875,9.219544457,15.55634919,8.602325267,16.2788206,9.219544457,15.62049935,8.602325267,17.02938637,7.810249676,14.86606875,7.211102551,15.55634919,8.602325267,15,7.810249676,15.62049935,7.071067812,16.2788206,8.485281374,14.2126704,8.485281374,14.86606875,7.071067812,15.62049935,11.40175425,14.14213562
14.2126704,7.615773106,15.55634919,7.211102551,15,7.280109889,16.2788206,8.062257748,15.62049935,6.32455532,14.86606875,10.29563014,18.43908891,9.219544457,16.40121947,6.708203932,15.55634919,6.403124237,15,8.94427191,16.2788206,9.433981132,16.2788206,9.219544457,12.72792206,9.433981132,16.2788206,9.899494937,14.86606875,12.04159458,17.02938637,13.03840481,16.2788206,10,14.86606875,12.04159458,15,8.062257748,17.20465053,10.63014581,12.52996409,8.485281374,12.04159458,8.062257748,14.2126704,9.219544457,14.4222051,7.810249676,14.86606875,10.63014581,14.86606875,8.94427191
5,15,3.16227766,15.55634919,3.605551275,13.45362405,5.099019514,15.62049935,3.16227766,15.55634919,3.16227766,16.2788206,4,15.8113883,5.099019514,16.40121947,4.123105626,17.02938637,5.099019514,15.55634919,4.472135955,16.2788206,5,16.2788206,5,16.2788206,5,16.97056275,5.656854249,15.55634919,5.656854249,14.86606875,4.242640687,16.97056275,5,17.69180601,5.656854249,17.69180601,5,15.62049935,6.403124237,15.55634919,4.472135955,16.2788206,4.472135955,15.62049935,4.242640687,17.69180601,4.472135955,16.2788206,4.472135955,16.97056275
7.071067812,14.2126704,7.280109889,13.45362405,6.708203932,14.86606875,6.708203932,14.14213562,5.385164807,13.45362405,7.211102551,16.97056275,9.433981132,15.62049935,8.94427191,14.86606875,9.486832981,15.8113883,9.219544457,19.10497317,8.602325267,16.40121947,9.433981132,16.2788206,7.810249676,14.86606875,10.63014581,15.62049935,9.899494937,17.02938637,8.602325267,15.55634919,7.810249676,17.02938637,9.433981132,15.62049935,8.602325267,13.45362405,7.071067812,15.62049935,7.810249676,15.62049935,8.485281374,16.97056275,8.062257748,14.14213562,7.211102551,15.62049935,9.219544457,14.2126704,7.810249676,16.2788206
4.242640687,15.62049935,4.123105626,12.80624847,2.236067977,15.55634919,1,16.97056275,1,15.8113883,2.828427125,14.86606875,1,15.55634919,2.236067977,15,2.236067977,16.2788206,1.414213562,16.97056275,1,17.69180601,1.414213562,16.2788206,2.236067977,17.20465053,3,17.69180601,2,16.2788206,2.236067977,14.86606875,2.236067977,15.62049935,2,14.2126704,1,17.69180601,3,14.86606875,1,15.62049935,1,16.2788206,1.414213562,14.2126704,1.414213562,15.62049935,3.16227766,14.86606875,2.236067977,16.2788206
5.830951895,12.04159458,6.708203932,13.60147051,6.32455532,14.86606875,5.099019514,14.2126704,6.708203932,14.2126704,7.615773106,13.45362405,5.099019514,14.14213562,5,13.45362405,7.810249676,12.52996409,8.544003745,12.80624847,9.219544457,12.72792206,7.071067812,14.14213562,7.810249676,13.45362405,6.403124237,12.72792206,7.211102551,12.04159458,7.810249676,12.04159458,8.062257748,12.04159458,8.485281374,12.04159458,7.810249676,12.04159458,7.211102551,12.72792206,8.485281374,12.72792206,7.810249676,13.45362405,7.810249676,12.72792206,7.810249676,13.45362405,6.708203932,13.45362405,7.211102551,12.04159458
8.94427191,14.2126704,8.602325267,14.14213562,9.433981132,14.2126704,7.615773106,12.72792206,9.219544457,13.45362405,8.94427191,13.45362405,9.219544457,14.2126704,8.602325267,12.80624847,9.219544457,13.60147051,10.63014581,14.86606875,10.63014581,12.80624847,10.63014581,14.86606875,9.219544457,14.2126704,10.29563014,12.72792206,8.602325267,13.45362405,10.81665383,12.72792206,9.433981132,12.72792206,10.63014581,14.14213562,9.433981132,12.04159458,6.403124237,14.86606875,8.602325267,12.04159458,9.899494937,11.66190379,8.485281374,10.81665383,8.94427191,13.45362405,7.615773106,12.80624847,7.810249676,12.04159458
15.62049935,3,14.86606875,3.16227766,14.86606875,5.385164807,14.86606875,5,14.86606875,2.828427125,17.69180601,5,15.62049935,5,14.2126704,7.071067812,14.86606875,5,15.62049935,7.810249676,17.69180601,8.062257748,15.62049935,3.605551275,14.86606875,7.211102551,16.2788206,5.099019514,15.8113883,6.32455532,14.86606875,7.615773106,15.62049935,5.099019514,14.86606875,6.403124237,14.86606875,4.472135955,16.97056275,5.099019514,15.55634919,5,15,4,14.4222051,4,14.86606875,5,14.14213562,4.472135955,14.86606875,5.099019514
13.45362405,4.472135955,14.4222051,5,12.80624847,3.605551275,14.14213562,4.123105626,12.04159458,4.242640687,14.14213562,4.123105626,13.60147051,2.236067977,13.45362405,1.414213562,15.55634919,2.236067977,15,3.16227766,15,2.236067977,14.86606875,3,16.2788206,3,15.62049935,2.236067977,16.2788206,3.16227766,14.14213562,2.236067977,14.14213562,3,13.60147051,2.236067977,14.2126704,2.236067977,14.14213562,3,14.14213562,2.236067977,14.14213562,1.414213562,14.86606875,4.123105626,14.86606875,3.605551275,14.14213562,4.123105626,12.04159458,4.123105626
16.2788206,2.236067977,14.86606875,1,14.2126704,1,15.62049935,1,15.62049935,0,16.2788206,1.414213562,15.55634919,1,14.86606875,2,17.02938637,2,16.2788206,2.236067977,19.41648784,3.16227766,15.62049935,4,14.86606875,3.605551275,15.62049935,2.828427125,17.69180601,4,16.2788206,3,15.55634919,2.236067977,17.20465053,1,15,2.236067977,15.26433752,2,13.03840481,0,12.80624847,3.16227766,14.14213562,1,15.62049935,3.16227766,16.40121947,2,15.62049935,2
16.97056275,2.236067977,18.43908891,2.828427125,17.69180601,2,18.43908891,2.236067977,17.02938637,2.828427125,17.69180601,2,16.2788206,2.236067977,16.97056275,1.414213562,17.69180601,1.414213562,18.38477631,1.414213562,17.69180601,2.236067977,17.69180601,3.16227766,19.79898987,2,16.40121947,5.385164807,18.38477631,4.123105626,20.51828453,4.472135955,19.79898987,3.16227766,15.62049935,4.123105626,15.62049935,2.236067977,17.02938637,2,16.2788206,2.236067977,16.2788206,2.828427125,17.69180601,3.16227766,17.69180601,4.123105626,15.55634919,1.414213562,16.97056275,2
16.2788206,3.605551275,16.40121947,2.236067977,16.97056275,5.385164807,16.2788206,5.099019514,17.69180601,5.830951895,17.69180601,6.08276253,14.2126704,6.403124237,16.97056275,5,19.20937271,5,20.80865205,6.708203932,16.97056275,2.236067977,17.80449381,6.403124237,18.43908891,7.615773106,15.55634919,2.828427125,14.86606875,6,16.2788206,7.211102551,15.62049935,8.062257748,20,5.830951895,16.2788206,6.403124237,15,6.403124237,14.86606875,6.403124237,13.45362405,5.099019514,14.86606875,2.236067977,12.72792206,7.280109889,14.14213562,4.472135955,15.55634919,5.099019514
13.60147051,8.062257748,16.2788206,7.615773106,12.72792206,7.211102551,14.86606875,7.810249676,15.55634919,7.211102551,16.40121947,8.602325267,16.40121947,7.810249676,16.2788206,7.810249676,15.55634919,10,17.69180601,10.81665383,17.69180601,9.899494937,17.69180601,9.899494937,16.2788206,9.219544457,13.60147051,10,14.14213562,12.04159458,16.40121947,9.219544457,13.45362405,10.63014581,14.86606875,10.63014581,15.55634919,10.63014581,12.80624847,10.63014581,12.72792206,9.219544457,13.45362405,9.899494937,12.72792206,8.485281374,12.20655562,10,13.45362405,8.602325267,13.45362405,8.485281374
8.485281374,11.40175425,10,9.219544457,10.63014581,10.81665383,11.40175425,12.04159458,9.219544457,12.20655562,10.81665383,10,11.66190379,9.899494937,11.66190379,9.899494937,10.63014581,10.63014581,12.04159458,9.219544457,12.20655562,10,11.3137085,9.219544457,10.63014581,11.18033989,11.3137085,11.3137085,11.40175425,9.219544457,9.899494937,11.18033989,11.40175425,12.20655562,11.40175425,7.810249676,9.433981132,9.433981132,11.40175425,10,10.63014581,8.602325267,10.63014581,10.63014581,9.219544457,9.433981132,8.94427191,11.3137085,10,10.77032961,7.071067812,9.433981132
13.60147051,7.280109889,12.72792206,4.472135955,13.03840481,6.708203932,14.14213562,5.385164807,13.60147051,5.830951895,14.86606875,5.830951895,14.2126704,3.605551275,13.45362405,6.403124237,13.45362405,6.403124237,12.80624847,7.071067812,15.62049935,6.403124237,16.2788206,4.242640687,15.62049935,5,13.45362405,5,15.55634919,5.385164807,13.45362405,4.472135955,15.55634919,4.472135955,14.86606875,3.605551275,15,5,13.45362405,4.123105626,13.45362405,5.099019514,13.45362405,5,13.45362405,5.656854249,14.14213562,8.246211251,13.60147051,6.08276253,14.14213562,8.062257748
13.45362405,7,15.62049935,10.19803903,14.86606875,4.123105626,15.8113883,6.708203932,16.97056275,6.32455532,17.69180601,8.062257748,15,8.062257748,14.4222051,6.708203932,16.40121947,7.280109889,17.69180601,11.40175425,15.62049935,6.403124237,12.80624847,6.403124237,16.40121947,11.40175425,15.55634919,7.211102551,12.80624847,10,14.86606875,8.062257748,14.86606875,9.219544457,16.2788206,6.708203932,15.55634919,10.63014581,14.86606875,8.602325267,12.04159458,8.485281374,11.40175425,6.403124237,10.63014581,8.485281374,14.14213562,7.810249676,12.04159458,9.219544457,12.80624847,3.605551275
4.123105626,13.45362405,2.236067977,13.03840481,3.605551275,16.2788206,3.16227766,17.20465053,3.16227766,15.62049935,2.236067977,14.2126704,1.414213562,16.97056275,3.16227766,15,3,12.72792206,2.236067977,14.4222051,2.236067977,14.2126704,2.828427125,15.62049935,3.605551275,16.2788206,2.828427125,14.14213562,3.605551275,14.86606875,3.16227766,14.86606875,2.236067977,13.45362405,2.828427125,13.45362405,3,14.86606875,3.16227766,14.86606875,5,14.86606875,5.385164807,13.45362405,3,13.45362405,2,12.72792206,4.472135955,13.60147051,2.236067977,15.55634919
13.60147051,5,13.45362405,5.830951895,15.62049935,6.32455532,15.62049935,5.830951895,15.62049935,6.403124237,12.04159458,6.403124237,15.62049935,5.830951895,14.86606875,7.810249676,15.55634919,4.472135955,19.10497317,8.602325267,16.97056275,8.94427191,17.02938637,7.211102551,16.64331698,7.810249676,18.43908891,6.708203932,15.62049935,4.123105626,14.86606875,5.830951895,15.55634919,4.472135955,14.86606875,5,12.04159458,6.08276253,14.2126704,5.385164807,13.45362405,6,12.80624847,5.385164807,12.72792206,6.32455532,13.45362405,7.810249676,12.80624847,7.810249676,13.45362405,6.403124237
5,29,7.211102551,27.58622845,7.810249676,29.73213749,5.830951895,27.65863337,7.211102551,26.17250466,7.810249676,28.31960452,6.32455532,29,8.062257748,26.87005769,6.708203932,28.31960452,8.602325267,30.41381265,11.70469991,31.89043744,9.486832981,28.31960452,10.44030651,28.28427125,10.44030651,26.87005769,7.615773106,25.45584412,10.77032961,26.2488095,8.544003745,26.90724809,8.94427191,26.90724809,8.544003745,27.58622845,8,24.8394847,7.280109889,24.04163056,8.062257748,24.20743687,6.08276253,24.75883681,6.08276253,26.17250466,6.08276253,26.17250466,7.071067812,25.45584412
15.8113883,8.544003745,14.4222051,7.615773106,11.40175425,9.433981132,14.14213562,6.403124237,13.45362405,7.810249676,14.86606875,7.211102551,12.04159458,9.219544457,13.60147051,9.219544457,15.62049935,10.81665383,12.80624847,10.63014581,16.2788206,9.899494937,13.45362405,10,14.86606875,10,10.63014581,11.3137085,12.80624847,11.3137085,13.45362405,12.80624847,12.20655562,10.63014581,13.45362405,11.40175425,11.66190379,10.63014581,11.3137085,10.29563014,11.40175425,9.219544457,12.20655562,8.602325267,10.81665383,10.29563014,12.80624847,6.708203932,12.04159458,8.485281374,12.04159458,7.211102551
7.615773106,14.2126704,6.403124237,14.86606875,8.062257748,15.62049935,7.211102551,15,7.211102551,14.14213562,6.403124237,14.86606875,6.403124237,17.20465053,6.403124237,17.02938637,8.602325267,15,7.280109889,16.40121947,8.94427191,17.69180601,6.708203932,15.62049935,6.32455532,17.80449381,7.280109889,16.2788206,5.385164807,14.2126704,6.32455532,15,7.280109889,14.14213562,6.08276253,14.86606875,6.32455532,14.86606875,8.544003745,15.62049935,7.280109889,15.62049935,8.062257748,14.4222051,6.708203932,14.86606875,7.615773106,14.2126704,7.615773106,13.60147051,7.615773106,14.86606875
17.69180601,3.605551275,15.8113883,3,17.69180601,1.414213562,16.97056275,3.16227766,16.2788206,4.123105626,20.61552813,4,18.38477631,2,19.10497317,1.414213562,16.2788206,3.16227766,15,5.385164807,21.21320344,3.605551275,16.97056275,4.123105626,18.38477631,5,18.38477631,5.830951895,15.55634919,5.830951895,17.02938637,5,17.69180601,4.472135955,16.40121947,4,17.69180601,6.32455532,18.38477631,3.605551275,18.43908891,3.605551275,16.2788206,5,14.86606875,5,16.2788206,2,14.14213562,3.605551275,16.97056275,2
14.14213562,5,13.60147051,5.385164807,14.2126704,6.08276253,13.45362405,5.830951895,13.45362405,4.472135955,14.2126704,6.08276253,14.86606875,4.472135955,15.55634919,5,17.02938637,2,18.38477631,5.099019514,17.69180601,2.236067977,17.02938637,3.605551275,15.55634919,4.123105626,16.2788206,2,14.2126704,3.16227766,16.97056275,3,15.55634919,2,14.4222051,4,15.62049935,2.236067977,12.72792206,3.605551275,15.62049935,0,14.14213562,2.828427125,14.86606875,4.123105626,14.86606875,2.236067977,12.80624847,2.828427125,12.04159458,5
12.72792206,10.81665383,14.14213562,10,12.04159458,10,10.81665383,10.81665383,12.80624847,10,12.80624847,9.899494937,13.45362405,9.219544457,13.45362405,8.485281374,12.80624847,8.485281374,12.20655562,7.211102551,12.04159458,8.602325267,14.2126704,7.810249676,12.72792206,8.602325267,14.86606875,9.219544457,12.80624847,8.062257748,12.72792206,8.94427191,14.2126704,8.062257748,12.04159458,9.219544457,12.72792206,9.219544457,13.45362405,8.602325267,12.80624847,7.810249676,12.04159458,8.062257748,9.899494937,8.94427191,9.899494937,9.219544457,11.40175425,9.899494937,10,9.219544457
15.62049935,8.062257748,14.86606875,8.062257748,13.89244399,7.211102551,16.40121947,7.810249676,14.2126704,8.062257748,15,5.830951895,12.72792206,7.615773106,13.60147051,8.602325267,11.3137085,9.219544457,13.45362405,12.04159458,12.72792206,9.899494937,15,8.602325267,13.45362405,9.219544457,14.14213562,9.899494937,12.80624847,10.63014581,14.2126704,9.219544457,12.72792206,8.485281374,13.60147051,9.219544457,12.80624847,9.433981132,14.2126704,10.81665383,12.20655562,9.219544457,12.80624847,8.062257748,11.3137085,8.485281374,13.45362405,10,12.72792206,8.602325267,12.80624847,8.94427191
14.14213562,4.123105626,15.62049935,5.656854249,15.55634919,3.605551275,15.62049935,5,15.55634919,3.16227766,14.2126704,3.605551275,16.2788206,4.242640687,14.86606875,4.472135955,17.02938637,5.830951895,17.80449381,5,17.69180601,6.32455532,16.97056275,6.32455532,17.69180601,6.708203932,15.8113883,7.280109889,16.40121947,5.099019514,16.2788206,7.280109889,14.86606875,5.099019514,17.02938637,5,15.62049935,5.385164807,16.40121947,4.123105626,14.86606875,5.099019514,15.62049935,3.16227766,15.55634919,5.099019514,15,5,17.69180601,5,15.62049935,5.099019514
8.94427191,12.80624847,8.485281374,11.3137085,7.615773106,12.72792206,8.602325267,12.72792206,8.062257748,12.72792206,9.219544457,11.40175425,8.602325267,12.04159458,7.071067812,13.45362405,7.211102551,14.2126704,6.403124237,12.04159458,8.485281374,14.86606875,7.810249676,14.86606875,6.708203932,14.86606875,8.062257748,15.55634919,5.385164807,12.80624847,7.810249676,14.86606875,7.211102551,12.72792206,8.602325267,12.04159458,8.602325267,13.45362405,8.062257748,15,6.403124237,11.40175425,7.615773106,15,8.062257748,13.60147051,7.211102551,12.04159458,8.544003745,12.20655562,7.810249676,12.04159458
6,15.55634919,2.236067977,14.86606875,3,14.86606875,3.16227766,14.14213562,3.16227766,16.2788206,5,14.86606875,2.236067977,14.86606875,5,14.86606875,5,16.2788206,4.242640687,19.20937271,5,16.2788206,5.099019514,13.45362405,4.123105626,16.97056275,6.403124237,16.97056275,5.830951895,14.86606875,5,15.55634919,4.123105626,15,5.830951895,15.62049935,7.211102551,16.40121947,5.099019514,14.86606875,5,15.55634919,7.211102551,14.86606875,4.123105626,13.45362405,3.605551275,14.86606875,5,13.45362405,6.08276253,13.45362405
17.69180601,2.236067977,17.02938637,3.605551275,17.02938637,3,19.20937271,2.828427125,17.80449381,2.236067977,19.79898987,0,19.20937271,3.16227766,21.26029163,3.16227766,19.10497317,3.605551275,20.61552813,3.16227766,19.10497317,3.605551275,19.20937271,4.123105626,17.69180601,3.605551275,20.51828453,5,16.2788206,3,18.60107524,5.099019514,18.43908891,4.472135955,19.10497317,7.071067812,17.02938637,4.123105626,17.02938637,5.099019514,16.2788206,5.099019514,16.40121947,4.472135955,14.86606875,5,16.2788206,3.16227766,16.97056275,4.472135955,18.38477631,3.16227766
10.63014581,9.899494937,15.62049935,9.899494937,14.86606875,9.219544457,14.4222051,10.81665383,15.8113883,11.40175425,15,10.81665383,12.20655562,10,15,13.45362405,15.65247584,13,15,13.41640786,13.41640786,12.04159458,15.62049935,11.18033989,15,13.41640786,15,13.45362405,14.76482306,9.486832981,15,12.52996409,14.4222051,12.08304597,13.03840481,11.70469991,15,13.60147051,13.89244399,10.77032961,13.03840481,9.848857802,11.66190379,10.77032961,9.848857802,11.66190379,13.03840481,13.41640786,13.60147051,15.65247584,10.29563014,11.18033989
13.03840481,13.60147051,13.45362405,10.81665383,14.2126704,13.60147051,12.80624847,13.45362405,12.20655562,13.45362405,12.80624847,12.04159458,14.14213562,11.40175425,13.45362405,12.20655562,14.4222051,10,13.45362405,8.485281374,12.04159458,11.40175425,16.2788206,12.72792206,14.2126704,14.14213562,13.45362405,12.20655562,14.14213562,13.45362405,12.80624847,12.80624847,14.86606875,11.40175425,13.45362405,12.52996409,14.14213562,10,12.72792206,11.66190379,12.72792206,12.04159458,13.45362405,10.29563014,12.04159458,11.40175425,12.20655562,12.80624847,11.3137085,12.04159458,10.63014581,13.03840481
9.433981132,12.04159458,11.66190379,12.04159458,10,12.72792206,8.485281374,13.45362405,8.602325267,13.45362405,9.899494937,14.86606875,9.219544457,12.04159458,9.219544457,12.04159458,10,12.04159458,10.29563014,14.2126704,10.81665383,12.80624847,12.04159458,12.80624847,11.40175425,14.2126704,13.45362405,13.89244399,10,14.2126704,11.40175425,12.80624847,9.433981132,12.52996409,10,12.52996409,12.04159458,12.80624847,10,13.45362405,10.81665383,12.80624847,9.219544457,12.80624847,9.433981132,12.20655562,10.81665383,12.04159458,9.219544457,12.20655562,9.433981132,11.40175425
15.55634919,4.123105626,15,3.605551275,14.86606875,5.385164807,15.55634919,2.236067977,17.69180601,5,16.2788206,3.605551275,16.40121947,5,16.2788206,4.242640687,17.69180601,4.472135955,19.10497317,4.472135955,16.97056275,3.16227766,16.2788206,4,16.97056275,4.123105626,17.69180601,4,16.97056275,3,16.2788206,3.16227766,15.55634919,3.16227766,15,4,16.97056275,3.16227766,15.62049935,4.123105626,15.62049935,4.123105626,16.2788206,4.472135955,15.55634919,5,16.97056275,5,14.2126704,4,13.45362405,4.123105626
17.69180601,4.123105626,18.43908891,5,19.84943324,7.071067812,23.02172887,4.123105626,18.02775638,1.414213562,20,4,21.40093456,2.828427125,20,6.32455532,18.43908891,1,18.02775638,1.414213562,20.24845673,3.16227766,19.41648784,2.236067977,17.69180601,3.605551275,19.41648784,3.605551275,21.40093456,3,19.10497317,5.385164807,16.64331698,5,20.61552813,3.16227766,17.69180601,6,16.2788206,6.08276253,17.20465053,4.123105626,19.20937271,5,16.97056275,6,14.2126704,4.123105626,15,5,14.86606875,4.123105626
12.04159458,13.60147051,9.219544457,16.2788206,10,14.2126704,10.63014581,16.2788206,12.04159458,15,10.63014581,14.86606875,9.219544457,17.02938637,10.29563014,15.26433752,10.44030651,17.02938637,11.18033989,14.86606875,10.77032961,15.62049935,10.29563014,15.8113883,8.94427191,17.02938637,9.433981132,16.40121947,8.94427191,15.62049935,10.29563014,15.62049935,9.848857802,15,9.433981132,16.2788206,10.77032961,15.62049935,13.89244399,16.2788206,11.18033989,14.86606875,8.602325267,14.2126704,8.94427191,12.80624847,11.66190379,11.3137085,7.211102551,14.2126704,13.03840481,14.2126704
12.04159458,12.04159458,13.60147051,12.80624847,15.26433752,11.3137085,13.45362405,9.433981132,12.04159458,12.04159458,12.04159458,13.45362405,13.45362405,12.04159458,13.45362405,11.3137085,12.80624847,10.81665383,13.03840481,10.63014581,12.80624847,10.63014581,15,12.04159458,14.2126704,11.3137085,15,12.20655562,14.4222051,10.63014581,14.4222051,10.63014581,14.4222051,12.04159458,13.03840481,11.18033989,15.26433752,10,12.52996409,11.40175425,13.89244399,10,13.89244399,11.40175425,11.18033989,11.40175425,11.66190379,12.80624847,12.08304597,12.80624847,10.81665383,11.40175425
4.472135955,15,6,15.62049935,4.472135955,14.86606875,2.236067977,15.62049935,2.236067977,16.97056275,5.385164807,15.62049935,4.472135955,15.62049935,4.242640687,15.62049935,4.472135955,15.62049935,4.123105626,15,5.385164807,15.55634919,2,17.02938637,1,15.55634919,2,17.80449381,2.236067977,16.64331698,2.236067977,15.62049935,4.242640687,17.02938637,3.605551275,16.2788206,3.16227766,15.62049935,2.236067977,15,2.828427125,15.55634919,2,16.2788206,3,15,2,13.45362405,4,15,3,12.20655562
10,14.14213562,11.18033989,14.14213562,8.062257748,12.04159458,8.602325267,14.14213562,7.810249676,17.69180601,7.810249676,18.38477631,11.18033989,17.80449381,7.810249676,14.86606875,9.848857802,16.40121947,11.40175425,19.79898987,9.848857802,17.69180601,9.219544457,17.69180601,6.708203932,18.38477631,6.403124237,14.86606875,7.615773106,18.43908891,8.062257748,18.43908891,8.062257748,15.62049935,8.602325267,17.80449381,7.615773106,16.2788206,8.602325267,19.10497317,8.062257748,14.86606875,7.615773106,16.2788206,7.071067812,17.69180601,7.810249676,17.69180601,7.211102551,15.62049935,8.94427191,14.2126704
7.615773106,12.72792206,6.708203932,11.3137085,7.071067812,14.14213562,8.062257748,13.45362405,7.810249676,12.04159458,8.485281374,12.80624847,10,16.40121947,7.810249676,13.45362405,9.219544457,12.72792206,12.04159458,15.55634919,11.3137085,14.2126704,11.3137085,13.60147051,10,11.3137085,10.81665383,11.66190379,10,11.40175425,9.219544457,13.45362405,9.899494937,13.60147051,9.219544457,11.66190379,11.66190379,12.20655562,11.40175425,12.04159458,7.810249676,11.66190379,9.219544457,12.52996409,7.810249676,12.04159458,10,13.03840481,7.211102551,12.80624847,7.810249676,12.80624847
11.40175425,14.86606875,8.485281374,15.55634919,9.899494937,17.20465053,11.40175425,15.55634919,9.219544457,17.02938637,12.04159458,18.38477631,9.899494937,20.51828453,11.40175425,17.69180601,10.63014581,19.10497317,11.40175425,20.61552813,12.20655562,17.69180601,12.04159458,19.84943324,11.40175425,16.2788206,9.848857802,17.69180601,10,17.69180601,8.602325267,18.43908891,9.433981132,17.69180601,12.08304597,19.20937271,9.219544457,18.43908891,8.94427191,17.02938637,8.94427191,17.20465053,10.81665383,16.40121947,10.29563014,15.8113883,9.433981132,17.69180601,12.20655562,14.86606875,11.40175425,16.2788206
8.602325267,16.2788206,7.211102551,15.62049935,7.211102551,17.02938637,7.810249676,14.2126704,5.830951895,14.4222051,8.485281374,15.55634919,7.810249676,17.20465053,8.062257748,16.2788206,7.211102551,16.40121947,8.602325267,17.69180601,7.211102551,14.86606875,8.062257748,19.10497317,9.219544457,16.40121947,7.615773106,15,9.486832981,17.69180601,8.062257748,17.80449381,8.062257748,17.69180601,8.544003745,14.86606875,9.433981132,15.55634919,9.433981132,14.2126704,7.615773106,12.72792206,8.062257748,15.62049935,8.246211251,16.2788206,9.219544457,14.86606875,7.615773106,12.04159458,7.615773106,15
13.03840481,12.72792206,13.45362405,10.63014581,13.45362405,12.72792206,14.2126704,13.03840481,15,9.899494937,13.45362405,11.40175425,15,12.80624847,10.63014581,9.219544457,16.97056275,8.062257748,17.69180601,11.3137085,17.02938637,10.63014581,12.20655562,10.63014581,14.14213562,10.81665383,15.8113883,10.63014581,14.2126704,11.66190379,15.55634919,9.219544457,14.14213562,8.062257748,15.62049935,9.219544457,15.62049935,9.899494937,13.60147051,8.062257748,14.4222051,9.219544457,13.45362405,9.899494937,12.04159458,10.29563014,12.80624847,8.602325267,15.26433752,10,12.80624847,10.29563014
8.602325267,13.03840481,7.071067812,9.899494937,8.94427191,11.3137085,9.899494937,12.04159458,9.219544457,12.72792206,8.602325267,12.04159458,10.63014581,13.45362405,8.485281374,12.80624847,10.63014581,12.04159458,6.403124237,15,7.810249676,15.62049935,7.071067812,15,8.602325267,15,7.071067812,14.2126704,8.246211251,12.80624847,9.848857802,14.14213562,6.403124237,12.04159458,9.219544457,14.2126704,9.433981132,12.80624847,7.211102551,14.86606875,8.544003745,13.60147051,5.830951895,12.72792206,7.071067812,13.03840481,8.544003745,11.40175425,7.211102551,11.40175425,9.433981132,12.52996409
5,14.86606875,5,17.02938637,2.236067977,15.62049935,2.828427125,14.86606875,3.16227766,16.2788206,2,16.2788206,3.605551275,14.14213562,3.605551275,14.86606875,7.071067812,14.86606875,5,16.40121947,2.236067977,14.14213562,3.605551275,15.55634919,5.099019514,15.55634919,2.236067977,16.40121947,4.123105626,15.62049935,4.472135955,16.2788206,4.472135955,14.2126704,6.708203932,15.55634919,2.236067977,16.2788206,5.656854249,14.2126704,5,15,4.472135955,14.2126704,3,14.2126704,4.242640687,16.40121947,2.236067977,15,4.123105626,15.55634919
18.38477631,3.605551275,19.10497317,5,17.02938637,3,17.80449381,2,18.38477631,2.828427125,19.79898987,2.828427125,16.64331698,2.236067977,21.9317122,1.414213562,17.80449381,3.16227766,19.79898987,2.236067977,18.38477631,3.605551275,18.43908891,3.605551275,21.26029163,2.828427125,19.84943324,5,19.84943324,2.828427125,19.84943324,4.123105626,19.10497317,5.099019514,21.21320344,4.123105626,18.43908891,5,18.38477631,4.472135955,19.84943324,2.828427125,16.40121947,1,16.2788206,2.828427125,16.2788206,1,19.10497317,3.16227766,17.69180601,0
14.86606875,4,14.86606875,3.16227766,16.2788206,5,15.62049935,3.605551275,16.2788206,5.385164807,18.38477631,3.605551275,18.43908891,2.236067977,16.40121947,4.472135955,17.02938637,4,18.43908891,2.236067977,19.10497317,4,14.86606875,3.16227766,16.2788206,3,16.2788206,3,19.10497317,2,16.97056275,2,15.55634919,1,16.40121947,3.16227766,17.69180601,2,15.55634919,2,16.2788206,3,15.62049935,2.828427125,15.55634919,4.472135955,16.2788206,4.472135955,14.14213562,6.32455532,15,4
14.2126704,9.848857802,13.45362405,9.433981132,14.4222051,8.602325267,15.62049935,8.602325267,14.2126704,10,15,9.899494937,16.40121947,10,13.60147051,9.899494937,16.2788206,11.3137085,16.97056275,9.219544457,15.55634919,11.3137085,14.86606875,12.72792206,14.14213562,12.04159458,14.14213562,12.72792206,14.86606875,12.04159458,14.2126704,12.04159458,14.14213562,11.3137085,13.45362405,11.66190379,11.18033989,12.04159458,14.86606875,13.45362405,13.45362405,11.40175425,13.45362405,10.63014581,12.80624847,12.04159458,13.45362405,11.40175425,12.80624847,11.40175425,14.86606875,10.63014581
10.29563014,15,11.3137085,10.63014581,12.04159458,13.60147051,10,12.80624847,10.81665383,13.45362405,10.63014581,13.45362405,13.03840481,13.45362405,12.04159458,13.45362405,11.40175425,14.14213562,15.55634919,14.14213562,11.40175425,14.14213562,10.81665383,14.86606875,10,14.2126704,12.72792206,14.2126704,13.41640786,13.60147051,11.66190379,12.04159458,12.52996409,13.03840481,11.66190379,13.45362405,11.40175425,15,11.66190379,13.45362405,10.81665383,12.80624847,9.433981132,12.80624847,10.81665383,12.04159458,10.29563014,12.04159458,8.94427191,12.80624847,8.246211251,12.20655562
12.72792206,7.810249676,13.45362405,9.433981132,12.80624847,10,13.60147051,8.062257748,12.80624847,5.830951895,12.80624847,6.708203932,13.45362405,7.071067812,14.2126704,8.94427191,16.2788206,8.062257748,14.2126704,8.485281374,15.55634919,5.656854249,15.62049935,7.810249676,13.45362405,8.485281374,14.2126704,7.810249676,13.45362405,6.403124237,12.72792206,5.656854249,14.14213562,5.385164807,13.45362405,5.656854249,15,5.656854249,14.2126704,5,12.80624847,4.242640687,13.45362405,6.32455532,12.04159458,5.830951895,12.72792206,6.403124237,12.04159458,5.385164807,10.81665383,7.071067812
16.2788206,3.605551275,15,2.236067977,14.86606875,4.472135955,16.2788206,3.16227766,16.2788206,1,16.2788206,3.16227766,17.69180601,2.236067977,15.62049935,5,15.62049935,3.605551275,14.14213562,3.16227766,17.02938637,4.123105626,17.02938637,3.16227766,15.62049935,2,15.55634919,3,17.69180601,4.123105626,15.62049935,4.123105626,16.97056275,5.385164807,17.69180601,3.605551275,15.55634919,2.828427125,16.2788206,5.385164807,16.97056275,2.236067977,15.55634919,3.16227766,14.2126704,1.414213562,16.2788206,3.16227766,14.86606875,3,14.14213562,2
12.04159458,6.708203932,14.2126704,6.32455532,14.14213562,6.08276253,13.45362405,5.656854249,12.80624847,5.830951895,13.45362405,6.32455532,13.45362405,8.062257748,13.45362405,6.403124237,15.55634919,4.242640687,14.86606875,5.830951895,15.55634919,5,15,5.830951895,16.2788206,4.472135955,14.86606875,6.403124237,15,2.236067977,15.55634919,5,13.60147051,5.830951895,15.62049935,4.472135955,13.45362405,4.472135955,15.62049935,7.810249676,12.72792206,5.830951895,14.2126704,5.656854249,11.3137085,5.385164807,13.45362405,8.062257748,13.45362405,5,14.14213562,8.062257748
18.38477631,2.236067977,19.10497317,2.236067977,17.69180601,2,19.79898987,2,16.2788206,4.123105626,19.10497317,2.828427125,21.21320344,3.16227766,19.10497317,3,18.43908891,4.472135955,19.84943324,4.472135955,21.26029163,3.605551275,18.38477631,5,20.51828453,5.656854249,18.38477631,3.605551275,19.10497317,3.16227766,16.97056275,3.605551275,17.69180601,4.472135955,17.02938637,4.472135955,18.43908891,6.403124237,18.43908891,6.708203932,17.69180601,3.605551275,17.69180601,4.472135955,16.97056275,5.385164807,17.69180601,5.099019514,18.43908891,2.828427125,15.55634919,1
29,4.123105626,29,5.099019514,27.58622845,4,30,4.472135955,29,4.242640687,29,4.123105626,27.58622845,2.828427125,28.28427125,2.236067977,29.73213749,2.236067977,27.58622845,3.16227766,30.47950131,1.414213562,30.47950131,2,31.144823,2,31.82766093,2.236067977,29,2,31.82766093,1,30.41381265,1.414213562,27.58622845,3.16227766,28.28427125,2.236067977,25.49509757,4.123105626,26.87005769,2.236067977,26.90724809,4,24.04163056,4.123105626,29,5.385164807,24.8394847,6.08276253,25.61249695,5.385164807
16.2788206,4.123105626,15.62049935,5.656854249,15.55634919,3.605551275,15.62049935,4.123105626,14.86606875,4.123105626,16.40121947,3.16227766,15.62049935,3.16227766,15.62049935,2,16.97056275,3.16227766,17.69180601,1.414213562,16.97056275,3,15.55634919,2.236067977,15.62049935,5.830951895,17.20465053,5,14.86606875,5,15.55634919,5.385164807,14.86606875,4.472135955,15.55634919,5.099019514,13.45362405,5.830951895,14.14213562,5.385164807,15.62049935,4.472135955,14.14213562,3.605551275,12.72792206,5,15.55634919,5,14.86606875,3.605551275,12.80624847,2.236067977
12.80624847,8.246211251,12.80624847,7.211102551,12.72792206,7.615773106,15.55634919,5.385164807,15.55634919,6.708203932,15.62049935,7.071067812,13.60147051,7.280109889,13.60147051,6.403124237,14.2126704,6.403124237,16.2788206,6.403124237,16.64331698,8.602325267,15.62049935,8.062257748,14.86606875,9.219544457,14.2126704,9.899494937,15.55634919,6.403124237,15.55634919,8.602325267,14.14213562,6.403124237,14.14213562,8.94427191,13.03840481,10.63014581,13.60147051,9.219544457,12.04159458,7.211102551,14.14213562,7.071067812,12.04159458,7.071067812,12.04159458,6.403124237,15,10,14.14213562,8.062257748
6,15.62049935,3,16.97056275,2.236067977,17.69180601,5,17.69180601,5.099019514,17.69180601,3,19.10497317,2,18.38477631,3,18.38477631,1,19.79898987,1.414213562,19.41648784,5.656854249,18.43908891,3.16227766,19.10497317,2.828427125,18.38477631,1.414213562,19.10497317,1.414213562,19.10497317,4.242640687,18.38477631,2.236067977,19.10497317,1,19.10497317,1,17.80449381,2.236067977,17.69180601,2.236067977,17.69180601,1,19.10497317,1.414213562,16.97056275,4.123105626,17.69180601,4.242640687,19.79898987,4,17.69180601
5.099019514,12.80624847,5.099019514,13.45362405,5.830951895,14.86606875,5,10.63014581,5,13.45362405,5.830951895,15,5,12.80624847,6.403124237,12.72792206,5.830951895,12.04159458,5.830951895,14.2126704,7.071067812,14.14213562,7.211102551,14.14213562,7.810249676,14.2126704,6.403124237,13.45362405,5.385164807,12.80624847,5,12.04159458,7.211102551,11.40175425,7.211102551,12.72792206,6.32455532,13.45362405,6.708203932,13.45362405,8.544003745,12.04159458,5.656854249,12.72792206,5.099019514,13.45362405,5.385164807,12.80624847,6.708203932,12.20655562,6.32455532,11.40175425
18.43908891,3.16227766,18.38477631,2.236067977,17.69180601,2.828427125,19.10497317,2.236067977,17.80449381,3.16227766,18.43908891,2.236067977,19.79898987,4.242640687,18.38477631,2.236067977,19.84943324,1,17.69180601,1,20.51828453,1,20.61552813,1,19.84943324,2.236067977,19.10497317,2.828427125,18.43908891,2.236067977,18.43908891,3.16227766,20.51828453,2.236067977,18.43908891,4,19.79898987,2.236067977,18.43908891,3.16227766,18.38477631,2.828427125,18.43908891,4.242640687,17.69180601,2.236067977,17.02938637,2,17.02938637,1,16.97056275,2
10.81665383,10.63014581,9.899494937,12.80624847,11.18033989,10.81665383,12.04159458,12.20655562,12.80624847,11.3137085,9.899494937,13.45362405,12.72792206,12.04159458,12.72792206,11.3137085,12.04159458,12.04159458,11.40175425,10.81665383,13.45362405,12.04159458,12.80624847,13.45362405,12.20655562,12.04159458,13.45362405,15,14.14213562,12.04159458,12.04159458,9.219544457,15.62049935,12.04159458,14.2126704,10.81665383,12.80624847,10.63014581,12.04159458,11.66190379,12.80624847,11.66190379,12.20655562,10.29563014,10.63014581,11.66190379,11.40175425,12.20655562,12.80624847,11.66190379,10.81665383,12.04159458
10.44030651,14.86606875,8.246211251,16.2788206,9.219544457,17.69180601,8.062257748,17.02938637,10.29563014,16.2788206,8.94427191,17.02938637,6.403124237,15.62049935,9.219544457,17.02938637,7.071067812,17.69180601,8.485281374,20,8.062257748,17.69180601,9.899494937,18.43908891,7.280109889,19.10497317,5.830951895,19.10497317,7.810249676,19.10497317,5.099019514,17.69180601,8.602325267,15.55634919,8.062257748,17.69180601,5.099019514,17.69180601,8.246211251,17.69180601,6.708203932,17.80449381,7.615773106,16.97056275,7.071067812,16.2788206,7.211102551,15.55634919,8.94427191,16.2788206,9.433981132,14.86606875
4.472135955,14.14213562,4.123105626,15.55634919,4.242640687,17.80449381,4.472135955,17.69180601,3.16227766,14.86606875,5.385164807,16.40121947,5,16.2788206,4,18.38477631,4,17.02938637,5,15.62049935,5.385164807,17.69180601,3.605551275,16.40121947,5.099019514,17.69180601,4.472135955,14.86606875,4.472135955,15.62049935,3.605551275,15.62049935,1.414213562,15.62049935,4.123105626,16.40121947,4.123105626,17.69180601,3.16227766,16.97056275,4,17.69180601,4.123105626,16.2788206,4,14.14213562,5.099019514,17.02938637,4.472135955,13.45362405,5.385164807,15.62049935
15.62049935,8.062257748,12.04159458,7.615773106,15.62049935,8.602325267,14.86606875,7.810249676,14.14213562,7.810249676,12.72792206,7.071067812,15.55634919,9.219544457,14.2126704,9.219544457,15.62049935,9.219544457,14.4222051,9.433981132,14.2126704,7.810249676,16.2788206,5.830951895,14.86606875,9.219544457,16.2788206,7.615773106,15,8.602325267,17.69180601,8.602325267,14.2126704,8.062257748,13.45362405,5.830951895,15.62049935,5.830951895,14.2126704,7.615773106,12.80624847,8.246211251,14.2126704,7.615773106,12.80624847,9.433981132,14.2126704,8.062257748,13.45362405,8.062257748,14.2126704,8.062257748
12.72792206,12.72792206,12.80624847,13.45362405,12.72792206,12.80624847,12.20655562,13.60147051,13.60147051,10.29563014,13.45362405,13.45362405,11.3137085,10.63014581,11.40175425,10.63014581,13.60147051,10.81665383,13.03840481,9.219544457,10.81665383,14.4222051,13.03840481,16.2788206,12.08304597,12.20655562,13.41640786,12.52996409,13.92838828,13.45362405,12.80624847,11.66190379,13,11.40175425,13.03840481,11.18033989,13.41640786,11.66190379,12.36931688,10.29563014,13,12.04159458,9.433981132,9.433981132,9.848857802,9.486832981,9.848857802,11.40175425,11.70469991,12.80624847,10.77032961,12.52996409
18.38477631,4.123105626,18.38477631,5.099019514,20,4.123105626,18.60107524,4.472135955,18.38477631,4.472135955,19.20937271,3.605551275,17.80449381,2.236067977,19.20937271,2.828427125,19.84943324,2,20.51828453,6.32455532,19.79898987,2.236067977,18.43908891,3.605551275,18.43908891,4,18.43908891,1,19.10497317,2.236067977,17.69180601,5.385164807,17.02938637,4,16.97056275,3.16227766,16.97056275,2,16.2788206,3.16227766,14.86606875,4.123105626,15.62049935,3.16227766,16.2788206,4,14.86606875,6,16.2788206,4,15.55634919,5
10.63014581,12.04159458,13.45362405,12.20655562,10.63014581,11.3137085,12.04159458,12.80624847,10,11.3137085,9.219544457,10.63014581,9.219544457,11.3137085,12.72792206,12.80624847,11.3137085,10,10,10.63014581,13.45362405,11.40175425,12.80624847,11.3137085,12.80624847,13.45362405,11.40175425,13.45362405,12.72792206,12.20655562,12.04159458,12.20655562,11.3137085,10.29563014,10.63014581,12.04159458,11.3137085,10.63014581,12.20655562,11.40175425,11.40175425,11.40175425,12.04159458,11.40175425,10,11.40175425,11.40175425,11.40175425,10,11.66190379,10.81665383,12.20655562
7.211102551,14.2126704,7.810249676,12.04159458,6.403124237,15,10.81665383,14.86606875,8.544003745,13.45362405,7.810249676,15.62049935,10,16.2788206,9.433981132,16.2788206,9.433981132,14.4222051,8.062257748,12.04159458,8.246211251,16.97056275,8.94427191,12.80624847,7.615773106,15,7.280109889,16.2788206,9.219544457,13.60147051,8.544003745,12.80624847,9.848857802,14.14213562,8.062257748,13.03840481,7.280109889,14.86606875,8.544003745,13.45362405,9.055385138,12.72792206,8.062257748,12.80624847,9.055385138,11.66190379,5.099019514,14.2126704,6,14.2126704,8.062257748,12.72792206
7.071067812,12.80624847,7.211102551,13.45362405,9.219544457,15.62049935,8.062257748,14.14213562,10.63014581,16.2788206,8.062257748,14.86606875,8.544003745,15.55634919,9.433981132,14.14213562,8.94427191,12.80624847,7.280109889,12.04159458,8.062257748,14.14213562,10.44030651,14.14213562,8.544003745,13.45362405,10.29563014,14.2126704,9.486832981,15.62049935,10.29563014,14.86606875,9.486832981,15,6.708203932,12.72792206,10.77032961,13.60147051,8.94427191,14.2126704,7.615773106,13.60147051,6.08276253,13.03840481,7.615773106,12.80624847,6.08276253,13.60147051,6.32455532,12.80624847,7.071067812,12.80624847
10,14.14213562,11.18033989,14.14213562,8.062257748,12.04159458,8.602325267,14.14213562,7.810249676,17.69180601,7.810249676,18.38477631,11.18033989,17.80449381,7.810249676,14.86606875,9.848857802,16.40121947,11.40175425,19.79898987,9.848857802,17.69180601,9.219544457,17.69180601,6.708203932,18.38477631,6.403124237,14.86606875,7.615773106,18.43908891,8.062257748,18.43908891,8.062257748,15.62049935,8.602325267,17.80449381,7.615773106,16.2788206,8.602325267,19.10497317,8.062257748,14.86606875,7.615773106,16.2788206,7.071067812,17.69180601,7.810249676,17.69180601,7.211102551,15.62049935,8.94427191,14.2126704
7.615773106,12.72792206,6.708203932,11.3137085,7.071067812,14.14213562,8.062257748,13.45362405,7.810249676,12.04159458,8.485281374,12.80624847,10,16.40121947,7.810249676,13.45362405,9.219544457,12.72792206,12.04159458,15.55634919,11.3137085,14.2126704,11.3137085,13.60147051,10,11.3137085,10.81665383,11.66190379,10,11.40175425,9.219544457,13.45362405,9.899494937,13.60147051,9.219544457,11.66190379,11.66190379,12.20655562,11.40175425,12.04159458,7.810249676,11.66190379,9.219544457,12.52996409,7.810249676,12.04159458,10,13.03840481,7.211102551,12.80624847,7.810249676,12.80624847
10,9.219544457,10.63014581,9.899494937,10.81665383,8.602325267,11.40175425,10.63014581,11.40175425,9.219544457,14.14213562,9.899494937,13.45362405,10.63014581,13.45362405,8.062257748,12.80624847,9.899494937,14.2126704,7.211102551,15.55634919,8.485281374,14.86606875,8.94427191,14.2126704,9.219544457,15,8.602325267,14.14213562,5.656854249,15.62049935,8.062257748,15.55634919,6.708203932,12.72792206,9.486832981,14.86606875,8.062257748,14.14213562,7.211102551,12.04159458,8.485281374,12.04159458,9.219544457,12.04159458,11.70469991,11.40175425,9.219544457,11.3137085,6.708203932,11.3137085,9.433981132
17.69180601,7.071067812,15.55634919,8.062257748,16.2788206,6.08276253,16.40121947,5.830951895,15.55634919,4,15.62049935,4.472135955,18.43908891,4.472135955,15.55634919,4.123105626,17.69180601,4.242640687,21.40093456,4,19.20937271,5.830951895,17.69180601,5.385164807,16.97056275,4.123105626,17.80449381,1,17.69180601,1.414213562,18.38477631,2,18.43908891,1.414213562,18.43908891,1,16.97056275,2.236067977,18.43908891,1.414213562,16.40121947,2.236067977,17.69180601,2.236067977,17.02938637,2.236067977,17.69180601,3.16227766,15.55634919,3.605551275,17.69180601,4.472135955
5.656854249,16.2788206,2.828427125,14.14213562,5,15.55634919,5.099019514,16.2788206,5,14.86606875,6.403124237,15.62049935,5,17.02938637,5.656854249,17.02938637,4.472135955,14.2126704,5,18.43908891,5.099019514,18.43908891,5,18.38477631,4.123105626,17.69180601,5.385164807,16.2788206,6.708203932,17.02938637,5.099019514,16.2788206,6.32455532,14.86606875,8.602325267,15.55634919,4.472135955,16.2788206,3.16227766,17.02938637,7.071067812,16.2788206,7.211102551,16.2788206,6.32455532,17.02938637,7,15.55634919,6.08276253,15.55634919,7.615773106,14.86606875
13.45362405,4.123105626,14.2126704,4.242640687,15.55634919,4.472135955,13.45362405,2.236067977,14.86606875,3,15,3.605551275,14.14213562,5,14.14213562,5,15.55634919,3.16227766,13.45362405,2.236067977,17.02938637,4.123105626,16.40121947,4.472135955,14.86606875,4.472135955,15.62049935,4.472135955,15.55634919,5.385164807,16.2788206,4.123105626,15.62049935,6.708203932,14.2126704,5.830951895,15.55634919,5,13.45362405,3.605551275,13.60147051,5,14.2126704,3.605551275,14.4222051,3,15.62049935,1.414213562,15.62049935,4.123105626,16.97056275,4.123105626
13.45362405,11.66190379,12.80624847,13,10,11.66190379,15.62049935,10.63014581,13.45362405,12.20655562,14.14213562,12.04159458,14.2126704,13.45362405,13.45362405,13.60147051,12.80624847,14.86606875,15,15.62049935,12.72792206,14.86606875,11.66190379,12.72792206,15,14.86606875,13.45362405,15.55634919,10.81665383,14.86606875,11.40175425,15.62049935,11.40175425,14.2126704,13.45362405,14.86606875,11.66190379,14.86606875,11.66190379,15.62049935,10.63014581,15.62049935,13.45362405,14.14213562,12.80624847,12.72792206,10.63014581,13.45362405,12.04159458,14.2126704,13.60147051,12.04159458
47.5394573,25.70992026,43.93176527,37.58989226,31.144823,41,55.1724569,34.92849839,25.96150997,26.2488095,38.20994635,21.37755833,42.42640687,38.01315562,29.41088234,10.19803903,50.60632372,34.92849839,36.89173349,23.08679276,43.27817002,42.20189569,47.16990566,33.30165161,29.73213749,30,48.01041554,24.41311123,49.04079934,38.47076812,65.51335742,40.80441153,32.44996148,34.13209633,29.83286778,25.8069758,39.96248241,44.20407221,48.02082881,15.26433752,40.70626487,22.6715681,32.984845,24.20743687,37.21558813,33.83784863,31.32091953,32.20248438,47.63402146,46.09772229,37.20215048,39.8246155
1,17.02938637,2,18.43908891,2.828427125,16.2788206,1.414213562,15.62049935,1,17.69180601,0,19.20937271,3.16227766,19.20937271,2,17.02938637,3,18.38477631,4.123105626,20.61552813,3.16227766,18.43908891,1,20.51828453,2.236067977,20.61552813,5.385164807,17.02938637,4.123105626,18.43908891,5.099019514,18.38477631,5.099019514,19.20937271,5.385164807,17.20465053,4.123105626,19.10497317,5,17.69180601,2.236067977,15.62049935,2.236067977,14.86606875,3.605551275,19.10497317,4.242640687,18.38477631,2.236067977,14.86606875,4.472135955,18.43908891
11.40175425,10.81665383,10.81665383,9.486832981,8.602325267,12.80624847,10.63014581,10.63014581,11.40175425,12.04159458,10.29563014,12.80624847,12.04159458,11.3137085,8.602325267,12.52996409,10.63014581,12.72792206,10.81665383,11.3137085,9.899494937,13.60147051,11.40175425,13.45362405,9.848857802,14.86606875,8.062257748,14.14213562,7.810249676,13.60147051,9.219544457,9.899494937,11.3137085,12.80624847,9.848857802,13.45362405,7.810249676,14.14213562,10.29563014,11.3137085,9.433981132,13.45362405,8.485281374,9.899494937,9.219544457,12.80624847,11.3137085,12.72792206,9.219544457,12.72792206,10.63014581,11.40175425
10.63014581,10.63014581,9.433981132,9.219544457,9.433981132,12.20655562,11.66190379,11.40175425,9.899494937,12.80624847,9.899494937,12.72792206,10.63014581,12.80624847,12.04159458,12.04159458,9.899494937,10.63014581,11.40175425,12.04159458,12.72792206,10.63014581,12.04159458,12.72792206,15.55634919,14.2126704,14.86606875,10.81665383,12.04159458,11.40175425,12.80624847,11.40175425,10.63014581,12.20655562,13.45362405,11.18033989,12.04159458,12.04159458,13.03840481,11.3137085,14.4222051,12.04159458,11.40175425,11.40175425,11.3137085,12.80624847,11.3137085,12.80624847,11.40175425,11.66190379,11.66190379,12.04159458
8.602325267,12.72792206,9.433981132,14.14213562,10,12.72792206,10.63014581,12.04159458,9.899494937,11.3137085,11.3137085,14.86606875,10.63014581,12.80624847,11.3137085,14.14213562,8.602325267,13.45362405,8.602325267,13.45362405,11.3137085,12.72792206,9.899494937,13.03840481,11.3137085,13.45362405,12.20655562,11.3137085,11.3137085,12.04159458,10.63014581,13.89244399,10.63014581,13.45362405,9.899494937,11.66190379,9.899494937,11.3137085,10.81665383,13.60147051,10,13.45362405,11.40175425,13.45362405,10,13.45362405,10.77032961,12.80624847,10.77032961,12.80624847,8.94427191,12.04159458
15.26433752,10,14.14213562,8.602325267,14.2126704,10.29563014,14.4222051,9.219544457,13.45362405,8.602325267,13.60147051,10.81665383,14.86606875,10,12.04159458,10.63014581,13.45362405,9.219544457,15.62049935,8.602325267,16.97056275,10.63014581,14.14213562,9.899494937,17.69180601,9.219544457,14.14213562,9.219544457,15.55634919,8.602325267,17.02938637,8.062257748,15.62049935,7.615773106,14.86606875,8.062257748,16.2788206,8.485281374,14.14213562,9.899494937,16.2788206,9.219544457,14.86606875,7.810249676,16.97056275,8.062257748,15,10,14.2126704,9.433981132,13.03840481,8.485281374
12.72792206,9.219544457,10.63014581,11.40175425,12.04159458,9.433981132,11.3137085,9.433981132,12.20655562,10.81665383,12.72792206,10.63014581,12.04159458,10.63014581,15.55634919,8.485281374,13.45362405,12.80624847,10.63014581,9.899494937,12.80624847,11.40175425,10.63014581,10.81665383,10.63014581,11.3137085,10.81665383,11.3137085,12.80624847,12.20655562,14.2126704,10.29563014,12.04159458,11.40175425,12.52996409,12.04159458,12.20655562,13.03840481,13.03840481,10.81665383,13.45362405,11.66190379,12.20655562,8.94427191,10.63014581,10.63014581,12.04159458,9.433981132,12.20655562,10.81665383,12.04159458,10.29563014
10,12.04159458,10.81665383,14.14213562,8.485281374,13.03840481,9.433981132,10.63014581,7.810249676,11.40175425,7.071067812,14.14213562,10.29563014,14.14213562,8.602325267,11.3137085,10.81665383,14.86606875,7.071067812,12.72792206,9.899494937,14.86606875,9.899494937,14.4222051,8.602325267,15,8.602325267,15,7.810249676,15,7.071067812,15.62049935,7.071067812,13.45362405,7.615773106,12.72792206,7.615773106,13.45362405,7.211102551,15,8.062257748,12.72792206,6.32455532,12.80624847,7.071067812,14.4222051,8.485281374,13.60147051,7.071067812,10.63014581,8.602325267,13.41640786
5.385164807,14.2126704,4.472135955,14.2126704,6.08276253,15.55634919,6.403124237,14.86606875,2.236067977,14.86606875,5.385164807,17.69180601,3.605551275,16.2788206,5.656854249,15.62049935,5,16.97056275,4,15.55634919,3.605551275,15.55634919,4.242640687,17.02938637,3.16227766,19.20937271,6.08276253,16.40121947,4.242640687,15,4,17.69180601,4.123105626,17.20465053,5.099019514,16.2788206,5,16.2788206,3.16227766,14.2126704,4,15,5,15.62049935,4.472135955,13.60147051,4.472135955,13.45362405,4.472135955,13.45362405,6,14.2126704
14.4222051,7.280109889,14.2126704,10.29563014,12.04159458,8.062257748,15,9.433981132,13.45362405,8.544003745,15.55634919,10.81665383,15.55634919,9.433981132,13.45362405,9.219544457,16.2788206,7.071067812,17.69180601,7.615773106,14.14213562,8.602325267,15.55634919,7.071067812,15.55634919,7.211102551,17.02938637,6.708203932,14.86606875,4.242640687,15.55634919,6.708203932,14.14213562,6.403124237,16.64331698,6.708203932,16.97056275,6.403124237,14.14213562,6.708203932,15.55634919,7.810249676,15,7.211102551,12.72792206,7.810249676,12.80624847,8.94427191,14.86606875,7.615773106,12.80624847,7.211102551
6.32455532,15.55634919,3.16227766,14.86606875,5.099019514,18.43908891,8.062257748,15.55634919,5.385164807,16.2788206,6.708203932,16.2788206,6.708203932,17.02938637,5.830951895,16.2788206,4.472135955,15.55634919,2.236067977,19.10497317,5,15.62049935,3.605551275,19.20937271,2,18.38477631,5,17.02938637,5.385164807,19.84943324,5,19.10497317,5,17.69180601,4.472135955,17.20465053,4,17.02938637,4,16.97056275,3.16227766,17.69180601,4.472135955,16.2788206,3.605551275,17.20465053,4,19.10497317,4.123105626,16.2788206,4.472135955,15
2.236067977,14.2126704,2.236067977,16.2788206,2.236067977,14.86606875,1.414213562,15.55634919,1.414213562,16.2788206,2,15.62049935,2.236067977,16.2788206,1.414213562,16.97056275,2.828427125,17.02938637,3,14.2126704,2,17.02938637,1,17.80449381,5,18.43908891,4.123105626,18.43908891,5,17.80449381,3.16227766,16.2788206,5.099019514,17.02938637,2.236067977,14.86606875,6.08276253,16.97056275,4.123105626,16.2788206,5.385164807,16.40121947,3.605551275,14.14213562,2.236067977,12.80624847,2.828427125,14.14213562,1.414213562,15.55634919,3.605551275,15
14.4222051,8.062257748,14.2126704,11.18033989,14.2126704,7.211102551,15.55634919,9.219544457,14.4222051,9.899494937,15.8113883,8.602325267,15.62049935,7.615773106,12.80624847,7.211102551,13.60147051,10,13.60147051,10.63014581,13.45362405,11.3137085,14.86606875,10.29563014,13.45362405,8.062257748,16.2788206,10.81665383,15,10.81665383,15.62049935,11.18033989,14.4222051,10.29563014,15.62049935,10.44030651,12.80624847,10.29563014,13.45362405,9.433981132,15,9.219544457,13.03840481,7.211102551,14.14213562,8.246211251,13.89244399,9.219544457,14.4222051,5.656854249,12.80624847,8.062257748
11.70469991,15,8.94427191,16.1245155,11.66190379,14.4222051,10.63014581,17.20465053,9.433981132,14.2126704,10.63014581,14.4222051,12.04159458,14.2126704,12.04159458,15.8113883,11.3137085,14.4222051,10.63014581,13.60147051,12.72792206,15.62049935,13.45362405,14.86606875,13.60147051,16.2788206,14.14213562,15.62049935,14.14213562,14.2126704,14.2126704,13.60147051,12.80624847,13.45362405,13.45362405,14.2126704,12.72792206,14.14213562,12.04159458,14.86606875,12.72792206,12.20655562,11.3137085,12.04159458,13.60147051,11.66190379,12.20655562,13.60147051,13.03840481,12.80624847,8.602325267,13.45362405
16.97056275,6.08276253,17.69180601,6.708203932,16.40121947,5.385164807,16.2788206,4.123105626,16.40121947,5.656854249,17.69180601,5,16.2788206,5.830951895,17.80449381,6.403124237,17.02938637,6.403124237,15.62049935,5.656854249,17.69180601,7.810249676,17.02938637,7.211102551,16.2788206,5.656854249,16.2788206,6.403124237,16.40121947,7.810249676,16.40121947,6.403124237,17.02938637,7.211102551,16.2788206,7.211102551,16.2788206,8.602325267,16.40121947,5.830951895,14.86606875,7.211102551,13.45362405,7.615773106,15.62049935,7.211102551,16.2788206,6.32455532,15.55634919,5.830951895,16.2788206,4.123105626
5.385164807,15.26433752,8.062257748,14.86606875,4.472135955,15.62049935,7.071067812,14.86606875,6.32455532,14.86606875,4.472135955,15.55634919,6,15.55634919,4.123105626,17.20465053,4.242640687,16.2788206,5.385164807,14.4222051,3.605551275,15.55634919,4.123105626,16.40121947,2,14.14213562,2.828427125,17.69180601,3.16227766,16.2788206,2.236067977,18.43908891,3.16227766,16.2788206,2,13.45362405,1.414213562,14.86606875,1,15.55634919,2,16.2788206,4.123105626,14.2126704,2.236067977,14.2126704,3.16227766,14.86606875,3.605551275,12.72792206,4.242640687,13.45362405
15.62049935,2,15.55634919,5,14.86606875,3.16227766,15,4.242640687,15.55634919,2.236067977,16.97056275,3.605551275,15.26433752,3.16227766,16.2788206,2.236067977,17.02938637,3,15.55634919,1.414213562,17.20465053,2,19.20937271,3.16227766,16.97056275,2.828427125,16.2788206,4.123105626,16.2788206,4.242640687,15.62049935,3.605551275,15.62049935,5,14.86606875,4.123105626,15,5.656854249,14.86606875,5,14.14213562,5.830951895,16.2788206,4.123105626,14.86606875,2.236067977,13.45362405,2.828427125,14.2126704,4.123105626,16.2788206,2.236067977
12.20655562,8.544003745,13.45362405,10.63014581,12.20655562,7.810249676,14.2126704,8.602325267,14.2126704,9.899494937,14.2126704,9.219544457,12.72792206,10,14.86606875,10.63014581,15.62049935,9.433981132,15.26433752,9.899494937,15,7.810249676,15.62049935,9.219544457,15.62049935,8.485281374,15,7.071067812,14.86606875,7.211102551,14.86606875,6.403124237,14.86606875,5.385164807,14.14213562,8.602325267,14.86606875,7.071067812,14.14213562,7.071067812,13.45362405,7.810249676,14.4222051,8.602325267,14.14213562,5.830951895,13.60147051,7.211102551,12.80624847,7.810249676,12.04159458,7.071067812
12.52996409,12.52996409,15.26433752,12.04159458,14.2126704,12.20655562,15,12.72792206,14.14213562,11.3137085,13.45362405,14.2126704,14.14213562,13.03840481,13.60147051,11.40175425,15.55634919,11.3137085,17.69180601,12.80624847,16.97056275,10.63014581,15.62049935,13.60147051,15.8113883,12.72792206,14.86606875,12.04159458,13.60147051,12.20655562,15.62049935,10.81665383,15,10.63014581,14.2126704,10.29563014,15,12.04159458,15.62049935,10.81665383,14.14213562,12.04159458,13.03840481,12.80624847,11.40175425,11.40175425,12.80624847,11.40175425,13.45362405,11.40175425,12.80624847,11.66190379
12.04159458,9.219544457,15,9.848857802,15.62049935,8.246211251,14.86606875,10.81665383,14.86606875,10,17.02938637,7.615773106,12.72792206,9.899494937,14.2126704,10.81665383,12.72792206,10.63014581,16.40121947,15.26433752,12.72792206,13.45362405,10.63014581,11.40175425,12.04159458,10,12.04159458,10,13.60147051,13.41640786,14.86606875,11.40175425,13.45362405,10.81665383,14.4222051,11.18033989,14.14213562,11.66190379,13.45362405,9.219544457,13.89244399,8.602325267,11.40175425,8.94427191,12.04159458,9.433981132,12.80624847,10.44030651,13.03840481,8.94427191,13.45362405,7.810249676
17.80449381,4,17.02938637,4.472135955,16.2788206,5,17.02938637,5,16.2788206,5,17.02938637,6.403124237,16.2788206,5,17.02938637,5,19.10497317,6.403124237,18.43908891,8.062257748,18.43908891,6.403124237,16.2788206,7.211102551,14.2126704,8.062257748,16.2788206,8.94427191,16.97056275,6.32455532,16.97056275,5.385164807,15.55634919,5.830951895,16.40121947,8.544003745,16.97056275,5.099019514,14.2126704,5.099019514,14.86606875,5.385164807,14.86606875,5.099019514,15.55634919,5,16.40121947,5,13.45362405,6,16.2788206,5
15.62049935,5.099019514,16.2788206,5.385164807,16.2788206,6.32455532,16.97056275,5.099019514,16.2788206,7.280109889,18.38477631,6.32455532,17.69180601,7.810249676,16.2788206,5.656854249,15.55634919,5,15.62049935,4.472135955,15.62049935,4.242640687,16.97056275,6.403124237,19.84943324,6.403124237,15.62049935,5,18.38477631,5,17.69180601,5.099019514,15.55634919,5.656854249,15.62049935,4,16.97056275,4.472135955,16.2788206,7.211102551,15,5.385164807,16.2788206,5.830951895,14.14213562,6.403124237,16.1245155,6.32455532,15.55634919,6.08276253,14.86606875,5.099019514
11.66190379,11.40175425,14.4222051,11.66190379,14.2126704,12.04159458,13.60147051,11.3137085,12.20655562,12.52996409,12.20655562,11.40175425,13.60147051,12.72792206,12.20655562,11.3137085,12.72792206,12.04159458,14.2126704,12.20655562,14.14213562,11.40175425,11.3137085,14.14213562,12.04159458,12.80624847,9.899494937,13.45362405,11.40175425,13.45362405,12.72792206,13.60147051,10,14.14213562,11.40175425,12.72792206,12.04159458,12.04159458,11.3137085,12.04159458,9.219544457,13.45362405,9.219544457,12.52996409,11.40175425,11.40175425,9.899494937,11.3137085,8.602325267,10.63014581,11.40175425,12.20655562
3.605551275,14.86606875,1.414213562,16.2788206,1,15,2.236067977,12.04159458,3,15.55634919,1,14.14213562,0,16.2788206,4.123105626,16.40121947,4.123105626,16.97056275,4.472135955,17.02938637,2.236067977,14.86606875,3,17.02938637,3.605551275,16.64331698,3.16227766,16.2788206,4.242640687,15.62049935,4.472135955,15,5,16.2788206,5.099019514,15.62049935,4.242640687,15,3.16227766,15.62049935,4,13.45362405,5.385164807,13.60147051,3,14.2126704,4.472135955,13.03840481,4.123105626,10,4.123105626,12.80624847
6.708203932,15.55634919,4,15.62049935,6.708203932,16.2788206,5.385164807,16.2788206,6.32455532,14.86606875,5.385164807,16.40121947,5.656854249,15.55634919,5,17.02938637,9.899494937,16.2788206,8.602325267,17.69180601,6.403124237,15.55634919,5.830951895,15,7.810249676,16.2788206,7.810249676,15.62049935,9.433981132,15.62049935,8.485281374,15.62049935,9.219544457,16.2788206,8.602325267,16.2788206,7.810249676,14.2126704,7.211102551,16.2788206,6.708203932,15.55634919,5.830951895,15.55634919,5.830951895,11.3137085,5.099019514,16.97056275,8.246211251,15.55634919,5.830951895,14.14213562
3,14.14213562,3.605551275,15.55634919,2.236067977,13.45362405,3.605551275,14.86606875,3,16.2788206,2,15.55634919,2,16.2788206,2.236067977,15.62049935,3.16227766,14.14213562,4.123105626,15.62049935,2,14.14213562,3.16227766,16.2788206,2.828427125,14.86606875,3.605551275,16.2788206,2.828427125,15.62049935,5,13.60147051,3.605551275,15.62049935,5,15.55634919,3.16227766,14.2126704,3.605551275,15.55634919,3.605551275,15.62049935,3.16227766,15,3.605551275,15,4.242640687,14.86606875,4.472135955,14.86606875,2.236067977,14.86606875
6.32455532,13.45362405,5.385164807,16.97056275,5.656854249,14.4222051,5.830951895,13.60147051,5,14.14213562,5,14.2126704,7.071067812,13.45362405,5,14.86606875,7.810249676,12.72792206,9.433981132,13.60147051,6.403124237,14.14213562,7.810249676,16.97056275,8.062257748,13.45362405,5.830951895,16.2788206,7.615773106,15.62049935,7.211102551,13.60147051,6.403124237,14.2126704,7.211102551,12.04159458,8.062257748,13.45362405,5.830951895,14.86606875,6.403124237,13.45362405,7.211102551,12.80624847,5,13.45362405,7.810249676,14.14213562,7.211102551,12.80624847,6.403124237,13.45362405
3,17.20465053,3.16227766,17.69180601,3.605551275,19.20937271,2.236067977,17.69180601,3,19.10497317,1,19.10497317,2,18.43908891,3.16227766,17.69180601,2,17.69180601,2.828427125,18.43908891,2.236067977,19.84943324,3.16227766,19.10497317,2.236067977,15.62049935,4.123105626,17.02938637,4.123105626,16.40121947,3.16227766,17.02938637,1.414213562,18.43908891,2.236067977,14.4222051,4,17.02938637,4,15.62049935,5.099019514,18.38477631,3,16.97056275,4,16.2788206,1,16.40121947,4,17.02938637,2.236067977,15.55634919
7.280109889,31.144823,7.211102551,29.73213749,6.708203932,30.47950131,5.830951895,31.2409987,5.830951895,31.11269837,5.830951895,32.55764119,8.485281374,32.55764119,7.071067812,31.11269837,6.708203932,30.47950131,7.071067812,27.65863337,9.848857802,32.52691193,9.486832981,31.11269837,7.280109889,30.41381265,9.433981132,31.11269837,9.433981132,30.47950131,10.77032961,30.47950131,9.848857802,31.144823,8.544003745,30.61045573,7.615773106,29.69848481,8.246211251,28.31960452,8.544003745,28.31960452,8.062257748,28.31960452,7.280109889,27.65863337,7.071067812,29,7,30.41381265,9.055385138,29
5.830951895,17.02938637,4.472135955,15.55634919,5,16.1245155,3.605551275,17.69180601,6.08276253,17.80449381,5,17.69180601,6.403124237,15.55634919,2.236067977,16.97056275,5,18.38477631,7.280109889,16.40121947,6.403124237,17.69180601,5.385164807,19.10497317,3.16227766,17.80449381,3.605551275,16.97056275,5.830951895,17.69180601,4,19.10497317,6.08276253,16.2788206,4.472135955,17.20465053,6.08276253,15.62049935,5.099019514,17.02938637,5.099019514,16.40121947,6.708203932,16.2788206,4.472135955,17.69180601,5.099019514,16.2788206,5,16.40121947,6.08276253,15.62049935
3,14.14213562,4,14.86606875,3,15.55634919,2.236067977,14.14213562,2,17.69180601,3.16227766,14.14213562,1.414213562,17.02938637,3.16227766,17.80449381,2,16.2788206,2.236067977,16.2788206,1.414213562,15.55634919,3.605551275,17.02938637,2.236067977,17.80449381,2.236067977,16.2788206,1,17.80449381,1.414213562,15.55634919,1,17.02938637,1.414213562,16.2788206,2.236067977,14.2126704,3.605551275,14.86606875,3.16227766,16.40121947,1.414213562,15.55634919,2.828427125,15,1,17.02938637,3,14.14213562,3.16227766,15
3.16227766,15.55634919,5,14.86606875,4,16.2788206,3.605551275,13.45362405,5.385164807,14.2126704,3.605551275,15.62049935,6.403124237,15.55634919,4.472135955,15.55634919,4.472135955,16.2788206,3.16227766,16.2788206,4.242640687,16.2788206,7.211102551,14.86606875,5,14.86606875,5.830951895,14.2126704,3.605551275,15.55634919,4.472135955,13.45362405,6.708203932,14.86606875,6.708203932,12.72792206,5,14.2126704,5.385164807,15.55634919,5.830951895,14.14213562,6.32455532,14.2126704,3.605551275,14.86606875,5,15.62049935,6.08276253,12.72792206,5,14.86606875
26.2488095,8,26.17250466,5,23.34523506,7.071067812,23.43074903,6.08276253,24.04163056,7.211102551,24.04163056,8.94427191,26.17250466,6.708203932,22.627417,5.656854249,26.90724809,10.81665383,22.6715681,7.810249676,24.08318916,8.485281374,26.87005769,8.062257748,24.75883681,7.211102551,26.90724809,9.899494937,21.9317122,8.485281374,26.90724809,8.94427191,23.34523506,8.94427191,19.84943324,8.602325267,24.20743687,9.219544457,21.21320344,8.94427191,22.627417,8.602325267,21.9317122,11.70469991,21.9317122,7.071067812,22.6715681,6,24.20743687,7.071067812,22.6715681,7
14.86606875,4.472135955,14.86606875,6.403124237,14.14213562,6.32455532,15.62049935,5.656854249,14.14213562,5.830951895,14.14213562,3.605551275,13.45362405,5,16.2788206,3.605551275,16.2788206,3.605551275,17.02938637,3.605551275,16.2788206,4.242640687,15.62049935,4.123105626,17.02938637,5.656854249,16.2788206,3.605551275,16.2788206,3.16227766,16.2788206,5,16.2788206,4.472135955,16.2788206,2,15.55634919,4.123105626,15.62049935,3,14.86606875,4.123105626,15.62049935,4.242640687,14.86606875,3.605551275,14.86606875,3.605551275,14.86606875,5.099019514,14.14213562,4.472135955
3.16227766,14.86606875,4,13.60147051,2,16.40121947,2.236067977,17.69180601,1,17.80449381,1.414213562,16.40121947,2,17.02938637,1.414213562,17.69180601,1,16.2788206,2,15,3.605551275,17.69180601,2.236067977,17.02938637,2.828427125,16.2788206,4.123105626,19.10497317,3.605551275,17.80449381,3.605551275,19.20937271,3.16227766,16.2788206,3,17.80449381,2.236067977,17.02938637,3.16227766,12.72792206,2.236067977,17.02938637,1.414213562,17.69180601,1,15.55634919,1,18.43908891,2.828427125,15.55634919,1,14.86606875
6,15.62049935,5.099019514,15.62049935,5.830951895,15.62049935,3.605551275,17.20465053,5.099019514,16.2788206,3.605551275,17.02938637,4.242640687,17.02938637,3,16.2788206,2.236067977,16.40121947,2.236067977,16.40121947,6.403124237,15.55634919,5.830951895,14.86606875,6.403124237,17.80449381,5.830951895,15.62049935,7.071067812,17.69180601,5.656854249,14.86606875,6.708203932,14.86606875,6.708203932,16.40121947,5.830951895,17.80449381,7.071067812,13.60147051,4.242640687,14.2126704,5,16.2788206,7.615773106,14.14213562,6.403124237,16.40121947,4.242640687,14.86606875,4.242640687,14.4222051
14.14213562,10,13.45362405,8.062257748,12.04159458,9.219544457,12.04159458,10,13.45362405,9.899494937,12.72792206,8.485281374,12.80624847,9.219544457,14.2126704,9.219544457,14.2126704,8.485281374,14.2126704,7.810249676,15.62049935,8.062257748,14.2126704,9.219544457,15.62049935,9.433981132,14.14213562,8.602325267,14.86606875,7.810249676,14.86606875,8.062257748,14.86606875,8.062257748,14.14213562,8.94427191,12.72792206,8.602325267,12.80624847,9.219544457,13.45362405,8.94427191,12.72792206,8.602325267,12.04159458,7.615773106,14.4222051,7.615773106,13.45362405,9.433981132,12.04159458,8.062257748
8.602325267,12.72792206,10.81665383,10.63014581,10,12.72792206,9.899494937,14.2126704,11.40175425,13.45362405,11.3137085,11.3137085,11.3137085,14.14213562,11.40175425,12.72792206,9.899494937,13.03840481,11.3137085,14.4222051,9.899494937,12.72792206,14.2126704,12.04159458,11.3137085,14.14213562,11.40175425,12.80624847,13.89244399,11.40175425,13.89244399,11.40175425,12.72792206,13,11.40175425,12.80624847,13.45362405,13.45362405,12.04159458,13.03840481,12.04159458,14.2126704,10.81665383,12.20655562,11.18033989,12.08304597,11.66190379,14.2126704,10,13.60147051,9.433981132,13.60147051
10,12.04159458,9.899494937,12.20655562,10.63014581,14.14213562,12.20655562,12.80624847,10.63014581,12.80624847,10.63014581,12.04159458,11.40175425,13.45362405,12.72792206,11.3137085,12.72792206,12.72792206,8.602325267,11.40175425,12.04159458,12.72792206,9.899494937,13.03840481,12.80624847,12.80624847,12.72792206,13.45362405,11.40175425,12.04159458,11.40175425,12.20655562,12.72792206,10.63014581,9.219544457,11.70469991,12.04159458,12.52996409,12.04159458,11.40175425,12.04159458,10.81665383,10,10.63014581,10,11.40175425,10,12.20655562,11.3137085,12.04159458,12.04159458,13.45362405
14.86606875,1.414213562,14.86606875,1.414213562,14.86606875,2.236067977,15.55634919,2.236067977,15.62049935,2.828427125,17.69180601,1,14.86606875,1,17.69180601,2.236067977,16.2788206,2.236067977,14.86606875,2.236067977,19.84943324,2.236067977,17.69180601,4.123105626,17.02938637,2.828427125,17.02938637,2.236067977,17.69180601,2.236067977,15.55634919,3.16227766,17.02938637,4.472135955,16.64331698,1.414213562,17.20465053,1,16.40121947,1.414213562,15.8113883,1.414213562,18.38477631,1,16.2788206,2.236067977,16.40121947,3,17.69180601,3.16227766,16.40121947,3
3.16227766,15.55634919,2.236067977,16.97056275,2,15.55634919,3,17.02938637,2.236067977,17.69180601,1,18.43908891,2.236067977,17.02938637,1,18.38477631,3.16227766,13.89244399,5,15.8113883,2.236067977,16.2788206,2.236067977,15.62049935,3.16227766,18.43908891,2.236067977,16.97056275,3.605551275,14.86606875,3.16227766,14.86606875,4.123105626,16.97056275,1,15,2.236067977,15.55634919,2,17.02938637,3.605551275,16.2788206,2.236067977,16.40121947,4.123105626,16.2788206,3.16227766,16.2788206,5.830951895,14.2126704,5.099019514,14.14213562
16.2788206,3.605551275,15.62049935,4.123105626,14.2126704,3,14.2126704,2,15.62049935,4.472135955,14.86606875,4.472135955,16.97056275,4.123105626,16.2788206,3,17.02938637,2.828427125,18.38477631,3,16.97056275,2.236067977,16.40121947,3.605551275,14.86606875,5,14.2126704,4,15.55634919,1,16.2788206,2.828427125,15.55634919,2.236067977,16.2788206,1,16.2788206,2.236067977,14.86606875,3,12.72792206,2,12.04159458,3,12.80624847,3.16227766,14.14213562,3.605551275,14.2126704,3.16227766,15.62049935,4.472135955
8.602325267,12.80624847,9.848857802,10.63014581,7.810249676,11.3137085,8.602325267,11.40175425,8.602325267,13.45362405,10.29563014,13.45362405,7.211102551,12.80624847,10.81665383,12.72792206,10,13.60147051,9.433981132,11.66190379,12.04159458,15,10,13.60147051,7.810249676,15,8.062257748,14.86606875,8.602325267,17.02938637,7.810249676,14.86606875,7.211102551,12.72792206,8.062257748,13.45362405,6.708203932,16.97056275,7.211102551,14.2126704,5.830951895,14.14213562,7.615773106,12.04159458,7.810249676,14.86606875,8.485281374,12.72792206,9.433981132,12.04159458,8.602325267,12.80624847
14.14213562,4.123105626,13.45362405,4.472135955,14.2126704,5.830951895,14.14213562,4.242640687,13.45362405,7.810249676,14.86606875,7.211102551,15.62049935,6.32455532,14.86606875,5,14.14213562,5.099019514,14.2126704,4.472135955,14.14213562,4.472135955,12.72792206,6.32455532,16.2788206,6.403124237,15.62049935,6.403124237,14.86606875,7.810249676,15.55634919,7.211102551,14.2126704,7.211102551,14.4222051,7.280109889,12.80624847,6.708203932,15,4.472135955,14.2126704,7.211102551,14.2126704,5,13.45362405,7.211102551,15,4,14.2126704,5.385164807,14.14213562,5.099019514
13.45362405,11.70469991,12.72792206,10.77032961,10.63014581,11.18033989,14.86606875,13.03840481,13.45362405,10.63014581,16.40121947,12.72792206,16.2788206,12.04159458,13.03840481,10.63014581,14.2126704,13.45362405,15.62049935,13.60147051,13.45362405,14.14213562,15.55634919,13.60147051,11.3137085,13.60147051,12.72792206,16.97056275,12.20655562,15,14.14213562,12.04159458,12.72792206,11.40175425,13.45362405,11.40175425,12.04159458,12.80624847,12.52996409,14.86606875,13.60147051,13.45362405,12.72792206,12.72792206,13.60147051,11.3137085,15,14.4222051,10.81665383,14.4222051,12.80624847,9.899494937
11.18033989,9.433981132,10.77032961,9.219544457,10.63014581,11.3137085,11.3137085,7.810249676,11.40175425,10,11.3137085,10.63014581,12.80624847,10.63014581,12.04159458,11.3137085,12.72792206,9.899494937,13.03840481,14.2126704,12.80624847,10.63014581,12.04159458,10.29563014,12.04159458,10.63014581,12.72792206,9.219544457,14.2126704,8.602325267,14.86606875,7.810249676,14.86606875,8.602325267,12.80624847,10,13.45362405,8.485281374,12.72792206,9.219544457,12.04159458,8.485281374,12.80624847,9.219544457,12.20655562,7.211102551,12.80624847,8.602325267,12.80624847,7.810249676,12.04159458,10
4.472135955,14.86606875,3.16227766,14.14213562,4.472135955,15.55634919,3,15.55634919,5.099019514,15.62049935,3.605551275,15,2.236067977,14.86606875,2.236067977,15.55634919,4.242640687,14.86606875,3.16227766,17.02938637,2.236067977,14.86606875,2.236067977,15.62049935,2.828427125,16.40121947,4,16.40121947,1,17.69180601,2.236067977,15.55634919,3.16227766,15.62049935,1.414213562,14.2126704,5.099019514,16.40121947,2,16.2788206,3.16227766,14.86606875,3.16227766,15.62049935,1.414213562,16.2788206,3.16227766,14.2126704,4.123105626,13.89244399,6.08276253,13.45362405
12.04159458,12.20655562,12.04159458,14.2126704,13.03840481,13.45362405,14.14213562,15.62049935,12.04159458,13.60147051,12.80624847,12.80624847,14.14213562,15.55634919,14.86606875,13.45362405,11.3137085,14.86606875,12.72792206,13.03840481,14.86606875,16.2788206,14.14213562,14.4222051,15,18.43908891,13.03840481,17.69180601,11.3137085,14.2126704,11.40175425,16.2788206,11.40175425,15.55634919,10.63014581,16.2788206,13.03840481,15,11.3137085,16.2788206,11.66190379,15.62049935,11.66190379,14.4222051,12.20655562,14.2126704,12.80624847,15.62049935,13.60147051,16.2788206,14.2126704,12.72792206
23.34523506,4.472135955,26.2488095,2,26.17250466,1.414213562,28.8444102,3.605551275,29,0,26.90724809,4.242640687,25,4.472135955,27.58622845,1.414213562,24.8394847,3.605551275,23.34523506,8.062257748,28.60069929,4.123105626,27.58622845,5.656854249,29,5,30.61045573,5.385164807,25.61249695,4.472135955,26.40075756,5.099019514,27.58622845,7.810249676,26.17250466,7.071067812,26.87005769,6.708203932,24.8394847,6.403124237,21.9317122,5.830951895,23.43074903,6.08276253,21.26029163,10.04987562,26.17250466,8.246211251,24.8394847,9.055385138,21.40093456,7.280109889
10.63014581,10.63014581,10,11.3137085,10.63014581,12.72792206,10,12.80624847,10.63014581,13.45362405,10,14.14213562,12.20655562,12.80624847,10,13.60147051,9.899494937,14.4222051,10,14.2126704,11.40175425,14.86606875,13.03840481,13.60147051,12.20655562,15,12.04159458,14.2126704,10.81665383,15.55634919,10,14.2126704,11.40175425,13.41640786,10.29563014,12.04159458,10,12.04159458,8.94427191,13.03840481,10.63014581,11.66190379,11.66190379,12.04159458,11.3137085,12.08304597,8.94427191,11.40175425,11.18033989,11.66190379,11.40175425,11.18033989
14.86606875,7.615773106,17.02938637,7.615773106,16.1245155,6.32455532,17.69180601,5.656854249,14.14213562,8.602325267,16.40121947,8.062257748,16.40121947,7.615773106,17.02938637,8.062257748,16.40121947,8.94427191,16.97056275,8.062257748,17.69180601,9.219544457,18.60107524,10,15.62049935,10.81665383,15.62049935,10.63014581,14.86606875,7.071067812,16.40121947,10.63014581,16.2788206,11.40175425,14.86606875,8.602325267,13.45362405,9.219544457,13.45362405,7.071067812,12.80624847,9.433981132,12.04159458,8.94427191,14.2126704,7.810249676,15.62049935,10.29563014,13.45362405,6.403124237,15,8.062257748
8.602325267,14.2126704,8.062257748,12.04159458,9.219544457,13.60147051,9.433981132,12.04159458,10.63014581,15,11.3137085,14.86606875,9.219544457,16.2788206,7.810249676,14.86606875,10,14.2126704,11.3137085,14.86606875,9.899494937,14.2126704,10.63014581,15.55634919,10,15.55634919,10.81665383,13.60147051,10,13.60147051,10.81665383,14.4222051,10.29563014,12.80624847,11.40175425,15.8113883,10.29563014,12.04159458,10.29563014,12.72792206,10.29563014,13.45362405,10,13.89244399,9.486832981,13.60147051,8.602325267,16.64331698,9.433981132,13.45362405,8.602325267,13.45362405
1.414213562,12.80624847,3.16227766,11.40175425,3,11.66190379,2,13.45362405,2.236067977,14.14213562,3.605551275,12.04159458,3.605551275,12.04159458,3.605551275,13.60147051,2.828427125,12.72792206,3,11.3137085,0,15.55634919,2.236067977,15.62049935,1,15.62049935,2,15.62049935,2,15.62049935,0,15.55634919,1,13.45362405,1,13.45362405,3,15.62049935,1.414213562,15.62049935,2.236067977,15.62049935,2.236067977,14.86606875,2.236067977,13.45362405,2,14.86606875,1,15.55634919,0,13.45362405
13.60147051,5.656854249,13.60147051,5,11.3137085,5,11.40175425,5.830951895,12.80624847,8.485281374,14.2126704,5.656854249,13.60147051,5.656854249,13.60147051,7.211102551,14.14213562,5.385164807,14.14213562,6.403124237,12.72792206,7.071067812,14.86606875,4.472135955,12.72792206,5.830951895,12.80624847,6.708203932,14.2126704,7.071067812,14.14213562,5,15.55634919,4.472135955,13.45362405,6.32455532,12.80624847,5.830951895,13.45362405,6.708203932,12.04159458,6.403124237,13.45362405,6.32455532,12.04159458,6.32455532,13.45362405,6.403124237,13.45362405,5.830951895,14.2126704,5.385164807
12.04159458,4.472135955,12.04159458,5.099019514,12.72792206,4.123105626,11.3137085,3.605551275,12.72792206,3.16227766,12.04159458,4.472135955,12.80624847,4.242640687,11.3137085,4.242640687,12.04159458,3.605551275,12.72792206,3.16227766,14.86606875,4.242640687,12.80624847,4.242640687,12.04159458,5,12.72792206,5,12.80624847,3.605551275,12.72792206,5,12.80624847,3.605551275,12.04159458,5,12.80624847,5,12.20655562,4.242640687,12.80624847,4.242640687,11.66190379,4.242640687,12.04159458,5,13.45362405,3.605551275,11.3137085,3.605551275,13.45362405,3.605551275
3.605551275,13.03840481,2.828427125,14.86606875,0,14.86606875,3,14.86606875,2.236067977,17.02938637,2.236067977,13.60147051,0,15.62049935,3.16227766,14.86606875,2.828427125,13.45362405,3,14.86606875,0,15.62049935,2.236067977,14.2126704,1.414213562,17.69180601,1.414213562,16.40121947,2,16.2788206,0,16.2788206,0,16.40121947,4,14.86606875,2.236067977,15.62049935,2.236067977,17.20465053,3.16227766,16.2788206,1.414213562,13.60147051,0,15.62049935,2.236067977,12.80624847,4.242640687,13.45362405,2,17.69180601
14.2126704,6.08276253,16.2788206,8.602325267,15,7.071067812,14.86606875,8.602325267,16.2788206,8.602325267,14.2126704,6.403124237,19.10497317,7.071067812,15,9.219544457,15.62049935,4.242640687,15.8113883,9.219544457,18.43908891,7.211102551,16.40121947,5.830951895,13.45362405,5,17.80449381,5.830951895,16.97056275,5.656854249,16.97056275,3.605551275,16.97056275,3.16227766,16.2788206,5.385164807,16.97056275,4.472135955,15.62049935,3.605551275,15.62049935,4.123105626,16.40121947,5.830951895,14.86606875,5.830951895,14.2126704,6.32455532,16.40121947,7.211102551,14.2126704,5.830951895
14.14213562,7.211102551,14.2126704,6.403124237,14.86606875,5.830951895,13.45362405,5,15,6.403124237,13.45362405,7.810249676,13.45362405,4.472135955,14.14213562,4.242640687,16.2788206,7.810249676,15.55634919,7.211102551,16.2788206,7.810249676,14.86606875,5.830951895,16.2788206,6.32455532,14.2126704,7.211102551,16.97056275,7.615773106,13.45362405,7.615773106,15.55634919,6.708203932,13.45362405,6.32455532,15.55634919,6.32455532,14.86606875,6.08276253,13.60147051,7.071067812,14.86606875,5.099019514,14.2126704,7.615773106,14.2126704,5.099019514,12.72792206,4.472135955,12.80624847,5
8.062257748,12.52996409,10.29563014,11.66190379,9.433981132,12.20655562,9.433981132,11.66190379,9.433981132,13.45362405,9.848857802,12.80624847,9.433981132,13.60147051,10.81665383,12.04159458,9.433981132,12.20655562,8.062257748,13.60147051,9.219544457,13.60147051,7.810249676,15.62049935,9.219544457,14.14213562,7.810249676,14.2126704,8.602325267,13.45362405,6.708203932,14.14213562,7.071067812,14.14213562,7.810249676,12.80624847,8.062257748,14.2126704,6.403124237,15.55634919,7.071067812,12.72792206,8.485281374,12.72792206,8.485281374,12.72792206,6.403124237,12.72792206,6.403124237,12.72792206,9.219544457,15
12.52996409,12.04159458,11.3137085,12.80624847,13.89244399,13.60147051,13.60147051,11.66190379,14.14213562,12.20655562,12.20655562,13.03840481,12.72792206,13.03840481,14.2126704,15,14.2126704,14.86606875,16.40121947,12.04159458,14.14213562,13.45362405,13.45362405,14.14213562,13.45362405,14.86606875,11.3137085,14.86606875,13.45362405,16.2788206,14.2126704,17.02938637,15.55634919,15.62049935,14.86606875,15,14.2126704,15.55634919,14.2126704,15.55634919,12.04159458,16.2788206,12.72792206,15.62049935,12.80624847,13.60147051,14.2126704,15,15.26433752,12.04159458,13.03840481,14.4222051
7.810249676,10.63014581,6.403124237,12.72792206,4.472135955,13.03840481,6.32455532,12.04159458,6.403124237,14.4222051,6.403124237,12.80624847,7.211102551,13.45362405,5.830951895,12.72792206,7.810249676,13.45362405,6.403124237,15,7.211102551,14.2126704,7.071067812,14.14213562,6.403124237,14.2126704,5.830951895,12.04159458,6.403124237,14.2126704,7.211102551,13.45362405,5.830951895,14.86606875,7.211102551,15.55634919,7.211102551,14.14213562,7.280109889,13.45362405,6.708203932,14.2126704,6.708203932,13.60147051,7.211102551,13.45362405,8.246211251,14.86606875,8.246211251,12.80624847,8.94427191,12.80624847
7.615773106,10.81665383,7.211102551,9.848857802,5.099019514,11.18033989,7.615773106,10.77032961,7.211102551,9.219544457,8.94427191,10.81665383,8.94427191,11.40175425,7.810249676,11.66190379,7.810249676,12.20655562,7.810249676,12.04159458,7.211102551,12.04159458,8.485281374,12.04159458,6.403124237,11.40175425,5.656854249,12.72792206,5.656854249,12.04159458,6.403124237,12.04159458,7.211102551,13.45362405,6.403124237,10.81665383,6.403124237,12.04159458,5,10,5,12.04159458,4.242640687,10,5.656854249,12.72792206,6.708203932,11.3137085,7.071067812,12.04159458,7.071067812,11.3137085
15,2.236067977,13.60147051,2.828427125,14.14213562,2.828427125,15.62049935,4.472135955,15,3.16227766,15.55634919,4.472135955,14.14213562,2.236067977,14.2126704,2.828427125,18.43908891,4.123105626,18.43908891,5.099019514,16.40121947,3.16227766,17.02938637,2,14.14213562,1,17.02938637,3,16.2788206,2.236067977,15.62049935,3.16227766,15.62049935,3.16227766,15.62049935,2.236067977,16.2788206,2,14.4222051,1,15,4.123105626,14.86606875,3.605551275,13.45362405,4.472135955,16.2788206,5.099019514,14.14213562,3.605551275,15.55634919,3.16227766
10.63014581,7.211102551,10,10.29563014,9.433981132,8.062257748,9.899494937,8.485281374,10.63014581,8.602325267,11.3137085,10,12.04159458,12.20655562,12.04159458,10.63014581,12.04159458,9.899494937,11.3137085,9.219544457,12.80624847,10.63014581,11.3137085,9.899494937,12.04159458,12.04159458,12.04159458,11.40175425,9.899494937,11.3137085,12.52996409,12.72792206,11.3137085,9.219544457,11.18033989,12.80624847,11.3137085,10.63014581,10.63014581,10.63014581,11.3137085,10.63014581,10.81665383,11.3137085,10.63014581,10.63014581,11.66190379,11.3137085,10.63014581,10,12.04159458,10.81665383
12.64911064,28.42534081,11.18033989,25.49509757,13,29.73213749,12.80624847,29.69848481,12.52996409,29.06888371,11.3137085,29.69848481,13.03840481,28.28427125,12.20655562,26.2488095,14.2126704,29.83286778,14.2126704,29.69848481,14.86606875,30.47950131,14.2126704,28.31960452,13.45362405,30.47950131,16.2788206,29.20616373,16.97056275,28.31960452,15.62049935,29.73213749,15.55634919,31.2409987,14.86606875,27.80287755,15.55634919,28.31960452,13.45362405,27.58622845,12.04159458,25,14.86606875,26.90724809,13.60147051,27.58622845,15,30.41381265,13.03840481,27.58622845,13.92838828,27.58622845
4.123105626,15.26433752,3.605551275,14.4222051,4.242640687,12.80624847,3.605551275,14.86606875,5,14.4222051,2.828427125,14.86606875,2.236067977,15.62049935,5,17.69180601,3.605551275,15.55634919,5.385164807,16.2788206,4.123105626,17.69180601,4.123105626,15.62049935,2,18.43908891,2.236067977,15.62049935,5.385164807,17.69180601,2,13.60147051,4.472135955,17.69180601,3.16227766,13.89244399,5.656854249,15.62049935,4.123105626,14.86606875,4.242640687,12.72792206,3.605551275,15.62049935,6.403124237,15.55634919,4.472135955,17.69180601,3.16227766,14.86606875,2.828427125,15.8113883
17.80449381,10.81665383,14.86606875,9.486832981,16.97056275,9.848857802,17.20465053,10,17.69180601,10.29563014,17.02938637,8.94427191,15.55634919,11.66190379,17.69180601,10.63014581,16.97056275,10.63014581,14.86606875,11.3137085,18.43908891,11.3137085,16.2788206,10.63014581,17.02938637,12.80624847,17.02938637,12.80624847,17.69180601,11.3137085,16.97056275,10.63014581,14.86606875,11.3137085,17.20465053,12.72792206,18.38477631,12.04159458,17.20465053,11.40175425,16.2788206,10.63014581,15.62049935,10,15.62049935,10.63014581,16.2788206,12.20655562,17.02938637,10,16.2788206,11.66190379
16.2788206,1,16.97056275,4,15.62049935,4.123105626,19.10497317,2.236067977,17.02938637,2.236067977,17.02938637,1.414213562,15.55634919,2.236067977,15.62049935,2.828427125,17.69180601,2.236067977,15.62049935,4.472135955,19.79898987,1.414213562,18.38477631,1,19.10497317,3,19.84943324,1,17.69180601,1.414213562,19.84943324,2.236067977,17.69180601,2,20.51828453,3.605551275,19.79898987,2.236067977,17.02938637,3.16227766,15.8113883,2.236067977,17.69180601,0,15.62049935,2.236067977,18.43908891,2,17.69180601,2.236067977,16.2788206,1
15.55634919,7.615773106,15.55634919,5.385164807,14.86606875,9.848857802,16.2788206,8.94427191,13.60147051,8.94427191,16.97056275,9.433981132,15,7.211102551,17.69180601,5.830951895,17.02938637,7.810249676,17.02938637,7.071067812,16.97056275,5.656854249,15.62049935,7.211102551,16.40121947,7.810249676,14.86606875,7.071067812,17.20465053,7.211102551,14.86606875,5.830951895,17.02938637,7.810249676,15.62049935,6.708203932,16.2788206,7.211102551,17.02938637,7.211102551,16.40121947,6.403124237,16.2788206,7.615773106,14.4222051,7.211102551,14.4222051,8.062257748,15.8113883,6.708203932,14.14213562,7.615773106
16.2788206,7.615773106,18.60107524,7.615773106,19.84943324,6.708203932,20.51828453,8.485281374,15,6.403124237,18.02775638,6.708203932,15.62049935,8.485281374,17.80449381,6.708203932,17.02938637,7.071067812,19.10497317,10,19.79898987,8.94427191,18.43908891,8.602325267,17.69180601,8.062257748,16.97056275,6.403124237,16.2788206,11.40175425,18.43908891,12.08304597,16.40121947,8.062257748,16.2788206,9.219544457,14.86606875,9.433981132,17.02938637,10.77032961,17.02938637,7.211102551,17.02938637,7.810249676,15.55634919,10.29563014,15.55634919,6.32455532,19.20937271,7.615773106,14.86606875,6.32455532
16.2788206,4.123105626,16.2788206,3.605551275,16.2788206,3.605551275,18.43908891,3.16227766,16.97056275,2.828427125,19.20937271,2.236067977,17.80449381,2.236067977,16.2788206,2,16.97056275,4,14.86606875,5,18.38477631,3.605551275,18.60107524,5,17.69180601,4.472135955,17.20465053,2.236067977,17.02938637,1.414213562,16.2788206,1.414213562,14.86606875,5.385164807,17.69180601,3.605551275,16.97056275,5.830951895,17.69180601,2,16.2788206,2.828427125,14.86606875,6.08276253,16.40121947,4,17.02938637,4.123105626,15.62049935,3.16227766,15.55634919,4.123105626
16.97056275,3.16227766,16.40121947,3.16227766,15.55634919,1.414213562,16.2788206,3.605551275,14.86606875,4.472135955,17.69180601,2.828427125,14.86606875,2.236067977,15.55634919,5.385164807,16.97056275,6.403124237,16.2788206,5.656854249,16.2788206,3.605551275,15.55634919,6.08276253,15.62049935,5.385164807,16.2788206,4,15.55634919,4.472135955,14.2126704,4.123105626,14.86606875,5.099019514,15.55634919,4.123105626,16.40121947,5,15.55634919,4.123105626,14.2126704,6.08276253,15,3.16227766,11.3137085,5,14.14213562,3,15.62049935,4.123105626,13.45362405,4.123105626
8.485281374,11.3137085,8.94427191,12.20655562,8.062257748,12.20655562,9.433981132,11.3137085,8.062257748,13.45362405,8.602325267,11.40175425,7.071067812,12.04159458,8.485281374,12.20655562,8.602325267,9.219544457,6.403124237,11.40175425,9.219544457,12.80624847,10.63014581,10,11.40175425,12.04159458,10.81665383,11.40175425,9.219544457,11.40175425,11.40175425,12.04159458,10.29563014,11.3137085,9.899494937,8.602325267,8.602325267,10.63014581,7.211102551,11.40175425,9.219544457,12.04159458,9.219544457,11.40175425,7.071067812,10.81665383,8.94427191,11.40175425,8.602325267,10.63014581,9.433981132,12.04159458
7.211102551,14.86606875,7.071067812,15.26433752,7.071067812,14.14213562,5.385164807,12.80624847,5,12.80624847,4.242640687,12.80624847,4.472135955,13.45362405,6.403124237,15.62049935,7.071067812,15,6.708203932,16.2788206,6.708203932,14.86606875,5.656854249,15,7.280109889,14.86606875,5.385164807,14.86606875,6.32455532,15.8113883,5.385164807,17.02938637,5.656854249,12.80624847,6.708203932,15,4.123105626,15.55634919,5,14.14213562,5.656854249,14.2126704,5.830951895,11.3137085,8.062257748,14.2126704,6.32455532,15.62049935,8.544003745,14.2126704,7.615773106,13.45362405
1,14.4222051,2.236067977,13,2.828427125,12.72792206,2,11.3137085,2.236067977,15.26433752,2,16.2788206,1.414213562,14.86606875,1.414213562,13.45362405,1,13.45362405,2.236067977,12.72792206,1.414213562,15,1,14.14213562,4.123105626,14.86606875,1,15.62049935,1,14.4222051,2.236067977,14.14213562,1,14.2126704,2,15.62049935,2.236067977,14.14213562,1.414213562,14.86606875,1.414213562,14.14213562,1,14.86606875,1.414213562,14.86606875,2.236067977,15,2.236067977,14.86606875,0,13.45362405
12.52996409,7.211102551,12.52996409,5,13.41640786,6.403124237,15,4.242640687,12.52996409,6.708203932,16.40121947,6.403124237,16.2788206,5.830951895,15,7.071067812,14.14213562,5.830951895,15.62049935,5.830951895,15.55634919,5.385164807,14.86606875,5.830951895,16.2788206,5.830951895,15.55634919,6.708203932,13.03840481,6.403124237,14.14213562,5,12.72792206,6.708203932,14.86606875,5.385164807,14.86606875,4.472135955,14.86606875,6.403124237,14.14213562,6.403124237,14.14213562,5,14.2126704,4.123105626,15.55634919,5,14.86606875,6.403124237,13.45362405,7.280109889
5.099019514,13.03840481,5,12.80624847,5.830951895,13.89244399,6.708203932,14.2126704,5.385164807,14.4222051,5.385164807,15.8113883,5.830951895,14.2126704,5,13.45362405,5.830951895,15.62049935,5,16.2788206,6.403124237,17.02938637,5.830951895,16.97056275,5,15.55634919,5.656854249,14.86606875,5,15.55634919,5.830951895,16.2788206,5,16.2788206,5.830951895,14.86606875,5,17.02938637,5.385164807,15.55634919,3.605551275,14.86606875,5,14.86606875,5,15.55634919,5.830951895,14.86606875,5.385164807,16.40121947,6.708203932,16.2788206
12.80624847,9.486832981,11.40175425,9.848857802,11.40175425,8.062257748,14.2126704,7.615773106,12.72792206,8.602325267,14.14213562,8.602325267,14.86606875,8.485281374,14.14213562,8.485281374,14.2126704,9.219544457,13.45362405,10.63014581,12.04159458,10.63014581,13.60147051,9.899494937,12.04159458,10.63014581,11.3137085,10,12.04159458,10.81665383,14.14213562,9.899494937,12.20655562,9.899494937,9.899494937,9.219544457,12.72792206,10.63014581,12.04159458,9.219544457,12.04159458,12.04159458,12.04159458,10.81665383,14.86606875,9.219544457,12.80624847,9.433981132,14.2126704,7.810249676,12.72792206,9.848857802
14.86606875,5,15.55634919,5,14.14213562,4.472135955,14.14213562,4,16.2788206,5.830951895,15.55634919,4.242640687,15.62049935,3.16227766,17.02938637,5,18.43908891,6.403124237,17.02938637,7.810249676,16.97056275,6.708203932,17.02938637,7.211102551,14.86606875,5,16.97056275,5.830951895,16.97056275,6.32455532,17.02938637,7.280109889,15.55634919,7.615773106,16.40121947,5.385164807,16.2788206,4,17.69180601,6.32455532,14.2126704,4.123105626,16.40121947,5,14.86606875,5.385164807,14.14213562,4,14.86606875,3,14.86606875,6
10.63014581,13.89244399,10.63014581,15.8113883,10,14.86606875,11.40175425,14.2126704,8.94427191,14.86606875,10.81665383,13.45362405,8.94427191,14.2126704,10.29563014,13.45362405,11.3137085,16.2788206,12.04159458,16.40121947,10.81665383,14.86606875,10,15.62049935,9.899494937,14.2126704,8.602325267,14.86606875,8.485281374,16.40121947,10.81665383,17.69180601,9.219544457,14.14213562,9.433981132,12.72792206,9.848857802,14.4222051,9.433981132,14.2126704,9.433981132,14.14213562,8.062257748,14.14213562,8.062257748,14.2126704,9.848857802,12.80624847,8.94427191,13.03840481,10,12.04159458
9.433981132,11.66190379,9.848857802,14.86606875,9.848857802,11.3137085,9.899494937,11.3137085,7.810249676,13.60147051,10,12.04159458,7.810249676,13.45362405,8.602325267,12.80624847,6.403124237,14.14213562,7.071067812,17.02938637,9.219544457,12.80624847,9.899494937,16.2788206,8.062257748,14.2126704,9.219544457,12.72792206,8.602325267,14.4222051,7.615773106,16.40121947,8.062257748,12.04159458,7.615773106,14.4222051,7.615773106,13.45362405,8.544003745,12.80624847,8.94427191,14.14213562,8.246211251,13.03840481,9.848857802,13.60147051,10,12.80624847,10,11.66190379,9.848857802,11.40175425
16.2788206,5.385164807,15,7.615773106,14.86606875,8.602325267,17.02938637,6.32455532,16.2788206,6.32455532,16.40121947,6.708203932,17.02938637,5.385164807,15.62049935,3.605551275,15,5,14.4222051,7.071067812,16.97056275,7.810249676,17.20465053,5.830951895,14.86606875,6.403124237,16.2788206,5.385164807,17.20465053,6.403124237,17.02938637,4.242640687,17.20465053,6.403124237,15.55634919,5.830951895,16.40121947,4.242640687,16.2788206,4.472135955,16.97056275,5.385164807,15.62049935,5.385164807,14.86606875,4.472135955,13.45362405,6.32455532,12.72792206,4.472135955,14.14213562,6.32455532
14.86606875,11.40175425,14.4222051,10.29563014,14.86606875,9.433981132,14.2126704,10.63014581,14.14213562,9.433981132,15,9.219544457,14.14213562,12.04159458,15.55634919,11.66190379,14.2126704,10.29563014,13.03840481,11.40175425,14.4222051,11.66190379,16.40121947,13,14.86606875,13.41640786,12.04159458,10.81665383,13.45362405,10.63014581,14.4222051,11.66190379,14.86606875,11.18033989,13.60147051,11.18033989,13.45362405,8.94427191,13.60147051,10.77032961,12.80624847,11.66190379,13.45362405,9.848857802,13.60147051,9.486832981,14.86606875,8.544003745,14.2126704,10.77032961,12.04159458,9.848857802
1,17.80449381,3.16227766,15.62049935,4.123105626,17.69180601,5,20,3,17.49285568,3.605551275,16.2788206,4.472135955,16.40121947,6.403124237,19.10497317,5.656854249,19.41648784,4.242640687,20.51828453,4.472135955,16.2788206,3,19.79898987,5.099019514,18.60107524,4.123105626,18.43908891,6.08276253,18.38477631,7.071067812,16.97056275,5.099019514,15.55634919,5.385164807,14.86606875,4,16.2788206,5.099019514,16.2788206,4.472135955,14.86606875,5,15.55634919,4.123105626,14.86606875,5.099019514,17.20465053,4,14.86606875,2.236067977,14.4222051
11.66190379,14.86606875,11.18033989,15.55634919,10.81665383,14.86606875,10.63014581,14.86606875,10,15.8113883,11.66190379,12.80624847,9.219544457,15.62049935,9.219544457,17.20465053,9.219544457,15,11.40175425,14.14213562,9.899494937,15.26433752,11.3137085,16.2788206,10.81665383,13.60147051,9.433981132,14.4222051,10.63014581,15.26433752,8.062257748,15,10.63014581,15.26433752,7.810249676,15.62049935,8.602325267,12.80624847,10,15.26433752,9.848857802,13.89244399,9.848857802,13.60147051,8.062257748,14.2126704,9.848857802,10.81665383,9.433981132,10.29563014,10.29563014,12.20655562
17.02938637,51.73973328,20.59126028,55.1724569,15.8113883,53.03772242,18.60107524,56.22277119,23.02172887,57.38466694,19.10497317,53.07541804,13.45362405,53.81449619,18.38477631,47.01063709,18.43908891,58.6003413,2,42,20.39607805,53.90732789,10,56.85068161,16.2788206,55.97320788,19.6468827,59.46427499,15.03329638,51.66236541,19.6468827,56.72741841,17.08800749,55.15432893,13.60147051,52.40229003,21.1896201,50.91168825,16.15549442,48.83646179,23.08679276,49.57822102,17.4642492,47.42362281,18.38477631,45.27692569,17.49285568,50.24937811,15.23154621,50.99019514,17.20465053,50
15.62049935,7.211102551,15.55634919,8.062257748,16.64331698,10.63014581,17.02938637,7.071067812,18.38477631,7.615773106,18.38477631,8.602325267,17.02938637,9.219544457,17.69180601,7.810249676,15,7.810249676,14.14213562,10.63014581,17.69180601,10.63014581,17.69180601,9.899494937,17.02938637,9.899494937,14.86606875,7.810249676,16.64331698,10,17.02938637,10,15.62049935,9.433981132,16.2788206,7.211102551,16.2788206,11.3137085,15.8113883,9.219544457,14.86606875,8.602325267,14.2126704,8.485281374,14.86606875,8.94427191,15.62049935,8.062257748,14.14213562,9.433981132,15.55634919,8.062257748
6.708203932,12.04159458,8.602325267,13.45362405,7.211102551,12.72792206,8.602325267,11.40175425,6.708203932,14.86606875,5.830951895,13.45362405,6.708203932,15.55634919,8.062257748,15.55634919,7.211102551,12.72792206,6.708203932,11.40175425,6.403124237,13.45362405,5.830951895,14.2126704,6.403124237,13.45362405,5.830951895,13.45362405,4.242640687,13.45362405,7.810249676,15.62049935,5.656854249,14.14213562,6.708203932,14.14213562,5.830951895,14.14213562,5.385164807,12.04159458,4,14.2126704,4.472135955,13.45362405,5,13.45362405,5.656854249,14.2126704,5.830951895,11.3137085,6.708203932,12.80624847
7.810249676,16.2788206,7.211102551,18.02775638,8.062257748,15.8113883,7.211102551,18.60107524,8.602325267,17.20465053,9.219544457,13.45362405,7.810249676,16.2788206,8.602325267,14.86606875,7.615773106,16.2788206,6.708203932,16.97056275,8.062257748,17.80449381,8.062257748,17.69180601,7.615773106,14.86606875,9.433981132,18.38477631,7.810249676,17.02938637,7.615773106,15.62049935,8.544003745,17.20465053,8.94427191,15,6.403124237,18.38477631,9.219544457,15.55634919,8.94427191,16.2788206,10.04987562,13.60147051,9.219544457,15,6.403124237,17.02938637,6.32455532,15.55634919,8.246211251,14.86606875
10.29563014,13.45362405,9.433981132,14.2126704,9.848857802,16.2788206,10.29563014,16.2788206,10,14.86606875,10.29563014,15.62049935,10.81665383,14.2126704,9.219544457,15.62049935,10,16.2788206,10.81665383,15,10.81665383,16.40121947,9.219544457,17.02938637,7.810249676,16.40121947,8.602325267,17.20465053,9.219544457,15.62049935,8.602325267,15.62049935,9.433981132,15,8.602325267,14.86606875,8.602325267,15.62049935,9.433981132,12.80624847,9.433981132,13.45362405,6.403124237,13.45362405,9.433981132,15,9.433981132,14.2126704,8.602325267,15.62049935,9.433981132,13.03840481
15,6.32455532,16.2788206,4.472135955,17.69180601,6.403124237,17.02938637,5.830951895,13.45362405,6.708203932,17.69180601,6.403124237,16.40121947,5,16.97056275,5,16.64331698,5.830951895,15.8113883,5.656854249,17.80449381,5.830951895,17.20465053,5.385164807,17.69180601,6.32455532,18.43908891,7.211102551,17.20465053,7.280109889,16.2788206,6,17.20465053,6.08276253,16.40121947,7.280109889,18.43908891,7.615773106,15,6.32455532,15,8,13.60147051,8.94427191,14.2126704,6.32455532,17.20465053,8.062257748,13.45362405,7.615773106,14.2126704,6.08276253
10.63014581,11.3137085,13.03840481,12.80624847,11.40175425,14.76482306,12.04159458,11.66190379,11.40175425,13.45362405,12.80624847,15,13.45362405,12.20655562,11.3137085,14.86606875,14.14213562,12.04159458,13.45362405,11.40175425,13.45362405,11.66190379,13.45362405,13.45362405,15,12.04159458,12.20655562,11.3137085,10.81665383,11.66190379,12.80624847,12.80624847,13.03840481,13.45362405,12.04159458,13.41640786,13.03840481,12.04159458,9.899494937,14.2126704,14.4222051,10.81665383,11.66190379,14.2126704,13.89244399,12.20655562,13.60147051,13.60147051,11.66190379,10.63014581,11.18033989,13.03840481
14.86606875,9.486832981,14.14213562,10.44030651,14.4222051,11.18033989,13.45362405,8.246211251,15.55634919,10.29563014,15.55634919,8.602325267,12.72792206,10.44030651,14.86606875,10,16.97056275,7.211102551,17.20465053,7.211102551,16.2788206,9.219544457,15,8.602325267,16.2788206,9.219544457,16.2788206,8.485281374,18.43908891,6.403124237,17.69180601,7.211102551,16.97056275,8.485281374,17.20465053,7.810249676,15.62049935,7.810249676,16.2788206,6.403124237,12.80624847,5.385164807,14.14213562,7.071067812,15.55634919,6.708203932,12.72792206,8.062257748,14.4222051,7.810249676,14.2126704,9.433981132
13.03840481,7.810249676,12.80624847,7.810249676,9.433981132,17.08800749,11.3137085,9.433981132,10.29563014,13.89244399,9.433981132,13.45362405,13.45362405,11.40175425,12.80624847,8.602325267,12.72792206,11.3137085,10.63014581,10.81665383,14.86606875,13.60147051,11.40175425,14.2126704,10,10.29563014,10,10,9.433981132,10.29563014,11.66190379,10.81665383,13.60147051,12.20655562,10.29563014,12.20655562,10.77032961,11.40175425,10.81665383,10.63014581,11.18033989,14.4222051,12.52996409,12.20655562,10.63014581,9.433981132,11.66190379,13.41640786,10.29563014,12.64911064,13.45362405,8.062257748
6.32455532,8.602325267,7.071067812,13.89244399,7.280109889,14.86606875,9,12.04159458,7.071067812,12.80624847,7.071067812,12.80624847,9.055385138,14.2126704,6.32455532,13.60147051,8.062257748,12.80624847,6.08276253,15,5.385164807,12.72792206,6.08276253,16.97056275,7.280109889,15.55634919,5.385164807,16.40121947,2.828427125,14.86606875,5.385164807,15,4.472135955,12.04159458,4.123105626,14.86606875,2.828427125,12.72792206,1.414213562,17.02938637,2.828427125,14.14213562,3.16227766,17.02938637,5,12.80624847,3.16227766,14.14213562,5,13.60147051,4.472135955,12.72792206
12.04159458,5,15,7.810249676,14.2126704,7.211102551,12.80624847,7.810249676,12.72792206,8.602325267,12.80624847,5,13.45362405,5.656854249,14.2126704,7.211102551,15.55634919,5.656854249,14.86606875,6.403124237,15.55634919,6.403124237,14.14213562,6.708203932,12.04159458,6.08276253,12.80624847,5.830951895,13.45362405,7.615773106,16.2788206,5.385164807,13.45362405,5.830951895,13.89244399,5.385164807,15.55634919,7.810249676,13.60147051,6.708203932,13.60147051,5.656854249,11.40175425,6.403124237,12.04159458,8.246211251,13.45362405,6.32455532,14.14213562,7.071067812,13.45362405,5.385164807
16.2788206,2.236067977,17.02938637,3.605551275,16.2788206,3.16227766,16.40121947,1,17.02938637,2,17.02938637,2,15.62049935,2.236067977,15.55634919,2.236067977,17.80449381,3.605551275,15.62049935,4.123105626,16.97056275,3.16227766,15.62049935,3.605551275,16.97056275,5.385164807,18.38477631,3.605551275,18.38477631,3.605551275,17.02938637,5.099019514,17.02938637,4,16.2788206,4.472135955,15.55634919,3.16227766,16.2788206,5,16.2788206,3.605551275,14.86606875,4.123105626,14.86606875,4,15.55634919,3.16227766,15.55634919,3,16.2788206,5
4.123105626,14.14213562,6.08276253,15.62049935,5,15.62049935,4.242640687,17.02938637,3.605551275,14.86606875,3.605551275,16.2788206,5,14.86606875,5,16.97056275,5,15,4.472135955,14.2126704,5.385164807,15.55634919,4.472135955,16.2788206,5.385164807,16.97056275,6.708203932,16.2788206,6.32455532,14.86606875,6.32455532,14.86606875,7.280109889,14.86606875,4.472135955,14.86606875,4.472135955,15.62049935,6.32455532,14.14213562,6.08276253,14.86606875,5.385164807,15.55634919,3.605551275,14.86606875,4.472135955,15,6.08276253,14.14213562,5,15.55634919
11.40175425,6.08276253,14.86606875,5.385164807,13.45362405,5,11.3137085,5.830951895,14.4222051,6.708203932,15,8.062257748,12.04159458,5.830951895,15,8.485281374,12.80624847,7.071067812,11.40175425,9.219544457,14.2126704,10,13.45362405,10.29563014,12.72792206,9.899494937,12.04159458,9.219544457,12.04159458,8.602325267,14.2126704,8.94427191,12.04159458,10.29563014,12.04159458,7.211102551,12.04159458,8.602325267,12.80624847,8.544003745,13.45362405,8.485281374,12.20655562,7.071067812,12.80624847,6.708203932,12.04159458,8.062257748,12.72792206,8.062257748,15.62049935,6.708203932
12.52996409,7.810249676,11.40175425,7.211102551,12.20655562,12.20655562,14.14213562,9.219544457,10.63014581,8.602325267,12.04159458,10,12.80624847,10.63014581,13.45362405,9.219544457,12.80624847,8.485281374,9.433981132,8.602325267,15,8.485281374,13.89244399,7.810249676,14.2126704,7.810249676,13.60147051,10.29563014,12.04159458,9.219544457,14.4222051,10.29563014,12.04159458,7.615773106,12.04159458,9.433981132,12.20655562,9.433981132,12.04159458,10,12.80624847,8.94427191,10,10,12.04159458,10.81665383,10.81665383,12.08304597,11.66190379,8.94427191,12.04159458,8.602325267
11.40175425,9.899494937,12.52996409,12.80624847,11.3137085,10.63014581,10.63014581,9.899494937,11.3137085,11.40175425,10.63014581,7.810249676,12.04159458,8.485281374,10,10,12.04159458,10.63014581,12.04159458,12.52996409,12.52996409,8.485281374,13.45362405,9.899494937,12.20655562,10.29563014,13.60147051,9.219544457,10.81665383,10,13.03840481,8.602325267,12.80624847,10.81665383,11.40175425,11.66190379,14.14213562,8.602325267,12.04159458,7.615773106,12.72792206,9.433981132,10,8.602325267,10,7.810249676,9.899494937,9.433981132,11.66190379,10.29563014,9.219544457,8.602325267
13.03840481,7.071067812,15,5.830951895,12.72792206,7.280109889,15.55634919,5.656854249,14.2126704,8.062257748,11.66190379,9.219544457,15,9.219544457,12.72792206,9.219544457,17.02938637,9.899494937,15,7.810249676,17.69180601,9.219544457,15.62049935,8.485281374,14.14213562,10,15.62049935,10,14.14213562,9.848857802,15.62049935,8.602325267,12.80624847,8.062257748,14.4222051,8.602325267,12.80624847,10.63014581,13.45362405,8.602325267,12.72792206,7.810249676,11.66190379,8.602325267,13.45362405,7.211102551,12.80624847,8.602325267,12.80624847,8.246211251,13.60147051,6.708203932
15.62049935,1.414213562,16.97056275,2.236067977,15,2.236067977,14.86606875,2.236067977,17.80449381,1.414213562,17.69180601,2.236067977,14.2126704,1,14.86606875,3,19.20937271,4.123105626,21.21320344,6.708203932,17.69180601,4,15.55634919,4.472135955,15.26433752,5.656854249,18.38477631,3.605551275,14.2126704,6.708203932,17.69180601,6.32455532,16.2788206,7.615773106,18.38477631,5.830951895,17.02938637,4.472135955,16.2788206,5.656854249,16.97056275,3.16227766,14.14213562,3.605551275,14.2126704,6.403124237,16.2788206,4.123105626,14.4222051,3.605551275,14.2126704,5.656854249
16.2788206,6,14.86606875,3,15.62049935,5,17.69180601,3,15.62049935,5.099019514,14.86606875,4.123105626,15.62049935,5.385164807,15.8113883,4.123105626,14.2126704,4,13.45362405,3,16.2788206,5,16.40121947,2.236067977,15.62049935,1.414213562,14.2126704,1,15.55634919,2.828427125,14.86606875,0,17.02938637,2.828427125,14.14213562,2.236067977,14.86606875,2.236067977,15.55634919,2,12.72792206,3,12.72792206,2.236067977,14.86606875,2.236067977,13.45362405,3.16227766,13.45362405,4.123105626,14.14213562,4.242640687
5.099019514,17.69180601,4.123105626,16.2788206,4.123105626,19.79898987,5.656854249,18.43908891,1.414213562,18.38477631,5.830951895,19.10497317,5.656854249,19.10497317,5.830951895,16.2788206,2.828427125,17.20465053,1.414213562,17.20465053,5,17.02938637,5.385164807,16.97056275,5,19.20937271,6.403124237,16.40121947,7.615773106,16.2788206,6.708203932,16.2788206,8.062257748,17.69180601,6.708203932,15.8113883,5.385164807,16.97056275,5,17.02938637,4.472135955,15.55634919,6.08276253,16.40121947,4.123105626,17.20465053,6,15,6.708203932,14.86606875,4.123105626,15.62049935
10.29563014,8.94427191,12.08304597,10.29563014,11.40175425,10.29563014,11.40175425,10.29563014,11.40175425,9.433981132,13.03840481,9.433981132,14.2126704,10.29563014,12.04159458,10,15.8113883,7.810249676,15.62049935,12.20655562,13.45362405,9.219544457,12.80624847,7.810249676,12.04159458,9.433981132,14.14213562,8.062257748,12.04159458,7.810249676,13.45362405,8.062257748,12.72792206,7.810249676,13.45362405,8.485281374,15,7.810249676,12.72792206,5.830951895,14.14213562,7.211102551,11.3137085,6.403124237,13.45362405,8.485281374,12.80624847,9.899494937,12.80624847,10.81665383,12.80624847,9.219544457
12.80624847,5.385164807,14.2126704,5.099019514,12.04159458,4.472135955,12.72792206,4.472135955,13.45362405,6.32455532,14.86606875,4.242640687,13.60147051,5,14.2126704,5,13.45362405,5.385164807,16.97056275,3.605551275,16.97056275,3.605551275,14.86606875,3.605551275,15.62049935,5,15.8113883,5.099019514,13.45362405,3.16227766,14.86606875,4,14.86606875,5.099019514,14.86606875,5.099019514,15.55634919,4.123105626,12.72792206,5.385164807,14.14213562,4,14.2126704,6.32455532,13.45362405,6.708203932,12.72792206,6.708203932,13.45362405,5.099019514,14.2126704,5.099019514
13.45362405,12.04159458,14.76482306,9.219544457,13.03840481,12.20655562,15,10.63014581,12.80624847,10.81665383,14.2126704,11.3137085,14.86606875,10.81665383,16.40121947,13.60147051,13.60147051,12.80624847,12.80624847,13.60147051,12.72792206,12.04159458,13.45362405,12.80624847,14.2126704,13.45362405,12.80624847,12.04159458,12.72792206,11.3137085,14.86606875,11.3137085,11.40175425,11.3137085,12.04159458,14.2126704,12.80624847,10,12.80624847,12.20655562,13.03840481,12.04159458,13.60147051,12.04159458,13.45362405,12.04159458,12.80624847,10.81665383,12.04159458,10.63014581,12.80624847,10.81665383
4,14.2126704,2,17.02938637,4.123105626,17.80449381,2.828427125,17.80449381,2.236067977,14.86606875,4.123105626,17.69180601,2.828427125,15.55634919,5,16.2788206,2.828427125,17.69180601,4.472135955,17.69180601,1.414213562,17.02938637,5.385164807,17.20465053,5,16.97056275,5,17.20465053,4.472135955,16.40121947,3.16227766,14.86606875,2,16.97056275,3.16227766,16.40121947,4.472135955,16.2788206,5.099019514,16.97056275,2.828427125,15.55634919,6.32455532,14.14213562,3,15.62049935,2.236067977,17.02938637,5.099019514,14.86606875,2,14.2126704
16.97056275,3.16227766,16.2788206,5,16.2788206,3,15.8113883,4.472135955,18.38477631,2.828427125,17.20465053,4.472135955,15.55634919,2.828427125,15.55634919,5,19.10497317,3,18.38477631,2,18.43908891,2,19.10497317,3.605551275,17.02938637,5,15.62049935,3,18.38477631,2,17.69180601,4.242640687,18.43908891,4,13.45362405,3.16227766,17.69180601,3.16227766,16.2788206,3,14.14213562,3.16227766,15.55634919,5.099019514,15.55634919,3,16.40121947,7,15.62049935,4.472135955,16.2788206,4.123105626
16.2788206,4.472135955,16.97056275,4,15.62049935,6.08276253,18.43908891,6.32455532,16.40121947,5,17.80449381,5,17.69180601,5.830951895,14.2126704,5.656854249,18.43908891,5.830951895,18.38477631,5.656854249,18.38477631,5.830951895,18.43908891,6.403124237,15.55634919,5.830951895,18.38477631,6.403124237,16.2788206,6.708203932,16.97056275,8.062257748,16.2788206,6.403124237,16.40121947,6.708203932,17.69180601,7.615773106,16.2788206,5.099019514,16.2788206,5,16.97056275,5.830951895,15.55634919,4.472135955,16.2788206,6.08276253,15.62049935,5.656854249,16.97056275,5.099019514
10.63014581,14.14213562,9.433981132,14.2126704,10,15,10,15.62049935,10.81665383,14.86606875,7.810249676,17.69180601,9.219544457,16.2788206,10,16.97056275,11.3137085,17.80449381,12.52996409,15,10.63014581,15.8113883,10.63014581,15.62049935,7.071067812,16.2788206,9.219544457,15.62049935,10.29563014,15,10.29563014,17.02938637,7.211102551,16.2788206,8.94427191,14.86606875,8.602325267,16.2788206,9.219544457,14.14213562,9.219544457,15.62049935,9.433981132,14.86606875,9.433981132,14.14213562,10,14.14213562,9.848857802,14.2126704,10.63014581,13.45362405
18.43908891,7.810249676,15.8113883,9.433981132,14.86606875,7.615773106,17.02938637,9.219544457,15.62049935,9.219544457,16.40121947,10.29563014,16.2788206,9.433981132,15.62049935,9.899494937,15.55634919,9.899494937,12.72792206,10.29563014,17.02938637,10,17.69180601,9.219544457,15.62049935,9.219544457,14.86606875,11.66190379,15.62049935,10.29563014,17.69180601,10.63014581,16.97056275,7.280109889,16.40121947,8.602325267,16.97056275,7.211102551,15.62049935,10.81665383,14.86606875,9.433981132,13.60147051,8.062257748,14.2126704,8.602325267,15,11.66190379,13.45362405,8.246211251,15.62049935,6.708203932
17.02938637,5.099019514,19.84943324,5.385164807,15.55634919,5.099019514,19.41648784,5,16.97056275,5.830951895,17.02938637,4.242640687,17.20465053,7.071067812,18.43908891,7.071067812,18.60107524,6.403124237,15,7.071067812,19.10497317,7.071067812,17.69180601,7.211102551,17.69180601,8.602325267,18.43908891,7.280109889,16.97056275,8.062257748,17.69180601,7.615773106,16.2788206,6.403124237,15.62049935,7.810249676,16.2788206,8.602325267,16.97056275,5.830951895,15.55634919,7.211102551,16.2788206,5.830951895,15,6.708203932,14.4222051,5.830951895,16.2788206,5.099019514,16.2788206,5.385164807
13.60147051,14.86606875,12.20655562,14.86606875,11.66190379,13.45362405,12.80624847,14.14213562,11.66190379,15.55634919,12.20655562,14.2126704,12.20655562,14.86606875,11.40175425,14.86606875,11.3137085,15.62049935,11.3137085,15.55634919,9.899494937,15.62049935,11.66190379,15,10.81665383,14.4222051,10.81665383,16.40121947,9.433981132,15.62049935,12.04159458,14.86606875,11.40175425,15,12.20655562,14.86606875,11.66190379,15.26433752,10,14.4222051,10.29563014,15,10,14.4222051,10.81665383,12.80624847,11.40175425,14.4222051,11.66190379,13.45362405,11.40175425,12.20655562
15.8113883,5.656854249,15.55634919,7.810249676,15.8113883,6.403124237,15.55634919,7.810249676,15.55634919,6.403124237,16.2788206,6.403124237,14.14213562,6.403124237,15.55634919,8.602325267,15.8113883,5.385164807,14.86606875,5,16.2788206,7.615773106,16.97056275,7.280109889,15.62049935,8.246211251,15.62049935,8.94427191,13.60147051,8.062257748,16.40121947,9.486832981,14.86606875,8.246211251,17.02938637,8.062257748,14.86606875,8.544003745,15,7.280109889,15.8113883,8.062257748,14.86606875,6.32455532,15.55634919,5.385164807,15,6.08276253,14.14213562,4.472135955,14.14213562,6
15.62049935,3,16.40121947,3.16227766,17.02938637,3.16227766,17.69180601,3.605551275,17.80449381,4.123105626,18.43908891,1.414213562,18.38477631,2.236067977,17.80449381,1.414213562,20.51828453,2,20.51828453,1,21.21320344,1,17.02938637,2,17.02938637,3.605551275,17.69180601,3.605551275,17.69180601,3,19.10497317,3,17.69180601,4.123105626,18.38477631,2.236067977,19.10497317,4.123105626,18.38477631,3,19.79898987,2.236067977,19.10497317,2.236067977,18.38477631,2,18.38477631,5.385164807,16.97056275,2.828427125,17.69180601,3
12.20655562,11.18033989,10.63014581,12.52996409,12.80624847,13.89244399,12.80624847,11.66190379,12.72792206,12.80624847,14.2126704,12.80624847,14.86606875,10.63014581,14.14213562,12.04159458,13.45362405,9.219544457,12.72792206,10,12.80624847,11.40175425,14.14213562,11.3137085,14.4222051,10.63014581,13.45362405,10.63014581,15,8.602325267,13.45362405,8.485281374,14.86606875,11.3137085,13.45362405,9.899494937,13.60147051,10.63014581,14.14213562,10,13.45362405,8.485281374,14.14213562,10.63014581,10.63014581,10,14.4222051,10,11.3137085,9.899494937,11.40175425,11.3137085
17.80449381,5.385164807,16.97056275,5,18.43908891,6.32455532,16.97056275,4.242640687,19.10497317,3.605551275,18.38477631,4.472135955,19.10497317,3.605551275,18.60107524,4.123105626,18.60107524,4.242640687,17.20465053,5,18.60107524,4.123105626,19.79898987,3.16227766,17.80449381,4.123105626,18.38477631,5.099019514,18.43908891,2.236067977,19.10497317,3.16227766,18.43908891,4,17.69180601,3.16227766,19.10497317,5,16.2788206,3,16.40121947,5.099019514,15.55634919,4.123105626,17.02938637,3.605551275,14.86606875,5,15.62049935,5.099019514,16.2788206,4.123105626
7.211102551,17.02938637,5.830951895,16.40121947,5.830951895,19.79898987,4.242640687,16.40121947,4.472135955,16.2788206,5.385164807,17.69180601,5,16.97056275,6.08276253,20.51828453,4.242640687,17.80449381,4.472135955,18.43908891,7.071067812,16.97056275,5.830951895,18.86796226,6.08276253,17.20465053,7.071067812,17.02938637,5.099019514,14.86606875,7,18.60107524,6.08276253,16.2788206,7,17.20465053,6.08276253,17.69180601,7.071067812,17.02938637,6.32455532,14.14213562,7.071067812,15,8.246211251,16.40121947,8.062257748,15.62049935,9.055385138,15,7.280109889,13.03840481
14.86606875,4.123105626,15.55634919,3.605551275,16.97056275,2.828427125,17.02938637,1,15.55634919,2.236067977,16.64331698,2.236067977,16.2788206,1.414213562,17.02938637,1,17.02938637,1.414213562,18.43908891,1.414213562,17.02938637,1.414213562,17.80449381,3,15.55634919,2.236067977,16.2788206,3,15.55634919,3.16227766,18.02775638,4.472135955,17.69180601,5.385164807,17.02938637,2.236067977,14.86606875,2,15.55634919,6.08276253,15.55634919,1,13.45362405,2.236067977,14.2126704,3.605551275,16.97056275,4,14.86606875,2,14.86606875,4.123105626
18.43908891,5.830951895,19.10497317,4.472135955,17.69180601,6.32455532,18.60107524,6.708203932,17.80449381,5.656854249,19.10497317,5.385164807,17.80449381,6.32455532,19.84943324,6.403124237,20.51828453,7.211102551,21.26029163,7.071067812,18.38477631,6.403124237,19.20937271,8.062257748,16.97056275,5.385164807,18.43908891,9.433981132,17.02938637,7.810249676,18.43908891,7.280109889,18.38477631,7.211102551,16.97056275,7.810249676,16.40121947,7.071067812,17.69180601,7.211102551,15.62049935,7.211102551,17.02938637,6.403124237,17.80449381,7.280109889,15.8113883,7.211102551,15.55634919,6.32455532,16.97056275,5.385164807
13.03840481,14.86606875,11.18033989,15.55634919,12.20655562,12.80624847,14.2126704,14.86606875,9.219544457,14.86606875,10,14.4222051,12.20655562,16.40121947,14.2126704,12.72792206,12.04159458,14.2126704,13.45362405,17.02938637,12.04159458,17.80449381,12.04159458,16.40121947,9.219544457,18.02775638,7.810249676,15,12.20655562,17.02938637,13.60147051,18.60107524,12.80624847,16.64331698,11.66190379,14.2126704,12.04159458,15,10.44030651,14.86606875,12.80624847,15.8113883,11.3137085,13.45362405,11.66190379,14.4222051,12.08304597,15,11.40175425,13.45362405,12.04159458,12.80624847
5.656854249,15.62049935,6.32455532,18.43908891,3.605551275,17.80449381,3.605551275,18.38477631,2,17.80449381,3.605551275,17.20465053,3.16227766,16.2788206,4.242640687,18.38477631,5,18.60107524,5,17.69180601,5,18.02775638,4.123105626,19.72308292,5.385164807,17.80449381,5.385164807,17.69180601,7,16.40121947,6.08276253,17.80449381,6.08276253,15.55634919,6,15.62049935,7.071067812,15.62049935,7,16.2788206,6.32455532,15,6,16.2788206,6.08276253,12.80624847,6,15.62049935,8.246211251,16.40121947,8.062257748,15.8113883
17.69180601,3,17.80449381,3.605551275,19.10497317,2.236067977,17.69180601,3.16227766,17.02938637,2.828427125,18.43908891,2,20.61552813,0,17.69180601,1,18.38477631,1,19.84943324,1,20,3,17.02938637,2.236067977,18.43908891,2.236067977,19.79898987,2.236067977,18.38477631,2,20.61552813,3.605551275,17.80449381,4.472135955,17.69180601,3.605551275,16.97056275,3.605551275,16.2788206,3.605551275,17.02938637,3,17.02938637,3,16.2788206,3,16.2788206,5.099019514,16.2788206,5.099019514,16.40121947,5.099019514
12.64911064,14.14213562,13.41640786,12.80624847,12.20655562,12.04159458,12.08304597,12.20655562,9.848857802,14.86606875,11.66190379,14.86606875,12.52996409,15.55634919,12.20655562,14.14213562,12.20655562,14.14213562,11.3137085,14.4222051,9.899494937,17.20465053,9.899494937,16.2788206,10,16.64331698,10,15.62049935,9.219544457,15.62049935,9.219544457,14.86606875,9.899494937,15,10.81665383,15.62049935,7.211102551,15,10.77032961,14.14213562,7.211102551,15.8113883,10.63014581,14.14213562,7.211102551,13.60147051,8.602325267,14.86606875,7.211102551,12.20655562,9.219544457,12.80624847
9.848857802,15,10.77032961,15,8.94427191,15.55634919,11.66190379,14.86606875,9.433981132,16.2788206,10.81665383,16.40121947,9.433981132,17.69180601,9.219544457,16.97056275,11.40175425,15.62049935,9.899494937,15,8.602325267,17.80449381,8.485281374,16.40121947,7.211102551,16.40121947,7.810249676,14.86606875,6.403124237,16.2788206,7.071067812,17.80449381,6.32455532,16.40121947,8.062257748,15.62049935,7.615773106,15.55634919,8.602325267,14.86606875,7.211102551,14.86606875,8.602325267,15,9.899494937,15.8113883,9.433981132,15.26433752,7.615773106,14.4222051,9.433981132,13.60147051
21.40093456,8.062257748,19.84943324,6.32455532,19.84943324,5.385164807,20.61552813,7.211102551,19.79898987,3.605551275,22.8035085,5.656854249,21.26029163,7.071067812,19.20937271,7.071067812,19.20937271,7.071067812,21.21320344,7.071067812,21.9317122,8.062257748,20.51828453,8.94427191,19.10497317,7.211102551,19.10497317,8.602325267,20.51828453,7.810249676,19.79898987,7.615773106,19.84943324,7.810249676,19.79898987,6.708203932,17.80449381,6.708203932,18.60107524,7.211102551,16.2788206,6.403124237,19.79898987,7.810249676,17.69180601,5.830951895,17.80449381,5,17.69180601,7.280109889,18.43908891,5.830951895
13.60147051,12.80624847,13.03840481,11.3137085,14.86606875,14.76482306,10.29563014,14.86606875,13.45362405,15,14.14213562,12.80624847,13.45362405,14.2126704,12.80624847,12.80624847,14.2126704,14.2126704,11.18033989,12.04159458,14.4222051,13.45362405,13.03840481,12.04159458,12.80624847,12.04159458,12.80624847,12.80624847,14.2126704,12.04159458,15.62049935,11.40175425,13.60147051,12.20655562,12.20655562,12.20655562,14.14213562,10.63014581,13.60147051,14.14213562,12.04159458,10.63014581,13.60147051,12.20655562,10.81665383,12.04159458,10.81665383,12.04159458,12.52996409,13.45362405,10.29563014,11.3137085
15.26433752,11.18033989,13.89244399,10.29563014,14.2126704,11.40175425,14.4222051,10,15,10.81665383,15,11.66190379,15.8113883,12.04159458,15.8113883,11.3137085,15,11.3137085,13.03840481,10.63014581,14.2126704,13.45362405,13.45362405,12.20655562,11.3137085,13.45362405,12.04159458,13.45362405,12.04159458,13.45362405,14.14213562,13.60147051,14.2126704,13.60147051,12.04159458,11.40175425,12.04159458,12.20655562,11.3137085,9.899494937,12.80624847,11.40175425,12.72792206,10.63014581,12.80624847,11.40175425,12.72792206,10.81665383,10.63014581,10.81665383,13.45362405,9.433981132
4.123105626,19.10497317,6.08276253,16.97056275,3.16227766,19.20937271,3,19.20937271,2.236067977,17.69180601,5,18.43908891,3.605551275,19.10497317,3.605551275,18.43908891,5,19.79898987,7.615773106,20.51828453,5,18.38477631,7.211102551,19.20937271,4.472135955,19.10497317,7.280109889,18.43908891,6.708203932,17.69180601,7.615773106,17.69180601,6.708203932,17.02938637,4.242640687,17.80449381,7.615773106,16.97056275,7.211102551,15.55634919,5.385164807,17.69180601,5.385164807,17.69180601,5,17.69180601,4.123105626,17.02938637,6,17.69180601,4,17.02938637
15.8113883,10.81665383,14.4222051,10.81665383,14.4222051,12.04159458,14.2126704,11.40175425,13.03840481,12.04159458,14.86606875,10,16.1245155,12.04159458,17.20465053,14.2126704,13.03840481,14.14213562,14.2126704,11.40175425,13.45362405,14.2126704,14.14213562,15.62049935,17.02938637,14.4222051,13.45362405,11.40175425,14.2126704,12.20655562,14.14213562,12.80624847,14.2126704,11.40175425,12.72792206,11.40175425,11.66190379,14.14213562,13.60147051,13.45362405,10.63014581,14.14213562,11.3137085,13.89244399,13.60147051,12.20655562,13.45362405,10.63014581,14.2126704,12.20655562,16.2788206,10.63014581
16.2788206,5.656854249,17.02938637,7.211102551,16.2788206,5.656854249,16.97056275,6.403124237,17.80449381,6.403124237,17.69180601,4.242640687,17.69180601,5,17.69180601,7.615773106,17.69180601,7.071067812,18.38477631,7.211102551,19.20937271,7.615773106,18.43908891,6.403124237,17.02938637,6.32455532,18.60107524,6.708203932,18.43908891,6.708203932,16.2788206,5.099019514,17.69180601,6.08276253,17.69180601,5,16.2788206,5.385164807,17.02938637,6.32455532,17.80449381,6.32455532,14.86606875,6.32455532,15.8113883,6.32455532,14.86606875,8.246211251,14.2126704,8.246211251,15,6.32455532
4,16.97056275,3,19.10497317,4.123105626,19.10497317,1,19.10497317,2,19.20937271,1.414213562,19.10497317,1.414213562,18.38477631,2,20.61552813,1.414213562,18.43908891,1,16.40121947,2,20.51828453,1,20.51828453,3,17.69180601,3.16227766,20.51828453,3.605551275,20.61552813,1,18.38477631,5,19.10497317,2,18.38477631,3.605551275,17.02938637,3.605551275,17.69180601,2,19.20937271,1.414213562,16.97056275,1,16.2788206,3.605551275,16.2788206,5.385164807,16.97056275,4,17.69180601
15,11.40175425,15.62049935,10.81665383,14.86606875,11.18033989,16.2788206,11.18033989,14.2126704,10.63014581,14.14213562,12.20655562,14.14213562,9.899494937,14.86606875,9.899494937,16.97056275,9.219544457,17.69180601,9.899494937,15.55634919,11.3137085,17.69180601,11.3137085,15.8113883,9.433981132,16.2788206,9.899494937,16.40121947,8.602325267,17.02938637,9.433981132,15.55634919,9.433981132,14.86606875,8.062257748,16.2788206,8.485281374,16.2788206,9.219544457,15.62049935,8.485281374,14.14213562,8.602325267,13.45362405,9.848857802,13.03840481,10.81665383,14.4222051,9.848857802,15,10.81665383
16.2788206,4.472135955,19.10497317,5.385164807,15.62049935,4.123105626,16.97056275,3.605551275,16.40121947,3.16227766,18.43908891,3.16227766,15,5.830951895,16.2788206,5,19.10497317,7.615773106,15.55634919,3,16.97056275,6.32455532,15.62049935,5.830951895,14.2126704,7.211102551,16.2788206,8.94427191,15.62049935,6.08276253,17.69180601,6.32455532,17.69180601,7.211102551,17.02938637,5.830951895,16.97056275,6.32455532,16.40121947,6.32455532,15.55634919,6.708203932,14.86606875,6.32455532,14.2126704,5.099019514,16.2788206,4.472135955,15.55634919,4.123105626,14.86606875,5.385164807
3,20.61552813,3.16227766,21.40093456,5.830951895,18.43908891,4.472135955,19.79898987,2.236067977,19.20937271,3.605551275,22.6715681,4.242640687,21.26029163,3,19.84943324,4.472135955,21.21320344,4.123105626,21.9317122,5,20.61552813,6.708203932,21.26029163,4.472135955,22.02271555,7.280109889,21.21320344,5,21.26029163,4.123105626,19.20937271,6.08276253,21.21320344,5.099019514,18.60107524,4.242640687,18.38477631,5,19.10497317,5.385164807,17.69180601,3.16227766,19.84943324,4,21.21320344,5.099019514,21.21320344,5.099019514,21.21320344,5.099019514,22.02271555
14.2126704,8.062257748,14.2126704,8.062257748,13.45362405,10,15,9.899494937,14.14213562,8.602325267,15.62049935,9.219544457,14.2126704,9.899494937,15.62049935,11.40175425,14.86606875,7.810249676,14.2126704,9.219544457,14.86606875,11.40175425,14.4222051,11.40175425,12.80624847,12.52996409,14.14213562,11.18033989,14.14213562,13.03840481,14.2126704,12.20655562,14.2126704,12.80624847,14.86606875,9.899494937,11.3137085,9.433981132,12.52996409,8.602325267,13.60147051,9.433981132,13.60147051,9.219544457,12.72792206,9.433981132,11.40175425,9.219544457,12.20655562,9.433981132,12.72792206,8.062257748
14.86606875,10.77032961,15.62049935,11.40175425,17.20465053,10,14.86606875,9.433981132,14.2126704,8.94427191,16.2788206,11.40175425,16.40121947,10.29563014,15.55634919,10.63014581,17.80449381,10.29563014,14.86606875,10,15.8113883,10,17.20465053,9.219544457,16.64331698,9.219544457,15.62049935,8.062257748,19.20937271,9.433981132,18.60107524,9.433981132,17.80449381,8.602325267,17.02938637,7.615773106,17.20465053,8.602325267,17.02938637,7.810249676,14.2126704,8.062257748,15.55634919,8.062257748,14.4222051,9.219544457,14.86606875,9.899494937,14.2126704,9.219544457,14.4222051,10
15.62049935,3,18.43908891,3.605551275,16.2788206,2.828427125,17.02938637,2.236067977,17.02938637,1.414213562,17.02938637,0,17.80449381,1.414213562,18.43908891,2.236067977,19.10497317,1.414213562,17.69180601,1.414213562,17.69180601,1.414213562,19.10497317,1,19.10497317,1,19.79898987,0,19.10497317,3.16227766,19.10497317,2.236067977,18.43908891,2,19.20937271,2.236067977,19.20937271,2.236067977,17.02938637,4.123105626,18.43908891,4.123105626,17.80449381,2,17.02938637,2.236067977,17.02938637,3.16227766,17.02938637,4.123105626,18.43908891,2.236067977
7.615773106,14.2126704,8.602325267,17.02938637,7.211102551,17.02938637,8.062257748,17.20465053,8.485281374,15.8113883,9.219544457,14.86606875,7.810249676,14.14213562,8.062257748,15.62049935,7.211102551,16.40121947,7.810249676,17.80449381,7.071067812,15.62049935,9.219544457,13.45362405,10.81665383,15.55634919,10.63014581,15.55634919,10.81665383,15,11.40175425,16.2788206,9.219544457,15.62049935,11.40175425,15.62049935,10.63014581,16.2788206,9.899494937,14.14213562,9.219544457,13.45362405,9.433981132,13.45362405,7.810249676,14.86606875,9.219544457,14.2126704,7.615773106,15,7.810249676,14.14213562
17.02938637,5.385164807,16.2788206,5.830951895,18.38477631,4.472135955,17.69180601,5.830951895,17.69180601,5.830951895,16.97056275,5.656854249,17.69180601,3.605551275,16.97056275,4.472135955,18.38477631,5,19.84943324,6.403124237,20.51828453,3.605551275,19.20937271,4,18.43908891,4.123105626,21.40093456,5,18.43908891,5.099019514,17.80449381,5.099019514,17.69180601,3.605551275,17.80449381,5,17.02938637,4.123105626,14.86606875,3.16227766,17.69180601,4.123105626,17.02938637,4,16.40121947,6.08276253,15.8113883,5.099019514,14.86606875,5.830951895,16.2788206,6.32455532
9.433981132,15.26433752,11.40175425,18.02775638,14.2126704,20,14.2126704,16.40121947,10.81665383,14.86606875,11.40175425,16.2788206,10,15.55634919,15.26433752,17.20465053,14.2126704,14.14213562,15,17.69180601,13.45362405,16.2788206,14.4222051,15.26433752,12.20655562,14.14213562,13.60147051,15,12.80624847,17.80449381,11.40175425,13.45362405,14.86606875,12.72792206,12.80624847,16.40121947,12.72792206,16.2788206,13.03840481,17.80449381,14.2126704,14.4222051,12.08304597,17.69180601,14.86606875,17.20465053,11.66190379,13.03840481,12.52996409,15.62049935,8.94427191,14.2126704
18.43908891,5,16.97056275,6.32455532,17.69180601,5.385164807,18.43908891,5.385164807,18.43908891,4.242640687,17.69180601,5.656854249,17.69180601,5.656854249,18.38477631,5.830951895,18.43908891,4.242640687,17.20465053,4.242640687,18.43908891,5.099019514,19.10497317,5.830951895,17.69180601,5.385164807,18.38477631,6.32455532,16.2788206,5.385164807,19.10497317,7.071067812,17.69180601,5.099019514,17.69180601,4.472135955,17.02938637,7.280109889,17.02938637,5.830951895,16.97056275,4,17.80449381,4.123105626,15.55634919,3,16.2788206,5,16.2788206,3.16227766,16.2788206,6.08276253
15.26433752,4,17.02938637,5.099019514,14.86606875,4.123105626,17.20465053,6.32455532,15.62049935,5.099019514,18.43908891,6.708203932,17.69180601,3.605551275,17.02938637,3.605551275,18.43908891,3.605551275,19.20937271,2.828427125,19.10497317,3.605551275,18.86796226,4.472135955,17.80449381,3.605551275,18.43908891,3.605551275,16.2788206,3.605551275,18.43908891,4,17.02938637,2.236067977,18.43908891,5.099019514,14.14213562,2.236067977,19.10497317,2.236067977,17.69180601,5.830951895,15.55634919,3.605551275,16.2788206,3.605551275,15.55634919,4.242640687,15,5,16.97056275,4.472135955
17.80449381,2.236067977,17.69180601,2.828427125,17.80449381,2.236067977,16.2788206,1.414213562,17.69180601,0,16.97056275,2.828427125,17.69180601,2,18.43908891,4.123105626,19.10497317,2.236067977,20.61552813,3.16227766,19.84943324,1.414213562,17.69180601,2.236067977,19.10497317,2,19.79898987,1,17.69180601,0,20.51828453,2.236067977,17.80449381,3,21.26029163,2.828427125,17.80449381,3.16227766,20.51828453,3.16227766,18.43908891,1,17.69180601,1.414213562,16.2788206,2,17.02938637,1,18.38477631,3.605551275,17.02938637,3.605551275
6.708203932,12.72792206,8.602325267,14.86606875,6.708203932,13.45362405,5.656854249,14.2126704,8.062257748,14.14213562,7.071067812,15.55634919,4.242640687,14.86606875,6.708203932,16.2788206,8.062257748,15.55634919,9.219544457,14.86606875,9.219544457,14.86606875,7.071067812,15.55634919,7.071067812,17.02938637,8.94427191,14.86606875,8.485281374,15,8.94427191,13.60147051,9.433981132,14.4222051,7.211102551,13.60147051,8.602325267,14.86606875,7.071067812,13.45362405,8.062257748,14.2126704,8.602325267,14.86606875,8.544003745,13.60147051,8.246211251,15.62049935,6.32455532,15.55634919,8.062257748,14.86606875
18.43908891,3.605551275,15.62049935,2,16.97056275,5.099019514,16.2788206,3,15,1.414213562,17.02938637,1.414213562,17.80449381,3.605551275,16.97056275,1.414213562,19.10497317,2.828427125,19.20937271,3,19.79898987,2.236067977,18.38477631,2,17.69180601,2,16.2788206,2.236067977,17.69180601,2.828427125,18.38477631,1,17.69180601,2.828427125,16.97056275,2.236067977,19.10497317,2.236067977,16.2788206,2.236067977,15.62049935,3,16.97056275,1,17.69180601,2.828427125,16.2788206,2.828427125,17.69180601,1,17.02938637,2.236067977
16.40121947,8.485281374,15.62049935,5.656854249,17.69180601,8.602325267,16.97056275,9.219544457,16.97056275,7.211102551,20.51828453,9.219544457,14.86606875,8.602325267,17.69180601,10,16.40121947,5.656854249,15.8113883,7.810249676,16.40121947,8.602325267,16.40121947,8.602325267,19.41648784,8.062257748,17.80449381,8.94427191,17.20465053,8.246211251,18.43908891,10.29563014,16.40121947,9.848857802,17.69180601,10.77032961,17.20465053,9.219544457,17.02938637,9.486832981,18.43908891,9.219544457,15.23154621,8.246211251,15.62049935,12.36931688,16.64331698,11.66190379,16.64331698,10.44030651,15.65247584,11.18033989
11.70469991,10.63014581,11.18033989,14.2126704,10,13.60147051,10.63014581,13.60147051,11.40175425,12.80624847,9.848857802,12.04159458,11.66190379,13.60147051,11.66190379,14.2126704,13,13.45362405,12.20655562,12.04159458,13.45362405,11.3137085,13.45362405,13.45362405,11.66190379,12.72792206,12.04159458,12.72792206,12.04159458,13.45362405,13.60147051,11.3137085,13.60147051,10.63014581,11.40175425,12.04159458,13.60147051,13.45362405,12.80624847,13.45362405,10,12.72792206,11.3137085,12.80624847,10.81665383,12.72792206,14.4222051,12.20655562,11.66190379,12.72792206,10.81665383,12.20655562
4.472135955,16.2788206,6.08276253,17.02938637,4,16.2788206,5.099019514,17.69180601,3,18.38477631,4.472135955,17.69180601,1.414213562,17.02938637,4.123105626,16.2788206,3.605551275,19.10497317,5,19.10497317,2.236067977,18.60107524,2.236067977,18.43908891,1,19.20937271,1.414213562,18.38477631,3.16227766,18.43908891,4,19.84943324,4,19.20937271,4.123105626,17.69180601,2.236067977,20.51828453,3,19.10497317,3,17.69180601,3,17.02938637,2.236067977,17.80449381,4,16.97056275,5,17.69180601,5,17.02938637
8.544003745,14.2126704,8.544003745,15,8.062257748,15.8113883,8.544003745,15.8113883,8.062257748,14.86606875,8.94427191,15.62049935,10,15.55634919,8.602325267,16.40121947,10.63014581,15,9.219544457,14.4222051,9.219544457,15,9.219544457,15.55634919,10,17.69180601,11.3137085,17.02938637,10.81665383,15.62049935,9.219544457,13.45362405,10,13.45362405,10,14.2126704,10,14.86606875,10,14.86606875,11.18033989,12.04159458,8.602325267,14.14213562,8.062257748,13.60147051,8.246211251,15.55634919,9.486832981,13.45362405,8.94427191,14.86606875
11.66190379,13.60147051,9.219544457,13.45362405,10.29563014,10.63014581,11.18033989,13.45362405,11.40175425,10.81665383,12.20655562,15.55634919,12.80624847,13.45362405,10,14.2126704,10.81665383,13.03840481,8.94427191,14.4222051,10.63014581,15.26433752,11.3137085,13.03840481,11.3137085,14.2126704,11.3137085,14.2126704,12.04159458,15.8113883,10,16.40121947,10.63014581,14.86606875,11.40175425,15.8113883,9.433981132,14.14213562,11.40175425,15.26433752,10.63014581,12.52996409,7.810249676,15.26433752,10.29563014,12.04159458,8.94427191,12.80624847,10.81665383,9.848857802,12.04159458,12.08304597
18.38477631,7.071067812,17.80449381,7.280109889,20,6.08276253,20.51828453,6.32455532,18.43908891,5.830951895,17.02938637,4.123105626,16.40121947,5,17.20465053,8.062257748,17.80449381,5.830951895,19.10497317,5.830951895,17.20465053,7.211102551,18.35755975,6.403124237,17.69180601,6.32455532,17.02938637,4.472135955,18.38477631,6.403124237,17.20465053,3,17.69180601,5.385164807,17.02938637,5,14.86606875,3.605551275,14.86606875,5.385164807,14.86606875,5.099019514,17.49285568,5.385164807,16.64331698,5.656854249,15,6.08276253,14.2126704,6.32455532,16.40121947,7.071067812
5.099019514,16.2788206,5.099019514,17.80449381,5.656854249,15.8113883,5.830951895,15,7.071067812,18.60107524,5.656854249,14.86606875,7.071067812,14.4222051,6.403124237,14.86606875,6.708203932,16.64331698,4.242640687,15.26433752,6.403124237,15.8113883,6.708203932,16.40121947,7.280109889,17.20465053,8.246211251,16.2788206,7.280109889,14.2126704,8.246211251,15.62049935,6.08276253,15,8.062257748,14.2126704,7.071067812,16.97056275,9.219544457,12.72792206,7.071067812,15.62049935,7,14.86606875,7.280109889,12.72792206,7.071067812,14.14213562,7,12.04159458,4.123105626,14.14213562
4.123105626,19.20937271,5.099019514,20.51828453,4,18.38477631,3.605551275,19.84943324,2,18.43908891,3.16227766,19.84943324,3.16227766,19.84943324,3.16227766,19.84943324,4.242640687,21.21320344,3.16227766,20.51828453,3.605551275,21.26029163,2.236067977,20,3.16227766,20.51828453,4,21.26029163,3,19.84943324,3.16227766,19.79898987,2.236067977,18.43908891,3.16227766,19.10497317,4.123105626,21.26029163,4.123105626,19.84943324,3.16227766,18.43908891,4.472135955,19.10497317,4,17.69180601,3,19.84943324,4.123105626,18.43908891,4.472135955,17.69180601
7.071067812,19.20937271,6.708203932,20.51828453,5.385164807,19.79898987,5.830951895,20.51828453,5,20.51828453,6.708203932,19.79898987,5,19.84943324,4.472135955,22.02271555,5,22.6715681,6.403124237,23.34523506,5.656854249,22.6715681,3.605551275,22.6715681,4,19.79898987,4.472135955,20.51828453,2.236067977,21.40093456,5.385164807,21.9317122,5.385164807,19.84943324,5.385164807,19.10497317,5,18.60107524,5,20.61552813,4,18.43908891,6.08276253,19.84943324,5.830951895,19.20937271,6.32455532,18.43908891,6.08276253,17.69180601,6.08276253,17.80449381
20,8.544003745,20.61552813,10.44030651,21.63330765,11.40175425,22.8035085,10.04987562,17.69180601,10.29563014,21.26029163,10.04987562,20.80865205,7.280109889,18.38477631,6,21.26029163,7.810249676,18.43908891,8.602325267,23.43074903,6.708203932,22.6715681,5.656854249,21.9317122,5.830951895,19.10497317,4.123105626,23.60084744,4.472135955,17.69180601,7.211102551,17.02938637,5.830951895,18.43908891,6.708203932,19.84943324,3.605551275,17.69180601,5.830951895,19.84943324,5.385164807,16.40121947,6.403124237,16.2788206,6,19.84943324,5,14.86606875,4.123105626,17.69180601,6.32455532
17.02938637,8.062257748,17.02938637,5.385164807,17.80449381,7.280109889,18.43908891,6.403124237,15.8113883,5.830951895,15.55634919,5,17.69180601,4.123105626,18.38477631,2.828427125,20.51828453,6.08276253,19.79898987,6.708203932,17.80449381,4.472135955,19.20937271,5.385164807,20,5.099019514,17.02938637,5.830951895,16.64331698,5.830951895,18.43908891,6.403124237,17.20465053,5.099019514,17.20465053,7.071067812,15.55634919,6.08276253,14.86606875,7.071067812,15.62049935,7,16.64331698,6,15.8113883,5.385164807,15.62049935,7.280109889,17.80449381,7.071067812,17,6.708203932
17.69180601,5.830951895,17.02938637,5.830951895,16.97056275,8.062257748,17.80449381,4.242640687,17.69180601,5.099019514,17.02938637,3.605551275,17.02938637,3.605551275,17.02938637,4.242640687,18.43908891,4.242640687,16.1245155,2.828427125,18.60107524,3.16227766,17.80449381,5,17.69180601,5.385164807,17.80449381,6.32455532,17.80449381,6.32455532,17.69180601,4,17.02938637,4.123105626,16.2788206,6.32455532,16.97056275,5.099019514,16.40121947,6.08276253,16.2788206,5.099019514,14.2126704,5.099019514,14.2126704,5.385164807,14.2126704,7,14.2126704,7.280109889,12.80624847,7.071067812
16.97056275,5.830951895,20,6.403124237,18.43908891,5.656854249,17.80449381,5,20.61552813,5.656854249,17.20465053,6.403124237,19.84943324,6.403124237,19.84943324,4.242640687,19.10497317,5,21.21320344,6.708203932,18.38477631,6.708203932,19.84943324,8.94427191,18.43908891,5.830951895,19.10497317,8.062257748,17.69180601,7.615773106,17.02938637,8.94427191,17.80449381,7.071067812,17.69180601,8.062257748,17.02938637,7.280109889,16.40121947,8.062257748,17.20465053,6.403124237,16.97056275,5.830951895,18.43908891,5.385164807,17.69180601,4.472135955,16.2788206,7.071067812,16.2788206,6.08276253
14.86606875,10.29563014,13.45362405,7.810249676,17.20465053,6.403124237,15.62049935,7.071067812,17.80449381,7.211102551,16.40121947,10,14.86606875,8.602325267,14.86606875,9.433981132,14.4222051,12.80624847,13.45362405,12.04159458,16.97056275,8.94427191,16.40121947,11.18033989,14.86606875,10.44030651,15.55634919,9.219544457,15.55634919,8.062257748,13.45362405,11.18033989,14.86606875,7.280109889,15.26433752,9.486832981,15,9.848857802,15.55634919,5.099019514,16.40121947,8.062257748,12.04159458,8.246211251,13.45362405,5.099019514,15.62049935,6,14.86606875,6,13.60147051,7.280109889
29.83286778,13.03840481,28.60069929,14.56021978,25.23885893,12.52996409,29.20616373,12.20655562,27.80287755,14.76482306,26.40075756,11.40175425,31.2409987,15.65247584,21.9317122,10.77032961,31.11269837,15.26433752,23.43074903,12.04159458,22.6715681,11.70469991,25,17.08800749,25.8069758,18.35755975,24.8394847,17.88854382,25.8069758,18.38477631,20.51828453,15.26433752,24.8394847,13.89244399,24.20743687,15,23.34523506,17.02938637,25.49509757,12.64911064,21.9317122,16.2788206,24.75883681,13.41640786,23.34523506,14.76482306,25.49509757,15.26433752,24.8394847,12.80624847,24.04163056,10.81665383
22.8035085,5.385164807,20,5.099019514,24.75883681,6,21.9317122,3.16227766,19.10497317,4.242640687,21.26029163,7.071067812,22.6715681,4.472135955,19.84943324,7.810249676,21.40093456,5,19.41648784,6.403124237,21.9317122,5.656854249,20.61552813,7.071067812,21.26029163,5.656854249,21.26029163,5.656854249,23.34523506,7.211102551,21.9317122,6.708203932,21.9317122,9.433981132,18.38477631,5.385164807,19.84943324,5.385164807,18.38477631,8.94427191,20.51828453,8.246211251,18.38477631,8.602325267,19.79898987,4.472135955,21.26029163,4.123105626,18.43908891,4.123105626,20.51828453,5.099019514
14.14213562,12.80624847,17.20465053,12.20655562,16.64331698,12.80624847,15.8113883,12.04159458,14.86606875,12.04159458,17.80449381,13.03840481,16.64331698,12.80624847,16.40121947,12.04159458,15,12.72792206,13.60147051,12.80624847,17.20465053,14.86606875,15.62049935,13.03840481,16.2788206,13.45362405,13.45362405,13.45362405,16.40121947,12.80624847,16.2788206,15,14.2126704,14.4222051,12.80624847,14.14213562,13.45362405,12.80624847,12.72792206,12.80624847,13.89244399,12.04159458,12.80624847,13.45362405,13.60147051,12.20655562,15.55634919,14.31782106,15,10.63014581,16.2788206,12.08304597
14.86606875,3.605551275,15.62049935,3.605551275,16.2788206,3.605551275,15.55634919,4.472135955,16.2788206,4.123105626,15.55634919,4.472135955,16.2788206,4.472135955,17.02938637,4.242640687,14.86606875,5,14.2126704,3.605551275,16.97056275,4.472135955,16.2788206,4.123105626,17.02938637,4.123105626,16.97056275,4.472135955,16.2788206,4.123105626,15.55634919,5.385164807,16.2788206,6.32455532,15.62049935,6.08276253,15.62049935,6.08276253,15.55634919,4.123105626,15.55634919,3.16227766,14.86606875,5,14.2126704,5,15.55634919,3,14.86606875,3,15.55634919,5
14.4222051,12.80624847,15,11.18033989,14.2126704,11.40175425,15,11.40175425,15.65247584,11.40175425,14.2126704,10,15,10,13.03840481,9.899494937,13.45362405,9.899494937,12.04159458,9.433981132,13.45362405,10.81665383,12.04159458,12.80624847,12.80624847,12.04159458,12.04159458,12.04159458,13.45362405,12.04159458,12.72792206,11.40175425,12.04159458,12.04159458,12.72792206,12.04159458,9.219544457,11.40175425,11.3137085,12.20655562,11.40175425,12.20655562,9.899494937,12.72792206,12.04159458,12.20655562,10,10.63014581,11.40175425,12.20655562,9.899494937,10
10.81665383,16.2788206,9.486832981,19.10497317,10,19.20937271,10.63014581,16.2788206,11.40175425,18.43908891,7.810249676,16.40121947,11.3137085,16.40121947,7.810249676,19.20937271,10.81665383,17.80449381,11.66190379,18.60107524,10.81665383,18.60107524,8.94427191,19.20937271,7.615773106,17.80449381,8.94427191,19.10497317,8.544003745,19.10497317,9.486832981,17.02938637,8.94427191,18.43908891,8.94427191,17.02938637,9.848857802,17.49285568,7.211102551,15.26433752,8.062257748,17.80449381,8.062257748,15.8113883,10.29563014,17.80449381,8.062257748,12.80624847,9.486832981,15.8113883,9.219544457,13.89244399
3.605551275,16.2788206,1,15.62049935,4.472135955,15.62049935,3.16227766,15.62049935,4.242640687,15.8113883,5.656854249,17.69180601,3.605551275,16.40121947,6.403124237,17.20465053,4.472135955,17.69180601,3.16227766,16.2788206,6,15.55634919,4.123105626,14.86606875,7.211102551,17.69180601,6.32455532,15.62049935,4.123105626,15.62049935,4.472135955,15.62049935,7.615773106,17.02938637,4.242640687,16.97056275,5,16.40121947,5.385164807,16.97056275,4.472135955,14.4222051,5.099019514,14.86606875,5.099019514,16.97056275,5.099019514,14.86606875,5.099019514,16.2788206,5,16.2788206
2.828427125,16.40121947,1.414213562,17.69180601,2.236067977,16.40121947,0,17.02938637,2.236067977,18.43908891,1,17.02938637,2,17.69180601,2.236067977,19.20937271,2,16.97056275,3.16227766,16.40121947,1,16.2788206,2.236067977,16.2788206,1.414213562,17.69180601,3,18.38477631,3.16227766,14.86606875,2.236067977,16.97056275,4,17.69180601,2.828427125,17.02938637,2,18.38477631,4.242640687,16.40121947,3.605551275,16.2788206,2.236067977,17.69180601,4,14.4222051,2.828427125,18.60107524,1.414213562,14.86606875,2.236067977,17.69180601
13.60147051,7.071067812,13.03840481,6.403124237,15.62049935,5.385164807,15.8113883,7.810249676,17.69180601,8.94427191,15.62049935,6.403124237,15.55634919,8.94427191,15.55634919,6.403124237,16.2788206,6.32455532,17.02938637,6.32455532,17.69180601,5.830951895,17.69180601,6.403124237,17.80449381,6.403124237,17.02938637,5.656854249,18.43908891,4.472135955,17.02938637,4.242640687,16.2788206,5.385164807,17.02938637,6.08276253,15,6.32455532,17.80449381,3,15.62049935,5.830951895,14.4222051,5.385164807,17.20465053,4.472135955,16.97056275,5,16.2788206,3.16227766,14.86606875,5.830951895
14.2126704,3.16227766,13.45362405,2.236067977,12.04159458,4.123105626,14.86606875,3,14.2126704,3.16227766,14.2126704,2,15.62049935,2.236067977,14.86606875,1.414213562,14.86606875,2.236067977,16.40121947,0,14.86606875,2,16.40121947,1,14.2126704,1,16.40121947,1,14.4222051,2,16.2788206,2.236067977,14.86606875,0,15.55634919,2,14.14213562,2,14.86606875,1,12.80624847,1.414213562,13.45362405,3,14.14213562,1,14.86606875,2,14.86606875,1.414213562,13.45362405,1
4.472135955,30,5.385164807,30.47950131,4,30.47950131,3,31.144823,3.605551275,29.73213749,3.16227766,30.47950131,2.236067977,29.69848481,2,31.11269837,2,31.11269837,3.16227766,29,1.414213562,34.6554469,2,33.9411255,1.414213562,32.52691193,2.236067977,33.9411255,2,31.82766093,2,33.24154028,3,32.55764119,1,31.89043744,1,33.9705755,2.236067977,31.11269837,2,30.41381265,3.16227766,31.144823,3.16227766,29,3.605551275,33.24154028,4.472135955,31.144823,5,30.41381265
14.4222051,5.830951895,12.80624847,5,15.55634919,5.385164807,15.55634919,5.830951895,14.2126704,7.810249676,15,5,14.2126704,5.830951895,15.62049935,4.242640687,14.4222051,7.211102551,13.45362405,4.472135955,15.62049935,3.16227766,16.2788206,5.830951895,17.02938637,4.242640687,16.97056275,5.830951895,15.62049935,4.472135955,14.86606875,5.830951895,15.55634919,6.708203932,15.55634919,6,16.2788206,5,14.86606875,6.32455532,17.69180601,4.472135955,14.14213562,6.32455532,17.02938637,4.242640687,14.86606875,7.810249676,16.2788206,4.472135955,15.55634919,5.656854249
5.385164807,12.04159458,3,12.80624847,3.605551275,14.86606875,1,14.86606875,3.605551275,12.04159458,2,15.55634919,1.414213562,15.62049935,3.16227766,14.86606875,3.605551275,16.2788206,1,15.55634919,3.16227766,16.2788206,1.414213562,15.62049935,3.605551275,15.62049935,4.123105626,15.55634919,4.123105626,13.45362405,3.16227766,15.62049935,3,14.86606875,3.16227766,15,3,15.55634919,4,14.86606875,5,16.97056275,2.828427125,16.2788206,5.385164807,13.45362405,4.123105626,14.86606875,4.472135955,14.2126704,5,12.04159458
12.04159458,13.45362405,11.3137085,13.60147051,10.63014581,15.26433752,12.80624847,12.20655562,9.899494937,11.66190379,13.60147051,15.8113883,10.63014581,13.45362405,12.04159458,12.04159458,12.72792206,13.60147051,11.66190379,10.81665383,14.14213562,14.2126704,15.55634919,14.14213562,14.14213562,11.3137085,15,10.81665383,12.80624847,12.80624847,13.60147051,9.899494937,13.45362405,12.20655562,12.80624847,11.40175425,13.45362405,13.60147051,12.80624847,12.72792206,13.03840481,11.66190379,13.45362405,13.60147051,10,12.80624847,12.04159458,12.20655562,12.72792206,12.04159458,12.72792206,14.2126704
17.02938637,5.385164807,14.2126704,5.385164807,15.62049935,8.246211251,16.2788206,7.211102551,15.62049935,5.656854249,14.86606875,3.605551275,16.2788206,3.16227766,16.2788206,4.242640687,16.2788206,2.828427125,16.2788206,2.828427125,14.86606875,3.605551275,14.2126704,4.472135955,14.86606875,6.32455532,17.69180601,5.385164807,16.2788206,4.472135955,13.45362405,6.32455532,14.86606875,3.605551275,14.86606875,4.123105626,14.2126704,4.472135955,14.86606875,5.099019514,15.55634919,3.16227766,13.45362405,5.385164807,13.45362405,6.08276253,12.72792206,8.062257748,14.2126704,7.615773106,15.62049935,6.403124237
3.16227766,12.80624847,2.236067977,16.97056275,4,15.62049935,3.16227766,14.14213562,5,15.55634919,3.605551275,16.2788206,3.16227766,14.86606875,5,14.86606875,6.08276253,15.55634919,6.32455532,14.86606875,4.242640687,14.2126704,4.123105626,17.02938637,3.16227766,15.55634919,3.16227766,15.55634919,5.385164807,16.97056275,2.236067977,16.97056275,2.828427125,15.55634919,5.385164807,15.62049935,4.472135955,17.69180601,4.123105626,16.2788206,6.708203932,16.97056275,4,16.97056275,4.242640687,16.2788206,3.16227766,14.86606875,4.123105626,14.14213562,6.08276253,14.2126704
7.615773106,15.62049935,6.403124237,17.69180601,7.615773106,16.97056275,6.708203932,15.26433752,5.656854249,14.86606875,5.830951895,14.86606875,7.810249676,16.97056275,6.403124237,15.62049935,10.29563014,16.2788206,8.602325267,18.38477631,8.062257748,18.43908891,9.433981132,17.02938637,8.602325267,14.2126704,7.810249676,15.55634919,7.810249676,17.02938637,9.219544457,15.62049935,8.602325267,15.8113883,8.94427191,15.26433752,6.708203932,15,9.433981132,16.2788206,6.32455532,14.14213562,10,14.86606875,7.211102551,15,9.433981132,16.40121947,7.615773106,15.62049935,6.708203932,15.55634919
16.64331698,22.6715681,16.64331698,21.9317122,17.20465053,24.08318916,16.2788206,24.08318916,17.02938637,24.08318916,16.97056275,24.04163056,16.2788206,22.02271555,15.62049935,22.6715681,18.43908891,23.34523506,16.40121947,22.627417,20.61552813,24.75883681,18.43908891,23.34523506,17.80449381,21.9317122,20.61552813,22.627417,19.20937271,21.26029163,19.20937271,23.43074903,20.51828453,22.02271555,17.69180601,22.6715681,19.20937271,22.6715681,17.20465053,24.20743687,15.62049935,22.02271555,17.20465053,22.02271555,17.02938637,20.80865205,18.60107524,22.20360331,16.1245155,22.02271555,15.8113883,24.41311123
5.830951895,17.02938637,4.123105626,16.2788206,4.123105626,15.62049935,5.830951895,15.62049935,3.605551275,16.2788206,4.242640687,17.69180601,4.472135955,15.55634919,4.242640687,17.69180601,4.123105626,16.2788206,2.236067977,17.80449381,3.605551275,17.69180601,4.472135955,16.97056275,5.385164807,18.43908891,5.385164807,18.43908891,5.385164807,17.20465053,4.472135955,17.02938637,5.385164807,18.43908891,4.123105626,15.55634919,5.385164807,15.62049935,5.099019514,17.02938637,5.099019514,17.69180601,4.123105626,15.62049935,7.071067812,15.62049935,6.32455532,16.2788206,5,16.97056275,6.32455532,17.02938637
8.94427191,16.2788206,8.246211251,18.43908891,6.708203932,16.2788206,8.94427191,16.2788206,8.062257748,17.02938637,9.433981132,17.02938637,7.211102551,18.38477631,7.071067812,16.97056275,7.810249676,17.69180601,8.062257748,16.40121947,7.810249676,16.2788206,5.656854249,17.69180601,5.385164807,17.80449381,5.830951895,17.69180601,5.830951895,17.02938637,6.32455532,17.02938637,6.708203932,17.02938637,6.708203932,16.2788206,5.830951895,17.69180601,5.385164807,16.40121947,7.615773106,16.2788206,7.615773106,16.2788206,6.708203932,14.86606875,7.280109889,14.86606875,5.385164807,16.2788206,8.062257748,16.2788206
12.72792206,12.20655562,12.80624847,13.45362405,13.45362405,11.3137085,16.2788206,12.80624847,14.14213562,12.04159458,14.14213562,10.63014581,13.60147051,9.899494937,13.45362405,12.72792206,15.62049935,10.29563014,16.2788206,9.899494937,16.64331698,11.3137085,15.62049935,11.66190379,14.86606875,11.40175425,15,8.94427191,14.4222051,9.848857802,12.80624847,11.66190379,15,9.848857802,11.66190379,11.70469991,15,11.66190379,12.20655562,11.40175425,12.52996409,10.81665383,13.03840481,11.18033989,10.63014581,10.29563014,14.2126704,10.77032961,12.52996409,11.18033989,11.66190379,12.08304597
14.14213562,9.899494937,16.97056275,8.602325267,16.2788206,6.708203932,17.02938637,8.485281374,19.84943324,8.602325267,16.2788206,11.18033989,16.64331698,7.071067812,18.60107524,8.602325267,16.40121947,8.246211251,17.20465053,7.810249676,15.26433752,8.544003745,17.20465053,8.246211251,16.40121947,10.19803903,14.86606875,10.77032961,15.65247584,9.848857802,15.8113883,10.44030651,16.1245155,9.219544457,13.89244399,10.44030651,16.1245155,9.219544457,16.64331698,10.77032961,13.03840481,10.44030651,15,9.219544457,13.41640786,12.52996409,15.26433752,12.64911064,14.4222051,9.486832981,12.52996409,11.70469991
14.86606875,3,17.02938637,2,14.86606875,3.16227766,14.2126704,1.414213562,14.86606875,3.605551275,14.86606875,3.16227766,16.97056275,2.828427125,17.80449381,1.414213562,15.62049935,2.236067977,17.69180601,5,15.26433752,3,17.20465053,3,16.2788206,2.828427125,18.38477631,3.16227766,16.2788206,1.414213562,17.69180601,3.16227766,18.43908891,2.236067977,17.02938637,2.236067977,16.40121947,3.16227766,15.55634919,5.385164807,15.62049935,3.605551275,14.14213562,4.472135955,14.2126704,5.099019514,13.45362405,4,12.04159458,3.605551275,14.14213562,3.16227766
15.62049935,11.18033989,17.02938637,10.29563014,15.62049935,9.433981132,16.97056275,9.219544457,19.20937271,10.29563014,16.2788206,10.63014581,15.62049935,10,17.02938637,9.219544457,18.02775638,12.80624847,15.8113883,13.03840481,17.49285568,10.29563014,16.40121947,13.03840481,18.60107524,10.63014581,15.62049935,8.062257748,13.45362405,11.18033989,18.02775638,10.29563014,16.2788206,10.44030651,16.40121947,12.52996409,17.20465053,8.94427191,16.2788206,9.433981132,12.80624847,11.40175425,14.2126704,8.94427191,13.45362405,8.602325267,13.60147051,11.66190379,12.80624847,11.40175425,14.4222051,10.44030651
3.605551275,15,3,18.38477631,1.414213562,15.62049935,1.414213562,14.2126704,2,16.40121947,0,17.69180601,2.236067977,14.86606875,1.414213562,16.97056275,2.236067977,16.2788206,1,17.02938637,1.414213562,19.20937271,2.236067977,18.60107524,2,17.02938637,1.414213562,18.38477631,2.828427125,16.40121947,3.605551275,15.62049935,3.16227766,16.97056275,3.605551275,17.02938637,4.242640687,16.97056275,1.414213562,15.55634919,5.656854249,15.55634919,2.236067977,15.55634919,4.472135955,14.86606875,5,14.14213562,3.605551275,16.2788206,3.605551275,14.14213562
4.472135955,19.84943324,5,17.80449381,3.16227766,19.79898987,3.16227766,17.69180601,2,20.61552813,3.16227766,20.51828453,5.385164807,21.26029163,3.16227766,19.10497317,2.236067977,19.20937271,4.472135955,20,4.472135955,22.02271555,3.16227766,21.40093456,2,19.84943324,4,19.10497317,2,20.51828453,2.828427125,19.79898987,3.16227766,18.38477631,2.236067977,19.20937271,5,19.84943324,4.123105626,20,2.236067977,19.10497317,3.16227766,18.43908891,4.123105626,18.43908891,4.472135955,20.61552813,6.08276253,17.02938637,4.123105626,17.69180601
14.86606875,8.94427191,14.86606875,10.44030651,15,8.602325267,16.2788206,8.544003745,14.4222051,10.29563014,15.55634919,8.602325267,18.38477631,8.602325267,16.40121947,8.602325267,14.86606875,7.071067812,16.2788206,8.062257748,17.69180601,9.219544457,17.69180601,7.810249676,15.62049935,9.219544457,15.8113883,7.810249676,16.40121947,8.062257748,15.55634919,8.602325267,15.55634919,5.830951895,16.2788206,8.062257748,14.86606875,7.615773106,16.40121947,7.280109889,14.86606875,7.615773106,15.26433752,8.062257748,13.60147051,8.246211251,15,8.544003745,14.4222051,8.94427191,14.4222051,8.062257748
7.071067812,19.10497317,6.708203932,17.80449381,5,19.10497317,6.08276253,18.60107524,8.544003745,19.10497317,5.385164807,19.79898987,8.544003745,18.38477631,5,20.51828453,4.472135955,20,5.099019514,20.51828453,4.123105626,18.43908891,5,19.20937271,3,19.84943324,4.123105626,19.20937271,5,20.61552813,4,18.43908891,2.236067977,17.80449381,4.123105626,19.79898987,3,18.43908891,4,19.84943324,6.32455532,17.69180601,4.123105626,17.69180601,4.123105626,18.38477631,4,17.69180601,4.472135955,16.97056275,5.830951895,15
16.97056275,6.708203932,18.38477631,5.830951895,14.86606875,6.403124237,17.69180601,5.830951895,16.40121947,5,19.10497317,6.403124237,17.69180601,5.656854249,17.80449381,5,15.62049935,5.656854249,16.40121947,5,20,3.16227766,17.80449381,5.385164807,16.64331698,6.403124237,18.43908891,7.615773106,16.40121947,4.472135955,17.02938637,5,17.02938637,5.099019514,17.80449381,6.32455532,18.43908891,5.099019514,18.02775638,7.071067812,17.20465053,4.123105626,16.40121947,7,15.8113883,6.32455532,16.1245155,7.615773106,15.62049935,8.062257748,15,7
7.071067812,12.80624847,5.830951895,16.40121947,5,18.86796226,5.656854249,14.86606875,7.810249676,16.2788206,5,14.14213562,4.472135955,14.2126704,5.830951895,15.55634919,9.219544457,15.62049935,7.810249676,14.14213562,7.071067812,17.02938637,7.810249676,15.62049935,6.708203932,15.8113883,7.810249676,14.2126704,8.544003745,14.14213562,9.486832981,14.86606875,5.385164807,15,7.615773106,13.89244399,6.08276253,14.86606875,6.32455532,13.45362405,8.062257748,13.60147051,6.708203932,13.45362405,5.830951895,11.40175425,7.071067812,14.86606875,8.544003745,12.04159458,5.099019514,10.63014581
14.2126704,6.08276253,15.55634919,6.08276253,15.62049935,5.385164807,16.2788206,7.071067812,15,5,16.40121947,6.08276253,17.80449381,6,16.97056275,4.472135955,16.40121947,2,12.52996409,5.830951895,16.2788206,3.16227766,16.40121947,5,15,3,16.64331698,2.828427125,15.55634919,0,14.86606875,2,15,4,14.86606875,4,14.86606875,2.828427125,15.8113883,4.472135955,13.60147051,3,14.14213562,4,14.86606875,4,12.80624847,5,13.60147051,3.605551275,15.8113883,5.099019514
3.16227766,15,1.414213562,16.2788206,2.236067977,16.97056275,2.236067977,14.86606875,1,16.2788206,1,16.2788206,2.236067977,15.62049935,2.236067977,16.2788206,2,17.02938637,2.828427125,17.69180601,2,17.80449381,4.123105626,16.2788206,3,16.97056275,4.123105626,16.2788206,2.236067977,14.14213562,5,15.62049935,2.236067977,14.86606875,2.828427125,15.62049935,3.16227766,13.45362405,3,14.86606875,4.472135955,12.72792206,5,15.62049935,2.236067977,14.86606875,4.123105626,14.86606875,4.242640687,12.72792206,4.472135955,13.45362405
14.86606875,9.899494937,14.14213562,6.708203932,16.40121947,6.403124237,15.26433752,7.211102551,14.4222051,5,15,7.211102551,16.40121947,7.071067812,17.20465053,6.708203932,14.2126704,7.211102551,15.23154621,7.810249676,15.8113883,7.810249676,15.62049935,7.211102551,16.40121947,7.615773106,15,7.615773106,13.89244399,5.385164807,14.4222051,7.615773106,13.60147051,8.94427191,13.41640786,8.94427191,14.4222051,8.544003745,14.4222051,8.544003745,13.45362405,8.062257748,13.60147051,9.848857802,10.29563014,8.246211251,11.66190379,8.544003745,12.08304597,8.544003745,11.70469991,10.44030651
14.14213562,6.708203932,16.2788206,6.32455532,14.14213562,6.32455532,14.86606875,4.242640687,15.62049935,3.605551275,14.14213562,3.16227766,16.97056275,5,15.55634919,5,17.69180601,4.242640687,17.02938637,3.605551275,18.38477631,2.236067977,16.97056275,3,14.86606875,3,14.14213562,5.385164807,16.97056275,2.236067977,15.62049935,4,15.8113883,4.472135955,16.40121947,4,14.2126704,4,14.2126704,4.123105626,14.14213562,4.123105626,14.86606875,3,14.86606875,5,13.45362405,5.830951895,15.62049935,6.08276253,16.40121947,7.211102551
5,18.43908891,7,17.02938637,6.32455532,18.38477631,4.242640687,18.38477631,4.472135955,16.97056275,6.08276253,17.02938637,4.123105626,18.38477631,4.472135955,18.38477631,3.605551275,18.43908891,1,19.79898987,4.242640687,19.79898987,3,19.10497317,2.236067977,19.10497317,3.16227766,18.38477631,2.828427125,18.38477631,3.16227766,19.84943324,4.472135955,17.69180601,3.605551275,16.97056275,2,17.80449381,3.16227766,17.02938637,3.16227766,17.69180601,3,18.60107524,2.828427125,16.2788206,4.123105626,19.20937271,5.099019514,16.2788206,4.123105626,16.2788206
11.66190379,14.86606875,11.40175425,14.86606875,11.3137085,16.2788206,11.40175425,15.62049935,12.04159458,16.40121947,10,16.2788206,11.40175425,14.14213562,12.20655562,13.45362405,10.29563014,13.45362405,10.77032961,16.2788206,11.18033989,14.86606875,10.81665383,14.14213562,13.41640786,13.45362405,11.66190379,16.40121947,11.66190379,15,11.40175425,15.26433752,12.20655562,15.26433752,9.433981132,14.4222051,12.08304597,15,10.29563014,15.26433752,10.29563014,16.2788206,10.77032961,14.4222051,8.94427191,15,9.433981132,14.86606875,10.44030651,15.55634919,11.70469991,14.4222051
17.80449381,5.099019514,19.20937271,2.236067977,17.80449381,3,19.41648784,2.236067977,17.02938637,1.414213562,19.10497317,5,17.80449381,4.242640687,19.10497317,2.828427125,19.10497317,2,20.51828453,4.123105626,21.9317122,3.16227766,19.20937271,4,17.80449381,3.16227766,19.10497317,5.385164807,18.43908891,5.385164807,18.43908891,4.123105626,16.2788206,6.32455532,19.20937271,3.605551275,18.38477631,5.099019514,17.69180601,4.242640687,16.2788206,4.472135955,17.69180601,2,19.10497317,5.099019514,16.2788206,3,17.02938637,6,19.20937271,6.08276253
11.18033989,12.80624847,9.433981132,13.60147051,11.66190379,14.86606875,8.94427191,16.2788206,11.40175425,13.45362405,11.40175425,14.86606875,10.63014581,14.86606875,8.602325267,18.60107524,11.3137085,13.45362405,10.63014581,14.4222051,12.80624847,14.86606875,11.40175425,16.2788206,9.219544457,14.2126704,8.062257748,13.60147051,9.848857802,13.45362405,7.810249676,13.60147051,11.3137085,14.86606875,8.485281374,13.60147051,8.544003745,14.2126704,7.810249676,14.76482306,10.63014581,12.80624847,9.433981132,17.20465053,9.219544457,10.63014581,7.211102551,15.55634919,9.219544457,12.80624847,11.66190379,15
14.2126704,12.52996409,12.04159458,12.52996409,12.04159458,13.60147051,12.04159458,11.40175425,10.63014581,12.20655562,14.86606875,12.20655562,13.45362405,10,13.60147051,11.40175425,12.80624847,8.602325267,12.20655562,10,13.60147051,11.3137085,17.02938637,11.40175425,13.45362405,9.219544457,12.04159458,9.219544457,14.86606875,8.485281374,13.45362405,9.219544457,12.80624847,10.81665383,12.80624847,9.433981132,12.20655562,8.602325267,13.45362405,9.219544457,13.45362405,9.219544457,12.72792206,10,13.45362405,7.615773106,12.72792206,8.485281374,12.80624847,9.219544457,12.04159458,10.81665383
5.385164807,16.2788206,5.099019514,14.86606875,4.123105626,15.55634919,3.16227766,16.2788206,4,18.38477631,3,15.62049935,2.236067977,15.62049935,4.123105626,17.69180601,2.236067977,17.02938637,1.414213562,16.2788206,5,18.43908891,2.236067977,15.55634919,1.414213562,19.10497317,3.605551275,18.38477631,2,17.69180601,2.236067977,17.69180601,3,17.02938637,4.472135955,17.02938637,4.123105626,16.40121947,2,17.69180601,0,16.2788206,2,16.97056275,2.828427125,14.86606875,2.236067977,16.40121947,3.16227766,14.14213562,5.099019514,16.2788206
13.03840481,10.81665383,10,8.94427191,12.20655562,10.29563014,10.63014581,11.18033989,12.80624847,9.433981132,14.14213562,9.219544457,12.04159458,9.899494937,11.3137085,9.899494937,14.14213562,9.219544457,15.62049935,8.485281374,15.62049935,9.219544457,11.3137085,9.219544457,14.14213562,7.810249676,12.72792206,9.899494937,14.86606875,9.219544457,13.45362405,8.485281374,13.45362405,7.211102551,15.62049935,6.403124237,13.45362405,7.810249676,13.45362405,7.810249676,14.2126704,8.602325267,12.72792206,7.810249676,14.14213562,8.062257748,14.14213562,7.071067812,14.2126704,10,12.72792206,9.219544457
12.52996409,7.211102551,11.40175425,6.708203932,12.20655562,7.615773106,12.80624847,7.810249676,11.66190379,7.071067812,12.80624847,7.071067812,14.2126704,7.071067812,12.20655562,6.403124237,12.20655562,5.656854249,13.60147051,5.385164807,12.04159458,7.071067812,14.14213562,7.810249676,12.04159458,10.63014581,13.45362405,9.899494937,12.72792206,7.211102551,14.14213562,7.810249676,12.04159458,8.602325267,12.52996409,7.810249676,12.04159458,7.615773106,13.45362405,5.656854249,10.81665383,7.071067812,10.63014581,6.403124237,12.72792206,7.211102551,12.72792206,8.602325267,14.14213562,5.830951895,11.3137085,7.615773106
4.123105626,17.80449381,5.099019514,17.02938637,4.123105626,17.02938637,5.099019514,14.14213562,6.08276253,15.55634919,5.099019514,16.2788206,2.828427125,16.2788206,3.605551275,16.97056275,3.605551275,18.38477631,4.242640687,18.38477631,1,16.2788206,2.236067977,14.14213562,3.605551275,14.86606875,0,15.55634919,1,14.86606875,1,17.02938637,2.236067977,16.2788206,1,17.80449381,1,16.2788206,0,14.86606875,2.236067977,16.40121947,2.236067977,16.40121947,1,17.69180601,3.16227766,19.10497317,1,15.55634919,2.236067977,14.86606875
12.04159458,9.219544457,14.14213562,10.63014581,12.72792206,9.219544457,14.86606875,7.810249676,12.04159458,7.810249676,15,8.485281374,11.3137085,7.071067812,10.63014581,10.63014581,13.89244399,8.602325267,12.52996409,8.602325267,15,8.94427191,14.4222051,10,14.4222051,8.062257748,11.40175425,8.062257748,12.80624847,8.062257748,13.60147051,8.602325267,13.89244399,6.708203932,10.63014581,8.94427191,12.04159458,9.433981132,12.80624847,10,13.89244399,10,10.63014581,7.615773106,12.04159458,10.29563014,10.29563014,9.848857802,9.433981132,7.280109889,12.52996409,9.219544457
2.236067977,17.69180601,3.605551275,19.41648784,5,19.10497317,4.123105626,19.41648784,3.605551275,18.43908891,5,19.10497317,4.472135955,20.51828453,1.414213562,18.43908891,2,16.40121947,2,17.20465053,2.236067977,18.43908891,5.385164807,17.20465053,2.236067977,17.69180601,6.08276253,21.21320344,6.32455532,17.69180601,6.32455532,18.38477631,7.211102551,17.02938637,6.32455532,16.2788206,5,18.43908891,7.280109889,16.64331698,6,19.10497317,6.08276253,16.2788206,4.123105626,17.69180601,3.16227766,17.02938637,2.236067977,16.97056275,4.123105626,18.38477631
8.94427191,13.45362405,7.615773106,14.86606875,8.062257748,12.72792206,7.810249676,13.45362405,9.219544457,15.55634919,9.848857802,14.14213562,10.29563014,12.72792206,10,15,10.63014581,15,10.29563014,15,9.433981132,14.14213562,8.602325267,13.45362405,11.3137085,14.2126704,10.81665383,13.45362405,10.63014581,15,9.219544457,14.14213562,10.63014581,12.80624847,10.81665383,15.26433752,9.899494937,13.45362405,9.433981132,16.40121947,10.29563014,14.4222051,8.602325267,14.2126704,7.071067812,13.03840481,10.29563014,14.2126704,6.708203932,13.45362405,10,12.04159458
10,13.45362405,12.72792206,12.80624847,12.80624847,14.14213562,11.40175425,14.14213562,12.72792206,14.14213562,12.04159458,13.45362405,12.72792206,12.72792206,11.40175425,13.45362405,12.04159458,11.3137085,11.40175425,13.45362405,14.86606875,14.2126704,12.04159458,14.14213562,12.80624847,12.04159458,14.2126704,13.60147051,12.20655562,13.60147051,13.60147051,13.60147051,12.80624847,13.45362405,12.04159458,13.89244399,12.20655562,12.04159458,13.60147051,12.80624847,12.20655562,12.04159458,12.04159458,12.04159458,11.40175425,13.03840481,10,14.2126704,11.66190379,12.80624847,11.18033989,12.80624847
14.86606875,12.80624847,14.2126704,15.55634919,13.45362405,12.80624847,12.72792206,15,14.86606875,13.45362405,14.86606875,14.86606875,14.14213562,15,13.45362405,15.26433752,12.80624847,16.1245155,12.72792206,13.45362405,14.14213562,15.26433752,14.86606875,16.64331698,14.2126704,14.4222051,14.4222051,15.62049935,14.2126704,13.89244399,15.26433752,15.62049935,14.4222051,15.26433752,13.60147051,15.62049935,12.52996409,13.60147051,12.80624847,14.76482306,14.4222051,13.03840481,12.20655562,14.2126704,13.03840481,14.2126704,15,12.04159458,14.4222051,13.60147051,14.4222051,12.20655562
9.486832981,16.97056275,10.19803903,13.45362405,8.544003745,17.69180601,7.615773106,14.86606875,8.602325267,14.86606875,5.830951895,17.80449381,8.602325267,17.69180601,7.211102551,17.02938637,8.062257748,16.2788206,9.899494937,16.40121947,8.485281374,16.2788206,8.485281374,17.20465053,7.810249676,15.26433752,7.615773106,18.43908891,6.708203932,18.60107524,8.062257748,16.64331698,8.94427191,16.2788206,8.544003745,15.62049935,7.615773106,14.2126704,6.708203932,15,6.708203932,14.86606875,7.211102551,17.02938637,8.544003745,14.86606875,9.219544457,14.86606875,7.280109889,15,9.433981132,16.2788206
18.43908891,7.810249676,20.24845673,10.63014581,17.02938637,10.81665383,17.69180601,9.219544457,19.10497317,10.29563014,17.02938637,13.03840481,17.02938637,10.63014581,16.97056275,9.433981132,20.61552813,10,20,12.04159458,18.38477631,11.66190379,16.40121947,10.77032961,17.20465053,11.66190379,16.97056275,11.18033989,18.60107524,11.66190379,18.43908891,8.602325267,16.97056275,9.848857802,16.64331698,10.29563014,17.20465053,9.219544457,17.80449381,8.544003745,17.02938637,8.062257748,17.20465053,9.486832981,16.40121947,5.656854249,16.2788206,9.433981132,15.8113883,6.403124237,16.97056275,8.062257748
12.80624847,8.94427191,12.80624847,8.602325267,10.63014581,10.63014581,14.2126704,9.219544457,12.20655562,10.81665383,11.40175425,7.810249676,12.04159458,12.80624847,14.2126704,10.63014581,12.04159458,9.848857802,10.63014581,9.433981132,13.45362405,10,14.86606875,10,13.45362405,12.04159458,11.40175425,12.20655562,12.20655562,10.81665383,12.20655562,11.40175425,10.81665383,12.20655562,12.04159458,10.81665383,13.41640786,10,11.3137085,10.29563014,13.03840481,10.63014581,12.08304597,9.848857802,12.04159458,9.486832981,13.03840481,9.486832981,11.18033989,8.602325267,12.80624847,8.062257748
14.86606875,9.433981132,18.02775638,12.20655562,14.86606875,13.03840481,14.86606875,12.80624847,16.2788206,15,17.69180601,14.14213562,15.55634919,14.4222051,14.86606875,13.89244399,16.97056275,12.72792206,17.02938637,13.45362405,14.86606875,12.52996409,14.14213562,13.41640786,17.69180601,12.20655562,15.26433752,12.08304597,16.40121947,15.23154621,15.8113883,13.03840481,14.86606875,13.41640786,15.26433752,13.89244399,15.8113883,12.52996409,15.8113883,12.20655562,12.20655562,10.81665383,12.04159458,10.29563014,15.62049935,10.29563014,13.89244399,8.062257748,15,10.29563014,15.62049935,10.29563014
2.236067977,18.60107524,2.236067977,17.80449381,5,18.43908891,5,20.24845673,4.242640687,21.26029163,1,18.43908891,5,19.20937271,3.605551275,17.02938637,3.605551275,21.26029163,5.385164807,19.10497317,3.16227766,19.84943324,5.099019514,17.69180601,5.099019514,20,7.071067812,19.20937271,5,18.38477631,6,17.69180601,4,16.2788206,4,19.79898987,6.08276253,17.69180601,6.08276253,16.2788206,6,14.86606875,3,14.86606875,2.828427125,16.2788206,4.123105626,15.62049935,3.605551275,16.2788206,3.605551275,14.14213562
17.80449381,8.544003745,14.86606875,8.544003745,17.02938637,8.602325267,16.2788206,8.602325267,17.69180601,7.810249676,15.62049935,9.899494937,14.86606875,9.219544457,15.55634919,7.810249676,17.20465053,7.615773106,16.97056275,8.062257748,16.2788206,10,17.69180601,10,16.97056275,9.433981132,14.14213562,7.810249676,15.62049935,8.94427191,14.14213562,10.63014581,16.2788206,10.77032961,14.4222051,10.81665383,15,9.219544457,13.89244399,10.19803903,15.26433752,8.94427191,15,8.062257748,15.62049935,7.211102551,14.4222051,7.615773106,15,8.544003745,17.69180601,8.062257748
9.848857802,15.62049935,9.486832981,16.2788206,8.94427191,16.64331698,5.830951895,16.40121947,9.899494937,17.20465053,8.94427191,15.62049935,8.485281374,17.80449381,10.63014581,17.02938637,7.071067812,16.97056275,7.810249676,19.10497317,9.899494937,15.55634919,10,16.2788206,12.04159458,17.02938637,10,16.2788206,10.29563014,16.97056275,11.3137085,15.55634919,10,17.02938637,10.63014581,16.2788206,11.40175425,14.86606875,11.66190379,15.8113883,10,12.72792206,10,15.55634919,8.485281374,14.2126704,9.433981132,15.62049935,9.433981132,14.2126704,8.544003745,15.55634919
11.40175425,15.26433752,11.18033989,15,12.72792206,14.86606875,9.219544457,15,11.66190379,13.45362405,10.81665383,15.26433752,9.219544457,16.40121947,11.3137085,15.8113883,12.72792206,12.80624847,14.2126704,16.40121947,10,15.62049935,12.20655562,17.02938637,14.14213562,14.14213562,10.63014581,15.55634919,14.4222051,14.86606875,11.40175425,12.72792206,12.08304597,15,12.80624847,16.40121947,12.52996409,15,12.52996409,14.4222051,13.03840481,12.04159458,13.89244399,13.45362405,10.63014581,14.2126704,11.18033989,14.14213562,8.062257748,13.41640786,10,13.60147051
14.86606875,4.472135955,15.55634919,4,15.62049935,2.828427125,16.40121947,3,14.86606875,2.236067977,15.8113883,2.828427125,15.55634919,2,14.86606875,2,14.86606875,2.236067977,16.97056275,2.236067977,16.97056275,4.123105626,15,4,15.62049935,3,15.62049935,3,15.55634919,4,15.55634919,5.099019514,15.62049935,3,15.55634919,3,15,3.16227766,15.62049935,3.16227766,14.14213562,4.123105626,13.03840481,3,14.2126704,5.099019514,14.86606875,5.099019514,14.2126704,4,12.80624847,5
17.80449381,7.280109889,17.02938637,9.055385138,15.8113883,5.099019514,16.40121947,5,17.80449381,8.485281374,17.69180601,6.708203932,16.2788206,5.385164807,16.97056275,7.615773106,17.80449381,6.708203932,16.97056275,9.848857802,16.2788206,8.602325267,16.97056275,9.219544457,18.02775638,9.219544457,16.2788206,9.219544457,14.2126704,10,15.62049935,9.433981132,15.62049935,7.071067812,15.62049935,8.602325267,14.2126704,10.63014581,16.2788206,10,14.2126704,9.219544457,14.2126704,8.602325267,14.86606875,9.899494937,16.97056275,6.708203932,14.86606875,8.485281374,17.69180601,5.830951895
16.2788206,6.08276253,15.62049935,6,16.40121947,6.403124237,18.60107524,6.403124237,14.86606875,5.099019514,16.40121947,6.403124237,17.69180601,7.211102551,18.02775638,6.403124237,16.97056275,6.403124237,16.2788206,6,16.2788206,7.615773106,17.80449381,8.544003745,17.02938637,7.615773106,16.2788206,8.062257748,16.2788206,8.94427191,16.40121947,8.062257748,17.69180601,6.708203932,17.02938637,7.615773106,14.2126704,8.062257748,17.69180601,7.211102551,14.86606875,8.94427191,15.55634919,7.071067812,15.55634919,6.708203932,14.14213562,5.385164807,13.45362405,5.099019514,16.2788206,5.385164807
14.4222051,10.63014581,15.62049935,12.04159458,14.4222051,12.04159458,17.69180601,9.219544457,14.2126704,10.63014581,15,10.63014581,15.55634919,11.3137085,14.86606875,12.20655562,13.45362405,9.219544457,12.80624847,8.94427191,14.86606875,11.3137085,13.60147051,10.77032961,14.14213562,12.52996409,15.62049935,11.70469991,13.45362405,12.08304597,14.86606875,10.29563014,14.2126704,11.18033989,14.14213562,10,14.14213562,10.81665383,13.03840481,8.544003745,13.45362405,9.486832981,12.72792206,9.848857802,14.86606875,8.94427191,14.2126704,8.062257748,13.45362405,8.94427191,12.72792206,10.77032961
4,16.2788206,1.414213562,17.02938637,1,16.2788206,2,16.40121947,3,17.69180601,1.414213562,16.2788206,2.236067977,16.64331698,2.236067977,16.40121947,1,17.80449381,2,17.69180601,3.16227766,17.80449381,3.16227766,18.60107524,4.472135955,18.43908891,4,17.02938637,6.32455532,17.02938637,2.828427125,19.20937271,5.385164807,16.97056275,5,16.2788206,4.123105626,17.02938637,5.099019514,17.02938637,5.099019514,16.97056275,7.280109889,14.86606875,5,13.45362405,5.099019514,15.55634919,5,13.60147051,6,13.60147051
15.55634919,5.830951895,16.97056275,6.08276253,18.43908891,6.403124237,17.69180601,3.605551275,16.2788206,8.062257748,16.2788206,5.830951895,16.40121947,3,16.40121947,4.123105626,17.20465053,4.123105626,17.69180601,6.708203932,16.97056275,5.385164807,16.1245155,3.16227766,14.31782106,5,16.40121947,4.123105626,15,3.605551275,16.40121947,5.099019514,16.40121947,5,17.80449381,4.123105626,16.2788206,5.099019514,13.45362405,5.099019514,17.80449381,5,15.8113883,8.062257748,16.2788206,4,12.20655562,6,14.14213562,5.385164807,15.26433752,7
14.86606875,8.602325267,15.55634919,8.062257748,14.86606875,9.848857802,12.80624847,9.433981132,14.2126704,10.44030651,13.45362405,8.94427191,16.2788206,10.81665383,14.86606875,7.810249676,14.86606875,7.211102551,16.2788206,7.810249676,17.20465053,9.219544457,14.2126704,9.219544457,16.64331698,7.810249676,14.2126704,7.810249676,15,7.211102551,17,7.211102551,14.2126704,8.062257748,14.86606875,8.062257748,16.2788206,7.071067812,15.62049935,7.280109889,14.2126704,7.810249676,14.31782106,8.062257748,12.04159458,8.062257748,13.03840481,9.219544457,13.60147051,6.708203932,13.41640786,7.810249676
8.246211251,15,6.32455532,13.60147051,7.615773106,14.2126704,5,15.26433752,8.062257748,14.2126704,8.602325267,15,9.433981132,15.55634919,8.602325267,15,8.602325267,15,8.485281374,12.80624847,11.3137085,14.86606875,8.485281374,16.97056275,9.219544457,16.40121947,10.29563014,12.72792206,9.219544457,13.60147051,10.63014581,13.45362405,8.485281374,14.86606875,10.63014581,14.14213562,9.219544457,15.62049935,10.63014581,14.14213562,12.04159458,14.2126704,9.899494937,12.72792206,9.219544457,13.45362405,9.219544457,12.80624847,10,15.62049935,8.602325267,15.62049935
17.69180601,3.16227766,17.69180601,3,20.51828453,1,19.10497317,2.236067977,16.97056275,1,18.38477631,2.236067977,19.10497317,2,19.10497317,1,20.51828453,2.236067977,20.51828453,1,21.26029163,2.236067977,17.69180601,0,17.69180601,1.414213562,17.69180601,2.236067977,17.69180601,1.414213562,19.84943324,2.236067977,18.43908891,1.414213562,16.2788206,2.236067977,18.43908891,1,18.43908891,3.16227766,19.10497317,2.236067977,16.2788206,3.605551275,16.2788206,1,18.38477631,3.605551275,16.97056275,2.236067977,19.79898987,3
18.38477631,4.242640687,17.69180601,3.16227766,19.84943324,1,19.10497317,3,19.20937271,1.414213562,18.43908891,0,18.43908891,1.414213562,21.9317122,0,17.69180601,1,21.40093456,4,21.9317122,2.236067977,21.26029163,1,20.61552813,3.16227766,21.9317122,2.236067977,20,3,17.69180601,3,19.10497317,2.236067977,21.21320344,3,19.79898987,5.099019514,19.10497317,1.414213562,19.10497317,3.16227766,19.10497317,1.414213562,19.10497317,3.605551275,19.84943324,2.236067977,17.80449381,4.242640687,19.84943324,5.385164807
6,12.72792206,6.32455532,13.45362405,5.385164807,14.4222051,5,14.4222051,5,14.2126704,6.403124237,11.3137085,5,14.86606875,7.211102551,14.14213562,4.242640687,12.80624847,4.123105626,13.45362405,6.32455532,14.14213562,7.810249676,15,7.211102551,14.86606875,6.32455532,13.45362405,5.830951895,12.80624847,5.385164807,13.45362405,5.830951895,12.80624847,5.385164807,14.2126704,6.708203932,12.72792206,5.385164807,13.45362405,6.708203932,13.60147051,6.32455532,12.80624847,6.08276253,12.20655562,5.099019514,13.60147051,7.071067812,12.04159458,5.385164807,12.80624847
14.86606875,7.280109889,14.86606875,5.385164807,15.55634919,6.32455532,14.86606875,6.32455532,16.40121947,6.403124237,15.62049935,3.605551275,14.86606875,5.656854249,13.45362405,5,17.02938637,5,13.45362405,6.403124237,15.62049935,7.211102551,16.40121947,4.472135955,15,5.385164807,15.62049935,5.656854249,15,5,14.86606875,5.099019514,15,6.08276253,15.55634919,7.280109889,13.45362405,5.099019514,14.2126704,5.830951895,16.2788206,6.32455532,14.14213562,5.830951895,12.04159458,6.32455532,12.80624847,7.615773106,12.80624847,7.071067812,14.2126704,6.32455532
5.099019514,13.45362405,5.099019514,16.97056275,6,15.62049935,5.099019514,15,2.236067977,14.2126704,5.099019514,13.45362405,5.385164807,12.72792206,4.472135955,16.2788206,3.605551275,14.2126704,2.828427125,11.40175425,3.16227766,15.55634919,1.414213562,16.2788206,3.605551275,17.69180601,3.16227766,16.2788206,2.236067977,15.8113883,4.472135955,17.20465053,2.236067977,15.55634919,1.414213562,14.2126704,3.16227766,15.62049935,1,16.40121947,4.472135955,15.55634919,2,14.86606875,5,14.14213562,4.472135955,13.45362405,4.472135955,13.45362405,4.472135955,13.45362405
13.45362405,12.04159458,11.40175425,13.45362405,11.40175425,14.86606875,9.899494937,12.04159458,9.899494937,14.14213562,12.72792206,14.14213562,12.80624847,14.4222051,10.63014581,13.45362405,12.20655562,16.2788206,13.41640786,16.97056275,12.04159458,16.40121947,10.63014581,15,11.40175425,15,11.66190379,14.4222051,12.20655562,12.80624847,10.29563014,13.45362405,10.63014581,13.45362405,12.20655562,13.60147051,12.52996409,12.80624847,11.66190379,13.60147051,11.18033989,15,11.66190379,13.60147051,11.40175425,12.80624847,13.03840481,12.20655562,11.18033989,12.20655562,12.20655562,12.80624847
7.810249676,15,7.810249676,11.40175425,7.615773106,14.14213562,7.615773106,14.14213562,10.63014581,12.04159458,10.63014581,12.04159458,11.3137085,14.14213562,10.63014581,14.2126704,11.40175425,14.2126704,8.062257748,16.2788206,8.602325267,12.80624847,9.219544457,14.86606875,11.3137085,12.04159458,9.899494937,14.86606875,8.94427191,14.2126704,10.63014581,13.60147051,9.219544457,11.66190379,11.3137085,10.63014581,11.3137085,14.2126704,9.219544457,13.45362405,12.04159458,12.80624847,10,13.45362405,9.219544457,12.52996409,7.810249676,13.45362405,8.602325267,11.66190379,9.219544457,14.14213562
16.97056275,4.472135955,16.2788206,4.123105626,14.14213562,5.830951895,15.62049935,3.605551275,16.2788206,5.099019514,15.55634919,2.828427125,15.55634919,2.828427125,16.2788206,2.828427125,17.02938637,2.828427125,16.2788206,5,16.97056275,5,16.2788206,2,14.86606875,5,16.2788206,4,15.62049935,4.242640687,15.55634919,2.828427125,16.2788206,1.414213562,15.55634919,4,16.2788206,3.605551275,14.86606875,3.605551275,16.2788206,2.828427125,15.62049935,4.123105626,16.2788206,3.605551275,14.86606875,4.123105626,14.2126704,4.472135955,14.86606875,4
5,13.45362405,5.385164807,14.2126704,2.828427125,14.86606875,5,15.62049935,5,15,6.403124237,14.86606875,5,17.02938637,6.708203932,13.45362405,6.708203932,13.60147051,5.830951895,13.41640786,7.211102551,13.45362405,7.071067812,16.97056275,5,16.2788206,9.219544457,14.2126704,7.211102551,16.40121947,7.615773106,15.62049935,10.63014581,17.02938637,5.656854249,14.4222051,7.211102551,14.14213562,7.810249676,16.2788206,5.656854249,13.45362405,6.403124237,14.2126704,5.830951895,15.8113883,7.615773106,14.86606875,5,14.14213562,5.099019514,14.4222051
9.899494937,12.04159458,8.602325267,13.45362405,8.602325267,14.86606875,10,12.20655562,8.602325267,12.72792206,9.219544457,14.2126704,10,14.2126704,9.219544457,14.2126704,7.810249676,15.55634919,8.485281374,14.2126704,10.63014581,15,10,13.45362405,8.602325267,15.62049935,8.602325267,14.86606875,9.433981132,13.60147051,9.219544457,14.2126704,10.81665383,14.2126704,10.29563014,12.72792206,8.602325267,13.45362405,8.94427191,16.40121947,10.29563014,12.80624847,10,13.45362405,8.485281374,12.04159458,9.848857802,12.72792206,10.63014581,13.89244399,10.81665383,13.60147051
10.81665383,10,10.63014581,9.899494937,13.03840481,10.63014581,10.29563014,10.63014581,10.81665383,12.04159458,12.20655562,9.899494937,10.63014581,10.63014581,10.81665383,8.062257748,11.3137085,8.94427191,11.40175425,10,12.20655562,11.18033989,10.63014581,10.63014581,9.433981132,10.81665383,9.433981132,10.81665383,8.485281374,12.52996409,10.29563014,11.3137085,9.433981132,10.81665383,9.848857802,10,8.602325267,10,8.94427191,9.219544457,9.433981132,11.66190379,9.848857802,10.63014581,8.062257748,11.40175425,10.81665383,8.602325267,9.219544457,9.433981132,12.20655562,11.40175425
4,13.45362405,1,14.14213562,1.414213562,16.40121947,3.16227766,13.45362405,2.236067977,17.02938637,2.236067977,15.62049935,3.16227766,16.2788206,2,16.2788206,6.403124237,13.03840481,6.32455532,13.89244399,5.830951895,14.2126704,4.242640687,14.86606875,3.605551275,16.2788206,3.16227766,16.2788206,3.16227766,14.2126704,4.242640687,13.45362405,4.123105626,15.55634919,5,12.04159458,6.403124237,14.2126704,6.708203932,16.97056275,3.605551275,14.2126704,5.830951895,14.86606875,7.615773106,15.62049935,4.242640687,15.55634919,5.830951895,12.80624847,4.472135955,12.04159458
7.280109889,16.2788206,5.385164807,15.55634919,4.123105626,17.02938637,5.385164807,16.2788206,4.123105626,17.02938637,3.16227766,17.69180601,4.472135955,18.43908891,5.385164807,17.69180601,4.242640687,16.2788206,5.385164807,18.43908891,5.099019514,17.02938637,5.830951895,17.02938637,3,16.40121947,2.236067977,17.69180601,4.123105626,17.02938637,5.099019514,16.2788206,4.472135955,17.02938637,3,17.69180601,4,16.97056275,4,17.02938637,4,16.2788206,4,16.2788206,4.123105626,14.86606875,6.08276253,15.8113883,4.123105626,15,5.385164807,14.2126704
9.219544457,14.86606875,8.062257748,12.80624847,8.485281374,16.2788206,7.810249676,15,10.44030651,15,12.20655562,16.1245155,8.485281374,16.40121947,11.3137085,17.20465053,8.602325267,17.02938637,6.403124237,20,7.810249676,17.88854382,10.81665383,15.8113883,9.433981132,17.88854382,8.544003745,15.26433752,9.486832981,15.8113883,10.63014581,17,9.848857802,17,10.29563014,12.52996409,9.433981132,13.60147051,11.70469991,15.23154621,9.848857802,13.41640786,10.77032961,11.18033989,9.433981132,13.41640786,9.433981132,12.52996409,10.63014581,12.64911064,10.81665383,12.52996409
17.80449381,2.236067977,15.55634919,3.16227766,16.2788206,2,16.2788206,1.414213562,14.2126704,1,15,1.414213562,14.86606875,2.236067977,16.2788206,1,18.38477631,3,16.2788206,4.472135955,17.69180601,3.16227766,17.02938637,2.236067977,16.40121947,3.16227766,15.55634919,1.414213562,16.97056275,3.16227766,15.55634919,3.16227766,16.2788206,2.236067977,15.55634919,3.16227766,15.55634919,4.472135955,15.62049935,3.16227766,13.45362405,4,14.86606875,2.236067977,13.45362405,2.828427125,15.55634919,4.472135955,14.2126704,4.472135955,13.60147051,2.236067977
8.94427191,13.45362405,6.708203932,13.41640786,9.486832981,12.20655562,10.77032961,11.40175425,7.211102551,13.45362405,7.615773106,12.04159458,11.18033989,9.899494937,8.246211251,12.80624847,11.66190379,13.45362405,5.099019514,19.20937271,7.810249676,15,7.071067812,16.40121947,6.32455532,10.81665383,5.385164807,10.63014581,8.485281374,13.45362405,9.219544457,15.62049935,8.602325267,13.60147051,5.656854249,12.04159458,8.602325267,16.2788206,7.071067812,14.4222051,8.602325267,12.04159458,6.403124237,12.08304597,8.485281374,12.80624847,8.062257748,12.04159458,5,11.3137085,8.602325267,11.3137085
20,6.08276253,17.80449381,3.16227766,17.80449381,5.099019514,18.38477631,4.472135955,19.84943324,4.123105626,20.61552813,5,20,5,19.20937271,3.605551275,20,4.242640687,17.88854382,4,19.84943324,7.615773106,19.20937271,8.062257748,20.61552813,6.32455532,18.43908891,6.08276253,18.43908891,6.32455532,18.43908891,8,18.43908891,6.08276253,18.43908891,5.385164807,18.38477631,10.04987562,16.2788206,7.071067812,18.38477631,7,18.43908891,6,17.20465053,6.08276253,17.02938637,6.08276253,15.55634919,6,17.69180601,5.099019514
8.602325267,13.60147051,8.062257748,13.89244399,7.810249676,16.40121947,7.810249676,13.89244399,7.810249676,14.4222051,7.071067812,14.2126704,9.899494937,15.55634919,9.219544457,15.62049935,10,16.2788206,8.602325267,16.2788206,9.899494937,12.80624847,10,12.04159458,10,14.2126704,10.63014581,14.2126704,9.433981132,13.45362405,7.211102551,14.86606875,10,14.86606875,10.29563014,12.80624847,8.94427191,14.14213562,7.810249676,14.86606875,8.062257748,13.45362405,8.94427191,14.14213562,6.708203932,13.45362405,7.615773106,12.80624847,7.211102551,12.80624847,7.615773106,12.04159458
7.810249676,11.66190379,7.071067812,11.40175425,8.485281374,13.03840481,8.485281374,13.03840481,8.602325267,13.89244399,7.810249676,14.2126704,7.810249676,12.80624847,7.810249676,12.80624847,9.433981132,13.45362405,7.810249676,10.63014581,9.219544457,14.2126704,9.433981132,14.2126704,7.810249676,13.45362405,9.899494937,14.2126704,7.810249676,14.86606875,9.899494937,16.2788206,8.602325267,14.2126704,7.071067812,12.80624847,5.830951895,14.86606875,8.94427191,14.86606875,7.810249676,12.80624847,8.602325267,12.80624847,6.403124237,12.80624847,8.485281374,12.80624847,8.485281374,13.60147051,9.219544457,13.60147051
16.97056275,4.472135955,15.62049935,3.605551275,15.62049935,3,17.80449381,4.472135955,17.69180601,4.472135955,16.64331698,2.828427125,17.69180601,4.472135955,17.20465053,5.385164807,17.69180601,5.099019514,19.20937271,3.605551275,17.69180601,5,16.2788206,4.472135955,17.02938637,5,16.2788206,5.830951895,17.69180601,4,18.43908891,5,17.69180601,5.099019514,18.38477631,5.099019514,15.55634919,5.099019514,17.69180601,4.123105626,15.55634919,6.08276253,17.02938637,4.123105626,16.2788206,5.385164807,16.2788206,5,14.86606875,5,16.2788206,6
5,14.14213562,5.099019514,14.86606875,4.242640687,13.60147051,5.656854249,11.40175425,5.385164807,12.80624847,5.656854249,14.14213562,7.071067812,13.45362405,4.242640687,12.80624847,7.810249676,14.86606875,3.605551275,14.86606875,3.605551275,14.14213562,4.472135955,13.45362405,5.830951895,14.2126704,6.08276253,12.72792206,7.615773106,14.2126704,6.708203932,14.2126704,5.099019514,13.45362405,6,13.03840481,8.544003745,15,7.280109889,13.45362405,6.08276253,14.4222051,5.385164807,14.14213562,6.08276253,14.4222051,6.32455532,13.89244399,8,14.2126704,5,12.80624847
9.219544457,100.895986,5.099019514,104.7377678,20.80865205,107.4895344,23.40939982,112.2942563,10.04987562,104.2353107,12,105.4751155,14.03566885,115.4339638,7.071067812,92.65527508,6.32455532,104.019229,5.830951895,95.60334722,21.21320344,117.2902383,28.16025568,105.3612832,28.63564213,109.8772042,21.58703314,98.00510191,5.385164807,107.5174404,27.20294102,117.4436035,18.97366596,109.2016483,7.280109889,102.4158191,8.062257748,105.3612832,13,95.8018789,13.45362405,102.7277957,12.52996409,103.3924562,15.03329638,83.23460819,10.77032961,100.4241007,17.11724277,97.74456507,17.20465053,106.1508361
6.403124237,4.472135955,5.830951895,4.472135955,6.403124237,3.605551275,6.403124237,3.16227766,5.830951895,3.605551275,6.403124237,4.472135955,7.071067812,4.472135955,6.403124237,3.16227766,7.071067812,3.605551275,6.403124237,2.236067977,7.810249676,3.605551275,8.485281374,2.828427125,7.071067812,2.828427125,7.071067812,2.236067977,6.403124237,3.16227766,7.071067812,2.828427125,7.071067812,3.605551275,7.071067812,2.828427125,7.071067812,2.828427125,7.810249676,1.414213562,7.810249676,2.828427125,6.403124237,1.414213562,6.403124237,2.828427125,6.403124237,2.828427125,6.403124237,2.828427125,5,2.828427125
16.2788206,8.246211251,17.02938637,5.385164807,15.62049935,7.071067812,17.02938637,7.615773106,15.8113883,8.94427191,16.2788206,5.656854249,17.69180601,8.485281374,19.20937271,6.403124237,15.55634919,7.211102551,17.02938637,7.810249676,19.10497317,4.472135955,16.2788206,7.810249676,18.38477631,6.708203932,16.2788206,5.830951895,17.02938637,5,17.69180601,8.062257748,15.8113883,8.246211251,19.10497317,5.830951895,16.40121947,5.830951895,15.62049935,6.708203932,16.2788206,8.602325267,17.69180601,5.385164807,14.86606875,6.08276253,16.2788206,7.211102551,18.60107524,5.830951895,16.2788206,6.708203932
12.80624847,9.848857802,12.72792206,9.433981132,11.40175425,10.81665383,13.45362405,8.602325267,12.80624847,9.219544457,14.2126704,9.899494937,11.40175425,12.20655562,13.45362405,14.14213562,14.2126704,12.04159458,11.3137085,12.20655562,13.45362405,12.04159458,13.45362405,12.04159458,12.04159458,13.45362405,12.20655562,10.63014581,12.72792206,10,11.3137085,12.04159458,12.80624847,11.3137085,9.433981132,12.04159458,14.4222051,12.20655562,13.89244399,11.3137085,12.04159458,10,12.04159458,12.20655562,14.14213562,11.40175425,12.72792206,10.63014581,10.63014581,10.81665383,14.4222051,10
4.472135955,14.14213562,3.16227766,15.55634919,4.472135955,15.55634919,4.472135955,13.60147051,4.242640687,15.55634919,5,15.62049935,6.403124237,14.86606875,3.605551275,14.14213562,3.605551275,15.55634919,5.099019514,13.45362405,5.385164807,14.86606875,5.099019514,16.2788206,6.403124237,13.60147051,6.403124237,16.40121947,6.403124237,16.2788206,3.605551275,13.60147051,5.656854249,12.80624847,6.403124237,15,5,15,5,15.8113883,4.242640687,14.14213562,5,13.60147051,5,13.03840481,3.605551275,14.14213562,4.242640687,14.2126704,4.242640687,13.45362405
13.45362405,4,11.3137085,4.123105626,12.04159458,5.099019514,12.80624847,5.099019514,10.63014581,5.385164807,12.04159458,3.605551275,13.45362405,5,12.04159458,4.242640687,12.80624847,3.16227766,12.80624847,2.236067977,12.72792206,2.828427125,12.80624847,2,13.45362405,3.605551275,13.45362405,2,12.72792206,2.236067977,12.72792206,3.16227766,11.3137085,3,12.72792206,3,12.72792206,2.236067977,13.45362405,1,11.3137085,3.16227766,11.66190379,4.123105626,12.04159458,2,11.3137085,4,12.04159458,3.16227766,11.3137085,4
16.2788206,4.123105626,17.20465053,7.211102551,16.2788206,5,17.80449381,2.236067977,17.69180601,2.236067977,18.60107524,4.472135955,17.69180601,5,19.41648784,5,15.55634919,2.236067977,18.02775638,2.828427125,19.41648784,4.242640687,17.20465053,4.242640687,19.41648784,3.16227766,19.79898987,6.32455532,19.84943324,3,16.2788206,5,18.43908891,5.099019514,16.97056275,5.385164807,19.79898987,4.123105626,15.62049935,5,17.02938637,3,15.62049935,4.123105626,16.40121947,4.123105626,16.97056275,3.605551275,16.2788206,2.828427125,14.2126704,4.123105626
2,16.2788206,1,15.55634919,3.605551275,18.43908891,1,17.02938637,3,17.02938637,4.242640687,16.97056275,3,17.69180601,3.605551275,19.84943324,4.242640687,15.62049935,1.414213562,16.40121947,4.123105626,15.62049935,1.414213562,17.69180601,4.472135955,17.80449381,2.236067977,16.97056275,3,17.02938637,2.236067977,17.80449381,4.123105626,15.55634919,4,14.4222051,3,16.2788206,0,16.2788206,2.236067977,14.14213562,3.605551275,16.97056275,1,15.55634919,1.414213562,16.40121947,3.605551275,14.4222051,3.605551275,14.86606875
8.485281374,14.4222051,9.433981132,12.72792206,7.211102551,13.45362405,8.485281374,15.8113883,7.211102551,14.2126704,7.211102551,17.02938637,5.656854249,14.86606875,7.615773106,15.62049935,7.810249676,16.40121947,6.403124237,15,8.602325267,17.20465053,8.94427191,16.97056275,5.830951895,14.2126704,7.810249676,16.40121947,5.830951895,15.55634919,11.18033989,16.64331698,8.246211251,16.40121947,8.94427191,14.4222051,9.486832981,14.76482306,9.486832981,15.8113883,9.848857802,14.4222051,8.544003745,13.60147051,6.708203932,12.20655562,11.18033989,11.18033989,10.29563014,12.52996409,8.94427191,13.60147051
13.45362405,3.16227766,16.2788206,5,16.40121947,6.708203932,14.86606875,3.605551275,14.2126704,4.472135955,17.69180601,6.32455532,16.97056275,4.242640687,15.55634919,4.472135955,16.2788206,6.403124237,16.97056275,6.403124237,15.55634919,3.16227766,16.2788206,5,15.8113883,2,15.55634919,4.472135955,16.97056275,3,15.62049935,3.605551275,15.55634919,2.236067977,14.86606875,4.123105626,16.2788206,5.385164807,16.2788206,7.280109889,15.62049935,5.830951895,15,5,12.80624847,5.830951895,13.45362405,4.123105626,13.45362405,4.472135955,13.45362405,3.16227766
14.2126704,5.099019514,14.86606875,5.656854249,12.80624847,3.605551275,13.45362405,5.656854249,12.80624847,6.708203932,12.20655562,5.830951895,12.72792206,5.385164807,15.62049935,4.472135955,14.86606875,6,15,5.656854249,14.86606875,6.32455532,13.45362405,3.605551275,13.45362405,6.708203932,16.2788206,5.385164807,12.80624847,6.403124237,14.86606875,5.830951895,15,5.385164807,15.62049935,5,14.2126704,6.708203932,14.14213562,6.32455532,13.45362405,4.242640687,12.80624847,6.708203932,13.60147051,5.099019514,12.04159458,6.403124237,14.2126704,7.211102551,12.80624847,4.472135955
13.60147051,9.433981132,15.62049935,9.433981132,16.97056275,11.40175425,15,7.211102551,13.45362405,10,15.55634919,9.219544457,16.2788206,7.810249676,17.69180601,9.219544457,18.60107524,8.062257748,18.43908891,9.219544457,17.02938637,7.211102551,14.2126704,10.81665383,18.43908891,10.81665383,15,9.219544457,14.2126704,10,13.60147051,10.81665383,16.64331698,11.66190379,15.55634919,11.18033989,15.26433752,10,17.88854382,11.40175425,13.03840481,9.899494937,17.80449381,10.29563014,12.04159458,9.433981132,12.52996409,11.40175425,12.52996409,11.18033989,12.52996409,11.18033989
15,11.18033989,14.4222051,7.810249676,14.4222051,8.602325267,15.62049935,10,15.62049935,11.40175425,13.60147051,10.29563014,13.60147051,11.66190379,14.76482306,12.72792206,15.62049935,9.219544457,14.86606875,8.602325267,16.2788206,9.219544457,14.86606875,9.219544457,13.45362405,11.3137085,13.45362405,10.81665383,12.20655562,10.81665383,14.14213562,11.18033989,14.86606875,12.20655562,14.86606875,12.04159458,10.63014581,12.04159458,14.86606875,12.04159458,10.63014581,12.04159458,15,9.433981132,10,10.63014581,12.20655562,7.810249676,12.80624847,9.848857802,13.45362405,8.602325267
6.708203932,15.62049935,8.246211251,16.40121947,5.385164807,16.40121947,7.615773106,16.2788206,7.211102551,17.80449381,6.708203932,16.97056275,7.211102551,16.2788206,6.403124237,16.40121947,5.656854249,16.40121947,6.708203932,17.20465053,6.708203932,16.2788206,8.602325267,16.2788206,7.071067812,17.69180601,8.062257748,17.69180601,8.062257748,15.55634919,8.062257748,15.62049935,6.403124237,15.55634919,6.403124237,15.62049935,8.062257748,17.69180601,6.708203932,14.86606875,6.403124237,15.55634919,8.246211251,16.97056275,6.708203932,15.55634919,7.280109889,16.97056275,5.385164807,15.55634919,5.830951895,16.2788206
15.8113883,5,14.2126704,4,14.2126704,4,14.86606875,3.605551275,14.2126704,4.472135955,15,5.385164807,14.2126704,6.403124237,14.86606875,5,14.86606875,5,16.2788206,5,14.86606875,5.830951895,15.62049935,4.472135955,15.55634919,5.099019514,12.72792206,4.472135955,14.86606875,5.099019514,15.62049935,6.32455532,14.86606875,4.472135955,15.55634919,5.830951895,13.45362405,4.472135955,14.14213562,5.385164807,12.72792206,6.08276253,13.45362405,5,13.45362405,6.08276253,14.86606875,3.16227766,12.72792206,5.099019514,14.14213562,5.099019514
11.04536102,27.65863337,13,25,17.11724277,28.31960452,9.486832981,27.31300057,13,27.65863337,11.70469991,28.42534081,13.41640786,24.69817807,10.29563014,30.61045573,24.16609195,21.9317122,18.02775638,51.07837116,18.35755975,29.06888371,15.62049935,28.42534081,13.45362405,26.90724809,14.2126704,26.17250466,16.2788206,23.02172887,14.86606875,26.90724809,19.10497317,24.75883681,13.45362405,25.8069758,15.8113883,24.04163056,17.20465053,21.26029163,15,24.08318916,14.2126704,21.9317122,14.4222051,22.02271555,15.8113883,23.43074903,13.89244399,23.43074903,13.60147051,21.21320344
9.055385138,19.10497317,7.071067812,16.97056275,6.08276253,20.51828453,8.246211251,19.20937271,6,20.51828453,6.708203932,19.20937271,6.32455532,19.41648784,5,21.26029163,5,19.84943324,6.403124237,20.51828453,5.656854249,20,5,20.61552813,3.605551275,20,5.830951895,19.79898987,5.099019514,20.61552813,7.071067812,20.24845673,2,19.20937271,4.123105626,18.43908891,4.123105626,19.41648784,6.08276253,18.60107524,3.16227766,17.80449381,4.472135955,17.80449381,5.099019514,16.40121947,6.08276253,17.80449381,4,17.69180601,7.615773106,18.02775638
8.602325267,17.69180601,7.810249676,17.69180601,8.602325267,17.69180601,8.062257748,16.40121947,8.062257748,15,7.810249676,16.2788206,12.04159458,16.2788206,10,17.69180601,13.45362405,17.69180601,12.20655562,18.38477631,10.63014581,18.38477631,10,17.80449381,8.94427191,16.2788206,12.80624847,16.97056275,8.602325267,16.2788206,10,16.40121947,8.485281374,15.8113883,12.04159458,15.62049935,10.63014581,16.40121947,9.899494937,14.86606875,10.81665383,15.55634919,11.66190379,16.97056275,8.94427191,15.62049935,8.544003745,15.55634919,8.602325267,17.02938637,9.848857802,17.20465053
13.03840481,9.433981132,16.2788206,8.602325267,12.72792206,7.810249676,15.55634919,8.602325267,12.80624847,7.810249676,15.62049935,10.63014581,12.80624847,11.40175425,13.45362405,7.810249676,15.62049935,10,14.2126704,8.485281374,14.2126704,8.602325267,15,8.485281374,12.04159458,9.219544457,12.80624847,10.81665383,13.60147051,9.219544457,13.45362405,10.63014581,12.04159458,9.433981132,14.2126704,8.602325267,11.3137085,10,13.45362405,9.219544457,12.04159458,10.29563014,11.3137085,9.848857802,13.45362405,8.602325267,9.899494937,8.246211251,11.3137085,9.433981132,13.45362405,9.899494937
11.3137085,12.04159458,12.64911064,12.04159458,14.86606875,12.80624847,13.45362405,12.80624847,12.72792206,9.899494937,11.3137085,12.80624847,11.3137085,12.80624847,13.03840481,14.14213562,12.20655562,13.03840481,12.80624847,15,12.80624847,12.04159458,11.66190379,13.03840481,11.66190379,13.03840481,13.03840481,12.80624847,14.2126704,11.40175425,10.81665383,11.40175425,11.66190379,12.20655562,10.29563014,11.40175425,11.66190379,12.20655562,11.66190379,12.04159458,8.94427191,11.40175425,11.18033989,12.20655562,10,10.63014581,11.18033989,11.40175425,11.70469991,11.40175425,8.94427191,11.66190379
10,16.2788206,10.63014581,14.86606875,12.80624847,14.86606875,10.81665383,14.86606875,9.899494937,15,10.81665383,16.2788206,12.04159458,15,11.40175425,15.62049935,13.60147051,16.2788206,12.80624847,16.97056275,13.89244399,16.2788206,15.26433752,15,10.81665383,15.55634919,14.31782106,17.69180601,14.76482306,14.86606875,14.31782106,16.40121947,11.18033989,14.86606875,12.08304597,17.02938637,11.40175425,15.26433752,13.92838828,15.62049935,10.77032961,14.2126704,8.544003745,16.2788206,9.848857802,13.60147051,10.29563014,15.55634919,9.219544457,14.14213562,10.04987562,13.60147051
5.385164807,17.69180601,4,17.20465053,4.123105626,14.86606875,3.16227766,18.43908891,4.472135955,17.80449381,5,14.2126704,4.472135955,16.2788206,2.236067977,17.69180601,3.605551275,15.55634919,4.242640687,18.43908891,5.830951895,19.20937271,3.16227766,18.60107524,4.472135955,17.69180601,2.236067977,16.40121947,5,17.20465053,6.708203932,17.02938637,5.385164807,15.8113883,3.16227766,17.80449381,4.123105626,16.2788206,4.123105626,16.2788206,4,16.2788206,4.472135955,16.97056275,4.472135955,15.62049935,7.280109889,14.2126704,5,15.62049935,6.08276253,15.8113883
12.72792206,7.211102551,13.45362405,7.810249676,15.55634919,7.211102551,16.2788206,8.062257748,15.55634919,8.485281374,15.55634919,5.385164807,12.80624847,7.211102551,13.45362405,5.830951895,15.55634919,6.403124237,15.55634919,6.403124237,18.38477631,6.403124237,17.80449381,6.08276253,16.64331698,8.602325267,15.8113883,6.708203932,14.86606875,6.403124237,17.69180601,6.708203932,17.69180601,7.211102551,17.02938637,6.08276253,14.2126704,5,14.86606875,5.830951895,12.80624847,5,13.45362405,5,12.72792206,5.385164807,15.26433752,7.211102551,13.45362405,5.830951895,14.4222051,6.403124237
11.18033989,12.20655562,8.062257748,12.52996409,11.18033989,14.2126704,11.70469991,14.2126704,8.602325267,14.86606875,12.20655562,14.86606875,9.219544457,12.80624847,8.94427191,15.62049935,10,15,10,16.2788206,9.848857802,16.2788206,10,14.14213562,8.062257748,14.14213562,8.485281374,14.86606875,9.433981132,14.14213562,8.485281374,14.86606875,8.485281374,14.2126704,8.602325267,16.2788206,8.602325267,16.97056275,8.485281374,14.86606875,4.123105626,15.55634919,8.602325267,12.72792206,9.433981132,16.2788206,8.485281374,16.2788206,9.219544457,14.86606875,11.40175425,13.45362405
12.20655562,12.72792206,10,13.45362405,11.66190379,13.45362405,10.81665383,13.45362405,9.433981132,13.45362405,10.81665383,14.86606875,12.04159458,14.2126704,11.66190379,13.45362405,10.63014581,15,10.63014581,15,11.3137085,14.14213562,12.04159458,12.80624847,12.72792206,15.8113883,9.433981132,15.62049935,10.29563014,14.86606875,12.20655562,14.2126704,11.40175425,14.14213562,13.45362405,15.8113883,11.18033989,14.4222051,9.219544457,13.60147051,10.63014581,15.55634919,11.66190379,12.04159458,12.72792206,13.89244399,12.04159458,11.40175425,13.45362405,12.04159458,12.20655562,13.60147051
14.86606875,3.16227766,17.69180601,2.236067977,15.55634919,5,16.2788206,4,15.55634919,3,16.40121947,2.236067977,16.2788206,1.414213562,17.02938637,3.16227766,14.86606875,1,15.55634919,2,16.97056275,1,16.2788206,0,14.14213562,2.236067977,16.2788206,2,16.2788206,1.414213562,16.2788206,1.414213562,15.62049935,1.414213562,16.40121947,2,15.55634919,1,17.69180601,1.414213562,14.2126704,1,14.86606875,3,15.55634919,1.414213562,15.62049935,2.236067977,15.55634919,0,16.2788206,1
10.63014581,10,12.80624847,9.899494937,13.03840481,10.81665383,15,8.602325267,12.72792206,7.810249676,12.72792206,10,12.04159458,10,12.80624847,10.81665383,13.45362405,11.3137085,12.20655562,9.899494937,12.04159458,12.04159458,13.60147051,9.219544457,15.55634919,11.40175425,12.72792206,11.40175425,13.45362405,10.81665383,10,10.81665383,14.14213562,10.77032961,12.04159458,8.94427191,12.20655562,10.77032961,14.86606875,10.81665383,12.72792206,10.81665383,10.81665383,10.63014581,10.81665383,11.40175425,9.899494937,10.63014581,11.66190379,8.544003745,11.40175425,10.81665383
5.099019514,16.2788206,5,15.62049935,7.071067812,16.97056275,7.211102551,15.62049935,5.656854249,14.86606875,5.656854249,14.86606875,6.403124237,13.45362405,5.830951895,15.62049935,7.211102551,13.45362405,7.211102551,17.20465053,5,15.55634919,7.615773106,16.2788206,7.211102551,14.4222051,6.708203932,14.86606875,8.062257748,13.45362405,6.403124237,15.26433752,6.403124237,14.14213562,7.280109889,15.62049935,5,14.86606875,6.32455532,13.45362405,5.830951895,15.55634919,5.385164807,14.86606875,5,14.2126704,5.385164807,14.86606875,6.708203932,14.86606875,4.472135955,14.2126704
33.9411255,4,33.24154028,6.08276253,35.38361203,5,34.6554469,4.472135955,33.9705755,3.16227766,36.06937759,3.605551275,34.71310992,3.16227766,36.76955262,4.472135955,34.6554469,2.236067977,33.9411255,2.236067977,36.76955262,1.414213562,35.38361203,2.236067977,37.48332963,4.472135955,37.48332963,2.828427125,36.76955262,1,37.64306045,1.414213562,37.48332963,2.828427125,33.42154993,1.414213562,33.24154028,3.16227766,33.9705755,4.472135955,33.24154028,3.605551275,36.06937759,5,31.11269837,3,35.4682957,3,33.9705755,3.605551275,33.9705755,4.472135955
12.04159458,9.219544457,14.2126704,9.219544457,15.55634919,10,14.86606875,9.219544457,14.86606875,9.899494937,15,9.899494937,16.97056275,10.63014581,15.8113883,8.602325267,13.45362405,7.071067812,14.14213562,8.602325267,14.86606875,9.433981132,16.2788206,9.433981132,15.26433752,10.63014581,14.86606875,10.81665383,13.60147051,7.810249676,16.2788206,8.602325267,14.2126704,10.29563014,17.02938637,8.062257748,17.02938637,8.94427191,17.02938637,8.94427191,15.62049935,6.708203932,14.2126704,7.810249676,12.04159458,9.848857802,13.60147051,10,13.45362405,8.602325267,14.2126704,10.63014581
12.20655562,8.062257748,10.81665383,10,12.72792206,10.63014581,13.45362405,10,14.2126704,7.810249676,11.3137085,10.63014581,14.86606875,8.602325267,14.14213562,8.485281374,15.55634919,9.219544457,14.14213562,7.211102551,14.86606875,9.899494937,14.14213562,8.485281374,14.2126704,6.708203932,13.45362405,7.810249676,14.14213562,7.071067812,14.86606875,7.810249676,12.80624847,7.810249676,12.04159458,7.810249676,14.2126704,6.403124237,13.45362405,8.062257748,14.86606875,6.708203932,13.45362405,9.219544457,14.2126704,10,15,9.219544457,12.80624847,7.615773106,12.80624847,8.062257748
15,8.062257748,13.45362405,7.615773106,13.60147051,5.656854249,14.14213562,7.211102551,10.63014581,6.708203932,13.45362405,9.219544457,12.04159458,8.485281374,13.45362405,8.602325267,13.45362405,8.602325267,11.40175425,7.211102551,14.14213562,7.071067812,14.2126704,8.602325267,14.86606875,9.219544457,13.45362405,9.219544457,12.20655562,8.94427191,13,9.219544457,14.14213562,10.77032961,14.14213562,10,12.04159458,9.848857802,13.45362405,8.94427191,12.20655562,11.40175425,12.52996409,9.433981132,13.03840481,8.062257748,12.20655562,8.544003745,12.80624847,7.211102551,12.20655562,7.615773106
14.2126704,8.544003745,13.45362405,8.062257748,12.80624847,8.94427191,12.72792206,9.219544457,13.45362405,10.63014581,14.14213562,7.810249676,11.66190379,8.602325267,13.45362405,9.899494937,12.72792206,9.899494937,11.3137085,10,14.86606875,8.602325267,12.80624847,10,13.45362405,7.810249676,12.72792206,10,12.04159458,10,13.45362405,8.602325267,12.04159458,11.40175425,13.45362405,9.219544457,13.03840481,10.81665383,13.60147051,8.062257748,12.80624847,8.602325267,10.81665383,9.433981132,12.04159458,9.433981132,11.40175425,9.433981132,9.899494937,9.486832981,13.60147051,8.062257748
12.20655562,6.403124237,13.60147051,5.656854249,13.60147051,5.385164807,13.60147051,7.211102551,14.14213562,7.211102551,14.4222051,8.602325267,12.04159458,7.615773106,14.14213562,7.810249676,13.45362405,9.219544457,12.20655562,10.29563014,12.04159458,10.29563014,13.45362405,8.94427191,12.72792206,7.211102551,12.20655562,8.062257748,11.40175425,8.602325267,12.04159458,8.94427191,12.04159458,8.062257748,12.04159458,7.615773106,12.04159458,7.280109889,10.81665383,8.544003745,11.40175425,5.830951895,10.81665383,6.32455532,9.219544457,7.280109889,10.63014581,6.32455532,12.04159458,5.099019514,12.04159458,6
11.66190379,15.62049935,7.810249676,14.86606875,8.602325267,15,8.602325267,15.62049935,7.810249676,13.60147051,7.211102551,16.40121947,8.602325267,14.86606875,8.485281374,14.4222051,7.211102551,15.26433752,7.615773106,15.8113883,8.602325267,15.26433752,7.810249676,15.26433752,8.062257748,12.80624847,9.055385138,15,8.062257748,14.86606875,8.544003745,15.8113883,7.211102551,15.8113883,9.219544457,14.4222051,7.615773106,12.80624847,7.280109889,12.20655562,8.544003745,10.81665383,8.544003745,11.40175425,8.062257748,10.81665383,10.29563014,11.40175425,9.848857802,9.433981132,8.94427191,11.18033989
16.64331698,1,13.45362405,3.16227766,14.2126704,2,14.86606875,3,14.2126704,1.414213562,12.80624847,1,14.2126704,1,16.2788206,1.414213562,14.14213562,3,15.62049935,3.605551275,15.62049935,2.236067977,14.2126704,2,12.72792206,1.414213562,14.86606875,0,12.72792206,1,15.62049935,3.605551275,14.86606875,1,13.45362405,4.472135955,12.04159458,1,13.60147051,3.605551275,12.72792206,0,12.04159458,3.16227766,12.20655562,3.605551275,13.45362405,3.16227766,12.80624847,3.605551275,12.04159458,4.472135955
8.602325267,13.45362405,6.708203932,12.04159458,7.615773106,13.45362405,6.403124237,12.04159458,8.062257748,12.20655562,8.602325267,12.72792206,6.403124237,13.45362405,6.708203932,12.04159458,6.708203932,13.89244399,5,10.63014581,5.656854249,13.45362405,4.472135955,14.4222051,3.605551275,13.60147051,4.242640687,15,5.830951895,13.03840481,6.32455532,12.80624847,5.385164807,12.04159458,6.708203932,12.04159458,5.385164807,12.04159458,7.280109889,13.03840481,5.385164807,12.04159458,6.403124237,10.81665383,5.385164807,10,6.32455532,12.20655562,6.32455532,10.77032961,7.211102551,12.52996409
16.2788206,2.236067977,14.86606875,2.236067977,15.62049935,2,14.86606875,1,13.60147051,1,14.14213562,1.414213562,14.86606875,2.236067977,15.55634919,2,15.55634919,1.414213562,14.14213562,4.123105626,14.86606875,3.16227766,13.45362405,3.605551275,14.14213562,2.236067977,14.14213562,1.414213562,15.55634919,2,14.86606875,2.236067977,15.55634919,3.605551275,14.14213562,2.236067977,14.14213562,1.414213562,14.2126704,2.236067977,14.2126704,2.236067977,12.80624847,2,12.80624847,3.16227766,14.14213562,2.236067977,14.86606875,4.123105626,15,3.16227766
7.810249676,15.55634919,10,14.14213562,7.071067812,15.62049935,9.219544457,14.86606875,8.602325267,12.20655562,10,15.55634919,8.602325267,12.20655562,9.219544457,16.2788206,11.3137085,16.2788206,11.40175425,13.45362405,10.63014581,14.2126704,8.94427191,14.76482306,11.18033989,14.4222051,10.81665383,14.86606875,10.81665383,12.80624847,9.219544457,15,11.18033989,13.89244399,9.219544457,14.4222051,9.219544457,15,8.602325267,14.86606875,6.32455532,12.80624847,9.486832981,15,9.848857802,14.86606875,8.062257748,15.62049935,7.211102551,12.72792206,6.708203932,14.14213562
9.848857802,16.2788206,10,16.2788206,9.433981132,16.2788206,9.848857802,16.2788206,9.848857802,15.62049935,9.219544457,17.69180601,8.602325267,17.02938637,7.810249676,17.02938637,7.810249676,18.43908891,7.071067812,21.21320344,8.485281374,15,8.485281374,17.80449381,7.211102551,16.2788206,4.472135955,17.02938637,7.071067812,16.97056275,7.810249676,16.97056275,7.211102551,17.69180601,8.062257748,16.2788206,7.071067812,16.2788206,7.810249676,15.62049935,7.211102551,15,7.071067812,16.2788206,7.810249676,14.86606875,8.485281374,15,7.211102551,16.2788206,8.602325267,13.60147051
1,17.69180601,1.414213562,19.84943324,2.236067977,19.10497317,4,18.43908891,3,17.69180601,4,19.10497317,4,18.43908891,2,19.10497317,4.123105626,20.51828453,5.656854249,19.10497317,5.830951895,18.38477631,4.123105626,17.02938637,5,17.02938637,5.099019514,19.10497317,4.472135955,16.97056275,3.16227766,17.20465053,3.16227766,17.02938637,2.236067977,16.97056275,2.828427125,18.38477631,3.605551275,17.02938637,5,16.40121947,5.656854249,14.2126704,3.605551275,16.2788206,3.16227766,15.62049935,5,17.80449381,4.242640687,15.8113883
2,14.14213562,1,13.60147051,2,16.40121947,3.605551275,14.86606875,2.236067977,15.55634919,1,15.55634919,1.414213562,15.62049935,2.236067977,15,3.16227766,16.2788206,4.472135955,15,1.414213562,15.62049935,1.414213562,14.2126704,4,15.62049935,3.605551275,14.86606875,2.828427125,14.14213562,3,15.62049935,2,14.14213562,2.236067977,13.03840481,2.828427125,12.72792206,2.236067977,12.04159458,4,12.72792206,2.236067977,12.80624847,2.236067977,12.80624847,2.236067977,16.2788206,1.414213562,12.04159458,3,10.63014581
10.63014581,10.63014581,11.66190379,11.40175425,11.40175425,12.04159458,10.81665383,12.80624847,11.40175425,11.40175425,10.63014581,12.72792206,9.219544457,14.4222051,12.04159458,12.20655562,9.899494937,15,9.899494937,14.2126704,11.40175425,14.14213562,10,12.04159458,10.81665383,12.04159458,10.81665383,12.80624847,9.219544457,12.52996409,12.80624847,12.72792206,10.81665383,13.03840481,10.81665383,11.40175425,10,10.63014581,9.433981132,10,9.433981132,10,10.81665383,10.29563014,10.81665383,10,10.81665383,8.062257748,11.40175425,8.062257748,10,9.486832981
17.69180601,7.211102551,17.69180601,5.385164807,16.2788206,5,16.2788206,4.123105626,16.97056275,6.403124237,17.20465053,2.828427125,17.02938637,4.242640687,18.38477631,5.830951895,17.20465053,3.16227766,15.62049935,6.08276253,19.84943324,5.385164807,17.02938637,5,15.62049935,3,17.80449381,2.236067977,17.80449381,3.605551275,17.20465053,6.32455532,17.02938637,5.830951895,16.2788206,5.099019514,17.02938637,4.472135955,14.86606875,4.123105626,15.62049935,5.099019514,16.40121947,4.472135955,13.60147051,5.099019514,14.2126704,7.280109889,12.80624847,6.708203932,14.4222051,6.08276253
7,17.69180601,5,17.80449381,6.708203932,18.38477631,3.605551275,19.10497317,2.236067977,17.02938637,5.099019514,19.84943324,4.242640687,17.69180601,3.605551275,19.84943324,1.414213562,18.43908891,3.16227766,19.84943324,4,21.21320344,4.242640687,17.80449381,2.236067977,16.2788206,3.16227766,19.20937271,3,18.43908891,4.242640687,16.40121947,3,17.02938637,2,14.2126704,2,15.8113883,5.385164807,17.20465053,3,15.62049935,4.123105626,17.69180601,4.472135955,16.97056275,4.123105626,15.55634919,3.605551275,15.62049935,4.472135955,16.2788206
23.34523506,13.89244399,24.04163056,12.80624847,24.75883681,13.41640786,26.17250466,13.45362405,24.75883681,12.04159458,24.08318916,13.45362405,24.75883681,12.04159458,24.75883681,12.20655562,22.02271555,11.3137085,24.41311123,9.899494937,26.17250466,7.810249676,25.61249695,10,24.8394847,10.29563014,24.20743687,11.18033989,24.04163056,9.433981132,24.75883681,9.848857802,24.75883681,10,24.75883681,9.433981132,23.34523506,11.18033989,22.20360331,9.433981132,21.21320344,10.29563014,21.26029163,12.20655562,19.84943324,11.66190379,22.8035085,10.81665383,21.63330765,11.66190379,20.80865205,12.08304597
14.14213562,10,14.86606875,9.433981132,12.72792206,10.81665383,12.04159458,9.899494937,13.45362405,8.602325267,13.45362405,9.219544457,13.45362405,9.899494937,15.55634919,10.63014581,15.8113883,7.211102551,14.86606875,5.385164807,13.45362405,8.602325267,13.60147051,7.211102551,14.4222051,7.810249676,15.62049935,8.602325267,12.04159458,7.211102551,14.86606875,8.602325267,15,7.211102551,12.20655562,5.830951895,12.80624847,7.211102551,12.20655562,7.615773106,12.04159458,7.211102551,12.04159458,8.602325267,10.63014581,6.403124237,11.66190379,8.602325267,11.66190379,9.219544457,9.433981132,7.071067812
5.099019514,11.3137085,5,13.45362405,5,12.72792206,6,14.2126704,4.123105626,13.60147051,3,15.62049935,3.16227766,15.55634919,3,14.86606875,2.236067977,15,2.236067977,13.45362405,3.605551275,14.14213562,1,15.55634919,2,15,2.236067977,14.86606875,2.236067977,14.14213562,1.414213562,15.55634919,1,13.45362405,2.236067977,13.45362405,1.414213562,13.45362405,1,15.62049935,2,13.45362405,2,12.72792206,2.236067977,14.2126704,1.414213562,14.14213562,1,13.45362405,2.236067977,11.40175425
8.062257748,15.62049935,5.830951895,14.2126704,5,15.62049935,5.656854249,17.69180601,5.830951895,15.55634919,5,14.86606875,5.830951895,15.55634919,4.242640687,13.60147051,5.385164807,16.2788206,5.099019514,19.84943324,5.385164807,17.02938637,3.16227766,16.40121947,2.236067977,16.2788206,3.16227766,14.86606875,4.242640687,14.2126704,4.123105626,14.86606875,3,15.62049935,4.472135955,16.2788206,2.236067977,13.45362405,5,14.2126704,4.472135955,14.86606875,5.385164807,13.45362405,4.472135955,14.2126704,5.099019514,14.14213562,6.08276253,13.45362405,6.32455532,13.45362405
29.73213749,15.8113883,31.82766093,15.26433752,34.05877273,12.04159458,31.144823,16.40121947,31.144823,9.899494937,29.69848481,15,33.24154028,12.04159458,31.82766093,9.433981132,31.2409987,10.44030651,29.73213749,9.899494937,33.24154028,10.29563014,33.30165161,8.602325267,29.73213749,13.92838828,29.73213749,10.44030651,32.52691193,8.544003745,29,9.219544457,30.41381265,10.44030651,26.87005769,9.486832981,29,9.848857802,26.90724809,9.848857802,29,10.81665383,29.83286778,13.03840481,26.2488095,11.66190379,27.58622845,12.52996409,26.17250466,14.76482306,27.65863337,15.8113883
13.45362405,3.605551275,15.55634919,4.472135955,12.80624847,3.605551275,17.69180601,4,14.2126704,5.099019514,13.45362405,2.236067977,14.86606875,3.605551275,15.55634919,4.242640687,15.55634919,3.605551275,15.62049935,3.605551275,16.2788206,3,17.69180601,5,14.86606875,3.605551275,16.2788206,3.605551275,14.2126704,4.123105626,15.62049935,2.828427125,14.86606875,2.236067977,14.86606875,2.828427125,14.2126704,2.236067977,15.62049935,4.472135955,14.2126704,2.236067977,14.2126704,4,13.45362405,4.242640687,13.60147051,5.099019514,15.26433752,3,15.8113883,3.605551275
7.615773106,13.45362405,4.123105626,14.86606875,3.605551275,14.86606875,5.830951895,16.40121947,6.708203932,17.20465053,6.403124237,14.86606875,7.071067812,14.2126704,7.211102551,16.2788206,5.385164807,17.69180601,7.071067812,15.55634919,8.246211251,17.69180601,5.099019514,14.2126704,6,16.40121947,6.32455532,13.45362405,8.544003745,16.2788206,5.830951895,14.86606875,7.280109889,13.60147051,6.32455532,16.40121947,6.708203932,12.72792206,6.32455532,13.45362405,5.385164807,13.60147051,6.32455532,14.2126704,8.062257748,12.04159458,6.708203932,14.14213562,8.246211251,13.45362405,6.403124237,12.72792206
6.708203932,12.72792206,5.830951895,11.40175425,5,14.14213562,5.830951895,13.45362405,4.472135955,13.45362405,5.656854249,12.72792206,6.708203932,13.45362405,5.656854249,13.60147051,5.830951895,14.2126704,5,12.80624847,5.830951895,14.2126704,6.403124237,15,5.385164807,12.80624847,5.385164807,14.2126704,6.32455532,14.2126704,5.385164807,13.03840481,6.32455532,13.03840481,7.280109889,12.52996409,6.32455532,13.89244399,7.280109889,12.20655562,6.32455532,11.66190379,5.385164807,10.81665383,5.830951895,10,6.708203932,11.18033989,6.708203932,10.29563014,6.32455532,10
13.45362405,6.403124237,12.80624847,7.810249676,12.80624847,6.403124237,12.80624847,7.810249676,13.60147051,6.403124237,12.80624847,7.615773106,13.60147051,6.403124237,12.04159458,8.062257748,14.2126704,7.615773106,12.72792206,6.708203932,14.86606875,8.544003745,12.80624847,7.615773106,12.04159458,8.062257748,12.72792206,7.615773106,11.3137085,7.280109889,13.45362405,8.544003745,12.80624847,9.219544457,11.3137085,8.246211251,12.04159458,7.071067812,10,7.071067812,10.63014581,7.280109889,10.63014581,7,11.40175425,5,12.04159458,6.08276253,12.04159458,5.385164807,11.66190379,6.08276253
7.211102551,13.60147051,8.062257748,13.60147051,7.810249676,14.86606875,7.071067812,14.4222051,9.219544457,12.72792206,7.810249676,14.2126704,9.899494937,13.45362405,7.810249676,12.20655562,8.544003745,13.45362405,7.615773106,14.2126704,8.246211251,14.2126704,9.219544457,12.04159458,9.848857802,13.45362405,8.94427191,11.3137085,9.433981132,11.40175425,8.544003745,12.20655562,8.94427191,13.60147051,8.544003745,13.41640786,9.848857802,12.04159458,7.280109889,10.81665383,7.211102551,12.80624847,8.246211251,11.40175425,5.099019514,12.52996409,7.071067812,12.80624847,7.280109889,11.40175425,7.071067812,12.72792206
12.72792206,8.94427191,14.4222051,8.602325267,14.2126704,9.433981132,13.45362405,7.211102551,12.80624847,6.403124237,12.04159458,7.211102551,12.20655562,9.899494937,15,9.899494937,14.14213562,8.485281374,13.45362405,7.810249676,16.97056275,8.602325267,15.55634919,10,12.80624847,10.81665383,12.72792206,8.602325267,12.72792206,9.899494937,13.45362405,9.433981132,13.45362405,8.602325267,12.80624847,10,12.04159458,9.219544457,12.20655562,8.602325267,12.80624847,10.29563014,12.04159458,9.848857802,12.72792206,7.810249676,13.45362405,7.615773106,11.3137085,7.615773106,13.89244399,7.615773106
11.18033989,12.52996409,7.211102551,12.04159458,11.66190379,9.848857802,7.211102551,12.80624847,11.66190379,10,12.04159458,10.81665383,10.63014581,10.29563014,7.615773106,12.04159458,12.04159458,10.63014581,9.899494937,8.062257748,12.72792206,8.602325267,12.72792206,10.63014581,13.03840481,11.40175425,10.81665383,9.219544457,12.80624847,10.63014581,13.89244399,10,12.52996409,9.219544457,10.63014581,9.219544457,11.66190379,10,9.899494937,10,11.66190379,9.219544457,8.062257748,8.544003745,10,11.3137085,11.40175425,12.80624847,10,8.602325267,9.848857802,11.3137085
15.62049935,4.472135955,13.89244399,5,14.2126704,3.605551275,14.4222051,3.605551275,13.60147051,5.830951895,16.2788206,5,13.03840481,4.472135955,15.62049935,6.403124237,15,4.123105626,15,3.605551275,16.40121947,4,14.2126704,5.099019514,14.2126704,6.08276253,15.62049935,6.08276253,14.86606875,6.32455532,15.62049935,6.32455532,14.86606875,6.32455532,14.14213562,7.071067812,12.72792206,6.08276253,15.55634919,7.071067812,13.45362405,6.32455532,12.20655562,8.062257748,13.60147051,7.280109889,13.45362405,7.280109889,14.14213562,6.32455532,12.72792206,6.32455532
4.123105626,13.45362405,3.16227766,12.72792206,4.472135955,12.80624847,2.828427125,13.60147051,4.472135955,13.45362405,3.16227766,15,4.472135955,14.2126704,5,13.45362405,5,15.8113883,5.656854249,15,5,14.86606875,5.830951895,14.86606875,5,12.72792206,5.830951895,14.86606875,4.242640687,12.04159458,5.830951895,14.14213562,6.32455532,12.80624847,4.472135955,12.20655562,6.08276253,13.45362405,6.08276253,12.72792206,5.099019514,13.45362405,5.099019514,13.03840481,5,12.20655562,5.099019514,13.45362405,4,13.45362405,4,13.45362405
13.60147051,9.219544457,12.04159458,11.3137085,12.04159458,9.899494937,13.45362405,10.63014581,12.80624847,10.63014581,12.72792206,8.485281374,13.45362405,11.40175425,13.60147051,12.04159458,12.80624847,11.40175425,12.72792206,12.80624847,12.72792206,12.72792206,12.80624847,9.899494937,11.40175425,11.40175425,12.20655562,10,12.80624847,10.63014581,13.45362405,11.40175425,12.04159458,12.04159458,12.20655562,11.66190379,11.40175425,10,13.03840481,10.29563014,12.20655562,9.433981132,12.20655562,10,12.20655562,7.810249676,14.4222051,10.29563014,12.80624847,8.94427191,12.20655562,8.062257748
13.45362405,5.830951895,12.80624847,5.656854249,12.72792206,5.830951895,12.72792206,5,13.45362405,4.472135955,12.04159458,4.242640687,13.45362405,3.605551275,12.72792206,3.605551275,12.72792206,5.385164807,11.3137085,6.708203932,15.55634919,5,12.04159458,5.099019514,13.45362405,3.605551275,11.66190379,4,12.80624847,4.472135955,12.04159458,4.123105626,13.03840481,5.099019514,12.04159458,2.828427125,13.03840481,4.123105626,12.80624847,4.242640687,11.40175425,5,12.04159458,4.472135955,9.899494937,5.385164807,11.18033989,5.385164807,12.04159458,5.656854249,12.04159458,7.211102551
16.2788206,2.828427125,16.97056275,5.656854249,17.80449381,5,16.40121947,5.099019514,18.43908891,5,17.02938637,5.099019514,18.60107524,4.123105626,16.97056275,3,19.79898987,4,18.43908891,2,17.69180601,6,15.55634919,5.385164807,18.43908891,4,14.86606875,2.828427125,17.80449381,5.099019514,18.43908891,2,16.40121947,4,16.1245155,5.099019514,15.26433752,4.123105626,14.86606875,5.385164807,17.02938637,4,15,5.099019514,14.2126704,4.472135955,12.80624847,5,14.2126704,3.605551275,16.97056275,4.242640687
15.62049935,8.544003745,16.2788206,6.08276253,16.40121947,8.062257748,16.2788206,5.830951895,17.20465053,7.615773106,16.40121947,6.403124237,16.1245155,7.211102551,16.40121947,7.615773106,15.62049935,7.211102551,16.2788206,9.219544457,16.97056275,9.433981132,16.97056275,10,15.55634919,9.899494937,16.2788206,8.602325267,14.86606875,9.899494937,15,9.219544457,15,11.40175425,14.86606875,10.63014581,14.86606875,10,16.2788206,8.602325267,13.45362405,8.602325267,13.45362405,10,14.86606875,9.899494937,12.72792206,10.29563014,14.14213562,10.81665383,14.14213562,8.062257748
17.02938637,9.055385138,17.02938637,8.602325267,17.20465053,8.94427191,14.86606875,8.94427191,15.55634919,8.602325267,15.55634919,8.94427191,18.38477631,7.810249676,16.40121947,9.219544457,16.40121947,7.810249676,18.43908891,10.29563014,18.43908891,8.062257748,17.69180601,7.211102551,18.43908891,8.062257748,15.55634919,5.656854249,18.43908891,8.602325267,18.43908891,5.385164807,15.62049935,6.32455532,19.10497317,6.32455532,16.40121947,5.099019514,17.02938637,7.071067812,14.86606875,6.403124237,17.02938637,5,14.14213562,9.433981132,16.40121947,8.544003745,15.62049935,7.211102551,16.64331698,5.830951895
14.86606875,7.071067812,15,6.32455532,17.02938637,7.280109889,16.40121947,7.280109889,14.2126704,7.211102551,16.40121947,5.099019514,15.62049935,5.099019514,17.20465053,5.656854249,15.26433752,4,15,3.605551275,16.2788206,4.123105626,16.64331698,4.242640687,16.1245155,4.472135955,16.40121947,4.472135955,13.60147051,2,15,4.472135955,15.62049935,2.236067977,14.2126704,3.605551275,15.55634919,3.605551275,13.45362405,5,13.45362405,2,12.04159458,4.472135955,12.04159458,5,13.45362405,6.32455532,13.45362405,5.099019514,13.45362405,5
21.40093456,2.828427125,19.41648784,3.16227766,18.38477631,3,20,2.828427125,17.69180601,4.123105626,17.69180601,2.828427125,19.41648784,1.414213562,17.02938637,2.236067977,18.60107524,2,17.80449381,2,19.20937271,2.236067977,18.60107524,2.236067977,18.43908891,2.236067977,19.20937271,4,20.61552813,4.123105626,17.69180601,2.828427125,17.69180601,4.472135955,17.69180601,2.236067977,18.43908891,5.099019514,17.69180601,2,14.86606875,3,17.69180601,4,16.2788206,1.414213562,18.38477631,2.236067977,18.43908891,2.236067977,18.38477631,2.828427125
9.486832981,16.2788206,8.94427191,15.55634919,11.18033989,15.62049935,9.848857802,15.62049935,8.94427191,16.2788206,9.433981132,14.86606875,8.602325267,16.97056275,7.810249676,16.2788206,8.062257748,19.10497317,7.280109889,18.43908891,7.071067812,19.41648784,7.810249676,16.40121947,8.062257748,17.80449381,5,16.2788206,5,18.43908891,5.656854249,17.02938637,7.071067812,18.43908891,4.242640687,15.55634919,7.211102551,19.10497317,5.830951895,15.62049935,5.385164807,14.86606875,5.830951895,17.02938637,7.810249676,16.2788206,5.830951895,17.02938637,6.403124237,14.86606875,8.94427191,14.2126704
5.385164807,17.02938637,5.385164807,16.2788206,5.099019514,15.62049935,5.385164807,15.8113883,5.099019514,16.2788206,3.605551275,18.38477631,4.123105626,17.20465053,4.472135955,16.97056275,5,17.80449381,4.472135955,13.03840481,2.236067977,17.02938637,3.605551275,15.62049935,3.16227766,15.8113883,2,17.02938637,3,15.62049935,2.828427125,16.40121947,3.16227766,16.40121947,5.830951895,14.86606875,3,15,4.123105626,15.8113883,4.123105626,14.86606875,1.414213562,16.2788206,3.605551275,15,3.16227766,15.26433752,6.32455532,14.86606875,4.242640687,15
14.86606875,6.08276253,15.62049935,8.544003745,14.86606875,5.385164807,14.2126704,5.385164807,14.86606875,4.472135955,13.45362405,7.615773106,14.2126704,3.605551275,17.20465053,5.656854249,14.86606875,5.830951895,16.2788206,5,18.60107524,5.656854249,18.60107524,5.830951895,16.40121947,4.242640687,15.55634919,5.830951895,15.62049935,4.472135955,14.86606875,5,14.14213562,4.472135955,16.40121947,6.32455532,15.62049935,4.472135955,14.86606875,5.385164807,13.45362405,4.472135955,12.04159458,5.385164807,13.03840481,5.099019514,14.2126704,6.08276253,12.80624847,4.123105626,13.45362405,5
8.062257748,11.40175425,9.219544457,12.08304597,6.403124237,12.52996409,6.403124237,14.4222051,7.810249676,12.20655562,9.219544457,11.3137085,7.211102551,12.80624847,8.602325267,12.04159458,9.899494937,12.04159458,10.63014581,13.45362405,8.94427191,11.3137085,9.848857802,12.04159458,8.602325267,11.3137085,9.848857802,12.80624847,8.94427191,11.40175425,8.544003745,13.60147051,8.544003745,10.81665383,7.615773106,10.81665383,9.433981132,11.40175425,8.544003745,10.63014581,7.615773106,10.63014581,7.615773106,11.40175425,8.062257748,10.81665383,7.615773106,10,7.615773106,12.04159458,6.708203932,11.40175425
17.20465053,4.123105626,17.02938637,3.16227766,15.55634919,3.16227766,15.8113883,3.16227766,14.2126704,2.236067977,16.2788206,4.242640687,17.69180601,2.236067977,16.40121947,2.828427125,18.43908891,4.123105626,15.62049935,2,18.60107524,4.472135955,17.80449381,5.099019514,18.02775638,4.123105626,19.10497317,5.099019514,15.55634919,5,17.02938637,6,16.2788206,5.385164807,16.97056275,4.123105626,15.8113883,4,16.2788206,5,14.86606875,3,14.86606875,7,14.86606875,4.123105626,15.62049935,4,16.2788206,3,14.86606875,4.123105626
12.72792206,8.94427191,14.86606875,8.602325267,16.2788206,9.899494937,14.86606875,8.485281374,12.72792206,8.602325267,14.86606875,8.062257748,14.2126704,7.071067812,15.62049935,7.211102551,14.2126704,8.602325267,14.4222051,9.219544457,12.80624847,9.433981132,13.60147051,8.485281374,14.4222051,9.433981132,16.40121947,8.602325267,13.89244399,6.32455532,14.2126704,8.544003745,15,8.062257748,14.2126704,8.062257748,15.26433752,7.280109889,14.4222051,7.615773106,15.26433752,7.615773106,13.60147051,8.94427191,12.20655562,8.94427191,12.52996409,8.062257748,13.89244399,11.18033989,11.40175425,7.211102551
3.16227766,14.86606875,2.236067977,15.62049935,1,14.14213562,1.414213562,15,0,17.02938637,0,15.8113883,1,16.40121947,1.414213562,15.62049935,0,15.62049935,2.236067977,14.2126704,2.828427125,16.2788206,3.16227766,16.40121947,4,14.86606875,2.828427125,18.43908891,4.242640687,15.8113883,4.472135955,15.62049935,5,15.62049935,3.605551275,15.55634919,4.242640687,15.62049935,4.472135955,15.62049935,4.242640687,13.45362405,3.605551275,14.2126704,3.16227766,13.45362405,2.828427125,14.86606875,5.830951895,14.2126704,4.472135955,13.45362405
13.03840481,10.81665383,14.76482306,9.899494937,10.63014581,9.219544457,12.80624847,8.485281374,10.81665383,12.20655562,12.20655562,12.20655562,12.04159458,11.40175425,12.80624847,12.20655562,12.80624847,10.29563014,11.40175425,8.94427191,14.86606875,13,12.20655562,11.18033989,11.3137085,12.08304597,12.80624847,10.63014581,12.04159458,12.08304597,11.40175425,11.66190379,11.3137085,12.52996409,11.66190379,10.29563014,11.40175425,10.81665383,10.81665383,10.77032961,11.66190379,9.486832981,10.81665383,10.29563014,11.40175425,8.544003745,11.40175425,8.94427191,11.40175425,8.94427191,10.81665383,8.246211251
6.708203932,12.80624847,5.385164807,13.60147051,6.32455532,15,5.656854249,14.4222051,5.656854249,12.80624847,5.656854249,13.03840481,7.071067812,13.60147051,6.403124237,13.45362405,7.211102551,12.04159458,7.071067812,13.03840481,5.830951895,12.72792206,7.211102551,13.45362405,8.602325267,13.45362405,8.062257748,12.72792206,9.433981132,12.80624847,8.602325267,12.72792206,6.32455532,12.04159458,7.211102551,11.40175425,8.062257748,14.14213562,8.062257748,12.72792206,7.211102551,10.63014581,8.062257748,12.04159458,6.708203932,10.81665383,6.32455532,12.80624847,6.32455532,12.20655562,5.385164807,11.40175425
9.433981132,11.40175425,9.433981132,11.40175425,7.810249676,11.40175425,8.062257748,13.03840481,7.810249676,11.18033989,7.810249676,12.20655562,10,12.80624847,8.485281374,12.04159458,9.219544457,12.72792206,10.63014581,13.03840481,10.81665383,12.72792206,8.485281374,11.40175425,8.602325267,13.45362405,9.433981132,13.45362405,10.81665383,10,11.66190379,10,10,9.899494937,9.219544457,10.44030651,9.219544457,10,10,10,11.40175425,9.219544457,10.63014581,11.40175425,9.899494937,10.63014581,9.219544457,12.20655562,8.602325267,9.433981132,8.062257748,11.3137085
10.77032961,14.4222051,11.66190379,16.64331698,9.433981132,16.2788206,8.94427191,17.20465053,10.29563014,16.2788206,8.062257748,15.62049935,10.81665383,16.2788206,8.602325267,17.69180601,9.899494937,18.38477631,9.219544457,18.43908891,8.485281374,20.51828453,10.81665383,18.38477631,9.219544457,17.69180601,9.433981132,17.69180601,8.062257748,15.55634919,8.602325267,17.69180601,7.211102551,17.02938637,9.433981132,15.62049935,8.544003745,16.97056275,8.602325267,14.86606875,8.544003745,17.80449381,8.062257748,15.62049935,10.63014581,15,9.433981132,15,9.219544457,14.4222051,11.3137085,15.62049935
16.40121947,2.236067977,14.86606875,2.236067977,14.86606875,3.16227766,18.02775638,3,17.02938637,2.236067977,17.20465053,2.236067977,16.2788206,3.16227766,17.02938637,2.236067977,17.20465053,4.472135955,15,2.828427125,17.69180601,5.099019514,17.80449381,3.16227766,16.2788206,4.123105626,15.55634919,5,15.55634919,4.242640687,17.69180601,4.472135955,16.2788206,6.08276253,14.2126704,6.08276253,16.2788206,4,14.14213562,5.099019514,14.86606875,4.123105626,17.02938637,4.123105626,15.55634919,3.16227766,13.45362405,3.16227766,16.2788206,4.123105626,15.62049935,1
12.52996409,12.80624847,13.03840481,13.45362405,12.52996409,14.86606875,12.20655562,12.80624847,11.40175425,14.86606875,10.81665383,14.2126704,10.29563014,14.14213562,10.63014581,13.45362405,11.3137085,12.80624847,11.40175425,13.03840481,13.45362405,15.26433752,9.899494937,15.8113883,12.04159458,14.4222051,9.899494937,15.26433752,10,14.2126704,10.81665383,13.45362405,9.219544457,15,10.29563014,14.2126704,8.062257748,14.4222051,9.219544457,13.60147051,8.94427191,14.2126704,9.433981132,10.63014581,8.485281374,11.3137085,10,12.04159458,10.63014581,11.66190379,11.40175425,10.29563014
17.02938637,2,15.62049935,3,16.2788206,3.16227766,16.2788206,2.236067977,16.2788206,3.16227766,16.2788206,0,15.55634919,2,14.86606875,0,14.4222051,1,14.4222051,3.16227766,17.69180601,1,19.20937271,3.605551275,18.60107524,2.236067977,15.55634919,1,14.2126704,2,17.02938637,2.828427125,15.62049935,3.16227766,15.62049935,5.385164807,16.97056275,4.472135955,14.2126704,3,14.14213562,4.472135955,14.14213562,3.16227766,14.14213562,3,12.80624847,3.605551275,14.2126704,2.828427125,14.2126704,4
13.45362405,4.123105626,14.14213562,4,14.86606875,4.123105626,15.62049935,2.236067977,15,2.236067977,14.86606875,1,16.40121947,2.236067977,14.86606875,3.16227766,15.62049935,1.414213562,16.2788206,2,17.02938637,2.236067977,15.8113883,4.123105626,16.40121947,2.236067977,14.86606875,3.16227766,16.2788206,1,15.55634919,2.236067977,13.45362405,3.605551275,14.14213562,4.242640687,12.72792206,3,14.14213562,3.16227766,12.04159458,3,13.45362405,3.16227766,12.04159458,4,12.04159458,4,14.2126704,5,11.3137085,5.099019514
11.40175425,7.810249676,13.03840481,8.602325267,10,9.219544457,11.40175425,9.219544457,10,9.899494937,11.18033989,9.219544457,11.40175425,9.219544457,12.04159458,10.63014581,10.63014581,9.219544457,11.40175425,8.94427191,12.04159458,10.63014581,9.433981132,8.602325267,9.899494937,10.81665383,10,10.63014581,10.63014581,10.81665383,10,10,8.602325267,10.81665383,8.602325267,10.63014581,9.219544457,10,8.94427191,8.94427191,10,12.20655562,9.433981132,7.810249676,9.899494937,8.602325267,9.433981132,8.246211251,8.602325267,8.94427191,10.63014581,7.211102551
4.123105626,13.45362405,4.123105626,14.14213562,3.16227766,14.2126704,1.414213562,15,2.236067977,14.2126704,2.236067977,13.45362405,1.414213562,14.86606875,1.414213562,14.2126704,1.414213562,13.60147051,2,13.60147051,1,14.14213562,2.236067977,15,1,15.8113883,2,16.40121947,2,14.2126704,1.414213562,13.45362405,2.828427125,12.72792206,3,13.45362405,2.828427125,13.45362405,2.828427125,13.60147051,2,12.72792206,2.828427125,13.45362405,3.605551275,12.04159458,2.236067977,14.86606875,4.123105626,11.40175425,5.385164807,12.04159458
14.2126704,7.810249676,14.76482306,6.403124237,14.86606875,6.403124237,13.60147051,7.810249676,13.45362405,7.810249676,16.2788206,5.830951895,15.8113883,7.211102551,13.60147051,9.219544457,14.86606875,7.211102551,14.86606875,7.211102551,14.14213562,11.66190379,14.86606875,9.433981132,12.80624847,8.062257748,12.72792206,8.544003745,12.20655562,9.848857802,13.45362405,8.94427191,13.60147051,7.615773106,14.4222051,8.94427191,12.80624847,8.94427191,13.89244399,7.211102551,12.80624847,5.385164807,12.80624847,7.280109889,12.80624847,7.211102551,12.72792206,7.071067812,14.2126704,6.32455532,14.2126704,8.062257748
11.3137085,10,9.899494937,12.08304597,11.3137085,10.81665383,9.219544457,12.52996409,12.04159458,9.219544457,10.63014581,9.848857802,10.81665383,10.81665383,13.03840481,10.63014581,13.03840481,10.63014581,10,9.219544457,12.20655562,10.63014581,13.03840481,10.63014581,10.81665383,9.219544457,12.04159458,9.433981132,12.04159458,9.899494937,11.40175425,8.94427191,11.66190379,9.899494937,12.20655562,8.544003745,12.04159458,10.63014581,12.20655562,8.602325267,9.219544457,7.615773106,9.899494937,9.219544457,9.433981132,10.81665383,9.433981132,11.66190379,9.433981132,10.29563014,8.602325267,9.848857802
6.403124237,12.20655562,7.810249676,14.2126704,9.219544457,13.60147051,7.615773106,13.60147051,8.062257748,14.2126704,8.602325267,11.40175425,9.219544457,12.04159458,8.062257748,10.63014581,9.848857802,10.63014581,6.32455532,11.40175425,8.062257748,12.04159458,8.062257748,12.72792206,8.94427191,12.04159458,9.848857802,12.80624847,9.848857802,12.80624847,8.544003745,11.40175425,8.246211251,10.81665383,6.32455532,11.66190379,6.708203932,10.29563014,8.246211251,10.81665383,8.246211251,12.80624847,6.32455532,11.66190379,5.099019514,9.848857802,7.071067812,14.2126704,8,12.04159458,5.099019514,11.66190379
9.433981132,12.20655562,8.602325267,13.03840481,8.485281374,12.04159458,9.219544457,9.433981132,9.899494937,10.63014581,10.81665383,12.80624847,8.602325267,12.20655562,11.40175425,12.72792206,9.433981132,10.63014581,11.66190379,10,9.848857802,12.80624847,13.41640786,12.80624847,11.66190379,12.80624847,12.08304597,12.80624847,11.66190379,10.63014581,10,10.63014581,9.433981132,11.66190379,9.433981132,11.18033989,10.81665383,8.602325267,8.062257748,11.66190379,10.29563014,7.810249676,7.810249676,12.20655562,7.071067812,10,8.544003745,11.40175425,8.062257748,10,8.544003745,10
11.40175425,13.60147051,10,13.60147051,9.219544457,10.63014581,10.63014581,11.66190379,10.63014581,11.40175425,10,10.63014581,10.63014581,12.04159458,12.72792206,12.04159458,10.29563014,10,8.94427191,11.3137085,10.29563014,10,10.81665383,10.63014581,12.04159458,12.04159458,10.63014581,12.80624847,10.81665383,9.899494937,10,11.40175425,10.63014581,10,11.3137085,11.40175425,10.63014581,10.63014581,9.433981132,10.63014581,10,10,9.219544457,10,8.062257748,12.04159458,8.062257748,11.3137085,9.219544457,10.29563014,8.602325267,10.81665383
10.77032961,13.89244399,9.486832981,14.2126704,9.486832981,13.60147051,9.848857802,15,9.848857802,13.03840481,10.44030651,13.03840481,9.433981132,14.2126704,10.63014581,14.2126704,10.81665383,12.52996409,9.219544457,13.60147051,10,14.4222051,13.45362405,15,10.63014581,14.4222051,12.20655562,15.26433752,10.63014581,10.81665383,12.72792206,14.4222051,8.485281374,10.63014581,12.04159458,12.04159458,11.40175425,12.72792206,10.63014581,10,12.20655562,11.40175425,10.29563014,12.80624847,10,11.3137085,10.63014581,13.45362405,11.3137085,10.63014581,9.219544457,11.3137085
4.123105626,13.45362405,3.16227766,12.72792206,3,15.62049935,2,13.60147051,3.16227766,15.8113883,2.828427125,14.86606875,3.605551275,14.86606875,3.605551275,13.45362405,2.828427125,15,1,13.60147051,3.16227766,15.8113883,2.236067977,14.86606875,2,15.62049935,2,15,2.236067977,14.2126704,3,14.14213562,1.414213562,14.14213562,2,14.2126704,1.414213562,14.86606875,3.605551275,13.45362405,2.828427125,13.60147051,1.414213562,13.45362405,3.16227766,12.80624847,2.236067977,13.45362405,2,12.04159458,3.16227766,12.80624847
12.80624847,4.472135955,14.2126704,3.605551275,15.55634919,5.385164807,13.89244399,3.605551275,14.2126704,5.099019514,15.8113883,4.123105626,13.60147051,5.656854249,13.60147051,5.830951895,13.60147051,6.403124237,15,4.472135955,13.60147051,4.472135955,14.86606875,6.708203932,15.8113883,5,14.2126704,7.211102551,14.2126704,5.385164807,12.72792206,5.385164807,14.2126704,5.099019514,14.2126704,6.08276253,14.14213562,7.280109889,10.63014581,7,13.45362405,6.32455532,11.3137085,6.08276253,13.45362405,4.123105626,12.04159458,5.385164807,12.04159458,4,14.2126704,5
9.899494937,14.2126704,8.062257748,11.3137085,8.602325267,13.03840481,7.071067812,13.03840481,10.63014581,15,9.219544457,12.72792206,9.899494937,10.63014581,9.899494937,12.72792206,8.485281374,12.04159458,9.219544457,11.3137085,7.211102551,14.2126704,11.3137085,13.45362405,10,12.04159458,9.848857802,12.80624847,9.219544457,10.63014581,8.602325267,10,9.433981132,10,9.433981132,12.52996409,8.602325267,11.40175425,8.602325267,10.81665383,8.94427191,13.60147051,8.062257748,10.63014581,6.403124237,12.04159458,7.280109889,14.86606875,8.544003745,12.20655562,7.615773106,10.81665383
40.31128874,40.02499219,36.49657518,54.3783045,48.27007354,52.0096145,50.44799302,55.90169944,54.4885309,54.08326913,48.25971405,62.93647591,52.63078947,59.41380311,53.53503526,54.20332093,53.00943312,57.28001397,56.72741841,52.32590181,51.86520992,56.0357029,56.72741841,51.66236541,57.98275606,56.72741841,54.3783045,48.41487375,52.69724851,48.60041152,56.60388679,40.81666326,47.50789408,51.73973328,45.3431362,47.88527958,43.56604182,56.85068161,53.22593353,55.90169944,48.3011387,48.82622246,45.18849411,0,0,34,43,38,38,37,44,43
17.02938637,6.08276253,17.20465053,4,17.20465053,3.605551275,19.20937271,4.472135955,16.40121947,5.656854249,19.84943324,7.071067812,16.2788206,5.830951895,20.61552813,5.656854249,17.69180601,4.472135955,16.2788206,4.123105626,17.69180601,5.830951895,17.69180601,6.708203932,17.69180601,7.615773106,16.2788206,7.615773106,15.62049935,5.830951895,18.38477631,9.433981132,16.2788206,9.055385138,14.2126704,6.32455532,14.86606875,7.615773106,16.40121947,7.211102551,16.2788206,6.32455532,15.62049935,5.830951895,16.40121947,5.830951895,15.55634919,5,16.40121947,5.385164807,17.02938637,5
8.062257748,15.55634919,6.708203932,16.97056275,5.385164807,17.02938637,7.211102551,17.02938637,5,16.40121947,6.403124237,17.80449381,3.605551275,16.40121947,7.071067812,15,7.211102551,18.60107524,7.615773106,16.2788206,5.830951895,18.02775638,6.32455532,15.8113883,6.32455532,16.40121947,6.708203932,15.62049935,6.08276253,16.64331698,7.071067812,17.20465053,5.385164807,15.26433752,7.071067812,14.2126704,7.071067812,14.4222051,5.385164807,13.89244399,6.32455532,13.60147051,6.32455532,13.89244399,6.708203932,12.52996409,8.246211251,12.52996409,7.615773106,13.60147051,6.708203932,12.08304597
16.2788206,7.071067812,16.2788206,8.246211251,16.2788206,8.062257748,17.02938637,6.708203932,14.86606875,6.08276253,15.62049935,5,16.40121947,5.830951895,15.62049935,6.403124237,17.20465053,5,15.62049935,4.472135955,17.02938637,4.242640687,17.02938637,3.605551275,17.02938637,5.656854249,16.2788206,5,15,3.16227766,17.69180601,4.472135955,15.62049935,4.123105626,14.86606875,3.605551275,14.86606875,4.472135955,14.86606875,3.16227766,14.14213562,4.472135955,15.8113883,4.123105626,12.80624847,4.472135955,15.62049935,5,13.60147051,5,15.62049935,5.830951895
16.2788206,2.828427125,17.02938637,3.605551275,17.69180601,2.828427125,17.80449381,2.828427125,18.43908891,1,15.55634919,0,17.69180601,1.414213562,17.02938637,2.236067977,17.02938637,2.236067977,16.2788206,3,19.79898987,1.414213562,17.69180601,0,17.69180601,1,17.69180601,1.414213562,17.69180601,3.605551275,16.2788206,2,16.97056275,3.605551275,17.69180601,3,17.69180601,2.236067977,15.55634919,3,16.2788206,4.123105626,15.62049935,1,15.62049935,2,16.2788206,2.236067977,16.2788206,1,16.97056275,2.828427125
17.69180601,3,15.55634919,4.123105626,19.10497317,3.16227766,17.69180601,3.16227766,16.40121947,3,17.69180601,2,19.84943324,1,18.43908891,2.236067977,17.20465053,1.414213562,16.2788206,2,18.43908891,2,17.02938637,1.414213562,17.02938637,2.236067977,16.2788206,1,19.10497317,1,17.02938637,1,18.38477631,1,16.97056275,3.16227766,17.02938637,1.414213562,16.97056275,4.123105626,16.2788206,4,14.86606875,4.472135955,15.55634919,1.414213562,15.62049935,4.123105626,15.55634919,4.123105626,16.97056275,3.16227766
2,16.2788206,4,16.2788206,3.605551275,17.69180601,1,19.20937271,1,17.02938637,3,15.62049935,2.236067977,15.55634919,0,16.40121947,2,16.40121947,1,13.60147051,2.236067977,17.80449381,1.414213562,17.80449381,2.236067977,16.2788206,1,17.20465053,1,17.20465053,4,17.02938637,3.605551275,17.20465053,2.236067977,16.2788206,2.236067977,17.69180601,2.236067977,16.97056275,2.236067977,16.2788206,2.236067977,16.2788206,2.236067977,15.55634919,4.472135955,17.20465053,3.16227766,15.55634919,3,17.20465053
10,7.810249676,13.41640786,9.219544457,9.848857802,9.219544457,11.66190379,8.602325267,10.29563014,8.485281374,11.40175425,8.485281374,12.52996409,9.219544457,10.81665383,8.94427191,11.3137085,9.433981132,11.3137085,9.219544457,12.80624847,9.899494937,10.63014581,10.29563014,10.63014581,9.848857802,9.899494937,9.219544457,11.3137085,10.29563014,11.3137085,11.18033989,12.04159458,10.29563014,11.40175425,10.77032961,13.45362405,8.602325267,8.062257748,9.433981132,9.219544457,8.602325267,9.433981132,10.29563014,10.63014581,8.602325267,11.18033989,9.433981132,10.81665383,8.602325267,11.66190379,7.615773106
16.1245155,12.04159458,13.03840481,9.219544457,11.66190379,11.40175425,13.03840481,11.66190379,12.04159458,8.602325267,12.04159458,13.45362405,10,11.40175425,13.45362405,12.52996409,10.63014581,12.20655562,12.04159458,10.29563014,13.45362405,10.29563014,12.20655562,9.848857802,11.40175425,11.18033989,11.66190379,11.18033989,12.20655562,10.04987562,13.60147051,9.486832981,13.60147051,10.77032961,15.26433752,9.848857802,12.04159458,9.486832981,11.18033989,9.486832981,13.03840481,10,10.81665383,10.44030651,13.03840481,8.246211251,12.20655562,7.615773106,14.76482306,8.062257748,13.03840481,8.544003745
15.62049935,8.062257748,11.66190379,10.29563014,13.03840481,11.3137085,13.60147051,9.899494937,11.40175425,10.63014581,12.20655562,10,12.04159458,10,12.80624847,10.63014581,12.04159458,11.40175425,14.86606875,12.80624847,13.45362405,10.29563014,13.89244399,10,12.04159458,9.899494937,13.45362405,11.66190379,12.80624847,12.04159458,13.03840481,11.40175425,13.45362405,10.81665383,12.72792206,9.219544457,13.45362405,11.66190379,12.04159458,10.81665383,11.3137085,10,10.63014581,11.40175425,12.04159458,10.63014581,13.60147051,11.3137085,13.45362405,10.63014581,13.60147051,8.485281374
15.62049935,7.280109889,14.2126704,6.708203932,16.2788206,3.605551275,17.20465053,5,15.62049935,5.385164807,17.20465053,5,15.8113883,7.071067812,17.20465053,4.242640687,15.62049935,6.708203932,15.55634919,6.32455532,18.43908891,6.32455532,17.69180601,7.211102551,16.2788206,5.830951895,17.80449381,7.280109889,16.40121947,7.280109889,14.2126704,10.44030651,16.2788206,8.062257748,14.2126704,6.32455532,16.2788206,8.544003745,17.02938637,7.211102551,16.2788206,6.708203932,15,5.830951895,14.86606875,6,16.40121947,7.071067812,14.14213562,8,14.86606875,6.08276253
14.86606875,4.472135955,15.8113883,3.605551275,16.2788206,2.828427125,15,5,15.62049935,2.828427125,14.2126704,3.605551275,16.40121947,4.472135955,16.40121947,4.123105626,16.2788206,4.123105626,16.97056275,4,16.2788206,5.099019514,15.62049935,5,14.86606875,6,15.55634919,5,14.86606875,6.08276253,14.14213562,6,14.2126704,6.08276253,13.45362405,6,14.86606875,5.099019514,14.14213562,6,13.45362405,5,12.72792206,5.099019514,13.45362405,3.605551275,13.45362405,5.830951895,12.04159458,5,13.45362405,6.708203932
14.4222051,3.16227766,14.4222051,3,15,4.242640687,16.2788206,4.472135955,14.2126704,2,15.8113883,1.414213562,14.4222051,3.16227766,15,3,14.4222051,1.414213562,13.03840481,3,15.65247584,2.828427125,13.60147051,1,15,1,12.80624847,3.16227766,15,2.828427125,17.69180601,2,14.2126704,3.16227766,13.45362405,5,12.80624847,1.414213562,15,3.605551275,11.3137085,4.242640687,12.20655562,3,12.04159458,4.242640687,10.63014581,5,13.45362405,5,12.20655562,3.605551275
7.280109889,14.2126704,5,14.2126704,5.385164807,15,3.605551275,14.2126704,4.123105626,15.62049935,4.242640687,14.2126704,4.242640687,13.60147051,5.385164807,15,5.830951895,12.04159458,5.830951895,13.60147051,7.211102551,13.60147051,5.830951895,13.60147051,6.403124237,14.2126704,7.211102551,13.60147051,8.485281374,13.45362405,7.071067812,14.2126704,9.219544457,13.45362405,7.810249676,12.04159458,7.810249676,12.72792206,6.708203932,14.14213562,6.403124237,12.72792206,7.810249676,12.72792206,8.062257748,12.80624847,7.211102551,11.3137085,5,9.899494937,5.385164807,12.04159458
12.80624847,7.071067812,12.72792206,6.708203932,12.04159458,6.403124237,13.45362405,6.32455532,13.45362405,7.280109889,12.80624847,8.544003745,13.45362405,6.708203932,12.04159458,5.830951895,12.20655562,5.830951895,12.80624847,4.472135955,15.55634919,5,14.4222051,6.403124237,14.2126704,5.656854249,14.14213562,6.403124237,14.14213562,5.830951895,14.2126704,5.656854249,12.72792206,5.830951895,14.86606875,5.830951895,14.2126704,6.403124237,14.14213562,5,12.72792206,5,10.63014581,5.830951895,12.04159458,6.403124237,12.72792206,5.830951895,14.2126704,5.830951895,11.40175425,6.32455532
5.830951895,15.8113883,7.071067812,15.26433752,5.099019514,15,6.403124237,15,7.211102551,15.55634919,9.433981132,17.02938637,7.211102551,16.2788206,7.615773106,15.62049935,7.810249676,14.86606875,6.08276253,14.2126704,7.071067812,14.14213562,8.602325267,13.45362405,9.433981132,15.62049935,7.615773106,16.2788206,8.94427191,13.45362405,8.544003745,14.86606875,10.77032961,14.86606875,9.219544457,14.86606875,8.544003745,15.8113883,8.246211251,14.86606875,7.280109889,13.60147051,7.615773106,15.62049935,6,14.2126704,8.062257748,17.69180601,8.544003745,14.14213562,6.08276253,13.60147051
13.03840481,10,13.89244399,9.433981132,13.60147051,9.219544457,13.45362405,9.219544457,12.80624847,9.219544457,14.2126704,8.485281374,14.2126704,12.04159458,12.80624847,8.485281374,13.45362405,12.04159458,13.45362405,12.04159458,13.45362405,12.04159458,13.45362405,10,12.04159458,11.66190379,13.45362405,10.81665383,11.40175425,11.66190379,14.14213562,11.18033989,12.80624847,10.29563014,13.03840481,10.81665383,10.63014581,10,11.66190379,10.29563014,11.66190379,11.66190379,11.40175425,11.18033989,12.04159458,9.433981132,11.40175425,9.433981132,11.40175425,8.94427191,12.72792206,8.94427191
11.40175425,11.40175425,11.3137085,8.602325267,10.63014581,12.20655562,11.3137085,11.18033989,10.63014581,10.81665383,11.3137085,12.04159458,9.219544457,10.63014581,12.04159458,10.63014581,10,9.899494937,11.40175425,8.485281374,13.45362405,9.433981132,12.04159458,10,9.899494937,11.40175425,11.3137085,11.40175425,11.40175425,9.219544457,10.63014581,8.602325267,12.04159458,11.40175425,11.3137085,9.433981132,10.63014581,9.433981132,11.40175425,10.81665383,12.72792206,10,10.63014581,11.18033989,10.81665383,9.219544457,10.81665383,11.18033989,10.63014581,10.63014581,12.04159458,10.81665383
7.810249676,14.4222051,9.433981132,15,11.3137085,17.20465053,10,14.76482306,9.219544457,14.14213562,9.899494937,14.2126704,8.602325267,14.14213562,10,15,8.94427191,12.72792206,6.708203932,12.80624847,9.433981132,12.80624847,10.81665383,12.72792206,12.20655562,14.14213562,10,14.86606875,9.433981132,13.45362405,11.3137085,12.04159458,10,14.4222051,10,13.89244399,10.63014581,14.4222051,9.899494937,12.20655562,8.602325267,12.80624847,9.433981132,13.60147051,7.810249676,12.52996409,7.810249676,13.60147051,9.219544457,12.20655562,8.062257748,14.2126704
5.830951895,15.62049935,4.123105626,14.86606875,4.472135955,17.02938637,3.605551275,16.40121947,4.472135955,15,2.828427125,15.8113883,4.242640687,16.2788206,3.605551275,15.8113883,4.472135955,15.62049935,5,17.69180601,4.472135955,17.80449381,3.16227766,15,6,15,5.830951895,16.40121947,5.099019514,15.8113883,6.32455532,15.8113883,5,15.8113883,7.071067812,13.45362405,4.123105626,15,5.385164807,14.2126704,7.615773106,14.14213562,5,14.86606875,5.099019514,12.72792206,5,13.60147051,7,13.89244399,6.32455532,13.60147051
16.40121947,7.615773106,15.8113883,6.403124237,18.60107524,6.32455532,17.02938637,6.32455532,15.62049935,7.211102551,16.64331698,7.810249676,18.35755975,5.830951895,17.80449381,6.403124237,16.64331698,6.403124237,15.26433752,5,18.02775638,5.830951895,15.8113883,6.32455532,17.49285568,6.32455532,16.97056275,5.385164807,17.20465053,5.385164807,17.02938637,5.385164807,16.64331698,6.08276253,16.2788206,8.062257748,15.62049935,8.94427191,15,7.615773106,15,7.615773106,15.62049935,8.544003745,12.80624847,8.544003745,16.40121947,9.486832981,14.4222051,7.280109889,15.8113883,7.615773106
2.236067977,12.72792206,3,14.14213562,2.236067977,14.86606875,2.236067977,14.2126704,1,14.14213562,1,16.40121947,2.236067977,16.2788206,2.236067977,14.86606875,2.236067977,12.80624847,2.828427125,13.45362405,3.16227766,13.45362405,3.16227766,14.86606875,5.385164807,14.14213562,4,14.86606875,4.123105626,12.80624847,5.099019514,15.55634919,4.123105626,14.86606875,3,13.60147051,5.099019514,14.4222051,3.16227766,12.80624847,4,13.45362405,5,14.14213562,2.236067977,12.80624847,3.16227766,12.72792206,4.123105626,13.45362405,3,12.80624847
3,14.14213562,5.099019514,17.69180601,3,17.20465053,4.242640687,15.62049935,3,17.02938637,1.414213562,15.55634919,2,16.97056275,2.236067977,14.86606875,3.605551275,15.55634919,2,15.55634919,3.605551275,16.97056275,5,15.55634919,3.605551275,16.2788206,4.472135955,15.55634919,5,15.55634919,3.16227766,16.2788206,5,16.2788206,4.123105626,15,5.385164807,14.86606875,3.16227766,14.2126704,5.099019514,16.2788206,4,14.86606875,3,14.86606875,4,15,3.16227766,14.86606875,3.16227766,14.86606875
8.544003745,19.31320792,8.062257748,15.62049935,13.41640786,10.29563014,5,11.18033989,6.403124237,15.26433752,7.071067812,13.45362405,9.899494937,17.02938637,7.810249676,15,5,12.80624847,4.472135955,15.62049935,5,16.40121947,3.605551275,16.1245155,8.485281374,15.8113883,5,15.23154621,5,16.64331698,8.94427191,17.20465053,5.656854249,9.433981132,4.123105626,16.2788206,5.830951895,7.280109889,9.433981132,18.38477631,5.099019514,12.80624847,5.830951895,14.14213562,6,13.60147051,5.830951895,14.86606875,5.099019514,21.02379604,7.071067812,14.14213562
9.899494937,11.40175425,9.899494937,12.20655562,12.04159458,12.04159458,13.03840481,11.40175425,12.20655562,11.3137085,11.66190379,12.72792206,12.20655562,12.72792206,12.04159458,12.04159458,10.81665383,11.40175425,11.66190379,12.04159458,14.76482306,12.04159458,12.08304597,12.04159458,11.66190379,10.29563014,10.63014581,13.03840481,12.08304597,11.66190379,12.52996409,10.29563014,10.81665383,10,8.94427191,13.03840481,10.81665383,12.64911064,11.70469991,11.66190379,9.848857802,11.18033989,10.29563014,12.08304597,6.708203932,11.70469991,8.94427191,13.60147051,8.544003745,13.03840481,10.29563014,12.20655562
5.830951895,16.40121947,8.602325267,18.02775638,7.071067812,17.80449381,8.94427191,18.60107524,7.810249676,19.84943324,7.211102551,18.60107524,7.810249676,19.20937271,7.810249676,19.20937271,9.219544457,17.69180601,10.81665383,17.20465053,7.810249676,18.38477631,7.615773106,15.62049935,10.77032961,18.43908891,7.071067812,15.62049935,8.544003745,18.43908891,9.433981132,16.2788206,9.219544457,16.2788206,8.062257748,15.55634919,6.32455532,17.02938637,6.32455532,15.55634919,8.062257748,16.2788206,7,17.02938637,7.071067812,17.69180601,4.472135955,16.2788206,8.246211251,17.80449381,7.071067812,17.69180601
15.55634919,4.472135955,16.40121947,3,15.62049935,2,16.2788206,3.605551275,17.02938637,2.236067977,17.80449381,1.414213562,17.02938637,0,16.40121947,1,16.64331698,1.414213562,18.38477631,4,17.69180601,2.828427125,16.40121947,2.828427125,14.86606875,4.242640687,15,3.16227766,13.45362405,2,15.55634919,4.472135955,17.02938637,1.414213562,15.55634919,4.242640687,15.55634919,2.828427125,15.62049935,2.236067977,14.14213562,4.472135955,16.2788206,4.472135955,14.86606875,2.236067977,12.04159458,5,15.8113883,4,14.86606875,4.123105626
20.51828453,21.63330765,22.6715681,22.8035085,24.75883681,24.75883681,23.34523506,23.34523506,21.9317122,22.627417,21.9317122,23.43074903,21.26029163,26.17250466,21.26029163,24.75883681,21.9317122,25.49509757,21.40093456,28.42534081,22.6715681,29,21.40093456,26.90724809,20.80865205,27.65863337,19.20937271,26.90724809,20.24845673,26.90724809,22.20360331,27.58622845,20.24845673,28.28427125,20.24845673,26.90724809,19.41648784,24.04163056,20.24845673,26.17250466,19.20937271,24.75883681,19.84943324,23.34523506,21.63330765,24.8394847,22.20360331,24.08318916,22.8035085,23.34523506,24.41311123,24.8394847
2.236067977,13.45362405,4.472135955,12.04159458,4.472135955,14.2126704,3.605551275,13.60147051,6.403124237,12.04159458,2.828427125,14.2126704,6.403124237,15,5.830951895,12.80624847,5.099019514,14.14213562,5.385164807,16.40121947,5,16.97056275,6.32455532,14.86606875,6.08276253,14.14213562,4.242640687,15.62049935,3.605551275,13.60147051,5.099019514,15.62049935,5,14.86606875,6.32455532,14.76482306,5.830951895,13.60147051,5.099019514,13.60147051,4.242640687,13.60147051,5.099019514,12.08304597,3,13.89244399,3,14.2126704,5.099019514,13.60147051,4,13.45362405
9.219544457,10,8.485281374,10.81665383,8.602325267,12.20655562,10,12.20655562,9.219544457,11.40175425,10.63014581,11.40175425,8.602325267,12.04159458,10.81665383,9.219544457,12.04159458,10.63014581,12.04159458,10,11.66190379,11.3137085,11.40175425,9.899494937,9.899494937,11.3137085,11.3137085,10.81665383,11.40175425,9.219544457,10.63014581,9.433981132,11.3137085,8.602325267,10.63014581,9.433981132,9.219544457,8.602325267,9.219544457,10,10,11.3137085,9.219544457,10,8.485281374,8.062257748,10,9.219544457,9.219544457,10.63014581,9.433981132,10.63014581
4,17.80449381,6,16.97056275,4.472135955,19.10497317,2.236067977,17.02938637,5,16.97056275,5,17.69180601,4.242640687,16.97056275,4.242640687,19.84943324,6.403124237,15.55634919,3.605551275,14.2126704,2.236067977,19.10497317,3.605551275,17.69180601,4.472135955,17.80449381,4.123105626,17.80449381,3.605551275,17.02938637,6.708203932,17.02938637,3.16227766,17.20465053,2,16.40121947,4.123105626,20,6.08276253,17.69180601,2.828427125,17.02938637,5.099019514,17.69180601,5.385164807,15.8113883,4.123105626,17.69180601,3,15.55634919,4.123105626,17.69180601
4,14.86606875,3.16227766,14.86606875,2.236067977,15.55634919,4,15.62049935,3,16.2788206,3.16227766,16.2788206,5,15.55634919,3.16227766,15.55634919,4.123105626,15.62049935,5.385164807,15.62049935,3.605551275,16.2788206,4.242640687,15,5.385164807,17.02938637,4.472135955,15.62049935,5.656854249,14.86606875,5.656854249,14.2126704,4.472135955,15.62049935,5,17.02938637,5.656854249,15,6.403124237,14.86606875,5,16.97056275,5,14.4222051,4.123105626,14.2126704,4.242640687,16.2788206,5,16.2788206,2.828427125,14.2126704
14.4222051,4.242640687,14.86606875,4.472135955,13.45362405,5.099019514,14.86606875,5.830951895,14.14213562,5,16.40121947,4.242640687,14.14213562,4.472135955,14.14213562,5,15.62049935,3.605551275,15.55634919,3.16227766,17.02938637,4.472135955,15.55634919,5,16.40121947,5,13.45362405,3.16227766,15.55634919,3.16227766,16.2788206,5,12.80624847,4.123105626,14.2126704,4.242640687,14.86606875,3,14.86606875,4.472135955,15,5,16.2788206,5,13.45362405,2.236067977,15.55634919,5.385164807,14.2126704,3.16227766,14.14213562,5
14.2126704,4.123105626,15.62049935,3.16227766,13.45362405,5.099019514,16.40121947,4.472135955,14.14213562,3.16227766,14.86606875,2.828427125,15,5.830951895,13.45362405,5.830951895,17.02938637,5,16.64331698,3.605551275,15.62049935,4.242640687,14.14213562,5,14.14213562,6.403124237,12.80624847,3.605551275,15.55634919,3.16227766,14.2126704,5.830951895,15.62049935,6.08276253,14.2126704,5.830951895,14.2126704,4.242640687,13.60147051,4.472135955,15,5.385164807,14.2126704,4.123105626,14.86606875,3.16227766,14.4222051,2.828427125,12.80624847,2.236067977,15.55634919,5
17.20465053,5,15,2.236067977,16.2788206,2.828427125,17.69180601,3.16227766,15.62049935,3,14.14213562,2.828427125,16.2788206,2.236067977,16.2788206,4.242640687,16.2788206,3.16227766,16.2788206,2,17.69180601,2,17.69180601,2.828427125,14.86606875,3.16227766,19.20937271,2,16.97056275,1.414213562,17.02938637,2,17.69180601,3.16227766,17.02938637,0,15.55634919,1,16.97056275,1.414213562,15.55634919,3,15.55634919,2.236067977,14.14213562,3,16.2788206,3.605551275,14.86606875,3,16.40121947,3.605551275
6.708203932,14.86606875,9.219544457,13.45362405,6.403124237,14.86606875,7.810249676,14.2126704,5.830951895,14.14213562,7.211102551,14.14213562,8.062257748,13.60147051,6.403124237,14.2126704,7.810249676,12.04159458,10,12.80624847,7.810249676,13.45362405,9.219544457,13.45362405,10,14.2126704,8.602325267,14.14213562,8.602325267,12.80624847,9.219544457,12.80624847,8.485281374,14.2126704,8.602325267,12.04159458,8.485281374,12.04159458,7.211102551,12.04159458,8.485281374,13.45362405,8.485281374,14.14213562,7.071067812,10.81665383,8.602325267,13.45362405,5.830951895,13.45362405,6.403124237,12.04159458
12.20655562,10,12.52996409,9.899494937,13.45362405,9.433981132,12.04159458,10,13.45362405,10,12.72792206,9.899494937,13.45362405,10,12.72792206,9.219544457,13.45362405,9.219544457,14.2126704,10,14.86606875,9.433981132,13.45362405,8.485281374,16.2788206,8.602325267,14.86606875,10.63014581,14.86606875,7.810249676,15.55634919,7.810249676,14.86606875,8.485281374,14.86606875,8.602325267,14.14213562,8.485281374,12.80624847,8.485281374,15.55634919,8.602325267,13.45362405,7.810249676,13.45362405,7.071067812,12.80624847,8.94427191,12.04159458,8.602325267,13.60147051,10
17.02938637,4,16.2788206,3.16227766,15.62049935,5.099019514,17.69180601,4.472135955,15.55634919,4.472135955,16.2788206,5,14.14213562,3.605551275,17.02938637,5,14.4222051,6.403124237,15.62049935,4.242640687,16.2788206,4.472135955,16.2788206,6.403124237,18.38477631,6.403124237,17.02938637,3.605551275,16.2788206,5.656854249,16.97056275,7.071067812,16.97056275,5,14.76482306,5,16.2788206,5.099019514,15.62049935,6.32455532,15.8113883,4.242640687,14.14213562,5.099019514,14.86606875,5.385164807,15,4.123105626,15.55634919,3.16227766,15.55634919,3.16227766
8.544003745,10.63014581,10.77032961,9.433981132,8.602325267,11.66190379,8.94427191,11.66190379,9.219544457,10.81665383,8.602325267,12.80624847,8.94427191,11.40175425,8.602325267,12.80624847,7.211102551,12.80624847,9.219544457,11.40175425,8.602325267,12.20655562,7.810249676,12.04159458,5.830951895,13.45362405,7.071067812,15,8.485281374,13.45362405,6.403124237,11.66190379,7.071067812,13.45362405,7.810249676,12.80624847,7.211102551,13.03840481,7.211102551,13.60147051,5,12.80624847,6.403124237,13.60147051,6.403124237,11.3137085,8.602325267,12.80624847,9.219544457,13.60147051,8.602325267,11.40175425
10.63014581,9.219544457,12.80624847,11.40175425,11.40175425,12.20655562,13.45362405,9.848857802,13.45362405,8.062257748,13.45362405,9.433981132,13.45362405,8.602325267,12.04159458,10.81665383,12.80624847,9.219544457,12.80624847,9.219544457,15.55634919,7.810249676,14.2126704,8.062257748,14.14213562,10,14.2126704,7.211102551,15,7.810249676,14.14213562,8.602325267,13.45362405,7.071067812,12.04159458,8.485281374,10.63014581,9.899494937,12.72792206,9.219544457,13.45362405,7.810249676,11.3137085,10,12.80624847,7.810249676,13.45362405,9.219544457,13.45362405,8.602325267,12.04159458,10.63014581
3.605551275,16.2788206,3.16227766,16.97056275,1.414213562,18.38477631,1,18.43908891,1,16.97056275,1.414213562,17.69180601,1,17.69180601,1.414213562,15.55634919,0,19.10497317,1,17.69180601,1,19.10497317,2.236067977,17.69180601,1.414213562,16.97056275,3.16227766,17.80449381,1,16.97056275,2.236067977,17.69180601,1.414213562,16.2788206,2.236067977,17.69180601,3,17.02938637,1.414213562,17.02938637,1,18.38477631,1,15.55634919,2,14.86606875,0,16.2788206,1.414213562,16.2788206,1,15.55634919
11.40175425,10.63014581,10.81665383,12.80624847,10,14.86606875,10.63014581,12.72792206,9.219544457,13.45362405,10,13.03840481,10.81665383,12.80624847,12.04159458,13.45362405,9.899494937,13.03840481,9.433981132,10.63014581,9.219544457,12.52996409,8.602325267,13.60147051,9.219544457,13.03840481,12.20655562,15,9.219544457,12.72792206,10,13.60147051,10.63014581,13.60147051,9.848857802,13.45362405,8.602325267,13.45362405,10.81665383,12.04159458,9.899494937,11.40175425,10.77032961,13.60147051,8.485281374,8.94427191,10,12.20655562,10.29563014,12.04159458,12.04159458,11.18033989
19.10497317,45.96737974,17,55.00909016,4.472135955,54.4885309,12.08304597,70.21395873,9.055385138,44.68780594,25,37.58989226,11.04536102,45.96737974,11.18033989,31.89043744,23.76972865,47.38143096,21.21320344,38.94868419,29.27456234,65.80273551,15.8113883,60.44005295,8.602325267,48.87739764,20.24845673,48.41487375,13.03840481,58.25804665,22.36067977,68.50547423,6.32455532,48.83646179,28.28427125,42.80186912,18.02775638,56.93856338,19.72308292,41.03656906,24.16609195,49.49747468,25.07987241,46.04345773,17.08800749,42.72001873,23.85372088,43.01162634,26.07680962,47.38143096,25.94224354,60.20797289
7.211102551,16.2788206,7.615773106,16.64331698,7.211102551,17.02938637,7.810249676,17.49285568,7.211102551,16.97056275,7.211102551,16.40121947,7.810249676,15.62049935,7.810249676,16.97056275,9.219544457,15.8113883,7.211102551,15.26433752,7.810249676,17.02938637,7.211102551,17.69180601,8.062257748,16.97056275,9.219544457,15.55634919,8.602325267,14.86606875,7.810249676,14.14213562,9.433981132,15.55634919,6.708203932,15,9.848857802,16.97056275,7.211102551,14.2126704,8.602325267,14.86606875,7.615773106,17.69180601,8.062257748,15,6.32455532,16.2788206,5.830951895,15.62049935,6.708203932,14.14213562
17.69180601,5.099019514,17.02938637,7.280109889,19.79898987,6.08276253,16.40121947,6.708203932,17.69180601,6.08276253,18.43908891,4.123105626,19.10497317,4.472135955,16.2788206,5,16.97056275,3.605551275,18.43908891,3.605551275,19.84943324,6.403124237,17.80449381,5,17.69180601,5,19.41648784,5.830951895,17.02938637,5.656854249,18.60107524,3.605551275,17.02938637,4.123105626,17.69180601,3.16227766,17.69180601,5.385164807,17.69180601,3.605551275,18.38477631,3.16227766,17.02938637,3.605551275,17.20465053,4.472135955,17.69180601,6.708203932,16.2788206,4.472135955,17.20465053,4.472135955
15.55634919,4.123105626,15.8113883,3.16227766,15.55634919,2,17.02938637,3.16227766,15,1.414213562,15.62049935,4,16.40121947,2.236067977,16.40121947,1,16.2788206,1.414213562,17.69180601,2.236067977,17.69180601,2.828427125,15,0,15.62049935,2,15.55634919,2,15.62049935,1.414213562,14.86606875,3.605551275,15.8113883,1,14.86606875,1,13.45362405,1.414213562,14.14213562,3.16227766,15.55634919,2.236067977,13.45362405,2,12.80624847,3,15.55634919,3.16227766,14.86606875,4.123105626,14.2126704,4.123105626
10.63014581,14.86606875,8.602325267,17.02938637,8.602325267,17.80449381,9.219544457,19.10497317,9.433981132,19.84943324,8.602325267,17.80449381,7.071067812,18.60107524,8.246211251,17.69180601,9.219544457,17.80449381,7.211102551,19.20937271,8.062257748,18.60107524,9.848857802,18.38477631,8.544003745,17.02938637,8.062257748,17.20465053,9.219544457,17.02938637,8.544003745,15.62049935,9.486832981,16.97056275,8.544003745,14.86606875,8.062257748,16.2788206,11.70469991,15,9.848857802,16.2788206,8.246211251,15,9.433981132,13.45362405,10.19803903,13.60147051,12.08304597,18.60107524,13,16.40121947
17.20465053,4.123105626,14.86606875,5,15.55634919,3.605551275,16.2788206,3.16227766,16.40121947,3.605551275,14.4222051,5,13.45362405,3.605551275,15.62049935,5.385164807,13.45362405,5.099019514,14.86606875,4,16.2788206,7,14.2126704,4.123105626,14.86606875,6.32455532,15.55634919,4,13.45362405,5.099019514,14.2126704,5.099019514,14.86606875,5.099019514,13.45362405,4,12.80624847,4.123105626,12.20655562,4.123105626,15.62049935,4.123105626,13.60147051,4.123105626,12.20655562,2.828427125,14.86606875,3.16227766,14.2126704,2.828427125,14.14213562,4.123105626
15,2,15.62049935,3,16.2788206,2.236067977,16.64331698,3.16227766,17.69180601,1,17.80449381,2,16.40121947,1,16.40121947,3,15.8113883,2.828427125,15,2.236067977,16.40121947,2.236067977,14.2126704,2.828427125,15.62049935,2.236067977,14.86606875,2.236067977,15.55634919,2.236067977,15,1.414213562,14.2126704,2.828427125,15,2.828427125,16.2788206,1,14.2126704,2.236067977,14.14213562,2.236067977,12.72792206,3.16227766,13.45362405,4.123105626,14.2126704,2.236067977,14.86606875,4.123105626,14.86606875,5.099019514
16.2788206,13.41640786,13.45362405,14.76482306,12.72792206,10,14.2126704,13.03840481,14.2126704,14.76482306,16.2788206,9.899494937,15.55634919,12.72792206,13.45362405,9.899494937,16.2788206,8.062257748,13.45362405,8.485281374,16.40121947,9.219544457,15.8113883,11.18033989,16.40121947,11.3137085,15,10,15,10.63014581,16.2788206,9.848857802,15.8113883,10.77032961,14.14213562,9.848857802,13.45362405,10.81665383,12.04159458,9.219544457,12.72792206,10,12.04159458,10.63014581,11.66190379,10.81665383,15,12.80624847,12.80624847,9.899494937,14.2126704,12.20655562
8.544003745,16.97056275,7.615773106,17.69180601,8.94427191,18.38477631,9.899494937,19.10497317,6.32455532,18.43908891,8.602325267,19.79898987,9.433981132,17.69180601,7.211102551,21.21320344,5.656854249,19.20937271,6.32455532,18.35755975,7.211102551,20.61552813,7.810249676,21.26029163,3.605551275,19.79898987,5,18.43908891,5.385164807,18.60107524,5,19.10497317,7.211102551,17.80449381,6.32455532,16.2788206,7.211102551,16.97056275,7.280109889,18.43908891,5.385164807,16.97056275,6.403124237,16.2788206,6.708203932,15.55634919,6.403124237,15.55634919,5.830951895,19.10497317,8.485281374,17.02938637
12.72792206,6.32455532,14.2126704,9.848857802,16.2788206,9.055385138,15.55634919,6.708203932,14.14213562,7.211102551,14.86606875,7.810249676,15.8113883,7.071067812,15.62049935,7.810249676,17.02938637,5.385164807,17.02938637,6.08276253,18.43908891,4.472135955,17.02938637,6.403124237,16.2788206,5,15,5.656854249,14.2126704,4.472135955,15.55634919,4,17.02938637,3.605551275,15.55634919,5.656854249,15.55634919,4.472135955,14.86606875,5.830951895,13.45362405,5,13.45362405,4.472135955,13.45362405,5,14.2126704,6.403124237,12.80624847,4.123105626,14.86606875,6.403124237
5,14.2126704,5,15.55634919,6.32455532,15.55634919,3,16.40121947,4,17.20465053,3.16227766,17.69180601,5,14.86606875,3.605551275,16.97056275,3.605551275,17.02938637,2,17.69180601,2.828427125,16.97056275,2.236067977,16.2788206,1,17.69180601,2.236067977,17.69180601,3,16.40121947,4.242640687,14.86606875,3.605551275,17.69180601,2.236067977,16.2788206,3.16227766,15.62049935,3,16.2788206,3.16227766,13.45362405,2.236067977,16.2788206,5,13.45362405,4.123105626,14.2126704,6.32455532,15,4.123105626,14.2126704
2,16.2788206,1,16.64331698,1,16.97056275,1.414213562,17.02938637,2,15.55634919,1,15.55634919,3.16227766,14.86606875,2.236067977,17.02938637,2.236067977,15.62049935,2.236067977,16.40121947,3,16.97056275,2.236067977,16.2788206,5.385164807,16.40121947,3.605551275,16.2788206,3.16227766,14.86606875,5,14.86606875,3.605551275,15.62049935,1.414213562,14.86606875,3,14.86606875,2,13.45362405,2.236067977,12.80624847,4.123105626,12.04159458,3,14.2126704,4.472135955,16.2788206,4.472135955,14.2126704,5.830951895,14.86606875
14.14213562,8.94427191,15.55634919,8.602325267,14.14213562,9.433981132,14.86606875,9.848857802,14.86606875,8.94427191,15.55634919,6.708203932,17.69180601,7.211102551,14.86606875,6.403124237,14.86606875,6.403124237,15,7.071067812,15.62049935,6.403124237,14.2126704,7.071067812,14.2126704,9.219544457,12.72792206,6.708203932,15,7.071067812,14.86606875,6.708203932,15.62049935,6.708203932,15.55634919,7.810249676,13.45362405,6.403124237,14.14213562,5,14.86606875,6.403124237,13.45362405,6.708203932,13.60147051,7.211102551,13.45362405,8.602325267,13.45362405,8.062257748,13.60147051,7.810249676
14.86606875,8.94427191,14.14213562,9.433981132,14.86606875,9.486832981,14.86606875,8.94427191,15.55634919,7.211102551,15.62049935,8.062257748,16.2788206,7.071067812,16.97056275,7.810249676,17.80449381,7.211102551,16.2788206,8.485281374,17.69180601,8.062257748,14.2126704,7.071067812,15.8113883,8.602325267,14.86606875,8.062257748,15.62049935,7.810249676,13.45362405,7.211102551,16.40121947,8.602325267,15.62049935,6.708203932,16.40121947,6.403124237,16.2788206,7.280109889,15,7.615773106,12.72792206,7.071067812,12.72792206,7.071067812,14.4222051,10.29563014,15,7.211102551,13.03840481,8.062257748
12.20655562,11.40175425,12.04159458,10.29563014,12.80624847,10.77032961,15.8113883,12.04159458,13.45362405,11.40175425,12.80624847,10,13.45362405,9.219544457,13.41640786,11.40175425,14.2126704,7.071067812,13.03840481,9.433981132,13.89244399,11.40175425,13.89244399,9.433981132,15.26433752,10,13.60147051,9.848857802,13.03840481,7.615773106,12.20655562,8.94427191,13.60147051,10.81665383,12.20655562,10.44030651,12.08304597,10.77032961,13.03840481,9.433981132,10.77032961,10.77032961,11.66190379,10.29563014,10,13,11.66190379,10.77032961,10.29563014,13.60147051,9.433981132,10
8.544003745,15.62049935,9.848857802,16.2788206,9.433981132,17.69180601,9.433981132,16.2788206,9.433981132,15.62049935,8.602325267,16.2788206,9.433981132,16.40121947,7.071067812,16.2788206,7.211102551,16.97056275,7.071067812,17.02938637,7.071067812,17.20465053,5,16.40121947,7.211102551,18.43908891,6.708203932,16.2788206,5.830951895,16.40121947,7.211102551,17.02938637,6.708203932,17.02938637,7.211102551,15.55634919,8.062257748,15.62049935,6.708203932,16.40121947,7.615773106,15,8.246211251,15.8113883,7.211102551,15,8.544003745,15,7.615773106,14.4222051,8.602325267,14.2126704
8.602325267,15,8.544003745,17.02938637,8.485281374,15.26433752,9.433981132,18.86796226,9.899494937,15,9.433981132,16.40121947,12.72792206,14.2126704,9.219544457,14.2126704,9.899494937,16.2788206,12.04159458,16.40121947,9.219544457,15.55634919,8.602325267,14.14213562,9.433981132,13.45362405,10.81665383,15.62049935,9.433981132,13.60147051,12.20655562,13.45362405,9.433981132,12.80624847,10,12.80624847,8.602325267,13.45362405,8.94427191,12.80624847,9.848857802,14.86606875,7.810249676,12.80624847,5.830951895,13.60147051,8.062257748,14.2126704,7.615773106,14.4222051,7.615773106,14.2126704
8.94427191,12.80624847,6.32455532,15.8113883,5.656854249,13.60147051,8.544003745,15.55634919,5.099019514,12.80624847,8.94427191,14.2126704,8.062257748,15.55634919,5.385164807,14.86606875,5.385164807,14.4222051,5,14.4222051,3.605551275,15,5.656854249,14.86606875,5,14.86606875,4.242640687,13.45362405,5.830951895,15,5,15.55634919,4.472135955,15,6.708203932,14.86606875,5,13.45362405,4.472135955,15.62049935,3.605551275,13.45362405,4.472135955,14.14213562,5.830951895,12.04159458,3.16227766,12.20655562,5,15.62049935,6.403124237,12.80624847
12.80624847,9.899494937,12.80624847,10.63014581,10.63014581,11.40175425,11.3137085,9.899494937,9.899494937,9.219544457,12.80624847,9.899494937,12.72792206,9.899494937,11.40175425,11.3137085,12.04159458,11.3137085,10.81665383,9.899494937,11.40175425,11.40175425,12.04159458,9.899494937,11.3137085,11.66190379,11.40175425,8.94427191,11.40175425,10.81665383,11.66190379,11.18033989,13.03840481,10.29563014,11.40175425,10.29563014,13.45362405,9.219544457,11.40175425,10.63014581,9.433981132,7.810249676,10,7.615773106,11.40175425,7.211102551,11.3137085,7.280109889,11.40175425,7.211102551,12.04159458,8.94427191
8.544003745,12.80624847,5.830951895,13.60147051,7.211102551,14.14213562,7.810249676,15,9.219544457,12.04159458,9.433981132,12.20655562,9.899494937,14.14213562,7.810249676,14.14213562,10.63014581,11.40175425,10,12.04159458,9.219544457,12.80624847,7.211102551,13.45362405,7.071067812,13.60147051,7.810249676,12.72792206,9.219544457,11.40175425,8.485281374,12.72792206,8.485281374,12.04159458,8.485281374,11.40175425,9.219544457,12.72792206,7.211102551,12.80624847,8.602325267,12.04159458,8.485281374,12.04159458,8.062257748,9.899494937,6.403124237,12.80624847,7.810249676,12.80624847,8.485281374,14.14213562
6.08276253,15.8113883,5.099019514,18.38477631,5,17.69180601,5.385164807,18.43908891,3.605551275,17.02938637,5.385164807,17.02938637,3.16227766,16.2788206,2.236067977,17.02938637,2.828427125,16.2788206,5,16.2788206,2.236067977,16.97056275,5,17.69180601,4.123105626,16.97056275,3.16227766,16.97056275,3.605551275,16.2788206,3.16227766,18.38477631,2.828427125,16.2788206,2.236067977,16.2788206,3.605551275,15.55634919,3.605551275,15.55634919,3.16227766,15.55634919,2.828427125,17.02938637,5.385164807,14.2126704,5,16.2788206,5,17.80449381,4.123105626,16.2788206
18.60107524,4.472135955,17.69180601,5.830951895,17.02938637,5.385164807,15.55634919,3.605551275,16.2788206,5.830951895,14.86606875,5,16.2788206,7.071067812,14.86606875,4.472135955,14.2126704,8.602325267,16.2788206,6.403124237,17.69180601,5.830951895,16.97056275,7.211102551,16.2788206,8.485281374,14.86606875,6.403124237,15.55634919,5.830951895,18.43908891,5.830951895,14.14213562,5.656854249,13.60147051,4.242640687,16.2788206,5.656854249,16.40121947,5.099019514,14.14213562,5,14.4222051,5.830951895,14.86606875,6.08276253,14.86606875,5.830951895,16.2788206,9.055385138,16.40121947,5.099019514
42.43819035,36.12478374,40.70626487,38.41874542,39.35733731,38.28837944,44.41846463,40.31128874,38.58756276,33.24154028,39.40812099,38.94868419,37.01351105,39.69886648,29.68164416,38.20994635,33.28663395,38.18376618,35.80502758,35.22782991,30.23243292,40.36087214,33.24154028,34.13209633,33.60059523,39.20459157,34.6554469,39.62322551,34.71310992,38.28837944,32.80243893,39.05124838,36.79673899,38.41874542,32.55764119,40.36087214,38.18376618,36.79673899,36.12478374,34.82814953,33.60059523,36.79673899,38.89730068,32.52691193,34.71310992,30.41381265,37.64306045,33.24154028,36.12478374,29.83286778,40.45985665,37.73592453
13.60147051,9.899494937,13.60147051,10.63014581,10.81665383,12.80624847,14.2126704,12.20655562,12.80624847,10.63014581,12.20655562,10.63014581,12.80624847,10.81665383,10.63014581,10,12.04159458,11.66190379,13.03840481,8.94427191,12.80624847,11.40175425,11.40175425,12.20655562,12.20655562,11.66190379,11.40175425,12.20655562,9.899494937,11.66190379,12.04159458,10,13.45362405,8.062257748,13.92838828,10.81665383,12.04159458,10.29563014,10.81665383,8.94427191,12.20655562,10,11.66190379,10.29563014,12.80624847,10.81665383,13.60147051,11.66190379,14.4222051,10.29563014,14.2126704,9.433981132
15.55634919,5.099019514,15.62049935,5.385164807,16.97056275,6,16.40121947,6.08276253,15.62049935,5.099019514,17.02938637,4.472135955,15.62049935,4.242640687,15,5,17.20465053,3.605551275,14.2126704,6.708203932,14.86606875,3.605551275,15.62049935,3.605551275,15.8113883,4.242640687,16.97056275,3.605551275,14.86606875,3.16227766,15.62049935,1,16.40121947,4.123105626,15.62049935,5.099019514,14.86606875,4.123105626,14.86606875,6.08276253,15.55634919,5.830951895,15.55634919,3.16227766,15.8113883,6.32455532,15.55634919,5,14.86606875,5.099019514,14.2126704,4.472135955
6.32455532,15,7.615773106,16.64331698,5.099019514,16.1245155,8.544003745,15,5.830951895,14.86606875,8.602325267,15.26433752,5.656854249,14.86606875,8.485281374,12.80624847,8.602325267,13.60147051,6.403124237,13.45362405,8.602325267,16.40121947,5.830951895,11.3137085,8.94427191,14.14213562,5,14.86606875,5.830951895,12.72792206,7.615773106,12.04159458,7.211102551,13.45362405,6.708203932,15.62049935,6.403124237,13.45362405,7.810249676,12.72792206,7.211102551,13.45362405,6.403124237,14.14213562,8.485281374,12.72792206,5,14.14213562,5.385164807,14.2126704,6.708203932,14.2126704
6.708203932,14.4222051,6.708203932,15.8113883,7.211102551,15.8113883,6.403124237,14.4222051,6.403124237,13.45362405,7.211102551,14.86606875,6.403124237,15,7.211102551,15.62049935,8.602325267,11.40175425,7.071067812,13.60147051,7.810249676,14.86606875,7.211102551,14.14213562,6.708203932,14.14213562,7.211102551,15.55634919,7.615773106,13.45362405,9.433981132,14.86606875,8.062257748,13.45362405,6.403124237,13.45362405,7.071067812,14.14213562,6.708203932,13.45362405,8.062257748,14.2126704,6.708203932,14.14213562,6.708203932,12.04159458,7.280109889,14.14213562,5.830951895,14.86606875,6.708203932,14.86606875
17.02938637,4.123105626,17.80449381,6.32455532,17.02938637,4.123105626,17.02938637,5,18.60107524,3.16227766,16.2788206,5,17.80449381,2.828427125,16.2788206,2.828427125,17.20465053,2.236067977,17.69180601,3.605551275,17.69180601,3.16227766,17.69180601,3.605551275,17.02938637,4,18.43908891,4,18.38477631,5.385164807,18.43908891,4.123105626,14.86606875,4,16.2788206,5,15.62049935,5.099019514,17.02938637,3.605551275,14.86606875,3.16227766,14.14213562,5,15.62049935,6.08276253,15,6.08276253,13.45362405,4.472135955,15.55634919,4.123105626
12.20655562,13.89244399,11.40175425,13.89244399,12.20655562,13.41640786,11.3137085,13.03840481,10,13.03840481,11.3137085,11.66190379,12.04159458,11.40175425,12.04159458,11.3137085,13.45362405,12.04159458,13.45362405,11.3137085,11.40175425,13.45362405,12.72792206,12.04159458,12.04159458,12.04159458,12.20655562,12.04159458,10.81665383,9.899494937,12.72792206,10.29563014,12.72792206,10,12.04159458,9.219544457,14.2126704,10.63014581,13.03840481,10.63014581,12.04159458,11.3137085,11.40175425,12.04159458,9.899494937,13.03840481,13.03840481,10.63014581,10,11.40175425,10.63014581,10.63014581
14.86606875,6,16.40121947,5.830951895,19.10497317,5,17.02938637,2.828427125,16.40121947,4.123105626,15.62049935,5.099019514,16.2788206,2,17.80449381,4.472135955,14.86606875,3.16227766,16.2788206,4.472135955,17.02938637,4,15.8113883,3,17.02938637,3.16227766,16.2788206,3,15,4.123105626,16.2788206,5.099019514,15.62049935,2.828427125,16.2788206,4,15.62049935,6.08276253,12.80624847,5,16.40121947,5.099019514,14.2126704,4.123105626,14.14213562,6.08276253,15.55634919,7,14.14213562,6.08276253,13.45362405,6.08276253
12.80624847,10.77032961,14.2126704,13.03840481,13.45362405,12.52996409,13.45362405,10.81665383,14.14213562,12.20655562,12.72792206,9.899494937,15,9.219544457,13.60147051,11.40175425,13.45362405,10,11.18033989,10,15,10,13.03840481,9.219544457,13.03840481,9.899494937,11.40175425,9.899494937,13.45362405,9.219544457,12.80624847,8.602325267,12.80624847,8.602325267,12.04159458,9.433981132,11.40175425,8.602325267,11.40175425,9.219544457,13.60147051,8.485281374,11.40175425,10,11.66190379,9.433981132,12.20655562,10.81665383,11.40175425,10,11.66190379,10.81665383
12.80624847,12.04159458,11.70469991,12.80624847,12.20655562,14.4222051,11.40175425,15.62049935,12.04159458,14.2126704,11.3137085,15.8113883,12.04159458,13.60147051,11.3137085,14.2126704,12.04159458,14.4222051,11.40175425,11.66190379,10.63014581,12.20655562,12.04159458,13.89244399,12.20655562,14.76482306,11.66190379,14.4222051,10.29563014,13.89244399,11.40175425,12.20655562,10.63014581,13.60147051,10.81665383,13.41640786,11.40175425,12.80624847,10.29563014,12.20655562,10.81665383,12.04159458,11.18033989,11.66190379,10.81665383,12.08304597,12.20655562,9.848857802,11.66190379,11.18033989,13.60147051,11.18033989
18.38477631,2.828427125,17.20465053,1,17.80449381,2.236067977,17.20465053,3,17.20465053,2,15.26433752,1,18.43908891,1,18.43908891,2,16.97056275,3.16227766,18.43908891,2,14.86606875,2.236067977,15.62049935,2,17.69180601,4.123105626,18.38477631,1.414213562,17.69180601,2.236067977,19.84943324,5,17.69180601,2.236067977,18.38477631,3,16.2788206,2.828427125,17.02938637,5,16.97056275,1.414213562,15.55634919,2.236067977,14.2126704,3.605551275,15.55634919,2.828427125,16.2788206,3.16227766,15.55634919,3.605551275
7.615773106,14.14213562,9.433981132,15.62049935,8.94427191,16.2788206,8.062257748,18.43908891,9.433981132,15.62049935,8.602325267,17.69180601,7.810249676,16.2788206,6.403124237,17.02938637,7.810249676,16.2788206,5,16.2788206,7.071067812,17.80449381,7.071067812,17.02938637,6.708203932,17.80449381,6.403124237,17.02938637,5.656854249,15,7.211102551,17.02938637,6.32455532,15.62049935,6.708203932,15.55634919,6.32455532,15.62049935,7.280109889,16.2788206,7.280109889,15.8113883,6.708203932,15.55634919,7.211102551,13.45362405,7.280109889,13.45362405,8.062257748,14.86606875,7.810249676,14.2126704
17.02938637,11.3137085,16.2788206,10,15,11.3137085,16.40121947,11.40175425,15,9.433981132,15,12.08304597,15,10.81665383,15,12.20655562,14.86606875,11.40175425,14.2126704,12.72792206,14.86606875,14.4222051,13.45362405,13.41640786,14.4222051,11.3137085,12.80624847,13.03840481,13.03840481,11.40175425,13.60147051,12.08304597,12.72792206,10.29563014,14.4222051,10.29563014,15.62049935,10.29563014,14.2126704,7.615773106,12.80624847,8.602325267,12.80624847,8.602325267,12.80624847,10.29563014,14.2126704,6.708203932,14.2126704,10.29563014,12.80624847,8.544003745
17.69180601,3.16227766,17.20465053,3,17.80449381,1,18.60107524,1.414213562,17.80449381,1,17.20465053,1.414213562,18.43908891,2.236067977,18.60107524,2.828427125,17.02938637,0,19.10497317,2.236067977,19.10497317,4.242640687,19.20937271,5.830951895,16.2788206,5,16.2788206,4.472135955,15.55634919,4.472135955,17.02938637,3.605551275,17.80449381,2.236067977,16.40121947,2,15.62049935,4.242640687,16.97056275,2.828427125,16.2788206,3,15,2.236067977,15.55634919,3,15.55634919,3.16227766,16.2788206,4,16.2788206,3.16227766
16.2788206,4.472135955,17.20465053,3.605551275,18.43908891,3.605551275,16.64331698,2.828427125,17.02938637,4.242640687,17.80449381,3.605551275,19.20937271,3,17.80449381,5.099019514,18.43908891,3.16227766,16.2788206,2.236067977,17.02938637,3.605551275,17.69180601,5.099019514,17.80449381,4,16.2788206,5.099019514,16.97056275,2,16.2788206,4.123105626,15,5,16.2788206,4.123105626,16.97056275,4,14.86606875,3,15.62049935,4.472135955,15,5,13.45362405,3,14.86606875,6.32455532,14.2126704,6.08276253,14.14213562,6.08276253
2.828427125,14.4222051,5,16.2788206,4.242640687,17.20465053,5,17.69180601,5.830951895,18.43908891,5,19.10497317,5.830951895,17.02938637,4.123105626,18.38477631,6.708203932,14.4222051,7.810249676,14.86606875,5.830951895,16.40121947,8.062257748,14.2126704,6.08276253,14.2126704,6.32455532,16.2788206,6.708203932,15.62049935,6.32455532,14.86606875,5.385164807,14.86606875,3.605551275,17.02938637,6.32455532,14.2126704,1,15.55634919,2.236067977,14.86606875,2.236067977,14.14213562,8.062257748,14.14213562,3,15.55634919,9.055385138,15.55634919,4,14.86606875
4.242640687,16.2788206,7.211102551,17.80449381,5,17.69180601,6.403124237,18.43908891,7.071067812,17.69180601,6.403124237,17.80449381,6.403124237,16.2788206,5.830951895,16.2788206,5.830951895,16.97056275,7.280109889,17.69180601,6.32455532,18.38477631,5.830951895,16.2788206,7.280109889,14.2126704,7.211102551,16.2788206,7.071067812,16.2788206,6.32455532,15.62049935,5.385164807,15.62049935,6.708203932,15,4.123105626,15.62049935,5,16.2788206,6.32455532,15,4.123105626,14.86606875,4,14.86606875,4,16.2788206,3.16227766,14.86606875,5,15.55634919
3.605551275,15.62049935,5.099019514,16.2788206,3.605551275,15.62049935,5,15.62049935,5,14.2126704,6.403124237,16.2788206,8.485281374,14.86606875,8.602325267,12.80624847,6.403124237,12.72792206,6.708203932,16.2788206,6.32455532,13.45362405,7.615773106,14.14213562,6.708203932,14.86606875,5.099019514,14.86606875,7.071067812,14.86606875,7,12.80624847,6.08276253,12.80624847,3.16227766,12.04159458,6.08276253,12.80624847,5.099019514,12.20655562,5.099019514,13.45362405,5.099019514,12.04159458,5,13.45362405,4,13.45362405,5,12.04159458,4.123105626,12.72792206
1.414213562,14.86606875,3.16227766,17.02938637,1.414213562,17.02938637,1,18.60107524,1,17.69180601,1.414213562,17.02938637,2,17.02938637,3.16227766,16.2788206,3.16227766,16.40121947,2.236067977,16.2788206,2,16.2788206,3,17.69180601,3.16227766,17.69180601,4.123105626,17.02938637,3,15.62049935,4.472135955,17.02938637,4.123105626,16.2788206,3,15.55634919,2.236067977,14.14213562,3.16227766,14.14213562,2.828427125,15.62049935,4,15.55634919,3.16227766,13.45362405,3.16227766,14.86606875,2.828427125,14.2126704,3.605551275,13.45362405
16.97056275,3.16227766,15.8113883,5.385164807,17.69180601,5.099019514,17.02938637,2.236067977,15.62049935,3.605551275,16.40121947,5.830951895,15.8113883,4.472135955,15.62049935,6.403124237,14.86606875,5.830951895,17.69180601,6.403124237,17.69180601,5.656854249,16.2788206,6.32455532,14.86606875,3.605551275,17.02938637,6.708203932,14.86606875,5.830951895,15.62049935,5.830951895,14.2126704,4.472135955,16.2788206,5.385164807,14.86606875,6.708203932,14.4222051,2.236067977,14.14213562,4.123105626,13.60147051,5.099019514,13.45362405,4.123105626,16.2788206,2.236067977,14.14213562,3.16227766,15.55634919,3.16227766
4.472135955,15,6.32455532,14.86606875,5,15.62049935,5,13.45362405,5.656854249,15.62049935,3.605551275,13.45362405,6.708203932,12.80624847,7.071067812,14.86606875,5,15.8113883,5.385164807,14.4222051,6.708203932,14.86606875,5,12.80624847,5,15,8.062257748,14.14213562,5.830951895,12.80624847,7.211102551,13.45362405,8.062257748,12.20655562,6.403124237,12.04159458,7.211102551,14.86606875,5.830951895,12.80624847,5.385164807,12.72792206,4.472135955,12.72792206,5,12.72792206,6.32455532,13.45362405,6.32455532,12.80624847,4.123105626,14.2126704
3.16227766,19.84943324,2.236067977,17.80449381,1,19.10497317,1,20.80865205,1,19.10497317,1,18.43908891,2.236067977,19.10497317,1.414213562,18.43908891,1.414213562,18.38477631,2.828427125,18.43908891,2.828427125,19.10497317,2.236067977,17.69180601,2.236067977,17.02938637,3.605551275,17.02938637,2.236067977,16.2788206,2.236067977,18.38477631,3.605551275,16.2788206,2.236067977,16.2788206,3.605551275,17.02938637,3.605551275,16.97056275,2.236067977,16.2788206,3.605551275,16.2788206,3.16227766,15.55634919,3.605551275,14.86606875,3.16227766,17.02938637,5.099019514,16.2788206
6.403124237,16.2788206,7.810249676,16.2788206,7.810249676,16.40121947,6.403124237,17.02938637,8.062257748,17.69180601,7.071067812,16.2788206,7.211102551,16.2788206,8.062257748,13.45362405,9.219544457,16.2788206,8.94427191,13.45362405,8.062257748,14.14213562,7.071067812,14.86606875,8.062257748,14.2126704,8.544003745,15.62049935,6.403124237,16.2788206,8.94427191,16.97056275,9.055385138,15,4.123105626,12.72792206,6.403124237,14.2126704,6.08276253,14.86606875,8.544003745,13.45362405,7.071067812,13.45362405,4.472135955,14.2126704,4.123105626,14.86606875,6,16.2788206,5.099019514,13.45362405
4.472135955,17.20465053,5.830951895,18.43908891,6.403124237,18.38477631,5,16.97056275,6.708203932,16.40121947,7.280109889,18.43908891,7.071067812,17.69180601,7.071067812,17.69180601,5,17.02938637,4.242640687,14.14213562,6.403124237,17.02938637,3.605551275,16.2788206,5.830951895,16.2788206,5.830951895,17.02938637,5.830951895,15.62049935,7.071067812,15.62049935,6.708203932,15,6.32455532,14.86606875,5.385164807,14.14213562,5.830951895,15.55634919,5.830951895,14.2126704,6.32455532,16.2788206,5.830951895,14.4222051,3,16.2788206,5.385164807,18.43908891,5.099019514,15.55634919
16.40121947,13.41640786,17.02938637,13,16.64331698,11.18033989,16.2788206,12.20655562,14.86606875,12.52996409,15.62049935,12.52996409,17.80449381,10.29563014,16.40121947,12.20655562,15.62049935,10,14.86606875,10.63014581,16.97056275,10.29563014,16.40121947,9.219544457,16.2788206,8.485281374,16.97056275,9.219544457,19.10497317,7.810249676,17.69180601,9.899494937,15.55634919,9.219544457,17.69180601,7.615773106,17.69180601,10.81665383,15,7.810249676,17.69180601,8.485281374,13.45362405,8.602325267,14.86606875,10,15,11.40175425,16.40121947,10.81665383,14.4222051,10.63014581
10.77032961,15,9.433981132,15.55634919,8.062257748,16.40121947,9.899494937,14.2126704,8.602325267,15.55634919,8.602325267,14.2126704,7.810249676,16.2788206,7.810249676,15.55634919,7.810249676,14.86606875,7.810249676,16.2788206,10,16.40121947,8.485281374,15.62049935,8.602325267,17.02938637,7.810249676,14.86606875,7.071067812,15.62049935,8.602325267,16.2788206,7.810249676,15.62049935,9.433981132,13.45362405,8.062257748,15.55634919,6.708203932,15,6.708203932,14.2126704,6.708203932,15,8.602325267,13.60147051,10.29563014,13.45362405,8.602325267,13.60147051,11.66190379,15
13.41640786,13.45362405,11.40175425,11.66190379,10.63014581,13.45362405,10.81665383,14.86606875,11.40175425,15.55634919,10.29563014,14.14213562,11.40175425,12.80624847,11.40175425,15.62049935,10,13.45362405,10,14.86606875,10.63014581,14.2126704,10.63014581,13.03840481,8.602325267,15,9.219544457,12.72792206,11.40175425,12.04159458,11.3137085,14.2126704,10.63014581,13.60147051,11.3137085,11.40175425,10.81665383,15,9.433981132,12.80624847,10,11.40175425,10.81665383,13.03840481,10.63014581,13.45362405,10.29563014,13.60147051,12.04159458,13.60147051,12.04159458,13.41640786
7.810249676,13.60147051,9.433981132,14.14213562,7.071067812,15.62049935,7.810249676,14.2126704,7.211102551,14.86606875,9.219544457,13.45362405,9.219544457,15,9.219544457,12.72792206,9.899494937,12.04159458,10.63014581,12.80624847,8.94427191,13.45362405,8.602325267,12.72792206,10,12.80624847,10,13.45362405,8.94427191,12.04159458,9.433981132,13.60147051,9.433981132,13.45362405,7.810249676,13.45362405,7.211102551,12.72792206,7.615773106,12.80624847,8.94427191,13.45362405,8.062257748,12.80624847,7.810249676,12.80624847,7.615773106,14.14213562,8.246211251,12.80624847,8.062257748,12.04159458
14.86606875,5.099019514,15.55634919,6.708203932,14.14213562,5,14.86606875,5.385164807,13.45362405,5.830951895,15,5,15.62049935,4.242640687,13.45362405,2.828427125,14.2126704,3.16227766,12.80624847,4.123105626,14.86606875,4.242640687,14.86606875,4.472135955,13.03840481,5,16.2788206,5,15.62049935,2.828427125,14.86606875,4.242640687,14.2126704,3.605551275,16.97056275,5.099019514,14.86606875,4.472135955,15.62049935,4.123105626,13.45362405,4.472135955,14.2126704,5.830951895,13.45362405,5.099019514,15.55634919,5.830951895,14.14213562,6.32455532,13.45362405,5.385164807
5.099019514,17.69180601,6.08276253,16.97056275,5.385164807,19.20937271,5.656854249,19.10497317,5.656854249,15.62049935,7.071067812,16.97056275,5,18.38477631,5.830951895,16.2788206,6.403124237,16.97056275,5.385164807,17.69180601,5.830951895,16.2788206,5,15.62049935,7.615773106,16.2788206,5.385164807,16.2788206,5.099019514,16.97056275,5.830951895,16.2788206,4.472135955,15.62049935,5.385164807,17.02938637,5.385164807,17.69180601,6.08276253,17.69180601,4.472135955,16.97056275,5,15.62049935,4.123105626,15.62049935,4.123105626,17.69180601,5.099019514,18.38477631,5,16.40121947
15.55634919,6.08276253,16.40121947,5.385164807,17.02938637,5.656854249,17.02938637,3.16227766,17.69180601,4,16.2788206,5,17.69180601,2.236067977,16.97056275,5,17.69180601,1.414213562,12.20655562,5.385164807,15.62049935,2.828427125,16.2788206,2.828427125,14.14213562,4.242640687,15.62049935,4.472135955,16.2788206,2.828427125,19.10497317,4.472135955,15.8113883,3.16227766,14.86606875,5,15.62049935,4.123105626,14.86606875,5.830951895,15.55634919,6.32455532,16.40121947,5.830951895,13.45362405,4.123105626,15.62049935,7.615773106,14.86606875,6.32455532,16.2788206,6.32455532
16.97056275,3.605551275,16.2788206,3,17.80449381,3.16227766,17.02938637,2.236067977,15.62049935,2.236067977,16.2788206,3.605551275,16.40121947,2.828427125,17.02938637,2.236067977,15.62049935,3.605551275,17.02938637,4.472135955,17.69180601,3,16.2788206,5.099019514,15.62049935,3.16227766,16.2788206,4.123105626,15.55634919,4.123105626,16.2788206,5.099019514,16.2788206,3.16227766,15.62049935,4,15.55634919,4.123105626,14.86606875,3,14.86606875,3.16227766,15.55634919,3.16227766,15.55634919,3.605551275,16.2788206,3.16227766,15.55634919,2.236067977,16.2788206,2.828427125
17.20465053,3.605551275,17.80449381,2.236067977,15,2.828427125,17.02938637,2.236067977,17.80449381,2,17.02938637,2,15.62049935,2.828427125,17.69180601,4.123105626,16.40121947,3.16227766,15.55634919,4.242640687,18.43908891,3.605551275,14.86606875,3.605551275,16.2788206,3,14.86606875,2.236067977,14.86606875,2,16.2788206,5,12.20655562,4.123105626,16.2788206,3,16.2788206,3,15.62049935,3.605551275,13.45362405,2,16.97056275,4.123105626,14.14213562,2.236067977,14.2126704,3.16227766,14.14213562,3,14.86606875,3.16227766
14.2126704,4.123105626,18.38477631,4.123105626,15.62049935,6.32455532,20.51828453,4.472135955,16.40121947,2,19.10497317,5,17.69180601,1,15.65247584,1.414213562,19.79898987,1.414213562,18.43908891,3.16227766,17.20465053,2,16.97056275,2.236067977,14.2126704,5,16.2788206,3.605551275,16.97056275,2.236067977,15.62049935,4.242640687,14.4222051,4.472135955,16.2788206,2.828427125,14.4222051,2,15.55634919,3.16227766,16.2788206,2.236067977,12.80624847,2.828427125,13.03840481,2.236067977,12.80624847,4,14.14213562,5.830951895,16.2788206,4.123105626
9.433981132,15.26433752,10,15.62049935,8.602325267,15.26433752,10.63014581,15.26433752,9.219544457,14.2126704,9.219544457,14.86606875,9.899494937,14.4222051,10.63014581,13.45362405,11.66190379,12.80624847,10.81665383,15.26433752,9.219544457,13.45362405,11.66190379,13.45362405,12.52996409,14.86606875,10.81665383,13.45362405,12.20655562,15.62049935,8.602325267,13.45362405,9.848857802,12.72792206,10,12.52996409,9.899494937,12.72792206,9.219544457,12.04159458,8.94427191,13.03840481,9.433981132,11.66190379,8.062257748,12.04159458,8.062257748,13.45362405,7.810249676,12.80624847,8.062257748,12.80624847
7.615773106,16.2788206,7.280109889,15.62049935,7.211102551,15.62049935,7.071067812,17.20465053,5,16.40121947,6.403124237,16.97056275,6.708203932,17.69180601,5.830951895,15,4.472135955,15.62049935,3.605551275,16.40121947,4.472135955,17.20465053,5,15.8113883,5.099019514,14.86606875,5.830951895,14.86606875,2.236067977,14.14213562,6,15.62049935,5.830951895,16.2788206,5.656854249,13.60147051,4.472135955,14.2126704,4,12.80624847,5.385164807,13.45362405,5.385164807,12.72792206,6.32455532,12.04159458,6.32455532,14.2126704,6.708203932,10.81665383,7.211102551,13.60147051
5,16.40121947,4,17.80449381,4.123105626,15.62049935,5.656854249,17.80449381,4.472135955,17.80449381,5.385164807,17.69180601,5,16.40121947,5.830951895,17.02938637,7.211102551,16.97056275,7.615773106,17.69180601,6.403124237,16.97056275,7.071067812,15.62049935,6.708203932,16.97056275,5.830951895,17.02938637,7.211102551,14.14213562,6.708203932,14.14213562,5.830951895,16.2788206,6.708203932,14.2126704,5.830951895,13.45362405,5.830951895,14.14213562,5.830951895,14.14213562,3.605551275,14.86606875,5,13.45362405,5.385164807,14.86606875,3.605551275,14.14213562,4.123105626,15.62049935
13.89244399,10.63014581,13.89244399,10.63014581,13.89244399,9.219544457,13.03840481,10.81665383,13.45362405,10,11.40175425,10.63014581,14.14213562,11.66190379,12.04159458,10.29563014,12.04159458,10.77032961,11.3137085,12.20655562,14.14213562,12.80624847,10.63014581,12.52996409,12.20655562,9.433981132,11.3137085,11.66190379,10.77032961,10.81665383,10.29563014,9.433981132,12.20655562,10.29563014,10.29563014,9.899494937,12.20655562,11.66190379,12.72792206,10.29563014,11.40175425,11.40175425,12.20655562,9.848857802,10.81665383,8.544003745,11.40175425,8.94427191,11.3137085,5.830951895,12.80624847,8.544003745
9.848857802,15.55634919,8.94427191,17.69180601,8.602325267,17.80449381,9.219544457,17.02938637,7.071067812,17.80449381,9.219544457,17.80449381,5.656854249,16.40121947,7.810249676,17.80449381,5.656854249,17.20465053,5.830951895,16.64331698,6.708203932,18.02775638,6.403124237,17.80449381,7.615773106,16.40121947,6.32455532,16.40121947,6.708203932,17.02938637,8.544003745,16.97056275,5.385164807,15.62049935,8.544003745,15,6.32455532,17.02938637,6.708203932,15.62049935,6.08276253,15.62049935,7.615773106,13.45362405,7.615773106,14.14213562,6.708203932,15.62049935,8.602325267,15,9.433981132,15
15.55634919,9.219544457,16.97056275,8.062257748,17.02938637,8.602325267,17.02938637,7.615773106,17.80449381,8.062257748,16.40121947,8.602325267,18.43908891,7.810249676,16.2788206,7.071067812,16.64331698,6.403124237,14.2126704,7.071067812,18.43908891,5.385164807,17.80449381,8.062257748,17.20465053,5.656854249,18.02775638,8.062257748,15,6.708203932,17.02938637,6.32455532,15.8113883,7.280109889,14.2126704,7.615773106,14.14213562,7.615773106,15.62049935,7.615773106,14.86606875,7.280109889,14.14213562,8.062257748,14.4222051,6.708203932,14.76482306,7.615773106,14.2126704,8.062257748,15.26433752,9.219544457
14.14213562,9.433981132,17.20465053,10,16.2788206,7.211102551,16.64331698,9.219544457,16.2788206,7.810249676,16.40121947,9.433981132,15.8113883,8.602325267,16.1245155,7.810249676,16.40121947,8.602325267,15,9.486832981,16.40121947,8.485281374,15.62049935,7.615773106,17.20465053,8.94427191,15.62049935,8.94427191,15.62049935,6.708203932,15.55634919,7.615773106,16.40121947,6.08276253,14.14213562,8.544003745,14.2126704,6.708203932,15.62049935,8.544003745,13.03840481,8.062257748,12.80624847,6.708203932,10.63014581,9.848857802,12.20655562,9.433981132,13.45362405,9.433981132,11.40175425,9.848857802
2.236067977,15.8113883,2.828427125,18.38477631,1.414213562,19.41648784,1,19.41648784,1.414213562,17.02938637,1,17.80449381,1,18.60107524,1,17.69180601,2,17.69180601,3.605551275,17.20465053,2,17.69180601,3,17.80449381,3,17.02938637,3,16.97056275,4.472135955,17.02938637,3.16227766,16.97056275,3.16227766,16.2788206,2,16.2788206,2.236067977,15.55634919,3.605551275,15.55634919,3.605551275,14.14213562,2.828427125,15.55634919,2.828427125,14.86606875,2.828427125,14.86606875,3.16227766,12.72792206,3.16227766,13.45362405
9.899494937,16.1245155,10.63014581,14.2126704,12.04159458,14.2126704,11.40175425,14.4222051,10,13.60147051,11.40175425,15.62049935,11.40175425,16.2788206,11.40175425,14.2126704,10.63014581,14.86606875,12.80624847,14.86606875,11.40175425,14.14213562,12.08304597,14.14213562,12.08304597,14.2126704,11.66190379,13.45362405,13.03840481,11.40175425,11.18033989,14.2126704,10.29563014,13.60147051,9.848857802,13.41640786,11.18033989,13.45362405,9.848857802,12.52996409,8.94427191,12.20655562,9.433981132,11.40175425,9.486832981,13.03840481,7.280109889,13.60147051,8.544003745,13.60147051,7.615773106,11.40175425
17.69180601,3.16227766,17.20465053,3,17.80449381,1,18.60107524,1.414213562,17.80449381,1,17.20465053,1.414213562,18.43908891,2.236067977,18.60107524,2.828427125,17.02938637,0,19.10497317,2.236067977,19.10497317,4.242640687,19.20937271,5.830951895,16.2788206,5,16.2788206,4.472135955,15.55634919,4.472135955,17.02938637,3.605551275,17.80449381,2.236067977,16.40121947,2,15.62049935,4.242640687,16.97056275,2.828427125,16.2788206,3,15,2.236067977,15.55634919,3,15.55634919,3.16227766,16.2788206,4,16.2788206,3.16227766
16.2788206,4.472135955,17.20465053,3.605551275,18.43908891,3.605551275,16.64331698,2.828427125,17.02938637,4.242640687,17.80449381,3.605551275,19.20937271,3,17.80449381,5.099019514,18.43908891,3.16227766,16.2788206,2.236067977,17.02938637,3.605551275,17.69180601,5.099019514,17.80449381,4,16.2788206,5.099019514,16.97056275,2,16.2788206,4.123105626,15,5,16.2788206,4.123105626,16.97056275,4,14.86606875,3,15.62049935,4.472135955,15,5,13.45362405,3,14.86606875,6.32455532,14.2126704,6.08276253,14.14213562,6.08276253
14.2126704,10.29563014,14.14213562,9.433981132,14.14213562,11.40175425,15.8113883,10.81665383,16.2788206,10,15.8113883,10.81665383,16.97056275,8.485281374,14.2126704,8.062257748,15.8113883,9.219544457,15.26433752,9.219544457,15.62049935,9.899494937,16.40121947,7.810249676,17.20465053,8.94427191,16.64331698,8.602325267,15.62049935,6.708203932,16.40121947,8.602325267,14.2126704,8.062257748,14.86606875,8.602325267,12.80624847,8.062257748,12.80624847,8.602325267,14.14213562,8.062257748,13.89244399,8.602325267,12.20655562,6.32455532,12.80624847,9.433981132,11.40175425,8.602325267,10,9.219544457
5.830951895,15.62049935,6.403124237,17.02938637,7.211102551,17.20465053,7.071067812,16.40121947,9.219544457,15.62049935,7.211102551,15.55634919,7.211102551,16.2788206,5.830951895,15,6.32455532,16.97056275,7,16.2788206,7.280109889,16.2788206,8.246211251,15.55634919,8.544003745,15.55634919,7.211102551,15.62049935,7.280109889,14.86606875,7.280109889,14.14213562,7.615773106,14.14213562,7.280109889,14.86606875,8.246211251,14.86606875,7.071067812,14.2126704,5.099019514,14.2126704,5,14.86606875,5.099019514,13.45362405,7.071067812,13.45362405,5.099019514,14.2126704,5,14.86606875
18.43908891,5.099019514,19.84943324,4.472135955,20.51828453,5.385164807,21.40093456,4.472135955,20.61552813,2.236067977,20.51828453,3.605551275,20,1,22.8035085,2.828427125,20,1.414213562,19.20937271,1,20.61552813,4.123105626,20.61552813,4.123105626,19.84943324,5.099019514,20.51828453,4,19.10497317,3.605551275,19.84943324,4.472135955,19.20937271,3.16227766,17.69180601,4.242640687,19.10497317,5,18.38477631,3.605551275,18.38477631,2.236067977,17.69180601,4,17.02938637,6.08276253,17.02938637,5.385164807,17.02938637,5,17.02938637,5.099019514
5.099019514,18.35755975,5.830951895,18.60107524,4.472135955,18.43908891,5,19.10497317,4.472135955,18.60107524,6.403124237,15.62049935,5.656854249,17.69180601,6.708203932,15.62049935,6.403124237,15.62049935,5,15.65247584,4.472135955,18.60107524,5.830951895,14.14213562,7.211102551,16.97056275,7.211102551,15.55634919,6.708203932,15.8113883,5.656854249,16.2788206,7.615773106,15.8113883,6.708203932,14.14213562,4.472135955,15.55634919,5.385164807,15.62049935,5.099019514,13.45362405,3.605551275,13.45362405,5.830951895,14.2126704,5.830951895,16.40121947,5,15.55634919,2.236067977,15
11.18033989,13.45362405,8.062257748,14.14213562,8.062257748,12.20655562,10,15,7.211102551,14.86606875,9.433981132,14.2126704,8.062257748,15.62049935,8.602325267,13.60147051,8.485281374,15,6.708203932,16.40121947,10,16.40121947,6.708203932,16.64331698,9.433981132,14.4222051,5.385164807,14.86606875,7.211102551,14.2126704,7.615773106,15,8.602325267,14.2126704,7.615773106,13.60147051,6.32455532,12.20655562,8.062257748,12.52996409,8.544003745,12.80624847,8.94427191,12.80624847,8.602325267,12.80624847,8.062257748,10.63014581,6.32455532,15,11.18033989,11.40175425
10.63014581,13.45362405,9.219544457,14.86606875,7.211102551,14.2126704,7.810249676,16.64331698,7.071067812,14.2126704,8.485281374,13.89244399,8.485281374,16.40121947,7.211102551,15,8.602325267,13.60147051,8.062257748,12.80624847,8.94427191,17.02938637,8.062257748,16.1245155,7.211102551,14.2126704,6.708203932,14.86606875,6.32455532,13.89244399,8.94427191,16.40121947,7.211102551,15,9.486832981,12.52996409,8.544003745,13.03840481,8.602325267,12.80624847,8.544003745,12.80624847,6.32455532,13.03840481,8.246211251,10,8.544003745,11.66190379,9.433981132,10.81665383,8.602325267,10
13.45362405,15.55634919,10.81665383,15,10.63014581,16.40121947,10.63014581,17.80449381,10.63014581,17.02938637,11.3137085,16.40121947,10.63014581,18.02775638,11.40175425,18.02775638,10.63014581,19.41648784,10,16.64331698,11.66190379,17.20465053,11.40175425,17.80449381,11.66190379,18.60107524,8.94427191,17.20465053,8.062257748,15.26433752,10.77032961,17.02938637,10.29563014,16.64331698,11.66190379,15.8113883,10.29563014,15.8113883,10.29563014,14.4222051,10.81665383,14.4222051,9.848857802,13.60147051,11.66190379,12.52996409,12.52996409,13.89244399,10.81665383,13.41640786,12.20655562,13.89244399
11.40175425,15.26433752,10,17,9.899494937,17.49285568,12.80624847,17.49285568,12.04159458,15.65247584,12.52996409,14.4222051,13.45362405,14.2126704,12.80624847,15.62049935,12.04159458,13.45362405,13.45362405,14.86606875,13.45362405,13.89244399,12.20655562,13.45362405,12.80624847,12.72792206,12.80624847,12.20655562,12.04159458,13.45362405,13.45362405,12.72792206,16.2788206,12.04159458,13.45362405,12.04159458,12.04159458,10,12.80624847,12.80624847,10.81665383,10.63014581,12.80624847,10.63014581,13.45362405,10.63014581,10.63014581,13.45362405,11.3137085,14.14213562,8.062257748,11.3137085
14.4222051,10.81665383,13.03840481,10.63014581,13.03840481,10.63014581,13.45362405,10.63014581,12.80624847,11.3137085,16.40121947,10.63014581,14.2126704,11.3137085,13.45362405,11.40175425,14.2126704,14.2126704,12.72792206,12.04159458,14.2126704,13.03840481,14.86606875,12.80624847,12.52996409,10.81665383,12.20655562,12.20655562,11.40175425,12.20655562,12.20655562,12.80624847,12.80624847,12.52996409,13.45362405,12.80624847,11.40175425,11.40175425,9.848857802,10.63014581,12.04159458,10.63014581,12.80624847,9.219544457,13.45362405,9.219544457,13.03840481,9.899494937,13.03840481,9.433981132,12.80624847,10
9.848857802,15.55634919,8.94427191,15,7.071067812,14.86606875,8.485281374,16.2788206,6.403124237,16.2788206,7.810249676,17.02938637,7.071067812,17.02938637,7.071067812,15,8.062257748,15,9.486832981,15.26433752,8.062257748,14.2126704,7.615773106,16.40121947,5.830951895,15.62049935,6.08276253,14.4222051,8.246211251,14.2126704,6.08276253,14.86606875,6.32455532,14.2126704,6.32455532,14.86606875,6.32455532,15.62049935,8.062257748,11.40175425,7,12.04159458,8.062257748,12.72792206,9.219544457,14.14213562,8.94427191,13.45362405,7.615773106,13.03840481,9.433981132,13.60147051
17.80449381,3,17.69180601,2.236067977,17.69180601,2.828427125,18.38477631,2.236067977,18.43908891,2.236067977,18.02775638,0,17.69180601,1.414213562,17.80449381,1.414213562,17.69180601,3.16227766,16.2788206,3.16227766,16.2788206,3.605551275,16.97056275,4.472135955,17.69180601,3.605551275,17.02938637,2.828427125,15.55634919,2.828427125,15.55634919,3.16227766,16.2788206,3.605551275,14.86606875,3.605551275,16.2788206,2.828427125,15.55634919,4,14.86606875,3,14.86606875,3.16227766,14.14213562,4,14.86606875,3.16227766,14.86606875,2,14.2126704,4
5,17.20465053,5.099019514,17.69180601,3,17.80449381,6.32455532,19.20937271,2,17.69180601,3,17.69180601,0,17.80449381,0,17.69180601,3.605551275,16.2788206,1.414213562,16.40121947,2.236067977,17.02938637,1,16.2788206,2.236067977,17.69180601,2.236067977,18.38477631,0,17.69180601,2.236067977,16.97056275,2.828427125,15.55634919,1.414213562,16.2788206,1,15.55634919,2,16.2788206,3.605551275,15.62049935,3,15.55634919,1.414213562,14.86606875,2.236067977,16.2788206,2.236067977,16.2788206,3.16227766,14.86606875
16.64331698,10,17.20465053,9.219544457,15,8.485281374,17.69180601,10.63014581,18.43908891,8.602325267,16.40121947,12.04159458,16.2788206,10.29563014,14.86606875,10.29563014,16.2788206,10.77032961,16.2788206,11.40175425,17.02938637,13.03840481,17.69180601,10.77032961,15.8113883,11.70469991,17.80449381,10.77032961,18.43908891,11.18033989,16.40121947,10.29563014,14.2126704,10.44030651,15,10.29563014,18.60107524,7.615773106,14.86606875,9.848857802,15.8113883,6.708203932,15.62049935,8.94427191,14.2126704,6.32455532,16.2788206,8.246211251,15,7.280109889,16.2788206,9.486832981
6.08276253,14.86606875,6,15.62049935,4.123105626,16.97056275,5.385164807,17.02938637,4.472135955,14.14213562,3.605551275,14.86606875,5,15,2.828427125,15.8113883,3.16227766,15.8113883,2.236067977,13.89244399,3.16227766,15.62049935,3.16227766,15.62049935,2.236067977,16.2788206,2.236067977,17.02938637,2.236067977,13.45362405,3.16227766,15.55634919,3,16.2788206,4,14.2126704,2.236067977,13.45362405,3.16227766,14.14213562,2,13.45362405,2.828427125,16.2788206,1,14.14213562,6,14.2126704,4,14.14213562,5,12.72792206
17.80449381,2.236067977,17.69180601,1.414213562,17.69180601,3.16227766,19.20937271,1.414213562,17.69180601,2.236067977,18.43908891,1,19.10497317,1,18.38477631,1.414213562,18.38477631,2.236067977,19.10497317,1.414213562,18.38477631,1.414213562,17.69180601,3.16227766,16.97056275,2.236067977,17.69180601,2,16.2788206,2,17.69180601,4,17.69180601,3,16.97056275,3,16.97056275,1.414213562,16.2788206,2.236067977,15.62049935,4.123105626,16.2788206,2.828427125,15.55634919,2,15.55634919,2.828427125,15.55634919,2.236067977,17.02938637,2.828427125
13.60147051,9.433981132,17.02938637,10.29563014,14.86606875,11.66190379,15.62049935,11.66190379,15.62049935,8.602325267,15.62049935,9.899494937,17.02938637,9.219544457,14.4222051,8.602325267,17.02938637,8.485281374,15.55634919,9.899494937,16.40121947,8.062257748,15.62049935,10,15.8113883,9.433981132,16.64331698,9.433981132,15,8.062257748,15,7.615773106,16.64331698,8.94427191,14.14213562,8.246211251,15,8.544003745,13.89244399,9.433981132,12.80624847,11.18033989,14.4222051,8.544003745,11.40175425,10.29563014,14.2126704,9.433981132,13.60147051,9.433981132,13.03840481,10.29563014
14.86606875,9.433981132,14.14213562,10,15.55634919,9.848857802,15.62049935,10.29563014,14.2126704,10.29563014,14.14213562,8.602325267,14.2126704,6.403124237,14.14213562,9.219544457,15,5,15.55634919,6.403124237,16.2788206,7.810249676,17.02938637,5.830951895,14.86606875,7.071067812,16.2788206,7.615773106,13.45362405,6.403124237,14.86606875,9.433981132,16.40121947,7.615773106,14.86606875,5.830951895,13.45362405,7.211102551,14.14213562,8.602325267,13.45362405,8.544003745,12.80624847,8.94427191,14.2126704,7.280109889,13.60147051,7.810249676,14.14213562,8.544003745,13.03840481,7.810249676
12.80624847,11.66190379,12.72792206,13.03840481,14.2126704,13.89244399,12.72792206,11.66190379,14.2126704,12.20655562,13.45362405,11.40175425,14.14213562,11.3137085,13.45362405,10.63014581,13.45362405,10.63014581,10.81665383,10,14.2126704,10.63014581,14.86606875,11.3137085,13.45362405,10.63014581,14.86606875,10,14.86606875,10.63014581,14.14213562,8.602325267,13.45362405,10.81665383,14.2126704,9.433981132,13.45362405,10,12.80624847,10,11.40175425,10,13.60147051,10.63014581,11.40175425,9.433981132,12.20655562,10.63014581,12.04159458,10.63014581,12.80624847,10.63014581
10.77032961,13.45362405,8.94427191,14.86606875,8.602325267,14.86606875,9.433981132,15.62049935,8.602325267,14.2126704,10.81665383,14.86606875,9.433981132,14.86606875,9.899494937,15,9.899494937,14.4222051,8.485281374,15.55634919,9.219544457,13.60147051,7.810249676,15.8113883,9.433981132,14.2126704,7.211102551,15,5.830951895,13.45362405,7.211102551,15.62049935,7.810249676,13.60147051,8.602325267,11.3137085,8.544003745,12.80624847,9.219544457,11.40175425,7.280109889,13.45362405,6.08276253,12.72792206,8.602325267,12.72792206,8.602325267,12.80624847,8.485281374,12.04159458,10,12.04159458
17.02938637,4.472135955,17.80449381,5,17.80449381,6.32455532,18.43908891,5.099019514,15,3.16227766,17.69180601,2.236067977,18.60107524,3.16227766,17.02938637,4.472135955,17.69180601,2,18.38477631,3.16227766,19.20937271,3.605551275,17.20465053,3,16.40121947,3.16227766,16.40121947,5,16.2788206,2.236067977,17.02938637,2.236067977,16.2788206,4.123105626,16.2788206,4.123105626,14.2126704,3.16227766,14.86606875,4.123105626,14.86606875,5.385164807,15.55634919,4.123105626,15.55634919,5,15.55634919,6.08276253,14.86606875,6.08276253,16.2788206,6
13.03840481,10,15,9.219544457,13.03840481,11.40175425,12.20655562,10.63014581,12.20655562,10.81665383,13.60147051,12.04159458,12.72792206,12.72792206,12.04159458,12.80624847,14.14213562,11.40175425,9.899494937,11.18033989,11.40175425,12.20655562,10.63014581,13.41640786,9.433981132,11.66190379,9.433981132,12.52996409,9.433981132,10.81665383,11.3137085,12.20655562,9.219544457,11.66190379,12.20655562,10.81665383,10.63014581,9.433981132,10.63014581,11.3137085,11.40175425,8.485281374,9.433981132,10,10.63014581,9.848857802,12.20655562,10.81665383,12.04159458,10,12.52996409,10.29563014
18.02775638,2,15.55634919,1,17.69180601,1.414213562,17.20465053,1.414213562,17.69180601,1,18.43908891,2.236067977,17.80449381,3,17.02938637,3.16227766,18.43908891,2.828427125,16.97056275,3.605551275,17.69180601,4.123105626,16.2788206,3.605551275,17.69180601,3.605551275,15.62049935,3.605551275,15,2.236067977,16.2788206,4.472135955,15.55634919,6.403124237,15.62049935,3,15.55634919,3.605551275,14.86606875,3.605551275,14.14213562,3.16227766,14.14213562,2.828427125,13.45362405,5.099019514,14.86606875,4,12.72792206,5.099019514,14.86606875,3
15.55634919,5.099019514,16.97056275,4.472135955,15.62049935,3.16227766,15.8113883,3.605551275,17.69180601,3.16227766,16.64331698,3.16227766,17.20465053,2.828427125,17.69180601,4.123105626,18.38477631,2,17.02938637,1,18.43908891,2,17.02938637,2.236067977,16.40121947,4.123105626,16.2788206,4,16.2788206,2.236067977,16.40121947,1.414213562,14.86606875,2.236067977,15.8113883,2.828427125,16.97056275,2,14.86606875,2.236067977,14.86606875,2.236067977,15.62049935,2,14.14213562,3.605551275,14.14213562,3.16227766,15.62049935,4.472135955,13.45362405,4.472135955
10.63014581,16.64331698,8.485281374,17.69180601,9.219544457,17.20465053,10,17.20465053,9.899494937,15.62049935,7.810249676,15.26433752,12.04159458,14.86606875,10.29563014,15.62049935,10.81665383,13.89244399,10,12.72792206,11.40175425,14.86606875,10,14.2126704,12.52996409,14.2126704,11.18033989,14.2126704,10.81665383,13.45362405,10.29563014,15.55634919,11.66190379,12.20655562,7.810249676,14.2126704,11.40175425,14.86606875,8.062257748,12.80624847,8.602325267,12.80624847,9.433981132,14.2126704,7.211102551,11.66190379,8.062257748,15.8113883,7.211102551,15,8.94427191,15.62049935
17.20465053,6.708203932,18.86796226,8.602325267,16.64331698,7.615773106,18.60107524,8.062257748,17.02938637,8.062257748,18.43908891,8.485281374,16.40121947,9.219544457,18.02775638,9.219544457,19.10497317,8.602325267,14.86606875,7.615773106,17.02938637,8.94427191,17.02938637,8.94427191,16.2788206,10,15.55634919,10.81665383,14.86606875,9.433981132,16.2788206,10,14.86606875,8.94427191,17.02938637,8.602325267,15,9.486832981,14.2126704,9.219544457,13.89244399,8.602325267,14.86606875,9.848857802,14.2126704,8.062257748,14.86606875,6.403124237,16.2788206,8.246211251,17.02938637,7.280109889
10.63014581,14.4222051,14.76482306,14.76482306,11.40175425,14.4222051,11.3137085,15.26433752,12.04159458,13.89244399,12.72792206,14.14213562,11.40175425,14.2126704,13.89244399,11.3137085,13.45362405,12.04159458,13.45362405,13.45362405,14.2126704,13.45362405,15,12.20655562,13.41640786,11.40175425,12.20655562,13.60147051,12.80624847,11.3137085,13.89244399,9.433981132,12.04159458,10.81665383,12.20655562,10.81665383,11.3137085,10.81665383,13.60147051,11.66190379,11.66190379,12.20655562,10.63014581,10.63014581,10.63014581,11.18033989,9.899494937,12.04159458,10.29563014,12.04159458,9.848857802,13.45362405
3.605551275,18.43908891,5.385164807,16.40121947,2.828427125,19.10497317,3.605551275,18.43908891,5.385164807,17.02938637,4.242640687,18.43908891,6.403124237,19.20937271,5.385164807,19.84943324,5,18.43908891,6.708203932,16.64331698,4,16.40121947,6.08276253,19.10497317,7.071067812,18.38477631,5.830951895,16.2788206,6.32455532,15.55634919,5.830951895,15,6.32455532,16.2788206,6,15.62049935,3.16227766,17.02938637,6,17.80449381,5.099019514,15.55634919,5.099019514,16.97056275,2,17.80449381,2.236067977,17.69180601,6.08276253,15.62049935,4.472135955,16.2788206
3.605551275,17.80449381,3.16227766,17.80449381,2.236067977,18.60107524,3.16227766,19.20937271,1.414213562,17.20465053,2.236067977,17.80449381,2,17.80449381,1.414213562,17.02938637,1.414213562,17.20465053,3.16227766,15,2.236067977,19.41648784,2,16.40121947,5.099019514,16.97056275,4.472135955,17.69180601,3.16227766,17.02938637,3.605551275,17.02938637,3.605551275,15.55634919,2.236067977,15.62049935,2.828427125,14.86606875,3.605551275,14.86606875,2.828427125,16.2788206,2.236067977,14.14213562,4.123105626,14.14213562,3.16227766,15.62049935,3.16227766,14.86606875,3.16227766,15.62049935
2,16.2788206,2,19.41648784,4.242640687,17.69180601,2.236067977,18.35755975,3.605551275,17.69180601,2,16.2788206,4.123105626,16.2788206,4.242640687,17.20465053,4.242640687,21.40093456,5,17.80449381,5.385164807,18.38477631,6.08276253,18.43908891,6.32455532,16.2788206,7,15.55634919,4.123105626,17.02938637,4,15.55634919,4.123105626,14.86606875,3.16227766,14.2126704,7.280109889,16.2788206,5.385164807,14.86606875,5,14.2126704,4.123105626,14.14213562,4.123105626,15,6,14.2126704,5,14.86606875,3.605551275,13.45362405
14.76482306,15.62049935,11.18033989,14.86606875,9.219544457,14.14213562,12.04159458,17.02938637,12.04159458,14.86606875,12.72792206,17.20465053,11.40175425,17.02938637,11.3137085,15.62049935,12.04159458,13.60147051,10.81665383,14.4222051,12.04159458,15.26433752,12.04159458,16.64331698,11.66190379,15.8113883,10,13.60147051,9.848857802,16.1245155,10.77032961,15.8113883,9.433981132,15.26433752,12.52996409,14.86606875,11.18033989,15.8113883,9.486832981,14.2126704,12.52996409,13.45362405,9.848857802,12.20655562,10.81665383,12.80624847,11.18033989,11.66190379,10.63014581,11.66190379,10.81665383,11.66190379
10,12.04159458,12.20655562,15.8113883,12.04159458,15.26433752,11.3137085,15.26433752,12.04159458,15,12.72792206,13.60147051,12.80624847,12.04159458,10.81665383,12.80624847,12.52996409,12.80624847,10.77032961,14.2126704,12.52996409,13.45362405,13,14.86606875,11.66190379,14.86606875,13.89244399,13.03840481,13.89244399,13.45362405,11.66190379,13.60147051,11.66190379,13.89244399,10.81665383,12.20655562,11.18033989,12.20655562,12.08304597,11.40175425,12.08304597,10.81665383,10.29563014,10.29563014,10,10.81665383,10.29563014,12.20655562,9.433981132,13.45362405,6.708203932,11.66190379
6.32455532,16.97056275,5.830951895,17.02938637,4.472135955,19.10497317,3.605551275,19.10497317,5.830951895,17.20465053,5.830951895,17.69180601,6.403124237,19.10497317,5,19.10497317,3.605551275,20.80865205,2.236067977,19.10497317,5.385164807,20.51828453,4,18.43908891,4.123105626,19.10497317,5,17.02938637,5.099019514,17.69180601,4.123105626,18.43908891,5.099019514,17.69180601,3,19.10497317,4.123105626,16.2788206,5,17.69180601,5.385164807,15.62049935,5.099019514,16.2788206,5.385164807,16.40121947,5.099019514,15.62049935,6.08276253,15.62049935,5.830951895,15
17.20465053,7.810249676,15.8113883,8.062257748,17.02938637,9.433981132,16.40121947,7.071067812,17.02938637,8.602325267,16.2788206,8.602325267,15.62049935,7.810249676,17.02938637,9.433981132,17.69180601,9.219544457,17.69180601,8.485281374,17.69180601,8.94427191,17.69180601,9.486832981,17.69180601,9.433981132,16.2788206,9.848857802,16.2788206,9.433981132,16.2788206,9.433981132,15.55634919,10.29563014,15.8113883,8.062257748,15.62049935,10.77032961,15,8.94427191,14.4222051,6.403124237,14.86606875,7.615773106,13.60147051,8.94427191,16.2788206,5.385164807,14.4222051,7.280109889,16.40121947,7.280109889
16.40121947,5.830951895,17.20465053,5.830951895,17.80449381,5.385164807,19.84943324,4.472135955,19.20937271,6.708203932,17.80449381,6.403124237,19.10497317,7.810249676,17.02938637,6.403124237,18.43908891,6.708203932,18.43908891,8.062257748,16.2788206,7.810249676,16.40121947,7.615773106,14.86606875,7.211102551,14.86606875,8.602325267,16.97056275,10.29563014,17.02938637,9.486832981,14.86606875,8.602325267,17.80449381,8.94427191,17.02938637,7.810249676,15.8113883,8.062257748,15,5.830951895,13.60147051,7.280109889,14.2126704,5.830951895,16.97056275,5.656854249,14.86606875,5.830951895,16.2788206,4.123105626
3.605551275,16.40121947,5.385164807,16.97056275,5,17.69180601,4.472135955,18.02775638,5.099019514,17.02938637,5.656854249,16.2788206,6.08276253,16.97056275,4.242640687,15.55634919,5.830951895,15.8113883,7.280109889,15,5.385164807,17.69180601,3.605551275,16.2788206,6.08276253,14.86606875,6,14.2126704,6.08276253,15.62049935,7.071067812,14.2126704,6.08276253,16.40121947,4.472135955,15.26433752,6.32455532,14.86606875,5.099019514,14.2126704,6.08276253,14.14213562,5.099019514,13.89244399,2.236067977,14.2126704,5,15.26433752,4,15.62049935,4.123105626,15.55634919
12.20655562,15.62049935,11.66190379,15.62049935,11.66190379,13.45362405,13.92838828,14.86606875,9.433981132,16.40121947,12.04159458,14.86606875,10,15,13.45362405,15.62049935,10.63014581,17.20465053,12.72792206,16.2788206,12.04159458,16.2788206,10,18.02775638,9.219544457,15,11.40175425,17.02938637,11.66190379,17.02938637,12.20655562,16.2788206,8.602325267,15,10.44030651,13.45362405,9.433981132,16.2788206,12.80624847,15.26433752,8.94427191,14.14213562,12.20655562,14.86606875,10.81665383,13.45362405,11.66190379,12.04159458,12.80624847,12.20655562,12.04159458,13.60147051
19.20937271,4,19.20937271,5,17.02938637,2.236067977,19.10497317,3.605551275,16.2788206,2,15.62049935,1,19.20937271,4.242640687,17.69180601,4.123105626,18.38477631,5,16.97056275,5,19.10497317,4.472135955,17.02938637,5.385164807,17.69180601,5.099019514,19.10497317,3.605551275,16.2788206,5.099019514,17.69180601,5.099019514,19.10497317,4.472135955,19.84943324,3,17.69180601,1.414213562,18.43908891,5,15.55634919,3.605551275,15.8113883,4,16.2788206,2.236067977,16.40121947,1,17.02938637,4.123105626,17.02938637,2
15.55634919,5,17.69180601,4.472135955,16.64331698,7.810249676,15.62049935,9.899494937,17.69180601,5.830951895,20,7.071067812,14.4222051,7.615773106,18.38477631,7.211102551,20.61552813,10,17.02938637,7.810249676,17.69180601,6.708203932,18.43908891,5.830951895,16.97056275,7.615773106,16.2788206,5.385164807,14.14213562,6.403124237,14.4222051,7.211102551,15.62049935,7.280109889,17.02938637,8.062257748,15.55634919,8.544003745,14.76482306,9.433981132,16.97056275,9.433981132,14.4222051,5.656854249,15,6.32455532,16.40121947,6.403124237,17.69180601,2.828427125,17.02938637,7.071067812
7.280109889,14.86606875,7.211102551,14.86606875,5.099019514,15.55634919,5.830951895,14.2126704,5.385164807,16.2788206,3.605551275,15.55634919,5,15.62049935,4.472135955,16.2788206,5,15.55634919,2.236067977,17.69180601,7.211102551,17.69180601,6.403124237,12.04159458,3.16227766,17.80449381,5,17.69180601,2.828427125,15.55634919,6.708203932,15.55634919,3.16227766,17.02938637,4.472135955,14.2126704,4,16.97056275,3.16227766,15.62049935,3.16227766,14.14213562,3.605551275,14.86606875,4.242640687,14.86606875,3.605551275,14.86606875,5.385164807,14.86606875,5.385164807,14.86606875
15.55634919,8.062257748,16.2788206,8.062257748,14.86606875,8.602325267,16.2788206,9.433981132,14.86606875,8.602325267,15.55634919,7.810249676,17.02938637,7.071067812,16.40121947,7.071067812,17.69180601,7.071067812,17.02938637,7.071067812,17.69180601,7.071067812,17.02938637,5.830951895,16.40121947,7.810249676,17.02938637,5.830951895,16.2788206,6.403124237,16.2788206,7.211102551,16.2788206,6.08276253,17.02938637,6.708203932,14.86606875,7.615773106,15.55634919,6.708203932,16.2788206,5.830951895,15.62049935,7.615773106,15.55634919,6.708203932,16.2788206,7.211102551,14.86606875,8.062257748,14.2126704,8.062257748
4,17.80449381,3.16227766,17.80449381,4.242640687,17.02938637,2.236067977,16.40121947,5.385164807,17.80449381,3.605551275,14.2126704,4.242640687,16.40121947,5,16.2788206,6.32455532,17.69180601,6.708203932,15.62049935,6.708203932,16.2788206,5,16.97056275,6.32455532,15.55634919,5.830951895,16.97056275,4.242640687,16.2788206,5.385164807,16.97056275,6.32455532,15.62049935,4.472135955,15.62049935,6.32455532,17.20465053,6.32455532,16.2788206,3.605551275,14.86606875,4.123105626,15.62049935,5.099019514,14.86606875,4.123105626,14.86606875,6.32455532,15.62049935,4.123105626,14.2126704
3.605551275,16.40121947,2.236067977,16.2788206,3.16227766,18.43908891,3.16227766,16.40121947,1,17.69180601,1,20.51828453,3.16227766,19.10497317,2.236067977,16.97056275,3.16227766,15,1,15.55634919,2.236067977,19.10497317,1.414213562,16.97056275,1.414213562,17.69180601,3.16227766,17.02938637,1.414213562,16.2788206,1.414213562,17.80449381,2,17.02938637,2,16.2788206,3.605551275,17.02938637,1,17.69180601,2.236067977,16.97056275,1,17.02938637,1.414213562,17.69180601,1.414213562,15.62049935,4.242640687,14.4222051,2,17.20465053
9.486832981,15,9.899494937,14.76482306,8.602325267,16.64331698,8.602325267,16.40121947,9.219544457,17.20465053,9.219544457,14.4222051,10.63014581,13.60147051,10,14.14213562,10.63014581,13.60147051,10,12.80624847,12.72792206,15.55634919,11.3137085,13.45362405,11.40175425,14.86606875,10,14.4222051,11.66190379,15,12.20655562,12.80624847,9.899494937,12.80624847,10.63014581,14.86606875,10.63014581,13.89244399,12.04159458,14.4222051,11.3137085,13.60147051,10.63014581,13.60147051,9.899494937,12.80624847,10,13.60147051,9.219544457,14.2126704,10.81665383,15
14.86606875,3.605551275,14.14213562,4.472135955,14.86606875,4.472135955,16.2788206,1,15.55634919,4.472135955,16.2788206,3.605551275,15.62049935,1.414213562,16.2788206,1.414213562,15.55634919,1.414213562,15.55634919,1,16.97056275,2.236067977,16.40121947,3,14.86606875,1,14.86606875,2.236067977,14.86606875,1.414213562,16.40121947,3.605551275,15.55634919,2,15.55634919,2,14.86606875,4,13.45362405,3.605551275,12.80624847,3,14.14213562,2.236067977,12.72792206,1.414213562,13.45362405,3.16227766,14.14213562,3.605551275,15.55634919,3
2,17.80449381,3.16227766,17.20465053,1.414213562,17.69180601,1,16.2788206,2.236067977,19.10497317,3,19.79898987,3.16227766,20.61552813,2,16.97056275,3.605551275,17.80449381,3.605551275,15.62049935,4.123105626,16.97056275,4.123105626,16.2788206,3,17.69180601,5.099019514,17.02938637,4,17.69180601,4.123105626,17.02938637,4.123105626,15.62049935,1.414213562,16.2788206,2.828427125,17.69180601,3.605551275,16.2788206,3.605551275,15.55634919,3.16227766,15.62049935,2.828427125,16.2788206,2.236067977,16.2788206,3,15.62049935,3.605551275,14.86606875
6,16.97056275,4.123105626,19.10497317,3,17.69180601,3.605551275,20.61552813,4.472135955,20.51828453,5.099019514,21.26029163,3.605551275,19.84943324,3,17.80449381,3.605551275,19.10497317,4.472135955,18.38477631,3.16227766,18.38477631,1.414213562,18.43908891,2.828427125,19.84943324,2,19.20937271,5,20.61552813,3,17.69180601,3.16227766,19.10497317,2.236067977,17.69180601,5,18.43908891,4.123105626,19.20937271,4.123105626,18.38477631,3,17.69180601,3.605551275,16.2788206,3,17.69180601,7.071067812,18.38477631,5,14.86606875
17.80449381,7.211102551,16.97056275,8.062257748,15,9.219544457,15.8113883,7.810249676,17.02938637,6.403124237,15.62049935,8.94427191,15.8113883,9.433981132,16.40121947,9.219544457,16.64331698,8.602325267,14.2126704,10,13.45362405,10.29563014,16.40121947,10.81665383,12.80624847,9.433981132,15.62049935,8.94427191,14.2126704,8.94427191,16.2788206,9.848857802,14.2126704,7.211102551,13.89244399,8.062257748,14.86606875,8.246211251,15.62049935,7.615773106,14.4222051,5.099019514,15.55634919,4.472135955,14.2126704,6.08276253,15,7.280109889,14.2126704,4.123105626,16.2788206,6.32455532
16.40121947,5,17.69180601,3.605551275,18.02775638,4.242640687,17.49285568,4.242640687,14.86606875,6.403124237,13.89244399,6.403124237,15,5,17.02938637,3.605551275,14.86606875,5.830951895,14.86606875,5.656854249,15.62049935,4.472135955,14.86606875,5.385164807,14.86606875,8.246211251,14.86606875,6.708203932,14.14213562,5.385164807,13.60147051,7.280109889,14.86606875,6.708203932,13.60147051,4.242640687,12.72792206,5.385164807,13.45362405,5,13.45362405,5.385164807,12.72792206,2.236067977,15.55634919,6,13.45362405,4,13.60147051,5.099019514,12.72792206,3.16227766
7.810249676,18.43908891,7.211102551,19.10497317,10.81665383,20,10.63014581,19.20937271,9.219544457,18.43908891,9.899494937,19.10497317,9.219544457,19.84943324,10,17.80449381,11.66190379,19.79898987,10.29563014,18.43908891,8.94427191,17.80449381,10.29563014,17.69180601,8.94427191,17.69180601,11.66190379,16.40121947,10.29563014,16.97056275,10.63014581,17.20465053,11.18033989,17.20465053,9.848857802,15,8.246211251,17.69180601,9.219544457,17.02938637,9.219544457,15.55634919,9.848857802,17.69180601,8.544003745,16.2788206,7.615773106,16.2788206,8.062257748,16.40121947,7.615773106,15.62049935
2.828427125,18.43908891,3.605551275,20.61552813,3.16227766,19.20937271,3.16227766,20.24845673,3.16227766,18.43908891,1,18.43908891,1,19.10497317,1.414213562,18.38477631,2.236067977,17.80449381,1.414213562,17.69180601,3.16227766,18.43908891,2,18.38477631,3.16227766,19.10497317,2.828427125,19.84943324,2.236067977,17.02938637,4,18.38477631,2,18.38477631,2,16.2788206,4,18.43908891,4,16.2788206,2,16.97056275,4,17.80449381,2.236067977,16.40121947,1,17.02938637,2.236067977,18.38477631,4.472135955,16.2788206
3.16227766,18.43908891,2.236067977,21.21320344,2.236067977,18.60107524,3.16227766,17.69180601,1.414213562,17.69180601,1.414213562,19.10497317,1,19.10497317,1,20.51828453,2.236067977,19.79898987,2,19.20937271,2.236067977,17.69180601,3,18.38477631,5.656854249,18.38477631,3,19.10497317,3.16227766,19.20937271,5,18.38477631,2.236067977,16.40121947,5.099019514,17.69180601,5.830951895,18.38477631,6.32455532,16.2788206,6.32455532,17.02938637,5.099019514,15.62049935,4.123105626,16.2788206,5.385164807,17.69180601,4.123105626,15.62049935,6.08276253,18.38477631
8.602325267,16.2788206,11.3137085,15,10.63014581,16.2788206,11.40175425,15,10.63014581,16.97056275,10.63014581,15.55634919,11.40175425,15.55634919,11.40175425,14.14213562,10.29563014,15,10.77032961,12.80624847,10.81665383,15,10.81665383,12.80624847,10.29563014,15,11.66190379,14.2126704,11.40175425,15.55634919,10.29563014,14.76482306,10.81665383,15,10,14.4222051,12.08304597,14.4222051,10.77032961,14.4222051,9.219544457,15.62049935,10.29563014,15.8113883,7.211102551,14.4222051,7.615773106,13.89244399,8.544003745,15,7.615773106,14.2126704
3,16.2788206,3,19.10497317,0,20,0,18.86796226,1.414213562,18.38477631,2.236067977,19.10497317,1,18.38477631,3,17.69180601,1.414213562,18.43908891,4.472135955,17.80449381,2.828427125,20.61552813,4.123105626,18.38477631,5,18.43908891,4.123105626,18.38477631,2.828427125,19.10497317,4.242640687,19.10497317,4.123105626,16.40121947,3.605551275,18.43908891,2.236067977,19.10497317,3.605551275,17.69180601,4.472135955,17.69180601,3.605551275,16.2788206,3.16227766,16.40121947,4.123105626,16.2788206,6.08276253,16.97056275,4.123105626,16.2788206
10.81665383,15.8113883,10.29563014,16.2788206,9.219544457,18.86796226,10.81665383,16.2788206,8.485281374,14.4222051,11.3137085,14.14213562,10.63014581,14.86606875,13.45362405,14.2126704,9.433981132,15.62049935,8.544003745,13.60147051,10,14.86606875,13.03840481,14.4222051,10.81665383,13.45362405,10,14.86606875,10,11.3137085,11.3137085,15.8113883,10.63014581,13.03840481,10.63014581,13.03840481,12.72792206,13.60147051,12.04159458,11.40175425,12.04159458,12.04159458,9.899494937,12.72792206,8.602325267,14.2126704,10.63014581,13.45362405,11.40175425,12.80624847,8.485281374,14.2126704
5.385164807,18.60107524,4.472135955,14.2126704,5,15.62049935,5.385164807,15.62049935,7.071067812,14.86606875,5.830951895,15.8113883,6,17.69180601,7.615773106,19.10497317,6.403124237,14.2126704,7.211102551,15,4.123105626,14.86606875,7.810249676,14.86606875,7.615773106,14.4222051,7.280109889,15.26433752,7.071067812,14.14213562,6.32455532,16.40121947,6.08276253,17.02938637,5.385164807,14.4222051,9,17.49285568,6,13.89244399,6.708203932,15.26433752,5.385164807,14.4222051,2,14.2126704,5.099019514,14.2126704,3,15.8113883,5,15.62049935
6.708203932,14.86606875,2,17.69180601,5.830951895,17.69180601,1,17.02938637,2.236067977,18.43908891,4,17.80449381,3.16227766,18.60107524,2.236067977,16.97056275,2,17.69180601,2.236067977,17.20465053,5,19.10497317,3.605551275,17.69180601,4.123105626,18.43908891,6.708203932,18.60107524,5.385164807,16.97056275,4,17.69180601,5.099019514,17.02938637,3.16227766,17.02938637,2,15.62049935,6,18.43908891,5,16.2788206,3.605551275,17.69180601,5.385164807,17.02938637,1.414213562,18.38477631,7.071067812,14.14213562,2,14.86606875
16.2788206,8.062257748,16.2788206,6.708203932,17.02938637,5.656854249,15.62049935,7.211102551,17.02938637,7.071067812,16.97056275,6.403124237,16.2788206,7.071067812,16.2788206,5.830951895,15.62049935,6.708203932,14.2126704,7.211102551,17.02938637,6.708203932,17.02938637,6.32455532,16.2788206,6.32455532,17.02938637,6.708203932,15.62049935,5.385164807,14.86606875,6.708203932,14.86606875,6.32455532,16.2788206,7.071067812,17.02938637,8.062257748,16.2788206,8.062257748,14.14213562,5.385164807,15,6.32455532,13.45362405,7.615773106,13.60147051,8.062257748,13.60147051,7.615773106,14.86606875,8.544003745
7.211102551,17.20465053,5.385164807,15.62049935,7.810249676,15.8113883,7.810249676,16.40121947,7.810249676,16.40121947,7.211102551,14.86606875,7.810249676,14.86606875,6.403124237,14.86606875,7.071067812,13.45362405,8.602325267,13.45362405,8.485281374,13.45362405,8.602325267,15.55634919,9.219544457,14.14213562,8.485281374,15.55634919,7.810249676,12.72792206,8.602325267,14.14213562,9.219544457,14.2126704,8.062257748,14.86606875,7.810249676,13.45362405,8.062257748,13.45362405,7.211102551,12.72792206,8.485281374,14.86606875,7.211102551,13.60147051,8.062257748,14.86606875,8.062257748,14.14213562,6.708203932,13.45362405
16.40121947,7.615773106,16.97056275,8.485281374,16.2788206,8.94427191,16.2788206,7.211102551,17.80449381,10,18.38477631,6.403124237,17.69180601,6.403124237,17.69180601,7.071067812,17.20465053,6.403124237,15.8113883,6.708203932,17.69180601,5,17.20465053,5.385164807,16.40121947,5.830951895,17.02938637,5.830951895,17.69180601,7.810249676,17.02938637,4.123105626,16.2788206,6.08276253,14.86606875,7.615773106,16.97056275,5.830951895,14.14213562,7.211102551,16.2788206,6.32455532,15.55634919,7.211102551,15.8113883,7.615773106,15,7.211102551,14.4222051,6.708203932,15,7.211102551
5,24.08318916,2.236067977,24.08318916,2.236067977,22.8035085,1,24.04163056,4.123105626,22.02271555,1,21.26029163,4.472135955,22.8035085,0,22.02271555,3.605551275,21.9317122,4.472135955,19.41648784,2.828427125,21.21320344,2,21.21320344,2.236067977,20.51828453,2.236067977,21.26029163,5,18.38477631,5.385164807,19.10497317,3.16227766,22.6715681,4.123105626,19.84943324,3.16227766,19.10497317,5,20.61552813,2.828427125,18.60107524,4,19.10497317,5.099019514,17.80449381,5.099019514,20.51828453,5,19.20937271,5.099019514,19.41648784
13.60147051,16.97056275,14.76482306,18.38477631,13.60147051,16.97056275,13.60147051,17.02938637,12.04159458,16.2788206,12.20655562,19.20937271,11.40175425,17.02938637,10.63014581,17.02938637,12.20655562,17.80449381,12.20655562,17.69180601,12.20655562,17.02938637,12.20655562,18.60107524,10.63014581,17.80449381,10.29563014,17.02938637,10.81665383,19.20937271,11.18033989,17.02938637,10.29563014,16.2788206,11.66190379,14.86606875,11.18033989,15.55634919,10.29563014,13.45362405,10,15.55634919,10.81665383,14.2126704,12.20655562,14.86606875,11.66190379,14.86606875,13.03840481,14.86606875,11.40175425,14.2126704
16.40121947,13.45362405,14.2126704,12.80624847,15.62049935,14.2126704,15,15,14.86606875,14.4222051,15.55634919,14.2126704,13.45362405,15.62049935,13.45362405,14.4222051,14.86606875,15,15,13.89244399,14.76482306,15.8113883,15,15.8113883,13.03840481,14.4222051,13.60147051,13.60147051,13.60147051,13.60147051,14.4222051,14.4222051,13.60147051,15,13.60147051,14.2126704,13.89244399,13.60147051,14.4222051,13.03840481,12.20655562,12.04159458,13.03840481,13.03840481,13.03840481,11.40175425,13.45362405,10.29563014,12.04159458,12.20655562,15.62049935,10.29563014
3,19.20937271,3,17.69180601,1,17.02938637,1,19.41648784,1,19.10497317,1.414213562,19.20937271,1.414213562,19.20937271,2.236067977,17.80449381,2.236067977,17.20465053,2,15,3.16227766,17.69180601,1.414213562,16.97056275,3.605551275,17.80449381,3.16227766,17.80449381,2,17.02938637,1,16.97056275,2.828427125,16.2788206,3.16227766,17.02938637,3.16227766,14.86606875,3.16227766,15,2.236067977,16.2788206,2.828427125,15,1.414213562,15.55634919,4.123105626,15.62049935,3,17.69180601,4.123105626,14.86606875
17.02938637,3.16227766,16.64331698,2.236067977,15.62049935,3.605551275,17.80449381,2,15.62049935,1,17.02938637,1,15.62049935,2.828427125,17.20465053,2.828427125,19.10497317,2,17.69180601,3.16227766,18.43908891,2.236067977,16.97056275,3.605551275,14.86606875,6.403124237,13.45362405,3.605551275,14.86606875,3,14.86606875,3.16227766,14.2126704,2.236067977,15,4.123105626,14.14213562,2.828427125,15.62049935,4.123105626,16.2788206,4.123105626,14.14213562,4,13.45362405,4.123105626,15.62049935,4.472135955,14.14213562,5.099019514,16.2788206,4
4.472135955,18.60107524,3.605551275,16.1245155,4.242640687,17.80449381,5,18.60107524,5,17.69180601,4.472135955,15,4.242640687,17.02938637,8.485281374,17.69180601,6.08276253,15,7.071067812,16.40121947,5.099019514,16.97056275,5.099019514,17.69180601,5,15.55634919,5,16.2788206,7.280109889,15,6,17.69180601,5.830951895,16.2788206,3.16227766,15.26433752,5.099019514,15.55634919,5.385164807,15.8113883,5.099019514,14.86606875,6.08276253,17.20465053,3,14.2126704,3.16227766,15.62049935,2.236067977,14.14213562,3,16.40121947
5,19.84943324,1.414213562,19.20937271,3.16227766,20,2,22.20360331,2.236067977,19.79898987,3.605551275,21.40093456,4.472135955,19.20937271,5,21.26029163,4.123105626,17.69180601,6.08276253,18.43908891,5.385164807,20.51828453,4.472135955,19.84943324,5.099019514,18.38477631,5,18.43908891,4,19.10497317,5.385164807,21.21320344,7.615773106,20.51828453,5.099019514,18.43908891,6.32455532,20.51828453,6.08276253,17.69180601,5.099019514,18.43908891,5,19.10497317,7.071067812,17.69180601,8.062257748,18.38477631,8.544003745,18.38477631,7.071067812,18.38477631
15.62049935,3.16227766,16.40121947,2,18.60107524,1,18.60107524,1.414213562,16.2788206,2.236067977,16.2788206,1,18.43908891,1.414213562,17.80449381,0,18.38477631,2.236067977,17.02938637,2.236067977,18.43908891,3.16227766,18.60107524,2.236067977,18.43908891,2.236067977,16.97056275,4.242640687,18.43908891,2,17.02938637,2.236067977,16.97056275,1.414213562,17.20465053,3,16.97056275,2.828427125,16.2788206,3,15.55634919,1,16.2788206,2,16.2788206,2.828427125,14.86606875,3.16227766,14.86606875,3.16227766,15.62049935,2.236067977
8.602325267,10.63014581,9.848857802,13.45362405,7.211102551,13.45362405,7.615773106,13.03840481,9.219544457,13.03840481,8.602325267,13.03840481,9.219544457,13.89244399,8.485281374,13.60147051,8.485281374,13.89244399,7.071067812,13.60147051,7.211102551,14.2126704,8.94427191,14.4222051,6.708203932,12.80624847,8.062257748,13.60147051,8.544003745,12.20655562,7.615773106,13.60147051,8.246211251,13.03840481,9.433981132,11.18033989,9.486832981,10,8.94427191,11.66190379,8.544003745,11.66190379,7.071067812,11.66190379,8.94427191,10,9.433981132,12.20655562,9.486832981,9.433981132,9.219544457,10
12.52996409,12.72792206,11.66190379,14.86606875,10.29563014,16.2788206,12.04159458,15.62049935,9.219544457,13.60147051,10,16.64331698,10,14.86606875,7.810249676,13.45362405,10,14.4222051,12.04159458,13.41640786,9.899494937,13.60147051,10.29563014,15.8113883,12.04159458,16.1245155,10.29563014,15.62049935,8.062257748,13.89244399,8.94427191,14.86606875,9.433981132,15.26433752,10.29563014,14.86606875,9.433981132,15,9.848857802,12.20655562,8.544003745,12.80624847,9.848857802,12.72792206,11.66190379,12.04159458,10.29563014,12.04159458,11.40175425,14.4222051,11.40175425,11.40175425
16.40121947,7.280109889,13.60147051,5,15.55634919,5.099019514,15.8113883,5,15.8113883,5.656854249,15.62049935,6.403124237,15.8113883,7.810249676,13.45362405,6.403124237,16.97056275,6.403124237,15.62049935,7.810249676,16.97056275,7.810249676,14.86606875,7.280109889,13.45362405,5.830951895,13.45362405,6.708203932,12.80624847,8.94427191,14.86606875,6.708203932,15.8113883,6.403124237,13.60147051,5,14.14213562,7.211102551,13.45362405,7.615773106,14.4222051,7.615773106,12.80624847,7.211102551,13.45362405,5.385164807,13.60147051,5.385164807,13.45362405,5.656854249,13.60147051,6.32455532
14.86606875,3.16227766,15.55634919,4,16.2788206,1,15.62049935,2,17.02938637,2.236067977,14.86606875,4.242640687,17.80449381,2,14.86606875,2.236067977,15.55634919,3.605551275,15.62049935,4.472135955,16.40121947,3.605551275,14.86606875,3.16227766,17.02938637,4.123105626,15.62049935,4,16.40121947,4.123105626,16.2788206,5,16.97056275,4.123105626,15,5,15.55634919,4.123105626,15.62049935,2,14.86606875,2,14.86606875,4,15.55634919,4.123105626,14.86606875,3.16227766,14.86606875,4.123105626,17.69180601,3
5.385164807,16.40121947,6.403124237,16.40121947,7.810249676,17.02938637,7.211102551,17.02938637,7.211102551,16.97056275,7.211102551,15.62049935,8.062257748,14.86606875,7.211102551,15.62049935,7.615773106,14.86606875,10.44030651,16.40121947,7.615773106,16.2788206,7.280109889,15.55634919,8.544003745,18.38477631,9.219544457,17.02938637,9.055385138,14.86606875,7.280109889,16.40121947,8.246211251,14.86606875,6.08276253,17.02938637,7.280109889,13.45362405,6.32455532,14.86606875,7,13.03840481,6.32455532,14.86606875,5.830951895,12.08304597,6.32455532,14.86606875,5.099019514,14.14213562,5,15.62049935
16.2788206,5.385164807,16.40121947,6.403124237,16.2788206,5.830951895,17.02938637,4.123105626,16.40121947,3.605551275,17.80449381,3.605551275,17.80449381,3.605551275,15,5,17.02938637,2.236067977,16.97056275,3.16227766,18.38477631,2.236067977,17.02938637,5,16.97056275,3.605551275,16.2788206,4,17.69180601,2.236067977,17.80449381,5,16.2788206,4,16.40121947,5,15.62049935,3,15.55634919,4.123105626,16.2788206,3.16227766,16.2788206,4.123105626,13.45362405,5,14.86606875,5.099019514,15.55634919,4,16.40121947,4.472135955
16.2788206,6.08276253,16.2788206,6.08276253,17.02938637,5.385164807,16.97056275,5.385164807,18.43908891,6.32455532,18.43908891,3.605551275,17.80449381,3.16227766,17.20465053,5,16.97056275,3.16227766,16.40121947,2,18.43908891,4.472135955,17.80449381,3.605551275,16.97056275,4.242640687,15.55634919,3,17.02938637,0,16.2788206,2,16.2788206,2.236067977,17.02938637,4,16.97056275,3.605551275,14.86606875,4,16.2788206,3,16.2788206,3.16227766,14.86606875,2,16.97056275,3,17.02938637,5,14.86606875,4.123105626
3.16227766,19.20937271,5,17.69180601,5.830951895,19.84943324,3.605551275,16.97056275,4.123105626,19.10497317,5.099019514,17.69180601,3.605551275,17.69180601,4.242640687,17.69180601,5.830951895,18.43908891,7.810249676,17.69180601,4.123105626,17.02938637,6.403124237,17.80449381,7.810249676,18.43908891,4.472135955,17.69180601,5,18.38477631,5.385164807,17.80449381,6.32455532,17.69180601,5.385164807,19.10497317,5.385164807,18.60107524,8.062257748,16.2788206,5.099019514,17.02938637,5.099019514,17.69180601,3.16227766,16.97056275,5.385164807,20,5.385164807,17.69180601,3,19.10497317
4.123105626,16.40121947,3,20,2,19.79898987,3.16227766,20,3.605551275,20.61552813,2.828427125,21.21320344,3,17.80449381,2.236067977,20.51828453,3.16227766,20.61552813,3.16227766,19.84943324,3.605551275,21.26029163,5.099019514,18.43908891,3.16227766,19.84943324,3.16227766,19.10497317,3.605551275,19.79898987,5,18.38477631,5,21.21320344,4,16.97056275,4,18.38477631,5.099019514,18.38477631,5.099019514,18.38477631,5.385164807,16.97056275,5.099019514,16.2788206,7.280109889,17.69180601,5,17.69180601,6.08276253,18.43908891
13.45362405,8.544003745,14.2126704,7.615773106,13.45362405,7.615773106,13.60147051,8.062257748,13.45362405,8.602325267,14.14213562,6.708203932,15,6.403124237,15.62049935,6.403124237,14.86606875,5.830951895,14.86606875,5.830951895,16.97056275,5,14.2126704,5,14.14213562,6.403124237,14.14213562,6.403124237,16.2788206,5,13.45362405,5,14.14213562,5,14.86606875,6.403124237,14.14213562,5.830951895,14.86606875,6.708203932,13.45362405,6.403124237,13.45362405,6.708203932,12.04159458,6.403124237,13.60147051,6.708203932,12.80624847,5.830951895,14.2126704,8.062257748
15.55634919,6.708203932,14.86606875,5.830951895,14.86606875,6.08276253,15.62049935,8.246211251,16.2788206,6.708203932,12.72792206,7.071067812,14.2126704,5.830951895,14.86606875,6.708203932,14.14213562,4.472135955,13.60147051,5,15.62049935,4.242640687,14.4222051,4.123105626,15.55634919,5,15,5.099019514,13.45362405,5,15.55634919,4.472135955,13.45362405,4.123105626,15.55634919,3,14.14213562,4.472135955,14.86606875,4.123105626,13.45362405,5,12.72792206,5,12.04159458,5.830951895,14.86606875,7.615773106,14.14213562,5.830951895,14.14213562,6.708203932
17.49285568,5.385164807,17.02938637,5,17.02938637,5.656854249,17.02938637,5.656854249,18.60107524,7.211102551,17.02938637,6.403124237,15.62049935,9.219544457,14.86606875,7.280109889,16.97056275,8.062257748,15.55634919,8.602325267,17.80449381,8.062257748,14.14213562,8.602325267,13.60147051,9.433981132,16.40121947,8.062257748,13.45362405,6.708203932,16.2788206,6.708203932,13.60147051,7.211102551,15,7.211102551,13.89244399,4.472135955,14.2126704,5.385164807,15,6.708203932,13.60147051,5,14.86606875,5.099019514,14.2126704,5,14.76482306,6.32455532,14.86606875,5
5.099019514,17.02938637,7.071067812,18.43908891,5.830951895,20,3.16227766,17.80449381,5,19.84943324,5,18.38477631,5,17.02938637,3.605551275,18.38477631,6.403124237,17.69180601,7.211102551,17.69180601,6.32455532,17.69180601,5,17.69180601,7.211102551,17.02938637,7.211102551,18.38477631,6.08276253,18.43908891,5.385164807,16.97056275,7.211102551,16.97056275,5,17.20465053,3.605551275,16.97056275,5,16.40121947,5,16.2788206,4.472135955,15.62049935,5.830951895,15,5.385164807,17.02938637,5.099019514,18.38477631,4.123105626,16.97056275
3.16227766,16.97056275,1.414213562,17.02938637,3,16.97056275,2.236067977,15.8113883,2,20.51828453,4.123105626,19.20937271,0,17.80449381,1,17.20465053,1,16.64331698,3.605551275,14.4222051,3.16227766,18.38477631,3.605551275,18.02775638,4.242640687,17.69180601,4.472135955,15.55634919,3.605551275,16.2788206,5.830951895,16.97056275,5,17.69180601,4,15,7.071067812,15.55634919,6.32455532,15.55634919,7.211102551,15,5,15.55634919,4,14.14213562,7.071067812,14.14213562,5.830951895,14.86606875,6,14.14213562
2,15.55634919,2.828427125,17.02938637,1,17.69180601,2.236067977,18.02775638,1.414213562,17.69180601,3.16227766,17.69180601,2.828427125,18.43908891,0,17.69180601,2,17.69180601,1,15.62049935,3.16227766,19.79898987,2,17.69180601,2,18.38477631,2.828427125,17.69180601,3,17.02938637,2.236067977,18.38477631,2.236067977,16.2788206,2.828427125,17.69180601,3,16.97056275,3.16227766,17.69180601,2,17.69180601,1.414213562,14.86606875,2.236067977,14.86606875,6.708203932,15.62049935,3.16227766,17.02938637,2,17.02938637
2.828427125,16.97056275,3.16227766,17.69180601,1,17.80449381,0,19.41648784,1,18.38477631,1.414213562,18.38477631,1,18.43908891,1.414213562,16.2788206,1,17.69180601,2.236067977,18.38477631,1.414213562,16.97056275,3.605551275,17.69180601,3.16227766,17.80449381,4.123105626,16.2788206,3.605551275,15.62049935,3.605551275,15.55634919,2,16.97056275,2.828427125,15.62049935,3.16227766,16.2788206,2.828427125,16.97056275,3.16227766,15.55634919,2.236067977,14.86606875,2.236067977,14.86606875,2.236067977,17.69180601,2.828427125,14.86606875,4.472135955,17.80449381
18.43908891,2.236067977,18.60107524,3.16227766,18.43908891,2.236067977,19.84943324,1,18.43908891,2.828427125,17.69180601,1,16.2788206,1,19.10497317,2.236067977,18.43908891,3,17.02938637,2,20.61552813,4,18.43908891,3.16227766,17.02938637,3.605551275,17.69180601,3,17.69180601,4.123105626,19.10497317,3.16227766,18.38477631,4,17.02938637,2.236067977,17.69180601,4.123105626,19.10497317,3,17.02938637,3.16227766,18.43908891,2,17.02938637,4.123105626,17.69180601,2.236067977,19.10497317,3.16227766,17.69180601,3.16227766
17.80449381,9.433981132,17.80449381,11.40175425,17.69180601,10,17.02938637,9.219544457,16.2788206,7.810249676,15.62049935,9.219544457,17.02938637,12.04159458,17.80449381,10.29563014,15.62049935,9.219544457,15.62049935,11.66190379,15.55634919,10,16.2788206,9.433981132,16.2788206,10,16.2788206,11.18033989,14.86606875,11.18033989,15.55634919,12.08304597,15,11.18033989,15,9.433981132,16.1245155,9.219544457,14.76482306,8.94427191,15,10,14.4222051,10,14.2126704,9.486832981,16.40121947,6.708203932,16.40121947,8.062257748,17.02938637,8.602325267
6.708203932,13.45362405,9.433981132,13.45362405,9.219544457,14.4222051,9.219544457,16.2788206,9.219544457,15,8.485281374,15.55634919,8.485281374,16.40121947,9.219544457,15.55634919,9.219544457,13.45362405,9.433981132,14.2126704,8.94427191,14.14213562,9.219544457,15.62049935,8.602325267,15.62049935,8.602325267,15.55634919,10,16.2788206,8.602325267,14.86606875,10.29563014,15.55634919,7.810249676,14.2126704,9.433981132,15,8.062257748,14.86606875,8.94427191,14.86606875,7.211102551,15.8113883,6.403124237,13.60147051,7.211102551,14.86606875,8.062257748,15.55634919,8.062257748,14.14213562
14.14213562,12.72792206,14.2126704,12.72792206,13.60147051,13.45362405,14.2126704,12.72792206,13.60147051,14.2126704,12.80624847,13.45362405,12.20655562,14.2126704,13.45362405,13.03840481,15.62049935,14.86606875,13.60147051,14.4222051,14.2126704,14.4222051,15.62049935,15,14.86606875,12.20655562,15.8113883,14.14213562,14.2126704,13.60147051,14.86606875,14.2126704,14.2126704,13.03840481,13.89244399,12.72792206,13.03840481,15,12.20655562,12.72792206,12.80624847,12.20655562,13.03840481,12.72792206,12.04159458,11.40175425,13.60147051,11.40175425,13.89244399,12.20655562,15.26433752,12.04159458
5,17.02938637,3.16227766,18.43908891,1.414213562,19.41648784,5.385164807,19.41648784,5,17.69180601,5.385164807,17.69180601,5,18.43908891,5.099019514,18.38477631,5.830951895,19.20937271,5,17.02938637,6.32455532,17.69180601,8.062257748,17.02938637,6.08276253,16.2788206,6.08276253,16.40121947,5.830951895,18.43908891,3.16227766,18.38477631,5.385164807,16.97056275,6.32455532,16.40121947,7.071067812,19.10497317,5,15.55634919,6,17.80449381,3.16227766,14.86606875,5.099019514,16.40121947,5.385164807,17.02938637,3.16227766,18.43908891,5.099019514,18.43908891
5.099019514,14.86606875,3.16227766,17.02938637,2,19.84943324,3.16227766,16.2788206,3.16227766,16.97056275,2.236067977,17.80449381,3.605551275,20,3,17.02938637,3,18.38477631,5,18.43908891,4.242640687,19.10497317,3,17.69180601,3.16227766,17.69180601,4,17.69180601,4,17.02938637,3,18.60107524,3.605551275,16.2788206,5.099019514,16.2788206,3,18.38477631,4.123105626,17.69180601,4.123105626,16.2788206,3,18.38477631,4,16.97056275,5,14.86606875,4,17.20465053,4.123105626,14.2126704
17.69180601,10.29563014,18.38477631,8.485281374,18.43908891,10.81665383,15.26433752,8.602325267,18.38477631,9.219544457,17.02938637,8.062257748,16.2788206,7.810249676,17.69180601,7.810249676,16.40121947,7.211102551,16.1245155,9.219544457,17.80449381,8.062257748,17.02938637,8.94427191,17.80449381,9.433981132,19.20937271,8.602325267,18.43908891,9.848857802,17.69180601,8.062257748,19.41648784,8.94427191,16.2788206,8.062257748,16.40121947,10.29563014,14.86606875,8.94427191,16.40121947,7.810249676,15.62049935,8.544003745,14.2126704,10,15.26433752,10,15.62049935,8.94427191,13.60147051,8.062257748
3,19.84943324,3.605551275,18.38477631,3,19.84943324,3.605551275,19.41648784,5,18.60107524,3.16227766,19.84943324,5.830951895,17.69180601,5,17.80449381,4.472135955,20.51828453,3.16227766,19.10497317,4,19.10497317,5,16.97056275,6.32455532,18.38477631,7,19.10497317,6.08276253,18.60107524,4.123105626,16.2788206,5,17.80449381,4.123105626,19.20937271,3.16227766,17.69180601,6,16.2788206,4.123105626,19.20937271,4.123105626,19.10497317,7.071067812,15.62049935,5.830951895,15.62049935,3.605551275,17.02938637,4,17.69180601
8.602325267,19.20937271,7.810249676,14.4222051,8.602325267,16.97056275,12.04159458,19.20937271,10,18.60107524,7.211102551,15.62049935,8.602325267,17.20465053,6.708203932,16.2788206,7.615773106,16.2788206,8.246211251,16.97056275,9.848857802,16.97056275,9.219544457,15.62049935,10.77032961,16.2788206,9.219544457,16.2788206,8.544003745,15,8.94427191,15.62049935,9.848857802,16.2788206,8.544003745,17.20465053,7.615773106,16.1245155,8.94427191,15.8113883,8.544003745,15.62049935,8.062257748,16.40121947,6.32455532,16.40121947,9.055385138,15.8113883,7.211102551,16.2788206,8.062257748,15.26433752
6.708203932,17.20465053,5.099019514,16.40121947,5,17.80449381,8.062257748,18.02775638,8.062257748,17.02938637,9.219544457,17.02938637,7.071067812,17.20465053,8.062257748,18.38477631,5.830951895,15.62049935,9.219544457,18.43908891,8.94427191,18.38477631,6.708203932,18.38477631,8.94427191,16.97056275,6.708203932,18.43908891,7.211102551,16.97056275,6.708203932,16.2788206,8.062257748,16.2788206,6.32455532,14.14213562,6.32455532,16.2788206,7.615773106,16.2788206,7.280109889,14.86606875,5.830951895,15.62049935,5.385164807,14.2126704,7.280109889,14.86606875,6.32455532,14.2126704,6.32455532,16.2788206
5.099019514,19.20937271,5.099019514,19.84943324,4,21.26029163,5.099019514,20,5.385164807,20,6.708203932,19.79898987,4.472135955,20.61552813,4.472135955,19.41648784,4.123105626,19.41648784,5,17.80449381,4.123105626,19.41648784,4.242640687,19.84943324,4.123105626,19.10497317,2,19.41648784,4.472135955,16.97056275,3.16227766,19.84943324,4,16.97056275,4.123105626,19.84943324,4,17.69180601,4,15.55634919,6,16.40121947,5.099019514,17.80449381,4,17.02938637,5.385164807,17.02938637,5.099019514,16.40121947,5.385164807,18.02775638
10.81665383,14.86606875,10.81665383,14.86606875,10.81665383,15.62049935,11.40175425,16.2788206,9.433981132,15.62049935,10,14.14213562,8.485281374,16.2788206,7.810249676,14.2126704,9.219544457,15,10.63014581,17.02938637,9.899494937,14.86606875,8.485281374,15,7.211102551,15,8.602325267,17.02938637,7.211102551,15,9.219544457,15.62049935,7.071067812,15.55634919,7.810249676,14.86606875,6.708203932,15,5.830951895,13.60147051,7.071067812,14.86606875,7.211102551,15.62049935,7.615773106,12.04159458,9.848857802,15,8.602325267,13.89244399,9.433981132,12.52996409
18.43908891,5.385164807,18.43908891,7.280109889,17.80449381,6.708203932,18.60107524,6.403124237,19.10497317,5.385164807,18.60107524,3.605551275,18.60107524,5.830951895,19.41648784,4.472135955,18.60107524,3.16227766,19.20937271,5,20,5.385164807,19.10497317,3.16227766,19.79898987,4.472135955,17.69180601,5,17.69180601,5.099019514,17.69180601,5.099019514,17.80449381,5.385164807,17.80449381,4,17.80449381,3,17.02938637,4.123105626,15.55634919,5.830951895,17.02938637,4,16.40121947,5,17.02938637,6.708203932,15.62049935,7.280109889,15,6.32455532
7.211102551,15,7.615773106,17.80449381,7.810249676,19.20937271,7.211102551,19.20937271,7.810249676,17.02938637,5.830951895,18.02775638,9.219544457,18.43908891,7.810249676,17.80449381,7.810249676,16.40121947,9.899494937,17.69180601,9.433981132,16.2788206,10,16.2788206,8.94427191,15.55634919,7.211102551,17.69180601,10.29563014,16.97056275,9.486832981,14.86606875,6.708203932,13.45362405,8.062257748,17.20465053,8.246211251,15.62049935,6.708203932,15.55634919,7.615773106,15.62049935,8.246211251,16.2788206,6.32455532,16.2788206,5.830951895,14.14213562,5.385164807,14.86606875,7.071067812,12.72792206
53.03772242,65.80273551,51.623638,72.12489168,54.56189146,71.40028011,53.53503526,66.21933252,52.0096145,62.36986452,56.5862174,62.36986452,61.6116872,60.87692502,52.32590181,55.22680509,61.91122677,60.10823571,59.16924877,52.32590181,63.78087488,58.72818744,61.7170965,67.47592163,61.05735009,62.28964601,62.00806399,58.25804665,57.14017851,60.21627687,57.62811814,57.45432969,58.82176468,53.07541804,52.43090692,51.03920062,56.08029957,53.07541804,53,54.03702434,52.49761899,52.47856705,44.10215414,47.50789408,38.89730068,43.829214,45.48626166,59.54829972,47.16990566,53.75872022,35.60898763,57.31491952
15,17.02938637,13.60147051,16.40121947,14.4222051,19.10497317,16.40121947,19.41648784,15.8113883,19.10497317,14.14213562,20.61552813,15.55634919,19.84943324,14.2126704,18.35755975,12.80624847,17.49285568,10.81665383,17,13.45362405,18.86796226,13.60147051,18.86796226,12.08304597,17.80449381,11.3137085,17.20465053,12.20655562,17.20465053,13.89244399,15.8113883,10.81665383,17.88854382,13.41640786,15.8113883,13.03840481,16.64331698,12.80624847,17.80449381,13.89244399,17.02938637,13.41640786,15,12.52996409,13.89244399,13.03840481,13.45362405,15,14.4222051,12.80624847,13.41640786
5.830951895,17.20465053,7.211102551,19.20937271,7.810249676,19.10497317,8.062257748,19.84943324,7.810249676,18.60107524,8.602325267,17.02938637,8.94427191,18.43908891,10,18.38477631,9.433981132,17.02938637,10.81665383,16.2788206,8.94427191,17.69180601,8.94427191,18.43908891,9.848857802,18.38477631,7.615773106,16.2788206,10.29563014,17.69180601,7.615773106,18.43908891,9.486832981,15.62049935,6.32455532,16.40121947,7.615773106,15,7.280109889,16.40121947,8.246211251,14.86606875,8.246211251,15.62049935,6.08276253,15.62049935,6.08276253,17.02938637,6.08276253,15.55634919,6.08276253,16.2788206
15.62049935,10.77032961,16.2788206,7.615773106,16.2788206,7.810249676,15,9.219544457,16.64331698,9.219544457,14.2126704,7.810249676,16.40121947,7.071067812,17.80449381,7.071067812,17.80449381,9.433981132,15.55634919,11.40175425,18.43908891,8.544003745,16.64331698,6.32455532,15.8113883,8.602325267,17.02938637,7.211102551,15.55634919,9.486832981,18.43908891,6.08276253,15.55634919,7.211102551,14.86606875,7.615773106,14.2126704,5.830951895,15.55634919,8.062257748,14.86606875,8.246211251,14.76482306,8.062257748,13.60147051,7.810249676,15,9.848857802,14.2126704,9.433981132,13.60147051,8.485281374
17.69180601,6.32455532,17.69180601,6.32455532,19.20937271,6.403124237,18.60107524,6.708203932,19.84943324,5,19.84943324,5,18.60107524,2.828427125,19.20937271,4.472135955,19.84943324,2.236067977,19.79898987,3.605551275,19.10497317,4.123105626,19.10497317,5.099019514,18.43908891,5.099019514,19.10497317,4,19.20937271,4,19.79898987,5.099019514,17.69180601,4.123105626,19.10497317,6,17.69180601,5.099019514,17.80449381,5.385164807,17.69180601,5.099019514,17.69180601,5.830951895,17.02938637,4.472135955,15.62049935,8.544003745,16.2788206,5.830951895,15.62049935,6.32455532
14.2126704,10,15.55634919,12.20655562,16.2788206,12.08304597,16.97056275,9.848857802,16.97056275,10.81665383,17.69180601,12.20655562,17.69180601,9.219544457,18.43908891,12.04159458,17.69180601,10,19.10497317,10,16.40121947,10.63014581,18.43908891,9.433981132,15.62049935,10,17.69180601,7.615773106,16.97056275,9.899494937,18.60107524,9.433981132,17.02938637,8.246211251,16.2788206,8.062257748,17.69180601,7.810249676,17.69180601,8.602325267,16.2788206,7.810249676,13.60147051,8.062257748,15,7.810249676,15,10.81665383,16.1245155,9.219544457,13.45362405,10
35.77708764,44.14748011,20.61552813,46.66904756,48.08326112,31.2409987,52.39274759,58.18075283,38.58756276,25.49509757,18.86796226,30.41381265,50.20956084,47.42362281,34,44.59820624,37.21558813,51.66236541,26.40075756,33.60059523,49.49747468,52.63078947,33.54101966,55.97320788,50.28916384,35.80502758,42.48529157,44.77722635,23.70653918,57.00877125,33.12099032,50.44799302,54.20332093,41.34005322,46.84015371,34.92849839,30.8058436,48.70318265,5.099019514,53.33854141,19.31320792,40.16217126,36.01388621,44.27188724,16.2788206,36,32.31098884,36.40054945,28.01785145,53.26349594,25.07987241,43.41658669
13.60147051,15,13.03840481,13.03840481,12.04159458,13.45362405,13.45362405,15.8113883,15.62049935,13.60147051,13.45362405,13.60147051,13.45362405,13.60147051,12.80624847,14.86606875,15.26433752,14.86606875,15.62049935,14.2126704,15.55634919,13.60147051,15.65247584,13.60147051,15,12.72792206,15.26433752,13.03840481,13.60147051,12.80624847,14.4222051,13.45362405,14.2126704,12.20655562,14.14213562,13.41640786,15,12.04159458,12.20655562,11.40175425,14.2126704,11.40175425,12.20655562,11.40175425,11.40175425,10.81665383,12.04159458,13.45362405,11.18033989,13.60147051,11.40175425,12.72792206
11.3137085,10.81665383,12.04159458,11.66190379,13.60147051,12.04159458,9.433981132,9.219544457,13.03840481,10,8.602325267,9.848857802,13.45362405,10.81665383,14.2126704,10.63014581,13.89244399,13,10,13,11.40175425,10.63014581,15,8.485281374,10.44030651,8.602325267,12.04159458,8.485281374,12.20655562,7.211102551,12.80624847,8.94427191,13.45362405,13.03840481,10,7.211102551,12.04159458,9.219544457,12.04159458,7.211102551,17.08800749,7.810249676,9.433981132,8.602325267,11.40175425,12.80624847,11.66190379,13.60147051,11.40175425,10,8.602325267,10.81665383
5.385164807,17.80449381,5.385164807,19.10497317,6.708203932,18.02775638,5.830951895,19.20937271,5,18.43908891,5.830951895,19.20937271,5.656854249,17.69180601,7.211102551,18.38477631,5,17.69180601,7.280109889,18.43908891,6.32455532,17.69180601,6.708203932,18.43908891,8.062257748,18.38477631,8.94427191,17.80449381,6.32455532,17.69180601,7.211102551,18.38477631,8.062257748,17.02938637,7.280109889,17.80449381,6.708203932,16.2788206,8.062257748,16.2788206,7.211102551,16.2788206,6.708203932,17.02938637,6.708203932,16.40121947,6.708203932,17.69180601,6.08276253,16.2788206,6.08276253,16.2788206
4.472135955,17.02938637,2,15.55634919,4.123105626,16.40121947,2,17.02938637,1.414213562,17.02938637,3,16.64331698,2.236067977,17.80449381,3.16227766,16.2788206,3.16227766,16.2788206,4,17.69180601,2,17.69180601,4.123105626,17.80449381,4.123105626,16.2788206,5.385164807,18.43908891,5.099019514,15.62049935,5.099019514,16.97056275,7,16.2788206,3,15,3,17.02938637,4.123105626,14.86606875,4.123105626,13.03840481,5,13.45362405,4.123105626,14.86606875,2.236067977,14.2126704,4.123105626,14.86606875,3.16227766,14.86606875
14.86606875,8.485281374,14.86606875,10,16.40121947,8.485281374,15.62049935,9.219544457,16.40121947,7.810249676,16.2788206,8.485281374,16.2788206,10.63014581,17.69180601,8.602325267,15.8113883,7.211102551,15.26433752,9.433981132,17.80449381,9.848857802,17.80449381,9.486832981,16.64331698,8.062257748,16.64331698,8.94427191,16.40121947,8.544003745,16.64331698,8.94427191,15.62049935,9.486832981,14.2126704,9.219544457,14.86606875,8.94427191,14.2126704,11.18033989,13.60147051,7.615773106,14.2126704,9.486832981,12.04159458,9.848857802,13.03840481,10.29563014,13.60147051,10.29563014,13.03840481,8.94427191
10,13.60147051,10.63014581,14.2126704,12.04159458,15.62049935,9.899494937,13.60147051,9.899494937,13.45362405,12.04159458,14.4222051,11.3137085,14.2126704,13.45362405,13.45362405,11.40175425,13.45362405,12.20655562,12.52996409,13.89244399,12.80624847,13.60147051,12.20655562,14.4222051,13.45362405,10.81665383,15.26433752,13.03840481,13.45362405,12.80624847,12.80624847,12.20655562,12.80624847,10.29563014,12.20655562,10.81665383,12.20655562,10.81665383,12.04159458,10.29563014,11.40175425,12.20655562,11.3137085,9.899494937,10,8.94427191,13.60147051,10.29563014,11.3137085,8.94427191,13.45362405
5,17.80449381,4.123105626,20,3.16227766,19.79898987,5,17.80449381,5.385164807,18.43908891,3.605551275,20.61552813,7.211102551,19.84943324,5.656854249,18.43908891,8.602325267,19.79898987,4.242640687,17.02938637,5,19.10497317,5.099019514,17.69180601,6.08276253,16.2788206,5.099019514,16.97056275,6.32455532,17.69180601,6.32455532,17.69180601,7.615773106,17.20465053,5.830951895,17.02938637,5.099019514,17.02938637,5.385164807,17.02938637,6.32455532,16.2788206,6.32455532,17.69180601,5.099019514,15,5,17.80449381,4,16.97056275,5.385164807,16.2788206
7.211102551,18.60107524,7.071067812,17.69180601,9.219544457,18.60107524,9.899494937,19.20937271,6.708203932,19.10497317,9.219544457,18.38477631,10,18.43908891,10,18.43908891,7.810249676,16.97056275,9.899494937,14.86606875,9.848857802,16.2788206,9.486832981,15.55634919,9.486832981,20,10.77032961,16.2788206,10.29563014,13.45362405,6.708203932,15,9.486832981,16.2788206,6.32455532,14.86606875,8.544003745,13.41640786,8.94427191,14.86606875,7,13.45362405,4.472135955,15.62049935,7.615773106,13.03840481,6.08276253,16.97056275,7.071067812,13.45362405,8.062257748,16.2788206
13.45362405,12.08304597,14.14213562,14.4222051,17.02938637,12.04159458,17.02938637,13.45362405,15.62049935,13.45362405,15.55634919,12.04159458,14.86606875,11.3137085,15.62049935,10.63014581,15.8113883,10.63014581,12.20655562,12.72792206,14.4222051,12.72792206,15.8113883,10.63014581,15.62049935,10.63014581,17.20465053,11.40175425,16.64331698,9.219544457,15,9.433981132,16.64331698,11.66190379,12.04159458,10.29563014,15,10.29563014,15.26433752,10.63014581,13.03840481,9.433981132,12.80624847,10.81665383,12.52996409,9.433981132,12.20655562,11.40175425,10.81665383,11.40175425,12.20655562,10.81665383
11.66190379,13.89244399,12.04159458,13.89244399,14.2126704,14.2126704,14.4222051,15,14.4222051,14.4222051,13.45362405,13.45362405,12.04159458,12.04159458,11.40175425,11.40175425,13.45362405,12.04159458,14.2126704,11.40175425,16.40121947,12.80624847,13.03840481,11.3137085,15.8113883,14.2126704,13.03840481,11.40175425,16.1245155,10.63014581,13.60147051,12.20655562,13.45362405,10.29563014,11.40175425,10.81665383,14.4222051,12.04159458,13.89244399,12.04159458,11.40175425,10,12.20655562,12.20655562,10.81665383,11.40175425,10,12.20655562,10.81665383,12.04159458,10.29563014,13.03840481
13.45362405,11.66190379,14.86606875,13.89244399,13.45362405,12.52996409,14.2126704,15.26433752,13.45362405,11.40175425,15.55634919,12.20655562,15,10,16.2788206,11.40175425,14.86606875,11.40175425,16.97056275,10,15.62049935,11.3137085,15.8113883,10.63014581,14.4222051,12.20655562,14.2126704,11.66190379,14.4222051,10.63014581,14.2126704,11.40175425,14.2126704,10,12.04159458,8.94427191,14.14213562,9.219544457,13.45362405,9.899494937,12.04159458,9.433981132,12.80624847,10.81665383,11.40175425,10,11.66190379,12.20655562,10.81665383,12.20655562,12.20655562,10.63014581
19.10497317,5.099019514,19.20937271,4.123105626,19.84943324,6.08276253,20,5.385164807,19.10497317,2.236067977,20,2.236067977,19.20937271,2.236067977,19.20937271,2,18.43908891,1,16.64331698,2.236067977,19.84943324,2.236067977,18.43908891,1.414213562,19.84943324,2,19.10497317,3.16227766,18.02775638,2.828427125,19.20937271,2.828427125,18.60107524,1.414213562,16.97056275,3.16227766,16.97056275,3.16227766,16.2788206,5,17.69180601,4.472135955,16.2788206,3.16227766,15.62049935,5.099019514,17.02938637,4.123105626,18.43908891,3.16227766,15.62049935,5.099019514
10.63014581,16.2788206,12.04159458,15,13.45362405,15.62049935,12.52996409,14.2126704,11.40175425,15.55634919,11.40175425,15,12.20655562,15.55634919,13.03840481,14.14213562,12.08304597,14.2126704,12.20655562,16.2788206,13.03840481,14.14213562,11.66190379,12.72792206,13.89244399,14.2126704,11.66190379,12.04159458,10.77032961,13.45362405,11.18033989,14.4222051,11.66190379,12.20655562,9.219544457,14.4222051,10.77032961,15,11.18033989,14.2126704,9.848857802,15,9.848857802,12.80624847,7.280109889,14.2126704,7.615773106,15.62049935,9.219544457,13.45362405,6.08276253,14.2126704
9.848857802,16.97056275,10.29563014,17.69180601,9.848857802,16.97056275,9.219544457,17.02938637,7.810249676,17.69180601,8.062257748,17.69180601,10,17.02938637,9.219544457,18.43908891,7.810249676,16.1245155,9.848857802,19.10497317,9.219544457,17.80449381,6.708203932,17.80449381,8.602325267,17.20465053,7.615773106,19.20937271,7.615773106,17.69180601,7.615773106,17.80449381,9.219544457,16.97056275,9.433981132,16.2788206,7.615773106,17.02938637,8.062257748,16.2788206,8.062257748,15.8113883,8.062257748,15.62049935,7.211102551,15,8.94427191,14.4222051,8.062257748,16.64331698,9.433981132,15.8113883
19.41648784,3.605551275,19.20937271,2,20,2.236067977,19.84943324,1.414213562,18.60107524,1,19.20937271,1.414213562,17.80449381,2.828427125,18.38477631,2.236067977,19.84943324,3,17.80449381,1.414213562,19.20937271,3.16227766,18.43908891,3.16227766,16.2788206,4,15.55634919,4,18.38477631,4,15.62049935,4,17.80449381,4.123105626,15.55634919,5.099019514,15.62049935,3.605551275,16.2788206,4.472135955,16.2788206,3,14.2126704,2.236067977,16.2788206,2.828427125,15.55634919,3.605551275,14.86606875,2.236067977,15.8113883,3.16227766
9.219544457,14.4222051,10.63014581,14.86606875,10.63014581,15.8113883,12.04159458,17.20465053,11.40175425,17.02938637,10.63014581,14.2126704,10.81665383,13.45362405,13.03840481,14.86606875,11.66190379,13.60147051,12.04159458,14.14213562,12.52996409,16.2788206,12.80624847,13.45362405,13.03840481,13.45362405,12.20655562,14.2126704,13.03840481,14.2126704,11.40175425,14.4222051,10,12.80624847,10,13.89244399,11.66190379,12.20655562,12.08304597,13.03840481,10,13.60147051,10.29563014,13.03840481,10.29563014,13.60147051,8.062257748,14.86606875,7.615773106,13.03840481,8.94427191,14.14213562
18.38477631,8.544003745,18.43908891,8.544003745,20.51828453,8.062257748,21.21320344,6.403124237,20.51828453,5,21.40093456,6.32455532,21.40093456,6.403124237,22.8035085,5.656854249,18.60107524,4.242640687,19.20937271,3.605551275,24.8394847,4.123105626,20.80865205,5.656854249,21.26029163,5.385164807,19.84943324,4.472135955,22.02271555,4.123105626,21.40093456,6.32455532,19.10497317,4,20.51828453,4,20.51828453,3.16227766,19.20937271,3.605551275,18.43908891,4,19.20937271,5.385164807,19.84943324,3,16.2788206,7.280109889,19.10497317,5.385164807,16.40121947,7.615773106
3.16227766,19.10497317,4.123105626,18.43908891,4.123105626,17.80449381,4.123105626,20.61552813,2.236067977,21.21320344,2.236067977,19.10497317,2.236067977,20.61552813,1,18.38477631,1,19.84943324,1.414213562,17.80449381,1.414213562,19.10497317,2.828427125,18.43908891,4.123105626,19.84943324,2.236067977,20.51828453,2.236067977,19.84943324,3,18.60107524,4.123105626,19.20937271,1.414213562,19.10497317,1,18.43908891,2,17.69180601,1.414213562,17.69180601,2,17.02938637,2.236067977,18.43908891,2,18.43908891,1,16.97056275,3.16227766,17.02938637
6.32455532,29,5.385164807,28.31960452,7.810249676,30.61045573,4,30,5,30,5,29.83286778,6.32455532,29.41088234,2.236067977,29.73213749,2.236067977,31.144823,1.414213562,31.82766093,4.472135955,33.60059523,3.605551275,30.52867504,8.246211251,31.11269837,2.828427125,29.06888371,5.099019514,30.47950131,5.099019514,34.6554469,5.385164807,30.41381265,3.605551275,29.73213749,5.099019514,29.69848481,7.071067812,29.83286778,5,29.06888371,5.385164807,26.90724809,6,26.90724809,6.08276253,24.04163056,6,27.20294102,10,26.40075756
5.385164807,13.60147051,6.08276253,15,6.08276253,19.10497317,5.830951895,16.40121947,5.385164807,17.80449381,7.615773106,15.55634919,7.211102551,16.2788206,6.403124237,14.86606875,7.810249676,17.80449381,8.485281374,17.02938637,8.485281374,16.97056275,9.848857802,16.97056275,7.211102551,18.43908891,9.433981132,15.55634919,8.602325267,17.80449381,8.94427191,16.2788206,8.062257748,16.97056275,8.062257748,14.14213562,7.211102551,13.45362405,8.544003745,14.86606875,7.211102551,16.2788206,6.708203932,15.55634919,5.830951895,13.45362405,4.472135955,15.62049935,5.099019514,12.80624847,5.385164807,12.80624847
18.43908891,24.08318916,17.80449381,24.75883681,17.69180601,27.58622845,19.84943324,26.40075756,17.69180601,26.2488095,19.10497317,27.01851217,18.43908891,26.90724809,20,26.40075756,17.49285568,28.01785145,19.20937271,26.90724809,18.43908891,29.20616373,18.02775638,29.41088234,18.02775638,28.60069929,17.49285568,27.20294102,17.49285568,28.42534081,15.65247584,28.60069929,16.64331698,27.80287755,16.55294536,26.2488095,15.65247584,26.2488095,16.15549442,24.20743687,17.4642492,24.8394847,17,23.02172887,16.1245155,21.40093456,17,22.20360331,18.02775638,21.63330765,18.35755975,22.47220505
3,14.86606875,2.236067977,15.55634919,2,17.02938637,2,14.86606875,1,17.02938637,1.414213562,17.69180601,2.236067977,18.43908891,1.414213562,17.80449381,1,17.02938637,4.123105626,17.02938637,2,18.38477631,2.236067977,17.69180601,2.236067977,17.69180601,1.414213562,16.40121947,3,17.80449381,2.828427125,16.2788206,1,18.43908891,2.236067977,16.2788206,2.236067977,17.69180601,2.828427125,15.55634919,3.16227766,14.86606875,2.236067977,15.55634919,4.123105626,15.55634919,5,15.55634919,3.16227766,14.86606875,4.123105626,14.2126704
13.45362405,9.433981132,13.60147051,9.433981132,16.2788206,10.29563014,14.86606875,10.29563014,13.45362405,9.433981132,13.45362405,8.94427191,15.62049935,10,17.02938637,9.219544457,16.40121947,10,17.02938637,10.63014581,14.86606875,8.94427191,15.62049935,8.485281374,16.40121947,8.602325267,16.2788206,8.485281374,14.14213562,7.810249676,15.55634919,7.211102551,16.2788206,7.615773106,15,7.810249676,16.97056275,6.32455532,17.02938637,8.602325267,15.62049935,8.062257748,12.04159458,7.211102551,13.45362405,7.615773106,13.60147051,10.81665383,15,7.071067812,13.45362405,7.810249676
4.123105626,17.69180601,5,18.38477631,4.123105626,20.61552813,5.099019514,20,4,19.79898987,4,20.51828453,2,19.20937271,2.828427125,18.43908891,3,20.61552813,3.605551275,21.21320344,3,21.21320344,4.123105626,19.84943324,3.605551275,19.84943324,2.236067977,19.84943324,2.236067977,20.51828453,3.16227766,16.97056275,1,19.79898987,2.828427125,19.10497317,3.16227766,19.10497317,3.16227766,18.38477631,3.605551275,17.69180601,2.828427125,17.69180601,2,16.97056275,2,18.38477631,5.099019514,17.80449381,4,18.43908891
17.80449381,3.16227766,20.51828453,3.16227766,19.84943324,2,18.60107524,1.414213562,20,3.16227766,21.40093456,2,18.43908891,2.236067977,19.41648784,1,21.21320344,1,19.79898987,1.414213562,20.61552813,5.099019514,19.41648784,7.280109889,19.20937271,6.08276253,17.69180601,5.385164807,20,3.605551275,18.43908891,5,19.84943324,2.828427125,19.10497317,3.16227766,16.97056275,4.472135955,17.69180601,4.472135955,17.69180601,4.472135955,16.2788206,4,16.97056275,6.32455532,17.69180601,6,17.02938637,5,18.38477631,7
15.55634919,7.280109889,14.2126704,7.810249676,16.2788206,7.615773106,15.62049935,8.062257748,15,7.810249676,15.62049935,6.403124237,15,7.810249676,16.2788206,7.071067812,15.8113883,6.403124237,14.76482306,8.062257748,16.40121947,5.830951895,14.86606875,5,15.62049935,5.385164807,14.86606875,7.615773106,14.86606875,4.123105626,16.97056275,6.32455532,14.86606875,6.32455532,14.14213562,6.08276253,14.2126704,6,13.45362405,6.708203932,14.86606875,6.32455532,13.60147051,6.08276253,14.2126704,7.280109889,12.04159458,7.615773106,12.72792206,8.062257748,13.60147051,7.615773106
14.4222051,6.708203932,15,7.615773106,17.02938637,8.062257748,15.55634919,5.656854249,15.62049935,6.403124237,15.8113883,8.485281374,14.86606875,8.602325267,15.62049935,8.062257748,15.26433752,8.485281374,16.2788206,10.63014581,15.8113883,9.899494937,17.80449381,9.219544457,15.62049935,11.40175425,15,9.899494937,16.2788206,10.63014581,16.2788206,9.899494937,13.60147051,6.403124237,15,10.81665383,14.2126704,7.071067812,14.86606875,10.29563014,14.14213562,7.810249676,12.80624847,9.433981132,14.86606875,8.062257748,14.86606875,9.219544457,14.2126704,7.810249676,13.60147051,8.062257748
10.63014581,12.08304597,11.40175425,13.89244399,11.3137085,13.60147051,11.3137085,13.03840481,12.04159458,10.29563014,12.04159458,10.63014581,12.20655562,11.40175425,13.03840481,10,12.20655562,8.602325267,12.80624847,10,12.80624847,11.3137085,13.03840481,9.899494937,12.04159458,11.3137085,12.80624847,10,12.20655562,11.40175425,13.60147051,10.81665383,12.80624847,10.63014581,12.80624847,10.29563014,12.20655562,10.63014581,11.3137085,11.40175425,11.40175425,9.433981132,10,10.81665383,10.81665383,10.29563014,11.40175425,12.04159458,9.219544457,11.40175425,10.63014581,11.18033989
16.64331698,11.40175425,13.60147051,10.63014581,14.2126704,8.602325267,14.2126704,10.63014581,14.4222051,12.04159458,16.2788206,12.80624847,12.80624847,11.3137085,13.60147051,12.20655562,16.2788206,11.3137085,15.62049935,10,15,11.40175425,13.45362405,12.20655562,14.2126704,10,13.45362405,11.66190379,14.86606875,12.80624847,13.60147051,13.89244399,12.72792206,12.52996409,13.45362405,10.63014581,13.03840481,10,12.80624847,11.40175425,13.03840481,7.810249676,12.80624847,10.81665383,13.03840481,10,11.40175425,7.810249676,14.4222051,9.433981132,13.60147051,9.433981132
7.810249676,12.04159458,8.062257748,14.86606875,8.485281374,12.72792206,7.211102551,14.2126704,6.403124237,12.72792206,7.211102551,13.45362405,7.211102551,11.40175425,9.433981132,14.2126704,7.211102551,15.62049935,8.062257748,13.45362405,7.615773106,15.62049935,8.602325267,15.62049935,8.94427191,13.60147051,6.708203932,12.80624847,7.615773106,13.45362405,8.602325267,12.80624847,8.544003745,12.04159458,8.062257748,12.04159458,8.062257748,13.45362405,8.062257748,12.20655562,6.32455532,12.04159458,7.615773106,12.04159458,7.810249676,13.45362405,7.615773106,12.72792206,8.246211251,11.40175425,8.062257748,12.52996409
5,15.62049935,3.16227766,15.55634919,1.414213562,15,3,15.62049935,1,16.97056275,1.414213562,17.69180601,1,15.55634919,1,14.86606875,1,16.2788206,2.236067977,15.62049935,2.236067977,17.69180601,1.414213562,15,1,15.55634919,1,15.62049935,3.605551275,13.45362405,2.236067977,15.8113883,2.828427125,14.86606875,3.16227766,14.2126704,3.605551275,14.2126704,3.605551275,14.86606875,3.16227766,13.45362405,1.414213562,15,2,14.14213562,3.16227766,14.86606875,3.16227766,13.45362405,4.123105626,14.86606875
9.899494937,13.60147051,10.63014581,13.60147051,11.3137085,14.2126704,11.66190379,13.03840481,10.81665383,13.45362405,12.20655562,11.3137085,11.40175425,12.04159458,10.81665383,11.40175425,10,10.63014581,10.81665383,10.63014581,11.66190379,12.04159458,10.81665383,12.04159458,10.81665383,11.40175425,12.80624847,11.66190379,10.81665383,12.04159458,11.66190379,10.81665383,8.94427191,11.66190379,10,11.40175425,10,12.80624847,11.18033989,12.20655562,10.29563014,12.52996409,8.602325267,13.41640786,10.29563014,12.52996409,8.94427191,12.80624847,10,12.80624847,7.211102551,12.80624847
4,16.2788206,3.16227766,16.2788206,4.123105626,18.60107524,2.828427125,18.35755975,4.472135955,14.86606875,4.472135955,17.69180601,5,17.20465053,5.656854249,16.97056275,3.605551275,15.62049935,5.385164807,17.80449381,5.099019514,16.97056275,6.708203932,16.2788206,7.615773106,16.2788206,6.32455532,17.02938637,6.708203932,14.86606875,4.242640687,14.86606875,5,16.2788206,5,15.62049935,5,17.02938637,3.16227766,14.86606875,4.242640687,16.2788206,4.472135955,12.80624847,4.242640687,14.2126704,4.472135955,16.2788206,6.08276253,15.55634919,1.414213562,15.55634919
13.60147051,8.602325267,14.14213562,7.810249676,13.45362405,8.485281374,15.26433752,11.18033989,16.40121947,9.899494937,15.62049935,7.211102551,16.40121947,7.211102551,14.86606875,6.403124237,13.60147051,5.830951895,13.60147051,4.472135955,15.8113883,8.062257748,14.2126704,7.211102551,15.26433752,8.602325267,12.80624847,8.062257748,15.8113883,7.211102551,15,8.246211251,14.2126704,7.615773106,12.20655562,7.615773106,13.89244399,8.246211251,12.20655562,8.94427191,12.20655562,8.544003745,13.60147051,8.246211251,12.04159458,9.486832981,13.60147051,11.66190379,11.18033989,9.848857802,12.20655562,10.29563014
5.830951895,16.40121947,5.830951895,17.02938637,7.810249676,17.20465053,7.071067812,16.40121947,7.071067812,17.02938637,7.211102551,17.80449381,8.062257748,16.97056275,7.071067812,17.02938637,6.708203932,16.2788206,8.062257748,14.4222051,7.615773106,16.2788206,7.615773106,16.97056275,8.062257748,18.38477631,7.211102551,16.97056275,8.062257748,15.62049935,7.211102551,16.40121947,8.062257748,17.02938637,5.830951895,15.26433752,8.544003745,15.62049935,5.099019514,14.86606875,6.32455532,15.62049935,6.08276253,16.40121947,5.830951895,13.03840481,6.32455532,14.2126704,6.32455532,14.2126704,6.08276253,14.86606875
17.69180601,3,17.80449381,4.472135955,19.10497317,1.414213562,17.69180601,2.828427125,17.02938637,2.236067977,17.02938637,3.605551275,19.79898987,4.242640687,17.80449381,4.472135955,17.80449381,3.16227766,18.43908891,5,18.60107524,4.472135955,17.02938637,4.472135955,18.38477631,4.123105626,16.40121947,4.123105626,18.43908891,6.08276253,16.97056275,6.403124237,19.10497317,4.123105626,18.43908891,5.099019514,17.02938637,4,15,6,16.97056275,4.472135955,17.02938637,3.605551275,14.14213562,2.236067977,18.43908891,1.414213562,16.2788206,4.123105626,14.86606875,3
4.123105626,17.02938637,3,17.20465053,1.414213562,16.97056275,2.236067977,17.20465053,0,17.02938637,1,19.20937271,2.828427125,19.20937271,2,15.55634919,1,15.62049935,1.414213562,15.8113883,1.414213562,16.40121947,2.236067977,15.62049935,3.605551275,17.02938637,3.16227766,16.40121947,3.16227766,16.2788206,4.472135955,16.2788206,3.605551275,14.86606875,3.605551275,14.86606875,2.828427125,14.86606875,3.605551275,14.14213562,3.605551275,14.86606875,3.605551275,14.14213562,2,12.72792206,3,14.86606875,4.123105626,13.45362405,4.123105626,13.45362405
12.80624847,25.61249695,15,27.65863337,16.64331698,30.23243292,17.4642492,30.88689042,9.486832981,28.65309756,9.219544457,30.01666204,13.15294644,35.60898763,12,28.8444102,4,43.41658669,12.36931688,26.92582404,15.5241747,30,13.89244399,25.63201124,21.1896201,25.55386468,16.64331698,25.23885893,18.38477631,23.70653918,16.55294536,23.2594067,18.86796226,24.41311123,14.4222051,24.20743687,17.49285568,22.20360331,18.35755975,22.36067977,14.4222051,18.86796226,20.24845673,22.20360331,16.64331698,18.60107524,19.92485885,17.80449381,20.61552813,19.20937271,16.40121947,18.02775638
2.236067977,60.21627687,4.123105626,62.00806399,2.236067977,70.00714249,8.062257748,62.62587325,8.94427191,66.21933252,9.433981132,71.50524456,11.18033989,63.41135545,9.433981132,62.00806399,12.80624847,64.44377394,12.36931688,60.95900262,12.36931688,67.26812024,17.72004515,65.94694838,18.02775638,60.95900262,17.11724277,60.6052803,17.80449381,57.31491952,17.49285568,57.31491952,11.66190379,57.28001397,16.2788206,55.86591089,14.2126704,53.07541804,21.63330765,48.91829923,13.45362405,51.623638,15.26433752,52.49761899,13.92838828,49.51767361,18.02775638,53.26349594,16.55294536,47.50789408,17.4642492,47.80167361
17.69180601,1.414213562,17.80449381,1,17.80449381,2,20,1,17.20465053,1,18.43908891,1.414213562,19.84943324,3,19.10497317,4.123105626,17.02938637,5,16.2788206,3.16227766,17.02938637,4,17.69180601,6.08276253,17.02938637,5,16.97056275,5.099019514,16.97056275,5.099019514,18.38477631,4.123105626,18.38477631,4.472135955,15.55634919,4.472135955,16.2788206,4.472135955,16.2788206,5.656854249,16.2788206,4.472135955,14.86606875,5,13.45362405,3.605551275,15.62049935,5.099019514,14.86606875,4.242640687,14.2126704,4.472135955
5.656854249,18.02775638,6.403124237,16.2788206,7.211102551,18.02775638,6.708203932,17.80449381,9.848857802,17.49285568,6.403124237,17.69180601,9.433981132,16.2788206,7.211102551,15.55634919,7.071067812,17.69180601,9.486832981,17.69180601,9.486832981,17.69180601,7.615773106,14.86606875,10.77032961,13.45362405,9.219544457,16.2788206,8.544003745,16.97056275,8.062257748,14.86606875,8.246211251,14.86606875,8.544003745,15.62049935,8.544003745,15.62049935,6,14.2126704,6.32455532,15.26433752,7.071067812,14.14213562,8,13.89244399,7.280109889,15.55634919,7,15.55634919,5.099019514,15.62049935
3.16227766,15.62049935,2.828427125,16.40121947,1.414213562,16.40121947,2.236067977,17.02938637,0,18.60107524,0,17.02938637,0,17.69180601,1,17.80449381,1,18.43908891,3.605551275,17.69180601,2.236067977,17.69180601,4.123105626,19.10497317,2.236067977,16.97056275,4.242640687,16.2788206,3.16227766,16.2788206,4.242640687,16.97056275,3.16227766,16.2788206,3.605551275,16.2788206,3.605551275,16.2788206,2.828427125,16.2788206,3.605551275,16.40121947,1.414213562,14.86606875,1.414213562,14.2126704,2.236067977,15,3.605551275,16.40121947,4.472135955,14.86606875
13.45362405,9.848857802,14.2126704,9.433981132,15.62049935,11.40175425,18.02775638,10.81665383,14.86606875,10,16.40121947,8.485281374,15.55634919,8.485281374,14.86606875,7.810249676,15.26433752,8.062257748,14.2126704,10.81665383,15.8113883,9.848857802,15,9.486832981,15.26433752,8.544003745,17.20465053,7.615773106,14.4222051,8.94427191,14.2126704,8.246211251,14.86606875,9.219544457,13.45362405,9.848857802,13.45362405,8.062257748,13.41640786,8.94427191,12.72792206,10.77032961,12.20655562,8.602325267,12.04159458,7.615773106,13.03840481,11.18033989,10.81665383,8.544003745,12.20655562,9.848857802
10.29563014,14.14213562,10.29563014,12.80624847,10,14.14213562,9.219544457,13.60147051,7.810249676,13.45362405,7.810249676,15,8.602325267,15.8113883,8.485281374,13.45362405,8.485281374,13.60147051,7.071067812,15,8.062257748,15.26433752,10,15.62049935,7.615773106,15.8113883,8.062257748,14.86606875,7.615773106,15.8113883,7.615773106,14.2126704,8.062257748,13.60147051,9.219544457,12.80624847,7.280109889,14.2126704,8.246211251,14.2126704,7.280109889,12.80624847,7.615773106,12.80624847,8.062257748,10.81665383,8.544003745,11.66190379,8.94427191,10.63014581,7.810249676,11.66190379
18.38477631,5,15.62049935,2.236067977,17.02938637,5,19.10497317,3.605551275,17.69180601,0,19.10497317,1.414213562,17.80449381,1.414213562,17.80449381,1.414213562,15.65247584,2.236067977,16.2788206,2.236067977,17.69180601,4.472135955,19.20937271,4,17.69180601,2,16.2788206,4.123105626,15.62049935,4.123105626,16.2788206,3.605551275,17.02938637,3,17.69180601,4.472135955,14.4222051,2.828427125,16.2788206,6,14.86606875,3.16227766,14.86606875,2.828427125,15.62049935,2.236067977,13.45362405,3.605551275,16.2788206,4.472135955,15.55634919,2.236067977
20.51828453,5.099019514,20.51828453,6.32455532,18.43908891,5.385164807,22.02271555,4.123105626,20.51828453,4.242640687,21.40093456,4.472135955,21.9317122,3.16227766,22.6715681,3.605551275,22.627417,2.236067977,21.9317122,2.236067977,22.6715681,3.16227766,20.61552813,3,19.84943324,3.16227766,19.79898987,3,20.51828453,3,20.51828453,3.16227766,20.51828453,3.605551275,20.51828453,3.16227766,20.51828453,2.236067977,18.38477631,2.236067977,19.10497317,4.123105626,18.38477631,4.123105626,19.84943324,4,17.69180601,5,17.69180601,4.123105626,18.43908891,5.099019514
23.43074903,20.51828453,24.8394847,19.84943324,27.01851217,21.26029163,25.49509757,22.02271555,26.2488095,22.02271555,25,23.34523506,24.08318916,22.8035085,23.34523506,23.60084744,23.34523506,23.60084744,23.34523506,22.47220505,24.8394847,26.07680962,22.02271555,23.32380758,22.8035085,23.85372088,22.8035085,23.02172887,20.80865205,22.6715681,21.40093456,25.8069758,21.63330765,25.23885893,22.20360331,21.9317122,20.61552813,21.40093456,19.72308292,21.26029163,21.40093456,20.61552813,17.49285568,19.41648784,23.43074903,20.24845673,23.60084744,19.72308292,22.20360331,18.35755975,22.20360331,18.78829423
15.8113883,8.544003745,17.02938637,7.615773106,15.62049935,5.830951895,15,6.403124237,15.8113883,6.708203932,17.20465053,5.656854249,15.55634919,8.602325267,14.4222051,7.211102551,17.02938637,8.485281374,14.86606875,7.810249676,16.2788206,10,15.62049935,9.899494937,15.62049935,9.433981132,14.2126704,10.81665383,13.45362405,10.81665383,13.45362405,9.433981132,14.86606875,8.94427191,15,9.433981132,14.14213562,10.81665383,14.4222051,7.615773106,12.80624847,7.071067812,13.60147051,8.062257748,14.2126704,7.810249676,14.14213562,7.810249676,13.03840481,7.810249676,12.20655562,5.656854249
7.071067812,30.47950131,2,30.47950131,10,32.55764119,5,26.92582404,4.123105626,29.41088234,8.062257748,34.82814953,4.242640687,34.05877273,13.03840481,23.02172887,18.02775638,36.7151195,34,49.92995093,17.02938637,37.64306045,10.81665383,24.08318916,4.242640687,30.8058436,5,28.60069929,9.486832981,27.80287755,5.385164807,30.61045573,2.236067977,29,3.16227766,29.06888371,7.071067812,26.40075756,6.08276253,26.2488095,5,25.8069758,6.08276253,23.60084744,7.071067812,24.20743687,6.708203932,24.04163056,8.062257748,26.2488095,12,24.20743687
14.4222051,8.062257748,13.45362405,10.29563014,15.62049935,10.77032961,16.97056275,8.94427191,17.69180601,10.63014581,14.86606875,7.071067812,15.62049935,7.071067812,16.40121947,9.219544457,15.8113883,7.071067812,16.40121947,5.656854249,18.43908891,8.485281374,17.80449381,7.810249676,16.97056275,7.211102551,18.43908891,7.810249676,17.02938637,5.830951895,17.02938637,6.708203932,17.02938637,7.211102551,14.86606875,7.615773106,16.2788206,8.602325267,17.02938637,7.211102551,14.4222051,8.602325267,15.62049935,7.810249676,14.86606875,7.810249676,15.62049935,8.246211251,14.14213562,6.403124237,14.2126704,8.94427191
10.63014581,13.45362405,9.219544457,13.60147051,9.899494937,14.2126704,11.3137085,14.86606875,10.63014581,12.80624847,12.04159458,14.86606875,12.04159458,14.86606875,12.04159458,13.45362405,12.80624847,12.72792206,13.45362405,12.04159458,13.03840481,12.80624847,12.80624847,12.72792206,13.03840481,11.3137085,13.60147051,14.2126704,13.89244399,12.04159458,13.03840481,12.80624847,11.66190379,12.20655562,9.219544457,13.03840481,11.66190379,12.04159458,13.41640786,12.80624847,11.66190379,10.81665383,10.29563014,9.433981132,9.433981132,11.18033989,12.08304597,12.20655562,10.29563014,12.80624847,8.94427191,12.20655562
10.81665383,13.60147051,10.63014581,13.45362405,10.63014581,13.45362405,13.60147051,14.4222051,10.81665383,14.2126704,11.40175425,12.72792206,13.45362405,14.86606875,10.29563014,14.14213562,12.20655562,15.55634919,13.45362405,14.2126704,12.20655562,15,11.66190379,14.14213562,13.92838828,14.2126704,11.40175425,14.4222051,12.20655562,12.80624847,13.60147051,12.80624847,12.52996409,12.04159458,11.18033989,11.66190379,11.40175425,11.66190379,11.66190379,13.03840481,11.18033989,11.40175425,9.848857802,11.40175425,9.433981132,13.60147051,7.615773106,15,8.94427191,13.03840481,8.94427191,12.04159458
5.099019514,15,5.830951895,15.55634919,5.385164807,14.2126704,7.211102551,16.40121947,4.472135955,18.43908891,4.472135955,15.62049935,5.656854249,16.2788206,5,18.60107524,5,17.69180601,3.605551275,19.10497317,5,18.38477631,5.385164807,16.40121947,5.099019514,17.80449381,4,17.69180601,2,16.2788206,5,18.43908891,3.605551275,16.2788206,3,16.40121947,4.123105626,15.55634919,2.236067977,13.45362405,4,15.8113883,2,14.86606875,4.472135955,12.80624847,4,14.2126704,3,14.86606875,5.385164807,12.80624847
9.219544457,12.20655562,11.40175425,13.60147051,11.3137085,12.20655562,9.899494937,12.80624847,12.04159458,12.80624847,13.60147051,12.72792206,12.80624847,14.14213562,14.4222051,13.03840481,13.45362405,14.14213562,15.62049935,15,13.45362405,12.80624847,12.80624847,12.04159458,13.89244399,13.45362405,13.03840481,13.45362405,14.4222051,10.63014581,13.03840481,12.20655562,15,12.52996409,11.40175425,12.04159458,13.60147051,12.20655562,11.40175425,12.20655562,11.66190379,11.40175425,13.03840481,11.66190379,10.81665383,13.03840481,13.03840481,15,10.81665383,11.66190379,8.94427191,10.81665383
3,17.02938637,3.605551275,16.2788206,4.472135955,17.69180601,4,18.02775638,3.16227766,18.43908891,3,16.40121947,2,18.02775638,3.605551275,16.97056275,6.403124237,16.97056275,5,16.2788206,5,17.80449381,5,15.55634919,6.708203932,19.10497317,5.385164807,18.43908891,5,15.62049935,6.32455532,15.62049935,5,17.69180601,5,15.8113883,5.830951895,16.2788206,5.385164807,16.2788206,5.099019514,15.62049935,5.099019514,14.86606875,4.472135955,15.55634919,4,16.2788206,4.123105626,17.69180601,2.236067977,15.55634919
4.123105626,17.69180601,2.828427125,17.80449381,4.123105626,19.84943324,1.414213562,20,2,19.84943324,2.828427125,20.51828453,2,19.79898987,1.414213562,19.79898987,3.16227766,21.26029163,4.242640687,18.43908891,2.236067977,19.10497317,1.414213562,18.43908891,2.236067977,20.51828453,3.16227766,19.10497317,2,18.43908891,2,19.10497317,3.16227766,19.10497317,2.236067977,17.69180601,3.16227766,17.80449381,4.123105626,17.02938637,4.123105626,17.69180601,3.16227766,18.38477631,2,17.69180601,2.828427125,16.97056275,4.123105626,16.2788206,4,16.2788206
13.45362405,9.848857802,15.26433752,8.602325267,14.4222051,9.899494937,15.62049935,10,14.86606875,8.485281374,15.8113883,8.485281374,15,10.63014581,15,9.219544457,15.8113883,11.3137085,13.60147051,12.80624847,14.86606875,12.72792206,14.86606875,11.40175425,12.80624847,13.03840481,14.2126704,11.40175425,12.72792206,10.63014581,13.45362405,10.81665383,13.45362405,9.433981132,14.2126704,10.81665383,13.60147051,11.40175425,12.04159458,10.29563014,12.04159458,10,12.04159458,9.433981132,13.45362405,9.433981132,13.03840481,9.433981132,12.80624847,8.062257748,14.14213562,8.062257748
14.86606875,8.94427191,14.2126704,8.485281374,15.62049935,8.062257748,14.86606875,7.211102551,14.2126704,5.830951895,15.55634919,7.211102551,14.86606875,7.211102551,16.64331698,6.403124237,15.8113883,7.810249676,15.62049935,8.485281374,17.02938637,7.810249676,15.8113883,8.94427191,14.86606875,7.071067812,16.40121947,7.211102551,16.2788206,5.830951895,15,6.708203932,14.86606875,5.830951895,15,6.708203932,13.45362405,4.472135955,15.62049935,5.830951895,15.55634919,5.830951895,13.60147051,7.615773106,11.40175425,7.280109889,15.8113883,9.433981132,13.60147051,4.472135955,12.20655562,7.810249676
3,15.62049935,4.242640687,20.51828453,3.16227766,17.80449381,2.236067977,19.41648784,4,17.80449381,0,17.80449381,2.236067977,17.20465053,4.123105626,17.20465053,2.236067977,16.40121947,3,17.69180601,4,16.64331698,3.16227766,20.61552813,1.414213562,17.20465053,3.16227766,16.2788206,3.16227766,19.20937271,6.403124237,18.43908891,3.16227766,17.69180601,4,16.2788206,2.828427125,15.62049935,3.16227766,14.86606875,4.472135955,14.86606875,4.242640687,14.2126704,3,15.55634919,5.385164807,17.88854382,5.385164807,14.14213562,5.385164807,14.2126704
5.099019514,16.2788206,4.123105626,18.43908891,4,16.97056275,5,16.2788206,3.605551275,17.02938637,4.472135955,16.97056275,2.236067977,18.43908891,2.236067977,17.69180601,2.828427125,19.79898987,2.236067977,19.79898987,2.828427125,18.43908891,3.16227766,18.43908891,3,16.97056275,4,17.69180601,1.414213562,17.80449381,3.16227766,17.80449381,2.828427125,15.55634919,3.16227766,17.69180601,3,15.55634919,4.123105626,17.02938637,3.605551275,16.2788206,2,14.86606875,4,15.55634919,4,15.62049935,4,14.2126704,4.123105626,14.14213562
18.43908891,3.16227766,17.80449381,3,17.80449381,3.605551275,19.41648784,4.472135955,19.20937271,2.236067977,18.43908891,3.605551275,19.84943324,1.414213562,18.43908891,3.16227766,18.38477631,3,22.02271555,4.472135955,20.51828453,3,19.20937271,3.605551275,18.43908891,1.414213562,19.79898987,5,19.79898987,1,19.10497317,4.472135955,19.10497317,4.242640687,17.69180601,3.605551275,19.10497317,2.828427125,16.97056275,1.414213562,17.69180601,3.16227766,17.69180601,2,14.86606875,3.605551275,16.2788206,6.403124237,19.20937271,3,18.60107524,3
12.80624847,11.66190379,12.04159458,11.66190379,13.45362405,12.80624847,13.60147051,13.60147051,13.60147051,12.04159458,13.45362405,10.81665383,13.60147051,10.63014581,12.04159458,11.40175425,12.20655562,10,11.18033989,11.40175425,12.52996409,12.04159458,13.60147051,10,14.4222051,12.20655562,13.89244399,10,14.4222051,10.81665383,13.89244399,9.848857802,13.60147051,10.29563014,10.63014581,12.08304597,12.20655562,10.81665383,13.03840481,10,10.81665383,10.81665383,11.40175425,10.81665383,11.40175425,10.29563014,10.81665383,13.03840481,9.433981132,10.81665383,9.848857802,10
13.60147051,13.45362405,11.66190379,12.72792206,13.03840481,11.3137085,14.2126704,14.14213562,12.80624847,14.4222051,13.60147051,14.86606875,14.2126704,15.55634919,13.60147051,14.86606875,13.45362405,14.31782106,15.55634919,13.60147051,15.62049935,17.69180601,14.4222051,15.26433752,12.72792206,16.64331698,11.3137085,14.2126704,12.20655562,15,13.03840481,15.62049935,12.72792206,15.26433752,12.52996409,13.45362405,11.18033989,14.86606875,12.20655562,13.89244399,12.04159458,12.80624847,12.80624847,15.26433752,12.04159458,11.66190379,12.04159458,12.80624847,12.04159458,13.89244399,12.20655562,10
15.26433752,11.40175425,15.62049935,13.45362405,13.03840481,12.20655562,14.4222051,14.14213562,14.86606875,12.80624847,14.86606875,14.14213562,14.4222051,15.62049935,14.2126704,13.45362405,14.86606875,14.14213562,14.86606875,15.55634919,14.14213562,14.2126704,14.14213562,15.8113883,13.45362405,13.60147051,13.45362405,12.20655562,13.60147051,13.60147051,13.60147051,13.60147051,13.45362405,15.26433752,12.80624847,13.45362405,12.04159458,14.2126704,12.20655562,13.89244399,11.40175425,13.45362405,12.80624847,12.80624847,12.80624847,12.20655562,13.60147051,11.40175425,12.80624847,11.66190379,13.45362405,10.29563014
15,11.40175425,12.04159458,10.63014581,12.20655562,11.66190379,13.89244399,11.3137085,13.45362405,12.20655562,14.14213562,12.80624847,13.45362405,12.04159458,14.2126704,12.04159458,14.2126704,10.63014581,14.4222051,12.80624847,14.86606875,14.4222051,13.45362405,12.52996409,13.45362405,12.20655562,11.40175425,11.40175425,12.80624847,12.20655562,12.80624847,14.2126704,11.40175425,12.80624847,13.60147051,10.81665383,12.20655562,12.20655562,13.03840481,13.03840481,13.60147051,11.66190379,13.41640786,12.20655562,12.20655562,10.81665383,12.04159458,8.602325267,13.60147051,10.81665383,13.45362405,9.848857802
19.10497317,7.615773106,17.80449381,7.211102551,17.69180601,8.485281374,17.80449381,7.211102551,17.80449381,8.485281374,17.02938637,9.219544457,17.69180601,10.63014581,17.80449381,9.848857802,16.2788206,10.29563014,18.43908891,10.77032961,17.02938637,10.29563014,16.97056275,10.81665383,17.02938637,9.433981132,17.69180601,9.848857802,16.97056275,10.29563014,16.2788206,8.94427191,17.02938637,10.29563014,17.02938637,10.29563014,15.62049935,9.433981132,16.2788206,8.94427191,17.02938637,9.433981132,16.40121947,8.94427191,14.14213562,9.055385138,15,8.246211251,16.40121947,7.280109889,16.97056275,6.08276253
14.86606875,12.08304597,14.86606875,14.4222051,13.60147051,15.26433752,12.72792206,12.52996409,14.86606875,12.20655562,15,10.81665383,15.55634919,12.80624847,16.97056275,10.81665383,15.62049935,10.81665383,12.80624847,9.433981132,16.2788206,9.899494937,16.2788206,10.63014581,14.86606875,10,14.86606875,10.63014581,15.55634919,10.63014581,16.97056275,8.602325267,15.62049935,9.433981132,17.02938637,10,15.55634919,7.810249676,15.55634919,9.433981132,17.20465053,6.403124237,14.86606875,8.94427191,14.4222051,8.602325267,14.4222051,9.219544457,13.03840481,7.211102551,13.03840481,9.433981132
13.45362405,13.60147051,15.62049935,12.72792206,15,12.72792206,13.60147051,13.60147051,14.2126704,12.80624847,16.2788206,12.72792206,15,12.80624847,15.62049935,12.80624847,14.86606875,12.80624847,13.45362405,13.45362405,13.60147051,15.8113883,14.86606875,14.4222051,15,15.26433752,11.40175425,14.2126704,13.45362405,14.86606875,14.86606875,13.60147051,13.03840481,14.4222051,13.03840481,16.40121947,14.2126704,13.60147051,12.04159458,12.80624847,12.80624847,12.72792206,12.80624847,11.40175425,12.20655562,12.20655562,12.20655562,12.52996409,13.60147051,12.20655562,13.60147051,13.41640786
9.848857802,17.69180601,8.246211251,15.62049935,8.485281374,16.2788206,10.81665383,16.2788206,7.810249676,16.2788206,7.615773106,17.80449381,10,19.79898987,8.602325267,19.10497317,9.219544457,18.38477631,8.94427191,17.69180601,8.94427191,19.20937271,7.211102551,17.20465053,8.062257748,18.02775638,6.403124237,16.2788206,5.830951895,18.43908891,9.433981132,19.10497317,7.280109889,17.69180601,8.602325267,16.97056275,6.708203932,17.69180601,9,17.80449381,8.062257748,15.62049935,7.071067812,16.40121947,7.280109889,14.86606875,9.219544457,15.62049935,8.544003745,15,9.433981132,16.2788206
5,19.10497317,5.099019514,16.97056275,6.32455532,18.43908891,4.123105626,19.10497317,4.123105626,18.38477631,4,20.51828453,2,19.10497317,2.828427125,19.10497317,2,19.20937271,1.414213562,17.69180601,3.16227766,19.84943324,1.414213562,19.10497317,1,19.20937271,1.414213562,18.43908891,2,19.84943324,2,19.10497317,1,17.69180601,2,18.43908891,3.16227766,18.43908891,2.236067977,19.84943324,1,17.02938637,1,18.43908891,1,16.2788206,2.236067977,16.97056275,2.828427125,16.2788206,3.16227766,19.84943324
4,19.84943324,2.828427125,17.02938637,2,20.51828453,0,18.43908891,1,19.10497317,1.414213562,19.79898987,0,20,0,18.43908891,0,19.79898987,3,17.02938637,3,19.84943324,3.605551275,19.41648784,4,17.69180601,2,19.79898987,2.236067977,19.10497317,1.414213562,19.10497317,3.16227766,18.38477631,1,19.10497317,2.828427125,20.51828453,4.472135955,17.80449381,4,17.80449381,3,15.62049935,4.123105626,16.97056275,4.123105626,16.2788206,6.32455532,17.69180601,4.123105626,16.40121947
11.66190379,16.40121947,11.40175425,15.62049935,10.81665383,16.2788206,10.63014581,17.02938637,9.219544457,16.97056275,9.433981132,18.43908891,9.219544457,15.55634919,10,15.62049935,9.899494937,17.69180601,8.485281374,14.86606875,9.219544457,17.80449381,9.219544457,17.02938637,8.062257748,16.40121947,9.433981132,19.20937271,8.602325267,16.40121947,8.602325267,16.40121947,9.899494937,15.8113883,9.848857802,15.62049935,9.433981132,17.20465053,8.062257748,14.86606875,9.433981132,16.40121947,8.602325267,14.2126704,10,14.14213562,10.29563014,14.86606875,10,14.4222051,10.29563014,14.4222051
5,15.55634919,3.16227766,14.14213562,2,13.45362405,2.236067977,16.2788206,2.236067977,14.2126704,2,14.86606875,3.605551275,14.86606875,4,16.2788206,2.236067977,14.2126704,2,14.86606875,2,14.86606875,3.16227766,15.8113883,4.472135955,16.2788206,4.123105626,15.62049935,4.472135955,14.14213562,4.123105626,16.2788206,3,14.2126704,3.16227766,13.45362405,3.16227766,14.86606875,4.472135955,14.14213562,3.16227766,13.45362405,4.123105626,14.86606875,3,12.72792206,3.16227766,14.14213562,3,14.86606875,2.828427125,13.45362405
16.2788206,3.16227766,16.97056275,4,14.2126704,5.385164807,14.86606875,4.472135955,15.62049935,3.605551275,18.43908891,3,17.02938637,1.414213562,16.97056275,4.123105626,16.40121947,2.236067977,17.69180601,3,17.69180601,2.828427125,15.55634919,2.828427125,16.2788206,2.236067977,16.97056275,2.236067977,16.97056275,1.414213562,17.69180601,2.236067977,17.02938637,2.236067977,16.2788206,1,16.97056275,3.16227766,16.2788206,2.236067977,16.2788206,2,15.55634919,2,14.86606875,3,16.2788206,4.123105626,15,3.16227766,15,2
15.8113883,10.81665383,17.69180601,8.602325267,15,10.81665383,15.26433752,11.3137085,16.2788206,12.04159458,15.62049935,11.40175425,15.55634919,11.3137085,13.45362405,12.04159458,15,10.81665383,15,10.81665383,16.97056275,11.3137085,15.55634919,10.81665383,16.2788206,13.03840481,14.2126704,14.2126704,14.14213562,10.81665383,16.2788206,12.04159458,15,14.4222051,15,13.03840481,14.2126704,11.40175425,13.60147051,11.40175425,12.80624847,10.63014581,12.04159458,10.81665383,12.80624847,9.219544457,15,11.18033989,12.80624847,11.66190379,15.55634919,11.18033989
18.38477631,3,18.38477631,3,18.38477631,3,19.84943324,2,16.97056275,2.828427125,18.43908891,2.828427125,20.61552813,3.605551275,19.20937271,2.236067977,17.69180601,4.472135955,19.84943324,1,20.51828453,5.385164807,19.84943324,4.123105626,17.02938637,4.123105626,18.43908891,2.236067977,17.69180601,3.605551275,17.69180601,5.099019514,18.38477631,3,19.10497317,5.385164807,19.10497317,4.123105626,18.38477631,4.123105626,17.02938637,2,17.69180601,3,16.40121947,3,17.02938637,3,17.69180601,3.16227766,17.02938637,3.16227766
6.708203932,16.97056275,5.830951895,17.80449381,5.830951895,16.97056275,5,18.60107524,3.605551275,18.60107524,3,17.80449381,2.828427125,17.69180601,2.828427125,17.80449381,3.605551275,18.43908891,5.099019514,17.69180601,4.123105626,19.84943324,4.123105626,17.02938637,4.123105626,18.60107524,4.123105626,16.97056275,3,17.02938637,5.099019514,16.2788206,4,17.02938637,5.099019514,14.86606875,3.16227766,14.86606875,4,16.2788206,3.16227766,16.2788206,5,14.2126704,4.123105626,13.60147051,6.32455532,15.55634919,5.099019514,15,5.385164807,15.26433752
13.89244399,11.66190379,14.2126704,15.8113883,15.62049935,15.26433752,14.86606875,13.45362405,14.14213562,15.8113883,15.55634919,15.62049935,17.80449381,14.4222051,18.02775638,13.45362405,15.62049935,14.14213562,14.86606875,12.80624847,17.80449381,13.45362405,17.20465053,10.63014581,19.41648784,11.3137085,18.38477631,11.40175425,17.20465053,11.3137085,17.20465053,11.3137085,16.40121947,12.80624847,16.40121947,10.63014581,16.97056275,12.80624847,15,10,15.62049935,10.81665383,13.45362405,11.40175425,14.2126704,8.94427191,14.4222051,12.20655562,12.52996409,10.63014581,12.20655562,11.3137085
18.38477631,6.08276253,16.40121947,5.830951895,17.02938637,7.810249676,19.41648784,8.602325267,17.69180601,7.071067812,18.43908891,8.062257748,19.10497317,10.29563014,17.69180601,8.602325267,17.69180601,11.40175425,16.97056275,8.485281374,19.20937271,7.211102551,18.38477631,8.246211251,17.69180601,7.615773106,17.69180601,6.708203932,16.97056275,7.810249676,16.40121947,12.08304597,16.2788206,9.219544457,16.40121947,6.708203932,17.69180601,8.544003745,15.62049935,7.071067812,17.69180601,6.403124237,15.26433752,8.062257748,14.14213562,5.385164807,17.69180601,5.385164807,16.2788206,6.08276253,16.2788206,5.099019514
56.46237685,15.29705854,44.94441011,14.14213562,67.00746227,19.41648784,57.69748695,10.44030651,61.29437168,11.18033989,47.63402146,3.16227766,58.89821729,18.24828759,41.10960958,31.6227766,29.06888371,23.60084744,47.4341649,27.85677655,63.56099433,37.94733192,54.23098745,31,53.14132102,19.02629759,53.82378656,19.31320792,29.06888371,27.45906044,43.26661531,27.51363298,65.06919394,22.56102835,60.74537019,27.29468813,47.42362281,32.01562119,22.8035085,38.01315562,38.07886553,25.3179778,42.04759208,23.2594067,29.06888371,30.06659276,45.48626166,35.05709629,13.89244399,33.61547263,28.17800561,37.65634077
21.21320344,6.08276253,16.2788206,5.099019514,19.10497317,7.280109889,21.26029163,2.236067977,19.10497317,3.605551275,20.61552813,2.828427125,19.20937271,2,18.43908891,1.414213562,19.84943324,1.414213562,19.84943324,2,22.6715681,2.828427125,20.61552813,2,18.43908891,0,19.79898987,1.414213562,19.10497317,1,19.84943324,2,19.10497317,4.123105626,16.97056275,2.236067977,17.02938637,4,17.69180601,3.16227766,17.69180601,2.236067977,16.2788206,2,17.80449381,2,17.69180601,4.123105626,15.62049935,5.385164807,17.80449381,4.242640687
1.414213562,19.20937271,1,18.43908891,2.236067977,17.80449381,3.16227766,18.60107524,3,17.80449381,2.236067977,18.43908891,1.414213562,19.20937271,2.236067977,16.97056275,4,16.2788206,4.472135955,17.80449381,5,16.40121947,3.16227766,17.80449381,2.236067977,16.97056275,5.099019514,16.97056275,4.242640687,17.02938637,1,17.69180601,2.236067977,19.20937271,3.16227766,16.97056275,5,17.02938637,2.828427125,14.86606875,2.828427125,16.97056275,4.123105626,15.62049935,5,15,3.605551275,17.02938637,5,15.55634919,3.16227766,14.14213562
16.2788206,2.828427125,18.60107524,3,18.60107524,4.123105626,18.43908891,1.414213562,17.69180601,2.236067977,19.20937271,2.236067977,19.20937271,3.16227766,17.80449381,2.236067977,17.69180601,4.472135955,16.2788206,4.242640687,18.43908891,5.099019514,16.2788206,6.32455532,17.02938637,3.16227766,17.69180601,5,16.2788206,4.123105626,16.97056275,5.385164807,17.69180601,5.099019514,17.69180601,3,14.86606875,2,15.62049935,3.16227766,13.45362405,3,16.2788206,4.123105626,14.2126704,3.16227766,14.86606875,3.16227766,15.55634919,4,17.69180601,3.605551275
19.20937271,4.123105626,19.20937271,1,20.61552813,4.242640687,19.41648784,3.16227766,20.61552813,3.605551275,18.43908891,4.242640687,20.80865205,2.236067977,20.51828453,6.32455532,20.51828453,8.062257748,19.10497317,5.830951895,21.26029163,6.08276253,19.10497317,6.08276253,17.69180601,4,19.10497317,5.385164807,17.69180601,7.280109889,19.84943324,7.071067812,18.43908891,6.32455532,19.20937271,6.08276253,19.84943324,4.123105626,16.2788206,5.099019514,15.55634919,5.099019514,16.40121947,4.472135955,16.97056275,4.123105626,16.2788206,3.605551275,17.69180601,3.605551275,18.43908891,4.123105626
9.433981132,15.26433752,10.29563014,14.86606875,10.77032961,15.62049935,10.63014581,13.45362405,10.63014581,14.2126704,14.2126704,14.2126704,10.63014581,14.14213562,12.04159458,14.14213562,11.3137085,14.14213562,11.40175425,15.55634919,12.04159458,13.60147051,13.92838828,12.80624847,12.04159458,15.62049935,12.04159458,14.2126704,13.45362405,14.14213562,11.18033989,11.66190379,14.2126704,12.80624847,11.40175425,12.20655562,10.81665383,11.3137085,10.81665383,13.45362405,9.433981132,12.20655562,12.20655562,10.81665383,7.071067812,11.40175425,11.66190379,13.03840481,9.433981132,13.45362405,8.485281374,11.66190379
20.61552813,6.32455532,22.02271555,5.385164807,20.51828453,8.246211251,19.84943324,9.433981132,20.61552813,7.810249676,20.80865205,7.810249676,19.10497317,8.602325267,20.51828453,9.219544457,21.40093456,9.848857802,22.02271555,7.280109889,19.79898987,10.19803903,17.80449381,11.40175425,17.80449381,8.94427191,18.60107524,10,17.02938637,7.280109889,18.38477631,9.219544457,19.10497317,7.615773106,17.80449381,9.219544457,18.60107524,9.433981132,16.97056275,7.211102551,19.79898987,7.071067812,18.43908891,7.615773106,15.55634919,7.071067812,19.20937271,6.08276253,16.97056275,7.071067812,20.51828453,7
2.828427125,20.51828453,4.472135955,20.51828453,4.123105626,21.9317122,3.605551275,21.26029163,2.236067977,19.84943324,5,19.84943324,6.32455532,19.84943324,5.830951895,19.10497317,4.472135955,21.21320344,5,19.41648784,4.242640687,21.21320344,3.16227766,19.20937271,4.472135955,20.51828453,7.071067812,19.79898987,4,17.80449381,5.830951895,21.26029163,6.32455532,19.79898987,4.472135955,17.69180601,5,19.79898987,3.605551275,17.02938637,5.656854249,18.02775638,4.472135955,16.97056275,4,19.84943324,5.830951895,18.43908891,4.123105626,17.69180601,5.830951895,18.43908891
18.60107524,1,18.38477631,1,19.84943324,2.236067977,18.43908891,2.236067977,18.43908891,2,18.43908891,2.828427125,18.43908891,1,19.41648784,1,17.02938637,1,17.20465053,2,18.38477631,1,17.02938637,1.414213562,19.10497317,2.828427125,18.38477631,3.16227766,18.43908891,4.123105626,18.43908891,2.236067977,19.41648784,5,19.10497317,4.472135955,17.69180601,2.236067977,16.2788206,3.605551275,16.2788206,3,15.55634919,3.605551275,14.86606875,3.605551275,17.69180601,4.123105626,17.02938637,3.16227766,17.80449381,4.123105626
12.72792206,12.52996409,12.80624847,12.80624847,13.03840481,12.80624847,14.86606875,12.04159458,15,11.40175425,16.2788206,12.72792206,15,10.63014581,13.45362405,10.63014581,15,12.04159458,15.65247584,11.3137085,17.20465053,12.04159458,15.8113883,10.63014581,15.26433752,10.81665383,15.8113883,8.94427191,15.26433752,11.18033989,14.4222051,10.29563014,15,12.08304597,12.80624847,9.486832981,13.60147051,12.08304597,13.03840481,10,14.4222051,10.63014581,13.03840481,10.29563014,11.40175425,11.18033989,12.52996409,12.08304597,13.41640786,10.81665383,12.08304597,11.40175425
17.20465053,12.20655562,14.4222051,12.80624847,12.72792206,12.04159458,15.62049935,12.80624847,15.62049935,13.45362405,15.8113883,13.45362405,14.14213562,15.55634919,15,13.60147051,14.2126704,12.80624847,13.45362405,13,16.2788206,13.60147051,14.86606875,15.26433752,12.72792206,15.23154621,12.04159458,14.4222051,13.60147051,15.26433752,14.4222051,14.4222051,12.20655562,12.80624847,12.80624847,14.4222051,14.76482306,12.80624847,12.20655562,13.03840481,13.89244399,13.89244399,9.848857802,12.20655562,14.2126704,11.40175425,15,11.18033989,14.2126704,12.20655562,15.62049935,11.18033989
19.20937271,3.605551275,18.43908891,2,18.38477631,4.123105626,19.10497317,3.16227766,20.51828453,3,20,3.16227766,22.20360331,1,19.79898987,0,18.60107524,0,20.51828453,1.414213562,21.9317122,4.123105626,19.84943324,4.123105626,20.61552813,3.16227766,20.61552813,2,20.51828453,3,21.26029163,3.16227766,19.10497317,3.16227766,17.80449381,2.236067977,17.69180601,3,17.02938637,2.236067977,17.69180601,2,15.55634919,2.236067977,17.69180601,2.236067977,17.02938637,3.16227766,17.80449381,2.828427125,16.2788206,3.605551275
14.4222051,14.86606875,13.03840481,13.45362405,13.03840481,16.2788206,13.45362405,16.2788206,13.60147051,14.86606875,13.60147051,16.2788206,12.04159458,15.62049935,11.66190379,17.02938637,12.72792206,17.69180601,14.2126704,17.69180601,14.86606875,17.80449381,11.40175425,17.80449381,11.40175425,16.40121947,12.04159458,14.2126704,10.29563014,17.02938637,10.63014581,17.20465053,10.29563014,16.2788206,11.40175425,15.62049935,10.81665383,15.62049935,10.81665383,14.86606875,10.81665383,15.26433752,10.81665383,15.62049935,11.40175425,14.86606875,12.20655562,14.2126704,9.899494937,15,12.20655562,12.52996409
18.43908891,7.280109889,18.38477631,5.099019514,18.38477631,4.472135955,18.60107524,5,18.43908891,4.472135955,19.10497317,5,19.10497317,3.605551275,20,2.828427125,21.9317122,2.828427125,20.51828453,5.656854249,20.61552813,2,19.20937271,3.605551275,20.61552813,4.123105626,19.10497317,3.16227766,19.79898987,2.236067977,18.43908891,3.605551275,19.10497317,2.236067977,17.69180601,4,17.69180601,4.242640687,17.69180601,3,17.02938637,3.16227766,18.43908891,3.16227766,15.55634919,4.123105626,16.97056275,6,16.40121947,3.605551275,15.8113883,6.08276253
19.10497317,5,18.43908891,5.385164807,17.69180601,4.123105626,17.02938637,3.605551275,17.80449381,4.472135955,18.43908891,4.242640687,17.02938637,3,16.97056275,3,18.38477631,1.414213562,17.69180601,2.828427125,18.43908891,4,17.02938637,5.099019514,18.38477631,5.099019514,19.10497317,3.605551275,16.97056275,3,16.97056275,3.605551275,15.62049935,3,16.64331698,3,18.43908891,3,16.40121947,3.605551275,17.02938637,4.472135955,16.2788206,4,14.2126704,4.123105626,16.2788206,5,16.2788206,6.08276253,13.03840481,4.123105626
11.40175425,14.86606875,7.810249676,16.2788206,8.94427191,16.64331698,8.94427191,14.2126704,10,16.2788206,8.94427191,14.86606875,10,16.2788206,6.403124237,16.2788206,7.071067812,16.40121947,9.433981132,17.20465053,7.810249676,16.2788206,10,15,6.403124237,16.40121947,6.708203932,15.62049935,5.830951895,15.8113883,7.615773106,15.62049935,8.062257748,18.02775638,8.062257748,14.2126704,8.246211251,15,6.08276253,16.40121947,6.32455532,15.62049935,7.810249676,17.80449381,9.433981132,13.45362405,7.071067812,13.03840481,8.94427191,12.72792206,8.94427191,13.45362405
15.26433752,9.899494937,12.72792206,9.219544457,13.60147051,9.219544457,12.72792206,9.899494937,14.86606875,10,13.45362405,10,13.60147051,11.40175425,14.2126704,10.29563014,12.04159458,9.848857802,12.04159458,8.602325267,14.14213562,12.20655562,11.40175425,11.18033989,11.3137085,10.81665383,12.80624847,9.433981132,13.60147051,9.848857802,12.80624847,10.29563014,14.14213562,9.848857802,12.20655562,8.062257748,10.81665383,9.433981132,11.40175425,8.94427191,13.03840481,7.615773106,11.3137085,7.615773106,12.04159458,7.280109889,11.40175425,7.615773106,12.04159458,6.08276253,11.40175425,8.94427191
4.123105626,19.10497317,4,17.69180601,2,20.51828453,2.236067977,21.26029163,1.414213562,20.51828453,2,21.26029163,1.414213562,19.10497317,1,19.10497317,1.414213562,19.20937271,2.236067977,19.10497317,0,22.6715681,2.828427125,17.69180601,2,19.20937271,3.605551275,19.10497317,2.828427125,19.10497317,2.236067977,19.79898987,4,18.38477631,5,19.79898987,4.123105626,18.38477631,3.605551275,19.84943324,4.242640687,19.79898987,4.242640687,17.69180601,4,18.38477631,2.828427125,17.02938637,4.123105626,19.84943324,4,16.40121947
16.64331698,36.79673899,17.80449381,34.20526275,17.69180601,36.12478374,16.64331698,35.80502758,20.24845673,32.52691193,17.69180601,41.03656906,20,31.90611227,21.21320344,29.69848481,21.9317122,29.73213749,21.1896201,29.06888371,17.4642492,36.61966685,22.82542442,31.89043744,18.38477631,30.41381265,19.41648784,27.45906044,20.61552813,28.3019434,18.35755975,32.01562119,20.24845673,28.42534081,10.77032961,26.62705391,12.36931688,32.55764119,11.66190379,35.38361203,13.15294644,28.01785145,21.37755833,29.20616373,20.39607805,27.20294102,11.40175425,29.83286778,6.08276253,29.69848481,14.03566885,29.73213749
18.43908891,5,17.69180601,3,17.02938637,2.236067977,19.20937271,1,18.43908891,2.828427125,17.20465053,3.16227766,19.84943324,3.16227766,18.43908891,4.123105626,17.20465053,4.123105626,18.02775638,4,18.38477631,6.08276253,17.02938637,5.385164807,18.43908891,6.08276253,15.62049935,7.071067812,18.43908891,5.099019514,16.97056275,4.472135955,16.2788206,7,17.69180601,3.605551275,15.62049935,3.16227766,14.14213562,5.099019514,15.55634919,3.16227766,14.86606875,4.123105626,15.62049935,3.16227766,15.55634919,3.605551275,16.2788206,4,15,3.605551275
19.10497317,3.16227766,20,2.236067977,21.21320344,4.123105626,20.51828453,4.472135955,19.79898987,5.830951895,20.61552813,3.605551275,19.10497317,5,19.20937271,5.385164807,19.10497317,5.385164807,19.20937271,6.08276253,19.10497317,6.08276253,19.20937271,6.32455532,19.10497317,7.071067812,17.69180601,7.071067812,18.38477631,5.099019514,19.10497317,6.08276253,17.02938637,7.071067812,18.43908891,6,18.43908891,4.123105626,15.55634919,5.099019514,16.2788206,5,16.97056275,5,16.2788206,4.123105626,16.97056275,3.605551275,18.38477631,3,17.69180601,3.605551275
16.97056275,5.385164807,19.84943324,6.32455532,17.69180601,4.242640687,20.51828453,5,20.61552813,5.656854249,19.84943324,5.830951895,17.80449381,1.414213562,17.80449381,3.16227766,16.97056275,3,19.10497317,4.242640687,19.10497317,4.123105626,17.80449381,3.16227766,18.43908891,3.16227766,16.97056275,6,16.97056275,4.123105626,16.97056275,5.099019514,18.38477631,4,16.2788206,5,17.02938637,6,15.55634919,3,14.86606875,4.123105626,15.8113883,5.385164807,14.86606875,6,16.40121947,6.708203932,14.86606875,4.242640687,16.2788206,6.708203932
3,20.51828453,2.236067977,19.10497317,1.414213562,21.26029163,1,20.61552813,2.236067977,21.40093456,2.236067977,19.84943324,2.828427125,19.20937271,2,19.84943324,5,20.51828453,4,21.21320344,2.828427125,19.79898987,5.385164807,19.10497317,5.830951895,19.10497317,3.605551275,18.43908891,3.16227766,19.79898987,4.472135955,18.38477631,3.16227766,19.79898987,5.656854249,19.10497317,4.472135955,18.38477631,5.385164807,18.43908891,6.403124237,15.55634919,4.123105626,16.2788206,2.236067977,17.69180601,5.099019514,20.51828453,5.099019514,16.40121947,4.123105626,16.2788206
3.16227766,17.69180601,3.16227766,17.69180601,3.605551275,21.26029163,2.828427125,18.60107524,5,18.43908891,3.605551275,20.51828453,3.605551275,17.69180601,5.385164807,18.43908891,7.211102551,17.69180601,5.830951895,16.40121947,4.242640687,18.43908891,5.385164807,16.97056275,6.32455532,15.55634919,4.472135955,17.69180601,6.08276253,16.2788206,7.071067812,16.2788206,7.071067812,18.38477631,5.099019514,16.40121947,5.099019514,15.55634919,4.123105626,16.97056275,5.099019514,15.55634919,4.123105626,15.8113883,3,16.2788206,3,17.02938637,5.099019514,16.97056275,3.605551275,16.40121947
2,20,0,19.10497317,2.236067977,20,2.236067977,19.84943324,1,19.20937271,0,18.43908891,1.414213562,18.43908891,2.236067977,20.61552813,0,21.26029163,2.236067977,18.02775638,1.414213562,18.43908891,3,17.69180601,3,19.10497317,3.605551275,20,5,16.2788206,3,18.38477631,1.414213562,20,4.472135955,17.69180601,2.236067977,17.69180601,3.605551275,17.02938637,5,17.02938637,3.605551275,17.80449381,3.605551275,16.97056275,3.605551275,15.62049935,5.385164807,15.55634919,5.385164807,17.02938637
0,15,3,17.02938637,2,18.60107524,3.16227766,18.43908891,2.236067977,15.62049935,2.828427125,16.64331698,1.414213562,17.80449381,2,17.02938637,2.236067977,18.43908891,3.605551275,19.10497317,5.099019514,17.02938637,4,15.55634919,4.123105626,16.2788206,5,16.97056275,4.123105626,16.97056275,4,17.02938637,4.472135955,15.55634919,3,16.2788206,3.605551275,14.14213562,4.123105626,14.86606875,5.385164807,13.45362405,3.16227766,13.45362405,3,14.86606875,4.472135955,14.86606875,4.242640687,14.86606875,3.16227766,13.45362405
5.099019514,18.60107524,4.123105626,17.80449381,4.242640687,19.10497317,5,19.41648784,5,19.10497317,3.605551275,18.43908891,4.242640687,19.20937271,5.656854249,18.43908891,5,19.10497317,8.062257748,21.9317122,5.385164807,19.10497317,6.08276253,18.38477631,7.211102551,20.61552813,7.615773106,19.10497317,6.32455532,19.20937271,6.08276253,17.02938637,5.385164807,17.69180601,6.32455532,16.40121947,6.08276253,16.2788206,8.062257748,15.55634919,6,16.97056275,4.123105626,16.97056275,4.123105626,16.97056275,3.16227766,17.80449381,5,15.55634919,3,16.2788206
6.08276253,15.26433752,7.071067812,16.40121947,7.071067812,17.02938637,7.211102551,17.80449381,6.403124237,15.62049935,5,16.2788206,5.830951895,16.97056275,5.830951895,14.86606875,5.385164807,13.45362405,7.615773106,13.60147051,5.099019514,14.14213562,8.94427191,16.2788206,9.486832981,14.2126704,7.615773106,16.2788206,8.246211251,14.86606875,8.94427191,13.45362405,8.062257748,14.14213562,4.472135955,13.45362405,7.615773106,13.45362405,7.211102551,14.86606875,6.32455532,12.04159458,7.071067812,14.86606875,5.099019514,14.4222051,6.32455532,14.14213562,8.062257748,13.60147051,5,12.72792206
19.79898987,1.414213562,18.43908891,1,20.61552813,2.828427125,20.61552813,1,18.38477631,2.236067977,19.84943324,1.414213562,20.61552813,2.236067977,19.10497317,2.236067977,21.21320344,2.236067977,19.10497317,2,19.84943324,3.16227766,18.43908891,3.16227766,20,4.123105626,16.2788206,6.708203932,19.10497317,5.099019514,18.38477631,2.236067977,19.10497317,3.605551275,19.10497317,3.605551275,16.2788206,2.236067977,18.38477631,3.605551275,15.55634919,2.828427125,16.2788206,3.16227766,16.97056275,4.123105626,16.97056275,4.123105626,17.69180601,5.099019514,17.02938637,4.472135955
13.03840481,12.80624847,11.70469991,12.80624847,12.08304597,14.4222051,11.40175425,12.04159458,12.80624847,13.45362405,13.89244399,14.86606875,8.94427191,13.45362405,11.66190379,13.45362405,10,14.86606875,9.219544457,15.62049935,10,15.55634919,8.485281374,16.40121947,9.219544457,15.62049935,9.433981132,14.2126704,7.810249676,14.86606875,9.219544457,14.86606875,8.485281374,13.45362405,10.63014581,14.2126704,8.602325267,12.80624847,7.810249676,12.80624847,9.219544457,13.45362405,7.810249676,12.80624847,9.219544457,14.86606875,8.94427191,14.2126704,10,14.4222051,10.63014581,11.18033989
17.80449381,1.414213562,16.2788206,2,18.86796226,2,15.62049935,0,17.69180601,1,16.64331698,2.236067977,16.40121947,4.242640687,15.62049935,3.16227766,14.86606875,1,16.40121947,2.236067977,15.55634919,2,17.69180601,2,15.62049935,2,16.2788206,2.236067977,14.86606875,2,16.2788206,3.605551275,14.2126704,2.236067977,14.86606875,3.605551275,15.55634919,3.16227766,14.14213562,4.472135955,15.62049935,3.605551275,14.86606875,3.605551275,14.14213562,3,16.2788206,4,13.60147051,4.242640687,13.45362405,3
6.08276253,15.62049935,4.123105626,18.38477631,4.472135955,17.69180601,5,17.80449381,6.403124237,16.2788206,6.32455532,17.20465053,3.605551275,16.40121947,5,16.2788206,8.062257748,19.20937271,5.830951895,16.97056275,7.211102551,17.69180601,7.211102551,16.97056275,5.830951895,17.02938637,8.602325267,16.2788206,7.211102551,14.86606875,8.062257748,16.2788206,7.211102551,14.86606875,6.403124237,14.2126704,4.472135955,14.14213562,8.062257748,15.55634919,5.656854249,14.14213562,4.472135955,14.86606875,4.472135955,14.86606875,5.099019514,14.86606875,6.08276253,14.14213562,5,14.86606875
5.099019514,20.51828453,3.16227766,21.21320344,6.403124237,21.21320344,3.605551275,22.6715681,5,22.627417,6.403124237,22.20360331,6.403124237,21.26029163,6.403124237,19.10497317,5.656854249,19.79898987,6.708203932,20.51828453,5.830951895,19.10497317,7.615773106,22.02271555,8.544003745,21.21320344,10,21.9317122,10.44030651,20.51828453,7.280109889,20.61552813,5.656854249,17.69180601,7.615773106,17.69180601,8.544003745,18.38477631,5.099019514,19.20937271,5.830951895,18.38477631,6.32455532,18.43908891,6,17.69180601,4,19.20937271,3.16227766,19.10497317,3.16227766,18.38477631
14.2126704,9.433981132,14.86606875,8.94427191,13.45362405,9.219544457,14.2126704,9.433981132,13.45362405,6.403124237,13.45362405,8.062257748,17.69180601,8.485281374,14.4222051,9.219544457,17.69180601,7.211102551,16.2788206,9.219544457,17.02938637,8.602325267,15.55634919,8.062257748,17.20465053,7.810249676,15.8113883,7.615773106,15.8113883,6.403124237,14.86606875,7.071067812,13.45362405,5.830951895,12.72792206,5.099019514,14.2126704,8.602325267,12.80624847,9.848857802,12.72792206,6.32455532,14.14213562,9.433981132,11.40175425,8.94427191,13.45362405,10,13.60147051,7.615773106,12.80624847,8.602325267
17.02938637,8.94427191,18.02775638,9.219544457,18.43908891,9.848857802,17.02938637,11.3137085,16.40121947,10,16.40121947,10.63014581,15.62049935,11.3137085,15.62049935,9.848857802,17.02938637,9.899494937,14.86606875,11.3137085,16.2788206,10.29563014,16.2788206,11.66190379,14.86606875,9.899494937,14.14213562,10.29563014,14.14213562,12.04159458,14.86606875,9.433981132,12.80624847,10.29563014,16.2788206,10.29563014,13.60147051,9.433981132,13.45362405,10,14.86606875,9.899494937,13.60147051,8.602325267,15,8.94427191,15.62049935,6.403124237,13.60147051,7.615773106,14.86606875,7.280109889
14.2126704,11.3137085,15.62049935,12.80624847,13.60147051,11.66190379,15.55634919,10.81665383,13.45362405,10.63014581,18.02775638,12.80624847,14.86606875,15,14.14213562,13.45362405,14.2126704,14.4222051,15.62049935,12.20655562,13.45362405,13.45362405,14.2126704,15.26433752,14.2126704,12.52996409,12.04159458,12.20655562,13.89244399,13.03840481,12.80624847,12.52996409,11.66190379,12.52996409,13.03840481,12.20655562,11.66190379,11.70469991,10.81665383,9.848857802,13.89244399,8.062257748,14.2126704,10.81665383,12.80624847,10.77032961,13.03840481,9.433981132,13.03840481,7.615773106,12.80624847,8.062257748
19.10497317,10.29563014,16.97056275,8.602325267,18.38477631,9.219544457,16.97056275,10.29563014,16.2788206,9.433981132,18.60107524,8.062257748,17.69180601,10,17.80449381,9.219544457,18.60107524,7.810249676,18.02775638,8.602325267,18.43908891,7.071067812,18.60107524,10,19.20937271,8.062257748,17.02938637,8.062257748,17.69180601,9.219544457,17.80449381,8.246211251,18.60107524,7.211102551,16.2788206,7.211102551,17.80449381,8.602325267,14.86606875,8.602325267,16.2788206,8.94427191,15.62049935,6.403124237,15,9.433981132,14.2126704,10.29563014,16.64331698,10.29563014,15.8113883,8.94427191
17.69180601,5.830951895,20.61552813,5,19.84943324,7.071067812,20.80865205,6.403124237,19.84943324,9.219544457,20,7.211102551,19.20937271,7.071067812,19.20937271,7.615773106,20.61552813,8.544003745,19.10497317,8.246211251,20.51828453,8.062257748,17.69180601,7.810249676,19.10497317,8.246211251,17.69180601,6.708203932,17.69180601,9.486832981,17.80449381,6.708203932,17.69180601,11.70469991,17.80449381,6.32455532,21.26029163,7.280109889,19.10497317,8.246211251,17.69180601,7.280109889,16.97056275,7.280109889,16.2788206,6,17.69180601,7.280109889,18.43908891,5.385164807,15.62049935,6
13.89244399,7.071067812,14.14213562,10,14.86606875,8.544003745,17.02938637,8.602325267,16.64331698,10.63014581,16.40121947,9.219544457,15.62049935,8.94427191,16.40121947,10.29563014,13.89244399,9.848857802,14.2126704,11.70469991,13.45362405,8.94427191,14.4222051,7.211102551,13.03840481,8.485281374,15.65247584,8.94427191,16.1245155,6.708203932,11.40175425,8.602325267,15.62049935,10.44030651,12.80624847,8.246211251,12.20655562,8.94427191,13.89244399,8.544003745,12.52996409,10.77032961,11.66190379,10.29563014,13.41640786,11.66190379,12.52996409,11.18033989,14.86606875,8.485281374,12.08304597,8.544003745
10.63014581,11.40175425,11.66190379,13.45362405,9.433981132,12.20655562,8.602325267,12.04159458,10.63014581,15,11.40175425,13.45362405,9.219544457,14.86606875,8.602325267,12.72792206,7.810249676,12.04159458,10,16.2788206,10.63014581,15.62049935,9.899494937,12.20655562,7.211102551,14.4222051,10.63014581,13.60147051,10.29563014,13.60147051,8.602325267,13.60147051,9.219544457,13.03840481,12.04159458,14.2126704,8.94427191,12.80624847,10.63014581,15,9.899494937,12.04159458,10,13.60147051,8.602325267,11.66190379,8.94427191,10.63014581,8.544003745,11.66190379,9.219544457,10.81665383
17.80449381,8.94427191,16.2788206,9.899494937,18.38477631,8.94427191,16.97056275,8.062257748,16.97056275,7.810249676,20,7.810249676,20.61552813,6.403124237,18.60107524,5.830951895,17.20465053,6.403124237,17.02938637,7.211102551,18.43908891,6.708203932,20,8.94427191,17.02938637,7.615773106,18.43908891,9.433981132,18.43908891,6.32455532,17.02938637,8.544003745,16.97056275,10.04987562,16.2788206,6.32455532,16.40121947,8.94427191,18.02775638,8.544003745,15,7.615773106,15.55634919,9.848857802,16.2788206,8.544003745,15.8113883,10.29563014,15,7.071067812,15.8113883,9.486832981
3.605551275,18.43908891,2.236067977,15.62049935,2,20,0,17.02938637,0,15.55634919,2.828427125,16.97056275,1,16.2788206,1.414213562,16.2788206,1,17.20465053,1.414213562,15.8113883,2.828427125,19.20937271,2,16.2788206,2.236067977,17.02938637,4.123105626,16.2788206,1.414213562,15,2.236067977,16.2788206,2,17.69180601,2,16.40121947,4.123105626,17.02938637,2.828427125,17.20465053,2.828427125,13.60147051,3.16227766,13.60147051,1,15.62049935,2.828427125,15.62049935,4.123105626,15.62049935,2.236067977,13.45362405
5.830951895,14.86606875,6.08276253,15.62049935,7.071067812,15,9.219544457,15,6.403124237,16.2788206,5.385164807,14.86606875,7.071067812,14.86606875,5,13.45362405,7.810249676,13.60147051,7.071067812,15.8113883,6.403124237,16.40121947,7.211102551,16.2788206,7.071067812,15.55634919,8.602325267,14.2126704,7.071067812,14.4222051,7.810249676,15.55634919,8.544003745,14.86606875,7.211102551,14.2126704,8.602325267,14.86606875,5.830951895,15.62049935,7.211102551,13.45362405,7.810249676,13.45362405,5.830951895,14.86606875,7.071067812,14.86606875,5.385164807,15.55634919,6.32455532,14.2126704
4,16.97056275,2,18.43908891,4.123105626,20.51828453,4.123105626,19.79898987,3,20,2.236067977,21.40093456,1,18.43908891,2.236067977,17.69180601,4.123105626,20.61552813,2.236067977,18.43908891,1.414213562,22.20360331,1.414213562,22.02271555,2.236067977,21.21320344,2.828427125,19.79898987,2,17.02938637,2.236067977,21.26029163,2.236067977,17.02938637,2.236067977,18.38477631,3.605551275,17.20465053,3.605551275,19.10497317,2.236067977,16.97056275,2,17.69180601,3.605551275,16.97056275,3.16227766,20.51828453,3.605551275,15.62049935,3.605551275,17.02938637
19.84943324,5,19.84943324,4.123105626,21.40093456,1,21.26029163,1,19.84943324,1,22.02271555,1,19.84943324,1.414213562,22.6715681,2.236067977,19.79898987,2,21.40093456,2,18.43908891,1,19.79898987,3.16227766,21.26029163,3.16227766,21.9317122,2.236067977,19.20937271,5,18.38477631,2.828427125,16.40121947,5.830951895,18.43908891,4,17.02938637,3.605551275,21.9317122,2.828427125,17.02938637,4.472135955,18.43908891,2.236067977,19.10497317,2.236067977,17.69180601,3.16227766,17.69180601,3,19.10497317,5
12.80624847,11.18033989,13.45362405,10.29563014,13.60147051,13.03840481,12.80624847,12.20655562,13.45362405,10.63014581,16.40121947,12.52996409,15.8113883,12.52996409,15.62049935,12.52996409,14.86606875,11.3137085,19.79898987,10.63014581,18.86796226,9.899494937,14.86606875,10,15.62049935,8.246211251,18.02775638,8.94427191,14.14213562,10.63014581,17,7.615773106,14.86606875,8.062257748,15.8113883,10.29563014,14.2126704,8.602325267,15,8.602325267,14.14213562,8.485281374,13.03840481,10,12.04159458,9.433981132,12.80624847,9.219544457,12.80624847,8.062257748,11.40175425,9.219544457
14.4222051,5.830951895,14.2126704,5,14.4222051,7.810249676,13.60147051,5,15,7.071067812,15,7.211102551,14.4222051,7.810249676,14.2126704,7.211102551,16.2788206,8.602325267,14.2126704,9.219544457,14.86606875,8.602325267,15.62049935,8.062257748,12.72792206,8.062257748,14.14213562,10.29563014,14.86606875,8.062257748,14.14213562,8.602325267,12.80624847,7.810249676,14.14213562,6.708203932,13.60147051,7.810249676,14.86606875,7.280109889,14.14213562,6.708203932,12.04159458,5.385164807,14.14213562,5.385164807,14.14213562,6.708203932,11.40175425,6.08276253,14.86606875,7.615773106
13.60147051,13.45362405,13.03840481,11.40175425,13.03840481,15,13.89244399,11.40175425,11.18033989,12.72792206,14.2126704,14.2126704,13.03840481,14.2126704,12.80624847,13.45362405,11.3137085,14.14213562,10.63014581,14.86606875,12.04159458,16.40121947,11.3137085,15,11.40175425,15,12.04159458,13.45362405,10.63014581,14.2126704,11.40175425,14.2126704,10.63014581,13.60147051,12.20655562,13.45362405,11.40175425,12.04159458,10,14.14213562,10.81665383,12.80624847,10.63014581,11.3137085,11.40175425,13.03840481,11.40175425,12.04159458,11.40175425,12.04159458,12.72792206,12.04159458
19.84943324,6.32455532,18.60107524,7.071067812,20.51828453,5,19.10497317,5.385164807,20.80865205,5.656854249,20,7.810249676,20,5.830951895,19.84943324,6.08276253,19.84943324,6.708203932,18.43908891,10,19.79898987,7.810249676,17.69180601,9.219544457,18.43908891,8.544003745,18.38477631,5.385164807,19.10497317,6.32455532,17.80449381,6.08276253,16.2788206,7.280109889,19.10497317,8,15.8113883,7.615773106,20,7.615773106,17.69180601,4,17.69180601,6,17.69180601,6.32455532,17.69180601,4.123105626,14.14213562,3.16227766,17.69180601,5.385164807
18.60107524,6.08276253,17.80449381,5.656854249,18.43908891,6.708203932,19.20937271,4.123105626,17.69180601,5.830951895,15,5.385164807,17.02938637,8.485281374,17.80449381,7.280109889,17.80449381,6.708203932,18.43908891,8.062257748,16.40121947,6.708203932,15.62049935,5.385164807,18.38477631,5.099019514,17.69180601,7.615773106,14.86606875,9.486832981,17.69180601,5.830951895,16.2788206,7.211102551,16.97056275,4.242640687,16.2788206,8.062257748,16.40121947,5.830951895,15.55634919,8.062257748,16.2788206,6.403124237,14.86606875,3.16227766,14.2126704,4.472135955,16.97056275,3.605551275,17.69180601,5.099019514
16.97056275,4.123105626,14.14213562,2.236067977,17.80449381,3.605551275,18.43908891,1.414213562,17.02938637,1.414213562,15.55634919,0,16.40121947,1,16.40121947,1,16.40121947,1.414213562,15.8113883,1,17.80449381,0,17.02938637,4.242640687,16.2788206,1.414213562,16.2788206,2.828427125,15.62049935,1,14.86606875,1.414213562,15.62049935,3.605551275,15.62049935,3.16227766,15.62049935,2,14.86606875,1.414213562,14.14213562,2.236067977,14.86606875,3.605551275,14.2126704,4.123105626,16.2788206,4.123105626,15.62049935,4,13.45362405,3.16227766
2.236067977,18.60107524,1.414213562,20.51828453,2,20.61552813,1,18.60107524,0,20.51828453,3,19.84943324,1.414213562,18.43908891,3,19.79898987,4.123105626,19.84943324,3.16227766,20.51828453,2.236067977,19.84943324,3,19.10497317,2.236067977,19.10497317,3.16227766,19.10497317,3.16227766,17.69180601,2.828427125,18.38477631,4,19.10497317,2.828427125,16.97056275,3.16227766,19.10497317,4.472135955,17.80449381,4.123105626,16.97056275,4.472135955,16.2788206,2.236067977,15.55634919,3.16227766,19.20937271,3.605551275,16.40121947,3.605551275,18.43908891
13.03840481,13.45362405,13.41640786,16.97056275,12.20655562,14.86606875,13.45362405,14.14213562,10.63014581,14.86606875,12.20655562,13.60147051,11.3137085,16.40121947,11.18033989,17.80449381,12.80624847,14.76482306,10.29563014,14.76482306,10.63014581,15.26433752,12.20655562,15.65247584,10.81665383,15,10,17.49285568,10.81665383,16.40121947,11.40175425,15.26433752,9.219544457,16.1245155,12.80624847,14.2126704,11.3137085,12.04159458,9.433981132,12.20655562,9.219544457,15.26433752,11.40175425,13,9.433981132,13.45362405,8.062257748,10.81665383,11.40175425,10.81665383,12.80624847,13.89244399
3,16.2788206,3,16.2788206,2,17.69180601,2,17.80449381,3.16227766,19.10497317,1,19.84943324,1,19.84943324,2.236067977,17.69180601,1,16.40121947,2.236067977,16.40121947,2,17.80449381,1.414213562,19.20937271,1,16.40121947,2.828427125,18.43908891,5,15.62049935,2.828427125,17.02938637,3.605551275,16.97056275,3.605551275,17.69180601,2.828427125,15.62049935,4.242640687,16.2788206,4.242640687,16.2788206,3.605551275,17.02938637,1,14.86606875,3.16227766,15.62049935,3,17.02938637,3,17.20465053
17.02938637,10.77032961,14.86606875,10,17.80449381,8.602325267,18.43908891,10,17.80449381,8.602325267,19.84943324,9.219544457,16.97056275,8.602325267,20,7.211102551,19.41648784,6.708203932,17,8.485281374,16.40121947,9.433981132,17.80449381,6.403124237,16.40121947,10,17.20465053,9.433981132,17.49285568,7.211102551,15.8113883,6,17.80449381,9.486832981,17.69180601,8.062257748,15.62049935,8.246211251,14.2126704,8.544003745,15.62049935,8.544003745,16.1245155,9.486832981,15,8.94427191,13.45362405,12.20655562,15.8113883,11.3137085,14.76482306,9.433981132
15,9.848857802,15,10,16.97056275,10,16.40121947,12.08304597,18.43908891,9.899494937,18.43908891,11.40175425,18.43908891,8.485281374,19.41648784,10,17.80449381,8.485281374,15.8113883,9.219544457,19.72308292,7.810249676,16.64331698,9.219544457,16.40121947,8.602325267,17.80449381,8.062257748,16.64331698,8.485281374,16.40121947,8.485281374,15.8113883,7.211102551,16.2788206,8.062257748,16.40121947,7.280109889,14.2126704,8.602325267,13.60147051,9.848857802,14.2126704,9.433981132,14.4222051,10,13.03840481,10.29563014,15,9.433981132,15.8113883,11.18033989
20.51828453,6.708203932,18.60107524,6.708203932,19.20937271,6.32455532,20,5.099019514,20.51828453,5.656854249,19.84943324,7.810249676,21.26029163,5.656854249,20,10,18.60107524,6.403124237,18.60107524,7.211102551,19.79898987,9.433981132,17.80449381,9.219544457,18.43908891,12.04159458,18.38477631,9.219544457,19.79898987,8.544003745,17.80449381,7.615773106,17.69180601,9.219544457,19.79898987,8.602325267,16.97056275,8.544003745,15.62049935,8.602325267,17.02938637,7.615773106,15,6.403124237,17.02938637,5,18.38477631,6.32455532,16.97056275,7.211102551,16.97056275,4.472135955
3.16227766,21.26029163,3.605551275,20.51828453,5.830951895,19.20937271,5.656854249,19.84943324,4.472135955,17.69180601,4.242640687,20.61552813,6.403124237,22.20360331,5,20.51828453,6.403124237,19.84943324,5,21.9317122,5.656854249,19.84943324,6.08276253,18.38477631,5.830951895,19.79898987,7.280109889,18.38477631,6.08276253,16.2788206,5.385164807,16.40121947,5.099019514,17.69180601,4.472135955,19.10497317,7.280109889,21.26029163,5.099019514,19.10497317,4.123105626,17.02938637,4.123105626,18.43908891,1.414213562,18.38477631,5.099019514,17.69180601,3.16227766,15,6.403124237,18.43908891
18.38477631,2.236067977,17.69180601,4,18.43908891,2.236067977,17.69180601,3.16227766,19.20937271,2.236067977,18.02775638,2.236067977,18.43908891,4.123105626,19.10497317,2.828427125,18.60107524,3.16227766,19.84943324,5.656854249,19.10497317,6.32455532,17.80449381,5.099019514,17.69180601,4.123105626,17.69180601,3.605551275,16.97056275,4.123105626,17.80449381,5.099019514,17.69180601,3.16227766,16.97056275,4,17.69180601,5,15.55634919,3.16227766,15.55634919,3,17.02938637,2,13.45362405,5.099019514,14.86606875,5.099019514,17.02938637,4.123105626,17.02938637,3
13.03840481,14.14213562,13.45362405,14.14213562,13.60147051,13.45362405,13.60147051,14.86606875,10.63014581,12.72792206,13.45362405,13.45362405,11.40175425,13.60147051,9.899494937,15,11.40175425,14.2126704,10.63014581,13.03840481,12.04159458,14.4222051,9.219544457,14.4222051,10.81665383,12.80624847,10.29563014,12.80624847,10,15.8113883,11.40175425,14.2126704,9.433981132,12.80624847,11.66190379,12.20655562,11.40175425,12.20655562,10.29563014,13.89244399,10.29563014,12.80624847,10,11.40175425,10,10.81665383,11.66190379,11.18033989,12.80624847,9.433981132,10.81665383,11.18033989
4.242640687,16.2788206,3.605551275,16.97056275,2.828427125,17.02938637,2.236067977,15,1,19.20937271,1,17.02938637,1,17.80449381,2.236067977,17.69180601,1,17.02938637,3.16227766,18.60107524,2.236067977,18.38477631,5.099019514,17.02938637,3,16.40121947,2,17.69180601,4.123105626,15.62049935,2,17.69180601,3.16227766,16.2788206,1.414213562,15.55634919,2.236067977,16.97056275,2.236067977,14.14213562,3.605551275,14.14213562,2.828427125,15.55634919,2.236067977,14.86606875,3.16227766,14.86606875,2.828427125,14.86606875,3.16227766,14.2126704
15.55634919,7.615773106,14.14213562,8.246211251,17.69180601,5.385164807,16.97056275,6.708203932,18.38477631,8.062257748,17.20465053,6.403124237,16.97056275,7.211102551,17.80449381,6.403124237,18.38477631,5,18.38477631,5.830951895,18.43908891,4.472135955,18.43908891,4.472135955,18.38477631,3.605551275,17.69180601,5.385164807,15.62049935,6.403124237,17.69180601,5,15.8113883,3.16227766,16.2788206,4.472135955,16.40121947,6.32455532,14.86606875,6.32455532,15.55634919,3.605551275,14.86606875,7.071067812,13.45362405,5.099019514,15.62049935,5.830951895,15.62049935,5.385164807,13.60147051,6.708203932
16.97056275,10.63014581,16.40121947,9.219544457,19.10497317,11.40175425,16.40121947,9.219544457,19.20937271,10.63014581,16.40121947,10.29563014,17.80449381,9.899494937,17.02938637,9.899494937,17.20465053,9.486832981,19.84943324,9.848857802,18.43908891,9.433981132,18.02775638,9.433981132,18.02775638,7.211102551,17.02938637,10.19803903,14.2126704,8.94427191,17.20465053,11.18033989,12.80624847,7.211102551,16.40121947,10.44030651,13.60147051,9.433981132,16.40121947,9.486832981,15.62049935,7.615773106,14.4222051,13.03840481,12.20655562,8.94427191,13.03840481,12.20655562,15.26433752,10.81665383,12.80624847,9.433981132
20.80865205,6.708203932,20,7.810249676,21.26029163,7.071067812,18.38477631,7.810249676,19.84943324,7.071067812,19.41648784,6.403124237,18.60107524,8.062257748,19.10497317,7.071067812,18.38477631,10.29563014,17.69180601,10,18.43908891,10.44030651,20.61552813,10.29563014,17.69180601,7.280109889,18.02775638,10.29563014,19.84943324,10.81665383,17.69180601,8.544003745,16.2788206,7.615773106,17.69180601,9.055385138,18.38477631,6.708203932,17.02938637,8.544003745,17.20465053,5.385164807,16.2788206,7,16.97056275,5.099019514,19.79898987,6.08276253,16.2788206,6,19.10497317,7
20.61552813,10.81665383,19.10497317,8.062257748,19.20937271,8.602325267,20.24845673,9.899494937,19.84943324,9.219544457,21.21320344,9.219544457,20.51828453,10,17.69180601,10.63014581,17.69180601,11.66190379,20,10.29563014,20.51828453,12.04159458,18.43908891,12.52996409,16.2788206,11.18033989,16.2788206,8.602325267,16.97056275,10.29563014,16.97056275,10,16.97056275,10.81665383,15.62049935,9.433981132,15.55634919,10.29563014,16.2788206,8.062257748,15,7.211102551,14.86606875,9.848857802,15.55634919,6.32455532,16.40121947,9.848857802,15.62049935,6.403124237,17.80449381,8.544003745
16.40121947,14.86606875,12.80624847,13.60147051,17.02938637,13.45362405,19.10497317,13.45362405,16.2788206,16.40121947,16.40121947,16.64331698,16.2788206,12.04159458,14.4222051,16.64331698,16.40121947,12.52996409,17.80449381,14.76482306,16.2788206,15,15.55634919,14.76482306,14.2126704,17,15.55634919,14.2126704,14.86606875,13.03840481,14.2126704,14.76482306,15.8113883,13.89244399,17.20465053,12.52996409,15,11.40175425,15,13.41640786,12.20655562,12.52996409,15.62049935,11.66190379,14.4222051,11.66190379,13.60147051,10.81665383,14.86606875,10.29563014,16.40121947,11.18033989
16.97056275,5.830951895,17.69180601,5,20.61552813,7.810249676,18.60107524,3.605551275,19.20937271,4.242640687,18.38477631,2.236067977,18.43908891,5,17.69180601,4,17.20465053,5.099019514,18.86796226,5.385164807,19.20937271,5.099019514,17.69180601,2,17.80449381,4.123105626,17.02938637,4,16.40121947,4.472135955,17.80449381,5.099019514,17.69180601,4.123105626,16.40121947,5.099019514,15.8113883,5.099019514,16.2788206,4.472135955,16.2788206,5.099019514,15.8113883,6.32455532,14.2126704,6.708203932,14.4222051,7.071067812,14.4222051,8.062257748,15,6.32455532
12.80624847,44.59820624,7,45.3431362,16.64331698,56.56854249,18.43908891,48.10405388,4.123105626,49.64876635,15.65247584,50.91168825,19.72308292,48.3011387,12.52996409,42.01190308,3.16227766,57.00877125,16.97056275,51.623638,11.40175425,56.0357029,15.65247584,53.82378656,9.219544457,51.89412298,16.97056275,48.01041554,8.062257748,42.01190308,21.47091055,43.27817002,3.605551275,62.42595614,5.656854249,53.60037313,19.10497317,45.27692569,26.07680962,47.80167361,8.062257748,35.84689666,13.41640786,33.60059523,15.13274595,46.22769733,22.09072203,44.10215414,17.69180601,31.144823,24.20743687,41.59326869
14.2126704,30.47950131,15,30.61045573,15.62049935,32.20248438,15.62049935,31.89043744,15.8113883,30.41381265,15.62049935,28.31960452,16.1245155,28.28427125,14.2126704,29.20616373,16.1245155,29.73213749,17.08800749,28.31960452,18.35755975,30.47950131,19.23538406,29.73213749,17.49285568,29.06888371,16.55294536,26.90724809,16.64331698,26.90724809,16.1245155,27.65863337,16.1245155,25.61249695,14.4222051,27.01851217,13.41640786,24.8394847,14.56021978,24.04163056,12.52996409,25,12.08304597,26.2488095,9.486832981,26.87005769,11.18033989,28.31960452,11.40175425,26.17250466,13.15294644,27.58622845
14.86606875,3,15.62049935,4.123105626,17.20465053,1,17.02938637,1,16.97056275,3.16227766,17.02938637,3.16227766,13.45362405,1.414213562,16.40121947,1.414213562,16.40121947,1.414213562,17.69180601,2.236067977,18.38477631,0,17.02938637,3.16227766,15.55634919,2.236067977,14.14213562,2.236067977,17.02938637,3.605551275,16.2788206,4.123105626,16.97056275,4.242640687,16.97056275,2.236067977,15.55634919,2.828427125,14.86606875,1.414213562,13.45362405,3,14.2126704,2,15.55634919,3.16227766,14.86606875,3.16227766,11.40175425,3.605551275,16.2788206,4
7.071067812,14.2126704,8.602325267,15,10.63014581,15.62049935,8.602325267,14.4222051,9.433981132,14.2126704,11.3137085,14.4222051,11.66190379,15.62049935,10.29563014,14.86606875,8.544003745,14.2126704,12.08304597,15,10.81665383,13.45362405,9.848857802,13.45362405,9.433981132,14.86606875,11.18033989,13.03840481,11.18033989,12.04159458,11.18033989,14.2126704,10.29563014,12.20655562,8.602325267,12.80624847,8.94427191,14.2126704,8.94427191,14.86606875,8.062257748,11.40175425,9.848857802,13.45362405,8.94427191,13.60147051,7.615773106,12.20655562,8.246211251,11.66190379,8.246211251,14.14213562
2.828427125,19.20937271,3.16227766,18.38477631,4,16.40121947,2.236067977,19.20937271,3.605551275,18.43908891,2.828427125,20.61552813,1,19.20937271,2.236067977,19.20937271,3.16227766,18.60107524,3.605551275,16.40121947,4.472135955,18.43908891,5.099019514,17.69180601,4.123105626,16.97056275,7.280109889,19.10497317,4,17.02938637,4,17.69180601,5.099019514,18.43908891,3,16.2788206,4.123105626,16.2788206,4,14.86606875,4.123105626,15.62049935,4.123105626,16.2788206,3.605551275,16.97056275,2.236067977,16.2788206,2.236067977,16.2788206,2.236067977,15.62049935
17.69180601,3.605551275,15,2,16.97056275,2.236067977,16.2788206,2.828427125,16.2788206,1,17.80449381,3.16227766,17.20465053,3.605551275,16.40121947,3.16227766,17.80449381,1,17.69180601,3,14.86606875,2,19.10497317,3,16.2788206,4.472135955,14.86606875,2.236067977,14.86606875,4.472135955,15.55634919,3.16227766,17.20465053,3.605551275,17.02938637,4,14.86606875,2.236067977,15,5.099019514,13.45362405,3.16227766,12.72792206,2.236067977,14.2126704,4.472135955,14.86606875,3.605551275,13.45362405,3.16227766,14.86606875,2.236067977
12.04159458,14.76482306,12.04159458,15,12.04159458,14.4222051,12.72792206,15.8113883,12.72792206,14.2126704,10.63014581,13.60147051,13.45362405,14.2126704,14.14213562,13.45362405,13.60147051,12.72792206,12.80624847,15.55634919,13.89244399,14.14213562,13.89244399,13.45362405,13.89244399,11.3137085,14.4222051,13.45362405,13.89244399,12.20655562,13.89244399,12.04159458,13.89244399,12.04159458,12.80624847,12.52996409,12.80624847,12.04159458,11.18033989,11.40175425,12.52996409,10.63014581,11.66190379,12.20655562,10.81665383,12.08304597,11.18033989,12.20655562,10.81665383,12.80624847,10.29563014,12.72792206
16.97056275,6,15,7.280109889,15.62049935,6.08276253,15.55634919,7.615773106,15.62049935,5,18.43908891,5,16.40121947,4.472135955,18.43908891,5,20.51828453,2.236067977,17.69180601,4.123105626,17.69180601,4.472135955,16.40121947,2.236067977,19.20937271,3,17.69180601,5,17.69180601,3.605551275,16.2788206,2.828427125,14.86606875,3,14.14213562,2.236067977,14.2126704,6.32455532,14.14213562,3.16227766,14.86606875,3,14.14213562,5.099019514,14.86606875,3,15.62049935,4.472135955,12.80624847,5,14.86606875,6
48.41487375,67.47592163,49.57822102,67.23094526,47.80167361,69.4046108,48.7954916,68.60029154,45.45327271,62.28964601,52.34500931,62.48199741,49.40647731,56.61271942,51.4003891,61.61980201,52.20153254,48.50773134,74.06078585,62.93647591,62.62587325,56.08029957,61.07372594,63.12685641,59.07622195,58.72818744,57.31491952,57.28001397,61.61980201,53.75872022,62.48199741,53.07541804,59.03388857,49.49747468,51.85556865,52.63078947,53.60037313,53.75872022,55.21775077,47.38143096,50.60632372,47.80167361,53.41348144,47.63402146,43.60045871,46.69047012,45.607017,54.45181356,41.34005322,53.07541804,43.0464865,51.66236541
18.38477631,3.16227766,18.43908891,2.236067977,18.43908891,2,19.41648784,3.16227766,17.80449381,1,17.20465053,2,17.80449381,2.828427125,18.43908891,2.828427125,19.10497317,4.242640687,20.51828453,2.828427125,19.10497317,4.123105626,18.60107524,3,18.43908891,3,17.69180601,3.16227766,18.60107524,5.385164807,16.2788206,2.236067977,17.80449381,4,15,2.236067977,17.69180601,1,17.02938637,4.123105626,15.62049935,5.099019514,14.2126704,4.123105626,14.86606875,2,16.97056275,2.236067977,16.2788206,3.16227766,17.69180601,3.16227766
17.69180601,4.123105626,17.20465053,5.099019514,19.41648784,4.472135955,16.97056275,2.236067977,18.86796226,2,16.40121947,3.16227766,17.69180601,2.236067977,18.38477631,1.414213562,15.26433752,5.385164807,16.40121947,5,14.86606875,2.828427125,18.60107524,4,15.62049935,5,15.55634919,4.123105626,16.97056275,4,14.86606875,6.32455532,16.2788206,2.236067977,13.45362405,3.16227766,14.14213562,4.472135955,13.03840481,2.236067977,13.45362405,4.472135955,14.86606875,4.472135955,15.62049935,4.123105626,14.14213562,2.236067977,14.2126704,4.123105626,16.2788206,2.236067977
12.20655562,12.20655562,12.04159458,13.45362405,14.14213562,11.66190379,14.2126704,12.72792206,14.14213562,12.80624847,12.20655562,11.3137085,13.03840481,11.3137085,14.2126704,11.3137085,14.86606875,11.40175425,15.8113883,13.89244399,15.26433752,9.433981132,13.60147051,11.40175425,13.03840481,11.40175425,15,11.66190379,12.80624847,11.18033989,14.4222051,10.81665383,13.60147051,10.77032961,14.2126704,9.848857802,13.60147051,10.81665383,11.66190379,11.66190379,12.52996409,10,11.18033989,10.63014581,11.66190379,12.20655562,10.81665383,12.04159458,11.18033989,12.20655562,9.486832981,11.18033989
13.45362405,12.52996409,12.72792206,11.3137085,14.14213562,12.04159458,12.04159458,11.18033989,13.45362405,11.40175425,14.86606875,11.40175425,14.2126704,11.3137085,14.2126704,10.63014581,13.60147051,9.219544457,13.03840481,9.899494937,13.45362405,10,14.2126704,11.40175425,14.86606875,12.20655562,15,10.29563014,14.76482306,9.219544457,13.60147051,8.94427191,12.52996409,10.81665383,13.60147051,9.433981132,13.60147051,10,13.03840481,9.848857802,13.89244399,9.219544457,12.20655562,11.66190379,12.04159458,12.52996409,11.66190379,9.219544457,11.40175425,11.40175425,10.81665383,10.29563014
18.43908891,2,19.10497317,5.099019514,18.43908891,3.16227766,17.02938637,4.123105626,19.10497317,2,17.20465053,1,17.69180601,1,16.40121947,1,20.51828453,1.414213562,20.51828453,1,19.84943324,1.414213562,19.84943324,2.236067977,20.61552813,2.236067977,18.43908891,1.414213562,19.79898987,3.16227766,17.69180601,0,14.86606875,1,17.02938637,2.236067977,16.97056275,2.236067977,14.2126704,2,15,1,16.2788206,1,16.2788206,2.236067977,15.62049935,3,17.02938637,4.123105626,17.20465053,3
10,15.62049935,12.20655562,17.69180601,11.3137085,17.02938637,12.20655562,17.02938637,9.899494937,18.38477631,11.3137085,16.64331698,12.72792206,16.2788206,12.20655562,17.02938637,14.14213562,13.45362405,13.45362405,16.97056275,13.45362405,15.55634919,13.45362405,15.55634919,12.04159458,16.97056275,12.04159458,14.14213562,14.2126704,14.2126704,13.89244399,13.03840481,12.20655562,14.2126704,12.20655562,15,12.08304597,13.03840481,13.60147051,13.45362405,11.66190379,15.62049935,11.18033989,12.04159458,10,17.80449381,11.66190379,16.2788206,11.66190379,13.45362405,9.848857802,14.2126704
14.14213562,7.211102551,14.86606875,8.602325267,17.80449381,9.219544457,17.20465053,5,17.80449381,6.403124237,17.80449381,7.810249676,17.69180601,7.071067812,17.69180601,6.708203932,17.20465053,6.32455532,15.26433752,5,17.20465053,7.211102551,17.20465053,9.433981132,16.40121947,9.848857802,16.2788206,10.04987562,13.45362405,5.830951895,17.49285568,8.062257748,16.40121947,5.385164807,15.62049935,7.280109889,14.14213562,6.32455532,14.4222051,6.708203932,15,5.099019514,14.2126704,9.486832981,11.66190379,8.062257748,13.60147051,9.848857802,13.89244399,8.94427191,12.20655562,8.94427191
8.062257748,14.86606875,8.062257748,13.60147051,6.32455532,17.02938637,6.403124237,15.62049935,7.211102551,16.2788206,7.810249676,16.40121947,6.403124237,17.69180601,4.242640687,17.02938637,7.071067812,16.2788206,6.32455532,16.40121947,7.071067812,16.40121947,5,17.02938637,5,16.2788206,4.472135955,15.62049935,3.605551275,16.97056275,5.385164807,16.40121947,5,16.2788206,6.708203932,14.86606875,5.385164807,15.62049935,4.472135955,15,6.08276253,15.55634919,3.605551275,14.14213562,4.472135955,13.45362405,5.830951895,13.45362405,6.708203932,12.80624847,7.810249676,14.2126704
14.86606875,2,17.20465053,1,16.97056275,2.236067977,15.62049935,0,15,1,17.02938637,2.236067977,17.80449381,3,17.69180601,2,16.40121947,2.236067977,15,3.16227766,16.40121947,2.236067977,19.10497317,5,17.20465053,3,14.86606875,4,15.55634919,2.828427125,18.60107524,7,14.2126704,4.242640687,16.2788206,3.16227766,13.89244399,4.472135955,16.2788206,2,15.55634919,2.828427125,14.2126704,3.16227766,14.2126704,2.236067977,15.62049935,3.16227766,14.2126704,2.828427125,13.45362405,3
12.80624847,19.84943324,10.81665383,16.97056275,10.29563014,19.10497317,10,19.84943324,10.63014581,17.80449381,9.219544457,17.69180601,9.899494937,20.51828453,9.899494937,20,10,18.35755975,10.77032961,17.20465053,10,20.24845673,8.485281374,20,10.29563014,17.80449381,8.544003745,20.24845673,10.29563014,19.41648784,7.810249676,19.41648784,10.29563014,16.40121947,10,17.80449381,10.81665383,16.40121947,9.848857802,15.8113883,9.486832981,17.20465053,8.544003745,17.02938637,9.433981132,12.80624847,12.52996409,18.43908891,11.66190379,16.1245155,10.81665383,13.60147051
36.87817783,8.062257748,34.05877273,6.403124237,36.05551275,9.486832981,34.40930107,8.062257748,34.05877273,13.15294644,34.82814953,7.211102551,34.40930107,13,29,4.123105626,35.38361203,3.16227766,33.12099032,4.472135955,32.64965543,10,41.10960958,7.071067812,38.28837944,5.830951895,33.9705755,7.071067812,36.87817783,12.04159458,33.60059523,12.36931688,32.64965543,9.433981132,33.28663395,12.04159458,29.69848481,9.219544457,37.01351105,7.615773106,34.66987165,14.03566885,32.55764119,3.16227766,29,2.236067977,32.80243893,4,30.47950131,4.123105626,30.61045573,5.385164807
1,20.51828453,2.236067977,20.80865205,3.16227766,19.79898987,1.414213562,20,2.236067977,20.51828453,1,22.02271555,0,23.43074903,2.236067977,22.6715681,3.605551275,21.40093456,4.472135955,20.61552813,3.605551275,20.51828453,3.16227766,21.26029163,4.472135955,20.61552813,5.099019514,19.79898987,1.414213562,20.51828453,3.605551275,21.9317122,5.385164807,19.20937271,3.16227766,19.10497317,2.236067977,19.20937271,3.16227766,18.43908891,4.242640687,18.43908891,3.16227766,18.43908891,2.828427125,18.43908891,3,17.69180601,3.605551275,17.80449381,4,16.97056275
19.84943324,6.403124237,15.8113883,7.211102551,16.97056275,6.403124237,17.02938637,7.810249676,17.69180601,6.403124237,17.69180601,7.071067812,16.40121947,9.219544457,16.2788206,8.485281374,16.40121947,7.810249676,18.43908891,6.403124237,16.40121947,7.810249676,15.62049935,7.211102551,18.38477631,5.830951895,16.2788206,5.830951895,16.2788206,8.246211251,15.62049935,9.486832981,16.2788206,9.219544457,15.62049935,9.848857802,15.62049935,6.708203932,14.14213562,8.062257748,16.40121947,6.08276253,16.2788206,5.099019514,14.86606875,6.08276253,14.86606875,5,15.55634919,7.280109889,16.2788206,5.385164807
15.62049935,2.236067977,16.40121947,2.236067977,16.2788206,1.414213562,17.02938637,2,15.62049935,2.236067977,17.20465053,1,17.20465053,1,15.8113883,1.414213562,14.86606875,1,14.2126704,1,16.2788206,3,17.02938637,4.123105626,17.80449381,4.123105626,16.2788206,4.472135955,14.2126704,3.16227766,15.55634919,4.123105626,16.40121947,5.099019514,16.97056275,3,15.62049935,3.16227766,13.45362405,4.472135955,14.14213562,2.236067977,13.45362405,3.605551275,14.2126704,3.605551275,14.2126704,2.236067977,12.72792206,5,14.14213562,4.472135955
15.55634919,12.04159458,15.8113883,12.04159458,13.60147051,14.86606875,12.80624847,13.60147051,14.14213562,10.81665383,15.55634919,12.04159458,10.63014581,12.80624847,11.3137085,14.86606875,13.45362405,12.08304597,14.2126704,14.2126704,17.88854382,14.4222051,11.3137085,12.04159458,13.60147051,12.52996409,13.45362405,13.45362405,10.81665383,12.16552506,17.88854382,10.29563014,12.20655562,12.08304597,11.66190379,12.20655562,15.8113883,7.280109889,16.2788206,14.56021978,10.29563014,10,11.70469991,14.86606875,11.18033989,5.385164807,17.02938637,11.18033989,14.2126704,9.219544457,15,6.708203932
15.62049935,8.062257748,16.64331698,10,12.72792206,10.81665383,13.45362405,8.485281374,18.02775638,6.403124237,16.64331698,8.062257748,14.86606875,6.403124237,15.8113883,6.403124237,14.86606875,6.403124237,17.20465053,7.810249676,16.40121947,8.485281374,16.40121947,5.830951895,14.4222051,8.062257748,14.14213562,6.708203932,13.45362405,8.602325267,14.86606875,6.708203932,14.86606875,6.403124237,13.45362405,7.071067812,12.72792206,10.81665383,17.20465053,7.071067812,13.60147051,7.615773106,15,8.94427191,12.20655562,8.544003745,10.63014581,8.94427191,11.66190379,8.544003745,13.41640786,8.062257748
17.80449381,8.485281374,16.1245155,10,15.62049935,9.219544457,17.69180601,9.899494937,17.02938637,10.63014581,16.40121947,12.20655562,17.80449381,11.40175425,15.55634919,10.81665383,16.2788206,11.66190379,15.55634919,9.486832981,16.40121947,10.81665383,14.2126704,10.77032961,15.62049935,11.66190379,14.14213562,10.29563014,14.14213562,11.18033989,15.62049935,10.29563014,14.2126704,11.66190379,15.62049935,10.81665383,14.2126704,10.29563014,14.2126704,8.94427191,14.2126704,8.94427191,14.2126704,8.602325267,14.86606875,8.602325267,13.89244399,6.708203932,14.86606875,8.062257748,16.97056275,8.544003745
17.02938637,12.20655562,18.60107524,9.433981132,20.24845673,9.433981132,17.20465053,13.60147051,17.69180601,12.04159458,20.61552813,11.3137085,19.10497317,11.40175425,19.20937271,10.29563014,21.21320344,12.04159458,19.84943324,13.45362405,16.2788206,14.4222051,18.38477631,12.20655562,16.2788206,13.03840481,17.69180601,13.03840481,18.02775638,13.41640786,17.69180601,10.81665383,16.40121947,10.29563014,17.02938637,12.20655562,18.02775638,11.66190379,16.97056275,12.80624847,16.64331698,8.94427191,17.02938637,12.08304597,15,8.94427191,15.55634919,11.18033989,15.8113883,11.18033989,16.2788206,10.44030651
20,6.08276253,19.79898987,4.123105626,17.69180601,3.605551275,20.61552813,6.32455532,19.10497317,2.236067977,19.84943324,3.605551275,17.80449381,2,18.43908891,2,19.79898987,3.16227766,19.10497317,4,19.20937271,4.123105626,19.41648784,3,17.80449381,4,16.2788206,4.123105626,16.40121947,2.236067977,17.02938637,5.385164807,16.2788206,4.242640687,15.62049935,5.385164807,17.02938637,3,16.2788206,5,17.69180601,3.16227766,15.62049935,4,16.2788206,7.280109889,14.2126704,4.472135955,15.26433752,4.472135955,15,6.08276253
12.72792206,11.66190379,14.4222051,11.18033989,14.2126704,13.41640786,15,11.66190379,14.2126704,13.03840481,14.14213562,10.81665383,14.86606875,12.20655562,13.60147051,12.80624847,14.86606875,10.81665383,16.40121947,12.80624847,14.2126704,10.63014581,12.20655562,12.04159458,16.40121947,11.40175425,16.2788206,9.899494937,14.14213562,9.899494937,14.2126704,8.602325267,14.2126704,8.94427191,14.4222051,8.602325267,12.80624847,9.433981132,12.20655562,7.810249676,12.80624847,11.40175425,12.04159458,10,11.40175425,10.81665383,11.40175425,11.40175425,10.77032961,9.899494937,11.40175425,10.81665383
6.32455532,14.86606875,6.08276253,16.40121947,5.385164807,17.69180601,3.605551275,16.40121947,5,16.40121947,5,17.80449381,3.605551275,17.80449381,3.16227766,17.80449381,3.605551275,19.20937271,2.828427125,17.69180601,3.16227766,18.43908891,6.08276253,18.60107524,4,17.69180601,3.16227766,19.10497317,4.123105626,18.43908891,4,19.20937271,3,16.97056275,4.472135955,15.55634919,4.123105626,16.2788206,4,16.40121947,4,15.62049935,5,15,5.099019514,15.55634919,5.099019514,16.2788206,5.099019514,15.62049935,5,12.80624847
17.02938637,11.3137085,16.40121947,12.72792206,17.20465053,14.14213562,16.2788206,12.04159458,17.80449381,13.41640786,18.38477631,12.80624847,16.2788206,12.52996409,17.80449381,13.60147051,15.55634919,13.89244399,14.14213562,15,16.40121947,15.8113883,16.64331698,14.4222051,17.20465053,15.26433752,15,16.64331698,15.8113883,12.52996409,14.86606875,14.4222051,14.31782106,14.4222051,14.76482306,11.66190379,15.26433752,11.66190379,13.89244399,10.81665383,13.89244399,11.66190379,15,10.81665383,15.55634919,11.18033989,17.02938637,8.062257748,15,9.848857802,17.80449381,12.08304597
6.708203932,14.14213562,9.899494937,14.86606875,9.219544457,16.64331698,9.219544457,13.45362405,6.708203932,12.80624847,6.32455532,15.55634919,7.810249676,15.55634919,8.602325267,15.8113883,8.062257748,12.80624847,10.29563014,12.80624847,11.70469991,14.86606875,12.64911064,16.2788206,8.544003745,17.20465053,11.18033989,15.8113883,10.44030651,13.45362405,11.18033989,13.03840481,9.848857802,12.80624847,8.246211251,14.86606875,10.44030651,12.04159458,9.219544457,13.45362405,10.19803903,16.2788206,9.848857802,12.80624847,8.062257748,12.80624847,8.246211251,13.45362405,7.071067812,14.2126704,7,14.86606875
15,10,15.62049935,9.219544457,15.8113883,7.810249676,15.62049935,12.04159458,14.86606875,10,16.40121947,10.81665383,15.62049935,11.66190379,16.2788206,11.40175425,17.02938637,12.20655562,15.8113883,11.66190379,17.69180601,12.52996409,16.2788206,13.41640786,14.86606875,11.70469991,14.2126704,12.52996409,14.86606875,13.41640786,14.2126704,12.52996409,13.45362405,11.66190379,14.2126704,11.18033989,14.2126704,9.848857802,14.4222051,9.848857802,13.60147051,10,12.80624847,11.40175425,14.2126704,10.77032961,14.2126704,10.44030651,14.2126704,9.486832981,13.60147051,8.544003745
7.071067812,13.45362405,7.615773106,16.2788206,4.242640687,15.55634919,5,15.62049935,6.403124237,14.2126704,8.602325267,14.86606875,6.403124237,16.40121947,7.071067812,15,7.211102551,16.40121947,7.280109889,15.62049935,7.211102551,17.02938637,6.403124237,17.02938637,7.280109889,17.80449381,5.385164807,15.62049935,7.280109889,15,7.615773106,16.40121947,7.071067812,14.2126704,7.615773106,14.14213562,7.615773106,14.4222051,8.062257748,15.62049935,8.544003745,12.80624847,7.615773106,13.45362405,8.062257748,12.80624847,7.615773106,15.62049935,7.615773106,11.40175425,8.062257748,12.52996409
6.708203932,15.62049935,7.615773106,17.69180601,7.211102551,17.02938637,8.062257748,17.20465053,9.219544457,15.62049935,6.403124237,17.02938637,6.403124237,16.2788206,7.810249676,16.2788206,9.899494937,15.55634919,9.899494937,15,9.219544457,15.55634919,8.602325267,14.14213562,10.63014581,15.62049935,8.485281374,15.55634919,9.433981132,13.45362405,10.29563014,15.55634919,8.602325267,14.86606875,9.219544457,13.60147051,8.062257748,14.14213562,8.062257748,15.55634919,8.062257748,14.2126704,7.211102551,15,6.403124237,15.62049935,6.32455532,14.86606875,8.062257748,14.86606875,7.615773106,14.86606875
6.708203932,15.55634919,9.486832981,17.02938637,8.062257748,18.38477631,7.615773106,16.97056275,9.219544457,16.97056275,7.810249676,16.97056275,5.656854249,19.84943324,7.071067812,17.69180601,6.403124237,19.10497317,5.656854249,16.2788206,4.472135955,19.84943324,5,17.69180601,2.236067977,19.10497317,4.123105626,18.60107524,4.242640687,20.51828453,5.830951895,18.38477631,4.242640687,17.69180601,3.605551275,17.80449381,1,15,3.16227766,16.2788206,3.605551275,17.02938637,3.605551275,16.40121947,4.242640687,16.40121947,5,16.97056275,3.16227766,17.69180601,6.403124237,16.2788206
10.29563014,19.10497317,10.29563014,17.02938637,8.602325267,19.10497317,6.403124237,19.10497317,7.071067812,22.02271555,7.810249676,19.20937271,7.810249676,20.51828453,7.211102551,21.21320344,8.94427191,19.84943324,8.544003745,19.10497317,7.280109889,23.43074903,5.385164807,20.51828453,6.708203932,19.10497317,6.32455532,20.51828453,8.544003745,19.20937271,9,19.20937271,7.280109889,19.41648784,7.280109889,19.10497317,9.486832981,17.69180601,7.280109889,18.60107524,9.486832981,19.10497317,6.08276253,14.86606875,9.433981132,16.40121947,8.94427191,18.38477631,8.94427191,17.02938637,9.433981132,17.69180601
13.03840481,11.3137085,11.18033989,12.72792206,10.77032961,12.72792206,12.20655562,12.80624847,10.29563014,14.14213562,12.20655562,13.60147051,10.81665383,13.41640786,12.04159458,16.64331698,10.63014581,15.62049935,8.485281374,14.4222051,10,13.60147051,9.433981132,12.80624847,10.81665383,14.2126704,10.29563014,14.2126704,11.18033989,14.4222051,11.18033989,13.89244399,11.18033989,13.41640786,12.08304597,10.81665383,10.29563014,10.29563014,10.29563014,10,10.44030651,10.81665383,10.81665383,12.08304597,9.219544457,10.29563014,9.433981132,9.486832981,10.77032961,9.486832981,12.52996409,10.29563014
17.80449381,8.485281374,16.64331698,7.071067812,16.64331698,11.18033989,15.62049935,10.29563014,17.80449381,7.810249676,18.43908891,9.219544457,16.40121947,9.899494937,16.2788206,9.219544457,17.69180601,8.485281374,17.80449381,10.81665383,18.38477631,9.219544457,19.10497317,10.29563014,17.69180601,9.219544457,17.69180601,10,17.02938637,7.810249676,16.2788206,5.830951895,16.2788206,8.94427191,16.97056275,10,17.02938637,8.602325267,16.2788206,8.062257748,17.02938637,9.219544457,15.55634919,9.848857802,16.2788206,9.219544457,16.40121947,9.219544457,15.62049935,9.219544457,16.40121947,9.219544457
10.63014581,9.433981132,10.63014581,11.66190379,12.04159458,10.81665383,12.04159458,11.18033989,11.3137085,9.848857802,12.20655562,10.81665383,12.20655562,11.40175425,12.52996409,9.433981132,13.89244399,10.29563014,13.03840481,8.94427191,13.41640786,7.810249676,12.52996409,8.485281374,11.66190379,8.485281374,13,7.810249676,12.52996409,7.071067812,13.03840481,8.485281374,10.77032961,7.810249676,10.77032961,7.810249676,12.08304597,7.810249676,11.18033989,8.602325267,10.77032961,8.602325267,9.848857802,8.602325267,10.19803903,8.062257748,9.486832981,10,9.219544457,8.062257748,7.071067812,8.062257748
14.86606875,7.615773106,13.45362405,7.615773106,13.45362405,5.830951895,13.45362405,7.211102551,14.86606875,7.211102551,14.14213562,7.810249676,15,5.656854249,13.60147051,5.656854249,13.60147051,5.830951895,14.2126704,7.211102551,15.62049935,5.830951895,16.64331698,6.403124237,15,4.472135955,14.2126704,6.708203932,15.62049935,5.385164807,14.2126704,5.385164807,14.86606875,7.280109889,13.45362405,7.280109889,12.80624847,5.385164807,15.62049935,7.280109889,13.45362405,6.32455532,12.72792206,6.32455532,13.45362405,6.08276253,12.72792206,8.062257748,12.80624847,8.062257748,13.45362405,8.062257748
16.97056275,4.123105626,16.97056275,1.414213562,16.2788206,1.414213562,17.80449381,4.123105626,17.02938637,3.16227766,17.69180601,1.414213562,14.86606875,1,18.38477631,4.472135955,18.38477631,1,16.2788206,2.236067977,18.38477631,2.236067977,17.02938637,4,15.55634919,3.16227766,15.55634919,1.414213562,16.2788206,3.605551275,14.86606875,3,16.2788206,4,14.14213562,3,15.55634919,4,15.62049935,5.099019514,15.62049935,4.472135955,14.86606875,5.385164807,15.62049935,5.385164807,16.40121947,5,15,3.605551275,15.62049935,5
7.615773106,17.69180601,6.708203932,18.38477631,5.385164807,20.51828453,6.403124237,18.43908891,4.472135955,19.20937271,6.403124237,19.84943324,5,18.43908891,6.403124237,19.84943324,5,17.69180601,3.605551275,18.60107524,5,20.51828453,3.605551275,19.20937271,5.385164807,19.10497317,4.472135955,17.69180601,4.123105626,17.69180601,5.385164807,19.10497317,4.472135955,17.02938637,6.08276253,16.2788206,6.08276253,15,8.246211251,16.40121947,7.280109889,15.62049935,5,15.8113883,6.708203932,15.62049935,6.08276253,17.20465053,8.062257748,15.26433752,7.211102551,16.1245155
3.16227766,19.79898987,6.403124237,17.69180601,2.828427125,18.38477631,6.708203932,20.51828453,4,18.43908891,5,20.51828453,2.236067977,18.38477631,4,20,3.605551275,22.6715681,4.472135955,21.40093456,3,20.61552813,4.472135955,18.43908891,4.123105626,19.84943324,5.830951895,19.84943324,3,20,6,18.60107524,4.242640687,17.02938637,3.605551275,16.64331698,3.16227766,17.02938637,3.16227766,19.20937271,4.123105626,15.62049935,6.403124237,19.79898987,4.472135955,17.69180601,4,16.97056275,5,17.02938637,5,19.84943324
14.86606875,6.708203932,16.40121947,6.403124237,14.14213562,7.071067812,14.4222051,7.071067812,15.62049935,8.062257748,14.14213562,10.81665383,12.04159458,9.899494937,16.97056275,10.81665383,12.80624847,8.602325267,13.45362405,9.219544457,12.04159458,9.486832981,13.60147051,8.602325267,14.2126704,9.848857802,15.62049935,11.18033989,12.04159458,9.486832981,15,8.602325267,13.60147051,10.19803903,13.45362405,9.219544457,13.45362405,9.486832981,14.2126704,5.830951895,15,5.385164807,13.60147051,6.08276253,12.72792206,5.099019514,12.04159458,6.32455532,15,5,13.60147051,5.385164807
9.899494937,15.62049935,10,15.55634919,12.80624847,16.2788206,13.60147051,17.02938637,14.2126704,17.02938637,12.80624847,16.2788206,13.60147051,16.40121947,12.80624847,14.14213562,11.66190379,14.86606875,11.70469991,14.76482306,12.20655562,16.2788206,11.66190379,17.02938637,13,14.86606875,14.2126704,15,10.81665383,13.60147051,12.80624847,15.26433752,11.18033989,15.65247584,9.433981132,13.89244399,11.18033989,15.8113883,9.848857802,14.4222051,11.18033989,13.60147051,10.81665383,15,8.062257748,13.60147051,11.18033989,15.8113883,8.94427191,13.45362405,7.615773106,14.2126704
2,19.84943324,4.472135955,18.43908891,3,18.38477631,2.236067977,17.80449381,1.414213562,16.97056275,1,18.38477631,2.236067977,18.43908891,2.236067977,19.10497317,1,18.43908891,2.236067977,18.60107524,0,18.43908891,1.414213562,19.79898987,3.605551275,17.02938637,2,19.10497317,4.123105626,16.97056275,2.828427125,16.97056275,1,15.62049935,3.605551275,15.62049935,2.236067977,18.43908891,3.16227766,16.2788206,1,14.86606875,2.236067977,16.97056275,2.236067977,14.86606875,2.236067977,14.86606875,3,16.2788206,2.236067977,15.55634919
12.04159458,12.80624847,11.40175425,14.2126704,12.20655562,13.60147051,13.03840481,11.40175425,15,11.3137085,15,12.04159458,14.4222051,14.14213562,13.89244399,13.03840481,11.66190379,13.45362405,13.41640786,13.60147051,12.08304597,12.52996409,14.76482306,12.04159458,14.31782106,11.18033989,14.31782106,11.40175425,13.89244399,11.66190379,13.15294644,11.66190379,12.08304597,10.81665383,11.18033989,12.04159458,12.52996409,11.18033989,9.848857802,9.433981132,10.29563014,8.94427191,9.486832981,9.433981132,9.848857802,10.81665383,10.19803903,14.4222051,8.544003745,10.63014581,12,10.29563014
3.605551275,15,2.236067977,18.38477631,3.605551275,18.43908891,2.828427125,16.2788206,2.828427125,19.20937271,1.414213562,18.60107524,3,18.43908891,3,17.69180601,4.123105626,19.10497317,3,14.14213562,5.099019514,17.69180601,3.16227766,18.38477631,3.605551275,19.10497317,4.472135955,17.80449381,3,17.02938637,4.242640687,16.2788206,4.472135955,14.86606875,5.099019514,16.97056275,6.08276253,15.55634919,5.385164807,17.02938637,7.071067812,14.14213562,3.605551275,14.86606875,4,14.2126704,4.123105626,15.26433752,5.099019514,14.4222051,4.472135955,13.89244399
11.40175425,15.8113883,11.40175425,17.80449381,11.66190379,19.20937271,13.60147051,16.40121947,14.86606875,17.69180601,11.3137085,14.86606875,14.14213562,16.97056275,12.80624847,15.55634919,13.45362405,14.86606875,12.04159458,16.40121947,14.4222051,16.97056275,12.20655562,16.2788206,15.62049935,14.14213562,14.2126704,17.02938637,14.2126704,15.62049935,14.2126704,12.20655562,14.2126704,12.80624847,12.72792206,15,14.76482306,14.2126704,14.4222051,13.60147051,11.66190379,15,12.20655562,13.45362405,10.81665383,14.2126704,9.219544457,14.2126704,12.08304597,15,10.29563014,14.86606875
14.86606875,9.433981132,15.55634919,8.602325267,17.80449381,9.219544457,15.8113883,8.602325267,16.40121947,6.403124237,17.20465053,10.29563014,14.86606875,7.810249676,15.8113883,6.403124237,15.8113883,9.433981132,13.60147051,7.810249676,15,8.602325267,15.8113883,6.08276253,15.8113883,7.280109889,17.02938637,8.544003745,15.8113883,6.708203932,13.45362405,8.246211251,13.60147051,7.615773106,14.2126704,7.810249676,13.03840481,8.062257748,13.60147051,7.615773106,10.63014581,9.848857802,13.03840481,8.94427191,13.60147051,8.544003745,13.89244399,9.433981132,14.4222051,10,14.4222051,11.66190379
8.602325267,15.26433752,9.433981132,17.20465053,9.219544457,17.02938637,9.899494937,16.40121947,10.81665383,17.69180601,10,14.2126704,10.63014581,17.02938637,12.04159458,14.2126704,8.94427191,16.40121947,10.29563014,15.55634919,10.81665383,15.55634919,10.29563014,16.2788206,10.29563014,15.62049935,10,16.2788206,10,15.62049935,11.40175425,15,11.66190379,14.14213562,10.63014581,13.03840481,10.81665383,13.45362405,10.81665383,14.2126704,10,14.86606875,8.062257748,12.80624847,8.602325267,14.2126704,7.810249676,15,9.433981132,14.86606875,7.810249676,14.14213562
15,7.810249676,15,9.219544457,16.2788206,8.062257748,14.2126704,7.211102551,14.86606875,7.071067812,16.40121947,9.219544457,17.02938637,8.602325267,14.2126704,9.899494937,15.55634919,11.3137085,13.45362405,10.63014581,16.40121947,13.03840481,15.55634919,10.81665383,13.45362405,11.18033989,12.80624847,10.77032961,13.45362405,9.433981132,14.2126704,9.848857802,15.62049935,11.18033989,14.2126704,8.062257748,13.03840481,8.94427191,15,7.615773106,13.60147051,6.708203932,13.45362405,7.280109889,11.40175425,7.280109889,13.45362405,9.486832981,14.14213562,8.544003745,12.80624847,7.071067812
19.10497317,4.472135955,19.84943324,3.16227766,21.26029163,3.16227766,21.40093456,2,19.79898987,2.236067977,20.61552813,1,21.9317122,1.414213562,19.10497317,0,21.21320344,1.414213562,22.627417,2,22.02271555,3.16227766,19.20937271,2.828427125,19.79898987,3.605551275,21.26029163,6.08276253,19.79898987,1,19.79898987,1.414213562,18.38477631,3.16227766,17.69180601,3.605551275,17.69180601,2.828427125,16.97056275,3.16227766,19.10497317,3.16227766,17.69180601,2,15,1.414213562,18.60107524,2.828427125,17.69180601,1.414213562,15.55634919,3.16227766
8.544003745,18.38477631,8.544003745,19.84943324,7.211102551,18.43908891,8.062257748,17.20465053,8.602325267,19.41648784,7.810249676,19.84943324,6.403124237,20.61552813,7.211102551,19.84943324,6.403124237,19.10497317,8.544003745,19.84943324,7.071067812,22.02271555,6.708203932,20,6,21.40093456,6.32455532,19.10497317,6.32455532,18.60107524,7.280109889,18.38477631,5.385164807,17.80449381,6.08276253,18.38477631,6.08276253,17.69180601,6,17.80449381,5.385164807,18.43908891,6.08276253,16.97056275,5.830951895,14.86606875,6.708203932,15.55634919,8.062257748,16.2788206,8.94427191,15.62049935
16.40121947,1.414213562,14.86606875,2.828427125,14.86606875,1,15.62049935,2,14.86606875,1,17.20465053,1,15.62049935,2.236067977,15.62049935,1,15,2.828427125,15.8113883,2.236067977,15.55634919,3.16227766,15,4,14.86606875,5,16.2788206,4.123105626,14.2126704,2.828427125,14.2126704,3.16227766,15.55634919,4,15.55634919,4.472135955,13.60147051,3.16227766,12.72792206,2.828427125,13.45362405,2.828427125,12.20655562,2.828427125,13.45362405,2.236067977,13.60147051,2.828427125,13.45362405,2.236067977,13.45362405,3.605551275
12.72792206,16.1245155,13.60147051,13.60147051,14.14213562,14.86606875,15,15.55634919,14.2126704,15.62049935,14.2126704,16.2788206,13.60147051,15,12.04159458,14.86606875,15.55634919,14.14213562,17.02938637,16.2788206,17.49285568,13.60147051,14.4222051,15.62049935,16.1245155,12.20655562,13.03840481,13.45362405,15.65247584,13.89244399,14.76482306,12.80624847,15.23154621,12.04159458,12.52996409,12.20655562,14.76482306,13.03840481,12.20655562,11.66190379,12.80624847,12.52996409,12.20655562,15.26433752,10.63014581,12.20655562,12.64911064,14.2126704,10.81665383,14.2126704,10.77032961,13.60147051
6.08276253,41.86884283,2.236067977,42.63801121,2.828427125,40.45985665,5.830951895,43.829214,5.099019514,39.59797975,12.64911064,40.45985665,3.16227766,36.35931793,11.40175425,45.27692569,11.04536102,41.77319715,9.433981132,39.59797975,11.18033989,42.52058325,13.92838828,39.8246155,7.615773106,38.28837944,13,38.20994635,8.602325267,37.80211634,8.602325267,36.79673899,13.41640786,42.80186912,9.899494937,38.89730068,6.32455532,36.23534186,7.810249676,34.05877273,8.602325267,38.20994635,5.385164807,31.144823,14.86606875,32.20248438,12.64911064,36.12478374,10.29563014,35.38361203,8.062257748,34.05877273
16.64331698,5.385164807,15.8113883,5,16.97056275,8.062257748,18.43908891,8.602325267,16.40121947,7.211102551,15.65247584,9.899494937,17.02938637,8.94427191,17.69180601,7.810249676,17.69180601,7.810249676,17.69180601,6.708203932,16.97056275,9.848857802,17.69180601,7.211102551,14.86606875,8.485281374,15.55634919,8.062257748,14.86606875,10,14.86606875,9.899494937,15,11.40175425,14.2126704,7.810249676,12.72792206,7.211102551,14.14213562,6.403124237,13.45362405,7.810249676,12.80624847,7.810249676,12.72792206,6.403124237,14.86606875,7.211102551,14.14213562,7.211102551,14.86606875,3.605551275
17.02938637,2.828427125,17.69180601,1,17.20465053,0,19.20937271,1,17.69180601,1,17.80449381,2.236067977,17.69180601,3,17.69180601,2,19.10497317,3.16227766,18.38477631,2.236067977,19.84943324,5,18.02775638,5,17.20465053,2,18.38477631,4.123105626,18.43908891,3,18.38477631,4.472135955,17.69180601,3,16.97056275,3.16227766,16.2788206,3.16227766,16.2788206,3.605551275,16.2788206,3.16227766,14.86606875,4.123105626,14.14213562,2.236067977,16.97056275,2.828427125,16.2788206,3.605551275,15,2.828427125
1,18.38477631,2.236067977,19.84943324,5.099019514,17.69180601,3.16227766,17.20465053,3.16227766,17.80449381,2.236067977,18.38477631,5.099019514,19.84943324,2,19.10497317,3.16227766,18.38477631,4.123105626,20.61552813,3.16227766,17.69180601,3.605551275,17.80449381,1,19.10497317,4,16.97056275,4.472135955,16.2788206,3.605551275,17.69180601,2,15.55634919,4.123105626,17.80449381,4.123105626,16.97056275,5.099019514,16.97056275,3.16227766,15.62049935,4.472135955,15.62049935,3,15.55634919,3,15.62049935,3,15.55634919,2.828427125,18.38477631
6.403124237,13.60147051,5.385164807,13.60147051,6.403124237,12.72792206,4.472135955,14.86606875,5.830951895,15.62049935,5.830951895,15.8113883,6.08276253,12.80624847,5,12.80624847,7.211102551,12.80624847,9.219544457,15.62049935,8.246211251,13.60147051,7.071067812,12.20655562,9.055385138,12.80624847,10.19803903,12.04159458,8.246211251,15,7.280109889,14.4222051,7.280109889,11.66190379,5,13.60147051,6.08276253,14.86606875,9,10.81665383,7,9.899494937,4.123105626,12.04159458,5.099019514,11.66190379,6.08276253,14.2126704,6.32455532,12.04159458,5.385164807,10.29563014
12.80624847,5.099019514,15.55634919,4.123105626,12.80624847,3.605551275,16.2788206,5.385164807,13.60147051,2.828427125,14.86606875,6.08276253,16.2788206,5,15.8113883,2.236067977,16.40121947,1,16.97056275,3.16227766,17.02938637,5,14.2126704,2.828427125,16.2788206,5,14.2126704,4.242640687,16.2788206,4.123105626,15.55634919,0,16.40121947,3,16.2788206,1,16.2788206,3.16227766,14.14213562,2.236067977,12.20655562,2.236067977,13.60147051,1,14.86606875,4,12.72792206,3.16227766,12.04159458,6,14.86606875,5.385164807
3.605551275,16.40121947,2.236067977,17.02938637,2.236067977,19.20937271,2.236067977,17.69180601,1,17.80449381,2,20,2.236067977,17.49285568,2.236067977,17.80449381,3,19.10497317,2.236067977,19.10497317,5,19.10497317,2.828427125,19.10497317,5.385164807,17.69180601,4,16.2788206,3.16227766,18.43908891,3.605551275,16.2788206,1.414213562,17.69180601,3.16227766,17.80449381,3.16227766,17.69180601,4.123105626,18.38477631,2.828427125,15.55634919,4.472135955,16.40121947,5,15.62049935,1.414213562,17.02938637,2.828427125,14.2126704,1.414213562,19.10497317
13.41640786,14.14213562,13.03840481,14.86606875,11.40175425,13.45362405,13.45362405,14.2126704,12.72792206,14.86606875,13.03840481,14.2126704,10,17.69180601,13.60147051,15.55634919,12.04159458,13.60147051,12.20655562,19.20937271,10.81665383,16.2788206,8.94427191,15.26433752,10.81665383,15,10,14.2126704,12.20655562,14.14213562,10.81665383,15.62049935,9.433981132,16.2788206,11.66190379,17.02938637,11.18033989,14.2126704,10.63014581,15.62049935,11.18033989,14.2126704,10.81665383,13.03840481,10.81665383,13.45362405,12.20655562,13.45362405,10.81665383,13.89244399,13.89244399,15.26433752
8.94427191,13.45362405,8.062257748,12.52996409,9.219544457,14.2126704,9.219544457,12.20655562,10.63014581,13.60147051,12.04159458,14.14213562,10,14.86606875,9.219544457,12.72792206,12.80624847,13.45362405,10.63014581,12.72792206,12.20655562,14.14213562,10.29563014,13.45362405,13.03840481,13.60147051,12.20655562,13.03840481,11.66190379,11.40175425,10.63014581,10.81665383,12.52996409,10.81665383,10.81665383,12.04159458,10.63014581,13.45362405,11.18033989,11.66190379,10.81665383,12.04159458,9.219544457,14.2126704,8.94427191,10.81665383,8.94427191,13.60147051,7.615773106,13.41640786,7.071067812,12.20655562
14.2126704,11.66190379,14.4222051,11.40175425,12.80624847,12.04159458,13.60147051,10,12.20655562,11.3137085,14.2126704,14.14213562,12.72792206,14.14213562,12.20655562,12.80624847,13.03840481,15.55634919,10,15.55634919,12.72792206,14.86606875,11.40175425,13.45362405,10.63014581,15,11.40175425,13.45362405,12.20655562,14.2126704,12.04159458,12.04159458,11.40175425,13.60147051,11.40175425,13.60147051,10.63014581,12.20655562,12.20655562,13.60147051,11.66190379,12.04159458,10.29563014,11.3137085,11.40175425,10.81665383,11.40175425,12.52996409,11.18033989,11.66190379,13.45362405,10.81665383
12.04159458,7.615773106,14.14213562,7.810249676,13.60147051,8.062257748,13.45362405,8.602325267,14.86606875,7.810249676,12.80624847,7.810249676,15.8113883,7.280109889,15.8113883,5.385164807,17.02938637,4.242640687,18.38477631,7.615773106,16.2788206,6.32455532,18.02775638,6.708203932,15.55634919,6.708203932,17.80449381,5.830951895,15.55634919,3,16.40121947,5.385164807,13.45362405,6.08276253,13.45362405,6.08276253,14.86606875,4.123105626,12.72792206,7,12.04159458,5,13.60147051,5.385164807,12.80624847,6.08276253,12.04159458,7.615773106,13.45362405,7.211102551,14.2126704,8.062257748
8.062257748,14.86606875,6.403124237,11.40175425,7.211102551,10.63014581,8.94427191,12.72792206,6.403124237,14.86606875,6.403124237,14.86606875,8.544003745,16.2788206,7.211102551,15.62049935,7.211102551,15,7.280109889,14.2126704,6.708203932,14.86606875,7.211102551,14.2126704,6.403124237,17.02938637,5.830951895,14.2126704,5,12.20655562,5.385164807,14.4222051,6.708203932,15,3.605551275,14.86606875,6.32455532,13.60147051,4.123105626,12.80624847,8.544003745,13.60147051,4.123105626,12.80624847,8.94427191,13.45362405,8.94427191,14.2126704,7.211102551,12.80624847,8.94427191,14.4222051
14.14213562,3.605551275,14.14213562,3.605551275,16.40121947,7.211102551,13.45362405,3.605551275,18.02775638,5,15,2.236067977,16.2788206,5,13.60147051,3.605551275,15,5.099019514,17.02938637,3.605551275,14.4222051,4.472135955,14.2126704,6.08276253,14.2126704,7.615773106,16.40121947,5,17.20465053,5,16.2788206,4,16.1245155,6.08276253,14.2126704,4,15,5.099019514,12.20655562,4.472135955,13.45362405,4.123105626,14.14213562,6.08276253,12.52996409,7.280109889,12.08304597,7.071067812,12.04159458,7.280109889,11.40175425,5.099019514
5,10,8.602325267,13.45362405,5,13.03840481,9.899494937,13.03840481,9.433981132,13.60147051,9.486832981,10.81665383,8.485281374,13.45362405,9.848857802,14.2126704,6.403124237,14.86606875,8.246211251,13.45362405,9.486832981,14.86606875,8.062257748,11.66190379,8.246211251,12.72792206,7.211102551,13.45362405,8.062257748,14.86606875,8.544003745,13.45362405,7.615773106,12.52996409,7.810249676,13.03840481,5.099019514,12.80624847,9.219544457,12.72792206,7.071067812,11.3137085,8.062257748,13.45362405,5,10.63014581,7.071067812,9.899494937,6.08276253,10.81665383,5.385164807,10
8.602325267,12.80624847,9.219544457,11.66190379,11.40175425,12.80624847,12.04159458,12.80624847,10.63014581,11.40175425,12.04159458,12.72792206,9.219544457,10.63014581,13.45362405,11.40175425,11.40175425,12.72792206,12.72792206,12.80624847,12.20655562,10.29563014,10,9.219544457,11.3137085,10,10,12.04159458,10.63014581,12.04159458,12.20655562,8.602325267,10.81665383,9.433981132,12.80624847,11.18033989,10.29563014,9.899494937,10.81665383,11.40175425,10,10.77032961,10.29563014,11.40175425,9.433981132,12.08304597,8.94427191,12.08304597,8.544003745,11.66190379,8.602325267,12.04159458
8.602325267,13.89244399,7.615773106,12.20655562,8.485281374,13.60147051,10,15,8.485281374,12.04159458,10.29563014,14.2126704,10.63014581,15.8113883,10.63014581,14.14213562,9.433981132,11.3137085,10,12.80624847,11.3137085,14.2126704,10.63014581,13.45362405,9.899494937,12.80624847,9.899494937,12.04159458,8.94427191,11.40175425,10.29563014,9.899494937,8.94427191,13.45362405,9.433981132,10.81665383,12.04159458,12.80624847,9.433981132,9.848857802,8.062257748,14.2126704,10.63014581,12.20655562,7.615773106,11.66190379,7.211102551,12.20655562,7.615773106,9.899494937,7.211102551,11.40175425
7.211102551,13.89244399,9.848857802,14.86606875,7.211102551,16.2788206,8.485281374,14.4222051,8.602325267,15,8.485281374,15.55634919,10,14.86606875,8.062257748,15.55634919,9.433981132,14.86606875,10.63014581,15,10,14.2126704,9.433981132,15.8113883,12.20655562,15.62049935,10,15.26433752,10.29563014,13.45362405,12.52996409,13.45362405,10.81665383,14.14213562,8.602325267,13.89244399,10.81665383,11.40175425,8.062257748,13.60147051,10,12.20655562,9.848857802,13.60147051,10.81665383,11.66190379,8.602325267,13.60147051,8.94427191,13.03840481,8.544003745,13.60147051
2.236067977,16.2788206,3,17.69180601,2.236067977,17.80449381,3.605551275,17.02938637,3.16227766,19.10497317,2.828427125,17.02938637,4.472135955,19.10497317,3.16227766,18.43908891,4.472135955,18.43908891,6.708203932,17.69180601,3.605551275,19.10497317,5.099019514,17.69180601,4.472135955,17.02938637,7.071067812,18.43908891,6.32455532,17.69180601,4.123105626,16.2788206,6.403124237,19.79898987,5.656854249,17.20465053,5.099019514,15.55634919,6.708203932,17.20465053,3.605551275,15.62049935,3.605551275,17.69180601,5.385164807,15,7,17.20465053,4,14.86606875,2.236067977,17.02938637
10.63014581,10.63014581,10.81665383,10.63014581,10.77032961,10.63014581,9.219544457,9.899494937,11.40175425,9.899494937,12.20655562,12.04159458,8.602325267,12.04159458,9.899494937,12.80624847,10.81665383,11.66190379,9.219544457,14.2126704,10.63014581,15.26433752,8.602325267,12.80624847,8.94427191,13.60147051,9.899494937,13.03840481,9.848857802,12.20655562,8.94427191,13.03840481,8.485281374,11.40175425,9.486832981,12.80624847,11.18033989,12.20655562,8.94427191,11.40175425,9.219544457,10.63014581,9.899494937,10,7.810249676,11.40175425,9.848857802,11.3137085,9.433981132,8.94427191,10.63014581,11.40175425
14.14213562,6.403124237,15.8113883,5.830951895,15,5,14.86606875,7.071067812,14.2126704,6.403124237,14.4222051,7.810249676,16.2788206,9.219544457,16.2788206,8.602325267,15.8113883,7.810249676,13.45362405,6.708203932,17.69180601,7.615773106,15.26433752,8.544003745,14.86606875,9.848857802,12.80624847,8.602325267,15.55634919,8.062257748,14.86606875,10,14.14213562,7.211102551,14.2126704,9.848857802,14.86606875,7.211102551,12.04159458,6.708203932,12.04159458,8.062257748,12.20655562,6.708203932,12.72792206,5,14.14213562,5.385164807,14.14213562,5.385164807,12.80624847,8.062257748
9.899494937,10,8.062257748,9.433981132,10.29563014,9.899494937,9.433981132,9.219544457,9.433981132,10.63014581,8.602325267,11.40175425,8.94427191,10.63014581,7.211102551,10,12.04159458,12.04159458,9.433981132,10.63014581,10,10,8.485281374,9.899494937,7.211102551,11.3137085,7.071067812,10.63014581,8.602325267,12.72792206,8.062257748,11.3137085,8.062257748,11.40175425,8.485281374,11.3137085,7.071067812,9.899494937,8.062257748,10,6.403124237,10.63014581,8.94427191,12.20655562,8.485281374,10.63014581,7.810249676,10,6.403124237,9.433981132,9.899494937,9.433981132
5.099019514,11.66190379,6.08276253,13.45362405,6.708203932,14.2126704,3.605551275,15.26433752,4.123105626,12.80624847,6.32455532,14.14213562,6.708203932,14.2126704,7.071067812,12.04159458,7.211102551,12.20655562,7.071067812,13.41640786,6.403124237,12.04159458,7.211102551,14.2126704,5,12.80624847,7.211102551,12.72792206,6.708203932,11.3137085,7.810249676,11.40175425,6.403124237,12.72792206,7.071067812,13.45362405,5.830951895,12.04159458,7.071067812,11.40175425,6.708203932,11.40175425,5.830951895,10.63014581,6.708203932,10,6.08276253,12.80624847,6.08276253,12.20655562,6.08276253,12.04159458
13.03840481,8.062257748,12.52996409,7.211102551,13.89244399,11.66190379,15.8113883,9.899494937,13.45362405,8.062257748,12.20655562,7.810249676,15.26433752,9.219544457,11.18033989,7.810249676,13.45362405,8.062257748,12.72792206,10,12.04159458,10.63014581,12.80624847,10.63014581,10.63014581,9.433981132,12.04159458,11.40175425,9.899494937,10.29563014,12.04159458,10.63014581,11.40175425,11.3137085,11.40175425,12.04159458,12.04159458,9.848857802,11.3137085,10,11.3137085,9.848857802,12.80624847,8.485281374,12.72792206,8.602325267,10,8.94427191,9.219544457,8.544003745,11.40175425,8.544003745
4.123105626,15.62049935,5.830951895,15.62049935,3.16227766,16.2788206,4.472135955,16.2788206,2.828427125,17.02938637,5.385164807,17.02938637,2.236067977,17.02938637,2.236067977,16.40121947,4.123105626,15.8113883,5.830951895,15,5.830951895,16.64331698,4.472135955,15,3,15.8113883,4.123105626,16.40121947,3,16.40121947,5.099019514,15.62049935,4,15.62049935,4,16.2788206,4.123105626,15,5,15,5.099019514,12.80624847,6.08276253,14.2126704,5.385164807,13.60147051,7.280109889,14.2126704,5.385164807,13.45362405,6.32455532,13.45362405
3.605551275,18.43908891,2,17.69180601,2,20,2.236067977,18.02775638,2.236067977,18.60107524,2.236067977,19.10497317,2.236067977,18.60107524,4,19.84943324,3.16227766,17.80449381,2.828427125,18.43908891,3.605551275,17.80449381,3,17.20465053,3.16227766,17.20465053,4,18.60107524,4.472135955,19.10497317,2,17.69180601,5.385164807,18.43908891,4.123105626,16.2788206,4.123105626,16.2788206,4.123105626,16.40121947,3.605551275,14.14213562,3.605551275,16.40121947,3.605551275,15.62049935,4.242640687,15.62049935,4.472135955,16.2788206,4.123105626,14.86606875
8.94427191,13.45362405,8.602325267,12.80624847,5.099019514,13.45362405,5.656854249,15.62049935,5,15.62049935,6.32455532,16.2788206,6.403124237,16.40121947,6.32455532,16.1245155,6.32455532,16.1245155,6.32455532,13.60147051,5.656854249,16.1245155,7.211102551,14.4222051,6.32455532,15.62049935,6.708203932,16.40121947,5.099019514,14.4222051,8.062257748,15.62049935,6.32455532,14.4222051,9.486832981,13.45362405,8.544003745,15.8113883,9,13.60147051,7.280109889,14.4222051,5.099019514,12.04159458,7.615773106,10.81665383,9.486832981,13.60147051,9.433981132,11.18033989,8.246211251,10.29563014
16.97056275,8.94427191,14.86606875,9.433981132,16.2788206,8.94427191,15.55634919,12.20655562,16.2788206,9.848857802,17.02938637,7.211102551,14.86606875,8.602325267,17.80449381,10.63014581,18.38477631,7.810249676,14.14213562,7.211102551,17.02938637,9.219544457,17.80449381,6.708203932,15.55634919,8.94427191,16.40121947,8.602325267,16.40121947,6.708203932,17.20465053,6.708203932,16.2788206,7.615773106,13.45362405,7.280109889,15,7.211102551,14.4222051,5.830951895,15,7.615773106,15.55634919,8.062257748,15,8.246211251,11.40175425,10.29563014,13.41640786,9.219544457,13.89244399,10.44030651
16.40121947,4.123105626,17.02938637,3.16227766,15.8113883,3.605551275,15.62049935,3.605551275,16.40121947,3.16227766,17.20465053,1,17.80449381,2.236067977,16.40121947,1.414213562,19.20937271,3.605551275,18.38477631,2,16.97056275,3.16227766,16.40121947,4.123105626,17.80449381,3.16227766,15.62049935,3.605551275,16.2788206,4.472135955,14.86606875,3.605551275,17.80449381,3.16227766,14.86606875,4.123105626,15.55634919,4.123105626,15.8113883,4,14.2126704,3.16227766,14.2126704,3.605551275,14.2126704,4,12.80624847,5.099019514,13.60147051,6,13.03840481,5.099019514
1,16.2788206,2,17.20465053,4.123105626,18.43908891,4.123105626,17.69180601,2,18.02775638,3.605551275,14.86606875,3.605551275,17.20465053,4.123105626,18.35755975,4.472135955,16.40121947,5,15.62049935,5.099019514,17.20465053,4.242640687,14.86606875,5.099019514,14.2126704,7,15.62049935,6,13.60147051,6.08276253,16.2788206,3.16227766,13.45362405,4.123105626,13.45362405,4,14.2126704,2.828427125,12.72792206,5,14.14213562,7.071067812,12.72792206,3,12.04159458,5,12.80624847,2.828427125,12.04159458,2.828427125,11.3137085
10.81665383,37.73592453,12.08304597,38.01315562,10.81665383,41.03656906,15.62049935,45.80392996,11.70469991,37.73592453,7.280109889,39.96248241,8.062257748,37.01351105,9.219544457,34.82814953,5.385164807,35.60898763,13.41640786,33.83784863,14.14213562,36.89173349,9.055385138,36.61966685,9.848857802,42.43819035,19.02629759,38.07886553,14.14213562,38.01315562,11.70469991,38.58756276,17.49285568,32.20248438,9.848857802,26.92582404,13,31.38470965,10.77032961,27.20294102,11.04536102,28.60069929,16.64331698,32.20248438,18.60107524,24.69817807,14,32.69556545,21.40093456,30.01666204,15.03329638,27.85677655
15.62049935,9.219544457,16.1245155,7.071067812,14.2126704,9.433981132,17,10,13.60147051,9.219544457,17.20465053,9.219544457,14.14213562,10,15.8113883,10.63014581,15.62049935,8.94427191,14.86606875,8.544003745,16.2788206,10.29563014,13.45362405,10.29563014,14.14213562,10.77032961,16.2788206,11.66190379,14.2126704,11.66190379,14.86606875,11.18033989,14.86606875,11.18033989,13.60147051,9.848857802,13.45362405,9.848857802,12.72792206,10.44030651,12.04159458,8.544003745,12.80624847,8.246211251,13.45362405,6.708203932,12.04159458,6.32455532,11.40175425,6.08276253,12.80624847,8.246211251
8.602325267,19.20937271,6.708203932,17.80449381,6.403124237,18.60107524,7.211102551,19.41648784,5.830951895,15.62049935,7.211102551,17.80449381,7.810249676,17.20465053,8.94427191,17.02938637,9.219544457,17.80449381,7.211102551,19.10497317,8.062257748,18.43908891,8.94427191,16.2788206,8.94427191,15.62049935,8.246211251,16.2788206,8.246211251,15.62049935,8.062257748,16.2788206,7.071067812,16.2788206,7.071067812,16.97056275,8.544003745,17.69180601,9.219544457,14.2126704,6,16.2788206,9,16.2788206,6.08276253,12.80624847,6.08276253,12.72792206,6.08276253,13.60147051,7,14.14213562
11.40175425,12.20655562,12.72792206,10.63014581,12.72792206,8.602325267,14.4222051,11.66190379,12.80624847,10.63014581,13.45362405,12.72792206,14.2126704,9.899494937,15,12.04159458,13.03840481,8.485281374,13,10.81665383,13.41640786,12.04159458,13.89244399,10.63014581,13.60147051,11.40175425,13.03840481,10.63014581,14.76482306,9.433981132,11.40175425,11.18033989,12.52996409,8.544003745,11.40175425,11.18033989,12.20655562,11.66190379,13.03840481,9.433981132,9.848857802,10.29563014,9.219544457,9.433981132,8.94427191,9.433981132,11.70469991,10.29563014,8.246211251,11.66190379,9.486832981,11.66190379
16.97056275,4.123105626,17.80449381,3.605551275,18.02775638,3.16227766,18.02775638,3.16227766,16.97056275,4,19.84943324,5.385164807,17.69180601,5.830951895,16.64331698,5.385164807,18.43908891,5.830951895,17.80449381,4.123105626,16.40121947,4,16.97056275,6.08276253,15.62049935,4.472135955,17.69180601,5,17.69180601,4.472135955,14.86606875,5.099019514,17.20465053,5.099019514,18.38477631,6.08276253,16.2788206,5.385164807,15.8113883,5.099019514,15.62049935,3.16227766,15.62049935,5.099019514,14.2126704,5,12.04159458,4.123105626,16.2788206,3.16227766,17.02938637,5.385164807
12.20655562,8.062257748,11.18033989,9.219544457,13.41640786,10,10.63014581,10.63014581,10,10.63014581,12.20655562,11.3137085,9.433981132,9.899494937,11.40175425,10.63014581,11.3137085,13.03840481,11.3137085,10.77032961,11.3137085,12.80624847,9.899494937,12.52996409,9.899494937,12.04159458,9.219544457,11.18033989,8.602325267,10.81665383,10.81665383,12.52996409,10.63014581,10.81665383,8.602325267,10.63014581,10.29563014,12.20655562,11.40175425,10.29563014,10.81665383,10.29563014,8.94427191,10,9.219544457,8.544003745,10,11.18033989,10.29563014,9.486832981,12.04159458,8.544003745
31.82766093,13.41640786,33.24154028,13.03840481,33.30165161,13.41640786,34.20526275,10.81665383,34.71310992,10.63014581,34.05877273,11.66190379,32.64965543,10.81665383,32.80243893,9.219544457,32.80243893,9.433981132,33.42154993,11.3137085,36.23534186,9.433981132,33.60059523,8.544003745,34.40930107,10.44030651,33.01514804,8.246211251,33.60059523,10.44030651,34.82814953,10.19803903,33.30165161,10.19803903,31.2409987,10.44030651,31.2409987,8.246211251,30,10.04987562,27.20294102,10.44030651,28.01785145,11.18033989,26.2488095,12.64911064,26.62705391,11.40175425,27.45906044,13.41640786,26.92582404,13.60147051
10.29563014,12.20655562,12.20655562,10.63014581,10.81665383,9.899494937,9.433981132,12.72792206,10.29563014,10.63014581,12.52996409,12.80624847,12.20655562,12.80624847,11.40175425,13.45362405,10.81665383,12.80624847,10.29563014,13.45362405,10.63014581,15.62049935,10,14.4222051,10,13.60147051,8.602325267,10.81665383,7.071067812,12.80624847,10,13.03840481,7.810249676,10.81665383,9.433981132,11.66190379,8.485281374,11.18033989,8.602325267,11.18033989,8.062257748,10.81665383,8.602325267,10.81665383,7.810249676,9.848857802,9.219544457,10.29563014,7.211102551,8.602325267,10,9.433981132
7.615773106,14.86606875,6.708203932,17.02938637,4.472135955,15.55634919,6.708203932,16.40121947,5.656854249,15.8113883,8.602325267,17.80449381,5,17.80449381,5,15.8113883,5.830951895,17.20465053,8.544003745,15.62049935,8.602325267,18.60107524,6.32455532,17.20465053,5.099019514,15.8113883,6.08276253,15.8113883,6.32455532,15,7,14.4222051,6.32455532,16.64331698,7.280109889,15.26433752,6.08276253,15,6,13.60147051,6.08276253,14.4222051,5,13.03840481,7.280109889,13.03840481,7.280109889,13,6.32455532,10.29563014,7.615773106,13
13.60147051,7.615773106,15.8113883,8.485281374,14.86606875,8.062257748,15.26433752,5,17.80449381,7.810249676,14.2126704,7.071067812,16.1245155,7.810249676,16.1245155,8.062257748,15.62049935,7.615773106,17.02938637,7.280109889,14.2126704,8.544003745,14.2126704,8.602325267,16.2788206,7.615773106,14.2126704,8.94427191,15,5,12.72792206,7.211102551,12.80624847,7.615773106,14.14213562,7.211102551,12.72792206,6.708203932,11.3137085,5.099019514,12.04159458,6.08276253,13.45362405,6,14.2126704,6.32455532,14.14213562,5,9.899494937,6.08276253,13.45362405,6.08276253
10.81665383,12.80624847,10,13.45362405,10.44030651,13.45362405,10,14.86606875,12.20655562,14.86606875,9.899494937,14.86606875,12.08304597,16.2788206,11.40175425,15.8113883,9.433981132,14.14213562,10,17.02938637,11.40175425,15.62049935,9.219544457,15,7.211102551,16.1245155,7.071067812,16.40121947,9.899494937,13.60147051,8.602325267,16.64331698,9.219544457,15,10.29563014,16.64331698,10,15,8.94427191,15.8113883,7.810249676,12.20655562,8.94427191,13.03840481,8.062257748,16.1245155,9.848857802,12.08304597,8.062257748,12.80624847,10.29563014,10.81665383
15.62049935,8.94427191,15.26433752,10.77032961,15.62049935,9.899494937,16.40121947,8.602325267,15.62049935,8.485281374,17.02938637,9.219544457,16.2788206,12.80624847,15.62049935,9.899494937,16.2788206,10.63014581,17.80449381,8.94427191,17.69180601,12.64911064,15.62049935,11.66190379,15.55634919,10.29563014,16.2788206,10.81665383,15.55634919,11.66190379,16.2788206,10.29563014,16.2788206,10.81665383,14.86606875,11.18033989,14.2126704,11.18033989,12.80624847,8.94427191,13.60147051,10.77032961,15.55634919,9.848857802,14.14213562,9.848857802,14.2126704,7.615773106,14.2126704,5.385164807,14.86606875,9.219544457
14.14213562,8.94427191,16.2788206,7.211102551,14.14213562,8.602325267,16.2788206,10,14.86606875,10,17.02938637,8.602325267,14.2126704,9.219544457,15.62049935,10.81665383,15.62049935,10.63014581,16.2788206,8.485281374,17.69180601,11.40175425,12.72792206,13.41640786,14.86606875,10.29563014,14.4222051,7.211102551,16.2788206,11.18033989,14.86606875,9.433981132,13.45362405,11.40175425,15,9.219544457,14.86606875,7.615773106,11.40175425,8.062257748,14.4222051,10.29563014,14.14213562,9.848857802,13.45362405,9.486832981,14.2126704,9.219544457,14.14213562,7.615773106,12.72792206,7.615773106
17.69180601,3.605551275,18.60107524,4.472135955,17.80449381,3.605551275,19.20937271,4.472135955,17.69180601,3.605551275,16.2788206,3.605551275,17.69180601,4.472135955,18.43908891,1,18.02775638,1.414213562,15.8113883,2,18.43908891,1.414213562,20.51828453,4.123105626,19.20937271,2.236067977,15.62049935,4.242640687,17.80449381,3.605551275,19.10497317,3.605551275,18.60107524,2.236067977,17.69180601,3.16227766,17.69180601,2,16.97056275,3.605551275,16.97056275,2.828427125,15.62049935,4,14.2126704,3.16227766,17.69180601,2,16.2788206,2,15.62049935,3.16227766
18.38477631,5,19.41648784,1.414213562,19.10497317,6.32455532,20.80865205,4.123105626,19.79898987,6.403124237,19.84943324,5.385164807,19.20937271,5.656854249,21.26029163,6.403124237,19.10497317,5.830951895,19.10497317,3.605551275,21.26029163,5.385164807,19.84943324,8.94427191,19.20937271,7.280109889,19.79898987,6.708203932,19.79898987,4.123105626,19.10497317,8.062257748,18.43908891,6.08276253,18.38477631,5,18.43908891,8.062257748,17.69180601,6.708203932,16.2788206,5.830951895,16.97056275,5.099019514,16.97056275,5.385164807,16.97056275,4,16.2788206,3,18.38477631,4
15.8113883,13.45362405,15,15,13.45362405,12.04159458,15.62049935,14.86606875,12.80624847,14.86606875,14.4222051,14.14213562,15.62049935,13.89244399,12.80624847,14.2126704,12.20655562,14.86606875,13.60147051,14.4222051,14.86606875,15,13.60147051,13.03840481,14.14213562,15,11.66190379,13.60147051,12.80624847,13.03840481,12.80624847,13.60147051,14.14213562,13.03840481,14.2126704,13.60147051,14.4222051,12.80624847,11.66190379,13.03840481,11.40175425,13.41640786,11.40175425,13.03840481,11.40175425,11.66190379,11.40175425,11.18033989,12.20655562,10.29563014,14.4222051,10.29563014
18.02775638,6.708203932,21.47091055,8.485281374,17.80449381,8.602325267,18.60107524,5,17.02938637,3.605551275,16.64331698,8.062257748,17.02938637,8.94427191,16.40121947,9.848857802,18.43908891,9.848857802,17.02938637,9.219544457,18.43908891,9.486832981,16.2788206,10.19803903,17.69180601,8.544003745,16.97056275,9.219544457,15.62049935,10.44030651,15.55634919,8.94427191,16.97056275,11.18033989,16.2788206,10.19803903,14.86606875,7.280109889,15.55634919,8.246211251,14.2126704,7,15.62049935,7,14.14213562,7,14.86606875,6,16.2788206,4.123105626,14.86606875,6.08276253
3,20.61552813,1,19.41648784,3.16227766,16.97056275,2.236067977,19.84943324,4.242640687,21.26029163,3,19.84943324,2,19.10497317,2.236067977,20.61552813,3.16227766,19.79898987,3,19.20937271,4.123105626,18.43908891,3.16227766,18.86796226,3,17.80449381,3.605551275,18.43908891,4.123105626,17.02938637,7.071067812,19.84943324,5.099019514,16.2788206,3,15.62049935,6.32455532,18.38477631,3,18.38477631,2,16.97056275,4,17.80449381,3.605551275,12.80624847,4.123105626,14.4222051,2.828427125,13.45362405,2.828427125,15
4.472135955,17.69180601,3.605551275,17.69180601,4.123105626,18.43908891,2.236067977,17.20465053,4.123105626,17.69180601,3,17.80449381,2.236067977,17.69180601,3,17.02938637,2,18.43908891,2,18.43908891,1.414213562,18.43908891,2,17.69180601,4.242640687,17.20465053,4.123105626,18.38477631,3.16227766,15.55634919,4.242640687,17.69180601,2.236067977,16.2788206,3.605551275,17.02938637,3.605551275,14.86606875,2,17.80449381,3,16.2788206,4.242640687,17.80449381,2.828427125,14.86606875,3.605551275,17.69180601,2.236067977,16.2788206,1.414213562,16.97056275
7.280109889,15.62049935,8.062257748,17.69180601,5,16.97056275,7.810249676,17.20465053,7.211102551,16.2788206,7.810249676,17.02938637,6.403124237,18.38477631,8.602325267,17.69180601,8.485281374,16.2788206,7.810249676,17.02938637,7.810249676,16.97056275,7.810249676,16.40121947,9.219544457,18.43908891,9.899494937,18.43908891,7.810249676,15.62049935,9.219544457,15.62049935,8.602325267,15,7.211102551,14.31782106,8.485281374,16.40121947,9.219544457,16.40121947,6.708203932,16.40121947,8.485281374,16.2788206,6.403124237,16.2788206,6.708203932,15.8113883,5,15.62049935,7.211102551,16.2788206
12.04159458,9.219544457,15.62049935,7.810249676,14.2126704,8.94427191,15,9.433981132,17.02938637,8.485281374,15.62049935,6.403124237,14.2126704,8.062257748,16.64331698,7.071067812,13.03840481,7.615773106,17.69180601,7.071067812,17.20465053,7.280109889,17.69180601,8.246211251,15.62049935,7.211102551,17.02938637,6.708203932,14.4222051,9.219544457,13.45362405,8,12.80624847,8.544003745,16.2788206,5.385164807,13.60147051,8.94427191,13.60147051,9.486832981,11.40175425,9.486832981,12.80624847,8.062257748,13.03840481,8.602325267,11.3137085,9.848857802,10,9.219544457,11.66190379,9.219544457
70.72481884,13,75.74298647,17.02938637,77.79460136,12.20655562,73,9.055385138,75.74298647,5.830951895,77.79460136,11.18033989,67.62396025,9,71.42128534,9.899494937,70.72481884,2.236067977,64.03124237,7.211102551,75.69015788,6.708203932,73.10950691,13.92838828,66.48308055,9.848857802,61.55485359,8.544003745,60.95900262,11.70469991,71.44928271,9.848857802,68.62215386,11.3137085,60.80296045,10.77032961,64.66065264,6.708203932,54.56189146,13.03840481,65.06919394,8.94427191,50.80354318,17.02938637,63.12685641,17,66.70832032,17.88854382,62.68173578,18.60107524,60.20797289,17.11724277
17.69180601,8.544003745,19.79898987,7.810249676,19.84943324,7.211102551,17.02938637,6.403124237,19.10497317,5,17.20465053,5,16.97056275,7.211102551,17.80449381,6.32455532,19.84943324,7.211102551,18.38477631,8.062257748,17.02938637,7,17.69180601,6.08276253,17.69180601,5.099019514,17.69180601,6.32455532,17.02938637,6.32455532,18.02775638,5.099019514,16.97056275,6,15.62049935,5.385164807,17.69180601,6.32455532,17.02938637,5.385164807,17.80449381,7.071067812,14.4222051,5,16.2788206,7.211102551,16.40121947,6.32455532,16.2788206,7.615773106,14.14213562,6.403124237
15.62049935,13.60147051,16.97056275,12.20655562,16.40121947,13.60147051,18.38477631,14.4222051,16.97056275,11.66190379,14.86606875,14.14213562,19.20937271,11.3137085,18.60107524,12.04159458,16.64331698,10.63014581,16.40121947,14.14213562,15.8113883,13.45362405,16.64331698,12.20655562,19.41648784,10.63014581,17.20465053,11.40175425,17.49285568,12.04159458,17.20465053,13.03840481,15,12.20655562,15.62049935,12.08304597,16.1245155,12.80624847,15.62049935,13.41640786,14.4222051,11.40175425,15.8113883,13.03840481,12.20655562,10.81665383,14.4222051,12.52996409,13.41640786,12.08304597,12.20655562,11.66190379
4,19.10497317,2,19.41648784,3.16227766,17.69180601,2.236067977,16.2788206,4.242640687,19.84943324,3.16227766,19.10497317,3,17.69180601,2.828427125,19.10497317,5.385164807,19.79898987,4.123105626,19.84943324,4.472135955,19.84943324,5.830951895,19.84943324,5.385164807,19.84943324,4,18.43908891,5,19.79898987,4.472135955,17.80449381,2.236067977,15.62049935,5.099019514,17.69180601,5.385164807,17.69180601,4.472135955,19.20937271,5.385164807,16.97056275,3.605551275,17.80449381,4.472135955,19.84943324,3.605551275,18.38477631,3.605551275,19.10497317,3,18.43908891
10.29563014,11.40175425,10,12.80624847,7.810249676,12.04159458,8.94427191,12.04159458,9.433981132,14.2126704,5.830951895,13.60147051,9.219544457,12.72792206,8.485281374,14.2126704,7.810249676,14.2126704,8.602325267,13.45362405,9.433981132,12.04159458,7.211102551,12.04159458,5.830951895,14.86606875,6.403124237,14.14213562,5.830951895,12.80624847,5,12.20655562,4.472135955,14.14213562,7.211102551,13.45362405,7.211102551,12.20655562,6.708203932,11.3137085,7.211102551,12.72792206,8.062257748,13.45362405,8.485281374,12.72792206,6.403124237,12.04159458,7.810249676,14.86606875,7.810249676,10.63014581
12.80624847,3.605551275,13.45362405,5.385164807,12.04159458,5.099019514,12.72792206,6.32455532,12.80624847,6.708203932,16.2788206,4.472135955,16.97056275,3.16227766,14.86606875,4.472135955,14.86606875,4.123105626,15.62049935,3.605551275,15.62049935,3.16227766,15.55634919,3.16227766,14.2126704,3.605551275,15.62049935,3,14.14213562,3.605551275,14.86606875,4.123105626,12.04159458,3,11.40175425,2.236067977,14.14213562,2.236067977,12.80624847,4.472135955,13.45362405,1.414213562,12.04159458,2.828427125,10.63014581,2.828427125,14.2126704,4.242640687,12.20655562,4.472135955,12.04159458,4.472135955
15.62049935,5.830951895,18.43908891,5.830951895,16.40121947,5,14.86606875,7.211102551,16.2788206,6.708203932,18.38477631,7.280109889,16.64331698,6.403124237,17.80449381,5.830951895,18.43908891,4.242640687,13.89244399,2.236067977,17.69180601,4.123105626,15.8113883,5.830951895,15.62049935,4.472135955,18.02775638,6.08276253,15.55634919,3.16227766,16.2788206,5,16.97056275,4.123105626,15.62049935,5.385164807,16.1245155,5.099019514,14.2126704,6.08276253,11.40175425,5.830951895,13.03840481,3.605551275,12.80624847,5.830951895,16.40121947,7.071067812,11.18033989,5,14.2126704,7.211102551
5,16.2788206,8.485281374,15.8113883,9.219544457,18.43908891,7.211102551,14.2126704,8.602325267,16.1245155,6.403124237,14.86606875,7.615773106,17.20465053,8.94427191,15.55634919,7.280109889,15.62049935,9.848857802,14.2126704,9.433981132,13.03840481,8.062257748,14.86606875,9.486832981,14.2126704,8.246211251,14.2126704,7.615773106,15.62049935,8.94427191,14.2126704,8.602325267,14.2126704,8.062257748,13.45362405,8.544003745,12.80624847,8.246211251,14.2126704,7.615773106,13.45362405,6.708203932,17.02938637,7.280109889,17.02938637,7.071067812,14.2126704,5,12.80624847,6.08276253,15.55634919
6.08276253,15.62049935,6.08276253,16.2788206,3.16227766,14.86606875,4,17.02938637,3.605551275,17.69180601,5.099019514,17.02938637,4.123105626,17.69180601,3.605551275,17.02938637,4.242640687,17.02938637,6.32455532,18.38477631,3.16227766,18.43908891,3.605551275,17.69180601,2.236067977,19.10497317,3.16227766,16.2788206,3.16227766,17.20465053,2.828427125,16.2788206,3.605551275,18.38477631,3.605551275,16.2788206,2.828427125,16.2788206,4.123105626,14.86606875,1,14.86606875,3,14.86606875,5,14.86606875,4.472135955,15.62049935,4.123105626,13.45362405,4.472135955,14.14213562
78.16009212,72.34638899,84.86459804,67.26812024,75.66372975,72.83543094,79.30952024,75.2861209,72.9177619,84.3860178,74.09453421,71.44928271,86.37129153,57.28001397,85.44003745,67.94115101,87.78382539,70.03570518,76.69419796,51.85556865,102.5914226,72.20110802,89.87213139,64.20280368,91.83681179,75.21303079,92.6984358,55.97320788,87.00574694,59.41380311,106.1037228,66.21933252,99.72462083,65.29931087,82.80096618,65.19202405,85.70297544,62.96824597,84.86459804,55.80322571,75.60423269,61.40032573,89.02246907,68.11754546,72.18032973,64.81512169,97.45255256,70.60453243,84.90583019,68.01470429,76.69419796,69.42621983
14.14213562,3,14.2126704,3.605551275,15.8113883,2.236067977,14.86606875,2,15.55634919,2.828427125,16.2788206,1,16.2788206,2.236067977,16.2788206,0,15.55634919,1.414213562,15,1.414213562,14.86606875,2.236067977,14.86606875,2.236067977,14.14213562,3,16.2788206,2.236067977,16.2788206,1,14.86606875,1.414213562,17.02938637,3.16227766,14.86606875,1,14.86606875,1,14.2126704,1.414213562,13.45362405,2,14.2126704,2,12.80624847,4.123105626,15.55634919,4,14.14213562,4,14.86606875,5.099019514
17.88854382,24.8394847,16.40121947,23.43074903,16.40121947,24.8394847,17.20465053,26.2488095,16.40121947,23.34523506,16.64331698,26.17250466,14.2126704,25.49509757,14.86606875,25.45584412,15.62049935,26.2488095,14.14213562,26.17250466,17.02938637,27.65863337,16.2788206,26.40075756,15.62049935,27.01851217,15.55634919,26.90724809,13.03840481,24.8394847,14.4222051,27.65863337,13.60147051,26.40075756,14.4222051,25.49509757,12.80624847,24.75883681,13.03840481,23.85372088,13.03840481,25,13.89244399,23.02172887,13.03840481,20,15.8113883,21.40093456,15.8113883,22.47220505,15.26433752,22.47220505
13.45362405,13.03840481,13.03840481,12.20655562,13.45362405,12.04159458,16.2788206,14.2126704,14.14213562,13.89244399,16.2788206,13.45362405,17.02938637,13.03840481,14.2126704,14.2126704,13.03840481,14.14213562,13.03840481,14.14213562,16.2788206,15.55634919,13.03840481,10.63014581,15.26433752,13.45362405,15.62049935,12.80624847,15.62049935,11.40175425,15.62049935,11.18033989,15,11.40175425,12.80624847,11.40175425,13.60147051,11.66190379,14.76482306,10.63014581,15.23154621,11.3137085,12.20655562,10.81665383,12.04159458,10.63014581,13,13.45362405,10.29563014,12.20655562,13.41640786,12.80624847
17.20465053,6.403124237,16.97056275,8.246211251,13.89244399,7.071067812,17.80449381,5.830951895,16.64331698,9.486832981,16.2788206,6.403124237,15.8113883,7.810249676,15.62049935,8.94427191,14.4222051,7.810249676,15.8113883,9.433981132,16.40121947,9.219544457,17.02938637,8.062257748,16.2788206,8.544003745,15,7.810249676,15.62049935,11.40175425,15.55634919,8.94427191,14.86606875,8.544003745,15.55634919,6.32455532,12.72792206,10.44030651,12.20655562,8.544003745,12.72792206,7.071067812,10.63014581,9.055385138,10.63014581,10.04987562,16.2788206,5,12.04159458,7.071067812,14.86606875,3.16227766
4,16.97056275,3.16227766,20.51828453,6,18.86796226,4.472135955,20.61552813,6.08276253,20.61552813,5.099019514,19.20937271,2.236067977,18.02775638,3,20,5.385164807,19.72308292,7.211102551,21.9317122,4.123105626,17.69180601,7.280109889,21.26029163,5.656854249,18.60107524,5.830951895,19.84943324,6.403124237,20.61552813,8.062257748,19.84943324,5.830951895,19.10497317,4.123105626,17.02938637,2.236067977,17.69180601,6.32455532,17.20465053,6.08276253,18.43908891,4.242640687,17.69180601,5.830951895,19.20937271,6.08276253,17.69180601,6,17.20465053,2,16.2788206
12.04159458,13.03840481,11.18033989,15.23154621,12.04159458,17,13.60147051,16.2788206,12.80624847,15.26433752,11.40175425,15.8113883,11.3137085,15.26433752,11.3137085,12.80624847,11.66190379,16.1245155,14.2126704,14.2126704,11.66190379,14.86606875,11.66190379,14.86606875,14.4222051,16.97056275,15,15.8113883,16.55294536,14.4222051,12.52996409,15.55634919,12.52996409,14.2126704,12.80624847,10.81665383,12.20655562,13.45362405,14.76482306,12.80624847,13.60147051,10.81665383,12.20655562,13.03840481,13.41640786,13.45362405,11.18033989,13.60147051,9.848857802,13.45362405,8.94427191,12.20655562
4.472135955,17.80449381,3.605551275,19.79898987,2,20.51828453,4.123105626,20,3,21.26029163,4.472135955,19.20937271,1,19.84943324,3,18.60107524,3.605551275,19.41648784,3.16227766,20,5.099019514,20.80865205,2.828427125,20.80865205,4.123105626,18.60107524,4.472135955,19.20937271,3,17.80449381,4.123105626,18.60107524,6.08276253,19.41648784,4,18.43908891,5.099019514,18.60107524,4.123105626,16.40121947,6,17.80449381,3,16.2788206,4,15.55634919,4.123105626,15.62049935,5,17.20465053,4.242640687,14.86606875
16.40121947,15.26433752,16.64331698,14.4222051,14.86606875,15.62049935,15.62049935,15,17.69180601,12.20655562,16.2788206,14.31782106,17.69180601,13.41640786,17.02938637,14.2126704,18.43908891,12.52996409,17.69180601,14.2126704,15.62049935,14.2126704,16.40121947,14.2126704,16.1245155,14.2126704,17,14.14213562,16.1245155,12.04159458,16.64331698,11.40175425,17.20465053,14.14213562,13.89244399,13.45362405,15.8113883,11.3137085,14.76482306,11.40175425,13.89244399,12.80624847,13.89244399,11.40175425,12.64911064,12.80624847,13.89244399,12.04159458,13,11.40175425,13.41640786,11.3137085
16.40121947,16.40121947,17,15,16.40121947,14.4222051,16.40121947,14.4222051,16.97056275,16.2788206,15,15.62049935,15.8113883,14.86606875,14.4222051,15,16.40121947,15,12.72792206,13.60147051,16.2788206,15.26433752,15.8113883,16.64331698,14.2126704,15.62049935,14.2126704,15.26433752,16.2788206,15,14.14213562,17.49285568,14.86606875,14.4222051,12.72792206,13.03840481,14.14213562,13.89244399,13.45362405,15.65247584,14.86606875,15.26433752,11.40175425,13.89244399,12.04159458,12.20655562,12.80624847,14.4222051,14.14213562,11.66190379,12.04159458,11.70469991
19.84943324,5.099019514,19.20937271,5,20.61552813,6.708203932,19.84943324,6,19.84943324,5.830951895,19.20937271,6.708203932,19.10497317,6.32455532,20.51828453,6.32455532,19.84943324,4.123105626,19.84943324,4.123105626,19.84943324,4.472135955,20,5,20.61552813,4.242640687,21.40093456,4,22.02271555,4.472135955,21.26029163,4.123105626,22.02271555,1.414213562,19.79898987,3.16227766,17.69180601,4.242640687,19.10497317,3.16227766,18.43908891,6.32455532,17.69180601,3.16227766,18.60107524,4.472135955,19.41648784,5.385164807,18.60107524,3.16227766,17.80449381,5.099019514
14.86606875,8.602325267,16.2788206,7.810249676,16.97056275,10.81665383,13.60147051,7.071067812,18.38477631,9.219544457,17.80449381,8.602325267,16.40121947,9.219544457,17.02938637,8.602325267,17.80449381,8.602325267,17.69180601,8.602325267,17.02938637,9.219544457,17.49285568,8.602325267,18.43908891,6.708203932,15,7.810249676,17.20465053,8.602325267,16.97056275,8.94427191,15.8113883,7.280109889,14.86606875,8.062257748,15.62049935,8.062257748,15.26433752,8.246211251,12.72792206,9.219544457,13.60147051,9.848857802,13.03840481,9.219544457,13.89244399,9.219544457,13.89244399,10.29563014,15,8.602325267
8.602325267,13.45362405,9.433981132,13.89244399,8.602325267,13.45362405,7.211102551,14.2126704,7.211102551,14.2126704,7.071067812,14.14213562,8.602325267,15.62049935,7.211102551,14.14213562,5.656854249,13.45362405,7.071067812,12.72792206,6.403124237,12.80624847,5.385164807,14.2126704,5,16.40121947,8.544003745,14.2126704,7.211102551,13.03840481,4.242640687,15.62049935,5.830951895,13.60147051,5.385164807,13.60147051,7.615773106,14.4222051,6.403124237,12.04159458,7.071067812,11.40175425,7.071067812,12.52996409,6.708203932,11.40175425,5.099019514,12.72792206,6.708203932,11.66190379,7.211102551,11.66190379
13.60147051,10.29563014,15.8113883,7.810249676,14.2126704,10.29563014,18.02775638,13.60147051,16.64331698,14.2126704,14.86606875,14.86606875,16.2788206,12.04159458,17.20465053,14.2126704,17,11.40175425,15.62049935,9.848857802,15.8113883,14.14213562,15.62049935,13.60147051,14.86606875,12.80624847,14.4222051,14.4222051,13.45362405,11.66190379,11.3137085,13.45362405,15,12.04159458,14.2126704,11.66190379,12.04159458,11.40175425,13.45362405,15,9.219544457,14.2126704,12.04159458,14.2126704,15,10.63014581,11.3137085,11.66190379,12.04159458,11.3137085,15.62049935,12.20655562
4.123105626,14.14213562,5.830951895,17.02938637,4.472135955,16.97056275,3.16227766,17.69180601,3.605551275,18.38477631,2,14.86606875,4.472135955,18.38477631,1.414213562,17.20465053,4.123105626,14.86606875,4.123105626,19.10497317,3.605551275,19.10497317,3.16227766,17.80449381,4.123105626,17.02938637,3.16227766,15.62049935,1.414213562,16.97056275,2,18.43908891,3.16227766,15.62049935,4.123105626,16.2788206,3.16227766,16.40121947,3,16.2788206,3.16227766,16.2788206,3,15.55634919,4.242640687,14.2126704,3.16227766,14.86606875,3.605551275,13.45362405,3.605551275,13.45362405
3.605551275,14.14213562,2.828427125,17.02938637,4.472135955,16.97056275,4.123105626,16.40121947,2.236067977,15.55634919,4.123105626,15.55634919,1.414213562,19.10497317,3,15.55634919,2,17.69180601,1,14.2126704,2,15,3,16.2788206,3.605551275,16.97056275,1,17.02938637,0,17.69180601,3.605551275,14.86606875,3,14.2126704,2.828427125,16.2788206,5,16.2788206,2.236067977,14.86606875,5.656854249,13.45362405,2.828427125,15.62049935,2.828427125,12.80624847,3.16227766,15.55634919,4.472135955,12.04159458,2,12.20655562
13.60147051,5.385164807,15.55634919,3.16227766,14.2126704,4.472135955,14.2126704,3,13.45362405,5,16.2788206,3.605551275,14.86606875,4.472135955,16.40121947,5.830951895,16.97056275,5.830951895,17.80449381,5,16.97056275,5.656854249,14.86606875,7.211102551,13.45362405,5.830951895,14.14213562,4.242640687,15.62049935,5,16.2788206,5.385164807,15.62049935,4.242640687,14.2126704,5.656854249,14.2126704,5,13.45362405,5.656854249,14.86606875,5.385164807,14.14213562,4.123105626,13.60147051,3.605551275,13.45362405,5,14.2126704,4.472135955,11.3137085,3.605551275
16.2788206,4.123105626,17.69180601,4,18.38477631,2.236067977,18.38477631,2,18.38477631,3.605551275,18.38477631,3.605551275,18.38477631,1.414213562,19.10497317,1.414213562,18.60107524,3,16.2788206,6.32455532,19.79898987,2,18.43908891,2.236067977,18.38477631,2.236067977,18.38477631,3.16227766,16.97056275,2.236067977,19.79898987,2.236067977,16.40121947,2.236067977,16.40121947,2.236067977,17.69180601,1,18.43908891,3.605551275,19.10497317,2.236067977,16.2788206,4.472135955,15.26433752,3.605551275,16.40121947,3.16227766,16.2788206,3.16227766,15,5.099019514
16.2788206,6.403124237,16.2788206,7.071067812,17.20465053,5.385164807,17.69180601,5,17.02938637,7.211102551,17.02938637,5,19.10497317,4.123105626,17.69180601,4.242640687,20.51828453,3.605551275,18.38477631,5,18.38477631,2.828427125,17.69180601,5.385164807,18.43908891,5.830951895,16.97056275,6,14.86606875,5,16.97056275,5.385164807,17.69180601,6.08276253,17.80449381,4.242640687,14.86606875,6.708203932,16.2788206,6.32455532,14.86606875,5.830951895,15,4.472135955,15,4.472135955,14.14213562,6.32455532,16.40121947,5,16.1245155,7.615773106
14.14213562,4.123105626,15.55634919,3,14.14213562,4.472135955,15.55634919,2,15.62049935,2.236067977,15.62049935,1.414213562,16.2788206,5,16.40121947,2.236067977,15.62049935,6.08276253,16.97056275,6.08276253,18.43908891,4.242640687,17.69180601,5,14.86606875,3.605551275,15.55634919,2.828427125,16.2788206,5.656854249,15.62049935,7.071067812,14.2126704,5.830951895,14.2126704,5.656854249,13.45362405,3.605551275,15.55634919,6.403124237,12.20655562,5.830951895,13.45362405,4.242640687,11.3137085,5.385164807,14.86606875,3,12.80624847,3.605551275,14.14213562,2
17.69180601,5,16.2788206,2,18.43908891,4.472135955,18.43908891,4.123105626,19.20937271,1,18.43908891,2.236067977,19.10497317,1.414213562,18.43908891,2,16.2788206,3.16227766,22.02271555,2.236067977,19.10497317,1,17.80449381,1,19.10497317,2.236067977,18.38477631,1.414213562,16.97056275,2.236067977,17.69180601,0,15.55634919,3,16.2788206,4.123105626,17.02938637,3.16227766,16.40121947,1.414213562,14.2126704,4.472135955,14.86606875,3.16227766,17.80449381,3.605551275,15,5.656854249,16.40121947,4.472135955,14.14213562,3.16227766
18.43908891,9.219544457,22.627417,10.29563014,20.80865205,8.94427191,18.35755975,8.062257748,21.9317122,13,23.34523506,8.602325267,19.72308292,10.29563014,21.40093456,6.08276253,21.02379604,12.64911064,22.8035085,11.66190379,26.62705391,8.544003745,21.9544984,15.13274595,21.21320344,14.56021978,18.60107524,10.04987562,21.9544984,13.89244399,19.72308292,15.13274595,21.9544984,12.36931688,20,11.18033989,18.43908891,12.16552506,20.1246118,17,18.38477631,12.08304597,18.02775638,11.04536102,15.8113883,12.04159458,15.23154621,15.26433752,13.03840481,17.20465053,16.55294536,14.56021978
16.2788206,5,14.4222051,3,17.02938637,2,14.2126704,4,14.14213562,3.605551275,16.2788206,5,14.86606875,5.830951895,14.86606875,5.656854249,17.02938637,6.403124237,17.69180601,6.403124237,16.2788206,4.472135955,15.55634919,6.32455532,16.2788206,4.123105626,14.86606875,5.385164807,14.86606875,5,14.14213562,5.830951895,14.86606875,7.211102551,16.2788206,5,14.86606875,6.08276253,14.86606875,5.099019514,14.14213562,5.099019514,13.60147051,5.099019514,12.04159458,6.08276253,13.60147051,4.123105626,13.45362405,3,15.55634919,4.123105626
3.605551275,16.97056275,4,19.10497317,2,19.79898987,1.414213562,19.84943324,3.16227766,17.69180601,2.828427125,19.79898987,1,16.97056275,0,19.10497317,3.16227766,18.38477631,4.123105626,17.49285568,3.16227766,20.51828453,1,18.60107524,4,18.38477631,3.605551275,18.38477631,5,17.69180601,2.236067977,16.2788206,2.236067977,17.02938637,2.236067977,16.2788206,2,19.10497317,2.236067977,17.69180601,2.828427125,17.02938637,1,18.38477631,1.414213562,17.20465053,2.828427125,16.97056275,2.236067977,16.2788206,3.605551275,16.2788206
7.211102551,16.97056275,6.32455532,20.51828453,6.32455532,15.55634919,5,19.20937271,5.656854249,19.10497317,5.656854249,20.80865205,3.605551275,20.51828453,4.472135955,18.38477631,4,19.79898987,6,19.20937271,5,21.26029163,5,19.79898987,5.099019514,20.61552813,5,17.69180601,6,16.2788206,7,17.69180601,5.099019514,20.24845673,5.385164807,19.10497317,7.280109889,20.51828453,6,18.38477631,4.472135955,17.02938637,4.123105626,17.69180601,5.385164807,19.10497317,6.08276253,15.55634919,8.94427191,14.86606875,8.544003745,18.43908891
19.79898987,3,19.84943324,3.16227766,18.43908891,2.828427125,19.10497317,3.16227766,17.69180601,1.414213562,17.02938637,2.236067977,19.10497317,1,21.26029163,2.828427125,17.02938637,1,18.43908891,1.414213562,19.10497317,0,18.43908891,1,17.02938637,2,18.38477631,2.828427125,18.60107524,3.605551275,17.69180601,2.236067977,19.79898987,3.16227766,19.10497317,2.828427125,21.26029163,1,16.2788206,2.236067977,17.02938637,2.236067977,17.80449381,1,15.55634919,2.236067977,18.43908891,2,17.20465053,3.605551275,16.2788206,2.236067977
1,17.69180601,2.236067977,17.02938637,3,19.79898987,5.099019514,18.43908891,1.414213562,17.69180601,2,19.79898987,1.414213562,19.20937271,2.828427125,19.84943324,0,19.20937271,3,20,2.828427125,17.69180601,5,19.84943324,4.472135955,18.43908891,6.08276253,20.51828453,3,18.43908891,3.16227766,17.69180601,5,17.02938637,4.472135955,17.20465053,5.099019514,18.38477631,5,17.02938637,3.16227766,18.38477631,2.828427125,16.97056275,4.123105626,16.97056275,4.472135955,15.62049935,4.123105626,18.43908891,3.605551275,15.62049935
14.76482306,14.2126704,15.65247584,12.20655562,16.64331698,14.76482306,14.14213562,10.81665383,14.2126704,13.60147051,13.60147051,12.04159458,12.80624847,13.45362405,15.8113883,15.55634919,17.69180601,15.62049935,15.55634919,12.80624847,14.86606875,13.89244399,15.8113883,12.72792206,12.72792206,15.62049935,14.14213562,17.80449381,11.3137085,14.4222051,12.04159458,15.55634919,11.40175425,18.43908891,13.60147051,15,14.86606875,18.60107524,13.45362405,18.60107524,12.04159458,17.69180601,12.80624847,16.2788206,12.72792206,16.2788206,12.80624847,14.2126704,10.29563014,14.2126704,12.04159458,15.8113883
15.62049935,10.29563014,15.62049935,9.899494937,13.45362405,10.81665383,14.14213562,11.18033989,14.86606875,12.80624847,15.55634919,12.04159458,15.62049935,12.20655562,14.86606875,11.40175425,14.86606875,10.63014581,14.2126704,11.66190379,17.02938637,10.81665383,15.26433752,10.63014581,16.2788206,11.40175425,16.97056275,9.899494937,17.69180601,9.219544457,15.62049935,10,16.40121947,9.219544457,16.2788206,9.486832981,17.20465053,9.899494937,16.2788206,8.485281374,15.62049935,10,15.55634919,10.29563014,12.04159458,11.66190379,14.2126704,9.433981132,14.86606875,11.66190379,15,9.433981132
3.16227766,18.38477631,5.385164807,19.84943324,1,19.84943324,3,20.61552813,3.16227766,19.20937271,4,19.10497317,1,18.38477631,2.828427125,18.38477631,2.828427125,20.51828453,4,19.79898987,1,20.51828453,0,20.80865205,1,18.43908891,1.414213562,19.20937271,2.236067977,20.51828453,1.414213562,21.21320344,2.236067977,19.10497317,1,19.10497317,1.414213562,19.79898987,1.414213562,18.38477631,1.414213562,16.97056275,2.828427125,17.69180601,2,17.69180601,3.605551275,20.51828453,3.605551275,17.69180601,1,18.43908891
17.69180601,6.32455532,20,5.830951895,20.51828453,5.830951895,17.69180601,5.385164807,16.2788206,6.708203932,18.43908891,4.242640687,20,3.605551275,19.41648784,4.123105626,18.60107524,4.472135955,20.61552813,1.414213562,19.84943324,5,18.43908891,5.099019514,18.43908891,5,19.41648784,5.099019514,19.20937271,6.403124237,19.20937271,4.472135955,18.43908891,3.16227766,18.43908891,5.830951895,18.43908891,5.656854249,17.69180601,5.099019514,17.80449381,4.472135955,18.60107524,6,14.86606875,6.32455532,15.62049935,5.099019514,19.10497317,9.055385138,15.62049935,6.08276253
19.20937271,4.472135955,19.79898987,3,19.10497317,4.123105626,17.69180601,3.16227766,19.79898987,4,19.20937271,3.605551275,20,1,20.61552813,3.605551275,21.40093456,2.236067977,19.20937271,2.236067977,22.02271555,1,19.84943324,2.236067977,21.26029163,1,19.79898987,3.16227766,20,2,19.79898987,1,19.20937271,3.16227766,19.84943324,2.828427125,19.10497317,2.236067977,19.10497317,3.16227766,20.51828453,1.414213562,17.02938637,2.828427125,15.55634919,3.16227766,17.02938637,4,16.40121947,5.099019514,15.62049935,3
9.433981132,17.02938637,10.29563014,16.97056275,8.246211251,17.69180601,7.280109889,19.41648784,9.848857802,19.10497317,10,20.51828453,7.615773106,18.60107524,7.615773106,21.40093456,9.219544457,18.38477631,5,17.49285568,6.708203932,17.02938637,3.605551275,17.20465053,4.242640687,20,6.32455532,18.43908891,7.071067812,17.69180601,4.472135955,19.20937271,6.403124237,19.84943324,7.071067812,17.69180601,5.830951895,17.80449381,5,19.84943324,4.123105626,18.38477631,5.656854249,17.80449381,6.32455532,16.2788206,8.062257748,17.80449381,5.830951895,15.62049935,7.810249676,15
11.40175425,13.41640786,12.04159458,15.26433752,13.03840481,13.60147051,11.3137085,13.89244399,14.2126704,14.4222051,12.80624847,11.66190379,10.63014581,12.20655562,11.3137085,13.60147051,12.80624847,13.45362405,12.04159458,14.14213562,12.04159458,15,11.40175425,12.20655562,13.89244399,14.14213562,13.03840481,13.45362405,14.4222051,12.72792206,14.4222051,12.72792206,13.41640786,11.40175425,12.04159458,12.04159458,13.03840481,10.63014581,13.89244399,12.20655562,13.03840481,12.20655562,13.03840481,10.63014581,11.18033989,11.3137085,13.89244399,12.04159458,10.29563014,12.04159458,9.848857802,11.40175425
19.79898987,6.08276253,18.38477631,5.385164807,18.43908891,7,18.38477631,6.08276253,17.02938637,4,18.60107524,5,19.20937271,3.605551275,18.43908891,3.16227766,20.51828453,5,21.40093456,6.403124237,18.38477631,3.605551275,19.20937271,4.472135955,20.80865205,4.472135955,19.20937271,3.605551275,19.84943324,4.123105626,16.97056275,2.236067977,18.60107524,4.123105626,16.97056275,2.236067977,18.60107524,2.236067977,17.02938637,3,16.2788206,3.16227766,12.72792206,6,15.62049935,4.242640687,16.1245155,7.211102551,17.49285568,2.236067977,13.41640786,6.08276253
18.38477631,3.16227766,19.79898987,2.236067977,19.10497317,4.242640687,20.51828453,2.236067977,19.10497317,5.830951895,19.79898987,0,20.51828453,3.605551275,18.86796226,3.16227766,18.43908891,2.828427125,19.79898987,2.236067977,21.40093456,4.472135955,18.60107524,3,18.86796226,1,19.10497317,4.472135955,19.41648784,1.414213562,19.10497317,4.242640687,18.02775638,5,19.41648784,4.472135955,18.86796226,3,15,4.472135955,17.20465053,7.810249676,17.02938637,4.123105626,15.26433752,4.123105626,12.80624847,7.211102551,15.8113883,5.099019514,15.26433752,4.123105626
22.02271555,5.099019514,20.61552813,4.472135955,20,3.16227766,19.10497317,6.403124237,21.40093456,2.828427125,21.21320344,3.605551275,21.9544984,5,20.61552813,3.605551275,22.8035085,6.403124237,21.9317122,7.615773106,22.02271555,6,18.43908891,7,19.72308292,8.062257748,19.20937271,7.280109889,20.61552813,6.08276253,19.79898987,7,18.43908891,9.219544457,19.84943324,6.08276253,18.60107524,5,18.43908891,5,17.80449381,6.32455532,17.80449381,5.099019514,17.69180601,7.071067812,18.43908891,7.071067812,18.43908891,4.123105626,17.02938637,6
3.605551275,17.69180601,5,17.69180601,4.242640687,18.43908891,5.385164807,17.80449381,5.830951895,17.20465053,7.211102551,19.20937271,4.472135955,17.80449381,5.830951895,17.49285568,5.830951895,19.20937271,5,19.79898987,7.071067812,18.60107524,6.708203932,18.60107524,6.08276253,18.38477631,8,19.20937271,7.071067812,18.43908891,7.071067812,17.69180601,6.08276253,18.60107524,6.08276253,15.55634919,6,16.2788206,8.062257748,15,8,15.62049935,6,14.86606875,3,14.2126704,5.830951895,14.4222051,5.099019514,13.89244399,8.062257748,15.26433752
7.615773106,17.02938637,4.242640687,16.2788206,5.385164807,17.80449381,3.605551275,18.02775638,5.656854249,17.69180601,7.211102551,17.69180601,5.830951895,17.80449381,8.062257748,16.2788206,7.071067812,18.43908891,6.403124237,19.41648784,6.403124237,19.20937271,6.32455532,17.80449381,4.472135955,18.86796226,7.615773106,19.20937271,5,19.20937271,7.280109889,17.02938637,5.099019514,20,7.615773106,17.20465053,6.32455532,18.60107524,5.385164807,19.84943324,5.385164807,15.8113883,7.615773106,16.55294536,6.708203932,15.65247584,7.810249676,14.2126704,8.062257748,16.1245155,7.280109889,14.4222051
12.64911064,18.02775638,12.52996409,15.8113883,13.89244399,17.20465053,11.66190379,16.40121947,11.40175425,15.55634919,12.20655562,19.10497317,13.41640786,19.10497317,13.03840481,16.40121947,12.08304597,16.40121947,9.848857802,15,8.602325267,19.10497317,11.3137085,19.20937271,9.899494937,18.38477631,9.899494937,20.51828453,10,20.61552813,12.04159458,19.41648784,10.63014581,18.43908891,10.63014581,18.60107524,10,18.43908891,9.219544457,18.60107524,8.602325267,17.20465053,9.219544457,18.43908891,9.219544457,18.60107524,9.219544457,17.80449381,8.485281374,17.20465053,8.602325267,16.1245155
20,6.08276253,21.9317122,7.071067812,22.627417,5.830951895,20.61552813,8.544003745,21.26029163,6.708203932,20.51828453,6.403124237,21.26029163,6.32455532,21.26029163,5.656854249,22.6715681,3.605551275,20.51828453,4.242640687,24.08318916,5,21.26029163,4.123105626,22.02271555,4.472135955,21.26029163,5.656854249,22.02271555,4,21.40093456,5.385164807,21.26029163,6.403124237,19.79898987,4,21.63330765,3.16227766,20.61552813,4.123105626,19.84943324,4.472135955,18.43908891,4.123105626,17.80449381,3.16227766,19.20937271,5.385164807,18.86796226,5.830951895,18.86796226,3.605551275
8.062257748,17.20465053,7.615773106,17.20465053,6.708203932,19.10497317,7.810249676,18.60107524,8.94427191,19.20937271,8.485281374,17.69180601,9.433981132,17.02938637,9.433981132,17.02938637,7.810249676,20.51828453,9.899494937,19.10497317,10.29563014,19.10497317,7.810249676,16.40121947,10.81665383,17.20465053,11.40175425,17.69180601,10.81665383,17.69180601,7.071067812,16.2788206,11.18033989,17.02938637,9.433981132,15.55634919,11.66190379,14.86606875,11.18033989,15.62049935,11.66190379,16.2788206,10.63014581,15.55634919,8.602325267,16.2788206,7.211102551,14.2126704,10.77032961,14.14213562,9.433981132,16.2788206
4.123105626,19.10497317,4,21.26029163,2.236067977,21.26029163,6,21.26029163,3.16227766,22.6715681,4.123105626,20.24845673,5,22.8035085,4.123105626,21.26029163,3.16227766,23.02172887,3.16227766,19.41648784,6.08276253,21.9317122,6.403124237,20.61552813,7.280109889,21.63330765,6.403124237,22.20360331,2.828427125,21.26029163,7.071067812,22.6715681,5.385164807,20.61552813,4.472135955,20.51828453,4.472135955,18.43908891,5.099019514,20.61552813,5.830951895,20.61552813,6.32455532,18.43908891,4.123105626,19.84943324,4,20.80865205,5,18.60107524,4.123105626,18.60107524
19.79898987,10,18.38477631,11.40175425,18.43908891,10.81665383,20.51828453,10.63014581,16.97056275,12.04159458,18.60107524,9.219544457,19.10497317,11.66190379,18.38477631,11.66190379,19.10497317,8.602325267,18.43908891,11.40175425,17.69180601,12.08304597,18.43908891,11.40175425,19.10497317,13.41640786,17.69180601,11.18033989,17.02938637,11.70469991,16.2788206,9.848857802,17.69180601,11.70469991,16.97056275,9.848857802,14.86606875,12.08304597,16.2788206,8.94427191,17.02938637,10.77032961,14.86606875,8.544003745,15.62049935,8.544003745,17.02938637,8.246211251,17.80449381,7.280109889,16.40121947,9.055385138
19.84943324,8.062257748,19.84943324,9.433981132,21.21320344,7.211102551,19.84943324,9.848857802,18.60107524,9.219544457,19.10497317,8.544003745,20.51828453,5.830951895,20,7.211102551,21.26029163,7.810249676,21.9317122,6.708203932,21.40093456,6.403124237,19.41648784,8.602325267,20.80865205,7.810249676,20,7.810249676,19.41648784,7.810249676,18.02775638,4.472135955,20.24845673,6.403124237,20,6.708203932,19.41648784,6.403124237,18.02775638,6.708203932,17.20465053,5.099019514,19.23538406,5.830951895,17.20465053,6.403124237,16.40121947,5.830951895,17.49285568,5.830951895,15.8113883,6.708203932
11.66190379,15.8113883,14.31782106,16.2788206,10.81665383,15,12.20655562,15.8113883,12.52996409,17.69180601,13.03840481,17.02938637,10,17.69180601,11.66190379,16.97056275,11.40175425,17.20465053,12.04159458,12.80624847,11.40175425,17.20465053,10.63014581,17.20465053,8.485281374,18.35755975,9.433981132,18.60107524,12.04159458,18.02775638,9.219544457,16.2788206,8.602325267,18.43908891,11.40175425,14.86606875,8.602325267,15.62049935,11.40175425,16.1245155,9.219544457,16.2788206,9.219544457,14.4222051,10,16.1245155,10.81665383,13.89244399,11.40175425,14.76482306,11.3137085,14.76482306
24.8394847,13.41640786,25.49509757,11.18033989,25.45584412,12.80624847,28.01785145,14.14213562,24.8394847,11.3137085,26.90724809,12.04159458,25.49509757,13.45362405,25.61249695,12.80624847,24.20743687,15.26433752,23.02172887,14.76482306,27.65863337,14.2126704,25.49509757,15.65247584,27.65863337,14.86606875,24.75883681,15.26433752,25.45584412,13.03840481,25.45584412,15.23154621,27.58622845,14.31782106,24.75883681,14.76482306,24.04163056,15.8113883,20.61552813,13.41640786,22.6715681,13.41640786,22.6715681,13.92838828,21.9317122,13.92838828,21.26029163,11.70469991,21.9317122,11.18033989,23.34523506,11.04536102
13.89244399,11.66190379,10.81665383,10,10.63014581,12.52996409,12.20655562,14.76482306,13.60147051,13.45362405,12.04159458,11.66190379,13.45362405,12.80624847,15.62049935,13.60147051,13.60147051,14.14213562,16.2788206,14.86606875,16.40121947,12.80624847,17.20465053,13.45362405,15,14.86606875,14.4222051,12.80624847,13.60147051,10.63014581,14.4222051,9.219544457,15.26433752,10.81665383,11.40175425,11.3137085,12.80624847,11.40175425,13.89244399,11.3137085,12.80624847,10,14.76482306,12.72792206,10.81665383,12.52996409,13.60147051,12.20655562,11.66190379,10.77032961,10.77032961,10
18.38477631,5.385164807,19.20937271,6.708203932,19.10497317,4.472135955,23.60084744,5,20,5.830951895,20.61552813,3.605551275,19.10497317,4.472135955,18.43908891,7.211102551,18.60107524,6.708203932,15,7.071067812,19.20937271,6.32455532,17.69180601,6.08276253,17.69180601,7.615773106,19.79898987,6.32455532,16.97056275,6.32455532,16.2788206,5.385164807,15.62049935,6.708203932,16.2788206,7.615773106,18.43908891,7.071067812,16.97056275,7,17.69180601,5,18.38477631,6.08276253,16.2788206,5.099019514,16.97056275,6.32455532,16.64331698,5.385164807,15.55634919,6.08276253
1.414213562,16.2788206,2.236067977,16.40121947,2.236067977,16.40121947,3.605551275,15.62049935,1.414213562,18.43908891,2,15.8113883,1,17.02938637,0,18.43908891,2,19.79898987,0,16.2788206,1,19.10497317,1,17.20465053,0,17.02938637,2.236067977,17.02938637,4.123105626,15,3.605551275,15.62049935,3,17.69180601,3,16.97056275,2.236067977,14.2126704,2.236067977,16.2788206,4,15,2.828427125,16.2788206,3.605551275,12.80624847,5.385164807,15.62049935,4.472135955,14.2126704,4.472135955,15.26433752
5.385164807,17.02938637,6,17.02938637,4.242640687,17.02938637,4.123105626,18.60107524,6.403124237,17.20465053,6.403124237,18.43908891,3.605551275,16.2788206,6.403124237,16.2788206,7.071067812,19.10497317,5.385164807,17.02938637,4.472135955,18.43908891,6.403124237,15.55634919,6.32455532,18.43908891,6,17.69180601,6.08276253,18.43908891,5.385164807,15.62049935,8.062257748,14.86606875,5.830951895,16.2788206,6.32455532,16.97056275,5.099019514,14.86606875,6.08276253,16.2788206,6,15.55634919,5,14.2126704,7.071067812,15,5.099019514,13.45362405,6,14.86606875
13.45362405,9.219544457,14.86606875,11.66190379,11.66190379,10.63014581,14.86606875,9.219544457,13.45362405,10.63014581,12.04159458,11.3137085,12.80624847,12.20655562,14.86606875,9.899494937,11.40175425,11.40175425,11.40175425,14.2126704,10.63014581,11.18033989,14.14213562,10.81665383,13.03840481,11.66190379,14.2126704,13.89244399,10.63014581,11.66190379,14.86606875,11.40175425,10.63014581,12.64911064,12.08304597,10.81665383,10,8.94427191,10,13,12.04159458,11.70469991,10.63014581,9.219544457,11.40175425,10,10.63014581,8.94427191,15.55634919,10.44030651,12.04159458,11.18033989
24.41311123,20,27.58622845,20.80865205,27.65863337,20.80865205,27.65863337,21.63330765,26.17250466,20.61552813,27.58622845,23.43074903,27.80287755,20.24845673,27.01851217,19.84943324,27.58622845,20.61552813,28.31960452,19.79898987,30.61045573,21.21320344,30.23243292,19.79898987,28.60069929,19.84943324,30.47950131,17.69180601,26.40075756,17.80449381,27.80287755,18.60107524,28.60069929,17.69180601,28.42534081,16.40121947,28.01785145,16.40121947,25.23885893,18.60107524,25.8069758,17.20465053,25.55386468,18.60107524,21.40093456,17.20465053,23.70653918,19.20937271,23.85372088,19.41648784,22.36067977,19.41648784
16.2788206,10,14.4222051,8.485281374,15.62049935,10,15.55634919,9.433981132,13.45362405,9.899494937,15,8.602325267,14.2126704,9.219544457,16.2788206,9.433981132,14.86606875,9.219544457,17.02938637,8.94427191,16.2788206,10.63014581,15.55634919,13.92838828,15.55634919,11.18033989,14.86606875,9.848857802,14.86606875,8.94427191,15.62049935,10.44030651,14.86606875,11.18033989,14.2126704,9.486832981,12.80624847,11.66190379,13.60147051,8.544003745,14.86606875,9.486832981,11.3137085,8.544003745,14.14213562,8.246211251,12.80624847,7.071067812,12.04159458,7.071067812,12.72792206,8.246211251
16.2788206,4,16.2788206,3.16227766,17.80449381,5.099019514,16.97056275,4.123105626,18.38477631,3.16227766,17.80449381,2.828427125,17.69180601,4.242640687,19.84943324,4.242640687,19.10497317,1,21.26029163,2,18.38477631,2.236067977,19.20937271,3.16227766,17.80449381,3,17.02938637,2.828427125,16.97056275,5.385164807,17.02938637,4.123105626,17.20465053,5.099019514,16.2788206,3.16227766,14.86606875,4,17.80449381,3,17.20465053,2,16.40121947,4,16.2788206,5.099019514,15.8113883,5.385164807,15.26433752,3.16227766,14.2126704,5.099019514
16.2788206,5,15.62049935,7.810249676,19.84943324,7.810249676,19.84943324,6.32455532,19.20937271,8.062257748,19.10497317,7.810249676,17.20465053,9.219544457,19.79898987,7.211102551,19.10497317,4.242640687,18.35755975,5.656854249,19.20937271,7.810249676,17.02938637,7.211102551,19.20937271,7.810249676,18.60107524,8.062257748,20.80865205,9.219544457,17.80449381,4.123105626,17.80449381,7.211102551,17.69180601,5.830951895,18.02775638,8.485281374,17.02938637,5.385164807,17.49285568,6.32455532,15.8113883,8.94427191,14.4222051,6.403124237,13.03840481,8.94427191,14.4222051,7.211102551,17,8.062257748
12.20655562,16.2788206,11.66190379,17.69180601,12.20655562,16.97056275,12.72792206,18.60107524,11.3137085,18.43908891,10,17.69180601,11.3137085,18.38477631,10,19.20937271,11.40175425,18.60107524,10,16.2788206,12.80624847,18.60107524,11.40175425,18.02775638,9.848857802,20,10,18.60107524,10.63014581,18.02775638,10.29563014,15.8113883,8.602325267,18.35755975,10.81665383,17.02938637,9.848857802,17.02938637,9.433981132,17.49285568,8.544003745,14.4222051,9.433981132,15.26433752,9.219544457,15.26433752,10,15.26433752,11.40175425,13.89244399,10.63014581,14.76482306
5.830951895,17.69180601,7.810249676,18.43908891,9.219544457,19.84943324,8.602325267,17.69180601,5,19.10497317,8.94427191,18.43908891,7.211102551,18.43908891,8.062257748,19.79898987,9.433981132,17.80449381,7.615773106,15.62049935,8.94427191,16.97056275,9.486832981,17.69180601,9.848857802,18.43908891,8.062257748,19.10497317,9.848857802,16.2788206,7.280109889,17.02938637,7.280109889,17.02938637,6.08276253,17.69180601,9.219544457,17.69180601,8.062257748,17.02938637,8.246211251,15.55634919,8,16.97056275,6,15,7.071067812,17.69180601,5.099019514,16.97056275,7.071067812,15.62049935
12.52996409,11.18033989,15,10.81665383,13.45362405,10.81665383,15,12.20655562,14.86606875,10.81665383,16.2788206,13.60147051,14.86606875,11.40175425,14.2126704,11.3137085,15.62049935,11.40175425,15.55634919,11.3137085,15.55634919,10,15.8113883,8.602325267,16.40121947,11.3137085,16.1245155,8.485281374,13.60147051,9.219544457,15,9.219544457,14.14213562,10,12.80624847,8.485281374,14.4222051,10.63014581,14.4222051,7.810249676,13.45362405,8.485281374,12.80624847,8.602325267,12.20655562,9.219544457,13.45362405,10.63014581,13.41640786,10,12.52996409,9.899494937
7.280109889,17.80449381,8.94427191,18.02775638,5.099019514,19.10497317,8.062257748,17.69180601,6.708203932,17.69180601,5.830951895,16.97056275,5.830951895,19.10497317,6.32455532,19.84943324,6.708203932,19.10497317,5.830951895,18.38477631,7.211102551,18.43908891,5,19.20937271,5.385164807,19.20937271,5.099019514,18.43908891,5,18.60107524,5.385164807,17.69180601,5,17.80449381,5.656854249,17.69180601,5.830951895,17.20465053,5,16.40121947,4.123105626,17.02938637,4.242640687,18.60107524,5,15.8113883,4.123105626,17.02938637,4.472135955,15.62049935,5.656854249,15.8113883
6.32455532,17.69180601,5.385164807,19.10497317,6.32455532,18.43908891,6.708203932,18.43908891,7.615773106,17.80449381,6.708203932,19.10497317,6.403124237,18.43908891,5,17.20465053,6.32455532,17.02938637,9.219544457,16.2788206,7.211102551,17.02938637,6.403124237,17.69180601,7.615773106,17.20465053,7.071067812,14.86606875,6.403124237,16.2788206,7.810249676,16.2788206,6.403124237,17.02938637,7.211102551,14.86606875,6.708203932,17.69180601,6.403124237,15.55634919,8.062257748,14.2126704,8.062257748,14.86606875,6.708203932,15.55634919,7.211102551,15.62049935,5.099019514,12.20655562,5.099019514,15.62049935
13.89244399,15,14.31782106,16.40121947,13.60147051,15.62049935,12.20655562,15.62049935,13.45362405,14.86606875,12.80624847,14.2126704,14.14213562,14.86606875,13.45362405,16.2788206,14.14213562,15.62049935,17.02938637,17.69180601,15,14.86606875,15,15.55634919,12.52996409,12.80624847,15.8113883,13.45362405,15.62049935,13.45362405,15.26433752,13.45362405,12.20655562,13.45362405,13.60147051,12.04159458,12.20655562,14.14213562,12.20655562,12.04159458,11.66190379,13.60147051,13.89244399,13.45362405,10.29563014,12.80624847,11.70469991,13.45362405,14.31782106,12.04159458,12.08304597,12.04159458
18.43908891,5,17.69180601,3.16227766,18.38477631,4.242640687,17.69180601,3.605551275,17.02938637,4.242640687,17.80449381,3,19.41648784,2,16.2788206,2.236067977,17.69180601,4,18.38477631,1,19.10497317,2.236067977,17.20465053,0,17.80449381,1,18.38477631,3.605551275,16.2788206,3.16227766,18.43908891,4.472135955,17.20465053,4.123105626,17.69180601,5,15.55634919,3.605551275,15.8113883,4.242640687,15.55634919,3.605551275,14.86606875,2.236067977,15.62049935,3,15.55634919,3.16227766,16.40121947,3.16227766,17.49285568,1
5.099019514,16.97056275,6.08276253,18.38477631,4.123105626,17.02938637,2.236067977,17.80449381,2.236067977,18.43908891,2.236067977,19.79898987,5,17.69180601,2.236067977,18.43908891,3.605551275,19.10497317,5.385164807,16.97056275,3.605551275,16.40121947,5.099019514,18.43908891,6.32455532,17.69180601,6.08276253,16.97056275,7.071067812,17.69180601,5,16.2788206,3.16227766,19.10497317,4.123105626,15.55634919,3.605551275,16.2788206,7.071067812,14.86606875,4.123105626,17.69180601,4.123105626,16.97056275,2,14.14213562,3.16227766,16.2788206,3.16227766,17.80449381,4.472135955,15.62049935
23.85372088,13.45362405,29.69848481,15.26433752,29,11.66190379,29.83286778,17.20465053,26.17250466,13.60147051,27.80287755,22.47220505,25,18.38477631,25.61249695,17.20465053,27.65863337,18.35755975,26.17250466,16.64331698,29.73213749,20,29,16.64331698,24.75883681,17.80449381,22.8035085,18.60107524,24.75883681,18.86796226,26.17250466,19.41648784,24.8394847,16.40121947,24.75883681,15.62049935,24.75883681,18.60107524,21.9317122,15.62049935,21.9317122,14.4222051,21.63330765,12.04159458,20.51828453,20.59126028,23.34523506,12.20655562,23.34523506,22.13594362,24.8394847,14.76482306
9.848857802,12.20655562,9.219544457,12.72792206,13.45362405,13.45362405,13.45362405,11.40175425,12.04159458,10.63014581,9.899494937,12.72792206,14.2126704,12.72792206,12.20655562,12.04159458,12.80624847,13.45362405,12.04159458,12.20655562,12.52996409,12.04159458,11.66190379,10.81665383,10.63014581,11.3137085,12.08304597,11.40175425,11.66190379,12.20655562,11.66190379,14.86606875,10.81665383,11.3137085,10.29563014,11.66190379,11.66190379,12.52996409,9.433981132,12.20655562,10.77032961,13.03840481,10.77032961,12.72792206,9.848857802,13.03840481,10.77032961,13.03840481,11.18033989,12.80624847,9.219544457,12.20655562
7.211102551,15.62049935,8.062257748,17.02938637,7.810249676,17.02938637,5.830951895,16.40121947,8.062257748,17.02938637,8.062257748,17.80449381,7.211102551,18.38477631,4.242640687,16.97056275,7.810249676,17.69180601,5.830951895,18.43908891,6.403124237,20,8.062257748,16.2788206,7.211102551,17.80449381,5.385164807,14.86606875,7.071067812,16.97056275,7.615773106,17.02938637,7.280109889,17.02938637,8.94427191,16.97056275,7.810249676,16.1245155,8.246211251,16.64331698,7.280109889,15.62049935,5.385164807,17.49285568,5.830951895,13.03840481,7.071067812,13.03840481,7.615773106,15.26433752,6.32455532,13.03840481
6.32455532,20,5.830951895,17.69180601,5,17.02938637,6.708203932,16.2788206,5,19.10497317,5.385164807,17.69180601,6.403124237,17.69180601,10,21.40093456,5,19.84943324,6.08276253,18.43908891,5.830951895,20.61552813,7.071067812,19.20937271,6.708203932,16.2788206,5,18.38477631,7.615773106,19.20937271,6.708203932,19.10497317,8.062257748,17.02938637,6.403124237,18.38477631,8.246211251,17.69180601,8.544003745,18.02775638,7.211102551,16.97056275,5.830951895,16.2788206,6.708203932,16.2788206,6.32455532,14.86606875,5.099019514,16.40121947,8.062257748,16.64331698
8.544003745,18.38477631,10.63014581,18.60107524,10.63014581,20.61552813,10.63014581,16.2788206,9.899494937,18.43908891,10,19.84943324,10.29563014,21.40093456,12.08304597,19.84943324,12.80624847,18.43908891,9.433981132,19.10497317,12.08304597,19.10497317,13,18.38477631,13.92838828,19.20937271,9.848857802,19.20937271,10.81665383,19.10497317,11.40175425,20,9.848857802,18.43908891,11.40175425,16.40121947,10.29563014,17.02938637,10.19803903,17.80449381,10.77032961,16.64331698,8.062257748,17.02938637,9.055385138,17.02938637,8.544003745,16.97056275,8.062257748,16.64331698,7.280109889,17.20465053
13.41640786,14.86606875,12.52996409,14.2126704,11.66190379,16.97056275,12.52996409,16.64331698,11.40175425,16.97056275,12.04159458,17.69180601,12.80624847,15,12.20655562,16.40121947,12.80624847,17.02938637,11.3137085,19.84943324,11.40175425,17.20465053,11.40175425,17.20465053,12.04159458,16.40121947,11.40175425,16.64331698,12.80624847,17.20465053,10,17.02938637,10.81665383,16.64331698,9.848857802,15.62049935,10.81665383,14.2126704,8.94427191,15.8113883,9.848857802,13.60147051,11.18033989,13.60147051,11.40175425,15.26433752,11.66190379,13.03840481,11.40175425,13.89244399,12.04159458,11.66190379
30,6,31.06444913,2,32.24903099,3.16227766,29.96664813,2.828427125,33.24154028,4,36.87817783,7.615773106,29.96664813,8.602325267,31.89043744,7.810249676,29.68164416,7.211102551,29.68164416,7,30.61045573,7,32.64965543,7.615773106,32.80243893,6.08276253,32.52691193,7,32.01562119,12.16552506,31.144823,8.246211251,28.31960452,12.36931688,27.58622845,12,26.90724809,10.19803903,24.08318916,7.615773106,31.2409987,7.071067812,28.31960452,4.123105626,28.60069929,10,24.08318916,9.848857802,30.47950131,10.44030651,28.42534081,3.605551275
3.605551275,17.69180601,2.236067977,16.40121947,3.16227766,17.69180601,1,17.02938637,1.414213562,18.43908891,1,18.43908891,1,17.02938637,1.414213562,18.43908891,3.16227766,17.02938637,2.236067977,17.80449381,2.828427125,18.43908891,2.236067977,17.69180601,4.123105626,17.20465053,4.242640687,17.02938637,3.605551275,17.80449381,5.830951895,17.02938637,5,17.20465053,4.472135955,14.86606875,4.472135955,15.62049935,4.472135955,17.80449381,5.656854249,14.86606875,4.472135955,14.14213562,4.242640687,14.2126704,4.472135955,12.80624847,5,14.2126704,5.385164807,15
7.211102551,15.55634919,7.810249676,15,9.219544457,14.2126704,8.485281374,15,8.94427191,16.2788206,10.63014581,14.2126704,11.40175425,18.43908891,8.602325267,16.2788206,10.81665383,15.55634919,9.433981132,14.2126704,10.29563014,13.45362405,8.94427191,14.2126704,9.486832981,15.62049935,9.848857802,16.97056275,10.77032961,14.86606875,9.486832981,15.26433752,12.36931688,14.14213562,6.708203932,15,9.848857802,14.86606875,9.486832981,12.72792206,6.708203932,14.4222051,8,13.45362405,6.32455532,13.45362405,8.246211251,13.45362405,8,13.60147051,8.062257748,15.26433752
15.62049935,1.414213562,16.2788206,4.123105626,15.55634919,3.16227766,17.02938637,2,18.43908891,1,15.62049935,1,16.40121947,0,14.2126704,0,17.02938637,1.414213562,15,2,15.62049935,1,16.1245155,1,17.02938637,2.828427125,14.2126704,0,14.14213562,1,15,3.605551275,14.2126704,4.472135955,16.2788206,3.605551275,15,2,14.2126704,3,14.2126704,3.605551275,13.45362405,3.605551275,11.40175425,4.242640687,14.86606875,4.123105626,12.80624847,2.828427125,12.80624847,4.123105626
13.60147051,16.64331698,10.29563014,15.8113883,10.29563014,14.86606875,11.18033989,15.55634919,10.77032961,16.2788206,10.81665383,16.2788206,10.81665383,16.40121947,10.44030651,17.80449381,11.66190379,18.38477631,11.40175425,18.38477631,10,18.38477631,10.81665383,16.40121947,9.219544457,17.20465053,8.602325267,18.60107524,9.848857802,19.41648784,10,17.80449381,7.810249676,17.80449381,8.062257748,14.86606875,8.062257748,18.60107524,8.602325267,17.49285568,8.94427191,17.20465053,6.403124237,15,8.062257748,17.20465053,8.602325267,16.40121947,10,15.62049935,9.433981132,14.4222051
1,16.2788206,3,17.69180601,4.242640687,18.43908891,2.828427125,18.43908891,2,15.62049935,2,18.43908891,2.828427125,18.43908891,3.16227766,17.20465053,2.828427125,18.38477631,5.385164807,19.20937271,4,18.43908891,4.123105626,16.2788206,5.099019514,18.43908891,5,19.41648784,4.123105626,16.97056275,5.099019514,17.69180601,5.385164807,16.40121947,5,16.97056275,5,15.62049935,5.099019514,14.86606875,6.32455532,16.2788206,4.472135955,16.2788206,4.472135955,14.2126704,4.472135955,14.86606875,5.656854249,15.62049935,3.16227766,14.2126704
13.45362405,5.099019514,15,5.830951895,14.14213562,7.211102551,15.8113883,6.708203932,16.97056275,8.544003745,15.55634919,5.656854249,15,6.403124237,15.8113883,5.656854249,15,7.071067812,16.1245155,8.485281374,14.86606875,4.242640687,15.26433752,5,18.02775638,6.708203932,14.86606875,5,16.40121947,8.602325267,15.62049935,6.403124237,15.8113883,4.123105626,15,6.08276253,15,6.403124237,13.45362405,5.385164807,13.60147051,5.385164807,14.4222051,3.605551275,13.03840481,4.242640687,11.66190379,7.211102551,12.80624847,4.472135955,14.31782106,6.08276253
12.20655562,8.94427191,15.23154621,9.899494937,14.2126704,9.433981132,12.80624847,10,12.20655562,9.899494937,17,11.40175425,13.60147051,12.80624847,13.03840481,15.26433752,14.86606875,11.66190379,11.40175425,9.219544457,11.40175425,16.15549442,12.52996409,11.66190379,12.52996409,11.18033989,14.2126704,9.219544457,12.80624847,14.4222051,14.14213562,11.40175425,15,9.848857802,12.72792206,9.433981132,11.3137085,13.03840481,11.3137085,9.433981132,13.89244399,10.29563014,12.72792206,9.848857802,12.72792206,10.77032961,12.04159458,6.32455532,11.40175425,10.19803903,11.3137085,9.055385138
7.810249676,14.2126704,8.602325267,19.84943324,8.485281374,16.2788206,9.433981132,17.69180601,7.810249676,15,8.94427191,20.61552813,7.810249676,16.2788206,6.708203932,16.2788206,7.071067812,19.20937271,10.44030651,19.84943324,8.602325267,20.59126028,7.071067812,18.02775638,10.19803903,18.43908891,7.280109889,17.80449381,9.848857802,20.80865205,10.44030651,18.60107524,7.615773106,20.80865205,8.94427191,18.60107524,9.848857802,16.40121947,7.615773106,16.64331698,7.615773106,14.4222051,10.44030651,14.2126704,9.848857802,17.49285568,9.219544457,13.60147051,9.219544457,14.76482306,8.246211251,14.76482306
17.02938637,1,18.43908891,3.16227766,19.84943324,2.236067977,18.43908891,2.236067977,19.10497317,2.236067977,17.20465053,4,19.10497317,1,20.51828453,3.605551275,19.41648784,3.16227766,20.51828453,3.16227766,20.80865205,1.414213562,19.20937271,2.236067977,19.20937271,2.236067977,18.43908891,4.472135955,18.43908891,5.099019514,20.80865205,4.242640687,17.20465053,3,17.02938637,4.472135955,18.60107524,5,16.2788206,4.123105626,18.43908891,4.472135955,17.80449381,5,16.40121947,6.32455532,15,5,16.40121947,4.123105626,17.20465053,3
16.2788206,10,17.02938637,10,18.02775638,7.810249676,16.40121947,10.63014581,15.62049935,9.219544457,19.10497317,10.63014581,17.80449381,10,19.41648784,8.602325267,15.26433752,9.219544457,17,9.848857802,18.86796226,12.52996409,18.35755975,10.63014581,19.23538406,10.81665383,16.1245155,10,17.20465053,10.29563014,18.02775638,9.848857802,17,8.246211251,14.4222051,9.848857802,15.8113883,9.848857802,15.8113883,9.433981132,15.65247584,9.486832981,15.8113883,9.433981132,14.76482306,8.544003745,14.31782106,8.062257748,13.41640786,9.219544457,15.23154621,10
2.236067977,18.38477631,4.472135955,18.38477631,2.236067977,19.10497317,1,16.40121947,1.414213562,17.02938637,1.414213562,16.40121947,1.414213562,18.38477631,1,17.69180601,2,16.2788206,2.236067977,17,2,18.43908891,2.236067977,19.20937271,1,19.20937271,4.123105626,18.43908891,2.236067977,18.02775638,3.605551275,17.69180601,1.414213562,16.2788206,2.236067977,16.40121947,3,17.80449381,4.123105626,16.40121947,2.236067977,16.40121947,3.16227766,16.97056275,2.828427125,14.86606875,2.236067977,14.2126704,4.242640687,14.4222051,4.242640687,16.64331698
15.8113883,8.602325267,15,12.80624847,14.2126704,10.77032961,17.69180601,8.544003745,15.62049935,10,13.45362405,9.899494937,14.86606875,8.062257748,15.62049935,8.062257748,18.43908891,7.211102551,20.51828453,7.211102551,17.69180601,10,20.80865205,8.602325267,15.8113883,9.219544457,17.80449381,9.219544457,17.02938637,8.602325267,15.26433752,7.810249676,15.55634919,7.211102551,16.97056275,8.602325267,15.8113883,8.485281374,15.8113883,9.219544457,16.40121947,7.615773106,13.03840481,8.602325267,15,7.810249676,15,8.062257748,15.62049935,7.211102551,16.1245155,8.544003745
7.211102551,14.2126704,8.544003745,14.2126704,10.63014581,16.64331698,10,16.2788206,10.63014581,17.20465053,7.071067812,17.20465053,8.485281374,16.40121947,7.810249676,17.69180601,8.94427191,16.64331698,10.29563014,15,10.81665383,14.86606875,8.602325267,14.2126704,9.848857802,14.2126704,10.77032961,17.69180601,11.18033989,16.40121947,8.062257748,15.55634919,10.81665383,16.2788206,8.544003745,13.03840481,10,15.8113883,11.40175425,14.86606875,8.544003745,14.86606875,7.071067812,15.62049935,8.544003745,14.86606875,10.19803903,13.45362405,9.055385138,14.86606875,8.062257748,15
12.20655562,12.52996409,17.20465053,14.4222051,12.04159458,15.62049935,14.2126704,12.72792206,12.20655562,13.60147051,15.62049935,14.14213562,15.26433752,14.86606875,13.45362405,13.89244399,15.62049935,15.62049935,15.26433752,16.40121947,13.45362405,14.4222051,13.45362405,12.52996409,13.45362405,14.76482306,12.72792206,13.89244399,13.60147051,15,14.2126704,15,12.04159458,12.04159458,12.04159458,15.8113883,15.62049935,14.4222051,11.66190379,15,12.20655562,12.52996409,10.81665383,14.4222051,12.04159458,9.848857802,12.72792206,11.18033989,14.14213562,11.18033989,12.80624847,11.18033989
17.69180601,3.16227766,14.86606875,4.472135955,17.69180601,2.236067977,15.62049935,2.828427125,15.62049935,1,18.43908891,1.414213562,16.97056275,2.236067977,17.80449381,5.385164807,20,3.605551275,19.10497317,3.605551275,20.61552813,4.472135955,16.2788206,4.472135955,19.10497317,5.385164807,17.69180601,4.123105626,17.02938637,3,17.69180601,3,15.55634919,4,16.64331698,3,14.86606875,5,17.69180601,3.16227766,18.43908891,3.16227766,14.86606875,4.123105626,16.2788206,6.08276253,16.2788206,4.123105626,16.2788206,2.828427125,13.60147051,4.123105626
15.55634919,4.123105626,19.84943324,5.099019514,18.60107524,4.123105626,18.02775638,5.385164807,18.38477631,2.236067977,16.64331698,3.16227766,19.10497317,3.16227766,18.60107524,2.236067977,18.38477631,5.099019514,18.02775638,5,19.10497317,7.211102551,18.43908891,4.123105626,19.20937271,5.656854249,16.2788206,5,17.80449381,5.385164807,18.38477631,5.830951895,14.86606875,3.16227766,16.2788206,5.385164807,17.49285568,6.32455532,16.2788206,3.16227766,14.86606875,3.16227766,14.14213562,4.123105626,15.62049935,3,18.38477631,4.123105626,18.60107524,5.385164807,18.86796226,6
12.04159458,14.4222051,10.81665383,14.86606875,14.86606875,17.02938637,13.45362405,14.2126704,11.3137085,14.14213562,14.2126704,14.14213562,15.55634919,14.2126704,12.80624847,13.45362405,13.45362405,14.86606875,14.86606875,16.40121947,15.62049935,14.14213562,12.52996409,12.72792206,14.4222051,12.72792206,14.4222051,14.14213562,13.03840481,11.40175425,13.03840481,14.2126704,15,14.2126704,11.66190379,12.52996409,13.03840481,13.03840481,12.20655562,13.45362405,13.60147051,12.04159458,10.81665383,14.14213562,11.18033989,12.20655562,12.64911064,14.14213562,12.52996409,12.20655562,11.66190379,13.45362405
17.80449381,5.385164807,18.02775638,3.605551275,17.02938637,5.385164807,19.20937271,5,17.02938637,3.16227766,19.20937271,2.236067977,17.69180601,3.16227766,17.69180601,4.123105626,19.20937271,3,18.38477631,2.236067977,22.20360331,4.242640687,17.20465053,5.099019514,18.43908891,4.472135955,17.69180601,4.472135955,19.20937271,6.403124237,19.10497317,5.830951895,18.43908891,6.708203932,17.69180601,5.656854249,16.2788206,6.403124237,16.2788206,5.099019514,16.97056275,6.403124237,16.2788206,5.830951895,12.80624847,5.099019514,16.40121947,5.099019514,16.2788206,4,17.02938637,2.236067977
20,5.099019514,17.02938637,4.242640687,19.84943324,1.414213562,19.20937271,3,18.43908891,2.236067977,20.61552813,4.123105626,19.10497317,5,19.20937271,2.236067977,20,5.099019514,17.80449381,3.16227766,19.84943324,6.403124237,20,3.605551275,20,3,16.40121947,2.236067977,19.10497317,3.16227766,19.10497317,5.830951895,19.10497317,5.656854249,19.10497317,5,18.43908891,4.242640687,16.64331698,5,17.69180601,4.123105626,19.10497317,3.16227766,15.62049935,5,18.02775638,5.099019514,15.62049935,3.605551275,16.97056275,4.123105626
12.04159458,12.04159458,11.3137085,13.03840481,15,12.80624847,10.63014581,12.04159458,13.45362405,14.2126704,12.20655562,14.86606875,13.60147051,13.60147051,12.20655562,11.40175425,13.03840481,15.62049935,12.72792206,15,11.40175425,12.72792206,13.03840481,12.04159458,14.4222051,12.72792206,14.4222051,11.40175425,12.52996409,12.20655562,12.20655562,12.72792206,15.26433752,12.80624847,10.81665383,11.70469991,13.89244399,12.04159458,12.20655562,12.80624847,11.66190379,11.40175425,10.77032961,12.80624847,10.29563014,14.14213562,10.81665383,13.03840481,11.70469991,11.3137085,10.29563014,12.20655562
11.18033989,12.80624847,8.485281374,14.2126704,10.63014581,15.8113883,9.899494937,13.45362405,10.63014581,15.62049935,10.63014581,13.45362405,12.72792206,15.62049935,10.63014581,14.2126704,10.63014581,14.86606875,10.63014581,13.41640786,12.04159458,16.2788206,12.04159458,15.62049935,12.52996409,13.45362405,13.89244399,15.62049935,11.40175425,14.2126704,11.66190379,12.72792206,12.08304597,14.14213562,10.81665383,12.04159458,12.08304597,14.14213562,13.41640786,14.2126704,12.20655562,12.04159458,9.848857802,14.86606875,10.29563014,13.03840481,9.219544457,14.2126704,11.40175425,12.80624847,9.219544457,12.04159458
15,11.40175425,12.72792206,12.80624847,12.72792206,10.63014581,14.14213562,12.72792206,14.14213562,12.04159458,10.81665383,15.55634919,13.60147051,12.80624847,13.45362405,12.20655562,12.80624847,14.31782106,12.72792206,11.66190379,12.72792206,15.26433752,12.72792206,13.41640786,11.3137085,13.60147051,11.66190379,12.80624847,12.20655562,13.60147051,12.08304597,14.76482306,12.80624847,13.41640786,13.03840481,12.20655562,10.81665383,13.03840481,11.18033989,11.18033989,12.80624847,8.602325267,12.72792206,11.18033989,9.899494937,11.70469991,13.45362405,10.29563014,12.80624847,9.848857802,11.3137085,9.486832981
14.14213562,11.3137085,17.02938637,9.433981132,14.14213562,7.211102551,17.20465053,8.062257748,16.2788206,9.433981132,18.02775638,10,16.1245155,10,14.4222051,9.219544457,16.2788206,9.433981132,16.64331698,11.18033989,17.02938637,8.062257748,14.86606875,10,16.15549442,12.64911064,15.62049935,8.544003745,10.29563014,9.219544457,14.2126704,10.44030651,14.4222051,9.219544457,12.20655562,11.40175425,12.52996409,9.848857802,13.89244399,10.77032961,15,8.544003745,13.41640786,10.29563014,10,12.20655562,13,12.04159458,13.03840481,10.63014581,10.77032961,10.29563014
16.1245155,10.77032961,14.2126704,12.08304597,18.43908891,11.18033989,14.86606875,10.81665383,16.2788206,10.63014581,15,13.60147051,14.4222051,11.40175425,14.31782106,9.219544457,16.64331698,11.40175425,17.80449381,12.52996409,15.8113883,12.04159458,16.40121947,12.80624847,16.2788206,13.60147051,13.45362405,11.3137085,13.45362405,12.80624847,15.26433752,12.04159458,14.2126704,12.20655562,13.45362405,11.3137085,12.04159458,12.52996409,13.03840481,13.41640786,12.80624847,10.63014581,12.72792206,12.04159458,15.26433752,10.81665383,12.20655562,10.29563014,12.72792206,10.29563014,14.4222051,10.63014581
16.2788206,2.828427125,15.55634919,5.099019514,17.80449381,4.472135955,16.97056275,4.123105626,16.97056275,7.071067812,15.8113883,4.123105626,14.86606875,3.605551275,17.02938637,5,18.43908891,5.099019514,17.80449381,5.830951895,16.2788206,5.830951895,16.40121947,7.211102551,17.02938637,5.099019514,13.60147051,7.615773106,16.2788206,6.708203932,17.02938637,6.708203932,14.14213562,7.071067812,16.97056275,5.385164807,14.2126704,4,15.55634919,5.830951895,13.45362405,5.099019514,14.14213562,5,14.2126704,6,14.14213562,5,14.86606875,4.123105626,18.02775638,5.099019514
27.29468813,20.24845673,26.90724809,18.68154169,24.69817807,15.8113883,28.3019434,17.80449381,26.92582404,17.69180601,23.60084744,18.78829423,18.43908891,19.72308292,25.23885893,23.02172887,22.8035085,20.80865205,24.04163056,22.6715681,23.60084744,25.23885893,23.43074903,24.08318916,20.61552813,22.8035085,21.26029163,24.08318916,24.08318916,24.8394847,24.75883681,25.07987241,24.75883681,21.9317122,19.84943324,24.04163056,17.20465053,23.34523506,18.43908891,22.627417,17.20465053,19.20937271,16.40121947,19.72308292,19.10497317,19.20937271,21.26029163,16.55294536,19.10497317,21.47091055,19.10497317,16.40121947
3.605551275,17.69180601,6.08276253,22.02271555,6,19.84943324,5.099019514,17.69180601,3.16227766,20.80865205,3.605551275,16.97056275,4.123105626,19.84943324,4.472135955,19.84943324,4.123105626,19.41648784,6.32455532,17.80449381,3.605551275,22.20360331,3.605551275,19.84943324,4.123105626,19.20937271,2.236067977,18.43908891,4.123105626,16.2788206,2,19.10497317,2,16.2788206,2.236067977,18.38477631,3,18.43908891,4.123105626,17.20465053,3,17.20465053,5,16.2788206,3.605551275,18.02775638,5.099019514,15,2.828427125,14.4222051,5.385164807,18.35755975
14.2126704,9.486832981,16.2788206,5,16.2788206,6.708203932,16.97056275,7.211102551,16.2788206,5.656854249,16.97056275,5.099019514,16.40121947,5.656854249,16.40121947,5.656854249,18.43908891,5,18.43908891,4.242640687,17.02938637,4,17.80449381,4.123105626,19.41648784,6.08276253,18.60107524,5,15.62049935,6.08276253,17.80449381,7.615773106,17.20465053,7,13.60147051,5.099019514,17.02938637,4.123105626,14.86606875,6.32455532,15.26433752,6.08276253,15,5.830951895,15,7.615773106,13.60147051,7.280109889,13.60147051,5,13.03840481,7.211102551
17.02938637,6.08276253,16.2788206,6.403124237,17.69180601,6.403124237,17.80449381,5,17.02938637,5.656854249,17.69180601,5.830951895,19.10497317,2.236067977,17.20465053,3.605551275,17.69180601,2.236067977,18.43908891,5.656854249,19.10497317,5.830951895,17.20465053,3.16227766,16.64331698,2.828427125,16.2788206,2.828427125,18.43908891,2,16.97056275,4.123105626,17.80449381,4.123105626,15.62049935,3.16227766,17.02938637,4.123105626,15.62049935,4,14.86606875,3,14.4222051,4.123105626,14.76482306,5.385164807,14.2126704,5.099019514,15.8113883,6.403124237,14.4222051,4.123105626
15,5.656854249,18.43908891,4.472135955,18.43908891,5,15.26433752,7.211102551,18.02775638,7.211102551,19.41648784,5.385164807,18.43908891,6.08276253,16.64331698,5.830951895,19.20937271,8,18.43908891,8.544003745,17.69180601,7.615773106,16.40121947,8.062257748,17.80449381,6.08276253,18.02775638,7.071067812,15.8113883,7.280109889,15.8113883,7.280109889,14.4222051,7,12.80624847,7.211102551,15.26433752,8.544003745,17,8.544003745,11.66190379,8,13.89244399,10.44030651,13.03840481,7.280109889,14.76482306,8.544003745,15.65247584,8.544003745,14.4222051,7.615773106
16.2788206,2.236067977,16.97056275,5.656854249,19.10497317,5,16.64331698,3.605551275,17.02938637,2,19.41648784,1.414213562,16.2788206,2.236067977,19.41648784,2.236067977,18.60107524,2.236067977,15.62049935,1.414213562,17.02938637,4.242640687,21.40093456,2.236067977,19.20937271,4.123105626,16.2788206,1.414213562,16.2788206,3,16.2788206,2,19.20937271,2,17.02938637,3,16.40121947,3.16227766,14.2126704,2.236067977,15.8113883,2.236067977,13.41640786,3.16227766,12.72792206,2.236067977,12.04159458,2.828427125,11.40175425,1,12.20655562,3.16227766
8.062257748,14.86606875,8.544003745,13.45362405,8.602325267,16.2788206,8.94427191,14.2126704,10.29563014,14.4222051,10.29563014,13.60147051,9.899494937,14.86606875,8.485281374,16.2788206,9.899494937,16.2788206,7.211102551,17.69180601,9.433981132,15.62049935,7.211102551,17,7.211102551,14.86606875,6.708203932,14.76482306,7.071067812,13.89244399,7.810249676,15,5.830951895,17,8.94427191,14.86606875,8.246211251,14.76482306,10.29563014,15.62049935,5.830951895,14.2126704,7.615773106,13.60147051,5.830951895,12.20655562,8.485281374,11.66190379,7.810249676,11.18033989,8.544003745,11.18033989
10.81665383,12.80624847,10.29563014,13.60147051,9.433981132,13.45362405,11.40175425,13.45362405,11.3137085,11.3137085,9.433981132,14.2126704,10.63014581,15.62049935,9.219544457,14.2126704,10.63014581,15.26433752,7.071067812,13.89244399,10.81665383,13.89244399,7.810249676,15.26433752,8.485281374,15.65247584,8.602325267,15.26433752,7.810249676,16.1245155,10.63014581,13.45362405,8.94427191,13.89244399,9.433981132,14.4222051,9.433981132,13.89244399,8.602325267,12.08304597,8.602325267,13.89244399,8.485281374,12.08304597,8.602325267,10.81665383,9.848857802,13.03840481,9.219544457,11.70469991,9.899494937,12.08304597
4,17.69180601,5.385164807,17.69180601,4.472135955,19.10497317,5,17.80449381,5.656854249,19.79898987,4.123105626,17.69180601,4.242640687,18.43908891,5.830951895,17.80449381,7.810249676,18.38477631,5.099019514,19.79898987,7.211102551,17.02938637,7.071067812,17.02938637,6.08276253,16.2788206,7.211102551,18.43908891,5.830951895,18.43908891,6.708203932,14.14213562,7.615773106,15.62049935,8.062257748,15.62049935,6.403124237,17.69180601,7.280109889,17.80449381,5,14.2126704,4.472135955,16.40121947,4.123105626,12.80624847,6.08276253,13.45362405,6.08276253,15.8113883,3,14.86606875
6.32455532,13.45362405,7.615773106,14.86606875,7.280109889,15.62049935,5.385164807,16.1245155,5.830951895,15.62049935,7.615773106,15,7.071067812,16.2788206,5.830951895,13.60147051,6.708203932,15.55634919,5.099019514,13.60147051,7.810249676,15.8113883,6.403124237,14.4222051,7.810249676,12.20655562,8.062257748,15.26433752,7.810249676,14.2126704,7.810249676,12.72792206,7.280109889,12.80624847,5.830951895,13.45362405,9.433981132,12.20655562,6.32455532,13.60147051,8.94427191,10.81665383,7.211102551,13.45362405,7.280109889,9.219544457,6.32455532,11.40175425,5.099019514,11.3137085,5,12.04159458
15.55634919,7.280109889,18.43908891,7.071067812,16.97056275,4.123105626,17.02938637,4.472135955,19.20937271,2.236067977,15.8113883,4.242640687,18.43908891,3.16227766,16.97056275,5.385164807,20,4.472135955,18.43908891,5.656854249,17.02938637,5,17.02938637,5,16.1245155,4.472135955,16.1245155,4.472135955,18.02775638,4,15.8113883,3.605551275,15.62049935,5.099019514,15,5.099019514,13.60147051,4.123105626,17.20465053,4.472135955,13.60147051,5.099019514,15.26433752,3,14.76482306,5,13.41640786,6.08276253,10.81665383,4.123105626,13.41640786,5.830951895
8.485281374,12.20655562,9.219544457,15,6.403124237,15.62049935,7.615773106,16.64331698,7.071067812,13.45362405,5.656854249,16.40121947,8.485281374,14.2126704,7.810249676,15.62049935,9.219544457,14.4222051,9.433981132,12.80624847,8.602325267,14.4222051,5.656854249,16.40121947,4.472135955,16.40121947,5.830951895,16.64331698,5,15.8113883,7.615773106,15.8113883,6.403124237,16.64331698,4.472135955,13.45362405,8.246211251,13.03840481,7.211102551,12.20655562,4.242640687,11.40175425,5.830951895,12.20655562,6.403124237,12.20655562,6.32455532,12.08304597,7.211102551,14.56021978,7.071067812,13.60147051
18.43908891,30,19.10497317,26.17250466,15.26433752,32.75667871,23.43074903,21.9317122,21.09502311,31.38470965,21.9317122,27.20294102,17.20465053,28.17800561,18.35755975,27.20294102,26.40075756,24,35.11409973,40.22437072,25.94224354,37.20215048,21.09502311,25.49509757,28.23118843,25.63201124,20.61552813,25.29822128,20.24845673,26.62705391,22.84731932,24.16609195,16.64331698,27.73084925,20.61552813,23.2594067,23.43074903,20.59126028,21.54065923,23.40939982,20.80865205,21.02379604,20.59126028,18.78829423,19.41648784,21.84032967,21.09502311,21.58703314,19.84943324,17.72004515,19.84943324,16.2788206
2,21.9317122,2,17.69180601,3.16227766,22.8035085,3.16227766,18.38477631,1,19.79898987,3,20.51828453,1,19.10497317,3,21.40093456,1,20.80865205,2.828427125,18.86796226,1,19.20937271,3.16227766,22.02271555,4.123105626,18.43908891,4.242640687,21.21320344,3.605551275,20,2.828427125,19.79898987,3.605551275,19.84943324,2.828427125,19.84943324,6.403124237,21.9317122,6.403124237,19.20937271,4.472135955,16.40121947,3.605551275,14.86606875,3.16227766,17.69180601,4.472135955,17.20465053,4,17.88854382,3.605551275,16.64331698
5.830951895,17.02938637,4.123105626,19.10497317,4.123105626,18.43908891,4.472135955,18.43908891,4.123105626,19.10497317,2,20.80865205,4.242640687,18.60107524,3.605551275,18.60107524,5.099019514,17.69180601,7.280109889,18.38477631,6.08276253,18.60107524,5,19.20937271,4.472135955,18.43908891,2.828427125,17.20465053,6,17.02938637,5.099019514,16.40121947,6.08276253,16.2788206,7,16.2788206,5.099019514,17.02938637,7,16.1245155,8.062257748,16.2788206,5,15.62049935,7.071067812,14.4222051,5.830951895,15.65247584,7.211102551,14.4222051,5.830951895,15.26433752
14.86606875,8.246211251,14.86606875,9.433981132,14.4222051,8.544003745,14.86606875,10.04987562,15.55634919,6.32455532,17.69180601,5.830951895,14.2126704,7.280109889,17.69180601,7.211102551,16.97056275,5.099019514,16.97056275,5.830951895,19.10497317,5,17.80449381,4.472135955,16.97056275,6.403124237,19.20937271,4.242640687,16.40121947,3.605551275,17.02938637,3.605551275,16.2788206,6.403124237,16.2788206,4.472135955,15,2.236067977,16.97056275,4.242640687,14.2126704,2.828427125,16.97056275,4.242640687,14.4222051,3.605551275,16.40121947,5,14.4222051,4.472135955,15,7.071067812
18.43908891,6,17.02938637,6.32455532,19.10497317,5.099019514,19.84943324,8.246211251,20.51828453,4,20,5,20,4.472135955,19.79898987,3.605551275,18.60107524,2,17.80449381,3,18.38477631,2.236067977,18.43908891,3.16227766,19.84943324,4.472135955,19.20937271,2.236067977,17.02938637,3.16227766,18.60107524,2.236067977,17.02938637,2,16.40121947,1,15.62049935,5.099019514,17.80449381,3,18.38477631,3.16227766,16.40121947,1.414213562,14.86606875,5.099019514,16.40121947,3.16227766,17.20465053,3.16227766,16.40121947,5.656854249
3.16227766,19.10497317,5.385164807,19.20937271,5.830951895,19.10497317,5.385164807,17.02938637,5,20,2.828427125,20.61552813,4.242640687,18.43908891,5.830951895,21.26029163,7.615773106,16.64331698,6.403124237,17.69180601,5.830951895,19.20937271,6.708203932,20.80865205,7.615773106,18.38477631,6.08276253,17.69180601,6,17.69180601,5.830951895,18.38477631,6.708203932,20.51828453,6.32455532,19.10497317,5.099019514,17.69180601,5.385164807,16.97056275,7,14.86606875,4.472135955,17.69180601,4.123105626,16.97056275,5.385164807,16.97056275,5,17.80449381,3,16.2788206
16.40121947,10,15.8113883,9.848857802,13.60147051,9.219544457,15,8.485281374,17.80449381,6.708203932,15.8113883,10,13.45362405,7.071067812,17.69180601,10.63014581,15.62049935,9.433981132,18.43908891,12.72792206,16.2788206,11.3137085,15.62049935,10.29563014,16.40121947,10.29563014,15.55634919,8.062257748,14.86606875,11.18033989,15,13.41640786,14.2126704,12.08304597,16.97056275,9.219544457,14.14213562,9.433981132,15,8.94427191,13.45362405,8.602325267,13.45362405,10.77032961,12.72792206,8.246211251,13.45362405,6.708203932,12.04159458,6.708203932,13.60147051,7.615773106
1,17.80449381,1,17.02938637,2,16.2788206,1,16.97056275,1,16.2788206,1,17.02938637,0,16.2788206,1.414213562,17.02938637,1,15,2.236067977,13.03840481,2.236067977,15,4.123105626,16.40121947,3.16227766,14.86606875,5.385164807,15.62049935,2.828427125,14.86606875,4.472135955,16.2788206,2.236067977,15.62049935,2.236067977,14.86606875,2.828427125,16.40121947,3.605551275,12.80624847,4.123105626,12.04159458,2,15.62049935,2.236067977,14.2126704,4.242640687,13.60147051,3.16227766,12.04159458,5.385164807,14.2126704
17.02938637,8.062257748,13.89244399,10,17.02938637,11.66190379,15.62049935,8.246211251,16.40121947,9.433981132,19.20937271,10.77032961,18.38477631,9.219544457,17.80449381,10.81665383,16.97056275,8.485281374,18.43908891,10.63014581,17.02938637,9.219544457,16.97056275,7.615773106,16.97056275,7.211102551,17.02938637,7.810249676,17.02938637,9.219544457,16.97056275,6.08276253,14.86606875,5.385164807,16.2788206,7.810249676,17.69180601,7.211102551,16.40121947,7.810249676,16.97056275,5.385164807,18.43908891,6.403124237,14.2126704,6.708203932,15.8113883,8.485281374,15.62049935,8.485281374,15.8113883,7.810249676
4.472135955,18.43908891,5.099019514,16.97056275,3.16227766,18.60107524,4.242640687,18.43908891,4.242640687,17.02938637,4.242640687,17.02938637,5.656854249,17.80449381,5,16.97056275,4.472135955,18.43908891,6.708203932,20.51828453,5.385164807,17.69180601,5,17.69180601,7.280109889,17.02938637,7,18.43908891,7.071067812,17.02938637,7.071067812,16.97056275,8.062257748,17.02938637,6.32455532,17.02938637,6.708203932,16.2788206,6.32455532,16.97056275,6,15.62049935,6.08276253,15.55634919,5.385164807,14.86606875,4,16.40121947,5,15.55634919,5,16.2788206
21.9317122,4.123105626,19.41648784,2.828427125,18.38477631,3,21.26029163,2.236067977,19.10497317,1,21.9317122,2,20.61552813,2.236067977,21.9317122,2.236067977,21.26029163,4.123105626,19.84943324,3.605551275,22.20360331,2.828427125,21.63330765,2.828427125,19.84943324,3.605551275,19.79898987,1.414213562,19.10497317,2.236067977,20.61552813,4.123105626,20.61552813,2.236067977,19.79898987,3,19.10497317,4.472135955,16.97056275,3,19.79898987,3.16227766,15.62049935,5.099019514,17.02938637,4,17.69180601,2.236067977,17.02938637,3,18.43908891,3
15,7.810249676,14.86606875,12.80624847,15,8.94427191,17.69180601,8.062257748,15.55634919,7.071067812,16.2788206,7.810249676,16.97056275,7.211102551,17.02938637,7.810249676,15,6.403124237,17.02938637,5,18.38477631,7.810249676,17.69180601,6.403124237,19.20937271,8.485281374,19.10497317,5.830951895,16.2788206,5,17.80449381,7.211102551,18.02775638,6.708203932,17.69180601,3,16.2788206,5.830951895,17.02938637,5.830951895,16.2788206,5.385164807,17.02938637,5,16.2788206,6.32455532,13.89244399,7.810249676,15.8113883,6.708203932,14.31782106,7.211102551
16.97056275,9.848857802,15.62049935,8.246211251,15.62049935,10.29563014,17.20465053,7.211102551,16.2788206,8.485281374,18.43908891,9.899494937,18.86796226,9.219544457,16.40121947,11.40175425,18.38477631,10,17.02938637,10,19.79898987,10.81665383,17.69180601,11.40175425,17.02938637,10,14.14213562,8.94427191,16.40121947,10,14.14213562,12.80624847,14.86606875,12.20655562,14.14213562,9.433981132,16.97056275,10.29563014,17.02938637,9.433981132,15,9.899494937,14.2126704,8.94427191,12.72792206,8.94427191,15.62049935,10.29563014,14.2126704,9.219544457,17.20465053,10.29563014
14.2126704,9.433981132,16.2788206,7.615773106,16.2788206,11.18033989,16.97056275,12.80624847,16.2788206,11.40175425,14.86606875,9.433981132,18.38477631,7.810249676,16.97056275,9.899494937,14.86606875,9.219544457,17.02938637,10.81665383,16.97056275,9.219544457,17.02938637,7.211102551,18.43908891,7.211102551,16.64331698,8.485281374,15.55634919,8.544003745,18.02775638,10,15.26433752,7.211102551,14.2126704,9.899494937,17.02938637,7.211102551,18.43908891,9.433981132,17.02938637,7.211102551,15.55634919,8.485281374,15.26433752,7.615773106,14.4222051,8.062257748,12.52996409,7.615773106,14.2126704,8.602325267
7.810249676,18.43908891,9.219544457,15.55634919,10,17.69180601,10.63014581,16.2788206,8.602325267,18.38477631,9.219544457,15.55634919,8.94427191,15.62049935,8.602325267,17.20465053,10.63014581,16.97056275,10.63014581,15.62049935,7.211102551,19.41648784,10.44030651,17.69180601,8.544003745,14.86606875,8.602325267,16.97056275,8.544003745,16.97056275,9.433981132,15.62049935,8.94427191,17.02938637,8.94427191,14.86606875,10.19803903,16.2788206,8.544003745,17.69180601,7.071067812,15,8.062257748,14.86606875,7.071067812,14.14213562,7,13.45362405,6,14.86606875,6.08276253,14.2126704
13.45362405,10.81665383,14.31782106,12.04159458,14.86606875,14.31782106,11.3137085,13.03840481,13.45362405,12.04159458,14.76482306,11.40175425,13.45362405,12.20655562,14.14213562,12.20655562,14.14213562,9.433981132,16.64331698,9.899494937,15.62049935,12.04159458,15.55634919,9.899494937,16.2788206,12.80624847,14.86606875,9.899494937,15.55634919,9.219544457,14.2126704,9.899494937,17.02938637,10.63014581,14.2126704,9.899494937,15,9.219544457,16.2788206,9.219544457,13.45362405,7.211102551,14.2126704,8.485281374,11.66190379,9.219544457,13.03840481,7.810249676,11.66190379,10.63014581,11.66190379,10.29563014
17.80449381,4.472135955,17.69180601,5,17.02938637,6.403124237,15.55634919,6.403124237,17.69180601,9.219544457,16.97056275,6.403124237,16.2788206,7.211102551,19.20937271,8.94427191,18.43908891,7.071067812,21.26029163,6.708203932,19.10497317,8.062257748,16.2788206,7.615773106,19.10497317,8.485281374,16.40121947,8.062257748,16.97056275,9.433981132,14.86606875,8.94427191,15.55634919,7.615773106,15.62049935,6.32455532,17.80449381,5.830951895,13.45362405,6.708203932,17.02938637,5.656854249,14.86606875,8.544003745,16.97056275,6.32455532,15.55634919,5.830951895,14.2126704,6.08276253,16.40121947,6.08276253
10,13.45362405,13.60147051,15.55634919,12.04159458,13.89244399,12.80624847,12.72792206,12.20655562,14.2126704,11.66190379,12.72792206,12.04159458,14.14213562,12.80624847,13.45362405,12.80624847,14.86606875,12.20655562,17.49285568,13.60147051,14.14213562,13.03840481,11.3137085,12.08304597,13.45362405,14.76482306,13.45362405,12.80624847,12.80624847,13,12.04159458,11.66190379,10.81665383,12.52996409,11.40175425,11.66190379,11.40175425,10.63014581,13.45362405,10,12.04159458,9.433981132,12.04159458,10.29563014,13.45362405,11.18033989,11.3137085,9.486832981,10.63014581,8.246211251,13.03840481
8.544003745,15,6.708203932,17.02938637,7,16.40121947,7.211102551,18.60107524,7.615773106,13.60147051,7.810249676,17.69180601,8.602325267,16.2788206,6.403124237,16.40121947,8.485281374,16.64331698,8.485281374,16.2788206,9.219544457,17.02938637,10,17.02938637,9.899494937,16.64331698,9.219544457,15.62049935,10,13.45362405,9.219544457,14.14213562,10.63014581,14.2126704,8.062257748,14.86606875,9.433981132,14.2126704,8.602325267,10.63014581,10.81665383,15.8113883,11.18033989,14.2126704,8.94427191,12.72792206,8.544003745,17.69180601,8.602325267,16.40121947,6.32455532,14.86606875
8.544003745,17.69180601,5.385164807,18.86796226,7.211102551,18.43908891,5,15,6.708203932,17.69180601,7.211102551,18.60107524,7.810249676,18.43908891,7.071067812,17.02938637,8.062257748,16.2788206,7.810249676,16.64331698,6.403124237,14.86606875,11.18033989,16.40121947,10.77032961,17.69180601,10.29563014,17.69180601,9.433981132,16.2788206,7.810249676,16.2788206,8.062257748,16.97056275,6.708203932,14.86606875,8.602325267,16.2788206,8.544003745,16.97056275,8.062257748,14.86606875,7.615773106,15.62049935,7.615773106,13.45362405,6.32455532,14.14213562,7.280109889,16.40121947,6,12.80624847
12.04159458,14.14213562,11.66190379,14.2126704,10.81665383,14.86606875,12.04159458,15.62049935,11.40175425,15,12.04159458,16.2788206,10.63014581,16.97056275,11.66190379,16.40121947,11.3137085,16.40121947,10.63014581,18.38477631,11.66190379,16.40121947,10.63014581,16.64331698,10.63014581,15.62049935,10.63014581,16.64331698,11.3137085,15.62049935,10,17.49285568,10.81665383,14.4222051,11.40175425,15.8113883,10.63014581,14.4222051,10,15.8113883,8.485281374,15.8113883,10,13.60147051,10.81665383,12.52996409,11.40175425,11.66190379,12.04159458,12.08304597,10.63014581,12.08304597
15.62049935,9.848857802,15.55634919,11.66190379,15,11.40175425,14.86606875,11.3137085,15.62049935,10.63014581,16.40121947,10.29563014,15.62049935,8.602325267,15.8113883,11.66190379,16.64331698,11.3137085,17.02938637,11.66190379,17.02938637,9.219544457,17.20465053,7.810249676,14.86606875,8.602325267,15.8113883,8.062257748,16.40121947,10,17.20465053,10.81665383,14.14213562,8.062257748,14.14213562,8.94427191,15.26433752,7.211102551,14.76482306,6.708203932,14.86606875,7.211102551,12.20655562,8.602325267,13.89244399,5.830951895,15.26433752,10.63014581,12.08304597,9.219544457,13.89244399,8.485281374
13.60147051,6.708203932,16.40121947,7.615773106,16.2788206,6.403124237,17.20465053,8.602325267,16.2788206,7.211102551,16.2788206,7.810249676,15.55634919,7.810249676,16.2788206,7.071067812,16.2788206,10.29563014,17.69180601,9.899494937,17.69180601,9.899494937,14.14213562,9.848857802,16.40121947,8.544003745,14.86606875,7.810249676,14.86606875,7.810249676,16.2788206,9.486832981,15.55634919,8.062257748,14.2126704,7.071067812,14.86606875,6.32455532,13.45362405,7.615773106,14.14213562,8.544003745,12.04159458,7.280109889,12.72792206,5.385164807,14.2126704,7.071067812,14.14213562,9.055385138,14.2126704,7.071067812
7.615773106,17.02938637,5.656854249,16.2788206,7.071067812,17.02938637,7.211102551,17.20465053,9.219544457,16.2788206,7.810249676,17.02938637,6.403124237,17.80449381,6.403124237,17.69180601,10,17.02938637,9.433981132,15.8113883,7.810249676,15.8113883,8.94427191,17.02938637,9.433981132,17.02938637,9.848857802,16.2788206,8.544003745,16.40121947,7.810249676,14.2126704,8.544003745,14.86606875,8.544003745,14.14213562,8.062257748,14.2126704,8.062257748,15.62049935,6.708203932,15.62049935,6.32455532,14.14213562,8.062257748,13.45362405,6.08276253,16.2788206,7.280109889,13.45362405,7.071067812,14.2126704
14.2126704,9.433981132,15,7.615773106,13.89244399,9.486832981,14.4222051,11.40175425,15.8113883,9.433981132,15.26433752,7.071067812,14.4222051,10,13.89244399,10,15.62049935,11.40175425,17.69180601,10.81665383,13.45362405,12.04159458,14.86606875,10.77032961,12.80624847,11.66190379,12.80624847,9.433981132,10.63014581,12.20655562,10.63014581,13.03840481,12.80624847,11.3137085,13.45362405,10,11.40175425,10.29563014,11.66190379,11.18033989,11.3137085,10.77032961,9.899494937,9.848857802,13.45362405,10.44030651,11.66190379,8.544003745,10.81665383,9.219544457,10.63014581,8.062257748
3.16227766,18.38477631,4,17.69180601,2.236067977,17.80449381,1.414213562,17.02938637,4.472135955,19.20937271,3,20,2,18.86796226,2.236067977,19.10497317,3.16227766,19.10497317,8.544003745,19.84943324,3.605551275,21.26029163,4.123105626,18.60107524,6.32455532,20,6.403124237,16.97056275,5.099019514,17.69180601,6.08276253,16.2788206,6,19.20937271,5.385164807,17.02938637,6.32455532,17.49285568,6.708203932,16.40121947,4.242640687,15.26433752,4.472135955,14.4222051,7.280109889,17.80449381,5,10.81665383,8.246211251,15.8113883,8,17.49285568
3.16227766,18.38477631,5.385164807,18.43908891,3.605551275,17.02938637,1,17.80449381,5.656854249,19.79898987,2.236067977,17.02938637,4.242640687,17.80449381,3.605551275,17.80449381,4.123105626,19.10497317,6.32455532,18.43908891,6.32455532,16.97056275,6.32455532,14.86606875,6.08276253,17.69180601,7,18.38477631,7.071067812,17.02938637,6,17.02938637,7.071067812,17.02938637,5,17.02938637,7,16.2788206,7.071067812,15,6,15.26433752,3.16227766,16.2788206,2,13.45362405,3,16.40121947,3.605551275,14.4222051,5,13.60147051
15.8113883,12.52996409,17.20465053,11.18033989,16.2788206,12.52996409,15.62049935,12.80624847,16.2788206,12.20655562,16.2788206,12.04159458,14.14213562,10.63014581,14.86606875,10.81665383,15.55634919,12.04159458,17.69180601,12.20655562,17.80449381,13.45362405,17.80449381,9.219544457,17.49285568,12.72792206,16.64331698,10.63014581,15.26433752,10.81665383,15.26433752,11.3137085,12.80624847,10.81665383,15.62049935,9.848857802,15.62049935,12.04159458,14.2126704,10.63014581,15.26433752,10.63014581,13.89244399,11.3137085,13.03840481,10.63014581,12.08304597,10.63014581,13.89244399,9.219544457,12.52996409,8.602325267
15,9.848857802,13.60147051,10,16.2788206,9.433981132,14.86606875,10.77032961,15.62049935,12.04159458,15.62049935,11.18033989,15.8113883,9.433981132,14.86606875,9.219544457,16.2788206,8.94427191,16.64331698,10,18.02775638,5.656854249,17.02938637,8.062257748,16.40121947,8.602325267,16.2788206,9.899494937,14.4222051,8.602325267,18.02775638,7.810249676,13.03840481,7.211102551,14.4222051,6.403124237,14.76482306,7.211102551,16.40121947,7.615773106,13.03840481,5.830951895,13.03840481,9.899494937,13.03840481,6.708203932,13.89244399,9.219544457,14.4222051,8.602325267,12.08304597,8.485281374
12.72792206,15.62049935,11.66190379,13.60147051,13.60147051,12.80624847,10.63014581,14.14213562,10.81665383,13.60147051,12.20655562,15,12.80624847,14.4222051,10.63014581,16.40121947,10.63014581,16.40121947,10.63014581,17.02938637,13.45362405,16.40121947,12.72792206,15.8113883,13.45362405,16.1245155,10.63014581,13.89244399,8.602325267,14.76482306,10.29563014,15.26433752,9.899494937,15,12.20655562,14.76482306,10.29563014,12.04159458,11.40175425,13.60147051,11.40175425,13.03840481,8.602325267,12.08304597,9.899494937,12.08304597,13.03840481,11.66190379,10,11.70469991,11.40175425,13.41640786
16.2788206,10,17.02938637,8.544003745,15.62049935,9.219544457,15.62049935,6.08276253,17.80449381,6.708203932,15.55634919,7.280109889,16.97056275,5,19.84943324,3.605551275,16.97056275,6.708203932,20.51828453,5.385164807,19.10497317,6.32455532,16.2788206,6.403124237,19.20937271,6.403124237,17.02938637,4.472135955,18.38477631,5,16.40121947,3.16227766,16.40121947,4.472135955,16.40121947,5,15.8113883,5.830951895,17.20465053,3.605551275,16.2788206,5,14.86606875,2.236067977,14.86606875,4.123105626,15,7.071067812,14.4222051,5.099019514,14.2126704,5.830951895
7.615773106,16.97056275,7.615773106,16.2788206,6.403124237,16.2788206,7.211102551,17.02938637,7.810249676,15.62049935,8.602325267,17.02938637,8.485281374,16.2788206,10.81665383,17.80449381,6.708203932,17.69180601,8.246211251,16.40121947,8.602325267,16.2788206,9.433981132,16.2788206,10.81665383,15.62049935,8.602325267,15.62049935,8.94427191,15.55634919,9.433981132,14.14213562,9.433981132,15.62049935,7.810249676,16.2788206,9.433981132,13.60147051,6.708203932,14.14213562,7.211102551,14.14213562,7.615773106,13.45362405,8.062257748,13.45362405,6.32455532,14.86606875,6.32455532,13.45362405,8.246211251,14.86606875
6.403124237,19.10497317,7.810249676,15.62049935,7.810249676,19.10497317,7.810249676,15,5.385164807,17.02938637,10.63014581,19.10497317,7.810249676,15.55634919,7.211102551,16.97056275,8.246211251,15.62049935,9.486832981,17.20465053,9.219544457,17.80449381,8.062257748,16.97056275,8.94427191,18.38477631,9.219544457,16.2788206,9.219544457,17.02938637,10.44030651,17.69180601,9.219544457,17.69180601,7.211102551,15.62049935,8.246211251,15.62049935,8.062257748,15.8113883,8.246211251,15.55634919,8.062257748,14.86606875,3.16227766,15.62049935,6.08276253,16.2788206,8.062257748,14.2126704,7.071067812,14.4222051
5,14.2126704,7.211102551,14.14213562,8.485281374,14.86606875,6.403124237,14.2126704,7.810249676,14.86606875,6.403124237,14.86606875,8.602325267,14.86606875,7.211102551,14.14213562,7.615773106,15,7.071067812,14.2126704,6.708203932,16.97056275,7.211102551,14.86606875,7.615773106,15.62049935,8.062257748,14.86606875,8.246211251,14.14213562,8.544003745,14.14213562,8.062257748,12.04159458,8.94427191,13.45362405,8.246211251,13.45362405,8.246211251,12.72792206,7.071067812,12.80624847,6.08276253,12.04159458,6.08276253,11.40175425,7,12.04159458,7.071067812,12.04159458,5,12.80624847
2.828427125,19.20937271,2,19.10497317,1,18.38477631,2,17.69180601,2,19.20937271,0,19.10497317,2.828427125,16.97056275,1.414213562,19.20937271,0,17.80449381,3.605551275,19.10497317,1,19.10497317,2,18.43908891,4,17.69180601,3,17.02938637,1.414213562,16.2788206,2,19.20937271,2,19.20937271,1,17.80449381,2.236067977,17.20465053,3.16227766,19.10497317,4.123105626,18.43908891,1.414213562,13.60147051,2,18.60107524,3.16227766,17.20465053,3.16227766,16.40121947,3.605551275,18.02775638
6.32455532,19.20937271,5.099019514,16.2788206,9.055385138,20.61552813,5.656854249,19.20937271,6.403124237,19.10497317,6.32455532,19.79898987,6.708203932,17.69180601,5,19.10497317,7.810249676,19.84943324,6.403124237,20.61552813,6.403124237,19.84943324,8.246211251,16.40121947,9.486832981,19.84943324,6.32455532,17.69180601,7.211102551,20.51828453,7.280109889,17.80449381,7.211102551,19.10497317,6.08276253,17.20465053,6.32455532,16.2788206,8.246211251,19.20937271,7.280109889,19.20937271,7.071067812,14.86606875,4.123105626,17.02938637,4,17.69180601,5,14.2126704,7,15.8113883
14.76482306,12.04159458,13.60147051,12.20655562,16.2788206,11.40175425,16.97056275,11.3137085,15.55634919,10.63014581,15.62049935,13.45362405,14.86606875,11.40175425,16.40121947,13.60147051,13.45362405,11.40175425,16.1245155,9.219544457,15,10.29563014,16.2788206,9.433981132,14.4222051,10,16.64331698,10.81665383,15,11.40175425,15.55634919,9.433981132,14.4222051,10.81665383,15.62049935,10.81665383,15.26433752,10,15.8113883,11.40175425,13.89244399,11.18033989,14.2126704,11.40175425,12.04159458,10.29563014,11.66190379,10.81665383,12.52996409,12.72792206,13,12.20655562
13.60147051,10.77032961,14.4222051,13.03840481,16.40121947,10.81665383,14.4222051,11.40175425,15,10.63014581,14.4222051,11.40175425,16.2788206,14.2126704,15.55634919,13.45362405,16.40121947,11.40175425,14.2126704,11.3137085,15.55634919,14.14213562,12.04159458,12.72792206,14.86606875,8.602325267,16.40121947,11.40175425,12.20655562,10.29563014,13.45362405,14.4222051,13.45362405,9.219544457,12.80624847,11.66190379,14.14213562,10,13.45362405,11.18033989,13.45362405,11.70469991,13.45362405,11.18033989,12.80624847,8.602325267,12.04159458,9.486832981,13.60147051,10.29563014,14.4222051,9.433981132
16.40121947,8.94427191,16.40121947,8.602325267,16.2788206,10,16.97056275,8.602325267,16.2788206,8.602325267,15.55634919,9.433981132,17.69180601,6.403124237,15.55634919,9.219544457,17.02938637,6.403124237,17.69180601,8.485281374,19.10497317,7.211102551,18.43908891,7.211102551,18.02775638,6.403124237,17.69180601,7.810249676,17.20465053,7.211102551,17.02938637,9.219544457,17.80449381,6.403124237,14.86606875,6.32455532,16.97056275,6.32455532,15.8113883,8.062257748,14.14213562,7.211102551,16.1245155,8.544003745,13.60147051,7.810249676,12.20655562,9.219544457,13.03840481,7.810249676,13.89244399,7.071067812
15.8113883,10,15.62049935,13.89244399,13.60147051,13.89244399,17.02938637,12.52996409,14.2126704,14.14213562,17.20465053,10,15.8113883,11.66190379,15.62049935,13.03840481,16.40121947,10.63014581,14.2126704,12.80624847,15.55634919,11.66190379,16.2788206,9.899494937,17.80449381,12.04159458,15.62049935,11.40175425,15.26433752,9.433981132,17.20465053,9.219544457,17.20465053,7.810249676,14.86606875,9.433981132,17.69180601,9.219544457,15,7.810249676,14.14213562,8.485281374,13.60147051,10.63014581,13.60147051,10,12.80624847,8.602325267,13.45362405,9.219544457,15.26433752,10.63014581
2.236067977,16.40121947,3,16.2788206,4.123105626,18.38477631,4,19.10497317,2.236067977,17.69180601,3,19.10497317,3.16227766,16.97056275,2,19.79898987,1,17.02938637,1.414213562,17.20465053,1.414213562,18.43908891,1.414213562,19.20937271,2.236067977,18.43908891,0,17.80449381,1.414213562,16.2788206,1.414213562,17.69180601,2,17.02938637,2.236067977,15.55634919,2,17.80449381,2.828427125,14.86606875,2,15.55634919,3.16227766,16.2788206,3,15.8113883,3,15.62049935,2.236067977,13.60147051,3.16227766,15.8113883
21.26029163,3,19.79898987,2.828427125,18.43908891,5.099019514,18.38477631,2.236067977,20.51828453,3.605551275,24.08318916,4.472135955,21.9317122,4.472135955,21.26029163,5.656854249,19.20937271,3.605551275,18.60107524,2.236067977,19.10497317,5,19.20937271,5.099019514,20.61552813,5,19.10497317,5,19.84943324,4.123105626,20.80865205,5.656854249,19.10497317,3.16227766,19.10497317,2.828427125,19.20937271,5.385164807,17.69180601,4.472135955,19.84943324,1.414213562,17.69180601,4.123105626,18.60107524,3,16.2788206,3.605551275,17.02938637,4.123105626,20,3.16227766
3,17.69180601,3.16227766,17.69180601,2.236067977,17.80449381,2.236067977,19.20937271,3.605551275,20.51828453,1,20.51828453,2.236067977,20.80865205,2.828427125,19.79898987,1,20.51828453,2,20,2.236067977,18.43908891,0,19.84943324,3.605551275,18.38477631,2,17.69180601,1.414213562,17.20465053,1.414213562,20.51828453,2.236067977,19.10497317,1.414213562,16.97056275,1.414213562,18.38477631,1,18.43908891,1.414213562,16.2788206,1.414213562,16.97056275,2.236067977,14.86606875,1.414213562,17.80449381,5.830951895,17.20465053,2.828427125,15.26433752
14.86606875,2,15.62049935,3.16227766,16.2788206,2,15.55634919,2,17.69180601,1.414213562,16.2788206,1,17.02938637,3.16227766,19.10497317,4.123105626,17.69180601,3.16227766,16.64331698,2,17.69180601,4.472135955,15.62049935,3.605551275,15.62049935,3.16227766,16.97056275,3.605551275,16.97056275,1,15.62049935,6.08276253,13.45362405,3.16227766,16.2788206,4.123105626,14.2126704,2,15,3.605551275,14.86606875,3.16227766,15,2.236067977,15.62049935,3.605551275,13.60147051,3.16227766,15,3.605551275,16.64331698,3.16227766
15.62049935,10.63014581,15.62049935,12.04159458,15.62049935,11.40175425,14.86606875,12.04159458,14.86606875,11.3137085,15.62049935,13.45362405,12.72792206,12.72792206,13.45362405,13.60147051,15.55634919,14.86606875,12.72792206,16.2788206,14.2126704,13.45362405,13.45362405,14.2126704,13.45362405,13.60147051,14.2126704,12.80624847,13.89244399,12.20655562,16.40121947,13.03840481,13.45362405,12.52996409,13.60147051,11.66190379,11.66190379,9.433981132,14.14213562,10.29563014,12.80624847,11.18033989,12.04159458,10.77032961,12.80624847,12.08304597,14.14213562,8.246211251,14.2126704,9.848857802,13.60147051,11.70469991
16.2788206,3.16227766,17.02938637,3,17.02938637,2.828427125,16.97056275,3.605551275,16.97056275,3.605551275,17.02938637,2.236067977,17.69180601,2.828427125,17.02938637,3.605551275,16.97056275,3.605551275,20.51828453,2.828427125,16.97056275,4.123105626,17.69180601,3.605551275,15.62049935,7,16.2788206,3,16.97056275,3,16.97056275,4.472135955,14.86606875,3.16227766,16.2788206,5,14.14213562,2,14.2126704,3.16227766,13.45362405,3,14.86606875,3.605551275,14.86606875,4.472135955,13.60147051,2.828427125,15,4.242640687,13.45362405,3.605551275
8.062257748,18.38477631,5.830951895,18.43908891,5,19.10497317,5.385164807,21.26029163,6.403124237,18.38477631,4.242640687,20,4.242640687,19.79898987,5,20.51828453,4.123105626,22.627417,3.16227766,21.9317122,4.472135955,21.21320344,7.071067812,20.51828453,4.123105626,21.40093456,5,20.51828453,3.16227766,19.10497317,6.708203932,18.43908891,3.605551275,18.38477631,5.385164807,19.10497317,4,18.38477631,5,17.02938637,6.32455532,17.69180601,7.211102551,17.80449381,5.099019514,17.69180601,8.062257748,18.02775638,4.123105626,15.8113883,5.385164807,17.20465053
13.45362405,9.219544457,12.72792206,8.602325267,13.03840481,10,14.2126704,10.29563014,13.45362405,7.810249676,13.45362405,11.3137085,15.62049935,10.81665383,13.45362405,9.219544457,12.80624847,10.63014581,11.66190379,8.062257748,12.04159458,10.63014581,12.72792206,9.899494937,12.72792206,10.81665383,11.40175425,10.63014581,14.14213562,11.40175425,12.80624847,12.20655562,12.72792206,10,12.72792206,10,9.219544457,8.602325267,12.04159458,10,12.04159458,8.602325267,12.04159458,7.810249676,12.72792206,8.602325267,12.04159458,8.94427191,12.72792206,8.544003745,12.04159458,8.94427191
4.123105626,15.55634919,4.123105626,17.02938637,4,15.62049935,5,17.69180601,3.605551275,17.69180601,5.830951895,16.97056275,5,19.10497317,4.242640687,19.20937271,5.385164807,15,5,15.8113883,5.656854249,17.02938637,5.830951895,17.02938637,7.071067812,18.38477631,7.071067812,17.69180601,6.708203932,17.69180601,5.656854249,15.55634919,6.708203932,15.55634919,5.385164807,15.55634919,5.830951895,16.97056275,5,17.69180601,5.830951895,16.2788206,6.32455532,15.55634919,5,14.86606875,6,15,6.08276253,14.86606875,4,16.40121947
14.2126704,10.81665383,14.86606875,15,13.89244399,16.40121947,12.20655562,14.86606875,15,15.8113883,12.80624847,13.89244399,12.72792206,15,16.2788206,12.72792206,15.55634919,13.45362405,16.97056275,14.14213562,15.62049935,12.80624847,14.86606875,13.45362405,14.2126704,11.40175425,16.2788206,12.04159458,13.45362405,13.45362405,15,12.72792206,17.80449381,10.81665383,13.60147051,10.81665383,13.45362405,10,15.62049935,10.63014581,13.60147051,12.80624847,13.60147051,11.40175425,12.20655562,10.63014581,14.14213562,10.81665383,15.65247584,8.602325267,13.89244399,10.63014581
3.16227766,20.51828453,3.605551275,18.43908891,4.123105626,16.97056275,2.236067977,20.51828453,2.236067977,20.51828453,3,19.84943324,3.605551275,19.79898987,3.16227766,19.10497317,2.236067977,19.10497317,2,20.61552813,3.16227766,21.26029163,4.123105626,19.84943324,3,19.10497317,4.123105626,19.10497317,5.099019514,19.10497317,3.605551275,19.10497317,3.605551275,16.2788206,1.414213562,18.38477631,3.605551275,17.69180601,4.472135955,17.69180601,1.414213562,16.97056275,3.605551275,16.97056275,2.236067977,14.86606875,2.236067977,15.62049935,4,15.55634919,3.16227766,18.02775638
16.97056275,3.16227766,18.43908891,0,17.69180601,2.236067977,16.1245155,3.16227766,15,3.16227766,16.40121947,5,15.62049935,4.242640687,16.2788206,2.828427125,14.86606875,3,14.86606875,2.828427125,16.2788206,4.123105626,15.8113883,4.472135955,15.62049935,5.385164807,14.14213562,5.099019514,15,5,16.40121947,3.605551275,14.86606875,4.123105626,14.2126704,5.099019514,14.2126704,2,17.69180601,3.605551275,14.14213562,4.242640687,12.04159458,4,16.40121947,2.236067977,14.86606875,1.414213562,15.62049935,2.236067977,17.80449381,5
15,11.40175425,17.02938637,12.04159458,17.02938637,13.45362405,17.20465053,12.04159458,17.80449381,13.45362405,15.8113883,12.72792206,14.86606875,12.20655562,14.86606875,12.04159458,17.69180601,10.81665383,17.69180601,14.2126704,18.38477631,11.18033989,16.97056275,11.40175425,17.20465053,10.81665383,15.62049935,11.18033989,16.40121947,11.40175425,17,8.94427191,12.80624847,10,13.45362405,11.70469991,16.40121947,10.63014581,15.62049935,10.63014581,15.55634919,9.848857802,12.80624847,13.03840481,11.66190379,10.81665383,12.52996409,14.86606875,13.03840481,10.63014581,14.4222051,9.899494937
4,16.2788206,2.236067977,16.2788206,2.236067977,16.2788206,1,15.62049935,1.414213562,16.2788206,0,17.69180601,1.414213562,16.2788206,0,15.62049935,1,16.97056275,1,18.43908891,1.414213562,18.43908891,1,16.97056275,2.236067977,17.20465053,2.236067977,19.20937271,4.472135955,16.2788206,2.236067977,15.55634919,4.123105626,16.40121947,1.414213562,16.2788206,2,15.55634919,2.828427125,14.2126704,2.828427125,17.80449381,3.605551275,14.14213562,2.828427125,14.2126704,2,12.80624847,2.236067977,13.60147051,4.123105626,13.60147051
15.62049935,5.385164807,15.62049935,3.605551275,16.40121947,5.830951895,14.86606875,5.830951895,14.86606875,4.472135955,16.2788206,6.403124237,13.45362405,6.708203932,16.2788206,8.062257748,13.45362405,7.615773106,16.40121947,6.08276253,18.43908891,7.211102551,16.2788206,7.615773106,15.62049935,6.708203932,16.2788206,7.615773106,14.2126704,7.071067812,13.60147051,7.071067812,14.2126704,7.071067812,14.86606875,6.08276253,15.62049935,7,14.86606875,6.32455532,13.45362405,5.099019514,14.14213562,4,14.14213562,7.280109889,12.80624847,3.605551275,14.2126704,5.385164807,14.86606875,5.099019514
36.12478374,5.830951895,36.12478374,5.656854249,35.38361203,5.656854249,35.4682957,5.656854249,33.9705755,6.403124237,34.6554469,6.708203932,34.6554469,6.32455532,34.6554469,7.280109889,36.12478374,8,37.64306045,8.062257748,39.05124838,9.055385138,40.60788101,9.055385138,41.23105626,10,40.45985665,10.04987562,39.69886648,11.18033989,39.69886648,10.19803903,39.05124838,11.40175425,36.87817783,11.18033989,36.23534186,11.18033989,34.20526275,11.04536102,34.82814953,11.18033989,34.05877273,10.44030651,32.64965543,11.18033989,33.30165161,9.219544457,32.64965543,8.062257748,31.89043744,8
26.90724809,3.605551275,29,2.828427125,28.28427125,4.242640687,30.47950131,2.236067977,28.31960452,1.414213562,28.31960452,2.828427125,30.41381265,2.236067977,31.11269837,4.472135955,29.69848481,0,26.2488095,2.236067977,30.47950131,2.236067977,28.42534081,4.472135955,28.28427125,4.123105626,28.28427125,4.123105626,27.58622845,4.123105626,29.69848481,4.472135955,27.58622845,4.472135955,26.17250466,6.08276253,26.17250466,4.123105626,26.17250466,5,24.75883681,4.123105626,24.8394847,3.605551275,21.9317122,2.236067977,26.2488095,5,26.2488095,5.385164807,25,2.828427125
19.79898987,3,19.10497317,2,19.79898987,2,20.61552813,2.828427125,21.9317122,3,20.61552813,4.472135955,20.61552813,4.472135955,21.21320344,2.828427125,24.04163056,5,20.51828453,5.385164807,20.51828453,4.472135955,19.79898987,5,19.84943324,4.123105626,20.51828453,6.08276253,20.51828453,3,19.10497317,6.08276253,19.79898987,3.605551275,20.51828453,4,19.20937271,4,21.26029163,6,18.43908891,4.123105626,16.2788206,5.099019514,17.69180601,1.414213562,17.80449381,4.472135955,19.10497317,6.08276253,17.69180601,3.16227766
2,18.43908891,3,16.97056275,2,18.38477631,2.828427125,17.20465053,3,20,2.828427125,21.26029163,3.605551275,21.26029163,2.236067977,19.10497317,3.16227766,19.10497317,4.123105626,21.9317122,3,20.51828453,2.236067977,16.97056275,2.236067977,17.69180601,2.828427125,16.2788206,4.472135955,19.10497317,2.828427125,17.69180601,2,16.97056275,4.472135955,17.69180601,1,17.69180601,2,18.02775638,2.828427125,18.43908891,2.236067977,16.40121947,2.236067977,17.20465053,3.16227766,14.4222051,3.605551275,14.14213562,3,16.2788206
5,19.79898987,7.211102551,19.79898987,7.615773106,19.20937271,6.403124237,19.84943324,6.708203932,20.51828453,6.403124237,19.79898987,5.656854249,19.10497317,5,19.10497317,7.211102551,17.69180601,5,16.97056275,8.062257748,19.79898987,5.385164807,19.10497317,7.280109889,19.10497317,8.544003745,19.79898987,5.385164807,17.80449381,5.099019514,21.21320344,6.32455532,18.43908891,4.123105626,19.10497317,7.280109889,18.38477631,6.32455532,16.40121947,4.472135955,16.2788206,3.16227766,17.20465053,5.099019514,18.43908891,4,16.97056275,7.280109889,17.69180601,5.385164807,18.02775638
19.10497317,4.123105626,18.43908891,4.242640687,17.02938637,3,17.02938637,5.099019514,18.38477631,5.656854249,17.69180601,4.472135955,18.43908891,6.32455532,19.84943324,4.472135955,19.84943324,6.32455532,17.69180601,6.403124237,20.51828453,7.211102551,16.97056275,7.211102551,16.2788206,6.32455532,15.62049935,6.08276253,16.97056275,8.062257748,18.38477631,7.211102551,16.2788206,4.472135955,17.69180601,5.385164807,16.2788206,6.708203932,16.97056275,5.099019514,16.97056275,4.123105626,15.55634919,4,16.2788206,5.385164807,17.80449381,5,17.69180601,5.385164807,17.69180601,4.123105626
15.26433752,12.80624847,13.03840481,12.80624847,14.2126704,12.04159458,14.86606875,12.20655562,15.8113883,12.80624847,14.86606875,12.04159458,14.2126704,9.899494937,16.97056275,11.3137085,16.2788206,10.63014581,14.86606875,10,14.4222051,11.3137085,15.62049935,11.3137085,16.2788206,12.04159458,14.2126704,13.45362405,16.2788206,12.04159458,17.02938637,9.219544457,13.03840481,10.63014581,16.2788206,9.433981132,15.62049935,11.40175425,15.62049935,10.63014581,15.26433752,9.899494937,15.8113883,11.40175425,14.76482306,11.66190379,13.03840481,12.72792206,12.20655562,12.04159458,12.52996409,12.04159458
7.615773106,30.41381265,6,30.41381265,5.099019514,33.24154028,4.123105626,31.82766093,5,31.144823,5.099019514,31.11269837,6.08276253,31.11269837,7.280109889,32.55764119,5.830951895,31.144823,7.615773106,31.2409987,7.071067812,32.55764119,5,31.89043744,6.708203932,30.47950131,6.708203932,31.82766093,7.211102551,29.73213749,7.810249676,30.47950131,7.810249676,29.73213749,6.708203932,27.58622845,6.403124237,31.11269837,7.071067812,29,6.32455532,28.31960452,6.32455532,27.58622845,4.472135955,26.2488095,5.099019514,28.31960452,3.16227766,28.60069929,6.08276253,28.42534081
16.40121947,9.848857802,15.62049935,10,17.02938637,12.20655562,15,10.29563014,17.02938637,11.18033989,17.02938637,11.66190379,13.45362405,8.94427191,16.97056275,10.63014581,16.97056275,9.219544457,17.69180601,10.63014581,17.69180601,10.63014581,17.02938637,10,17.80449381,7.810249676,17.80449381,9.219544457,16.2788206,8.602325267,16.2788206,9.899494937,16.2788206,8.602325267,17.02938637,8.485281374,15.62049935,7.071067812,14.2126704,8.485281374,14.14213562,8.602325267,16.2788206,8.485281374,15.55634919,9.219544457,14.2126704,9.219544457,15,8.602325267,15.8113883,8.602325267
7.211102551,18.43908891,6.403124237,17.02938637,9.219544457,18.38477631,5.656854249,18.43908891,7.071067812,19.10497317,7.211102551,19.84943324,9.433981132,19.10497317,7.211102551,19.79898987,5,18.43908891,7.810249676,19.79898987,7.810249676,19.84943324,5,19.41648784,6.32455532,17.69180601,8.062257748,16.2788206,7.211102551,19.10497317,8.246211251,19.10497317,7.211102551,18.38477631,6.08276253,17.69180601,8.246211251,17.69180601,8.246211251,17.20465053,5.830951895,15,9.219544457,17.69180601,8.544003745,16.1245155,10.77032961,16.2788206,8.062257748,15,6.403124237,16.1245155
1.414213562,19.10497317,3.16227766,19.10497317,3.16227766,19.20937271,2.236067977,18.43908891,1.414213562,19.10497317,3.16227766,19.10497317,4.123105626,20.51828453,2.236067977,18.43908891,3.16227766,19.79898987,2,20.51828453,3,18.38477631,3.605551275,19.10497317,3.16227766,18.43908891,2.828427125,18.60107524,3,19.10497317,3.16227766,18.38477631,4.472135955,19.10497317,3.605551275,18.43908891,3,18.43908891,2.236067977,18.43908891,2.236067977,16.2788206,3.605551275,18.38477631,2.236067977,17.80449381,2.236067977,17.80449381,1,18.02775638,2.236067977,17.02938637
10.29563014,17.80449381,8.94427191,16.97056275,9.848857802,17.02938637,10,14.86606875,11.40175425,16.64331698,11.40175425,14.86606875,10.29563014,16.2788206,10.63014581,15.55634919,12.04159458,15.62049935,12.72792206,16.97056275,12.04159458,16.2788206,13.45362405,15,11.3137085,16.2788206,11.40175425,13.45362405,10.63014581,14.14213562,9.899494937,12.72792206,10.63014581,14.14213562,12.52996409,13.45362405,10,14.86606875,11.40175425,14.86606875,9.899494937,13.45362405,7.810249676,14.2126704,9.899494937,12.72792206,8.602325267,13.45362405,9.433981132,14.2126704,8.062257748,12.80624847
13.45362405,15,14.2126704,13.45362405,11.40175425,14.86606875,13.03840481,14.86606875,13.45362405,14.86606875,11.66190379,16.2788206,13.60147051,16.97056275,12.04159458,17.02938637,12.80624847,14.2126704,10.63014581,13.60147051,13.45362405,16.64331698,12.04159458,16.40121947,12.04159458,16.2788206,12.04159458,17.02938637,12.04159458,16.40121947,10.63014581,15.62049935,10.81665383,15.62049935,11.40175425,15.62049935,11.40175425,15.62049935,12.52996409,14.86606875,11.3137085,14.2126704,10.81665383,15.8113883,9.433981132,14.2126704,10.63014581,12.20655562,10.63014581,12.52996409,11.3137085,12.52996409
9.899494937,17.69180601,9.433981132,14.14213562,7.810249676,17.02938637,10,19.10497317,12.04159458,16.64331698,11.40175425,16.2788206,12.04159458,16.40121947,13.45362405,17.69180601,13.45362405,16.40121947,11.3137085,17.80449381,12.04159458,14.86606875,10,17.69180601,13.03840481,14.86606875,10.29563014,15.55634919,11.18033989,14.14213562,10,14.86606875,11.66190379,13.45362405,9.219544457,10.63014581,10.81665383,14.86606875,10.29563014,14.2126704,8.485281374,14.14213562,8.94427191,15.26433752,8.246211251,13.45362405,8.544003745,14.2126704,8.062257748,13.45362405,6.403124237,14.2126704
19.79898987,3,19.10497317,3,19.84943324,3,19.20937271,4.472135955,19.10497317,3,17.80449381,3.605551275,17.80449381,4.472135955,19.10497317,5.099019514,19.84943324,5.830951895,21.9317122,5,19.20937271,4.472135955,19.10497317,4.472135955,19.79898987,6.08276253,19.10497317,5.385164807,17.69180601,6.708203932,19.10497317,7.280109889,19.10497317,5.099019514,17.69180601,4.123105626,16.2788206,4.123105626,16.2788206,5.099019514,15.62049935,3.605551275,16.40121947,5.385164807,15,3.16227766,17.69180601,3,16.40121947,3.16227766,17.20465053,5.830951895
18.38477631,6.708203932,18.43908891,5.385164807,18.38477631,6.32455532,18.38477631,6.32455532,20,7.211102551,20.61552813,4.242640687,18.43908891,7.211102551,17.80449381,7.211102551,20,7.071067812,19.79898987,6.32455532,18.43908891,9.219544457,19.84943324,9.219544457,17.80449381,7.211102551,17.69180601,9.433981132,15.62049935,8.602325267,16.97056275,8.602325267,14.86606875,6.708203932,16.2788206,8.94427191,15.55634919,8.602325267,15.55634919,8.94427191,16.2788206,8.062257748,15.62049935,10.29563014,14.86606875,6.708203932,16.2788206,6.32455532,16.2788206,6.08276253,16.2788206,6
19.10497317,3.16227766,16.97056275,6.403124237,20.51828453,4.472135955,19.10497317,5,17.69180601,4.242640687,18.43908891,5.830951895,18.38477631,5,17.02938637,5,18.60107524,6.708203932,15.62049935,5.830951895,18.43908891,5,18.43908891,5.830951895,17.69180601,7,19.20937271,4.472135955,17.69180601,4.472135955,17.69180601,6.708203932,16.97056275,4.472135955,17.02938637,5.099019514,15,4.123105626,16.97056275,4,17.69180601,4.472135955,15.62049935,4.123105626,14.2126704,5,16.2788206,5.099019514,15.55634919,3.16227766,16.40121947,3.16227766
19.10497317,3,19.20937271,2.236067977,19.10497317,4.123105626,21.26029163,2.828427125,21.21320344,4.242640687,19.84943324,4.472135955,17.69180601,5,20.51828453,3.16227766,18.43908891,5.830951895,20.51828453,3.605551275,20.61552813,5.099019514,18.43908891,5,20.61552813,7.071067812,19.10497317,4.123105626,18.43908891,6.08276253,18.43908891,6.32455532,17.69180601,6.08276253,18.43908891,4.123105626,16.97056275,3.16227766,17.69180601,3,14.2126704,5.099019514,17.20465053,3,17.80449381,3,17.80449381,4.123105626,15.55634919,4.123105626,17.80449381,5
6.708203932,21.21320344,8.062257748,19.41648784,7.071067812,19.79898987,7.211102551,21.40093456,7.810249676,18.43908891,8.544003745,18.38477631,7.071067812,21.21320344,6.708203932,21.26029163,6.32455532,20.61552813,7.280109889,22.627417,6.403124237,21.26029163,9.486832981,18.38477631,9.848857802,17.69180601,10.19803903,18.38477631,8.062257748,19.84943324,9.219544457,19.10497317,8.94427191,19.10497317,4.472135955,18.43908891,7.615773106,16.97056275,7.280109889,17.69180601,8.062257748,19.10497317,6,16.2788206,4,17.80449381,5.099019514,16.2788206,6,15.55634919,7,17.02938637
15,11.66190379,16.40121947,14.86606875,16.40121947,12.20655562,14.86606875,13.45362405,16.97056275,13.45362405,16.97056275,11.40175425,18.38477631,12.80624847,17.02938637,11.3137085,18.43908891,9.433981132,17.02938637,8.94427191,18.02775638,11.40175425,17.02938637,11.40175425,16.2788206,10.29563014,17.80449381,10.63014581,15,9.899494937,16.97056275,9.433981132,15.62049935,10.63014581,16.64331698,11.40175425,15,10,17.20465053,10.63014581,13.60147051,10.81665383,14.4222051,10,15,10.29563014,16.1245155,12.80624847,12.52996409,12.20655562,12.52996409,10.29563014
15,14.2126704,12.80624847,12.80624847,12.80624847,14.14213562,12.80624847,15.62049935,13.45362405,15.62049935,14.2126704,14.14213562,10.81665383,13.45362405,12.04159458,14.86606875,10.63014581,16.97056275,13.45362405,19.10497317,12.04159458,15.62049935,11.3137085,15.8113883,10.63014581,14.86606875,10.81665383,14.4222051,11.3137085,14.86606875,11.3137085,14.4222051,9.899494937,13.60147051,11.40175425,15,10,14.2126704,10.63014581,16.40121947,11.3137085,13.89244399,8.602325267,13.89244399,9.219544457,14.4222051,11.40175425,12.52996409,12.20655562,13.89244399,12.04159458,13.03840481
14.2126704,11.3137085,15,11.40175425,15.62049935,13.45362405,19.10497317,11.40175425,17.69180601,11.66190379,18.38477631,10.63014581,15,9.899494937,19.10497317,11.40175425,16.2788206,10.63014581,16.40121947,8.485281374,18.43908891,8.602325267,17.49285568,9.433981132,14.86606875,11.40175425,17.80449381,9.219544457,15.55634919,12.04159458,17.02938637,7.810249676,15.62049935,9.848857802,17.02938637,10.29563014,15.8113883,10.63014581,15,8.485281374,16.40121947,9.848857802,15.23154621,9.899494937,13.03840481,10.81665383,13.03840481,12.04159458,14.4222051,11.40175425,13.60147051,10.63014581
4,19.10497317,5.099019514,19.79898987,6.08276253,20.51828453,5,20,3.605551275,22.20360331,5,19.79898987,2.236067977,19.79898987,4.472135955,18.43908891,5.385164807,18.43908891,6.403124237,17.69180601,7.071067812,19.10497317,3.605551275,20.51828453,5,20.80865205,4,18.38477631,5.830951895,19.20937271,6.708203932,17.69180601,5.830951895,16.97056275,4.242640687,19.10497317,5,17.80449381,6.32455532,18.43908891,5,18.60107524,5.830951895,17.80449381,5.385164807,17.02938637,4.472135955,16.40121947,4.123105626,17.20465053,4.123105626,16.40121947
14.4222051,12.72792206,15,12.80624847,16.40121947,15,15,13.89244399,16.2788206,10.63014581,15.55634919,12.72792206,16.97056275,12.20655562,17.02938637,12.20655562,16.97056275,12.04159458,14.31782106,13.45362405,17.80449381,12.04159458,17.20465053,12.80624847,16.40121947,11.40175425,17.02938637,10.63014581,14.2126704,10.63014581,17.20465053,10,16.64331698,10.63014581,16.2788206,10.81665383,15,10.63014581,14.2126704,11.3137085,13.60147051,9.219544457,14.4222051,12.72792206,14.86606875,10.81665383,15.65247584,12.72792206,13.41640786,9.899494937,13.89244399,13.45362405
8.602325267,17.02938637,11.18033989,19.20937271,8.602325267,18.43908891,7.211102551,19.84943324,7.810249676,17.69180601,9.433981132,19.79898987,7.211102551,18.38477631,7.810249676,17.69180601,9.433981132,19.10497317,8.94427191,19.79898987,8.602325267,18.43908891,8.062257748,19.41648784,5.830951895,17.20465053,3.605551275,17.80449381,5.385164807,18.02775638,5.830951895,18.43908891,4.472135955,15.8113883,4.472135955,15.62049935,5.830951895,16.64331698,5.385164807,15.8113883,7.211102551,16.2788206,5.656854249,15.26433752,5.385164807,16.1245155,7.071067812,16.64331698,7.211102551,15,7.615773106,13.03840481
18.43908891,10.77032961,19.20937271,10.29563014,19.79898987,8.94427191,19.20937271,9.219544457,19.79898987,8.602325267,17.69180601,7.810249676,17.69180601,10,20.51828453,10,21.26029163,8.602325267,19.41648784,11.18033989,19.10497317,8.062257748,17.02938637,7.810249676,18.02775638,5.385164807,18.43908891,5.385164807,16.40121947,7.615773106,17.69180601,6.32455532,18.43908891,9.219544457,15.55634919,8.602325267,17.20465053,7.615773106,18.60107524,10.63014581,14.86606875,9.848857802,14.4222051,9.433981132,13.89244399,8.485281374,15.8113883,10.29563014,15.65247584,8.062257748,14.31782106,7.615773106
10,15.62049935,14.14213562,17.02938637,14.86606875,16.2788206,16.2788206,15.62049935,15.8113883,17.02938637,14.2126704,14.14213562,16.40121947,14.14213562,16.40121947,17.02938637,16.40121947,13.45362405,15.62049935,16.97056275,16.64331698,14.86606875,14.31782106,14.14213562,16.64331698,14.86606875,14.76482306,14.86606875,15,14.2126704,15.62049935,12.20655562,13.89244399,16.40121947,13.89244399,14.4222051,13.89244399,14.2126704,12.08304597,14.2126704,12.20655562,13.45362405,9.848857802,14.14213562,10.29563014,14.2126704,11.70469991,15.55634919,11.70469991,15.55634919,11.70469991,14.86606875
23.85372088,17.11724277,29.73213749,18.38477631,25.8069758,12.52996409,24.8394847,16.1245155,23.85372088,16.2788206,28.3019434,17.4642492,26.62705391,14.4222051,29.83286778,21.1896201,27.80287755,13.89244399,25.23885893,21.02379604,30.47950131,19.84943324,20.24845673,23.2594067,23.34523506,19.72308292,23.43074903,18.02775638,17.49285568,20.80865205,22.47220505,18.86796226,24.69817807,15.55634919,27.01851217,18.60107524,23.60084744,17.20465053,24.75883681,18.43908891,19.84943324,18.38477631,20.61552813,13.03840481,20.80865205,13.03840481,21.40093456,11.40175425,18.38477631,13.60147051,28.01785145,13.45362405
14.4222051,14.2126704,13.45362405,13.45362405,13.45362405,16.64331698,18.43908891,14.2126704,18.43908891,13.45362405,16.40121947,15.62049935,15.62049935,13.60147051,14.86606875,13.45362405,16.2788206,14.2126704,17.69180601,13.45362405,17.49285568,12.80624847,15.8113883,12.80624847,15,13.45362405,17.20465053,13.45362405,14.4222051,14.14213562,15.26433752,13.89244399,14.4222051,11.66190379,15.62049935,14.86606875,14.2126704,14.86606875,15.26433752,15.62049935,14.4222051,13.45362405,15.65247584,14.4222051,10.63014581,11.40175425,11.66190379,13.60147051,15.65247584,15.62049935,12.08304597,13.03840481
14.86606875,7.615773106,15.62049935,7.615773106,15.62049935,7.615773106,16.40121947,8.485281374,15,6.708203932,15.8113883,8.602325267,15,9.433981132,15.62049935,9.219544457,15,8.602325267,14.2126704,7.810249676,14.14213562,8.485281374,15.8113883,9.433981132,14.86606875,8.602325267,14.86606875,8.602325267,12.04159458,10,15,9.433981132,14.86606875,10.81665383,14.86606875,7.810249676,14.86606875,9.219544457,13.45362405,8.062257748,13.45362405,9.219544457,14.86606875,7.071067812,12.72792206,5.830951895,14.86606875,5.830951895,16.2788206,7.211102551,15.62049935,8.062257748
9.848857802,17.02938637,7.615773106,18.02775638,9.433981132,17.02938637,8.062257748,18.38477631,5.830951895,17.80449381,10,18.43908891,7.810249676,18.38477631,5.656854249,18.38477631,7.810249676,18.38477631,7.211102551,19.10497317,8.485281374,20.51828453,7.810249676,19.20937271,5,19.10497317,7.211102551,20,6.403124237,19.10497317,8.062257748,19.10497317,5.656854249,15.62049935,5.830951895,17.69180601,3.605551275,18.02775638,7.615773106,17.80449381,6.403124237,17.69180601,6.403124237,17.69180601,5.656854249,17.69180601,5.830951895,14.86606875,4.472135955,17.02938637,7.810249676,17.69180601
6.08276253,16.97056275,5.099019514,19.79898987,6.08276253,18.43908891,6.08276253,18.38477631,4.472135955,17.69180601,4.472135955,19.84943324,5.830951895,18.60107524,5.656854249,18.38477631,9.219544457,17.80449381,7.615773106,17.20465053,7.211102551,18.43908891,6.403124237,17.69180601,7.071067812,19.84943324,7.810249676,17.69180601,6.708203932,17.69180601,5.656854249,17.02938637,5,16.97056275,5,16.40121947,5.830951895,18.38477631,6.403124237,17.69180601,6.403124237,19.10497317,4.472135955,17.69180601,5.385164807,18.38477631,6.32455532,16.2788206,6.32455532,16.2788206,5.830951895,17.02938637
16.97056275,3.605551275,17.69180601,3.605551275,19.84943324,6.08276253,20.51828453,3.16227766,19.84943324,3,19.84943324,4.472135955,17.80449381,4.472135955,20.24845673,5,20.51828453,6,20.61552813,5.830951895,19.84943324,5,19.84943324,5.656854249,19.84943324,3.605551275,18.43908891,3.605551275,18.43908891,4.242640687,19.10497317,5.830951895,18.60107524,6.708203932,18.43908891,5.385164807,19.79898987,4.242640687,16.40121947,5.656854249,19.10497317,7.071067812,17.69180601,3.16227766,15.62049935,4.242640687,16.2788206,4.242640687,16.97056275,5.385164807,17.02938637,4.123105626
10.81665383,15,8.062257748,13.03840481,5,16.40121947,8.94427191,15.62049935,5.656854249,14.2126704,8.94427191,15.8113883,7.280109889,17.02938637,8.94427191,17.69180601,7.615773106,15.55634919,7.810249676,14.2126704,6.403124237,17.02938637,6.403124237,15.62049935,5.830951895,19.79898987,5,16.97056275,6.403124237,14.86606875,7.211102551,15.62049935,7.211102551,16.40121947,6.403124237,14.2126704,5.385164807,16.2788206,5.385164807,17.02938637,8.602325267,14.86606875,4.472135955,16.40121947,8.602325267,14.86606875,8.485281374,16.2788206,7.211102551,14.86606875,8.602325267,17.02938637
21.9317122,3,21.21320344,2,20.51828453,2.236067977,19.10497317,2,22.627417,1.414213562,21.9317122,4.123105626,21.26029163,1.414213562,23.43074903,1,22.02271555,2,21.26029163,2,22.8035085,2.236067977,21.40093456,3.16227766,20.80865205,1.414213562,22.02271555,3.16227766,20.61552813,3.605551275,20.61552813,3.16227766,20,6.403124237,21.26029163,2.828427125,20.61552813,5,18.02775638,1.414213562,17.69180601,2.828427125,18.43908891,2.828427125,16.40121947,5.385164807,17.20465053,4.123105626,17.49285568,3.16227766,17.20465053,6.32455532
17.80449381,15.65247584,16.1245155,13.89244399,14.86606875,18.02775638,17.02938637,14.86606875,13.45362405,13.45362405,15.55634919,12.08304597,16.40121947,11.70469991,17.80449381,12.20655562,17.69180601,12.72792206,19.84943324,11.3137085,17.20465053,13.03840481,16.97056275,11.40175425,17,12.04159458,15.8113883,11.66190379,15.62049935,10,15.8113883,9.433981132,18.86796226,9.899494937,17.88854382,10.81665383,14.4222051,12.72792206,13.89244399,12.04159458,13.03840481,12.04159458,13.89244399,12.04159458,15,10.63014581,13.41640786,11.3137085,13.92838828,11.3137085,13.89244399,10.63014581
20.51828453,11.3137085,19.10497317,10,19.72308292,8.485281374,19.10497317,12.04159458,19.10497317,11.3137085,20,10,18.60107524,9.433981132,18.60107524,11.40175425,18.86796226,11.18033989,16.64331698,10.77032961,19.79898987,11.66190379,15,12.36931688,16.2788206,10.29563014,18.38477631,13.60147051,18.43908891,12.08304597,16.2788206,10.44030651,14.86606875,10.77032961,17.02938637,12.36931688,17.69180601,8.94427191,19.79898987,9.486832981,16.2788206,10.77032961,15,9.055385138,17.02938637,10.19803903,16.2788206,8,14.2126704,7,18.60107524,9
11.66190379,16.97056275,10.81665383,19.10497317,10.81665383,19.10497317,12.04159458,19.10497317,12.52996409,20.61552813,12.04159458,18.38477631,10,18.43908891,9.899494937,18.43908891,10,20,9.219544457,20.61552813,10.63014581,19.41648784,10,19.41648784,10,20.80865205,6.708203932,18.43908891,9.848857802,18.02775638,10.63014581,17.20465053,8.602325267,18.02775638,8.062257748,17.20465053,9.433981132,15.8113883,7.211102551,15.62049935,7.615773106,15.8113883,8.94427191,16.1245155,10,13.41640786,10,15.26433752,11.18033989,15.23154621,10.29563014,15.23154621
60.14149982,20,61.55485359,33.06055051,61.07372594,27.89265136,67.2086304,17.80449381,65.4369926,12.08304597,63.63961031,15.13274595,58.72818744,31.38470965,60.87692502,8,52.49761899,17.4642492,50.15974482,17.02938637,60.14149982,19.6977156,55.4436651,32.55764119,53.81449619,32.31098884,55.4436651,32.24903099,52.80151513,29.83286778,55.21775077,40.60788101,52.80151513,16.15549442,43.60045871,0,49.04079934,19.23538406,54.3783045,14.76482306,53.33854141,8.94427191,54.67174773,14.03566885,42.20189569,13.92838828,57.68882041,25.61249695,53.25410782,25.05992817,45.607017,26.2488095
4,21.9317122,5,21.09502311,3.16227766,19.10497317,6.32455532,21.26029163,5.830951895,22.20360331,4.472135955,24.20743687,5,20.61552813,5.830951895,21.9317122,4.242640687,20.61552813,5.385164807,21.9317122,7.280109889,19.10497317,6.403124237,19.84943324,9.433981132,19.20937271,7.615773106,19.10497317,5.385164807,19.10497317,4,18.60107524,6.708203932,18.43908891,5.385164807,19.41648784,3,19.79898987,7.071067812,17.20465053,6,20.61552813,6,18.02775638,3.605551275,17.20465053,6,17.69180601,6.32455532,19.41648784,4.123105626,15.62049935
19.23538406,29.83286778,18.86796226,31.144823,20.80865205,29.69848481,18.60107524,31.11269837,16.40121947,31.82766093,17.80449381,30.41381265,17.80449381,31.144823,17.80449381,30.41381265,15.55634919,30.41381265,15,29.83286778,15.8113883,34.82814953,16.2788206,32.01562119,15.55634919,32.01562119,14.2126704,30.23243292,14.14213562,30.61045573,14.86606875,30.61045573,13.60147051,28.8444102,12.80624847,28.42534081,13.45362405,28.31960452,14.4222051,28.60069929,14.86606875,27.01851217,13.60147051,26.92582404,15,25.23885893,15.55634919,25.55386468,17.20465053,24.59674775,15.62049935,22.82542442
19.79898987,5,18.43908891,7.280109889,18.43908891,6.08276253,17.80449381,5.099019514,19.84943324,4.472135955,19.79898987,5,18.38477631,4,20.51828453,5.099019514,21.21320344,3.16227766,21.9317122,3.16227766,24.20743687,2.828427125,19.41648784,1,19.10497317,3.605551275,20.51828453,5.099019514,19.84943324,3.605551275,19.84943324,3,20,2,18.60107524,2.236067977,19.10497317,2.828427125,18.60107524,4.123105626,19.10497317,1.414213562,15.62049935,3.16227766,14.4222051,3,17.02938637,3.16227766,14.31782106,4,18.35755975,5.099019514
4.472135955,20.61552813,6.32455532,20.61552813,5.656854249,19.84943324,6.403124237,21.9317122,6.403124237,23.43074903,8.602325267,19.84943324,6.708203932,21.9317122,8.062257748,20.51828453,7.615773106,18.43908891,8,21.9317122,7.071067812,21.26029163,9.848857802,21.26029163,8.062257748,18.43908891,8.544003745,19.10497317,7.071067812,19.10497317,9.219544457,19.79898987,8.062257748,19.84943324,7.071067812,20.51828453,5.099019514,17.80449381,6.08276253,18.43908891,7.071067812,18.38477631,6,18.60107524,5.385164807,16.2788206,7,18.43908891,8.246211251,18.43908891,5.385164807,17.69180601
3.16227766,19.10497317,4.123105626,20.51828453,2.236067977,22.627417,1.414213562,21.21320344,3.16227766,18.43908891,2.236067977,21.9317122,1,19.79898987,1,22.20360331,1.414213562,20.61552813,3.605551275,17.02938637,0,23.34523506,3.16227766,19.84943324,3.16227766,18.43908891,3,19.10497317,2.236067977,17.80449381,4.123105626,17.80449381,1.414213562,20.61552813,1.414213562,15.55634919,1,20,3.16227766,17.80449381,4.242640687,18.38477631,4.472135955,16.40121947,5,17,2.236067977,17.02938637,2.236067977,17.20465053,5.385164807,17.20465053
9.848857802,18.43908891,9.433981132,16.40121947,7.810249676,18.43908891,6.708203932,17.80449381,7.280109889,19.79898987,5,18.38477631,7.211102551,19.79898987,5.830951895,19.20937271,5.385164807,21.26029163,6.32455532,22.627417,5,20.61552813,5.656854249,19.20937271,5.385164807,19.20937271,5.099019514,18.60107524,5.830951895,19.41648784,7.211102551,17.20465053,4.242640687,17.02938637,6.708203932,18.02775638,6.403124237,18.43908891,5.385164807,18.02775638,5,16.40121947,3.605551275,15.8113883,6.403124237,15.62049935,5.385164807,18.35755975,5.385164807,15.26433752,6.708203932,14.4222051
10.29563014,16.40121947,9.219544457,15.55634919,11.18033989,17.69180601,10.29563014,19.20937271,7.615773106,17.69180601,11.18033989,16.97056275,10.81665383,19.79898987,10,17.69180601,7.810249676,18.60107524,10.63014581,17.02938637,10,18.43908891,9.433981132,19.84943324,8.602325267,17.02938637,9.219544457,19.20937271,8.602325267,15.8113883,8.544003745,17.49285568,8.062257748,16.2788206,9.433981132,17.20465053,7.810249676,15.8113883,6.32455532,14.86606875,9.219544457,16.1245155,6.708203932,14.86606875,9.219544457,15.8113883,10,16.40121947,9.486832981,15.23154621,10,16.1245155
3.16227766,16.2788206,5.099019514,17.69180601,3,19.84943324,3.605551275,16.2788206,1.414213562,16.2788206,4.472135955,17.02938637,4.123105626,16.97056275,3,19.41648784,2.828427125,18.43908891,2.236067977,17.69180601,2,17.80449381,1,19.10497317,1,17.80449381,1,17.02938637,1.414213562,19.10497317,2,17.49285568,1,16.2788206,1,17.69180601,1.414213562,16.40121947,2.236067977,17.02938637,2.236067977,17.02938637,2,16.40121947,1,16.2788206,2.828427125,14.4222051,3.16227766,16.40121947,3,15
10.29563014,20.51828453,9.899494937,23.34523506,7.615773106,19.20937271,7.810249676,22.02271555,7.810249676,19.79898987,7.211102551,19.84943324,7.071067812,20.51828453,7.071067812,21.26029163,7.615773106,21.21320344,10.44030651,19.84943324,8.062257748,20,9.219544457,20.61552813,6.708203932,19.84943324,8.062257748,19.41648784,6.708203932,20.61552813,8.062257748,21.40093456,7.071067812,20.24845673,7.615773106,19.41648784,8.94427191,19.20937271,8.94427191,16.40121947,10.19803903,16.64331698,7.280109889,16.64331698,9.433981132,17.88854382,10.77032961,17.20465053,9.433981132,17.88854382,10.44030651,17
13.89244399,16.2788206,12.80624847,16.2788206,13.03840481,18.43908891,11.3137085,16.2788206,13.03840481,16.97056275,10.81665383,16.2788206,13.60147051,19.20937271,12.20655562,16.97056275,13.45362405,15.55634919,9.433981132,18.43908891,12.04159458,19.20937271,12.04159458,19.84943324,10,18.35755975,10,16.40121947,10.63014581,16.40121947,11.3137085,18.02775638,9.899494937,15.8113883,11.18033989,14.2126704,8.602325267,15,8.485281374,16.40121947,9.219544457,15.8113883,10,15,7.810249676,11.66190379,11.3137085,14.86606875,9.899494937,15.26433752,10.63014581,13.03840481
13.34166406,17.20465053,7.810249676,15.8113883,12.20655562,17.02938637,14.14213562,16.2788206,16.40121947,15.26433752,10,15.8113883,11.3137085,14.2126704,9.848857802,13.45362405,15.55634919,17.02938637,12.72792206,18.43908891,16.40121947,12.80624847,10.29563014,14.86606875,14.4222051,14.14213562,12.20655562,12.04159458,8.602325267,13.45362405,14.4222051,11.40175425,14.14213562,14.2126704,10.63014581,14.2126704,13.03840481,10.63014581,12.04159458,14.86606875,11.40175425,12.72792206,9.899494937,12.80624847,8.94427191,14.14213562,10,13.45362405,11.18033989,13.03840481,7.071067812,14.2126704
17.80449381,11.18033989,19.84943324,13.03840481,18.43908891,10,17.69180601,10.81665383,19.10497317,10,18.38477631,9.433981132,19.10497317,7.810249676,20.51828453,9.433981132,20.51828453,7.615773106,20.51828453,8.602325267,21.26029163,9.219544457,19.10497317,9.899494937,19.84943324,7.810249676,20,10.63014581,20.51828453,6.403124237,19.84943324,7.810249676,20,8.485281374,17.02938637,7.071067812,19.20937271,7.810249676,16.40121947,8.062257748,18.86796226,5.830951895,18.35755975,8.485281374,17.20465053,7.810249676,17.80449381,9.899494937,17.20465053,8.602325267,16.40121947,7.810249676
1.414213562,19.79898987,1.414213562,19.84943324,1,20.51828453,1.414213562,19.20937271,1,19.10497317,1.414213562,19.10497317,1,19.84943324,2.236067977,19.10497317,2,18.43908891,2.236067977,16.97056275,3.605551275,19.10497317,2,19.10497317,3,19.10497317,4.123105626,17.69180601,4.123105626,18.43908891,2.236067977,17.02938637,3,17.69180601,3.605551275,16.97056275,3.16227766,19.10497317,3,16.2788206,2.828427125,16.40121947,2.236067977,16.40121947,3.605551275,15.55634919,3.605551275,17.80449381,3.16227766,15.62049935,2.828427125,17.80449381
