23.32380758,5,22.47220505,5.099019514,22.20360331,5.385164807,21.63330765,4.242640687,23.32380758,5.830951895,22.47220505,6.403124237,23.85372088,5.099019514,21.09502311,5.830951895,20.24845673,6.32455532,19.41648784,7.071067812,20.24845673,7.280109889,20.59126028,6,19.72308292,7,20.24845673,7,18.60107524,7.071067812,18.86796226,8.062257748,17.49285568,8.062257748,18.02775638,7.071067812,16.64331698,7.280109889,18.02775638,8.246211251,17.20465053,7.211102551,15.26433752,8.062257748,15.26433752,7.211102551,14.4222051,7.211102551,15,9.219544457,17.20465053,8.062257748
10.63014581,17.49285568,12.72792206,17.20465053,12.80624847,16.1245155,13.03840481,16.1245155,13.03840481,16.64331698,12.52996409,15.8113883,13,15,13,15.26433752,13.92838828,14.86606875,12.16552506,14.86606875,13.34166406,14.86606875,12.08304597,13.60147051,12.36931688,14.2126704,12.36931688,14.14213562,12.64911064,13.45362405,10.19803903,12.04159458,12.16552506,12.04159458,11.04536102,12.20655562,11.04536102,12.04159458,10,11.40175425,10,13.45362405,10.19803903,12.04159458,9.055385138,12.04159458,10.04987562,12.80624847,7.615773106,13.45362405,10.77032961,12.20655562
10,20.59126028,10.63014581,21.09502311,12.04159458,18.86796226,10,18.86796226,11.40175425,19.72308292,11.66190379,19.72308292,12.20655562,18.02775638,11.66190379,18.02775638,11.70469991,16.64331698,12.16552506,18.86796226,11.40175425,18.02775638,12.36931688,18.02775638,11.40175425,17.49285568,12.16552506,17.80449381,11.40175425,15.26433752,11.40175425,14.86606875,12.04159458,13.60147051,11.04536102,14.86606875,11.04536102,14.86606875,12.04159458,14.4222051,11,13.45362405,10.19803903,13.60147051,9.219544457,14.86606875,8.94427191,14.2126704,8.94427191,13.60147051,8.062257748,12.72792206
3.605551275,23.02172887,5,23.85372088,1.414213562,24.41311123,1,22.47220505,2.236067977,23.02172887,2.236067977,24.41311123,2,23.85372088,2,21.63330765,4,22.47220505,3.605551275,20.80865205,4.242640687,21.09502311,3.605551275,21.09502311,4.123105626,20.59126028,4.123105626,21.47091055,5.830951895,20.24845673,5.830951895,20.24845673,5.385164807,19.41648784,4.472135955,17.49285568,6.403124237,17.49285568,5.656854249,17.20465053,9.219544457,17,7.810249676,17.88854382,6.32455532,16.55294536,8.94427191,16.1245155,8.246211251,16.1245155,9.486832981,16.1245155
7.810249676,22.82542442,9.899494937,21.02379604,10.81665383,21.63330765,10.29563014,21.63330765,10.29563014,18.60107524,10.29563014,21.47091055,11.70469991,20.24845673,12.08304597,20.80865205,11.18033989,18.86796226,10.77032961,16.64331698,11.04536102,18.02775638,10.19803903,18.60107524,9.219544457,17.02938637,10.04987562,19.20937271,11,17.20465053,11.04536102,15.62049935,9.055385138,15.8113883,9.055385138,16.2788206,10.19803903,17.02938637,11.40175425,16.40121947,9.486832981,15.62049935,10.77032961,15.62049935,9.433981132,15.62049935,8.485281374,14.2126704,10.63014581,15.8113883,9.219544457,14.86606875
18.43908891,15.23154621,17.20465053,15.23154621,18.02775638,16.55294536,19.41648784,14.31782106,18.60107524,13.89244399,18.60107524,13.89244399,19.23538406,12.52996409,18.35755975,11.66190379,18.60107524,12.20655562,17.88854382,12.04159458,17.88854382,11.3137085,18.38477631,11.40175425,17.4642492,12.04159458,17.4642492,10.63014581,16.55294536,10.63014581,15.23154621,10,16.15549442,10,15.23154621,10.81665383,14.86606875,9.899494937,14.86606875,10.81665383,13.34166406,10.63014581,12.36931688,11.18033989,15.29705854,10.77032961,13.15294644,12.52996409,12.04159458,12.08304597,12,12.52996409
16.2788206,9,17.20465053,9.486832981,16.64331698,8,18.60107524,8,18.60107524,7.280109889,16.64331698,6.708203932,17,6.08276253,17.80449381,5.385164807,17.20465053,5,18.60107524,6.403124237,18.02775638,5,17,4.472135955,18.86796226,5,16.1245155,5,17.88854382,5,17,3.605551275,16.1245155,5.656854249,13.41640786,4.472135955,14.76482306,3.16227766,14.31782106,5.099019514,13.41640786,4.472135955,13.41640786,5.385164807,13,6.08276253,13,7.071067812,13.92838828,7.280109889,11.70469991,7.280109889
23.02172887,3.605551275,24.41311123,3.16227766,22.47220505,2.236067977,22.47220505,2,23.60084744,1.414213562,22.82542442,2,22.47220505,2.236067977,23.85372088,3,22.82542442,4,20.1246118,3,21.9544984,5,20.59126028,5,19.72308292,5,20.80865205,4.472135955,21.09502311,4.123105626,19.23538406,4.472135955,20.59126028,5.385164807,19.23538406,4.472135955,19.72308292,4.242640687,16.1245155,5.656854249,17.49285568,5.656854249,15.65247584,7.211102551,16.1245155,6.403124237,14.76482306,8.94427191,15.26433752,8.246211251,16.1245155,9.486832981
9.486832981,20.61552813,7.615773106,21.09502311,5.385164807,21.09502311,5.830951895,22.47220505,7.211102551,20,5.830951895,20.59126028,4.242640687,21.09502311,6.403124237,19.72308292,5.830951895,19.72308292,5.830951895,18.38477631,6.403124237,19.6977156,5.830951895,18.78829423,5.830951895,18.78829423,5.830951895,18.78829423,5.385164807,19.6977156,7.071067812,19.31320792,6,16.76305461,7.071067812,15.5241747,7.280109889,17.08800749,8,15.5241747,8.062257748,15.8113883,9,13.60147051,8.544003745,13.34166406,8.544003745,14.31782106,8.062257748,15.29705854,11.40175425,14.03566885
17,17.20465053,16.15549442,15.8113883,14.76482306,17.80449381,15.26433752,16.64331698,13.89244399,16.64331698,13.03840481,17.49285568,13.89244399,17.49285568,12.80624847,16.55294536,12.20655562,17,10.63014581,16.64331698,12.04159458,17.08800749,10.63014581,17.08800749,10.63014581,16.15549442,11.40175425,15.23154621,9.899494937,15.8113883,10.63014581,15.29705854,11.40175425,15.29705854,11.40175425,13.34166406,12.04159458,14.31782106,11.40175425,14,11.40175425,12,11.66190379,12.16552506,11.40175425,13.03840481,11.66190379,13.03840481,11.18033989,12.04159458,13.03840481,12.04159458
21.63330765,3.605551275,21.09502311,4.123105626,20.80865205,3,23.32380758,2.828427125,20.80865205,2.236067977,21.09502311,0,20.59126028,1,21.09502311,1,19.72308292,1.414213562,19.23538406,2.236067977,19.72308292,2.236067977,18.86796226,2.236067977,18.02775638,2.828427125,17.49285568,2.828427125,17.88854382,2.828427125,17.49285568,3.605551275,17.08800749,5.656854249,14.76482306,5,15.65247584,4.242640687,14.76482306,6.403124237,16.55294536,4.123105626,14.31782106,5.385164807,13.41640786,6.32455532,14.31782106,7.615773106,13,6.08276253,14.31782106,8.246211251
15.62049935,15.23154621,17.80449381,15.23154621,18.43908891,16.15549442,17.02938637,13.89244399,18.86796226,15.26433752,18.02775638,14.76482306,17.49285568,13.03840481,18.86796226,13.03840481,18.78829423,10.81665383,18.86796226,12.20655562,17.88854382,11.40175425,17.4642492,11.40175425,18.38477631,10.63014581,17.4642492,11.40175425,17.4642492,11.3137085,17.08800749,9.899494937,17.08800749,10,13.92838828,9.899494937,14.56021978,9.219544457,14.56021978,11.40175425,15.5241747,9.899494937,12.36931688,11.66190379,13.34166406,10.81665383,13.03840481,12.20655562,12,12.20655562,11.18033989,10.81665383
12.04159458,18.78829423,14.14213562,18.86796226,14.86606875,17.49285568,15,18.35755975,14.76482306,17.49285568,14.76482306,17.20465053,15.26433752,16.1245155,15.65247584,16.40121947,15.26433752,15,16.55294536,15.62049935,14.76482306,15.62049935,14.31782106,14.2126704,16.55294536,13.60147051,13.89244399,13.60147051,14.56021978,14.14213562,15.29705854,12.04159458,13.34166406,14.2126704,13.34166406,11.3137085,15.29705854,13.45362405,12.36931688,12.72792206,13.03840481,12.04159458,14,14.86606875,12.16552506,12.80624847,12.36931688,14.2126704,11.18033989,12.20655562,11.18033989,13.45362405
21.9544984,7.615773106,20.24845673,6.403124237,20.59126028,7.211102551,20.24845673,6.403124237,21.09502311,8.485281374,19.23538406,8.062257748,21.09502311,7.810249676,18.86796226,10.63014581,18.78829423,9.486832981,18.02775638,8.062257748,17.49285568,8.544003745,18.60107524,10.77032961,17.20465053,9.219544457,15,8.062257748,17.20465053,10.04987562,16.1245155,8.062257748,15.62049935,9.055385138,15.8113883,8.062257748,15.62049935,8,15,8.062257748,13.60147051,7.615773106,15,8.246211251,14.2126704,7.615773106,13.60147051,9.433981132,15,8.485281374,15.62049935,7.810249676
28.8444102,18.43908891,29.15475947,20.51828453,28.8444102,21.26029163,28.3019434,21.09502311,27.45906044,19.41648784,28.01785145,20.80865205,26.62705391,21.47091055,26.62705391,20.59126028,24.20743687,21.9317122,25,20.59126028,25,21.47091055,25,20.61552813,23.43074903,21.1896201,23.43074903,19.31320792,22.02271555,18.02775638,21.9317122,21.84032967,21.9317122,20.61552813,20.51828453,16.4924225,20.51828453,17.2626765,19.84943324,17,19.84943324,16,20.51828453,17,19.79898987,14.14213562,22.627417,15.29705854,21.21320344,14.56021978,21.9317122,15.8113883
16.55294536,14.2126704,16.15549442,13.60147051,14.76482306,14.86606875,13.41640786,15.8113883,16.1245155,15.8113883,14.76482306,15.26433752,13.03840481,17.49285568,12.52996409,16.1245155,14.4222051,15.23154621,12.04159458,13.60147051,13.60147051,16.55294536,11.40175425,13.92838828,12.04159458,15.23154621,11.3137085,15.23154621,11.40175425,14.86606875,9.899494937,14.56021978,11.40175425,13.60147051,10.63014581,13.34166406,10,11.70469991,10,12.04159458,11.40175425,12.04159458,10.81665383,12.04159458,11.40175425,10,10.81665383,10.19803903,10.81665383,10.44030651,11.66190379,11.18033989
11.18033989,17.80449381,8.94427191,18.60107524,10.29563014,18.60107524,9.433981132,19.72308292,8.062257748,18.02775638,8.94427191,19.72308292,8.062257748,18.35755975,8.602325267,18.60107524,7.810249676,19.23538406,8.602325267,17.4642492,7.810249676,19.23538406,7.071067812,17.4642492,6.403124237,17,5,16.1245155,7.211102551,16.55294536,6.708203932,16.55294536,6.708203932,16.15549442,8.062257748,15.23154621,8.062257748,14.86606875,8.544003745,14.56021978,7.615773106,13.34166406,7.615773106,14.31782106,8.544003745,13.15294644,9.486832981,12.16552506,9.486832981,13.15294644,11.18033989,12.16552506
15.8113883,14.14213562,16.1245155,15.62049935,16.1245155,13.45362405,16.55294536,15.26433752,15.23154621,13.89244399,15.26433752,13.89244399,13.89244399,16.1245155,12.20655562,15.23154621,14.2126704,16.64331698,15.55634919,14.31782106,14.86606875,17,12.04159458,13.60147051,12.80624847,13.92838828,12.04159458,13.41640786,12.80624847,15.65247584,12.04159458,14.86606875,11.3137085,13.34166406,11.3137085,11.70469991,11.3137085,12.16552506,10,13.15294644,12.04159458,11.40175425,10.63014581,11,12.04159458,12,10,11.18033989,12.04159458,10.04987562,12.80624847,10.04987562
15.62049935,13.41640786,15,13.03840481,15.8113883,13,15.8113883,12.52996409,15.8113883,11.66190379,15.26433752,13.03840481,14.76482306,10.81665383,15.65247584,10.81665383,16.1245155,11.40175425,15.26433752,10.63014581,15.65247584,11.3137085,15.65247584,10,16.15549442,9.219544457,15.23154621,10.63014581,14.31782106,10,13.92838828,9.433981132,14.31782106,9.433981132,11.70469991,10,13.34166406,10,12.16552506,10,11.40175425,10.29563014,14.14213562,11.66190379,10.04987562,9.433981132,11.04536102,11.40175425,12,10.29563014,11,12.08304597
17.20465053,7.211102551,18.02775638,7.810249676,18.86796226,8.062257748,16.1245155,7.810249676,17.49285568,8.485281374,17.20465053,10,17,10,15.8113883,8.94427191,16.1245155,9.219544457,15.62049935,11.40175425,15,12.20655562,15,9.486832981,15,8.544003745,15,9.486832981,14.4222051,9.848857802,14.14213562,8.246211251,13.45362405,8.062257748,13.45362405,8.544003745,14.14213562,9.055385138,12.04159458,7.071067812,14.2126704,7,12.04159458,6.08276253,13.45362405,8.246211251,13.45362405,6.32455532,12.04159458,7.280109889,12.72792206,8.062257748
17.69180601,8.062257748,19.20937271,8.062257748,19.20937271,5,18.60107524,7.211102551,18.60107524,5.830951895,19.41648784,4.242640687,20.61552813,3.605551275,18.86796226,3.605551275,18.35755975,4.242640687,17.80449381,5.099019514,18.02775638,4.472135955,17.49285568,4,18.02775638,4.472135955,15.8113883,3.605551275,14.4222051,3.605551275,15.8113883,4,16.1245155,5.385164807,14.2126704,5.099019514,15.65247584,4.123105626,14.31782106,6.08276253,14.31782106,5,15.65247584,6.08276253,13.41640786,6.32455532,13.92838828,8.062257748,14.86606875,7.280109889,12.08304597,8.062257748
17.49285568,17.69180601,17.88854382,17.69180601,17.49285568,19.10497317,17.88854382,19.20937271,14.76482306,18.43908891,15.8113883,18.60107524,15.65247584,18.60107524,15.8113883,18.02775638,15.8113883,18.86796226,15.55634919,16.40121947,15,18.86796226,14.14213562,18.86796226,13.45362405,18.35755975,13.45362405,18.86796226,12.04159458,17.88854382,13.45362405,17.88854382,11.3137085,17.88854382,12.72792206,17.88854382,12.80624847,16.15549442,12.80624847,14.76482306,12.80624847,14.86606875,12.20655562,14.86606875,14.2126704,13.60147051,12.52996409,13.92838828,14.4222051,13.60147051,16.40121947,13.34166406
17.80449381,10.29563014,19.20937271,9.848857802,19.41648784,8.94427191,20,8.94427191,20.24845673,10,19.20937271,7.211102551,19.72308292,8.602325267,18.86796226,7.810249676,20.24845673,6.403124237,19.41648784,7.211102551,20.24845673,8.485281374,19.72308292,7.211102551,18.78829423,7.211102551,17.88854382,7.615773106,18.35755975,7.211102551,16.55294536,6.403124237,15.8113883,8.062257748,13.41640786,8.062257748,15.23154621,7.615773106,16.15549442,7.615773106,14.56021978,8.062257748,12.64911064,8.544003745,13.34166406,10.77032961,13.34166406,10.44030651,13.34166406,9.848857802,12.16552506,9.848857802
12.04159458,19.23538406,12.04159458,19.41648784,13.45362405,19.72308292,14.2126704,18.86796226,13.03840481,18.35755975,13.45362405,18.86796226,13.60147051,17.20465053,13.60147051,17.20465053,14.2126704,15.8113883,15.26433752,15.8113883,14.4222051,17.20465053,14.76482306,16.40121947,14.31782106,16.40121947,12.64911064,16.2788206,13.92838828,13.60147051,13,14.2126704,13.60147051,13.45362405,11.40175425,13.45362405,12.36931688,14.14213562,12.16552506,13.45362405,11.18033989,13.45362405,12,14.14213562,9,13.45362405,11,14.14213562,10.04987562,14.14213562,9.219544457,14.86606875
40.49691346,45.22167622,42.72001873,41.62931659,42.57933771,41.14608122,39.20459157,56.8594759,44.94441011,35.22782991,35.4682957,41.88078318,31.78049716,42.01190308,35.51056181,33.54101966,33.30165161,41.77319715,38.94868419,32.75667871,30.87069808,47.70744177,28.31960452,53.36665626,30.52867504,34.05877273,22.20360331,41.59326869,20.22374842,35.51056181,23.08679276,69.89277502,34.05877273,41.0487515,31.82766093,21.9317122,23.34523506,40.22437072,26.40075756,34.43835072,23.34523506,27.58622845,18.97366596,26.2488095,18.78829423,26.07680962,36.40054945,35.0142828,27.73084925,46.17358552,28.7923601,47.85394446
14.2126704,9.486832981,15.62049935,8.94427191,16.40121947,8.602325267,16.64331698,8.602325267,16.40121947,8.062257748,16.40121947,8.602325267,16.1245155,7.071067812,15.8113883,7.071067812,16.1245155,6.403124237,14.76482306,7.810249676,13.89244399,7.810249676,13.89244399,7.211102551,14.4222051,7.071067812,13.03840481,7.810249676,13.60147051,6.403124237,14.76482306,5.830951895,15.26433752,8.062257748,12.52996409,8.062257748,13.41640786,6.708203932,13,7.615773106,11.66190379,7.615773106,12.08304597,8.062257748,12.08304597,8.246211251,11.70469991,9.486832981,10.44030651,9.486832981,10.77032961,9.486832981
13,17.69180601,13.41640786,17.69180601,10.81665383,18.60107524,10.29563014,19.20937271,10,19.72308292,8.062257748,19.41648784,9.219544457,18.86796226,10,18.86796226,8.602325267,20,8.602325267,18.60107524,9.219544457,18.02775638,8.485281374,17.49285568,8.485281374,18.02775638,8.602325267,16.64331698,8.602325267,15.8113883,8.602325267,17.88854382,8.485281374,17.49285568,9.433981132,15.26433752,7.810249676,17,7.615773106,17,9.433981132,13.41640786,10.29563014,14.31782106,9.848857802,13,9.486832981,13.92838828,10.29563014,13.60147051,10.81665383,12.64911064
7.280109889,20.24845673,7.615773106,20.24845673,8.602325267,22.20360331,5,20,7.810249676,19.41648784,9.219544457,23.02172887,10.81665383,20.24845673,8.602325267,20.61552813,10.29563014,20,9.433981132,22.20360331,7.280109889,20.51828453,8.246211251,17.80449381,8.544003745,17.80449381,9.055385138,18.60107524,8.246211251,18.43908891,6.08276253,17.69180601,8.246211251,17.02938637,7.071067812,17.20465053,6,16.64331698,7.071067812,16.2788206,7.071067812,15,7.615773106,15.55634919,5.830951895,14.2126704,9.486832981,15.62049935,7.810249676,15.26433752,7.615773106,14.86606875
19.84943324,11.70469991,18.86796226,11.18033989,20,11.66190379,20,9.219544457,20.61552813,10.81665383,19.41648784,8.602325267,21.09502311,9.219544457,21.09502311,9.219544457,19.23538406,7.810249676,19.23538406,9.219544457,18.38477631,8.602325267,18.78829423,7.810249676,19.23538406,7.810249676,18.86796226,7.810249676,18.38477631,7.071067812,17,7.615773106,17,8.94427191,17,7.280109889,17.08800749,6.32455532,15.8113883,8.246211251,14.86606875,8.94427191,14.56021978,9.486832981,12.36931688,8.544003745,13.15294644,8.94427191,12.36931688,10.29563014,12.36931688,9.848857802
16.97056275,13.92838828,18.43908891,15,18.60107524,16.1245155,20,13.89244399,18.60107524,14.76482306,16.64331698,14.31782106,19.72308292,15.26433752,18.35755975,12.80624847,18.02775638,13.03840481,20.24845673,11.66190379,19.23538406,10,18.78829423,10.63014581,19.6977156,9.899494937,18.02775638,9.219544457,17.4642492,10,17.08800749,9.433981132,16.76305461,10,15.8113883,10,15.5241747,10.63014581,14.31782106,10.63014581,14.14213562,9.219544457,14.14213562,10.81665383,12.04159458,10.81665383,14.03566885,8.94427191,13,9.433981132,12.04159458,10.81665383
12.04159458,14.31782106,13.45362405,15.65247584,12.80624847,15.65247584,13.60147051,15.65247584,13.03840481,14.31782106,13.03840481,15.26433752,14.4222051,12.80624847,13.89244399,12.52996409,13.60147051,12.20655562,13.92838828,11.40175425,12.08304597,11.66190379,13.92838828,10,13,12.20655562,14.56021978,10.81665383,13.34166406,11.40175425,12.64911064,10,12.36931688,9.899494937,10.19803903,9.219544457,10.19803903,9.899494937,10.19803903,10.81665383,11.40175425,9.219544457,9.055385138,10.81665383,9,10.63014581,8.246211251,11.40175425,11.04536102,10.63014581,9,12.72792206
15.8113883,3.605551275,18.43908891,4.472135955,20.51828453,5,20.51828453,3.16227766,17.20465053,2.236067977,18.60107524,4.123105626,15.26433752,7.071067812,16.64331698,4.472135955,17.20465053,4.123105626,14.56021978,1,14.76482306,3,15.23154621,4.123105626,15.23154621,4.472135955,14.4222051,5,13.92838828,4,15.65247584,7.071067812,15.26433752,7.071067812,14.76482306,7.280109889,13.41640786,7,12.08304597,7,11.70469991,8.062257748,13.41640786,9.055385138,11.18033989,7.071067812,12.36931688,10,12.64911064,9.055385138,11.40175425,11.04536102
15.26433752,16.2788206,15.26433752,16.97056275,14.4222051,16.2788206,14.4222051,17.02938637,14.4222051,16.64331698,14.2126704,17.02938637,13.03840481,16.64331698,13.45362405,16.64331698,12.80624847,16.64331698,12.72792206,16.40121947,13.45362405,17.49285568,12.72792206,17,11.40175425,16.1245155,10.63014581,16.1245155,11.40175425,15.26433752,12.04159458,15.65247584,12.04159458,14.76482306,12.80624847,15.65247584,11.40175425,13.92838828,13.03840481,13,11.66190379,13.92838828,12.04159458,12.64911064,12.20655562,12.36931688,13.03840481,12.16552506,13.03840481,12.16552506,13.03840481,12.04159458
12.52996409,12.04159458,12.52996409,13.45362405,12.20655562,12.04159458,12.52996409,12.80624847,10.81665383,12.80624847,11.40175425,13.45362405,10.63014581,13.60147051,10.63014581,13.03840481,10.81665383,14.4222051,10.63014581,12.80624847,9.899494937,14.76482306,9.899494937,13.41640786,9.899494937,12.52996409,9.899494937,12.52996409,9.899494937,12.52996409,10,13.41640786,10.63014581,13,9.219544457,10.77032961,10,11.70469991,10,10.44030651,8.602325267,9.486832981,9.433981132,9.486832981,10.29563014,9.219544457,10.29563014,9.219544457,10.81665383,8,10.81665383,9.219544457
12.20655562,15.65247584,12.72792206,14.76482306,13.45362405,15.26433752,13.45362405,14.4222051,14.2126704,15.26433752,13.03840481,15,13.60147051,14.4222051,13.89244399,13.60147051,15,13.45362405,13.03840481,13.45362405,14.31782106,13.45362405,13.41640786,13.45362405,14.31782106,12.72792206,13.41640786,11.3137085,13,11.3137085,12.08304597,11.40175425,12.64911064,12.04159458,10.77032961,12.20655562,12.64911064,12.80624847,12.64911064,11.3137085,11.70469991,10.63014581,10.44030651,11.40175425,9.219544457,12.80624847,11.18033989,12.80624847,11.04536102,12.80624847,10,12.80624847
19.10497317,13,19.10497317,13.41640786,20.61552813,13.41640786,20.61552813,12.52996409,20,11.18033989,19.84943324,12.20655562,19.41648784,9.433981132,20,9.433981132,20.24845673,10.81665383,20.80865205,11.40175425,21.09502311,9.219544457,20.59126028,9.219544457,18.78829423,9.219544457,18.35755975,9.219544457,19.41648784,9.219544457,19.72308292,8.94427191,17.88854382,7.810249676,16.64331698,8.602325267,18.35755975,7.211102551,15.65247584,9.899494937,17.88854382,9.848857802,15.23154621,11.40175425,15.23154621,10.77032961,15.8113883,10.77032961,16.15549442,11.18033989,15.23154621,11.66190379
18.60107524,4.123105626,18.60107524,3.16227766,18.60107524,3.605551275,18.60107524,3.605551275,18.60107524,2.828427125,19.41648784,4.242640687,17.20465053,4.472135955,17.80449381,3.605551275,16.40121947,5.099019514,16.1245155,4.123105626,18.60107524,5,17.20465053,5,17.20465053,5,16.40121947,5.099019514,16.40121947,4.123105626,16.40121947,5,15.62049935,5.099019514,16.40121947,5.099019514,15,5.385164807,15,5.830951895,15,5.830951895,15,5,14.2126704,7.071067812,13.45362405,7.071067812,14.4222051,5.656854249,13.60147051,6.403124237
35.4682957,5.099019514,35.60898763,5.830951895,37.01351105,3.605551275,37.20215048,2.236067977,34.82814953,1,34.20526275,1,35.80502758,1,32.20248438,1.414213562,35,3.605551275,33.60059523,4.123105626,34.20526275,4.123105626,33.83784863,5.385164807,33.01514804,5,32.20248438,5,31.2409987,2.828427125,32.01562119,8.062257748,31.40063694,5.656854249,30.8058436,6.403124237,30,5.830951895,29.41088234,7.615773106,28.60069929,7.615773106,28.01785145,9.486832981,25.8069758,10.44030651,30.61045573,11.40175425,27.45906044,12.64911064,28.8444102,13.60147051
14.14213562,9.486832981,14.86606875,9.433981132,16.40121947,9.848857802,17.20465053,9.433981132,17.02938637,7.211102551,16.40121947,8.062257748,16.40121947,7.810249676,15.8113883,9.219544457,15.8113883,6.403124237,14.4222051,6.403124237,16.1245155,7.810249676,15.26433752,5.830951895,13.89244399,8.062257748,15.26433752,7.211102551,14.76482306,6.403124237,15.65247584,6.403124237,13.41640786,7.211102551,12.08304597,7.280109889,13.41640786,8.062257748,12.08304597,8.602325267,12.08304597,9.433981132,11.70469991,8.94427191,10.77032961,9.486832981,12.36931688,9.486832981,11.40175425,9.848857802,11.40175425,9.848857802
17.02938637,9.486832981,16.2788206,11.18033989,16.40121947,9.486832981,17.80449381,9.848857802,16.40121947,8.94427191,17.02938637,8.544003745,16.40121947,7.211102551,16.64331698,7.211102551,16.64331698,7.211102551,15.65247584,8.485281374,17.49285568,7.810249676,17,7.810249676,17,7.071067812,16.64331698,7.810249676,15.65247584,8.485281374,16.55294536,6.708203932,14.31782106,7.211102551,14.76482306,8.062257748,15.23154621,7.615773106,14.86606875,7.211102551,13,8.602325267,12.64911064,8.544003745,12.64911064,9.486832981,11.70469991,9.433981132,11.40175425,9.848857802,12.36931688,9.848857802
12.20655562,18.35755975,12.80624847,16.64331698,13.45362405,16.1245155,13.60147051,16.1245155,13.60147051,16.64331698,12.80624847,15.8113883,14.4222051,15,14.4222051,15.8113883,13.41640786,15.62049935,14.76482306,15.62049935,12.08304597,14.14213562,13.60147051,13.45362405,14.86606875,13.60147051,13.34166406,12.80624847,12.36931688,13.45362405,13.15294644,13.89244399,12.16552506,13.45362405,12,11.3137085,11.04536102,10.63014581,13.03840481,12.80624847,11.18033989,12.80624847,10.04987562,12.72792206,10.04987562,12.72792206,12.16552506,12.72792206,9.219544457,12.72792206,9.848857802,13.45362405
5.099019514,19.20937271,5,18.60107524,3.16227766,18.60107524,3.605551275,19.41648784,3.16227766,19.41648784,2.828427125,19.41648784,2.236067977,20,2.828427125,18.02775638,1.414213562,19.41648784,2.236067977,19.41648784,3,19.41648784,4,18.35755975,4.123105626,18.02775638,3.16227766,17.49285568,4,16.40121947,4.123105626,18.86796226,3,18.02775638,5,17,5.385164807,16.64331698,6.08276253,14.76482306,5.099019514,15.26433752,6,15.26433752,7.071067812,13.60147051,8.062257748,14.76482306,7,15.26433752,7,14.76482306
15.65247584,20.51828453,15.65247584,21.26029163,13.89244399,21.40093456,13.60147051,22.8035085,13.03840481,21.26029163,12.80624847,21.40093456,12.04159458,22.02271555,12.80624847,21.09502311,12.04159458,21.09502311,13.45362405,19.72308292,14.2126704,22.47220505,12.72792206,20.80865205,12.80624847,20.59126028,12.20655562,20.24845673,10.63014581,18.86796226,10.63014581,21.09502311,11.40175425,19.23538406,11.40175425,19.23538406,11.18033989,19.23538406,11.66190379,17,13.03840481,17.4642492,10.81665383,16.55294536,11.66190379,15.23154621,12.20655562,16.15549442,14.4222051,16.15549442,13.60147051,14.86606875
23.43074903,4,21.63330765,4.123105626,23.60084744,3.16227766,22.8035085,3,23.43074903,4.123105626,22.8035085,3.605551275,23.60084744,4.242640687,23.43074903,3.605551275,21.26029163,4.472135955,22.02271555,4.123105626,22.20360331,6.32455532,20.24845673,4.123105626,21.26029163,4.123105626,20.61552813,4.472135955,21.26029163,5.099019514,20.51828453,5.385164807,21.40093456,5,19.79898987,5,20.80865205,5,19.20937271,5,19.20937271,3.16227766,18.43908891,4.472135955,17.80449381,5,19.10497317,5.656854249,19.84943324,5.830951895,19.20937271,5
19.72308292,6.32455532,18.35755975,5.830951895,18.02775638,7.211102551,18.02775638,7.810249676,17.49285568,5.830951895,16.64331698,6.708203932,16.64331698,8.602325267,15.8113883,7.211102551,15.8113883,7.280109889,14.76482306,8.062257748,16.40121947,8.94427191,15.26433752,8.544003745,14.2126704,8.544003745,14.2126704,7.615773106,13.60147051,8.544003745,13.45362405,6.32455532,14.4222051,8.062257748,11.40175425,8.062257748,12.80624847,8.062257748,12.72792206,7,14.14213562,7,11.3137085,6.32455532,12.04159458,6.32455532,12.04159458,5.099019514,13.45362405,6.403124237,14.2126704,7.071067812
12.08304597,17.80449381,10.77032961,18.60107524,9.219544457,17.49285568,10,19.41648784,7.810249676,18.02775638,11.18033989,18.02775638,8.485281374,18.86796226,9.219544457,18.02775638,7.810249676,14.76482306,7.071067812,17,7.810249676,16.1245155,7.810249676,16.1245155,7.615773106,15.65247584,8.062257748,16.55294536,6.403124237,17.08800749,8.602325267,13,6.708203932,15.23154621,6.403124237,13.41640786,8.246211251,14.86606875,8.062257748,14.56021978,8.062257748,12.08304597,8.544003745,12.36931688,10,12.16552506,8.94427191,12.16552506,10.44030651,12.16552506,11.18033989,12.16552506
5.385164807,15.8113883,6.403124237,15,7.810249676,15.8113883,6.403124237,17.20465053,6.403124237,14.2126704,7.071067812,15.26433752,8.062257748,13.60147051,8.602325267,14.4222051,7.810249676,15.26433752,8.062257748,12.52996409,6.708203932,14.2126704,6.708203932,13.45362405,7.280109889,12.80624847,6.708203932,13.45362405,8.246211251,14.2126704,6.32455532,12.04159458,5.099019514,12.80624847,7.071067812,12.04159458,5.099019514,12.80624847,7,11.40175425,6.08276253,11.3137085,5,11.3137085,5.385164807,11.40175425,6.32455532,12.72792206,5.385164807,12.72792206,7.615773106,12.04159458
14.86606875,8.544003745,16.2788206,9.219544457,17.02938637,8.062257748,17.02938637,8.062257748,17.02938637,9.219544457,17.69180601,7.071067812,16.40121947,7.810249676,16.40121947,7.071067812,17.80449381,5.656854249,14.4222051,5.830951895,16.64331698,5.656854249,16.40121947,5.830951895,16.1245155,7.211102551,16.64331698,7.211102551,14.4222051,5.385164807,15.8113883,7.211102551,15.26433752,7.071067812,14.4222051,7.615773106,15,7.615773106,14.76482306,8.062257748,12.52996409,7.615773106,13.41640786,8.94427191,12.52996409,8.544003745,14.31782106,9.486832981,12.52996409,9.848857802,13,9.486832981
2.828427125,21.40093456,3.16227766,21.40093456,1,21.40093456,2,21.9544984,2.236067977,20.61552813,3.16227766,21.40093456,1.414213562,20,2.236067977,20.24845673,2.236067977,19.41648784,3,17.80449381,3,20.80865205,4.123105626,18.86796226,5.099019514,20.24845673,4.123105626,19.20937271,2,18.86796226,5.099019514,18.60107524,5.099019514,18.35755975,2.828427125,16.64331698,6.32455532,19.23538406,4.472135955,18.35755975,5,15.26433752,5.385164807,16.1245155,5.656854249,15.26433752,5.656854249,16.1245155,5.656854249,13.89244399,5.385164807,14.76482306
24.08318916,3.16227766,23.85372088,2,24.20743687,2.236067977,23.02172887,2.236067977,23.60084744,1,23.60084744,2.236067977,22.8035085,2,23.02172887,1.414213562,23.02172887,3.16227766,22.8035085,5.099019514,22.8035085,2.828427125,22.20360331,2.828427125,23.02172887,3.605551275,20.80865205,3.605551275,20.80865205,3.16227766,19.20937271,5,21.63330765,4.242640687,20,4.472135955,20.24845673,4.242640687,18.86796226,4.472135955,18.60107524,6.32455532,18.60107524,5.385164807,18.35755975,6.08276253,19.72308292,7.071067812,16.64331698,7.071067812,17.20465053,7.280109889
14.2126704,15.23154621,14.86606875,16.15549442,13.45362405,17.08800749,14.86606875,17.88854382,15.62049935,16.1245155,14.2126704,14.4222051,16.40121947,14.76482306,15.62049935,15.26433752,15,13.41640786,14.4222051,11.66190379,15.8113883,12.20655562,13.89244399,12.20655562,15.8113883,11.40175425,14.76482306,10.63014581,15.8113883,11.40175425,16.1245155,9.219544457,15.23154621,12.04159458,13.89244399,11.40175425,14.76482306,12.04159458,14.31782106,12.20655562,13.41640786,11.40175425,12.08304597,12.20655562,12.64911064,12.20655562,11.70469991,12.20655562,13.60147051,11.40175425,11.40175425,13.03840481
12.08304597,14.86606875,10.77032961,15,10.77032961,16.40121947,11.18033989,15,8.94427191,15.26433752,9.433981132,16.1245155,9.219544457,16.64331698,8.602325267,14.76482306,8.602325267,14.31782106,6.403124237,14.4222051,9.219544457,16.55294536,8.485281374,14.31782106,6.403124237,15.65247584,7.211102551,13.92838828,7.211102551,14.31782106,7.810249676,13.92838828,7.211102551,13.92838828,9.219544457,11.40175425,8.544003745,11.40175425,7.615773106,12.36931688,9.848857802,12.36931688,9.848857802,10.44030651,8.94427191,10.19803903,9.486832981,10.04987562,10.77032961,10,11.70469991,10
16.2788206,10.77032961,17.69180601,10.29563014,17.02938637,11.66190379,15.8113883,10.77032961,18.60107524,10.77032961,17.20465053,10.29563014,17,10,17.49285568,9.433981132,15.26433752,9.219544457,16.15549442,10.63014581,16.15549442,8.485281374,15.65247584,9.219544457,15.26433752,7.810249676,16.55294536,7.810249676,15.23154621,7.071067812,15.8113883,7.211102551,15.23154621,7.211102551,12.64911064,7.211102551,14.56021978,7.810249676,12.64911064,7.810249676,14.56021978,7.211102551,13.34166406,7.211102551,11.40175425,8.94427191,11.04536102,8.94427191,12,8.602325267,13,10
10.29563014,15.62049935,12.52996409,15.62049935,10.63014581,16.2788206,10.29563014,15.62049935,8.062257748,17.20465053,9.433981132,17.20465053,9.433981132,18.02775638,9.433981132,16.1245155,8.602325267,16.64331698,9.219544457,15.23154621,9.219544457,16.64331698,7.810249676,16.1245155,7.071067812,14.76482306,8.602325267,13.89244399,7.810249676,14.76482306,7.810249676,15.23154621,8.602325267,13.41640786,8.062257748,13,8.94427191,13,9.433981132,14.56021978,9.219544457,13,8.602325267,11.40175425,8.062257748,11.18033989,8.544003745,11.04536102,10.29563014,11.18033989,10.29563014,11.40175425
12.52996409,12.72792206,12.20655562,14.86606875,12.52996409,13.45362405,10.81665383,14.86606875,10.29563014,13.03840481,10.81665383,15.8113883,10.29563014,15.8113883,10.29563014,15.26433752,10.29563014,15.8113883,8.062257748,15.8113883,9.433981132,13.89244399,9.433981132,14.76482306,9.219544457,14.31782106,8.485281374,13.41640786,9.899494937,14.31782106,9.899494937,13.92838828,8.062257748,13,9.219544457,12.64911064,8.062257748,12.64911064,10,11.70469991,9.219544457,12.36931688,8.602325267,11.40175425,9.219544457,11.04536102,10,10.04987562,9.848857802,10,10.81665383,11
5.830951895,17.20465053,6.708203932,17.88854382,7.810249676,17.20465053,7.810249676,16.64331698,7.810249676,18.02775638,8.485281374,16.64331698,8.602325267,15.8113883,8.94427191,15.8113883,7.615773106,15.26433752,8.246211251,14.4222051,8.246211251,16.64331698,8.246211251,15.26433752,8.246211251,14.2126704,9.219544457,15,8.246211251,14.2126704,8.062257748,13.60147051,8,13.03840481,8,13.45362405,8,12.80624847,7.280109889,12.80624847,7.280109889,12.80624847,8.246211251,12.80624847,5.830951895,12.80624847,8.94427191,13.45362405,8.602325267,12.72792206,8.485281374,12.80624847
12.16552506,14.2126704,13.15294644,14.2126704,11,15,11.04536102,17.69180601,11.04536102,16.40121947,9,14.2126704,7.280109889,15.55634919,9,16.40121947,11.66190379,15.26433752,7,14.14213562,7,16.64331698,5.099019514,14.31782106,5.385164807,18.86796226,4.123105626,17.49285568,4.472135955,15.65247584,2.236067977,16.64331698,3.605551275,13.60147051,2.236067977,13.41640786,4.242640687,15.8113883,2.828427125,13.41640786,5.830951895,14.76482306,5.099019514,13.89244399,4,13.03840481,6.08276253,14.76482306,4.472135955,13.03840481,6.32455532,12.04159458
16.2788206,8.544003745,17.69180601,8.544003745,20,9.848857802,19.72308292,8.062257748,18.02775638,8.602325267,17.80449381,8.062257748,18.86796226,7.071067812,18.02775638,6.708203932,17.49285568,7.071067812,15.65247584,7.211102551,16.64331698,5.656854249,17.88854382,6.403124237,16.55294536,6.403124237,16.55294536,5.830951895,17,7.071067812,15.23154621,5.830951895,14.86606875,6.32455532,14.31782106,7.071067812,14.86606875,6.708203932,13.92838828,7.615773106,14.86606875,6.32455532,13,8.544003745,11.18033989,8.544003745,12.36931688,9.219544457,10.44030651,8.544003745,11.40175425,9.486832981
13.89244399,9.433981132,13.89244399,9.899494937,13.03840481,10,14.76482306,10,13.03840481,10.63014581,13.03840481,11.40175425,11.66190379,11.40175425,12.20655562,10.81665383,10.81665383,10.29563014,11.40175425,8.94427191,13.60147051,9.848857802,10,8.94427191,10.63014581,8.544003745,11.40175425,9.848857802,10.63014581,9.848857802,10.63014581,10.77032961,10,9.219544457,10.63014581,10.19803903,9.899494937,10.04987562,9.899494937,8.062257748,9.219544457,8.062257748,9.899494937,8,9.899494937,7.280109889,10.63014581,8.062257748,10.81665383,7.280109889,11.40175425,8.246211251
18.60107524,7.211102551,18.02775638,7.071067812,18.35755975,7.071067812,18.60107524,7.810249676,17.49285568,7.211102551,17.80449381,7.211102551,18.60107524,10,16.64331698,9.433981132,17.80449381,10,18.38477631,8.94427191,16.40121947,10.77032961,15.62049935,8.544003745,15.62049935,9.486832981,14.86606875,8.94427191,14.86606875,8.246211251,14.86606875,9.219544457,15.62049935,8.246211251,15.55634919,7.071067812,14.14213562,8,14.86606875,7,14.86606875,7.071067812,13.45362405,6.08276253,13.45362405,7.280109889,14.14213562,7.280109889,14.2126704,7.280109889,16.2788206,8.246211251
9.219544457,17.69180601,8.062257748,17.80449381,6.708203932,18.43908891,5,17.02938637,4.472135955,18.86796226,4.472135955,17.80449381,5.099019514,18.60107524,3.605551275,18.35755975,4.242640687,17.20465053,5.830951895,17.20465053,4.472135955,18.02775638,5,15.26433752,5.385164807,16.1245155,5.099019514,16.64331698,5.385164807,14.4222051,5.099019514,15.26433752,5.385164807,15.26433752,6.32455532,14.76482306,6.08276253,14.76482306,7.280109889,13.03840481,7.280109889,13.41640786,8.246211251,13.92838828,7.280109889,12.08304597,8.246211251,12.08304597,9.219544457,11.70469991,9.486832981,10.77032961
16.97056275,7.615773106,18.38477631,8.602325267,15.8113883,8.94427191,18.02775638,6.08276253,19.10497317,6.708203932,17.80449381,5.385164807,18.43908891,5,17.20465053,4.242640687,16.64331698,3,15.8113883,4.242640687,17.49285568,5.830951895,15.8113883,3.605551275,16.40121947,6.403124237,16.40121947,5,16.1245155,5,15.65247584,6.08276253,14.76482306,6.708203932,13.03840481,6.08276253,15.65247584,5.385164807,14.76482306,6.08276253,13.41640786,7.280109889,12.52996409,8.246211251,11.70469991,7.071067812,12.08304597,8.94427191,11.70469991,8.544003745,12.08304597,9.219544457
20,5.099019514,19.41648784,5.830951895,21.63330765,5,19.41648784,4.242640687,19.41648784,5.656854249,20.80865205,5.656854249,20.24845673,5.830951895,18.60107524,6.32455532,18.60107524,6.708203932,19.10497317,6.08276253,20,7.615773106,17.80449381,7.071067812,17.80449381,6.08276253,17.20465053,7.071067812,16.64331698,6.08276253,17.80449381,6.32455532,16.40121947,7.071067812,17.02938637,7,15.55634919,5,17.02938637,7.280109889,15.55634919,6.32455532,14.86606875,6.708203932,15.62049935,7.211102551,13.60147051,6.403124237,15,7.071067812,14.86606875,7.071067812
17.69180601,10.77032961,17.69180601,11.18033989,17.80449381,12.08304597,18.43908891,11.66190379,17.20465053,8.94427191,16.64331698,8.602325267,17.80449381,6.708203932,17.20465053,7.810249676,17.20465053,7.211102551,18.02775638,9.219544457,16.1245155,8.485281374,16.64331698,6.403124237,16.1245155,7.071067812,15.26433752,7.211102551,16.1245155,6.403124237,16.1245155,6.32455532,15.65247584,8.062257748,14.4222051,6.708203932,14.76482306,6.708203932,12.52996409,7.615773106,13,8.062257748,13,9.848857802,13,9.486832981,12.64911064,9.848857802,12.08304597,9.848857802,12.64911064,10.77032961
17.69180601,10.19803903,16.2788206,11.70469991,16.2788206,11.70469991,17.02938637,9.486832981,17.02938637,8.062257748,17.69180601,9.486832981,19.20937271,8.246211251,19.20937271,8.062257748,20,8.062257748,19.84943324,7.810249676,18.60107524,7.071067812,18.02775638,7.810249676,17.49285568,4.242640687,18.60107524,5.656854249,17.20465053,5.656854249,17.49285568,5,17.88854382,5.656854249,16.64331698,5.830951895,16.64331698,5.830951895,15.8113883,4.472135955,16.40121947,5,15,6.708203932,16.1245155,7.280109889,15.65247584,9.486832981,13.89244399,8.062257748,14.76482306,8.062257748
4.123105626,18.60107524,5.830951895,18.02775638,5.656854249,18.60107524,5.656854249,19.41648784,4.472135955,18.02775638,6.403124237,17.80449381,5.656854249,17.20465053,6.403124237,17.02938637,6.708203932,15.8113883,7.211102551,17.20465053,7.615773106,16.40121947,7.280109889,16.40121947,7.071067812,16.40121947,6.32455532,16.40121947,7,15.8113883,6,14.86606875,7.071067812,16.40121947,5.385164807,14.86606875,6.32455532,15,6.32455532,13.45362405,6.708203932,14.86606875,8.062257748,15,5.656854249,12.72792206,6.403124237,14.86606875,7.810249676,14.86606875,7.071067812,14.86606875
19.20937271,9.486832981,19.41648784,8.94427191,20.24845673,9.433981132,20,7.211102551,19.72308292,10,19.41648784,10,19.72308292,8.602325267,16.40121947,10,17.20465053,10.81665383,18.60107524,10.63014581,17.80449381,10.81665383,17.20465053,11.18033989,16.2788206,10,16.2788206,7.810249676,18.60107524,8.94427191,15.55634919,11.66190379,16.40121947,8.94427191,16.2788206,9.486832981,14.86606875,9.219544457,15.55634919,9.219544457,16.2788206,9.219544457,13.45362405,7.071067812,14.86606875,9.219544457,14.86606875,8.062257748,16.2788206,9,16.97056275,8.062257748
7.615773106,13.89244399,8.602325267,15.26433752,9.899494937,15.8113883,7.810249676,15.26433752,9.219544457,15.26433752,8.485281374,14.4222051,8.485281374,14.2126704,9.219544457,13.60147051,9.219544457,13.60147051,10,14.2126704,9.433981132,13.60147051,8.94427191,12.04159458,11.70469991,12.80624847,8.94427191,13.45362405,9.433981132,12.80624847,8.94427191,11.3137085,8.94427191,11.3137085,8.246211251,11.3137085,9.219544457,12.80624847,9.055385138,12.04159458,7.280109889,11.40175425,7.280109889,10.63014581,8.062257748,11.40175425,8,12.72792206,8,12.04159458,5,11.3137085
12.08304597,17.02938637,11.18033989,16.97056275,9.848857802,17.02938637,10.29563014,18.43908891,9.848857802,17.80449381,8.94427191,19.20937271,8.94427191,18.43908891,8.94427191,17.80449381,7.810249676,17.20465053,5.385164807,18.43908891,8.062257748,18.86796226,7.071067812,17.49285568,7.810249676,18.02775638,7.071067812,15.26433752,7.810249676,16.1245155,6.403124237,16.55294536,7.211102551,15.65247584,7.211102551,13.89244399,5.830951895,16.15549442,7.615773106,14.31782106,6.708203932,13,8.062257748,12.52996409,8.062257748,13.92838828,8.544003745,13,8.062257748,14.56021978,10.29563014,13.60147051
8.544003745,20.80865205,8.94427191,20,7.615773106,21.63330765,8.602325267,20.24845673,9.219544457,20.24845673,8.485281374,19.23538406,9.219544457,18.60107524,10,18.86796226,9.219544457,18.60107524,11.3137085,19.20937271,10,18.02775638,10.29563014,18.60107524,8.062257748,17.80449381,10.81665383,17.80449381,9.848857802,17.49285568,8.94427191,17.02938637,8.94427191,17.80449381,8.544003745,14.86606875,7.280109889,15.62049935,9.219544457,16.40121947,7.280109889,15.8113883,10.04987562,15.62049935,8,15.62049935,9.055385138,17.02938637,9.055385138,15.62049935,7.071067812,15.62049935
16.40121947,14.86606875,17,14.86606875,15.26433752,16.97056275,18.02775638,16.2788206,16.64331698,16.2788206,17.20465053,17.02938637,16.40121947,16.40121947,16.64331698,15.8113883,13.89244399,16.64331698,13.45362405,16.64331698,15.55634919,15.8113883,13.45362405,16.40121947,14.86606875,15.65247584,13.45362405,16.64331698,14.14213562,16.1245155,14.86606875,15.26433752,14.14213562,15.23154621,14.86606875,13,14.2126704,13.92838828,14.14213562,13.60147051,14.2126704,13.92838828,13.45362405,11.70469991,13.45362405,13.60147051,15.62049935,13.34166406,13.60147051,14.03566885,14.86606875,12.04159458
12.08304597,20.51828453,11.70469991,19.10497317,13,19.10497317,13.89244399,19.20937271,11.66190379,20.61552813,12.08304597,20.51828453,11.18033989,19.20937271,11.18033989,20,8.94427191,20.80865205,9.433981132,19.84943324,10.81665383,18.60107524,10.63014581,18.60107524,9.219544457,18.35755975,7.810249676,19.23538406,8.485281374,20.59126028,8.485281374,18.35755975,7.810249676,17.49285568,9.219544457,17,10.63014581,16.15549442,9.433981132,18.38477631,9.433981132,15.65247584,10.29563014,17.08800749,8.602325267,14.31782106,9.486832981,15.23154621,9.848857802,15.8113883,10.29563014,14.56021978
20.80865205,12.20655562,19.41648784,11.40175425,19.41648784,13.45362405,20.80865205,12.80624847,18.60107524,12.04159458,17.80449381,14.2126704,18.02775638,12.80624847,17.02938637,13.03840481,18.43908891,13.60147051,17.69180601,13.03840481,18.43908891,14.76482306,17.02938637,13.41640786,17.02938637,12.52996409,16.2788206,12.52996409,16.2788206,12.52996409,16.97056275,13.92838828,16.2788206,13,16.2788206,10.77032961,16.2788206,11.70469991,16.2788206,11.40175425,15.55634919,10.44030651,16.97056275,10.19803903,15.55634919,11.18033989,16.2788206,11.18033989,16.2788206,11.04536102,17.02938637,10
15,16.64331698,16.2788206,18.02775638,16.97056275,17.20465053,15.62049935,18.02775638,15.55634919,16.64331698,14.86606875,17.49285568,15.62049935,15.8113883,16.64331698,15,15.62049935,15,15.8113883,15,15.8113883,15,15.26433752,14.2126704,15.26433752,15,15.26433752,15,15.65247584,14.4222051,15.65247584,14.14213562,15.65247584,14.86606875,14.31782106,14.14213562,15.23154621,14.86606875,13.92838828,14.14213562,14.31782106,14.14213562,13.60147051,13.45362405,12.64911064,13.45362405,12.36931688,14.2126704,12.36931688,14.14213562,12.36931688,14.2126704
19.84943324,7.071067812,20.61552813,6.08276253,21.40093456,6.08276253,21.63330765,5.099019514,20,4.123105626,20.80865205,3.605551275,20.80865205,3.16227766,20.24845673,3.16227766,20.80865205,2.828427125,20.80865205,3.605551275,20.24845673,4.472135955,19.41648784,4.123105626,19.72308292,3.16227766,18.86796226,3.605551275,17.88854382,3.605551275,18.86796226,4,17.88854382,3.16227766,16.1245155,4,17.88854382,4,17,5,17.49285568,6,15.65247584,6,14.76482306,8.062257748,15.23154621,8.062257748,14.76482306,7.071067812,15.65247584,9.055385138
5.099019514,24.20743687,5,25,4.123105626,25.8069758,3,24.69817807,3.605551275,25.23885893,3,24.41311123,2,25,2,22.20360331,2.236067977,21.9544984,1,23.32380758,3.605551275,24.18677324,2.828427125,22.47220505,3.605551275,23.32380758,2.828427125,21.09502311,3.605551275,21.09502311,4.123105626,19.41648784,4.472135955,20.24845673,5.385164807,20.80865205,5.830951895,20.59126028,7.211102551,19.41648784,6.08276253,18.86796226,7.280109889,19.72308292,7.280109889,18.02775638,9.219544457,18.86796226,9.055385138,19.23538406,10.04987562,16.64331698
53.90732789,10,46.61544808,10.04987562,51.66236541,12.20655562,49.64876635,13.89244399,46.61544808,8.602325267,45.79301257,10.63014581,46.40043103,13.34166406,45.17742799,18.60107524,39.92492956,22.84731932,35.44009029,37,46.32493929,14.56021978,43.829214,13.92838828,40.45985665,15.03329638,42.63801121,17.11724277,39.8246155,18.97366596,36.89173349,12.36931688,39.20459157,17.11724277,36.89173349,13.92838828,38.48376281,17.4642492,30.01666204,18.43908891,33.01514804,17.80449381,30.01666204,16.64331698,30.23243292,17.80449381,30.87069808,20,31.30495168,19.41648784,31.95309062,21.9544984
5.099019514,24.20743687,5,25,3.16227766,24.20743687,3,24.69817807,2,23.60084744,2,24.69817807,1.414213562,24.20743687,1.414213562,23.85372088,1,25,3.16227766,23.85372088,3,22.47220505,2.236067977,21.9544984,2,22.47220505,1.414213562,21.9544984,3.16227766,21.9544984,2.828427125,20.59126028,3.605551275,19.72308292,3.16227766,20.59126028,4.472135955,18.78829423,5,18.78829423,5,18.78829423,5.099019514,17.88854382,5.385164807,16.55294536,7.280109889,18.38477631,7.071067812,16.55294536,8,15.65247584
22.02271555,8.246211251,23.60084744,7.615773106,24.20743687,9.219544457,23.02172887,7.615773106,23.43074903,7.211102551,23.60084744,5.385164807,23.02172887,5.830951895,23.85372088,6.403124237,22.20360331,3.605551275,22.20360331,4.472135955,23.32380758,4.472135955,21.63330765,5,21.9544984,5,21.09502311,5.385164807,21.09502311,5.099019514,21.9544984,3.16227766,19.72308292,6.08276253,19.23538406,5.099019514,20.1246118,5.385164807,17.88854382,7.071067812,18.78829423,7.280109889,17.4642492,7.071067812,18.38477631,8.062257748,18.38477631,9.219544457,16.55294536,8,16.55294536,9.055385138
17,14.14213562,16.1245155,14.2126704,16.1245155,15.55634919,15.26433752,15.62049935,13.60147051,15,13.60147051,15,13.03840481,16.1245155,13.03840481,16.1245155,14.14213562,15.65247584,14.14213562,15.23154621,13.45362405,14.31782106,12.80624847,15.65247584,12.80624847,15.23154621,13.45362405,14.76482306,12.04159458,14.31782106,12.04159458,13.92838828,13.45362405,13.60147051,11.3137085,12.64911064,12.04159458,14.31782106,12.04159458,13.34166406,12.04159458,11.40175425,10.63014581,12,11.3137085,11,12.20655562,10.04987562,12.04159458,11,13.45362405,11.04536102
25.23885893,8,25.23885893,6,24.41311123,7.280109889,25.23885893,5.385164807,23.60084744,7.071067812,24.41311123,5.656854249,23.60084744,6.403124237,23.32380758,7.071067812,24.20743687,7.211102551,23.43074903,7.211102551,22.8035085,8.94427191,22.20360331,8.062257748,22.20360331,7.280109889,23.02172887,7.615773106,20.80865205,7.615773106,20,8.062257748,20.24845673,7.615773106,20,7.071067812,18.02775638,8.062257748,19.20937271,7,20.24845673,8,17.49285568,7.280109889,18.86796226,7.280109889,18.60107524,6.708203932,17.80449381,8.062257748,17.80449381,7.211102551
48.82622246,28.3019434,57.31491952,20.24845673,47.42362281,34.82814953,48.91829923,38.32753579,43.93176527,29.83286778,41.34005322,17.88854382,53.15072906,30.23243292,42.72001873,34.0147027,58.00862005,26.62705391,54.03702434,24.35159132,58.41232747,45.01110974,37.80211634,33.73425559,33.9705755,35.12833614,36.79673899,35.0142828,46.75467891,23.08679276,42.19004622,36.34556369,39.44616585,40.26164428,32.44996148,37.69615365,30.8058436,30.59411708,34.71310992,26.2488095,35,23.60084744,31.144823,36.89173349,29,25.49509757,41.77319715,43.32435804,30.08321791,38.18376618,41.67733197,34.6554469
20,5.385164807,19.41648784,4.123105626,21.09502311,4.123105626,20.80865205,3,20.80865205,1.414213562,20.24845673,1.414213562,20,1.414213562,20.24845673,1.414213562,19.41648784,1.414213562,19.23538406,1,18.86796226,2,17.49285568,3.16227766,18.02775638,3,16.64331698,3.16227766,16.64331698,3.16227766,16.1245155,3.605551275,17,4.472135955,15.65247584,4.123105626,16.1245155,4.123105626,14.4222051,5.385164807,15.23154621,6.08276253,13.89244399,6.32455532,13.89244399,7.071067812,13.92838828,8.062257748,12.52996409,7,13.41640786,8.062257748
7.615773106,17.20465053,9.433981132,18.02775638,9.219544457,18.02775638,9.899494937,18.02775638,9.219544457,16.64331698,10,17.20465053,9.219544457,17.20465053,10,16.40121947,9.433981132,15.8113883,8.94427191,15,11.18033989,15,10.29563014,15,9.848857802,15.62049935,11.18033989,15.62049935,9.848857802,14.86606875,9.848857802,14.2126704,9.848857802,15.55634919,9.486832981,14.14213562,8.544003745,13.45362405,8.246211251,14.2126704,8.246211251,14.86606875,8.246211251,14.86606875,9.055385138,14.2126704,8,15.55634919,9.055385138,14.86606875,8.062257748,14.86606875
20.80865205,7,20.24845673,7.071067812,22.47220505,7.280109889,20.80865205,5.385164807,20.24845673,4.472135955,19.72308292,5,21.63330765,2.828427125,20.24845673,3.605551275,19.23538406,2.236067977,19.23538406,4.123105626,18.35755975,4.123105626,18.78829423,3.16227766,18.78829423,5.099019514,17.88854382,5.099019514,17.88854382,4.123105626,15.65247584,4,15.65247584,6,17,5.099019514,16.1245155,5.099019514,13.89244399,8,15.65247584,6,13.92838828,8.062257748,12.08304597,8.062257748,13.92838828,8,12.08304597,9.055385138,13.60147051,10.04987562
12.80624847,17,12.80624847,18.38477631,14.86606875,17.88854382,14.2126704,18.86796226,13.60147051,17.49285568,14.4222051,15.8113883,14.4222051,16.40121947,14.4222051,15.8113883,13.60147051,15.26433752,13.89244399,13.03840481,13.41640786,14.4222051,12.08304597,13.60147051,14.31782106,14.2126704,13.41640786,13.45362405,13,14.2126704,12.64911064,12.04159458,12.64911064,12.72792206,11.70469991,12.72792206,12.64911064,12.72792206,12.16552506,12.04159458,11.40175425,12.72792206,12.16552506,13.45362405,11.04536102,12.80624847,11,14.14213562,10,14.14213562,10,12.72792206
21.9544984,5.830951895,20.24845673,6.403124237,21.63330765,7.071067812,20.24845673,7.071067812,19.41648784,7.810249676,20,7.211102551,18.60107524,9.433981132,17.20465053,8.94427191,18.60107524,8.544003745,18.43908891,7.615773106,17.80449381,8.544003745,17.20465053,9.219544457,16.40121947,9.219544457,15.8113883,8.062257748,15.8113883,8.062257748,15.62049935,9.055385138,15,8,16.40121947,8,15.8113883,7.071067812,15.8113883,7.071067812,14.2126704,7.280109889,13.45362405,7.615773106,13.60147051,7.615773106,14.14213562,8.062257748,14.86606875,8.602325267,14.2126704,9.219544457
13.89244399,14.2126704,14.4222051,14.2126704,12.80624847,16.40121947,11.40175425,15.8113883,12.72792206,15.26433752,13.60147051,15.8113883,10.81665383,15.8113883,12.20655562,13.89244399,12.80624847,13.89244399,11.3137085,15.26433752,12.72792206,15.65247584,12.04159458,14.31782106,8.602325267,13.41640786,10.63014581,14.31782106,12.04159458,12.64911064,9.433981132,15.8113883,10.63014581,12.64911064,9.433981132,12.36931688,10,14.31782106,10,12.16552506,10.81665383,11.18033989,10,10.04987562,10.81665383,10,11.40175425,10,11.40175425,10.04987562,12.52996409,9.055385138
21.09502311,8.062257748,20.1246118,9.219544457,20.80865205,10.63014581,18.43908891,9.219544457,18.02775638,10.29563014,20.24845673,8.94427191,18.60107524,10.29563014,18.86796226,11.18033989,18.02775638,10.77032961,17.20465053,10.19803903,17.69180601,10.77032961,16.40121947,10.19803903,16.2788206,9.848857802,16.40121947,10.44030651,15.62049935,9.055385138,16.2788206,11.04536102,16.2788206,11.18033989,16.2788206,10,16.2788206,9,14.86606875,8.062257748,16.2788206,9.219544457,16.97056275,7.280109889,16.2788206,8.544003745,13.60147051,9.219544457,15.55634919,8.062257748,16.97056275,8.602325267
14.4222051,16.2788206,13.89244399,16.97056275,13.41640786,15.62049935,13.03840481,17.69180601,10.81665383,17.20465053,11.40175425,19.20937271,10.63014581,17.20465053,10,17.20465053,12.04159458,17.88854382,12.04159458,16.55294536,12.04159458,17.88854382,10.63014581,16.1245155,10.63014581,17,10.63014581,14.76482306,11.40175425,15.65247584,10.81665383,15.65247584,10,14.31782106,10,14.31782106,10.81665383,13.60147051,11.18033989,12.64911064,11.18033989,13.92838828,11.66190379,14.86606875,12.08304597,13.92838828,12.08304597,12.64911064,13.41640786,11.40175425,13.89244399,12.16552506
2,18.86796226,3.16227766,19.20937271,3.605551275,19.41648784,2.828427125,19.41648784,3.605551275,19.72308292,4.123105626,19.41648784,3.16227766,19.72308292,3,18.02775638,4.472135955,18.86796226,5.385164807,18.86796226,5.385164807,17.49285568,5.099019514,18.02775638,5.099019514,18.02775638,4.472135955,15,5.656854249,16.1245155,6.403124237,16.64331698,5.830951895,14.4222051,5.830951895,14.4222051,6.403124237,13.89244399,7.071067812,13.89244399,7.071067812,13.89244399,7.810249676,14.76482306,7.211102551,14.76482306,7.211102551,13.60147051,8.602325267,14.4222051,8.062257748,13.03840481
23.02172887,6.32455532,22.47220505,6.403124237,21.63330765,5.656854249,23.02172887,6.403124237,21.63330765,5.656854249,22.47220505,6.403124237,21.09502311,7.211102551,20.24845673,8.062257748,20.80865205,7.211102551,20.61552813,8.602325267,21.40093456,7.615773106,20,8.062257748,18.60107524,7.071067812,18.60107524,7.280109889,18.02775638,7,18.60107524,8.062257748,18.60107524,8,17.80449381,7.280109889,18.60107524,7.071067812,17.20465053,7.615773106,16.40121947,7.071067812,16.2788206,6.708203932,17.02938637,7.211102551,17.80449381,8.602325267,17.69180601,7.810249676,17.69180601,9.219544457
17.80449381,9.219544457,17.80449381,8.94427191,18.60107524,9.848857802,18.02775638,10.44030651,18.60107524,7.615773106,18.02775638,7.211102551,18.02775638,7.211102551,17.20465053,8.602325267,16.1245155,5.830951895,17,5.830951895,18.02775638,7.071067812,16.1245155,6.403124237,17,7.211102551,15.26433752,7.211102551,16.1245155,7.211102551,15.26433752,6.708203932,14.86606875,6.32455532,15.23154621,6.708203932,15.65247584,8.062257748,13,7.615773106,12.64911064,8.544003745,13,8.94427191,11.40175425,9.486832981,12.36931688,9.219544457,11.70469991,11.40175425,12.08304597,10.44030651
14.14213562,13.89244399,13.45362405,13.89244399,15.8113883,13.89244399,13.60147051,13.89244399,14.4222051,13.89244399,13.03840481,13.60147051,14.4222051,13.03840481,13.89244399,12.20655562,14.4222051,12.04159458,14.4222051,12.04159458,15.65247584,10.63014581,14.76482306,11.3137085,13.41640786,11.40175425,13.41640786,12.04159458,13,12.80624847,13.41640786,12.04159458,12.64911064,12.80624847,12.64911064,9.433981132,12.64911064,11.3137085,11.18033989,11.3137085,11.40175425,11.3137085,12.04159458,10.81665383,10.04987562,11.66190379,10,12.20655562,10,12.20655562,9,12.20655562
15.65247584,15.62049935,15.65247584,16.40121947,14.76482306,16.2788206,14.76482306,17.20465053,12.52996409,17.80449381,12.52996409,17.20465053,13.03840481,17.20465053,12.20655562,15.8113883,12.80624847,17.20465053,12.04159458,16.64331698,13.45362405,17.49285568,12.04159458,15.65247584,12.04159458,16.15549442,11.40175425,14.76482306,11.3137085,13.89244399,12.72792206,15.65247584,11.3137085,14.31782106,10.63014581,13,11.40175425,13.92838828,12.20655562,13.92838828,10.81665383,13,10.81665383,12.36931688,11.40175425,11.40175425,12.52996409,12.36931688,13.03840481,12.36931688,13.89244399,12.16552506
20.39607805,26.90724809,17.72004515,25,22.02271555,25.23885893,19.72308292,23.2594067,15.5241747,27.65863337,14.86606875,25.55386468,14.31782106,25.94224354,13,29.41088234,11.70469991,26.83281573,14.2126704,26.07680962,14.2126704,25.94224354,11.40175425,28.8444102,13.60147051,26.07680962,9.219544457,25.49509757,11.66190379,22.82542442,12.20655562,25.05992817,14.14213562,26,13.60147051,21.9544984,13.60147051,22.84731932,11.18033989,23.76972865,11.40175425,20.1246118,13.45362405,22.13594362,13.03840481,22.47220505,14.14213562,18.78829423,15.26433752,23.08679276,17.49285568,19.6977156
4.472135955,23.02172887,2.236067977,21.09502311,2.236067977,22.20360331,1.414213562,22.47220505,0,23.02172887,1,22.47220505,0,23.02172887,2,22.20360331,2.236067977,21.63330765,1,21.40093456,3.605551275,21.63330765,3.605551275,20.24845673,4.242640687,21.40093456,3.605551275,20.80865205,4.242640687,19.41648784,3.605551275,19.41648784,6.403124237,18.86796226,5.385164807,17.80449381,6.08276253,17.20465053,6.32455532,17.49285568,5,17.20465053,7.280109889,16.64331698,7.071067812,16.1245155,8.246211251,16.64331698,8.062257748,15.8113883,9.219544457,15
20.80865205,3.605551275,20.24845673,3.605551275,20.80865205,2.236067977,20.80865205,1.414213562,20.24845673,1,20.24845673,1.414213562,21.63330765,4.472135955,20.24845673,2.236067977,19.23538406,5,19.41648784,3.605551275,20.80865205,4.242640687,19.41648784,4.472135955,18.60107524,3.16227766,18.60107524,3.605551275,18.02775638,3.605551275,17.49285568,5.830951895,17.49285568,3.605551275,15.8113883,4.242640687,16.1245155,5,15.8113883,5.656854249,15,5.656854249,16.1245155,5.830951895,14.4222051,6.708203932,16.1245155,7.280109889,15.8113883,7.615773106,15.26433752,7.280109889
13.45362405,14.76482306,12.72792206,15.26433752,14.2126704,14.4222051,12.80624847,13.03840481,14.4222051,14.4222051,14.2126704,12.20655562,14.4222051,12.80624847,13.03840481,13.45362405,13.60147051,10,14.4222051,10.81665383,13.03840481,12.04159458,13.03840481,11.3137085,13.41640786,12.04159458,12.52996409,12.04159458,12.52996409,12.04159458,12.52996409,9.899494937,12.08304597,11.40175425,12.08304597,10,11.18033989,12.20655562,11.40175425,11.40175425,10.44030651,12.04159458,10.44030651,12.04159458,10.44030651,12.20655562,9.219544457,13.89244399,10.19803903,13.03840481,9.219544457,13.89244399
18.02775638,7.071067812,18.02775638,8.246211251,18.02775638,8.062257748,18.02775638,6.08276253,18.86796226,5.385164807,18.60107524,4.242640687,17.49285568,4.242640687,17.49285568,3.16227766,17.20465053,4.123105626,16.55294536,5.385164807,17.49285568,4.472135955,17,4.123105626,16.55294536,4.123105626,17,4,14.76482306,3.16227766,14.76482306,4,16.1245155,4,13.89244399,4,14.76482306,5.099019514,12.08304597,7,13.41640786,6.08276253,11.70469991,8.246211251,12.64911064,7,10.77032961,9.219544457,11.70469991,8.062257748,11.70469991,9.219544457
22.82542442,10.63014581,23.70653918,10.63014581,21.9544984,12.80624847,22.47220505,10.63014581,23.02172887,10.63014581,24.18677324,11.40175425,21.63330765,11.66190379,19.72308292,10.81665383,19.41648784,11.18033989,22.02271555,11.18033989,20.80865205,13.41640786,20.24845673,12.08304597,19.41648784,12.08304597,17.02938637,10.77032961,18.60107524,10.77032961,17.20465053,11.40175425,18.02775638,12.36931688,16.2788206,9.486832981,15.8113883,11.40175425,16.40121947,9.055385138,15.8113883,10.04987562,15.8113883,9.055385138,15,10,17.02938637,11.40175425,15.62049935,9.486832981,17.20465053,9.486832981
6.32455532,21.40093456,6.32455532,22.20360331,3.16227766,21.40093456,5,22.82542442,3.16227766,22.20360331,4.472135955,21.40093456,3.605551275,20.24845673,3.605551275,20.80865205,3,20.59126028,1,21.63330765,3,19.72308292,4.123105626,19.41648784,5.099019514,21.09502311,4,18.35755975,4.123105626,17.49285568,4,17.49285568,4.123105626,16.64331698,6,17,5.099019514,16.1245155,6,16.55294536,7,15.23154621,9,16.15549442,8.062257748,13.41640786,9.055385138,14.86606875,10.04987562,13.92838828,9,13.60147051
18.35755975,9.433981132,19.23538406,7.810249676,18.35755975,9.219544457,17.49285568,9.219544457,15.26433752,8.485281374,17.49285568,11.40175425,17.20465053,9.433981132,14.76482306,10.63014581,16.1245155,10.29563014,16.1245155,8.544003745,15.62049935,12.08304597,14.4222051,9.486832981,13.03840481,9.486832981,15,9.486832981,14.4222051,9.486832981,15,10.19803903,12.80624847,10.19803903,12.80624847,9.055385138,13.60147051,10.04987562,12.80624847,9,12.80624847,9.055385138,12.04159458,8.062257748,13.45362405,8.246211251,12.80624847,8.544003745,13.45362405,7.280109889,12.04159458,8.544003745
15.65247584,16.97056275,14.76482306,16.2788206,13.03840481,17.69180601,13.41640786,16.40121947,13.89244399,17.02938637,13.41640786,17.80449381,13.03840481,16.64331698,11.66190379,15.8113883,13.03840481,17.49285568,12.04159458,17.20465053,12.20655562,18.02775638,10.63014581,16.64331698,9.899494937,15.26433752,8.485281374,16.15549442,11.3137085,16.15549442,9.219544457,15.23154621,11.40175425,13.41640786,10.81665383,13,11.66190379,14.86606875,11.40175425,13.92838828,10,12.64911064,10.63014581,11.40175425,11.66190379,13.15294644,13.03840481,12.16552506,11.18033989,11.18033989,11.66190379,11.40175425
7,16.2788206,5.099019514,16.2788206,4,17.02938637,4.123105626,17.80449381,3,17.02938637,4,16.2788206,3.16227766,16.40121947,2,16.40121947,2.236067977,16.40121947,1,14.86606875,2.828427125,17.20465053,2.236067977,15.8113883,2.236067977,15,2,16.64331698,2,14.4222051,3,14.4222051,3,14.4222051,3.16227766,15.26433752,4.123105626,14.4222051,4,14.76482306,5.099019514,14.4222051,5.099019514,13.03840481,6,12.52996409,6,13.03840481,6,13.03840481,7.071067812,13.03840481
33.30165161,8.246211251,32.64965543,5,33.42154993,5.099019514,35.80502758,4.242640687,33.01514804,5.385164807,32.20248438,3,34.05877273,1.414213562,29.15475947,2.236067977,29.41088234,7,31.40063694,7.071067812,33.42154993,2,31.6227766,2.236067977,30.52867504,4.472135955,28.8444102,3.16227766,27.45906044,4.123105626,28.8444102,5.830951895,29.41088234,2.236067977,26.40075756,5.099019514,28.01785145,5.099019514,26.07680962,7.615773106,25.8069758,6.708203932,25.23885893,7.615773106,25.8069758,8.062257748,25.8069758,10.04987562,24.69817807,12.16552506,26.07680962,12.04159458
21.40093456,3.605551275,22.20360331,2.236067977,20.61552813,2.236067977,20.80865205,2.236067977,20,2,20.80865205,3.605551275,21.09502311,2.236067977,18.02775638,2.236067977,20,2,20,2.236067977,19.41648784,4,18.86796226,4.472135955,18.86796226,5.099019514,18.02775638,3.16227766,18.86796226,4.472135955,17.20465053,5,17.49285568,3.605551275,17.20465053,4.242640687,16.2788206,5,15.26433752,5,15.62049935,4.472135955,15.26433752,7.211102551,15.8113883,6.708203932,15.26433752,7.615773106,15.62049935,7.211102551,15,8.062257748
20.51828453,8.246211251,22.02271555,10.29563014,21.9317122,9.848857802,22.47220505,9.433981132,21.26029163,8.94427191,21.09502311,8.062257748,21.40093456,7.810249676,19.20937271,7.211102551,15.29705854,8.062257748,17.49285568,13.60147051,19.23538406,9.433981132,17.88854382,10.44030651,17.88854382,8.94427191,17.88854382,5.656854249,17.49285568,8.062257748,17.88854382,8.062257748,17.49285568,5.385164807,15.8113883,5.385164807,15.65247584,7.810249676,17,8.062257748,16.15549442,8.246211251,14.86606875,9.486832981,14.31782106,10.29563014,15.23154621,10.29563014,13.60147051,10.44030651,14.86606875,10.19803903
20.61552813,9.486832981,20.61552813,8.94427191,21.40093456,8.94427191,21.63330765,6.708203932,20,7.211102551,20.80865205,6.403124237,21.63330765,6.403124237,19.41648784,7.071067812,21.40093456,5.830951895,20.80865205,6.403124237,21.09502311,5.385164807,20.24845673,5.830951895,19.23538406,6.708203932,17.49285568,8.062257748,19.23538406,5.830951895,18.86796226,7.280109889,19.72308292,7.280109889,17.49285568,6.32455532,16.55294536,8.544003745,15.65247584,8.544003745,17,8.246211251,15.23154621,9.486832981,14.86606875,9.219544457,14.86606875,10.44030651,15.23154621,9.486832981,13.92838828,10.44030651
37.20215048,6.708203932,37.44329045,5.099019514,38.60051813,3.16227766,39.11521443,2.828427125,36.61966685,2.236067977,37.73592453,1,36.35931793,1,34.66987165,3.16227766,34.66987165,3.605551275,33.28663395,2.236067977,34.66987165,3.605551275,33.61547263,5,31.90611227,5,31.6227766,3.605551275,30.23243292,5,31.06444913,6.403124237,30.52867504,6.403124237,28.01785145,5.830951895,29.15475947,6.708203932,28.17800561,8.94427191,27.78488798,8.544003745,26.41968963,9.848857802,24.69817807,10.19803903,26.41968963,12.36931688,25.94224354,13.15294644,25.49509757,14.31782106
3,21.63330765,2.236067977,21.63330765,0,20.80865205,0,21.09502311,0,20.80865205,1.414213562,20.24845673,1.414213562,20.24845673,2.236067977,18.60107524,1.414213562,20,2.236067977,19.84943324,3.16227766,18.86796226,2.828427125,17.49285568,4.472135955,17.20465053,2.828427125,16.64331698,3.605551275,16.64331698,4.472135955,16.1245155,4.472135955,15.26433752,5,15.26433752,5.385164807,14.76482306,7.071067812,15.65247584,5.830951895,13.89244399,6.32455532,13.41640786,6.32455532,14.76482306,8.062257748,13.89244399,8.062257748,13.41640786,9.055385138,13.41640786
22.20360331,3.16227766,20.59126028,2.236067977,19.41648784,2,19.41648784,3,21.40093456,3.16227766,21.09502311,3.16227766,20.80865205,2.828427125,19.72308292,4,19.72308292,3,17.4642492,3,18.35755975,5,17.88854382,6,19.23538406,6,16.64331698,5.385164807,16.64331698,5.099019514,15.8113883,4.472135955,17,4.472135955,16.1245155,5.830951895,16.1245155,5.656854249,13.89244399,5.656854249,15.26433752,5.656854249,14.76482306,5.830951895,14.31782106,7.211102551,15.26433752,7.615773106,13.03840481,7.615773106,14.76482306,8.94427191
6.08276253,22.20360331,6.08276253,23.02172887,4.123105626,22.20360331,4.123105626,23.32380758,3,20.80865205,2,20.80865205,2.236067977,21.09502311,2,20.59126028,2.828427125,20.59126028,3.16227766,17.88854382,1.414213562,18.78829423,3,21.09502311,4.123105626,19.23538406,3.605551275,19.23538406,3,18.78829423,3,18.35755975,5,17,4.123105626,17.49285568,7.280109889,16.55294536,6,15.23154621,6.08276253,15.23154621,7.071067812,15.65247584,7.280109889,14.76482306,9.486832981,14.76482306,8.062257748,13.92838828,10.04987562,14.31782106
15.8113883,12.08304597,15.62049935,10.29563014,16.64331698,10.63014581,16.1245155,8.062257748,16.1245155,9.219544457,17.49285568,9.899494937,16.55294536,6.403124237,16.15549442,8.485281374,15.26433752,6.403124237,17,7.810249676,13.41640786,8.485281374,14.86606875,10,16.55294536,8.602325267,14.31782106,8.062257748,15.29705854,8.544003745,13,6.708203932,12.64911064,6.32455532,11.70469991,7.615773106,11.40175425,9.848857802,11.18033989,8.544003745,13.15294644,8.062257748,11.18033989,9.486832981,10.04987562,9.486832981,10,11.18033989,9,10.29563014,10.04987562,10.77032961
18.02775638,4,20.59126028,3.16227766,20,3.16227766,21.09502311,2,19.41648784,2.236067977,18.86796226,4.242640687,18.35755975,2.828427125,17.20465053,3.16227766,19.41648784,1.414213562,17.02938637,3.16227766,18.35755975,3.605551275,16.55294536,4.472135955,17,3.16227766,15.65247584,3.16227766,17.49285568,3,14.4222051,4.472135955,14.31782106,4.123105626,14.31782106,3.605551275,13.92838828,4.123105626,13.41640786,5.099019514,12.08304597,5.099019514,13.41640786,6.08276253,10.44030651,6,10.77032961,6,11.70469991,8.062257748,12.64911064,7.280109889
15.55634919,9.486832981,16.40121947,10.77032961,17.80449381,9.848857802,18.02775638,9.848857802,16.64331698,7.615773106,18.02775638,7.211102551,18.02775638,7.071067812,16.1245155,7.211102551,17,7.071067812,15.65247584,6.403124237,16.1245155,7.211102551,15.65247584,7.071067812,15.65247584,7.071067812,15.65247584,7.211102551,15.23154621,5.656854249,13.41640786,5.830951895,14.31782106,6.403124237,13,7.280109889,12.64911064,6.708203932,12.36931688,7.615773106,13.34166406,8.062257748,12.16552506,7.615773106,10.19803903,8.544003745,12.16552506,9.848857802,12.04159458,9.848857802,11.04536102,9.848857802
8.602325267,19.72308292,10.63014581,19.20937271,11.3137085,20.1246118,9.219544457,19.41648784,10.29563014,19.20937271,10,20.24845673,11.40175425,19.41648784,10,18.02775638,11.70469991,16.64331698,9.848857802,16.15549442,8.544003745,17.49285568,11.18033989,18.60107524,9.219544457,17.49285568,10.44030651,15.8113883,9.219544457,16.1245155,9.848857802,13.45362405,10.19803903,16.40121947,9,14.2126704,11.04536102,13.89244399,9,15,10.19803903,15,9.055385138,13.45362405,8.94427191,14.2126704,10.29563014,13.45362405,10,14.14213562,10.29563014,12.72792206
25.23885893,4.123105626,26.07680962,5.099019514,24.69817807,5.385164807,25.23885893,4.472135955,24.69817807,4.242640687,24.69817807,5.385164807,24.41311123,3.605551275,22.47220505,6,23.02172887,4,20.59126028,6,22.20360331,7.071067812,21.63330765,7,21.63330765,7,20.24845673,8.062257748,19.41648784,8.062257748,20.59126028,4.123105626,19.23538406,6.32455532,18.86796226,6.32455532,19.23538406,7.280109889,18.78829423,5.656854249,16.64331698,6.403124237,17.49285568,9.219544457,16.55294536,9.219544457,17,10,16.55294536,8.94427191,16.1245155,9.848857802
16.1245155,14.14213562,13.89244399,14.86606875,13.89244399,14.2126704,13.89244399,15.62049935,13.03840481,13.60147051,13.03840481,15.26433752,14.4222051,15.26433752,13.03840481,14.31782106,11.66190379,15.65247584,11.66190379,13.92838828,12.04159458,16.15549442,11.3137085,14.86606875,11.40175425,13,10.63014581,12.64911064,10.63014581,13.60147051,12.04159458,14.56021978,12.04159458,12.36931688,11.3137085,12.16552506,10.63014581,13.15294644,10.63014581,13.03840481,10.63014581,12.04159458,10.63014581,12,10.63014581,12.04159458,10.81665383,11.18033989,12.04159458,9.219544457,11.40175425,10.19803903
10,20.59126028,10,21.47091055,10.63014581,21.9544984,10.63014581,22.82542442,11.40175425,19.72308292,11.40175425,20.80865205,12.04159458,20.24845673,11.18033989,18.60107524,11.66190379,18.60107524,10.77032961,17.88854382,13,17.49285568,11.18033989,17.20465053,13,17.49285568,11.70469991,16.40121947,10.77032961,17.80449381,10.19803903,15.62049935,10.44030651,15.8113883,9.219544457,15.8113883,9,17.20465053,10,15,8.062257748,15.62049935,10.04987562,16.40121947,8.246211251,14.86606875,10.44030651,15.62049935,9.486832981,15.62049935,8.94427191,14.86606875
8.246211251,17.80449381,8.94427191,18.02775638,6.32455532,18.60107524,5,20,4.472135955,18.02775638,5.830951895,18.35755975,5.656854249,17.49285568,5,17,5.656854249,18.86796226,6.32455532,18.35755975,5.385164807,17.49285568,3.16227766,16.55294536,4.472135955,18.02775638,5.099019514,15.65247584,5.099019514,15.65247584,6.32455532,15.23154621,5.099019514,14.76482306,7.071067812,13.92838828,6.08276253,13,7,13,6.08276253,12.36931688,7.280109889,11.18033989,7.615773106,12.16552506,8.062257748,11.18033989,9.219544457,12.16552506,9.219544457,12.16552506
18.02775638,5,18.86796226,3.16227766,18.02775638,3.605551275,19.41648784,2.828427125,17.49285568,2.236067977,18.35755975,1.414213562,18.35755975,2.236067977,16.64331698,2.236067977,17.88854382,1.414213562,16.64331698,0,16.64331698,2.828427125,16.1245155,2.828427125,16.1245155,3.605551275,15.26433752,4.123105626,16.1245155,2.236067977,14.76482306,4.472135955,14.31782106,4.123105626,14.31782106,6.08276253,14.31782106,5.099019514,13,5.385164807,11.18033989,6,11.40175425,6.08276253,12.64911064,6,11.70469991,8.062257748,12.36931688,9,12.64911064,9.055385138
11.18033989,20,10.77032961,20,9.486832981,20.24845673,9.433981132,18.86796226,9.219544457,19.41648784,8.602325267,19.72308292,7.211102551,19.72308292,7.211102551,21.09502311,7.211102551,17.4642492,7.071067812,17,7.810249676,18.35755975,6.403124237,19.23538406,5.830951895,17.4642492,7.810249676,17.4642492,6.708203932,18.38477631,8.602325267,17.88854382,8.062257748,16.55294536,8.94427191,15.23154621,8.544003745,15.8113883,8.544003745,14.86606875,7.615773106,13.60147051,7.615773106,13.60147051,8.94427191,14.31782106,9.486832981,12.36931688,11.18033989,13.03840481,12.08304597,13.34166406
10.44030651,17.20465053,10.19803903,17.02938637,9.486832981,17.02938637,9.848857802,18.02775638,8.94427191,17.49285568,8.94427191,16.64331698,8.062257748,17.20465053,7.810249676,18.02775638,8.485281374,18.35755975,7.810249676,18.02775638,7.810249676,18.35755975,5.656854249,17.49285568,5.656854249,17.4642492,6.708203932,17.88854382,6.708203932,16.1245155,7.211102551,15.23154621,6.708203932,16.1245155,6.708203932,13.89244399,7.211102551,13.89244399,7.615773106,13,7.615773106,13.92838828,7.071067812,13,8.602325267,13,8.246211251,12.36931688,9.848857802,11.40175425,11.18033989,10.77032961
17.80449381,4,17.49285568,4.472135955,20,5,18.86796226,3.16227766,18.60107524,3.16227766,18.78829423,2.828427125,17.49285568,2,18.02775638,3.16227766,17,2.236067977,17.08800749,2,16.64331698,3.605551275,17,4.123105626,17,5.099019514,16.1245155,3.16227766,15.65247584,4.123105626,15.65247584,4,14.31782106,5.099019514,13.89244399,6,15.8113883,5,12.64911064,5,13.41640786,6.08276253,13,7,11.70469991,7,11.70469991,7.071067812,11.40175425,9.055385138,12.36931688,8
7.615773106,21.9544984,7.615773106,19.72308292,6.403124237,21.09502311,5.656854249,19.72308292,5.656854249,19.72308292,7.810249676,20.80865205,7.810249676,19.20937271,8.602325267,18.86796226,8.544003745,16.64331698,7.615773106,19.20937271,6.708203932,17.80449381,8.94427191,16.64331698,9.219544457,18.60107524,9.486832981,18.02775638,8.544003745,15.8113883,8.246211251,17,9,15,8.062257748,16.40121947,9,16.1245155,9,13.89244399,7.071067812,14.76482306,8.062257748,14.4222051,7.615773106,13.03840481,8.94427191,13.89244399,7.071067812,13.03840481,7.810249676,12.20655562
6.403124237,20.59126028,6.403124237,20.80865205,7.810249676,20.24845673,8.485281374,20.24845673,8.602325267,19.72308292,7.211102551,20.80865205,10.29563014,18.86796226,8.246211251,18.86796226,8.544003745,19.20937271,8.544003745,19.84943324,8.544003745,18.60107524,9.486832981,17.80449381,9.486832981,16.40121947,10.19803903,15.8113883,9.055385138,16.64331698,9.055385138,15,8.062257748,15,7,14.86606875,9,14.86606875,9.055385138,14.4222051,7.615773106,14.4222051,8.544003745,15,6.708203932,12.80624847,9.433981132,13.60147051,9.433981132,15,9.219544457,15.62049935
21.63330765,7.615773106,21.63330765,8.062257748,20.80865205,7.211102551,19.41648784,8.602325267,20.80865205,7.810249676,20.80865205,7.211102551,20.1246118,9.433981132,20.24845673,8.544003745,19.20937271,7.615773106,18.43908891,7.615773106,18.02775638,9.848857802,18.60107524,9.219544457,18.35755975,8.062257748,15.26433752,8.062257748,16.64331698,9.055385138,17.49285568,9,17.49285568,7,17.20465053,9,14.4222051,7.071067812,16.64331698,9.219544457,13.60147051,7.615773106,14.4222051,8.062257748,15.26433752,8.062257748,14.2126704,7.810249676,14.2126704,9.219544457,14.4222051,9.219544457
10.77032961,16.64331698,10.77032961,15.62049935,10.29563014,15.8113883,8.94427191,15.8113883,8.94427191,16.1245155,9.433981132,15.8113883,8.94427191,15.65247584,7.211102551,14.76482306,7.810249676,15.65247584,7.810249676,16.64331698,7.071067812,15.23154621,5.656854249,14.31782106,6.403124237,13.41640786,5.830951895,13.92838828,6.32455532,13.41640786,5.830951895,14.56021978,6.708203932,13,7.211102551,12.64911064,7.211102551,12.36931688,8.94427191,11.18033989,7.211102551,10.19803903,6.708203932,12.04159458,8.062257748,11.04536102,7.615773106,11.04536102,8.246211251,10.04987562,9.848857802,10.04987562
7.211102551,19.72308292,10,19.23538406,9.219544457,20.24845673,10.81665383,19.72308292,8.94427191,18.35755975,8.602325267,18.35755975,9.848857802,18.02775638,9.848857802,17.49285568,8.94427191,17.20465053,10.19803903,16.1245155,9.219544457,17.49285568,9.486832981,15.62049935,9.219544457,15.8113883,8.246211251,15.8113883,10.04987562,15.8113883,9,14.2126704,9.055385138,15.65247584,8.062257748,14.2126704,9.219544457,13.89244399,8.246211251,14.4222051,8.544003745,13.60147051,8.544003745,12.52996409,7.615773106,13.60147051,9.433981132,11.66190379,10,11.66190379,10.63014581,12.20655562
6.08276253,20.61552813,6,20.80865205,4,20.24845673,3,21.09502311,4.123105626,19.84943324,4.123105626,20.59126028,3.16227766,17,3.16227766,18.02775638,1.414213562,18.35755975,2,17,2.236067977,19.23538406,2.236067977,18.35755975,3.16227766,18.02775638,2.236067977,19.23538406,3.605551275,17,3.605551275,16.55294536,2.828427125,15.65247584,5,15.65247584,4.242640687,16.15549442,5,15.23154621,6.32455532,13.92838828,5.385164807,13,6.08276253,14.31782106,7.280109889,14.31782106,7.280109889,12.64911064,8,13.92838828
5,23.02172887,4.472135955,23.02172887,2,22.20360331,5,24.69817807,2,23.02172887,3.16227766,23.02172887,0,23.02172887,1,23.02172887,1.414213562,21.9544984,2,21.09502311,2.236067977,21.09502311,3.16227766,20.59126028,3.605551275,21.09502311,3.16227766,18.35755975,3.605551275,19.23538406,4.472135955,19.23538406,4.472135955,19.23538406,5,17.49285568,5.385164807,17.88854382,6.708203932,16.55294536,6.32455532,15.65247584,7.280109889,16.1245155,7.071067812,14.76482306,8.062257748,16.15549442,10.04987562,14.86606875,10.04987562,14.31782106
16.03121954,13,16.1245155,14.76482306,15.29705854,13.60147051,15.29705854,17.02938637,14.14213562,17.80449381,12,15.55634919,13.15294644,15,13,15,15.26433752,13.60147051,11.66190379,17.02938637,10,15,9.055385138,15.26433752,9.055385138,17.80449381,8.062257748,19.20937271,7.071067812,15.26433752,7,15.65247584,8.94427191,18.02775638,5.830951895,15.8113883,6.708203932,16.64331698,5.830951895,16.1245155,5.656854249,16.1245155,5,13.89244399,4.472135955,15.8113883,5,14.76482306,5,15.26433752,6.708203932,13.03840481
17.49285568,9.433981132,18.60107524,8.485281374,18.02775638,10.63014581,17,12.04159458,15.65247584,10,17.49285568,11.3137085,16.64331698,10.63014581,16.64331698,10.63014581,15.65247584,10.29563014,13.03840481,9.848857802,15.8113883,10.81665383,14.4222051,11.18033989,14.2126704,12.08304597,14.4222051,10.77032961,14.4222051,9.219544457,12.72792206,10.44030651,12.80624847,9.486832981,12.80624847,9.486832981,12.80624847,8.062257748,12.80624847,9.055385138,12.80624847,10,11.3137085,10,11.3137085,7,11.3137085,9.219544457,12.80624847,8.246211251,14.2126704,6.32455532
9.219544457,21.40093456,8.246211251,21.40093456,7.280109889,20.80865205,6.708203932,20.80865205,6.32455532,22.20360331,5.830951895,20.80865205,5.830951895,20.80865205,6.403124237,20.24845673,5,21.63330765,4.472135955,19.41648784,5.385164807,21.09502311,5.830951895,19.72308292,4.472135955,19.23538406,4.123105626,18.35755975,4.472135955,18.78829423,5.099019514,18.35755975,4.123105626,18.78829423,6.08276253,17,6.08276253,18.38477631,6,16.15549442,7,15.23154621,7.071067812,16.15549442,8.062257748,13.92838828,9.219544457,14.86606875,9.055385138,15.5241747,10.44030651,14.31782106
21.9544984,11.40175425,23.02172887,10.63014581,21.9544984,12.72792206,21.63330765,12.80624847,20.80865205,11.40175425,20.24845673,12.20655562,19.72308292,12.20655562,18.60107524,11.66190379,18.60107524,12.52996409,19.20937271,11.66190379,19.20937271,12.08304597,18.60107524,11.70469991,17.80449381,12.08304597,17.20465053,11.70469991,17.20465053,12.64911064,17.02938637,11.70469991,15.8113883,13.15294644,15.55634919,10.19803903,15.62049935,11.04536102,16.40121947,10,15.62049935,9,14.86606875,11,13.60147051,9.055385138,15,9.486832981,15.55634919,9.486832981,16.2788206,10.44030651
23.32380758,10.29563014,22.47220505,9.899494937,21.09502311,10.63014581,21.63330765,11.3137085,21.63330765,9.899494937,20.61552813,12.20655562,20.80865205,11.66190379,20,11.66190379,17.20465053,11.66190379,17.49285568,11.66190379,19.41648784,12.52996409,18.86796226,11.70469991,18.02775638,11.18033989,17.20465053,11.70469991,18.02775638,10.77032961,17.02938637,11.70469991,17.80449381,12.64911064,16.40121947,10.19803903,16.40121947,9.055385138,15.62049935,10.04987562,14.86606875,9,15.62049935,10,14.2126704,9.219544457,16.40121947,10.19803903,15.62049935,9.486832981,17.69180601,9.486832981
24.41311123,6.08276253,24.69817807,5.385164807,25.23885893,4.472135955,24.69817807,6.403124237,23.02172887,5.830951895,23.85372088,7.071067812,23.02172887,6.708203932,22.47220505,6.708203932,21.63330765,6.32455532,20.24845673,6.08276253,21.63330765,7.280109889,21.63330765,7.280109889,21.09502311,6.08276253,22.20360331,6.08276253,19.72308292,7.071067812,20.59126028,7,19.72308292,8,18.02775638,6.08276253,18.02775638,7.071067812,18.86796226,8.062257748,18.02775638,7.615773106,16.40121947,8.062257748,17,7.810249676,17.49285568,8.485281374,17.80449381,8.485281374,17.80449381,7.810249676
21.63330765,10.81665383,21.09502311,10.63014581,21.63330765,11.3137085,20.80865205,11.40175425,20.24845673,11.40175425,19.41648784,12.04159458,19.41648784,12.80624847,19.41648784,13.03840481,18.02775638,12.52996409,17.20465053,10.77032961,18.60107524,12.52996409,18.60107524,11.70469991,17.20465053,11.70469991,16.40121947,10.77032961,16.40121947,11.70469991,15.62049935,12.36931688,17.20465053,11.40175425,15.55634919,11.40175425,16.40121947,10.04987562,14.86606875,11,15.62049935,10,15.62049935,10.04987562,15,9.055385138,16.2788206,9.055385138,14.86606875,9.219544457,16.2788206,10.44030651
21.9317122,8.246211251,22.02271555,8.544003745,22.8035085,8.544003745,21.63330765,7.615773106,22.8035085,5.830951895,21.63330765,5.830951895,23.02172887,4.242640687,21.40093456,5,21.09502311,3.605551275,20.80865205,3.605551275,21.09502311,5,19.72308292,5.385164807,20.24845673,5,19.72308292,4.472135955,19.23538406,4.123105626,19.23538406,4.472135955,17,6.32455532,17.88854382,6.08276253,17.49285568,6.708203932,17.4642492,7.071067812,17.4642492,6.32455532,16.55294536,7.071067812,16.15549442,8.246211251,15.8113883,9.219544457,14.86606875,10.04987562,15.8113883,9.219544457
10,20.80865205,10.63014581,21.09502311,11.3137085,21.63330765,11.40175425,20.80865205,10.81665383,20,12.20655562,19.41648784,11.40175425,18.60107524,10.81665383,18.60107524,10.29563014,17.80449381,9.486832981,17.20465053,10.77032961,18.60107524,9.848857802,17.80449381,10.44030651,17.20465053,10.19803903,17.80449381,10.19803903,16.64331698,10.19803903,17.02938637,10.19803903,15.62049935,9.055385138,15.62049935,10,15.62049935,9.055385138,14.2126704,9.055385138,14.86606875,9.055385138,14.14213562,8.246211251,14.2126704,8.94427191,16.2788206,9.848857802,14.2126704,10,15.55634919
14.31782106,13.60147051,14.76482306,12.04159458,13.92838828,12.04159458,14.31782106,13.03840481,13.41640786,12.20655562,13.41640786,14.14213562,13.60147051,14.86606875,11.66190379,12.80624847,11.66190379,13.89244399,11.3137085,12.52996409,12.20655562,13.89244399,10.81665383,13.41640786,9.433981132,14.76482306,10.63014581,13.41640786,9.899494937,11.66190379,10.63014581,12.64911064,9.219544457,11.70469991,9.219544457,10.77032961,9.219544457,12.08304597,9.899494937,12.08304597,10,10.44030651,10.63014581,11.18033989,9.219544457,9.219544457,11.40175425,10.19803903,10,10.19803903,11.40175425,10
22.47220505,6.32455532,21.40093456,4.123105626,20.80865205,6.08276253,20.80865205,6.708203932,20.24845673,5,18.86796226,5.656854249,19.41648784,5.656854249,19.41648784,7.211102551,20,5,17.49285568,4.472135955,20.24845673,6.708203932,18.86796226,6.32455532,18.02775638,5.099019514,17.20465053,6.32455532,18.02775638,7.071067812,18.35755975,7.071067812,16.40121947,7,15.8113883,5.099019514,16.64331698,5,15.8113883,5.830951895,15,6.08276253,15,7.615773106,14.2126704,5.830951895,15.8113883,6.403124237,15.8113883,7.810249676,15.62049935,7.810249676
18.86796226,5,18.86796226,4.123105626,18.86796226,4.123105626,19.41648784,3.605551275,18.02775638,3.16227766,18.60107524,4.242640687,18.02775638,4.472135955,17.49285568,4.472135955,17.20465053,5.830951895,16.40121947,4.472135955,17.20465053,6.32455532,15.8113883,5.099019514,15.8113883,6.08276253,15,6.08276253,15.8113883,5.099019514,16.64331698,6,15.8113883,5,15,5.099019514,13.89244399,5.385164807,13.60147051,5.099019514,13.60147051,5.385164807,13.60147051,5,12.80624847,6.403124237,13.60147051,5.656854249,13.45362405,6.403124237,14.2126704,6.403124237
18.38477631,11.40175425,19.84943324,13,20.51828453,12.08304597,20.61552813,12.08304597,20,10.29563014,20,10.29563014,20.80865205,7.615773106,20.61552813,10,19.41648784,7.615773106,19.41648784,7.615773106,19.41648784,7.810249676,19.41648784,7.071067812,18.86796226,7.810249676,18.86796226,7.810249676,18.35755975,6.403124237,19.72308292,6.403124237,17,7.211102551,17.49285568,7.211102551,16.1245155,7.211102551,16.55294536,7.810249676,16.1245155,6.708203932,15.23154621,8.544003745,14.86606875,8.94427191,15.23154621,11.18033989,14.31782106,9.486832981,13.92838828,11.18033989
5.099019514,20.61552813,5,20.61552813,3,20.61552813,2.236067977,20.24845673,3,21.40093456,3,20.24845673,1.414213562,20.80865205,1,20.80865205,2,19.41648784,3,17.49285568,2,19.41648784,2.236067977,19.41648784,3.16227766,18.02775638,3,18.02775638,3.605551275,17.49285568,4.123105626,16.64331698,4.472135955,17.49285568,4.123105626,16.64331698,5,16.64331698,5.385164807,16.1245155,6.32455532,14.76482306,7.071067812,15.26433752,7,14.76482306,8.062257748,15.65247584,8.062257748,13.41640786,8,13.89244399
17.02938637,13.41640786,19.10497317,14.31782106,19.84943324,13.89244399,19.41648784,13.89244399,18.86796226,12.20655562,19.41648784,12.20655562,19.41648784,12.20655562,18.60107524,10.81665383,17.49285568,10,17.49285568,10.81665383,18.86796226,10.63014581,17.49285568,10.63014581,17.88854382,10.63014581,17.88854382,10.63014581,17,10.63014581,17.4642492,9.899494937,15.65247584,10.63014581,14.86606875,10,16.15549442,10.63014581,15.8113883,10,14.86606875,10.63014581,13.60147051,10,13.34166406,10.81665383,14.14213562,10.81665383,14.31782106,11.18033989,13.34166406,13.03840481
9.486832981,16.2788206,8.544003745,17.20465053,7.615773106,17.02938637,7.615773106,17.49285568,6.708203932,17.20465053,7.615773106,18.60107524,6.403124237,17.20465053,7.211102551,16.64331698,5.656854249,17.49285568,5.830951895,16.64331698,7.071067812,16.1245155,5.830951895,15.26433752,5.830951895,17,6.403124237,17.49285568,6.403124237,16.1245155,5.385164807,15.23154621,5.830951895,15.23154621,6.32455532,13.89244399,5.385164807,13,7.280109889,13.60147051,6.32455532,13.92838828,6.708203932,12.08304597,7.615773106,11.40175425,8.544003745,12.36931688,9.848857802,11.18033989,9.219544457,11.18033989
15.23154621,17.69180601,15.65247584,16.40121947,15.65247584,16.2788206,16.1245155,17.80449381,13.60147051,17.80449381,13.03840481,19.20937271,13.60147051,18.60107524,11.40175425,18.60107524,13.03840481,19.41648784,11.40175425,17.20465053,12.80624847,17.49285568,12.04159458,17.49285568,12.04159458,17.49285568,11.3137085,16.64331698,11.3137085,16.1245155,12.04159458,16.64331698,12.04159458,16.15549442,11.40175425,14.76482306,12.80624847,16.15549442,12.20655562,14.86606875,11.66190379,13.60147051,12.04159458,14.56021978,12.20655562,13.34166406,13.03840481,13.15294644,13.03840481,13.15294644,13.89244399,13.15294644
5.099019514,20.61552813,4.123105626,19.41648784,4.123105626,22.6715681,4.472135955,20.61552813,3.16227766,18.86796226,4.123105626,19.84943324,1.414213562,19.41648784,1.414213562,20,1.414213562,18.86796226,3.16227766,19.20937271,2.236067977,18.35755975,1.414213562,18.86796226,1.414213562,19.41648784,2.236067977,18.02775638,0,17.20465053,3.16227766,17.20465053,2.236067977,16.1245155,3.605551275,16.64331698,4,15.65247584,4.472135955,16.1245155,4,13.60147051,4.472135955,17,6.08276253,13.60147051,5.099019514,15,7,14.4222051,7.071067812,14.76482306
22.02271555,4,22.20360331,3,21.40093456,3.16227766,23.02172887,3.16227766,22.02271555,3.16227766,22.20360331,1,22.20360331,1,21.40093456,1.414213562,21.09502311,1,20.24845673,3,20.59126028,2.236067977,19.72308292,2.828427125,20.24845673,3.16227766,19.72308292,2.236067977,20.1246118,2.236067977,18.35755975,3.605551275,19.23538406,4.123105626,16.64331698,3.605551275,18.35755975,4.123105626,17,5.099019514,17,4.123105626,16.15549442,7.280109889,14.31782106,7.071067812,14.86606875,9.219544457,15.23154621,9.055385138,14.86606875,9.055385138
14.14213562,16.1245155,13.45362405,17,13.45362405,15.65247584,15,16.1245155,14.2126704,14.76482306,14.2126704,15.26433752,13.60147051,14.4222051,15.26433752,12.80624847,14.76482306,11.66190379,14.4222051,11.18033989,14.4222051,12.20655562,14.76482306,12.20655562,13.89244399,12.04159458,13.92838828,12.72792206,13,11.40175425,13.92838828,9.899494937,13.60147051,11.3137085,11.70469991,11.40175425,11.70469991,11.40175425,13.15294644,12.04159458,11.18033989,11.3137085,12.04159458,11.3137085,11,10.63014581,11,11.3137085,11.04536102,11.3137085,9.055385138,10.81665383
15.26433752,16.2788206,13.41640786,17.20465053,13.03840481,16.40121947,13.03840481,16.64331698,12.52996409,16.40121947,13.03840481,16.1245155,13.60147051,16.64331698,12.20655562,17.49285568,12.04159458,16.1245155,13.45362405,14.31782106,12.04159458,16.55294536,10.63014581,15.65247584,11.40175425,17.4642492,12.04159458,15.65247584,10.63014581,15.26433752,12.04159458,15.23154621,9.219544457,14.86606875,10.81665383,13.92838828,10,14.56021978,10.81665383,14.14213562,12.20655562,13.34166406,10.63014581,12.36931688,10,12,12.20655562,12.04159458,11.66190379,10.04987562,13.03840481,12.04159458
8.062257748,23.02172887,8.062257748,23.60084744,8.602325267,23.02172887,8.602325267,23.02172887,9.433981132,21.63330765,9.219544457,22.20360331,8.602325267,20.24845673,9.848857802,19.41648784,11.66190379,18.60107524,10.29563014,20.80865205,11.70469991,19.41648784,10.77032961,17.02938637,8.246211251,18.02775638,9.486832981,18.60107524,11.18033989,18.02775638,9.219544457,18.43908891,11,17.20465053,8.062257748,17.80449381,10.19803903,17.20465053,9.055385138,17.49285568,9.219544457,17.20465053,9.486832981,16.40121947,8.544003745,15,9.433981132,17.02938637,8.062257748,15.62049935,8.602325267,15.8113883
19.72308292,7.211102551,18.86796226,6.403124237,18.86796226,7.810249676,17.49285568,8.602325267,17,7.810249676,17.49285568,7.211102551,17.20465053,8.94427191,18.02775638,8.94427191,15.65247584,8.94427191,14.4222051,8.94427191,15.26433752,9.848857802,14.76482306,9.486832981,15.26433752,9.486832981,14.4222051,9.486832981,14.2126704,8.246211251,14.4222051,9.219544457,14.2126704,9.055385138,13.60147051,7.071067812,13.60147051,8,13.03840481,8,13.60147051,9.055385138,12.80624847,6.32455532,11.40175425,6.708203932,11.40175425,8.94427191,13.45362405,9.486832981,12.72792206,8.062257748
19.23538406,12.04159458,18.35755975,12.04159458,19.23538406,14.14213562,18.35755975,12.04159458,18.35755975,13.60147051,18.86796226,14.4222051,16.64331698,14.4222051,16.40121947,13.03840481,15.8113883,13.03840481,15,15,15.8113883,15.23154621,15.26433752,12.52996409,13.89244399,13.41640786,14.2126704,14.31782106,15.26433752,12.64911064,14.2126704,13.60147051,13.60147051,13.60147051,13.45362405,10.77032961,12.72792206,11.18033989,13.45362405,10.04987562,13.45362405,11.04536102,12.20655562,11.04536102,12.72792206,11.04536102,13.45362405,11.18033989,12.72792206,10.19803903,14.86606875,10.44030651
20,4,20.24845673,2.828427125,19.41648784,5,20.24845673,2.236067977,19.41648784,3.16227766,19.41648784,3.605551275,19.41648784,4.123105626,18.02775638,5.099019514,17.49285568,7.211102551,17,5,17.49285568,5,16.64331698,6,16.1245155,5,16.40121947,4,16.1245155,5,15.26433752,6.32455532,15.26433752,5.099019514,13.89244399,5.385164807,13.89244399,3.605551275,13.89244399,5,14.4222051,4.242640687,13.60147051,6.403124237,13.41640786,7.810249676,13.41640786,8.062257748,13.03840481,6.403124237,13.89244399,8.602325267
21.63330765,10.81665383,18.86796226,9.899494937,20.80865205,10.63014581,19.72308292,10,18.86796226,11.66190379,18.86796226,12.80624847,19.41648784,12.20655562,18.60107524,10.77032961,17.80449381,12.52996409,19.20937271,12.08304597,17.80449381,13.92838828,16.64331698,10.44030651,17.20465053,10.44030651,17.80449381,10.77032961,16.40121947,11.18033989,17.02938637,12.64911064,15.8113883,10.04987562,15,9.055385138,16.40121947,10,14.86606875,9,14.14213562,10,15,10.19803903,15,8.062257748,15.62049935,10.77032961,14.14213562,9.486832981,15.55634919,9.848857802
3.16227766,25.23885893,2.236067977,25.55386468,2.236067977,25,1,25.55386468,0,22.8035085,2.828427125,24.69817807,2.236067977,23.02172887,1,23.85372088,5.385164807,23.32380758,3.605551275,21.47091055,4.123105626,23.02172887,3.16227766,22.20360331,3.16227766,22.20360331,4.242640687,21.9544984,4.472135955,20.24845673,5,21.47091055,5,21.02379604,5.656854249,18.86796226,7.071067812,19.23538406,7.810249676,16.1245155,5,17.49285568,7.810249676,17.88854382,7.071067812,17.88854382,9.486832981,15.23154621,8.246211251,17.08800749,9.055385138,17.4642492
12.64911064,17.69180601,12.52996409,17.80449381,11.66190379,17.80449381,13,17.20465053,11.66190379,17.20465053,11.18033989,18.02775638,8.94427191,18.02775638,9.433981132,17.88854382,9.219544457,16.64331698,10,15.65247584,9.899494937,17.49285568,8.485281374,17,9.219544457,16.1245155,8.485281374,16.1245155,9.219544457,16.15549442,7.810249676,16.55294536,8.485281374,14.86606875,9.433981132,13.92838828,8.602325267,14.86606875,9.433981132,14.56021978,8.062257748,14.31782106,8.062257748,13.34166406,9.433981132,12.04159458,11.18033989,11.18033989,10.77032961,12.04159458,11.66190379,12
23.02172887,7.071067812,26.07680962,8.246211251,24.69817807,5.830951895,22.47220505,6.708203932,23.02172887,6.403124237,23.32380758,7.810249676,23.32380758,8.485281374,22.47220505,9.219544457,22.20360331,9.219544457,22.6715681,10,22.20360331,8.94427191,19.41648784,8.94427191,20,7.615773106,18.60107524,8.246211251,20.24845673,7.615773106,20.80865205,9.055385138,18.02775638,7.280109889,18.60107524,9.055385138,18.86796226,8,17.20465053,8.062257748,18.60107524,7.280109889,17.02938637,8.544003745,18.86796226,8.246211251,17.49285568,7.211102551,17.02938637,9.219544457,16.40121947,7.211102551
22.8035085,5.385164807,22.8035085,3.16227766,23.60084744,2,21.9544984,2.236067977,20.59126028,3.16227766,20.59126028,3,21.40093456,3.16227766,21.09502311,5,20.59126028,5,17.88854382,3.16227766,22.02271555,5,17.88854382,4.472135955,16.40121947,4.242640687,18.43908891,6.32455532,16.64331698,7.071067812,18.86796226,2.236067977,17.88854382,3.16227766,17.20465053,5.099019514,18.86796226,5.099019514,18.35755975,2,17,5.385164807,14.2126704,4.472135955,15.26433752,4.123105626,13.60147051,6.403124237,13.60147051,7.810249676,17.49285568,6.708203932
16.1245155,14.14213562,16.1245155,14.2126704,15.26433752,14.2126704,14.76482306,14.2126704,13.89244399,14.4222051,13.89244399,15,13.03840481,14.76482306,12.52996409,14.4222051,12.80624847,13.89244399,13.45362405,13.41640786,12.80624847,13.92838828,12.20655562,13.92838828,11.40175425,13.92838828,11.3137085,13,10.63014581,13,11.40175425,13,10.81665383,12.64911064,11.3137085,11.40175425,12.04159458,11.18033989,10.63014581,12.16552506,10.63014581,11.18033989,10,10,11.3137085,11,11.3137085,10.04987562,11.40175425,10.19803903,11.40175425,11.40175425
22.20360331,5.099019514,22.20360331,4,21.40093456,3,21.63330765,3.16227766,21.63330765,2.236067977,22.20360331,1.414213562,21.63330765,1,20.80865205,1,21.63330765,1.414213562,21.40093456,2,20.80865205,2.236067977,19.72308292,2.236067977,19.72308292,1.414213562,18.35755975,2.828427125,18.86796226,2.236067977,19.23538406,2.828427125,18.35755975,2.236067977,17.88854382,4.123105626,17,3,17.4642492,4,15.65247584,5.099019514,15.65247584,6.08276253,15.23154621,6.08276253,16.1245155,8.062257748,13.41640786,8.062257748,15.23154621,8
23.02172887,8.544003745,22.47220505,7.211102551,22.47220505,7.211102551,22.20360331,7.810249676,19.72308292,7.071067812,20.24845673,8.485281374,19.72308292,10,20.80865205,9.433981132,20.24845673,10.81665383,20,10,19.41648784,10.29563014,20.24845673,9.433981132,18.60107524,8.062257748,18.02775638,8.94427191,18.02775638,9.848857802,19.41648784,9.219544457,17.20465053,8.246211251,17.80449381,9.055385138,17.02938637,8.062257748,17.20465053,7.071067812,15,7,15.8113883,9.055385138,15.62049935,8.246211251,15.8113883,8.544003745,15.62049935,8.246211251,17.02938637,8.544003745
22.47220505,9.433981132,21.09502311,8.062257748,21.09502311,9.433981132,20.24845673,7.810249676,19.72308292,8.602325267,20.24845673,10,19.41648784,10,19.20937271,10.81665383,18.02775638,9.219544457,18.35755975,11.40175425,18.60107524,11.66190379,18.35755975,11.18033989,17.20465053,10.77032961,16.64331698,11.40175425,16.40121947,8.246211251,15.8113883,9.848857802,14.86606875,11.18033989,15.62049935,9.219544457,15,8.246211251,15.8113883,9.055385138,14.86606875,9.055385138,14.2126704,8.062257748,15,10.44030651,16.40121947,8.544003745,14.14213562,8.544003745,16.2788206,9.486832981
12.64911064,19.84943324,11.70469991,20,11.18033989,21.40093456,11.18033989,20.80865205,11.18033989,20,12.20655562,20.24845673,9.848857802,21.09502311,8.602325267,19.41648784,8.485281374,21.63330765,11.40175425,17.88854382,10.63014581,19.72308292,7.810249676,18.35755975,7.211102551,19.23538406,7.071067812,18.02775638,8.485281374,17.49285568,7.810249676,18.35755975,8.602325267,17.4642492,8.94427191,17.4642492,7.810249676,17.08800749,9.433981132,14.86606875,8.94427191,16.15549442,10.29563014,13.60147051,9.848857802,14.31782106,11.40175425,13.34166406,10.44030651,14.31782106,11.66190379,15.29705854
5.099019514,20.80865205,2.236067977,20.61552813,4.123105626,20.80865205,1.414213562,20.80865205,1.414213562,19.41648784,1,19.41648784,2,19.41648784,0,19.41648784,1,18.86796226,1,17.80449381,2,18.86796226,2,18.02775638,2.828427125,18.35755975,2.236067977,18.35755975,2.236067977,17.88854382,4.123105626,15.26433752,3.16227766,16.64331698,3.16227766,16.1245155,5.385164807,17,5.830951895,16.55294536,4.123105626,13.41640786,5.385164807,15.23154621,5.099019514,13.41640786,7,15.23154621,7,14.31782106,8.062257748,13
24.41311123,4.123105626,24.41311123,4,25,4,24.69817807,4,22.47220505,4,23.85372088,4.123105626,23.32380758,4.242640687,23.02172887,2.828427125,22.47220505,4.123105626,20.24845673,4,23.02172887,4.472135955,20.24845673,5.099019514,22.47220505,4.123105626,21.09502311,4.123105626,20.24845673,3.16227766,20.80865205,3,18.86796226,4.123105626,19.41648784,5,20.24845673,5.099019514,18.02775638,4.472135955,18.86796226,5,17.20465053,5,18.35755975,6.403124237,16.64331698,7.211102551,17,8.062257748,17.49285568,5.830951895
14.86606875,13.41640786,17.02938637,14.31782106,15.62049935,13.41640786,17.49285568,12.52996409,16.40121947,11.18033989,15.8113883,11.40175425,18.02775638,11.66190379,17.49285568,10.81665383,14.4222051,11.40175425,16.15549442,10.63014581,15.65247584,9.899494937,17,8.485281374,17,9.219544457,15.65247584,10.63014581,14.31782106,9.219544457,15.23154621,9.219544457,14.31782106,9.433981132,12.08304597,10,13.60147051,9.219544457,14.56021978,10.63014581,12.36931688,10.29563014,11.18033989,12.04159458,11.18033989,11.66190379,12.16552506,12.08304597,13.03840481,11.66190379,11.04536102,11.66190379
8.062257748,23.60084744,4.472135955,22.20360331,4.242640687,25.23885893,4.472135955,25.61249695,3.605551275,22.6715681,5,25.8069758,1.414213562,23.02172887,5.656854249,23.02172887,4.472135955,17.11724277,8.246211251,18.24828759,2,23.60084744,1,21.63330765,3.16227766,21.09502311,5,23.02172887,5,21.09502311,4,20.80865205,2.828427125,20.80865205,3.605551275,19.41648784,5.830951895,20.80865205,5.656854249,17.20465053,5.656854249,19.72308292,6.403124237,18.02775638,4.472135955,17.49285568,7.280109889,18.02775638,8.246211251,18.35755975,7.280109889,17.49285568
7.615773106,18.86796226,7.211102551,18.60107524,8.485281374,19.41648784,7.810249676,18.60107524,7.071067812,18.02775638,7.071067812,17.20465053,7.810249676,18.02775638,8.062257748,17.20465053,7.615773106,17.49285568,7.615773106,15.8113883,7.211102551,16.64331698,7.615773106,15.8113883,7.615773106,15.8113883,9.486832981,15.8113883,7.615773106,15.26433752,9.219544457,15.26433752,7.280109889,14.2126704,6.08276253,14.2126704,8.062257748,14.4222051,9,13.60147051,8,14.4222051,9.219544457,15,6.32455532,13.60147051,8.94427191,14.4222051,8.062257748,12.80624847,8.062257748,13.60147051
19.84943324,5.385164807,20.24845673,5.099019514,21.40093456,5.099019514,21.63330765,4.123105626,19.41648784,3.16227766,19.41648784,2.236067977,20.80865205,2.236067977,20.24845673,1,19.72308292,1,18.35755975,1,19.72308292,1.414213562,18.35755975,2,18.78829423,2,18.02775638,3.16227766,18.35755975,2.236067977,17.49285568,3.605551275,17,4.123105626,16.1245155,4,17,3.16227766,15.23154621,5.099019514,13.89244399,5.385164807,14.31782106,5,13,6.08276253,15.23154621,8,13.41640786,7,13.92838828,8.062257748
19.10497317,19.41648784,20.61552813,17,21.40093456,18.02775638,19.72308292,15.8113883,21.09502311,16.64331698,19.84943324,15.8113883,20.24845673,15.26433752,20.24845673,14.86606875,19.41648784,13.60147051,19.72308292,12.20655562,20.59126028,14.14213562,18.78829423,12.72792206,19.6977156,14.86606875,17.88854382,13.45362405,18.68154169,15,18.68154169,11.3137085,16.76305461,12.80624847,15.8113883,13.60147051,17.72004515,12.04159458,16.1245155,15.62049935,16.1245155,13.45362405,12.04159458,11.3137085,13.03840481,14.2126704,14,15,15.03329638,12.72792206,14.03566885,13.60147051
5.099019514,21.40093456,2,20.80865205,2.828427125,20.80865205,2.236067977,20.24845673,1.414213562,20.80865205,2.236067977,20.59126028,1,18.60107524,2,18.35755975,4,19.41648784,3.16227766,19.41648784,2.236067977,18.86796226,2,18.35755975,4.242640687,18.35755975,3.605551275,17.88854382,6,16.1245155,5.385164807,16.55294536,3,15.65247584,5.099019514,14.76482306,5.099019514,14.31782106,5.385164807,13.92838828,6.32455532,13.41640786,6.08276253,12.64911064,7.071067812,12.64911064,8.062257748,12.64911064,8.062257748,10.77032961,8.062257748,12.64911064
17.02938637,13,15.55634919,13,17.80449381,12.08304597,17.80449381,11.18033989,15.8113883,11.66190379,17.02938637,10.81665383,17.02938637,10.81665383,17,10,16.64331698,8.602325267,17,10.29563014,17.20465053,8.602325267,17,9.899494937,15.26433752,9.219544457,16.1245155,8.602325267,15,8.485281374,14.76482306,8.602325267,14.31782106,7.810249676,14.31782106,8.062257748,13.41640786,9.899494937,14.86606875,8.485281374,13,9.433981132,13.92838828,11.40175425,12.64911064,8.94427191,12.36931688,8.94427191,14.31782106,10.29563014,12.16552506,9.848857802
8.062257748,21.26029163,8.544003745,21.26029163,6.08276253,19.20937271,5.385164807,19.20937271,5.099019514,20.61552813,5,20,4.472135955,20.80865205,4.472135955,19.41648784,3.605551275,20,4.472135955,18.02775638,5,19.41648784,3.16227766,19.41648784,3,19.41648784,3.16227766,19.72308292,3.16227766,16.1245155,3.605551275,18.86796226,4.123105626,16.64331698,4.472135955,17.20465053,5.099019514,16.64331698,6.08276253,15.26433752,7.071067812,15.65247584,6,16.1245155,6.32455532,13.89244399,7.071067812,15.26433752,8.062257748,16.1245155,8.246211251,15.65247584
5.099019514,20,3.16227766,20,3.605551275,20.80865205,2.236067977,20,2.236067977,20.80865205,1.414213562,18.86796226,1,19.23538406,1,20.80865205,2,18.35755975,2,20.59126028,1,18.86796226,2.236067977,17.49285568,3,18.02775638,2.236067977,19.41648784,4.242640687,18.35755975,4.242640687,18.02775638,3.605551275,17.20465053,3.605551275,15,5,17,4.472135955,15.26433752,5,15.26433752,6.32455532,16.64331698,5.385164807,14.4222051,7.071067812,15.65247584,7.280109889,14.4222051,9.219544457,14.76482306
18.35755975,11.3137085,17,12.04159458,17.49285568,13.45362405,17.4642492,11.66190379,16.1245155,12.20655562,16.55294536,13.60147051,16.1245155,11.66190379,15,13.41640786,15.65247584,12.08304597,12.52996409,13.92838828,15.62049935,14.31782106,12.80624847,14.86606875,14.2126704,12.64911064,14.86606875,13.92838828,13.60147051,12.36931688,12.04159458,12.36931688,12.04159458,11.40175425,13.45362405,10.19803903,12.72792206,11.18033989,12.80624847,10.04987562,13.45362405,11,12.20655562,10.04987562,12.72792206,10,12.80624847,8.062257748,13.60147051,9.219544457,14.86606875,9.219544457
8.062257748,20,7.280109889,18.86796226,6.08276253,20.24845673,5.385164807,20,4.472135955,18.86796226,4,20,3,18.35755975,3.605551275,19.41648784,2.236067977,20,2.828427125,20.80865205,4.472135955,17.49285568,2.236067977,18.02775638,4,18.02775638,4,17.49285568,2,18.35755975,4.123105626,16.64331698,4,16.64331698,5.099019514,16.64331698,6.08276253,15.26433752,6.08276253,15.26433752,5,14.76482306,7.071067812,13.89244399,7.071067812,14.76482306,9,15.8113883,10.04987562,14.4222051,10.19803903,13.41640786
13.41640786,12.04159458,14.31782106,12.72792206,14.31782106,14.2126704,13.41640786,13.45362405,13,13.45362405,13.03840481,12.80624847,12.08304597,13.60147051,11.66190379,13.03840481,11.18033989,13.60147051,9.433981132,12.80624847,11.40175425,13.41640786,10,13.89244399,10.63014581,13.60147051,10,12.08304597,9.899494937,12.08304597,10,13,10.63014581,12.08304597,9.899494937,11.70469991,9.899494937,10.77032961,10,10.44030651,11.40175425,11.40175425,9.219544457,8.246211251,10,9.055385138,10.29563014,11.18033989,10.29563014,10.19803903,13.03840481,10.04987562
12.08304597,18.43908891,11.66190379,19.20937271,11.18033989,17.80449381,10.81665383,19.20937271,8.602325267,18.60107524,9.433981132,18.60107524,9.219544457,17.49285568,7.810249676,18.60107524,7.615773106,18.02775638,8.485281374,17.49285568,9.219544457,17.49285568,8.485281374,18.60107524,7.615773106,16.64331698,8.062257748,16.64331698,8.062257748,17,7.211102551,17,8.94427191,15.65247584,7.211102551,13.92838828,10.29563014,14.31782106,8.94427191,15.23154621,8.544003745,13,10.77032961,13.60147051,10.29563014,13.92838828,12.08304597,13.92838828,12.08304597,11.70469991,13,13.60147051
14.76482306,12.04159458,14.76482306,11.40175425,14.4222051,11.3137085,13.89244399,12.72792206,12.20655562,12.80624847,13.03840481,12.20655562,13.03840481,12.20655562,11.66190379,12.20655562,11.66190379,11.18033989,10.81665383,10.77032961,11.40175425,11.66190379,10.63014581,12.52996409,10.63014581,11.18033989,9.899494937,10.29563014,9.899494937,10.29563014,12.04159458,12.08304597,10.63014581,9.848857802,9.899494937,10.44030651,10.63014581,11.40175425,9.899494937,8.246211251,10.63014581,10.04987562,11.40175425,8.062257748,11.40175425,9,11.40175425,9.055385138,12.20655562,8,10.81665383,8
20.80865205,2.236067977,21.09502311,2.236067977,22.02271555,2.236067977,21.63330765,1,21.40093456,0,21.40093456,1.414213562,20.24845673,1,20,2.236067977,19.41648784,2.236067977,19.41648784,4.242640687,20.80865205,2.236067977,18.86796226,2.236067977,18.60107524,5.385164807,18.86796226,4.242640687,16.64331698,3.605551275,18.60107524,2.236067977,18.02775638,5.830951895,16.40121947,4.242640687,15.8113883,5,15.8113883,6.403124237,15.8113883,6.708203932,15.8113883,7.071067812,14.76482306,7.615773106,14.76482306,7.615773106,14.4222051,7.071067812,16.1245155,9.848857802
11.70469991,16.97056275,10.44030651,17.02938637,9.848857802,17.02938637,10.81665383,17.20465053,9.848857802,17.80449381,8.94427191,17.80449381,8.602325267,17.20465053,9.433981132,17.20465053,8.485281374,17.20465053,7.810249676,17.02938637,8.602325267,17.20465053,7.810249676,16.1245155,8.485281374,16.1245155,7.810249676,15.26433752,7.211102551,14.76482306,8.602325267,16.1245155,7.810249676,14.76482306,8.602325267,14.31782106,8.062257748,13.41640786,8.94427191,13.41640786,8.94427191,13.92838828,8.062257748,13,9.848857802,13,9.433981132,13.60147051,9.848857802,12.64911064,10.77032961,12.64911064
8.602325267,17.49285568,10,18.86796226,10.63014581,17.49285568,10.81665383,18.02775638,10.63014581,16.64331698,9.219544457,18.02775638,10.63014581,15.8113883,10,16.64331698,10,15,11.40175425,16.40121947,10.77032961,16.40121947,10.29563014,15,12.08304597,14.2126704,11.70469991,14.86606875,9.848857802,14.4222051,10.44030651,14.2126704,10.44030651,13.45362405,8.246211251,13.60147051,10.04987562,14.2126704,9.055385138,13.45362405,9.055385138,12.72792206,8.062257748,13.45362405,8.062257748,12.72792206,9.219544457,14.14213562,9.219544457,13.45362405,8.246211251,12.72792206
4.123105626,20.61552813,2.236067977,20.24845673,2.828427125,18.86796226,1,18.86796226,3.16227766,20.24845673,4.123105626,17.88854382,2.236067977,18.35755975,2.236067977,18.43908891,2.236067977,16.76305461,4.123105626,17.88854382,2.236067977,18.43908891,2.236067977,18.02775638,4.472135955,18.35755975,2,16.64331698,2.828427125,18.35755975,2,15.26433752,4.472135955,14.86606875,4,14.76482306,5,13.89244399,8.062257748,14.31782106,5.385164807,14.31782106,4.123105626,12.20655562,6.32455532,9.219544457,7.280109889,15.8113883,7.280109889,15.5241747,7.615773106,14.86606875
13.03840481,16.1245155,11.3137085,15.65247584,14.14213562,16.1245155,13.45362405,16.55294536,14.14213562,17,12.80624847,14.76482306,13.60147051,15.26433752,13.60147051,13.41640786,13.89244399,13.60147051,13.03840481,11.40175425,15.26433752,13.60147051,12.52996409,12.80624847,13.41640786,11.40175425,13.89244399,12.80624847,11.66190379,10.63014581,12.52996409,12.04159458,12.52996409,12.04159458,12.08304597,11.3137085,12.08304597,10.63014581,11.70469991,11.40175425,11.18033989,12.04159458,10.77032961,12.04159458,10.19803903,12.80624847,10.44030651,12.52996409,10.19803903,12.52996409,9.055385138,13.60147051
20.24845673,6.708203932,20.24845673,7.810249676,19.72308292,7.810249676,18.86796226,7.810249676,18.60107524,7.810249676,19.72308292,8.602325267,18.86796226,8.94427191,16.64331698,8.94427191,17.80449381,8.544003745,17.80449381,8.246211251,16.64331698,9.486832981,17.20465053,10.19803903,15.8113883,8.246211251,16.40121947,8.062257748,15.26433752,8.062257748,15,10.04987562,16.64331698,9,15,7,14.2126704,8.062257748,15,8.062257748,14.2126704,8.246211251,12.20655562,7.615773106,12.20655562,8.062257748,12.80624847,8.602325267,12.80624847,7.810249676,13.60147051,9.219544457
12.80624847,17,12.04159458,15.8113883,14.2126704,18.60107524,14.4222051,17,14.2126704,16.64331698,15,16.64331698,13.60147051,14.4222051,14.31782106,14.4222051,15.26433752,13.03840481,15.26433752,14.2126704,14.31782106,14.2126704,14.31782106,14.4222051,14.86606875,12.20655562,11.70469991,13.60147051,13.60147051,12.80624847,13.34166406,12.80624847,13.34166406,11.40175425,12.64911064,11.3137085,12.04159458,12.04159458,12.16552506,11.3137085,12,11.3137085,10,10.63014581,10,11.3137085,10.04987562,11.3137085,10.04987562,11.3137085,9.219544457,12.04159458
13.45362405,16.55294536,12.04159458,17.49285568,13.45362405,16.1245155,15,15.65247584,13.60147051,16.64331698,14.2126704,15,14.76482306,14.76482306,14.31782106,15,16.1245155,13.60147051,15.26433752,14.86606875,13.89244399,12.80624847,14.86606875,12.04159458,13.92838828,13.60147051,12.64911064,12.80624847,12.64911064,12.72792206,13,12.72792206,12.64911064,12.04159458,12.64911064,12.04159458,11.40175425,12.04159458,10.19803903,13.60147051,12.04159458,12.04159458,12.04159458,12.80624847,10,12.80624847,9,12.80624847,10,12.80624847,10,13.60147051
22.02271555,2.236067977,23.02172887,1,22.8035085,1.414213562,23.02172887,1.414213562,23.85372088,0,21.63330765,2.236067977,22.47220505,2.236067977,20.59126028,3.16227766,21.40093456,2,22.20360331,3,20.80865205,4.472135955,18.02775638,4.123105626,19.23538406,4.472135955,18.86796226,4.472135955,16.64331698,4.472135955,18.35755975,5.656854249,18.02775638,6.403124237,18.02775638,5.656854249,16.64331698,5,16.1245155,6.403124237,16.64331698,6.708203932,17,6.08276253,15.65247584,7.280109889,16.1245155,8.062257748,15.65247584,8.062257748,14.76482306,8.544003745
6.32455532,21.9544984,7.615773106,23.32380758,7.211102551,22.82542442,6.403124237,23.32380758,7.810249676,22.82542442,7.810249676,21.47091055,7.071067812,22.20360331,9.433981132,20.80865205,10,20.61552813,8.94427191,20,10.29563014,20,8.94427191,19.41648784,9.486832981,17.20465053,10.44030651,21.40093456,9.486832981,18.60107524,7.280109889,19.41648784,9.219544457,18.60107524,7.071067812,17.80449381,9.055385138,18.60107524,7.071067812,17.80449381,7,18.60107524,8.062257748,17.02938637,8.544003745,15.62049935,8.246211251,16.40121947,8.544003745,16.2788206,9.433981132,17.80449381
18.86796226,14.2126704,18.35755975,14.86606875,19.41648784,15.55634919,17.49285568,15.62049935,17.49285568,15.8113883,17.49285568,17.02938637,17.20465053,17.20465053,15.26433752,14.76482306,15.62049935,17.49285568,15.62049935,15.26433752,16.40121947,16.1245155,15.62049935,15.23154621,14.86606875,16.55294536,14.86606875,14.31782106,12.72792206,15.65247584,14.14213562,15.23154621,14.86606875,14.56021978,14.14213562,11.70469991,12.80624847,13.92838828,12.04159458,12.64911064,13.60147051,14.31782106,13.45362405,12.16552506,13.60147051,11.18033989,14.2126704,11.04536102,14.2126704,12.04159458,14.86606875,12
18.02775638,14.86606875,16.64331698,16.40121947,15.8113883,15,16.40121947,14.76482306,15.8113883,15.8113883,15.65247584,15.8113883,15.8113883,16.1245155,14.4222051,16.1245155,15,15.23154621,15.55634919,13.92838828,14.14213562,15.65247584,13.60147051,15.65247584,12.80624847,14.31782106,12.72792206,14.86606875,13.45362405,14.86606875,12.72792206,13.60147051,13.45362405,14.56021978,12.80624847,11.40175425,12.72792206,12.36931688,12.04159458,12.16552506,12.04159458,12.16552506,12.72792206,11,12.04159458,11.04536102,13.45362405,12.04159458,14.2126704,9.219544457,13.45362405,10.04987562
4,21.26029163,4.123105626,21.40093456,3.16227766,22.47220505,1.414213562,22.20360331,1,21.63330765,2,21.09502311,1,20.80865205,0,20.80865205,2.236067977,21.09502311,3.16227766,19.41648784,2.236067977,18.86796226,2,18.86796226,3.16227766,19.72308292,3.605551275,18.02775638,2.828427125,19.72308292,4.242640687,15.8113883,3.16227766,18.02775638,4.472135955,16.40121947,6.403124237,16.64331698,5.385164807,16.64331698,6.708203932,16.55294536,6.08276253,15.26433752,6,16.55294536,7.280109889,15.26433752,8.062257748,14.76482306,8.062257748,14.31782106
7,18.60107524,5,20,6.08276253,20.24845673,5.385164807,18.60107524,4.472135955,19.41648784,2.236067977,18.02775638,2.236067977,20.24845673,3.605551275,18.86796226,1,18.35755975,0,16.64331698,3.605551275,18.02775638,3.16227766,17,3.16227766,17.20465053,3.605551275,18.35755975,4.123105626,17,5.099019514,14.76482306,4,16.55294536,4,14.31782106,5.099019514,14.31782106,6.08276253,14.86606875,6.08276253,14.31782106,6.08276253,12.52996409,6,13,8.062257748,13.92838828,7,12.36931688,8.062257748,12.08304597
15.62049935,12.52996409,17.69180601,13.60147051,17.20465053,13.89244399,16.64331698,11.66190379,17.80449381,11.40175425,17.20465053,12.52996409,18.86796226,11.40175425,16.64331698,11.40175425,17,9.899494937,16.64331698,10,15.65247584,10.63014581,17.88854382,10,15.23154621,9.899494937,16.15549442,10.63014581,14.31782106,10.63014581,15.23154621,10,16.76305461,9.219544457,12.08304597,10,12.64911064,9.899494937,14.31782106,10.63014581,13.15294644,8.485281374,12.16552506,10,11.04536102,10.81665383,12.16552506,10.63014581,13.03840481,10.81665383,11.04536102,11.66190379
44.41846463,31.40063694,50.20956084,31.82766093,53.60037313,42.80186912,46.06517123,39.62322551,46.5295605,31.90611227,47.50789408,31.40063694,43.829214,27.80287755,45.45327271,21.21320344,28.16025568,26.17250466,37.94733192,33.24154028,34,30.3644529,33.61547263,39.20459157,35.77708764,30.41381265,42.20189569,32.55764119,24.69817807,24.08318916,31.40063694,42.75511665,47.38143096,13.15294644,39.44616585,9.433981132,39.62322551,29.15475947,32.55764119,34.4818793,37.64306045,18.78829423,32.55764119,26.47640459,31.06444913,19.41648784,35.4682957,30.8058436,28.31960452,38.48376281,33.01514804,31.89043744
6.708203932,19.72308292,6.32455532,20.80865205,7.810249676,20.24845673,7.071067812,20.24845673,5.656854249,19.72308292,7.071067812,21.9544984,7.810249676,19.41648784,8.062257748,18.02775638,5.830951895,19.20937271,7.280109889,18.60107524,8.246211251,17.20465053,8.246211251,17.20465053,8.062257748,17.20465053,6.708203932,16.64331698,7.071067812,17.20465053,8.246211251,15,9.219544457,16.40121947,7.071067812,14.86606875,8.062257748,16.64331698,7,14.2126704,8.246211251,15.8113883,7.071067812,16.40121947,8.062257748,14.2126704,7.615773106,14.14213562,6.708203932,14.86606875,8.062257748,16.2788206
19.84943324,5,20,3.16227766,20,2.236067977,20.80865205,2.828427125,19.20937271,2.828427125,19.20937271,2.236067977,18.02775638,2,18.02775638,2.828427125,20.24845673,2.828427125,18.86796226,1.414213562,19.41648784,2,17.49285568,2.236067977,18.86796226,2,18.02775638,2.236067977,17.49285568,3,17.49285568,2.236067977,17,3.16227766,15.8113883,3.605551275,15.26433752,3.605551275,15.26433752,2.828427125,15.26433752,4.242640687,14.4222051,5,14.76482306,5,15.26433752,5.830951895,13.89244399,5.385164807,14.4222051,5.830951895
19.84943324,12.64911064,20.51828453,11.70469991,20.61552813,12.64911064,20.61552813,11.70469991,19.20937271,11.70469991,20,11.18033989,19.41648784,8.94427191,20.24845673,10.81665383,20.80865205,8.602325267,19.41648784,9.899494937,19.72308292,9.219544457,17.88854382,7.810249676,19.72308292,7.071067812,19.23538406,8.485281374,19.23538406,7.810249676,18.35755975,7.810249676,17.88854382,6.708203932,17.88854382,8.94427191,17,8.602325267,16.55294536,8.94427191,15.8113883,8.94427191,16.15549442,8.94427191,14.56021978,10.77032961,15.23154621,10.77032961,13.92838828,11.18033989,13.60147051,12.08304597
14.2126704,16.64331698,13.45362405,18.02775638,13.60147051,15.26433752,15.26433752,15.62049935,15.26433752,14.2126704,15.26433752,15,15.65247584,15,14.76482306,14.14213562,13.92838828,12.04159458,13.92838828,13.45362405,14.31782106,14.2126704,13.41640786,13.60147051,13.60147051,12.80624847,12.64911064,13.60147051,13.60147051,12.04159458,13.60147051,12.04159458,13,12.72792206,12.36931688,12.20655562,10.19803903,14.14213562,11.04536102,12.80624847,13,13.60147051,12.04159458,13.45362405,11,11.40175425,10.19803903,14.86606875,10.19803903,12.04159458,11.18033989,12.80624847
10.29563014,17.88854382,10.63014581,17.49285568,10.63014581,18.60107524,11.40175425,17.49285568,12.72792206,17.80449381,10.81665383,17.49285568,10.29563014,15.26433752,12.20655562,15.26433752,12.08304597,15.26433752,11.70469991,15.26433752,12.52996409,15.8113883,12.08304597,15.8113883,11.70469991,15,12.08304597,14.2126704,11.70469991,13.60147051,10.77032961,14.4222051,10.04987562,12.80624847,11.04536102,12.80624847,11.18033989,14.2126704,11.04536102,13.60147051,10.04987562,13.45362405,10,12.80624847,10.04987562,13.45362405,9.219544457,13.45362405,9.219544457,12.80624847,8.246211251,14.14213562
19.20937271,9.486832981,19.20937271,9.848857802,19.41648784,8.062257748,19.41648784,8.602325267,19.41648784,9.433981132,18.35755975,8.602325267,18.60107524,8.602325267,18.60107524,7.071067812,18.35755975,7.071067812,17.88854382,7.071067812,18.35755975,6.708203932,17.4642492,6.403124237,19.23538406,7.810249676,16.55294536,6.708203932,16.55294536,5.830951895,15.65247584,5.830951895,16.15549442,6.708203932,14.76482306,7,15.23154621,8.062257748,14.86606875,8.062257748,14.56021978,8.544003745,13.34166406,8.94427191,11.70469991,8.246211251,14.31782106,10.19803903,13.15294644,9.848857802,12.04159458,10.04987562
5,24.41311123,5,24.41311123,4.242640687,25.23885893,3.16227766,23.85372088,2.236067977,23.85372088,2,24.69817807,2.236067977,24.18677324,2.828427125,23.60084744,3.16227766,23.60084744,5.385164807,24.41311123,4.123105626,22.20360331,4,22.47220505,3,21.63330765,4.123105626,22.47220505,3.16227766,19.41648784,4.472135955,21.09502311,5.385164807,18.02775638,3.605551275,19.41648784,3.605551275,19.72308292,5,18.86796226,6.403124237,18.02775638,9.219544457,19.41648784,5.830951895,18.86796226,7.211102551,16.64331698,7.810249676,17,6.708203932,16.64331698
11.40175425,16.55294536,11.40175425,18.35755975,12.72792206,18.02775638,14.14213562,17.88854382,14.2126704,17,12.72792206,17.88854382,12.80624847,13.89244399,12.80624847,14.31782106,13.60147051,15.8113883,14.4222051,12.52996409,13.03840481,14.4222051,11.66190379,14.4222051,13.41640786,12.80624847,13.41640786,14.2126704,13.41640786,12.80624847,12.08304597,12.80624847,13.41640786,12.80624847,10.44030651,10.63014581,11.70469991,12.04159458,9.486832981,11.40175425,12.36931688,12.80624847,11.40175425,12.72792206,10.19803903,12.72792206,9.055385138,13.45362405,11,12.04159458,10.19803903,12.04159458
16.1245155,14.14213562,13.89244399,13.45362405,14.4222051,14.4222051,15.26433752,15.62049935,13.03840481,14.4222051,13.89244399,16.1245155,13.03840481,14.31782106,13.60147051,15.65247584,12.80624847,14.76482306,13.45362405,14.76482306,12.72792206,15.23154621,11.3137085,14.31782106,10.81665383,14.31782106,9.899494937,13.92838828,10.63014581,13.92838828,12.04159458,14.86606875,10.63014581,13.34166406,11.40175425,12.16552506,10.63014581,12.64911064,12.04159458,11.18033989,10.63014581,11.18033989,11.18033989,10,11.3137085,10,12.20655562,9,11.66190379,10.04987562,13.03840481,10.04987562
19.23538406,18.43908891,18.38477631,17.80449381,18.02775638,19.79898987,16.64331698,20,17,17.80449381,15.8113883,18.60107524,14.86606875,19.41648784,14.76482306,19.41648784,14.2126704,20.24845673,17.02938637,19.41648784,13.45362405,18.86796226,12.72792206,19.23538406,11.40175425,17.88854382,12.04159458,17,13.45362405,17,13.60147051,16.55294536,14.86606875,15.65247584,13.45362405,16.15549442,13.45362405,16.15549442,13.60147051,13.92838828,13.60147051,14.56021978,12.80624847,16.4924225,14.2126704,14.31782106,13.60147051,13.34166406,14.76482306,13.03840481,14.4222051,14.14213562
19.72308292,11.40175425,19.72308292,12.80624847,19.72308292,12.72792206,18.60107524,13.45362405,18.35755975,13.60147051,20.24845673,13.03840481,18.60107524,13.89244399,17.69180601,12.52996409,16.40121947,13,18.43908891,11.70469991,17.20465053,13,16.40121947,12.64911064,16.40121947,12.64911064,15.62049935,12.64911064,15,11.40175425,14.2126704,13.03840481,14.2126704,12.04159458,14.86606875,11.04536102,14.86606875,11.04536102,13.45362405,10.04987562,15.62049935,12.04159458,13.45362405,9.219544457,13.45362405,11.40175425,14.2126704,8.544003745,14.14213562,9.486832981,14.14213562,10.77032961
17.49285568,14.86606875,18.35755975,15,17.49285568,15,16.40121947,16.40121947,16.64331698,15.62049935,15.26433752,16.40121947,14.4222051,14.4222051,14.4222051,14.76482306,14.2126704,14.31782106,14.86606875,14.31782106,14.2126704,16.55294536,13.60147051,15.23154621,12.80624847,14.76482306,12.04159458,14.31782106,13.45362405,13.92838828,13.45362405,13.92838828,13.45362405,13.60147051,13.45362405,12.64911064,12.04159458,12.36931688,12.04159458,12.16552506,12.72792206,11.40175425,12.72792206,11.04536102,13.45362405,11.04536102,12.80624847,11.04536102,13.60147051,11,14.2126704,11.04536102
18.38477631,15.23154621,19.10497317,15.23154621,18.60107524,15.26433752,20.80865205,15.23154621,18.86796226,14.4222051,18.02775638,14.4222051,19.41648784,13.60147051,19.41648784,14.2126704,20.61552813,11.40175425,20,12.20655562,18.02775638,11.3137085,18.78829423,10.63014581,18.86796226,11.40175425,17.49285568,12.04159458,17.88854382,12.04159458,17.49285568,10.81665383,18.38477631,8.602325267,12.52996409,9.433981132,17.08800749,11.66190379,16.76305461,12.52996409,14.56021978,12.20655562,13.92838828,12.08304597,13.34166406,12.08304597,16.2788206,13.89244399,14.31782106,12.52996409,14.31782106,14.31782106
18.35755975,10,18.78829423,10.81665383,19.72308292,12.04159458,19.41648784,10.63014581,17.49285568,12.20655562,18.35755975,11.3137085,18.35755975,12.72792206,17,12.20655562,16.64331698,12.80624847,17.80449381,13.03840481,17.80449381,14.31782106,15.8113883,12.08304597,15.62049935,11.70469991,15.26433752,11.66190379,16.40121947,12.52996409,15.8113883,12.64911064,14.2126704,11.40175425,14.14213562,10.44030651,14.86606875,11.40175425,14.86606875,12.16552506,13.45362405,10.19803903,14.86606875,10.04987562,14.86606875,11.04536102,13.45362405,11.04536102,14.86606875,10,14.2126704,9.055385138
14.31782106,19.10497317,13,20,11.18033989,18.02775638,13.03840481,20.24845673,10.81665383,18.60107524,11.66190379,20.24845673,10.29563014,18.35755975,10.63014581,19.72308292,9.899494937,19.72308292,9.219544457,17.88854382,10.63014581,18.35755975,9.219544457,17.88854382,9.219544457,17.88854382,8.485281374,16.64331698,9.219544457,18.38477631,9.433981132,16.55294536,10,17.08800749,9.433981132,14.86606875,9.486832981,14.86606875,10.77032961,13.60147051,10.29563014,14.86606875,11.66190379,14.56021978,11.18033989,13.60147051,12.08304597,13.15294644,12.08304597,13.15294644,13.03840481,13.34166406
16.97056275,14.31782106,16.40121947,14.31782106,17.02938637,15.26433752,15.8113883,13.89244399,15.8113883,13.60147051,18.60107524,12.52996409,16.64331698,12.80624847,17.49285568,12.80624847,17.88854382,10.29563014,14.76482306,12.04159458,16.55294536,11.3137085,16.15549442,10,16.15549442,10.63014581,16.55294536,11.40175425,13.92838828,10.63014581,14.86606875,10.63014581,14.86606875,10,14.86606875,12.04159458,13.60147051,10.63014581,14.56021978,10.29563014,11.40175425,10,12.04159458,11.40175425,11.18033989,11.66190379,11.04536102,12.52996409,12.04159458,12.52996409,11.04536102,13.92838828
38.91015292,44.68780594,38.58756276,35.77708764,31.6227766,38.60051813,37.20215048,47.85394446,33.60059523,44.41846463,30.41381265,38.01315562,32.89376841,38.01315562,32.52691193,35.34119409,30.61045573,53.26349594,25.8069758,45.3431362,35.38361203,38.60051813,32.55764119,35.11409973,27.01851217,41.78516483,28.28427125,37.69615365,25.61249695,30.6757233,27.80287755,30.6757233,30.61045573,31.78049716,32.64965543,31.40063694,29.41088234,35.0142828,25,24.08318916,26.62705391,29.01723626,28.31960452,23.08679276,29,19.02629759,31.6227766,31.144823,32.55764119,29.83286778,33.10589071,25
20.51828453,14.31782106,20.61552813,14.86606875,21.40093456,14.31782106,22.20360331,13.03840481,21.40093456,13.03840481,22.47220505,12.52996409,21.63330765,10.81665383,20.80865205,10.81665383,21.09502311,11.40175425,20.80865205,12.04159458,20.59126028,12.04159458,19.23538406,10.63014581,19.23538406,10.63014581,18.78829423,10.63014581,19.6977156,11.40175425,17.88854382,8.602325267,18.38477631,10.81665383,17.08800749,10,17.08800749,8.602325267,17.08800749,8.94427191,16.76305461,10.29563014,14.56021978,10.81665383,13.34166406,10.77032961,14.31782106,12.52996409,14.14213562,12.52996409,15.03329638,13.41640786
16.2788206,13.60147051,17.69180601,14.76482306,17.69180601,13.41640786,18.60107524,12.52996409,17.80449381,13.41640786,17.80449381,12.08304597,18.35755975,10.29563014,17.20465053,11.40175425,18.35755975,8.062257748,17.49285568,8.94427191,18.02775638,9.433981132,17.49285568,9.219544457,17.88854382,10.63014581,17.49285568,9.899494937,16.55294536,9.219544457,16.55294536,8.485281374,15.23154621,9.219544457,14.31782106,9.219544457,14.31782106,8.485281374,14.31782106,9.219544457,13.60147051,8.602325267,13.92838828,8.94427191,13.60147051,10,13,11.66190379,12.36931688,10.29563014,12.36931688,12.08304597
21.09502311,5.830951895,21.63330765,7.071067812,20.24845673,7.211102551,19.41648784,5.656854249,18.86796226,5.830951895,20.80865205,5.385164807,18.02775638,6.708203932,18.60107524,8.94427191,17.49285568,8.94427191,17.20465053,8.062257748,17.80449381,7.615773106,16.64331698,8.062257748,16.40121947,9,15.62049935,7.280109889,15,6.32455532,15.8113883,8,15.8113883,9,15.8113883,7.280109889,15,7.071067812,14.2126704,8.246211251,12.80624847,6.32455532,14.4222051,6.708203932,12.80624847,7.211102551,14.2126704,7.211102551,13.45362405,8.062257748,12.80624847,7.071067812
4,21.63330765,4.123105626,22.20360331,5,21.63330765,4.472135955,20.61552813,4.472135955,21.63330765,4.472135955,21.63330765,5.830951895,20.80865205,5.385164807,20,5.830951895,19.41648784,5.099019514,20,6.32455532,20.24845673,6.08276253,18.02775638,7.071067812,18.60107524,7,18.02775638,7,17.20465053,6.08276253,17.20465053,6.32455532,17.80449381,6.32455532,17.20465053,6.708203932,17.20465053,6.708203932,15.8113883,6.403124237,15.8113883,7.211102551,15,7.071067812,14.4222051,7.810249676,16.64331698,7.810249676,15,8.062257748,15
20.80865205,3,20.80865205,2.236067977,21.9544984,2.828427125,20.24845673,3.605551275,19.41648784,3.605551275,19.41648784,5,20.24845673,4.123105626,18.86796226,5.099019514,17.88854382,5.385164807,17,4.472135955,18.86796226,7,17,5,18.02775638,6,16.64331698,5.099019514,16.1245155,6.08276253,17.49285568,6.32455532,16.64331698,6.708203932,15.62049935,6.32455532,15.26433752,5.385164807,15.26433752,5,14.4222051,6.403124237,13.60147051,7.071067812,14.4222051,6.708203932,13.41640786,6.708203932,13.60147051,7.615773106,13.89244399,8.062257748
20.80865205,7.071067812,21.63330765,5,22.47220505,4.472135955,21.63330765,3.605551275,21.9544984,3.16227766,21.09502311,3.605551275,21.09502311,1.414213562,21.9544984,2.236067977,21.09502311,2.828427125,19.72308292,1,20.24845673,2,20.1246118,4,18.86796226,3,19.23538406,5.099019514,18.35755975,4,17.88854382,4.123105626,16.55294536,3.605551275,17,5.099019514,17,5,15.65247584,6,16.15549442,7.071067812,15.65247584,6.08276253,15.23154621,8,14.86606875,8,14.86606875,8.062257748,14.86606875,9.055385138
21.40093456,5,20.24845673,4.123105626,20,5.099019514,20.24845673,3.16227766,20.24845673,3.16227766,21.63330765,3.16227766,19.41648784,2,19.72308292,2,19.72308292,0,16.64331698,2,19.41648784,3.16227766,17.49285568,3.16227766,17.88854382,2.828427125,17,3.605551275,17.88854382,2.828427125,16.64331698,3.605551275,16.1245155,3.605551275,15.8113883,4.123105626,17,5.099019514,15.65247584,6.08276253,13.89244399,5,15.65247584,7.071067812,13.92838828,7.280109889,14.31782106,8,12.52996409,7.280109889,14.31782106,9
3.16227766,21.09502311,4.242640687,21.9544984,7.071067812,22.20360331,5.830951895,21.09502311,6.403124237,21.63330765,4.242640687,21.40093456,5.830951895,19.72308292,6.32455532,20.24845673,7.280109889,21.40093456,6.08276253,20,6,19.41648784,7.071067812,18.02775638,7,18.02775638,7.071067812,17.20465053,6.08276253,18.02775638,7.071067812,17.20465053,5.099019514,16.40121947,5.830951895,17.20465053,9.486832981,15.8113883,6.403124237,15,8.062257748,15.26433752,6.403124237,16.64331698,6.403124237,14.86606875,8.485281374,15,7.810249676,15,8.602325267,14.4222051
13.45362405,19.72308292,13.45362405,20.59126028,14.86606875,20.24845673,15.8113883,19.72308292,14.4222051,18.02775638,15,18.02775638,17.20465053,18.02775638,17.49285568,17.20465053,16.64331698,17.20465053,15.26433752,18.38477631,14.76482306,16.2788206,15.23154621,16.97056275,15.23154621,17.69180601,13.41640786,15.62049935,16.15549442,14.86606875,13.41640786,15,14.86606875,15.62049935,12.36931688,14.86606875,13.60147051,16.2788206,14.56021978,14.14213562,14.14213562,13.45362405,12.04159458,13.45362405,12.04159458,14.14213562,12.04159458,15.55634919,10.04987562,14.14213562,11,14.86606875
26.92582404,20.51828453,28.01785145,21.21320344,28.01785145,22.6715681,28.01785145,23.43074903,26.07680962,22.02271555,26.40075756,22.8035085,25.8069758,23.02172887,24.20743687,23.02172887,24.20743687,23.32380758,23.60084744,23.02172887,24.8394847,24.69817807,24.20743687,22.82542442,23.34523506,21.9317122,21.9317122,22.36067977,21.21320344,22.36067977,22.6715681,22.84731932,21.9317122,20.61552813,21.21320344,18.78829423,21.21320344,20.24845673,21.21320344,19.6468827,21.21320344,17.72004515,21.26029163,18.24828759,20.61552813,16.2788206,22.6715681,18.11077028,22.02271555,17,21.26029163,17.02938637
13.41640786,20,13.92838828,20.24845673,13.41640786,21.09502311,11.66190379,20.24845673,11.66190379,21.09502311,11.40175425,21.63330765,12.20655562,23.02172887,9.899494937,21.9544984,11.3137085,20.59126028,9.899494937,18.78829423,11.3137085,20.1246118,9.899494937,19.6977156,10.63014581,20.1246118,9.219544457,20.1246118,9.433981132,17.88854382,9.433981132,19.6977156,8.94427191,18.38477631,8.94427191,16.15549442,9.848857802,16.15549442,9.486832981,16.76305461,9.848857802,15.8113883,10.29563014,15.5241747,12.08304597,13.34166406,12.08304597,13.15294644,12.08304597,14.03566885,12.08304597,15.03329638
12.80624847,21.02379604,13.45362405,21.47091055,13.45362405,20.59126028,13.45362405,19.72308292,12.80624847,20.59126028,13.03840481,19.72308292,14.76482306,19.23538406,14.4222051,17.49285568,13.89244399,17.49285568,16.64331698,18.02775638,14.31782106,17.20465053,13.92838828,17.20465053,13.60147051,16.64331698,13,17.49285568,14.56021978,15,12.36931688,15.8113883,12.16552506,15,11.18033989,14.86606875,12.16552506,15.26433752,13.03840481,14.2126704,12.04159458,14.2126704,12.04159458,12.80624847,10.04987562,12.72792206,11.18033989,14.14213562,11.40175425,12.04159458,11.40175425,14.2126704
19.72308292,6.08276253,19.72308292,6.403124237,18.86796226,5.830951895,17.49285568,6.403124237,17.49285568,5,18.35755975,5.830951895,17,6.708203932,16.1245155,6.32455532,17.20465053,7.615773106,16.40121947,6.32455532,17.20465053,7.280109889,15.8113883,7.280109889,15,5.385164807,13.60147051,7.071067812,14.4222051,7.615773106,14.4222051,7,13.60147051,8.062257748,14.2126704,6,14.2126704,6.08276253,12.04159458,6.32455532,12.80624847,7.280109889,13.45362405,5.385164807,12.72792206,6.708203932,12.80624847,7.211102551,12.04159458,6.403124237,13.45362405,7.071067812
12.04159458,16.64331698,13.45362405,16.40121947,14.2126704,16.1245155,13.45362405,15.65247584,12.80624847,13.60147051,13.60147051,15,14.4222051,15,13.41640786,13.45362405,13.89244399,14.14213562,13.41640786,14.14213562,13.41640786,13.45362405,13.41640786,12.72792206,14.31782106,13.45362405,13.92838828,12.72792206,12.08304597,12.04159458,11.70469991,11.3137085,12.64911064,12.72792206,11.70469991,12.04159458,12.36931688,12.04159458,12.16552506,11.3137085,11.18033989,11.40175425,10.04987562,12.80624847,9.055385138,15,12.04159458,15,11,13.60147051,9,12.80624847
48.60041152,20,41.62931659,27.65863337,57.31491952,27.78488798,54.03702434,26.40075756,50.32891813,28.46049894,48.91829923,29.20616373,46.86149806,36.40054945,41.59326869,24.18677324,60.53924347,2,73.00684899,1,55.31726674,18,56.30275304,16.40121947,61.84658438,9,60.10823571,11.18033989,41.0487515,15.5241747,62.96824597,31.04834939,62.93647591,9.219544457,54.20332093,20.39607805,51.66236541,5.099019514,50.20956084,16.55294536,50.44799302,12.04159458,50.24937811,14.14213562,44.65422712,3.16227766,62.93647591,17.69180601,48.41487375,34,53.26349594,15
5,17.69180601,5,17.80449381,4,18.43908891,3.16227766,19.20937271,3.605551275,17.80449381,4,18.60107524,2,17.80449381,2,17.02938637,3.16227766,16.40121947,3.16227766,15.62049935,3,17.20465053,3.16227766,16.40121947,3.16227766,17.02938637,2,16.40121947,2,15,3,16.2788206,4.123105626,16.40121947,4.123105626,14.14213562,4.123105626,15,5.099019514,14.4222051,4.123105626,14.2126704,5,15,6,14.2126704,7,16.40121947,6.08276253,15,7,15.62049935
10,18.02775638,10.63014581,18.86796226,11.3137085,19.72308292,12.04159458,18.02775638,10.63014581,18.86796226,12.20655562,19.20937271,12.20655562,17.20465053,11.66190379,15.62049935,12.20655562,16.40121947,12.80624847,17.02938637,12.52996409,15.62049935,11.18033989,16.40121947,11.18033989,16.40121947,11.18033989,16.2788206,10.29563014,14.2126704,10.77032961,15.62049935,9.848857802,13.45362405,8.062257748,14.14213562,11.40175425,15.62049935,9.486832981,14.14213562,10.44030651,14.14213562,9.055385138,14.14213562,9,14.86606875,9.055385138,14.86606875,9,14.86606875,8,14.86606875
7.280109889,22.02271555,8.246211251,22.8035085,7.071067812,22.8035085,6.32455532,23.43074903,3.605551275,22.8035085,5,24.20743687,5,22.47220505,4.472135955,23.85372088,3.605551275,22.20360331,3.605551275,21.9544984,5.385164807,21.63330765,3.16227766,21.63330765,2.828427125,20.80865205,4.472135955,19.72308292,3.16227766,20.59126028,4.472135955,19.23538406,5.385164807,20.1246118,5.385164807,17.49285568,6.32455532,18.38477631,7.071067812,17.4642492,6,17.4642492,7.280109889,18.38477631,8.062257748,15.8113883,9.219544457,16.15549442,9.219544457,16.76305461,9.219544457,16.76305461
16.1245155,14.86606875,15.8113883,15.62049935,14.4222051,16.40121947,16.1245155,17.20465053,15.26433752,17.02938637,14.76482306,16.40121947,15,18.43908891,14.2126704,15.8113883,11.66190379,17.49285568,13.89244399,15.8113883,13.45362405,16.1245155,13.45362405,17,12.80624847,15.26433752,11.3137085,16.1245155,11.3137085,14.76482306,10.63014581,15.26433752,10.63014581,13.89244399,11.40175425,13.41640786,12.72792206,14.31782106,11.3137085,14.86606875,11.3137085,10.44030651,12.20655562,11.18033989,13.45362405,12.36931688,12.20655562,12.04159458,11.66190379,13.03840481,13.60147051,12.16552506
4.472135955,19.20937271,3.605551275,21.40093456,3.16227766,21.40093456,1.414213562,21.09502311,1,20.80865205,1,19.41648784,0,19.72308292,0,19.72308292,1.414213562,19.41648784,2,18.60107524,1.414213562,18.02775638,3,18.35755975,2.828427125,17.49285568,3.605551275,17.49285568,3.16227766,16.64331698,4.242640687,17.49285568,4.242640687,15.26433752,5.830951895,17,4.472135955,15.26433752,4.472135955,16.1245155,5.830951895,16.1245155,5.830951895,15.26433752,5.099019514,13.89244399,6.32455532,16.55294536,6.32455532,13,6.08276253,14.31782106
22.47220505,5.099019514,21.63330765,5,22.8035085,4,23.02172887,3.16227766,20.80865205,3.16227766,22.47220505,4.472135955,22.47220505,5.656854249,21.40093456,5,20.80865205,6.403124237,19.41648784,5.830951895,20,4.472135955,20.59126028,6.08276253,20.80865205,3.605551275,17.49285568,4,17.49285568,5.099019514,18.60107524,6,17.49285568,7,18.02775638,6,17.80449381,5.099019514,16.40121947,7.071067812,15,5.385164807,15.26433752,6.708203932,16.1245155,5,16.40121947,5.656854249,15,5,14.4222051,7.810249676
15.65247584,16.97056275,15.65247584,16.97056275,14.76482306,17.69180601,13.41640786,17.69180601,12.52996409,17.80449381,15.26433752,17.80449381,13.03840481,18.60107524,12.20655562,18.86796226,13.45362405,18.35755975,11.3137085,15.65247584,12.04159458,17.88854382,10.63014581,17.49285568,10,16.1245155,11.40175425,16.15549442,11.3137085,16.15549442,11.40175425,15.8113883,10.63014581,14.86606875,12.20655562,15.8113883,10.81665383,14.56021978,10.29563014,15.5241747,10,13.60147051,12.20655562,14.56021978,11.40175425,11.40175425,12.20655562,12.36931688,11.66190379,13.03840481,13.03840481,13.03840481
4,23.43074903,4.123105626,23.02172887,4.472135955,23.02172887,2.828427125,23.32380758,3.605551275,22.20360331,4.242640687,22.20360331,5.830951895,21.63330765,4.472135955,21.40093456,5.385164807,21.63330765,5.099019514,20.61552813,4.123105626,21.40093456,6,20.80865205,7,19.41648784,5,19.20937271,6.08276253,17.80449381,6,19.20937271,6.08276253,18.02775638,5.385164807,18.02775638,6.708203932,16.64331698,6.403124237,18.02775638,6.708203932,17.80449381,6.403124237,17.20465053,5,16.1245155,7.810249676,17.20465053,7.071067812,17.20465053,8.062257748,16.64331698
9.219544457,20.24845673,9.219544457,20.24845673,10,19.41648784,10,18.86796226,9.219544457,18.02775638,10.81665383,19.41648784,11.66190379,18.60107524,10.29563014,19.41648784,10.81665383,16.64331698,9.848857802,17,9.848857802,17.20465053,10.44030651,17.20465053,10.77032961,17.20465053,10.19803903,15,9.486832981,16.40121947,11.40175425,15.55634919,10.19803903,15,8.062257748,14.86606875,10.04987562,15.62049935,9,15,7.071067812,15.55634919,8.062257748,14.2126704,6.32455532,14.14213562,9.486832981,15.55634919,7.615773106,14.14213562,8.062257748,14.14213562
21.40093456,5,21.63330765,3.16227766,22.20360331,2.828427125,21.9544984,5,22.20360331,4.242640687,22.47220505,3.605551275,20.24845673,5.656854249,20.80865205,6.32455532,20.80865205,6.708203932,20,4.472135955,21.63330765,5.099019514,20.24845673,6.08276253,19.41648784,5.099019514,18.86796226,6,18.02775638,5,18.86796226,6,18.02775638,6.08276253,16.64331698,5.099019514,18.02775638,4.472135955,16.40121947,6.403124237,16.64331698,7.615773106,15.8113883,6.708203932,15.8113883,5.656854249,15.8113883,7.071067812,14.4222051,7.071067812,15.26433752,8.602325267
20.80865205,5,22.8035085,5,21.40093456,5.385164807,23.02172887,4.123105626,21.63330765,3,22.20360331,2.236067977,22.47220505,2.236067977,20.80865205,2.236067977,20.24845673,0,20.59126028,1.414213562,20.59126028,1,19.72308292,2,19.72308292,2.236067977,18.86796226,4.123105626,18.86796226,2,19.72308292,3.605551275,16.64331698,3.605551275,18.86796226,4.123105626,16.64331698,4.123105626,16.1245155,5.099019514,15.65247584,5.099019514,15.65247584,5,15.65247584,6.32455532,15.65247584,7,15.65247584,8.062257748,16.55294536,8
19.20937271,9.486832981,20.61552813,10.77032961,20.61552813,8.062257748,20.61552813,9.848857802,18.60107524,7.615773106,19.41648784,8.062257748,19.41648784,7.211102551,18.02775638,7.810249676,20.80865205,7.810249676,20.80865205,7.071067812,19.41648784,6.403124237,20.1246118,5,18.86796226,5.830951895,19.23538406,7.211102551,17.88854382,5.385164807,18.35755975,5,17.49285568,5.830951895,15.65247584,6.08276253,17.49285568,8.062257748,15.23154621,7.280109889,16.55294536,6.708203932,15.23154621,6.708203932,13.92838828,7.615773106,13.92838828,8.246211251,14.86606875,9.486832981,14.86606875,9.219544457
19.72308292,7.071067812,18.86796226,7.810249676,19.41648784,8.602325267,18.86796226,9.899494937,18.86796226,9.433981132,16.64331698,9.219544457,17.80449381,8.94427191,17.20465053,8.062257748,17.02938637,8.062257748,17.80449381,9.848857802,17.20465053,9.848857802,15.8113883,10.19803903,14.4222051,8.94427191,14.86606875,8.246211251,15,9.055385138,12.80624847,9.486832981,14.4222051,9.486832981,14.86606875,7.071067812,15,9,13.60147051,10,13.03840481,8.246211251,14.2126704,8.062257748,14.4222051,7.615773106,15,9.219544457,12.80624847,8.544003745,15.62049935,7.280109889
13.03840481,17,13.60147051,17.88854382,12.72792206,18.35755975,12.04159458,17.88854382,12.80624847,17.49285568,13.45362405,17.49285568,13.45362405,13.89244399,13.03840481,14.4222051,15.26433752,13.89244399,13.60147051,15,13.41640786,14.4222051,12.52996409,13.60147051,13.89244399,15.26433752,13,14.86606875,13,13.60147051,14.31782106,13.45362405,12.08304597,12.04159458,10.77032961,12.04159458,12.36931688,12.72792206,12.16552506,11.3137085,11.18033989,11.40175425,12.04159458,11.3137085,9.055385138,12.72792206,9.055385138,14.86606875,9.055385138,14.86606875,10.04987562,13.45362405
3.605551275,22.20360331,3.605551275,22.8035085,3.16227766,23.02172887,2.236067977,22.20360331,2,22.20360331,2,23.02172887,1.414213562,21.09502311,2,22.20360331,2.828427125,22.20360331,2.236067977,21.40093456,3.16227766,21.63330765,2,20.24845673,4.123105626,20.24845673,4.123105626,20,4,19.72308292,3.605551275,20,3.605551275,18.60107524,4.242640687,18.02775638,4.242640687,18.86796226,6.403124237,18.35755975,5,16.64331698,6.403124237,17.20465053,6.32455532,16.64331698,6.708203932,18.02775638,7.615773106,16.64331698,7.280109889,16.1245155
16.55294536,17.69180601,15.23154621,17.69180601,15.65247584,18.60107524,14.76482306,18.43908891,13.89244399,17.80449381,13.03840481,17.80449381,11.66190379,20.61552813,13.03840481,18.86796226,10.63014581,18.35755975,12.80624847,17.49285568,12.04159458,18.02775638,12.04159458,17.4642492,11.40175425,17.4642492,12.04159458,17,10.63014581,16.55294536,10.63014581,17.4642492,10.63014581,15.65247584,10.63014581,16.15549442,9.433981132,16.15549442,10.29563014,14.86606875,10.29563014,14.56021978,10.81665383,13.92838828,12.04159458,12.36931688,11.66190379,13.34166406,12.52996409,13.34166406,14.4222051,13.15294644
22.47220505,2.236067977,23.85372088,2.236067977,23.02172887,2.236067977,23.02172887,2.828427125,22.47220505,3.16227766,23.85372088,2.236067977,23.02172887,4.123105626,23.85372088,4,22.47220505,5.385164807,19.23538406,5,21.63330765,3,19.72308292,6,20.80865205,5.099019514,20.24845673,5.099019514,18.35755975,5,20.24845673,6.08276253,18.02775638,6.708203932,18.02775638,5.656854249,18.02775638,5.656854249,15.8113883,7.071067812,16.1245155,6.403124237,16.64331698,6.403124237,16.1245155,6.32455532,17.88854382,9.433981132,15.65247584,7.615773106,16.1245155,8.544003745
20,4,20.24845673,2.236067977,23.02172887,4.123105626,22.47220505,4.242640687,21.40093456,5,20,5,19.41648784,6.08276253,23.02172887,4.242640687,20,4.123105626,21.40093456,6.08276253,21.63330765,6.32455532,18.86796226,5.099019514,19.41648784,7.071067812,18.86796226,5.099019514,17.20465053,5.099019514,17.20465053,7,16.64331698,7.071067812,15.8113883,5.830951895,17.20465053,5.099019514,15.8113883,4.472135955,15.26433752,5.830951895,15.8113883,5,15,6.403124237,15.8113883,7.071067812,16.64331698,7.810249676,15,7.810249676
5,19.84943324,6,22.02271555,4.123105626,21.40093456,3.16227766,23.02172887,3.16227766,22.20360331,5.099019514,20.80865205,3.16227766,21.63330765,2.828427125,20.80865205,2.236067977,20.24845673,1,19.41648784,2,19.41648784,2,19.20937271,1,19.41648784,3.16227766,18.86796226,4,18.86796226,2.828427125,18.02775638,4,17.49285568,5.099019514,17.49285568,5.099019514,17.88854382,6.32455532,17.49285568,6,15.65247584,5,15.65247584,8.062257748,16.1245155,8.062257748,17,8,15.65247584,8,16.1245155
17.69180601,12.52996409,17.80449381,13.41640786,17.02938637,11.66190379,18.02775638,10.77032961,17.80449381,11.18033989,17.80449381,9.433981132,18.60107524,10,17,10,18.02775638,8.062257748,18.02775638,8.485281374,16.64331698,8.485281374,17.88854382,7.810249676,17,8.485281374,17,8.602325267,17,8.602325267,15.65247584,8.602325267,14.31782106,7.810249676,15.65247584,8.062257748,15.23154621,8.602325267,14.86606875,7.211102551,12.64911064,8.602325267,12.64911064,9.433981132,12.36931688,9.848857802,13.15294644,10.29563014,13.34166406,10.29563014,12.36931688,8.94427191
12.72792206,16.1245155,12.72792206,18.02775638,13.60147051,17,14.2126704,16.1245155,12.80624847,16.64331698,13.60147051,15.8113883,15,14.4222051,13.60147051,15,14.4222051,14.4222051,13.03840481,13.60147051,13.89244399,12.80624847,12.52996409,14.14213562,13,14.2126704,13.41640786,14.2126704,12.08304597,13.60147051,11.70469991,12.04159458,11.18033989,12.04159458,9.848857802,12.04159458,12.16552506,12.80624847,12.36931688,11.3137085,11,12.72792206,10.04987562,12.72792206,9.055385138,13.45362405,11.04536102,14.2126704,10.04987562,13.45362405,11.04536102,13.60147051
21.09502311,9.433981132,21.09502311,8.602325267,20.59126028,9.433981132,21.09502311,8.485281374,19.41648784,8.485281374,20.24845673,9.899494937,18.86796226,10.81665383,20.24845673,9.433981132,18.86796226,11.40175425,17.80449381,10.29563014,18.02775638,10.81665383,18.02775638,10.29563014,17.20465053,9.486832981,15.62049935,9.848857802,17.20465053,10.77032961,15.62049935,9.219544457,16.64331698,9.486832981,14.86606875,8.544003745,15.8113883,9.219544457,16.40121947,8.062257748,14.2126704,8.062257748,14.2126704,9,14.2126704,8,14.4222051,8.246211251,14.86606875,8.246211251,15.55634919,9.486832981
19.84943324,7.071067812,19.84943324,6.32455532,20,5.385164807,20,5.099019514,19.20937271,4.472135955,19.41648784,4.472135955,20,4.242640687,19.41648784,4.242640687,18.02775638,2.236067977,18.86796226,4.472135955,18.86796226,4.123105626,17.49285568,3.16227766,17.49285568,5,16.64331698,4.123105626,17.49285568,4.123105626,16.64331698,4.123105626,16.1245155,4,16.1245155,5.099019514,15.65247584,5,15.23154621,6.08276253,14.76482306,5.099019514,14.31782106,6.08276253,13.41640786,7.071067812,13.60147051,7.280109889,13.92838828,7.071067812,13,8.062257748
3,20.24845673,5.385164807,21.63330765,5.099019514,20.80865205,4.242640687,19.72308292,5,19.41648784,5,19.41648784,4.472135955,21.09502311,6.403124237,20,4.123105626,18.86796226,6.32455532,18.02775638,6.32455532,17.80449381,7.280109889,18.02775638,6.08276253,17.20465053,7.071067812,17.20465053,5.385164807,15.8113883,5.099019514,17.49285568,6.08276253,16.64331698,6.08276253,14.2126704,6.708203932,15.8113883,7.280109889,16.1245155,8.062257748,14.4222051,7.211102551,15.26433752,7.071067812,14.76482306,7.071067812,14.4222051,7.810249676,13.89244399,8.062257748,13.89244399
20,4,20.80865205,3.16227766,20.24845673,4.123105626,19.41648784,2,20,2.236067977,20.80865205,2.236067977,20.24845673,2.236067977,20,0,18.35755975,1,17.88854382,1,17.49285568,2,19.23538406,2.236067977,17.49285568,3,16.64331698,2.828427125,16.1245155,2.828427125,16.64331698,3.16227766,16.64331698,4.472135955,15.65247584,4.472135955,15.26433752,5.385164807,14.76482306,5.099019514,15.65247584,6.708203932,14.31782106,6,13,7.071067812,15.23154621,7.071067812,13.41640786,7.615773106,12.52996409,8
21.40093456,4.242640687,20.24845673,5,20.80865205,3.16227766,21.40093456,2.236067977,20.80865205,2.236067977,21.63330765,2.236067977,20,0,21.63330765,2,20.24845673,2.828427125,18.35755975,1.414213562,20.24845673,2.236067977,19.41648784,1.414213562,18.86796226,1,18.60107524,2,18.02775638,2.236067977,18.02775638,2.236067977,18.86796226,3.605551275,17.20465053,4.242640687,15.8113883,3.605551275,16.64331698,4.242640687,15.26433752,5,15.26433752,5.830951895,15.26433752,5,14.4222051,5.385164807,15,5.830951895,16.64331698,6.32455532
15.8113883,17.69180601,14.86606875,18.43908891,15.23154621,17.80449381,13.41640786,18.02775638,12.08304597,18.02775638,12.52996409,19.41648784,11.18033989,18.60107524,12.20655562,19.72308292,9.848857802,17.49285568,9.433981132,18.86796226,9.899494937,19.41648784,10.63014581,17.88854382,10,17.88854382,10,18.35755975,8.602325267,17.4642492,9.219544457,15.65247584,9.219544457,15.23154621,10,15.65247584,8.602325267,16.15549442,10.29563014,14.86606875,9.486832981,15.5241747,11.40175425,13.60147051,10,13.34166406,9.433981132,12.16552506,10.29563014,12.16552506,12.52996409,11.18033989
12.52996409,17.02938637,10.29563014,16.1245155,11.40175425,17.02938637,10.81665383,18.02775638,9.219544457,16.64331698,9.433981132,17.20465053,8.485281374,17.88854382,9.219544457,17,7.810249676,17.49285568,7.071067812,16.64331698,8.602325267,17.88854382,8.602325267,16.55294536,9.219544457,14.31782106,9.219544457,15.23154621,9.219544457,14.76482306,8.602325267,14.31782106,9.219544457,14.86606875,8.602325267,13,10,13.92838828,8.94427191,13.34166406,8.94427191,12.64911064,11.18033989,12.36931688,9.433981132,12.16552506,11.66190379,12.04159458,10.81665383,11.18033989,10.77032961,13.15294644
18.86796226,16.2788206,18.02775638,16.40121947,17.88854382,17.02938637,18.02775638,16.40121947,17.80449381,17.20465053,17.49285568,17.80449381,14.4222051,17.49285568,14.76482306,17.49285568,15,17,16.97056275,14.76482306,15,16.55294536,16.40121947,16.55294536,13.60147051,15.23154621,14.2126704,16.55294536,14.86606875,15.23154621,14.86606875,14.86606875,14.86606875,14.86606875,14.86606875,13,14.86606875,14.86606875,12.20655562,13.60147051,12.20655562,12.36931688,13.60147051,12.64911064,13.45362405,12.16552506,15,12.04159458,15,11,15,11.04536102
15.55634919,12.08304597,16.2788206,12.08304597,16.40121947,11.18033989,15.8113883,11.18033989,16.40121947,10.29563014,17.02938637,10.29563014,17.20465053,9.433981132,17.20465053,8.602325267,16.64331698,8.602325267,16.64331698,8.602325267,16.64331698,8.602325267,16.64331698,8.485281374,15.65247584,8.485281374,16.1245155,8.485281374,15.23154621,7.071067812,14.76482306,7.810249676,15.65247584,7.810249676,12.08304597,8.062257748,13.92838828,7.810249676,13.92838828,8.062257748,13.92838828,8.602325267,12.36931688,7.810249676,11.40175425,9.433981132,11.18033989,10.29563014,12.16552506,9.848857802,11.18033989,9.433981132
17.02938637,10.19803903,17.02938637,11.18033989,19.20937271,11.70469991,18.86796226,9.848857802,18.02775638,9.433981132,18.02775638,9.433981132,19.41648784,8.062257748,18.02775638,7.211102551,18.02775638,8.602325267,18.35755975,8.485281374,18.86796226,7.810249676,18.86796226,6.403124237,17,7.071067812,17.4642492,7.810249676,17.88854382,7.810249676,15.65247584,7.211102551,16.55294536,8.062257748,15.23154621,6.708203932,15.65247584,8.062257748,13.41640786,8.062257748,14.86606875,8.062257748,13.41640786,8.94427191,12.64911064,7.615773106,13.34166406,8.94427191,13.34166406,8.544003745,12.64911064,8.94427191
22.8035085,9.848857802,23.02172887,7.615773106,24.20743687,8.062257748,23.32380758,8.062257748,22.20360331,7.810249676,21.63330765,6.403124237,23.02172887,7.071067812,22.47220505,5.830951895,22.47220505,7.211102551,22.47220505,5.830951895,23.32380758,7.211102551,21.47091055,7.071067812,20.59126028,6.08276253,21.47091055,7.615773106,21.02379604,6.708203932,19.72308292,6.32455532,18.38477631,6.32455532,17.4642492,6.08276253,19.31320792,7.280109889,18.38477631,6.708203932,17.08800749,6.32455532,17.08800749,8.062257748,15.5241747,8.544003745,14.56021978,9.219544457,15.8113883,9.486832981,14.86606875,10.44030651
7.810249676,54.91812087,7.071067812,63.70243323,9.848857802,61.85466838,15.29705854,58.52349955,14.14213562,61.32699243,13.89244399,56.56854249,14.2126704,46.75467891,8.062257748,38.83297568,19.20937271,57.28001397,14.14213562,47.4341649,20.24845673,48.25971405,22.20360331,50.60632372,20.59126028,49.92995093,16.76305461,47.70744177,16.2788206,46.32493929,19.92485885,44.38468204,15.62049935,39.11521443,17.20465053,28.01785145,17.80449381,34.53983208,23.85372088,41.10960958,20.1246118,37,27.78488798,37.69615365,20.1246118,29.52964612,21.1896201,30.59411708,23.08679276,37.85498646,24.59674775,31.78049716
15.23154621,13.60147051,14.31782106,14.2126704,12.52996409,15,13.03840481,15.8113883,12.20655562,14.2126704,11.66190379,15.26433752,11.66190379,14.4222051,10.81665383,15.65247584,10.29563014,15.26433752,10.81665383,15.26433752,11.40175425,14.31782106,11.40175425,14.31782106,9.899494937,16.15549442,9.899494937,13,9.899494937,12.64911064,10.63014581,13,9.899494937,14.31782106,10.63014581,13.34166406,10.29563014,13.34166406,10,13.15294644,10,12.16552506,9.219544457,11.18033989,10.63014581,11,10,12.04159458,10.29563014,10,11.40175425,11.04536102
18.60107524,8.246211251,18.60107524,7.615773106,19.41648784,6.708203932,19.41648784,6.708203932,18.60107524,5.385164807,18.86796226,5.656854249,18.35755975,5,17.49285568,4.242640687,19.41648784,5,18.86796226,7.211102551,18.02775638,5.830951895,18.35755975,5.385164807,17,5.099019514,17.49285568,5.385164807,17,5,15.65247584,6.08276253,15.65247584,5.099019514,13.41640786,6.32455532,15.65247584,7.071067812,15.23154621,6.08276253,15.23154621,7.280109889,13.92838828,8.246211251,13.60147051,8,13.60147051,9.486832981,12.64911064,10.44030651,13.34166406,9.055385138
10.44030651,20.80865205,8.544003745,21.09502311,8.544003745,22.20360331,6.403124237,21.63330765,8.544003745,21.63330765,7.211102551,21.09502311,5.830951895,21.09502311,6.403124237,19.72308292,5.656854249,21.09502311,4.472135955,22.20360331,5.656854249,20.59126028,5.385164807,18.78829423,5,19.23538406,5.830951895,19.23538406,7.071067812,19.6977156,5.099019514,18.38477631,6.32455532,18.78829423,7.615773106,15.65247584,7.071067812,16.55294536,7.071067812,15.8113883,7.280109889,15.23154621,8.246211251,14.86606875,8.544003745,14.56021978,10.19803903,14.31782106,9.219544457,13.34166406,9.486832981,13.34166406
24.20743687,11.70469991,25,11,26.17250466,9.219544457,24.20743687,10,25.61249695,9.486832981,25,8.062257748,27.80287755,6.708203932,23.85372088,5.385164807,27.01851217,5,26.2488095,7.071067812,26.07680962,6.708203932,23.02172887,5.830951895,22.47220505,4.472135955,26.07680962,3.605551275,21.9544984,6.708203932,21.09502311,6.08276253,23.32380758,6.32455532,21.09502311,8.062257748,19.41648784,7.071067812,20.59126028,7.280109889,19.72308292,6,21.47091055,9.055385138,18.35755975,9.486832981,20.1246118,12.64911064,16.64331698,11,17.49285568,11.18033989
21.40093456,4.242640687,23.02172887,2.828427125,23.02172887,3,23.02172887,2,21.63330765,1,23.85372088,1.414213562,21.40093456,3.16227766,23.02172887,2.236067977,22.47220505,4.123105626,19.41648784,3,20.80865205,3,19.72308292,3.16227766,20.24845673,3,20,4.123105626,20.24845673,5.099019514,19.41648784,5.385164807,18.02775638,5.385164807,18.02775638,5,18.02775638,4.472135955,18.35755975,4.242640687,18.02775638,5,18.35755975,5,16.1245155,5.656854249,16.64331698,8.544003745,16.1245155,5.385164807,16.1245155,8.544003745
17.49285568,16.2788206,16.55294536,17.02938637,14.76482306,17.69180601,15.8113883,17.80449381,14.4222051,15.8113883,13.03840481,18.60107524,13.60147051,16.64331698,13.60147051,16.64331698,12.04159458,17.49285568,12.80624847,17.20465053,12.80624847,18.35755975,12.80624847,17,12.72792206,15.65247584,12.04159458,14.76482306,12.04159458,16.15549442,12.04159458,16.15549442,11.3137085,16.15549442,11.40175425,13.92838828,11.3137085,13.60147051,10.81665383,13.60147051,11.40175425,12.16552506,12.20655562,11.40175425,12.04159458,12.16552506,12.20655562,11,13.60147051,13.03840481,15,12.04159458
16.55294536,16.2788206,14.31782106,17.80449381,13.89244399,15.55634919,13.89244399,17.80449381,13.89244399,17.20465053,13.03840481,17.49285568,14.4222051,18.86796226,13.45362405,17,12.52996409,19.41648784,10,17.80449381,11.3137085,17.4642492,10.63014581,17.4642492,9.899494937,15.65247584,12.04159458,16.76305461,9.433981132,15.65247584,10.81665383,16.15549442,12.04159458,16.15549442,9.899494937,13.92838828,10.63014581,13.92838828,10.29563014,13.34166406,10.29563014,13.60147051,11.18033989,13.03840481,10.29563014,14.14213562,9.433981132,12.04159458,11.18033989,11.04536102,13.03840481,12
22.47220505,6.08276253,20.80865205,5,21.09502311,6.32455532,21.63330765,5.099019514,22.47220505,5.830951895,21.09502311,7.071067812,21.09502311,7.810249676,21.09502311,8.602325267,20.80865205,6.403124237,20,7.280109889,20.24845673,9.486832981,17.20465053,7.071067812,19.41648784,8.544003745,15.8113883,7.615773106,18.02775638,5.385164807,17.80449381,6,18.60107524,8.062257748,16.40121947,8,15,8.062257748,16.2788206,7.280109889,17.02938637,7.280109889,14.86606875,7.615773106,15.62049935,8.544003745,14.86606875,6.708203932,14.14213562,7.211102551,17.02938637,8.485281374
20.51828453,6.08276253,19.84943324,5.099019514,22.8035085,6.08276253,21.63330765,4.472135955,19.41648784,4.472135955,20.80865205,4.242640687,20.24845673,2.828427125,18.86796226,2.828427125,20.80865205,4.472135955,20.80865205,5.830951895,19.72308292,4,19.72308292,3.16227766,19.72308292,3.16227766,18.78829423,4.123105626,19.41648784,6,17.4642492,4.123105626,17.88854382,6.08276253,15.65247584,4.123105626,16.55294536,5.099019514,15.65247584,5.099019514,15.65247584,4,14.76482306,6,13.41640786,7.280109889,13.92838828,8.062257748,14.86606875,8,14.86606875,8
20,8.485281374,20.59126028,9.899494937,20.24845673,9.219544457,18.86796226,10,18.86796226,8.94427191,20.80865205,10.29563014,18.60107524,9.433981132,19.41648784,8.94427191,17.20465053,11.18033989,18.02775638,10.29563014,20,9.848857802,17.20465053,9.219544457,16.40121947,10.44030651,15.8113883,10.19803903,15,9.486832981,15.62049935,10.44030651,16.40121947,9.055385138,15.62049935,9.219544457,15.8113883,9,14.86606875,9.219544457,14.2126704,9,14.4222051,8.062257748,14.4222051,8.246211251,14.86606875,7.615773106,14.86606875,7.615773106,14.2126704,8.94427191
15.26433752,15.55634919,14.76482306,15.62049935,15.26433752,15.62049935,14.4222051,15.8113883,13.03840481,14.4222051,14.2126704,16.64331698,15.62049935,16.1245155,12.80624847,16.1245155,14.2126704,16.1245155,12.04159458,14.76482306,12.80624847,17,12.04159458,15.23154621,10.63014581,15.23154621,11.3137085,14.76482306,12.04159458,13.41640786,13.45362405,13.92838828,12.04159458,14.31782106,11.40175425,15.5241747,13.45362405,13.34166406,12.80624847,12.36931688,11.40175425,13.15294644,12.20655562,11.18033989,10.81665383,12.04159458,12.80624847,10,12.80624847,12,13.60147051,12
5,22.8035085,5,23.60084744,2.828427125,23.60084744,2.236067977,23.02172887,2,22.20360331,1,22.47220505,1,22.8035085,1,22.47220505,1.414213562,21.63330765,3.16227766,22.02271555,3,20.80865205,4.123105626,20.24845673,2.236067977,20.59126028,6.08276253,20.24845673,5,19.72308292,6.32455532,18.86796226,3.16227766,18.86796226,5,17.49285568,7.071067812,17.49285568,6.403124237,18.02775638,5.656854249,17,5,17,5.830951895,16.1245155,7.615773106,17,8.246211251,15.65247584,7.280109889,15.65247584
6,21.40093456,5,22.8035085,3,22.20360331,3.605551275,22.47220505,1.414213562,22.20360331,1.414213562,22.47220505,1.414213562,21.09502311,1,21.63330765,0,20.24845673,1,21.40093456,3.16227766,20.24845673,2,20.59126028,3.16227766,20.24845673,3.16227766,19.41648784,3.605551275,18.02775638,3.605551275,18.02775638,3.605551275,18.35755975,5.385164807,18.02775638,5.385164807,16.64331698,5.385164807,17.49285568,6.32455532,17,5,16.64331698,7,15.65247584,8.062257748,16.1245155,9.055385138,15.65247584,9,15.65247584
20.61552813,6,23.02172887,5.099019514,22.20360331,4.123105626,21.63330765,4.123105626,22.20360331,4,22.47220505,4.123105626,21.9544984,2.236067977,21.09502311,2.236067977,22.47220505,0,21.09502311,1,21.63330765,2.236067977,21.09502311,5,21.09502311,2,20.24845673,5,20.24845673,4,20.24845673,4.123105626,18.86796226,4.123105626,17.88854382,6.08276253,18.35755975,5.099019514,17,6.32455532,16.1245155,6,15.26433752,8,16.15549442,8.062257748,16.55294536,9.055385138,14.76482306,9.055385138,15.23154621,9
12.08304597,15,12.08304597,16.2788206,11.66190379,16.2788206,12.52996409,16.64331698,10,16.40121947,10.29563014,17.20465053,10.81665383,16.64331698,10.29563014,16.64331698,9.219544457,15.26433752,9.219544457,15.26433752,8.485281374,16.55294536,9.219544457,15.23154621,7.810249676,15.26433752,8.602325267,15.23154621,9.899494937,15.23154621,9.219544457,15.23154621,8.062257748,14.86606875,9.433981132,13.60147051,7.615773106,13.92838828,8.544003745,13.60147051,8.94427191,13,9.433981132,11.40175425,9.433981132,11.18033989,10.29563014,11.18033989,10.29563014,11.04536102,10.29563014,12.04159458
21.63330765,9.219544457,20.24845673,9.219544457,18.35755975,8.485281374,20.24845673,9.899494937,18.86796226,10,19.72308292,9.219544457,19.41648784,10.81665383,18.02775638,10.29563014,18.60107524,9.848857802,19.84943324,9.848857802,18.60107524,12.64911064,17.80449381,11.70469991,16.40121947,10.77032961,16.40121947,10.77032961,17.80449381,11.18033989,16.64331698,10.44030651,16.64331698,9.219544457,15.8113883,10.04987562,15.62049935,9.219544457,16.2788206,9,15.62049935,8,13.45362405,9,14.2126704,8.062257748,13.45362405,8.544003745,14.86606875,9.219544457,15.55634919,8.544003745
10.04987562,21.9317122,12.04159458,21.47091055,11.18033989,22.84731932,11.40175425,22.84731932,11.18033989,21.9544984,11.40175425,22.13594362,8.062257748,20.88061302,10.29563014,20.61552813,5.385164807,18.02775638,25.96150997,20.80865205,12.80624847,18.38477631,12.72792206,16.55294536,12.72792206,18.86796226,11.3137085,17.49285568,12.72792206,16.15549442,12.72792206,17,10.81665383,14.76482306,13.03840481,15,11.3137085,15,14.4222051,12.80624847,11.66190379,12.80624847,12.52996409,15,12.52996409,15.62049935,11.18033989,16.97056275,12.52996409,14.86606875,11.18033989,15.55634919
7.071067812,18.60107524,6.32455532,20,5.385164807,20.80865205,3.605551275,21.63330765,4.472135955,19.41648784,3.605551275,19.41648784,3.605551275,20.24845673,4.123105626,19.72308292,3.605551275,18.86796226,2,20.24845673,5,19.72308292,5.099019514,18.35755975,5.099019514,17.49285568,4,17.49285568,4,17,5,17.88854382,4,17,6,15.65247584,5,17,7.071067812,14.76482306,7,13.92838828,7,13,6.32455532,13.92838828,7.071067812,12.64911064,8.062257748,11.70469991,10.04987562,12.64911064
18.38477631,10.81665383,18.38477631,10,17.88854382,9.433981132,17.88854382,11.40175425,18.35755975,10.63014581,17,11.3137085,17.88854382,10,17.80449381,13.45362405,14.76482306,11.04536102,13.60147051,14.4222051,13.92838828,11.40175425,15.26433752,11.66190379,16.40121947,12.04159458,14.4222051,12.08304597,12.20655562,11.18033989,12.80624847,12.08304597,13.60147051,10.29563014,11.40175425,9.486832981,14.14213562,10.77032961,12.04159458,10.19803903,12.80624847,9.486832981,12.72792206,9.219544457,13.45362405,10.19803903,12.04159458,10,12.04159458,7.071067812,13.45362405,10
19.20937271,5,19.84943324,5,20,5.099019514,20.80865205,4.472135955,20.80865205,3.16227766,19.41648784,1.414213562,19.41648784,2.828427125,18.86796226,2,18.02775638,3.16227766,17.20465053,2.828427125,18.60107524,3,18.35755975,3,19.72308292,4.123105626,17.49285568,3.605551275,17.49285568,3.605551275,17.49285568,3.605551275,16.64331698,5.099019514,15.65247584,4.123105626,15.65247584,5,15.65247584,4.123105626,14.76482306,5,13.89244399,6.08276253,14.31782106,7.071067812,15.23154621,8,14.31782106,7,13.92838828,8
5.385164807,20.80865205,5.385164807,21.40093456,4.123105626,21.63330765,3.605551275,23.02172887,2.236067977,21.9544984,3.605551275,20.80865205,2.828427125,20.80865205,2,22.20360331,1.414213562,20.24845673,2.236067977,19.23538406,2,20.59126028,3,20,2,18.86796226,3.605551275,20,2.828427125,17.49285568,3.16227766,16.64331698,3.16227766,18.60107524,2.828427125,18.02775638,4.242640687,18.02775638,4.123105626,16.64331698,5,16.64331698,5.830951895,17.20465053,5.385164807,15.26433752,5.385164807,16.64331698,5.385164807,16.1245155,7.280109889,15.8113883
19.20937271,7,21.63330765,6.08276253,20.61552813,6.08276253,20.24845673,5.099019514,20,4.123105626,20.80865205,3.605551275,19.41648784,3.605551275,18.86796226,2.236067977,20,2,18.60107524,4.242640687,19.41648784,3,18.86796226,4,19.23538406,3,17.49285568,4.123105626,17.49285568,5.099019514,17.49285568,4,17,4,14.76482306,5.099019514,16.1245155,5,16.55294536,4,13.92838828,6,14.76482306,7.071067812,13.89244399,6.08276253,13.89244399,9.055385138,13,9.055385138,14.86606875,9.055385138
12.72792206,17,12.72792206,18.02775638,14.2126704,15.65247584,14.2126704,16.1245155,15,17.20465053,14.2126704,16.64331698,13.60147051,15.8113883,13.60147051,14.4222051,13.41640786,14.4222051,12.64911064,13.60147051,15.23154621,12.80624847,14.31782106,13.45362405,14.76482306,12.04159458,13.41640786,13.45362405,12.08304597,12.04159458,13.60147051,12.04159458,13,13.45362405,11.40175425,12.04159458,11.70469991,12.72792206,12.36931688,12.72792206,11.04536102,12.72792206,10.04987562,12.72792206,10.04987562,14.2126704,11.18033989,14.2126704,9,13.60147051,11.04536102,15
3.605551275,25,2.828427125,25,3.16227766,25.61249695,2,24.69817807,1,22.20360331,1.414213562,23.85372088,3.605551275,23.85372088,3,24.41311123,2.236067977,23.60084744,2.236067977,23.60084744,3,22.47220505,3.605551275,21.63330765,5.830951895,23.32380758,6.08276253,20.24845673,6.32455532,21.63330765,5,21.09502311,5.830951895,20.24845673,5,19.41648784,5,19.41648784,7.071067812,17.49285568,7.810249676,17.49285568,6.403124237,17.88854382,7.280109889,15.8113883,8.062257748,17.88854382,8.246211251,17.88854382,8.246211251,18.35755975
8.246211251,23.43074903,9.055385138,24.20743687,8.246211251,24.20743687,7.280109889,22.47220505,6.08276253,22.8035085,6.32455532,23.02172887,5.385164807,25,4.472135955,23.02172887,4.242640687,22.20360331,5.830951895,23.02172887,5,22.47220505,3.605551275,21.9544984,4.472135955,22.47220505,4.123105626,21.09502311,4.123105626,19.72308292,6.08276253,20.24845673,5.099019514,20.59126028,5.099019514,17.20465053,7,20.1246118,6,18.35755975,6.32455532,20.1246118,9.055385138,19.23538406,8.062257748,18.35755975,10.04987562,18.78829423,10.04987562,15.65247584,10.19803903,17.4642492
21.40093456,3.605551275,20,3.605551275,22.47220505,3,21.40093456,1.414213562,21.63330765,2,21.63330765,1.414213562,21.9544984,2.236067977,20.24845673,1,19.72308292,1,18.35755975,2,19.72308292,2.236067977,19.72308292,3.16227766,19.23538406,2.236067977,19.41648784,2.236067977,19.23538406,3.605551275,18.86796226,5,18.86796226,5,17.49285568,5.385164807,17.49285568,4.472135955,15.65247584,3.605551275,16.64331698,5.385164807,15.65247584,4.472135955,16.64331698,6.08276253,14.76482306,7.280109889,15.26433752,6.08276253,15.26433752,6.32455532
89.05054744,15.29705854,91.5259526,12.36931688,103.0776406,22.20360331,98.22932352,9.055385138,83.76156637,14.2126704,89.58794562,11.04536102,87.98295289,22.6715681,82.92767934,18.02775638,82.49242389,18,78.77182237,20.24845673,83.76156637,22.8035085,81.3019065,24.0208243,80.45495634,25.3179778,77.80102827,18.43908891,70.80254233,18.24828759,77.20103626,27.45906044,81.0246876,23.02172887,66.70832032,17.4642492,74.63243263,21.02379604,68.26419266,26.57066051,70.21395873,24.35159132,67.42403132,23.02172887,64.20280368,21.21320344,69.0651866,26.90724809,66.57326791,27.65863337,72.56031973,32.55764119
21.09502311,15.55634919,18.86796226,16.2788206,21.09502311,15.62049935,19.41648784,15.8113883,18.35755975,16.64331698,18.02775638,16.64331698,19.41648784,17.49285568,16.40121947,16.1245155,17.80449381,15.8113883,18.38477631,16.40121947,17.02938637,17.88854382,15.8113883,16.55294536,15.55634919,15.23154621,14.2126704,15.23154621,15.55634919,15.8113883,15.55634919,15.5241747,14.14213562,14.31782106,15.55634919,13.34166406,15.55634919,12.36931688,14.86606875,13.15294644,15.55634919,12.04159458,14.14213562,12,14.86606875,12.04159458,14.2126704,12,15.62049935,12.04159458,15.62049935,12.04159458
12.20655562,17,12.80624847,18.86796226,12.80624847,17.88854382,14.2126704,16.1245155,13.45362405,15.8113883,13.60147051,17,13.60147051,18.02775638,15,13.89244399,14.4222051,14.4222051,15.62049935,14.4222051,15.26433752,14.4222051,13.03840481,13.03840481,13.89244399,15,13.89244399,13.45362405,12.64911064,12.04159458,13.41640786,12.80624847,13,12.72792206,11.40175425,12.80624847,12.36931688,12.04159458,12.36931688,13.45362405,11.18033989,12.80624847,12.04159458,12.72792206,10.19803903,12.04159458,10.04987562,14.86606875,10.04987562,13.03840481,10.04987562,13.45362405
22.02271555,4,23.60084744,4,23.60084744,4,23.02172887,3,23.02172887,2.236067977,22.20360331,2.236067977,23.60084744,1,21.63330765,2,22.20360331,2.236067977,20.80865205,3.16227766,21.63330765,2,22.47220505,2.236067977,20.59126028,2.236067977,19.72308292,3.16227766,19.72308292,4.123105626,19.72308292,4.242640687,18.02775638,4.472135955,17.49285568,4.472135955,17.88854382,4,17,5.385164807,17,5.099019514,16.1245155,6.08276253,16.15549442,7.280109889,17.4642492,8,16.15549442,8.062257748,15.23154621,9.055385138
5,23.60084744,4,23.02172887,3.16227766,23.02172887,2,23.02172887,2,22.8035085,0,21.63330765,0,22.20360331,1,21.40093456,1,21.63330765,2.828427125,20.61552813,2.236067977,21.63330765,2.828427125,22.47220505,3.605551275,21.09502311,3.605551275,19.41648784,3.605551275,18.02775638,4.123105626,18.60107524,4.472135955,18.35755975,4.123105626,18.02775638,5,18.35755975,6.708203932,17.49285568,6.708203932,16.64331698,8.246211251,16.1245155,7.071067812,15.26433752,8.246211251,17.49285568,8.062257748,15.65247584,9,15.65247584
9.219544457,19.72308292,9.219544457,19.23538406,10,20.24845673,10.63014581,18.86796226,9.899494937,18.86796226,9.433981132,18.35755975,10,20.24845673,11.18033989,17.20465053,8.94427191,16.64331698,11.18033989,16.1245155,10.77032961,17.20465053,9.848857802,16.40121947,11.40175425,15.8113883,11.40175425,16.40121947,10.19803903,15.8113883,9.219544457,14.2126704,11.40175425,15,8.062257748,14.14213562,9.219544457,13.45362405,9,14.2126704,9,13.45362405,8.062257748,14.86606875,8.062257748,13.45362405,8.246211251,14.86606875,8.246211251,14.86606875,9.848857802,15.55634919
4.242640687,25.8069758,3,24.69817807,3.16227766,25,2.236067977,23.85372088,2,25.23885893,2.236067977,24.69817807,4.472135955,23.02172887,3.16227766,22.20360331,5.099019514,23.02172887,4.123105626,23.43074903,5,22.20360331,3,23.02172887,4.472135955,21.63330765,6.08276253,21.63330765,6.32455532,20.24845673,4.472135955,20.80865205,5.830951895,19.72308292,5,19.20937271,6.403124237,19.41648784,7.211102551,17.49285568,7.211102551,18.86796226,7.810249676,17.80449381,6.32455532,17.20465053,8.062257748,16.64331698,8.246211251,17.49285568,8.544003745,17.49285568
21.09502311,10.81665383,21.47091055,10.63014581,20.80865205,9.899494937,19.23538406,10,19.41648784,11.40175425,20.24845673,10.81665383,18.86796226,11.18033989,20.24845673,12.08304597,17.49285568,13.41640786,17.20465053,11.18033989,18.60107524,12.08304597,17.20465053,11.18033989,17.02938637,11.18033989,15.8113883,10.44030651,14.4222051,9.219544457,17.02938637,12.36931688,15.8113883,11.18033989,16.2788206,9.055385138,15.62049935,11,14.86606875,9.055385138,14.86606875,8.246211251,15,9.486832981,14.2126704,9.219544457,14.14213562,8.544003745,14.14213562,8.544003745,16.2788206,9.848857802
5,20.61552813,2,21.40093456,3.605551275,21.63330765,3.16227766,21.63330765,1,23.02172887,2.236067977,21.63330765,1.414213562,21.09502311,2,20.24845673,1.414213562,21.63330765,2,20.61552813,3.605551275,20.24845673,3.605551275,19.72308292,3.605551275,19.72308292,4.242640687,18.02775638,4.472135955,18.02775638,4.472135955,18.86796226,4.242640687,18.02775638,4.123105626,17.49285568,5,17,6.32455532,17.20465053,6.708203932,15.8113883,6.32455532,15.65247584,7.071067812,16.1245155,7.280109889,14.76482306,8,15.26433752,9,14.76482306
3.16227766,20,3.16227766,23.02172887,2.236067977,22.20360331,1.414213562,21.63330765,2.236067977,23.02172887,3.605551275,20.80865205,4.123105626,21.40093456,3,21.63330765,3.16227766,19.72308292,4,18.60107524,3,19.72308292,3,20.24845673,5,20.80865205,4.123105626,19.41648784,5.385164807,17.49285568,5.099019514,16.64331698,4.472135955,17.80449381,5.656854249,16.40121947,7.211102551,16.64331698,6.403124237,15.26433752,6.403124237,17,6.403124237,16.64331698,7.211102551,15.8113883,8.062257748,16.64331698,7.211102551,15.26433752,6.708203932,15.26433752
14.2126704,14.76482306,14.86606875,15.26433752,15.62049935,15,16.1245155,13.89244399,15.8113883,15.8113883,16.64331698,13.89244399,15,14.4222051,16.1245155,12.20655562,15.26433752,12.20655562,15.23154621,10,14.31782106,12.04159458,14.31782106,12.04159458,14.31782106,13.45362405,15.23154621,12.72792206,15.8113883,11.3137085,13,11.3137085,12.64911064,12.72792206,12.64911064,12.04159458,13.34166406,10.63014581,13.15294644,10.63014581,12.16552506,11.3137085,12.16552506,11.40175425,10.04987562,10.63014581,11,10.63014581,11.04536102,11.40175425,11.18033989,12.80624847
14.76482306,15.55634919,13.89244399,15,13,15.62049935,12.52996409,15.8113883,12.52996409,14.4222051,13.41640786,15,12.20655562,16.64331698,12.20655562,14.76482306,10.81665383,15.8113883,12.04159458,17,10.63014581,16.1245155,10,16.15549442,9.899494937,15.65247584,9.219544457,13.41640786,9.899494937,13.41640786,9.219544457,15.23154621,9.433981132,13,10.81665383,14.56021978,9.219544457,13.60147051,10.81665383,11.40175425,9.433981132,13,8.602325267,12.36931688,10.81665383,10.04987562,10.81665383,10,11.66190379,11,11.40175425,11
5.099019514,20.61552813,5.099019514,20.80865205,4.123105626,22.02271555,3,21.09502311,2.236067977,20.61552813,2.236067977,20.80865205,2.236067977,21.09502311,2.828427125,20.1246118,1,20.80865205,0,18.60107524,1,20.24845673,2.236067977,18.02775638,2.828427125,20.80865205,5,19.23538406,2.828427125,18.86796226,3.16227766,19.41648784,3.16227766,17,4.123105626,16.64331698,4.472135955,16.1245155,5.830951895,14.86606875,6.32455532,14.76482306,6.32455532,16.1245155,7,13,7.615773106,14.31782106,7.615773106,14.76482306,8,13.92838828
2.236067977,34.20526275,2.236067977,32.80243893,6.403124237,35.35533906,7.211102551,32.24903099,6.403124237,34.66987165,4.123105626,32.64965543,5.099019514,30.41381265,7.211102551,31.90611227,11.40175425,36.06937759,8.062257748,30.61045573,8.485281374,30.01666204,10.63014581,31.38470965,9.433981132,29.52964612,8.062257748,30.41381265,9.433981132,26.40075756,7.615773106,30.52867504,8.94427191,28.8444102,8.062257748,27.45906044,10,26.92582404,12.08304597,22.8035085,10.29563014,22.47220505,12.36931688,21.47091055,13.34166406,21.09502311,13.92838828,24.59674775,14.14213562,21.02379604,15.5241747,20.61552813
17.02938637,10.77032961,17.80449381,10.44030651,19.20937271,9.848857802,17.20465053,9.433981132,18.60107524,8.94427191,20.24845673,8.602325267,18.35755975,7.211102551,18.02775638,6.403124237,19.23538406,7.810249676,16.55294536,7.810249676,17.88854382,7.071067812,16.55294536,7.810249676,17.49285568,8.485281374,17.88854382,8.602325267,16.55294536,7.211102551,16.55294536,7.211102551,16.55294536,8.602325267,15.26433752,7.615773106,15.8113883,7.615773106,13.92838828,7.280109889,14.31782106,8.544003745,13.92838828,9.219544457,13.60147051,8.544003745,13.60147051,8.544003745,11.70469991,9.848857802,11.18033989,9.486832981
11.18033989,17.02938637,10.19803903,18.43908891,7.615773106,17.80449381,8.94427191,18.02775638,8.544003745,17.80449381,8.062257748,18.60107524,8.544003745,18.02775638,6.32455532,18.78829423,6.403124237,19.72308292,7.810249676,17.49285568,7.071067812,17,7.071067812,18.35755975,5.656854249,17,7.810249676,16.1245155,7.211102551,17,5.830951895,16.55294536,6.403124237,17,6.708203932,15.23154621,7.280109889,16.55294536,6.08276253,15.23154621,7.071067812,13.92838828,7.280109889,13.92838828,7.071067812,13.60147051,8.544003745,13.41640786,9.219544457,13.34166406,10.29563014,11.18033989
16.2788206,13.41640786,16.97056275,13.03840481,17.80449381,12.52996409,18.02775638,12.52996409,18.86796226,11.66190379,16.64331698,11.18033989,17.49285568,11.40175425,16.1245155,11.40175425,18.02775638,10.81665383,18.86796226,11.3137085,17,8.485281374,17,10.63014581,16.1245155,9.219544457,18.38477631,10,16.55294536,9.899494937,15.23154621,10.63014581,16.76305461,9.433981132,14.31782106,8.602325267,14.56021978,10,14.56021978,8.602325267,13.60147051,9.433981132,14.14213562,9.433981132,12.16552506,11.18033989,13.34166406,11.18033989,11.04536102,10.77032961,12.04159458,11.66190379
17.02938637,11.18033989,18.60107524,8.94427191,19.20937271,9.848857802,19.41648784,9.848857802,19.41648784,8.602325267,18.60107524,9.219544457,20.59126028,8.062257748,19.41648784,5.830951895,18.02775638,5.656854249,17.88854382,7.211102551,18.35755975,8.602325267,17.49285568,7.810249676,18.86796226,7.810249676,17.88854382,8.602325267,17.88854382,7.810249676,15.65247584,7.615773106,16.15549442,7.615773106,14.76482306,8.544003745,16.55294536,8.94427191,15.8113883,7.615773106,13.60147051,8.544003745,14.56021978,7.615773106,13,8.94427191,14.14213562,8.94427191,14.14213562,10.29563014,12.16552506,9.848857802
12.72792206,17,12.04159458,17.88854382,12.72792206,16.1245155,14.2126704,17.49285568,13.03840481,16.1245155,13.89244399,16.1245155,13.60147051,13.03840481,13.89244399,15,13.03840481,14.76482306,13.41640786,14.76482306,13.41640786,12.80624847,13.41640786,14.2126704,13.41640786,13.45362405,13.41640786,13.45362405,13.60147051,13.45362405,12.64911064,12.72792206,11.70469991,12.04159458,10.44030651,10.63014581,12.16552506,12.04159458,12.04159458,12.72792206,11.18033989,12.72792206,11.18033989,12.72792206,9.055385138,12.80624847,10,14.2126704,10,13.03840481,9.055385138,14.14213562
13.60147051,19.72308292,12.04159458,20.24845673,13.60147051,19.72308292,13.60147051,20.1246118,13.45362405,20.1246118,14.86606875,18.35755975,12.80624847,18.35755975,13.60147051,18.86796226,14.4222051,17,14.4222051,15.65247584,15.26433752,16.1245155,15.23154621,16.2788206,13.92838828,15.8113883,13.89244399,15,13.92838828,16.1245155,13,15,11.70469991,14.86606875,11.18033989,14.2126704,12.16552506,14.2126704,12.16552506,14.86606875,11.18033989,14.86606875,12.04159458,14.86606875,10.04987562,13.45362405,12.04159458,14.2126704,10,14.2126704,10.04987562,14.86606875
26.17250466,60.53924347,17.69180601,32.01562119,19.92485885,50.08991915,39.56008089,20.61552813,17.11724277,50.08991915,26.40075756,31.57530681,41.10960958,33.24154028,18,32.57299495,24.0208243,38.32753579,23.34523506,39.01281841,43.96589587,51.31276644,29.96664813,40.36087214,26.92582404,54.08326913,23.85372088,51.623638,31.82766093,26.90724809,23.02172887,65.80273551,9.219544457,69.65629907,29.73213749,49.39635614,23.32380758,65.29931087,33.61547263,24.75883681,25.55386468,43.46262762,20.24845673,42.52058325,19.72308292,40.45985665,18.38477631,69.63476143,29.01723626,40.45985665,34.98571137,47.92702787
22.8035085,4.472135955,23.60084744,3.16227766,23.60084744,4.123105626,23.02172887,2.828427125,22.20360331,2.236067977,22.8035085,2.236067977,21.63330765,1,23.02172887,1,20.80865205,2.236067977,21.40093456,1,21.63330765,1,21.63330765,2.236067977,20.80865205,3.605551275,20.80865205,2.828427125,20.24845673,2.236067977,18.02775638,3.605551275,18.35755975,5,18.02775638,3.605551275,18.02775638,4.242640687,16.64331698,5,16.64331698,5,16.64331698,5.385164807,16.1245155,5.099019514,17.49285568,7.280109889,16.64331698,7.615773106,17.20465053,7.071067812
14.14213562,15.65247584,14.86606875,16.55294536,14.86606875,15.26433752,13.45362405,16.55294536,14.86606875,16.1245155,15.8113883,14.4222051,15.62049935,13.60147051,15,12.20655562,14.4222051,12.80624847,13.89244399,13.45362405,14.76482306,12.04159458,13.89244399,12.80624847,14.31782106,13.60147051,14.86606875,11.40175425,13.41640786,12.04159458,13.92838828,10.63014581,14.31782106,11.40175425,12.64911064,10.63014581,13.60147051,10.63014581,11.70469991,12.72792206,12.64911064,11.40175425,11.18033989,12.04159458,11.04536102,10.63014581,12.16552506,13.45362405,11.04536102,11.40175425,12,11.66190379
6.08276253,21.40093456,4.123105626,20.61552813,3.16227766,22.20360331,3.16227766,21.63330765,1,21.40093456,3,23.02172887,2.236067977,21.63330765,1.414213562,20.24845673,1,19.72308292,3,19.23538406,2.828427125,19.41648784,3,19.41648784,2.236067977,19.72308292,3.16227766,18.86796226,4.123105626,18.86796226,4.123105626,18.35755975,4,17.88854382,4,18.38477631,5.099019514,16.55294536,6.08276253,16.55294536,6.08276253,15.65247584,7.071067812,15.65247584,7.071067812,15.65247584,8.062257748,15.65247584,8.062257748,15.65247584,9.055385138,14.86606875
22.02271555,8.544003745,24.20743687,7.280109889,21.63330765,7.280109889,24.41311123,6.32455532,23.60084744,6.32455532,22.8035085,6.708203932,25,5,21.63330765,5,23.02172887,2.828427125,23.02172887,5,22.20360331,6.32455532,21.9544984,5.385164807,21.47091055,5,21.47091055,4.123105626,20.59126028,4.123105626,20.59126028,4.472135955,20.59126028,5.099019514,19.23538406,5.099019514,21.47091055,6.32455532,18.78829423,7.615773106,18.38477631,7.071067812,19.23538406,7.071067812,16.55294536,9.219544457,16.15549442,9.055385138,18.38477631,9,17.72004515,9.055385138
18.43908891,9.486832981,18.60107524,8.062257748,19.41648784,9.486832981,20,10.29563014,20,8.062257748,19.41648784,6.708203932,20.24845673,7.810249676,18.02775638,5.830951895,19.72308292,6.403124237,17.88854382,6.403124237,19.41648784,5,19.23538406,5,18.35755975,4.242640687,19.23538406,4.472135955,17.49285568,6.32455532,17,6.708203932,18.78829423,5.385164807,17.88854382,5.099019514,16.55294536,6.708203932,15.23154621,8.062257748,16.15549442,7.615773106,16.15549442,8.062257748,16.4924225,9.486832981,14.56021978,8.544003745,14.56021978,9.055385138,13.60147051,8.246211251
18.38477631,13,19.20937271,10.81665383,18.43908891,11.18033989,18.86796226,10.29563014,19.41648784,10.81665383,17.80449381,9.433981132,20.24845673,10,18.02775638,9.433981132,18.02775638,7.211102551,19.41648784,8.602325267,19.41648784,7.071067812,17.49285568,7.810249676,18.35755975,8.485281374,17.4642492,9.219544457,18.35755975,8.485281374,17,8.602325267,16.55294536,7.211102551,14.31782106,7.211102551,15.23154621,8.062257748,14.86606875,8.602325267,14.86606875,8.602325267,13.60147051,9.433981132,13.60147051,10.29563014,14.31782106,9.848857802,13.34166406,10.29563014,13.34166406,11.18033989
17.02938637,13,17.80449381,13.41640786,17.02938637,10.81665383,17.02938637,11.18033989,18.43908891,10.29563014,17.02938637,10,18.35755975,9.219544457,18.02775638,9.219544457,17.80449381,8.485281374,17.49285568,9.899494937,17.49285568,7.810249676,16.1245155,8.485281374,15.65247584,8.485281374,16.1245155,8.602325267,17,8.485281374,15.26433752,8.94427191,15.23154621,7.211102551,15.23154621,9.433981132,16.15549442,10.81665383,14.86606875,8.94427191,13,10.29563014,14.31782106,9.433981132,13.15294644,8.94427191,12.16552506,10.29563014,13.60147051,11.40175425,13.60147051,12.08304597
17.49285568,10,17.88854382,9.899494937,18.02775638,10.63014581,18.78829423,12.04159458,18.02775638,10.63014581,16.64331698,12.20655562,16.64331698,12.20655562,16.40121947,11.66190379,15.26433752,11.66190379,15,11.66190379,15.62049935,11.18033989,15.8113883,12.08304597,14.2126704,10.44030651,13.45362405,10.77032961,13.60147051,10.77032961,14.2126704,11.40175425,14.2126704,10.44030651,13.45362405,9.055385138,12.80624847,11.04536102,13.45362405,10.04987562,12.04159458,10,11.3137085,8,12.72792206,8.062257748,11.3137085,9.219544457,13.45362405,8.544003745,14.2126704,9.486832981
8.544003745,22.627417,5.385164807,21.9544984,7.071067812,19.23538406,7.071067812,23.02172887,5.830951895,21.9544984,5,23.43074903,5,22.6715681,4.123105626,25.45584412,5.830951895,19.31320792,9.219544457,16.2788206,3.605551275,24.75883681,9,20.24845673,6.32455532,18.38477631,9.055385138,19.6977156,6.32455532,19.72308292,8.544003745,17.49285568,7.071067812,17.4642492,9.219544457,17.4642492,7.280109889,17.4642492,7.071067812,14.76482306,9.055385138,13.60147051,9.219544457,14.31782106,9.055385138,13.92838828,11.66190379,13.92838828,10.44030651,15.5241747,10,13.34166406
15.62049935,15.65247584,17.80449381,14.4222051,17.20465053,15.26433752,16.64331698,14.4222051,16.1245155,13.89244399,15.26433752,13.60147051,17.49285568,12.80624847,15.8113883,12.04159458,14.76482306,11.40175425,14.86606875,10,15.65247584,11.3137085,14.76482306,11.3137085,16.15549442,11.3137085,13.92838828,11.3137085,14.86606875,10.63014581,13,10,13.60147051,10.29563014,12.36931688,10,14.31782106,10.63014581,13.15294644,10.81665383,12.16552506,12.80624847,12,10.81665383,11,12.20655562,11,12.80624847,11,13.03840481,11,12.20655562
20.24845673,5.099019514,21.63330765,5.385164807,23.02172887,4.472135955,21.09502311,4.242640687,20.24845673,3.605551275,20.24845673,3,20.59126028,4.123105626,18.86796226,3.16227766,19.23538406,3.16227766,20.1246118,4.123105626,19.72308292,3,18.78829423,4,18.78829423,5,17.88854382,6.08276253,17,5,17,5.099019514,16.15549442,5.385164807,15.65247584,7,17.4642492,6.08276253,14.31782106,6.08276253,15.23154621,7.280109889,14.86606875,8.062257748,13.60147051,9.055385138,13.92838828,9.055385138,13.60147051,9.219544457,13,10
5.099019514,23.85372088,6.32455532,24.69817807,5.385164807,23.85372088,7.810249676,24.18677324,7.810249676,24.69817807,6.708203932,23.32380758,7.810249676,22.47220505,8.544003745,22.47220505,7.615773106,22.20360331,9.219544457,22.20360331,7.280109889,21.09502311,8.062257748,20.24845673,8.062257748,20.24845673,8.062257748,18.02775638,7.071067812,20,9,19.41648784,8,18.60107524,8.246211251,17.80449381,8.062257748,18.60107524,7.071067812,17.80449381,9.219544457,18.02775638,8.602325267,17.80449381,7.211102551,16.40121947,7.810249676,17.80449381,8.485281374,17.80449381,7.810249676,17.80449381
9.219544457,17,9.899494937,16.64331698,11.40175425,16.1245155,10.81665383,17.20465053,12.20655562,16.64331698,12.20655562,16.40121947,11.40175425,15,11.18033989,15,12.20655562,15,11.66190379,12.20655562,11.18033989,14.2126704,12.08304597,14.2126704,11.70469991,14.2126704,9.848857802,13.45362405,11.40175425,12.72792206,9.219544457,14.2126704,9.486832981,12.72792206,9.486832981,12.04159458,10.04987562,12.04159458,9,12.72792206,10.04987562,12.72792206,9,12.04159458,9.219544457,13.45362405,9.219544457,12.72792206,8.246211251,12.04159458,7.280109889,13.45362405
10.63014581,18.35755975,12.04159458,18.02775638,11.40175425,18.35755975,11.66190379,17.49285568,11.40175425,18.02775638,10.81665383,17.49285568,13.03840481,15.8113883,12.08304597,16.64331698,11.66190379,15,13.41640786,14.76482306,11.66190379,15,11.18033989,14.86606875,12.64911064,15,10.19803903,14.86606875,11.40175425,13.03840481,12.16552506,12.20655562,10.44030651,13.45362405,11.04536102,13.45362405,11.40175425,12.72792206,10.04987562,13.60147051,10,12.72792206,10,12.72792206,9.055385138,12.04159458,11.18033989,14.14213562,9.848857802,13.45362405,9.486832981,12.72792206
19.23538406,10,18.35755975,11.40175425,19.23538406,10,17,10.63014581,16.1245155,10.63014581,18.35755975,10.81665383,16.1245155,10,16.64331698,10.81665383,16.64331698,10.81665383,15.8113883,11.40175425,16.40121947,12.20655562,15.26433752,11.66190379,15,12.08304597,15.62049935,10.77032961,14.2126704,10.77032961,14.2126704,11.70469991,14.2126704,10.44030651,14.14213562,9.486832981,12.72792206,10.44030651,12.04159458,10.04987562,14.14213562,9,12.72792206,9.055385138,13.45362405,9.055385138,14.14213562,9.055385138,12.04159458,8.246211251,14.86606875,9.219544457
22.47220505,5.385164807,21.40093456,4.123105626,23.02172887,4,21.63330765,3,22.8035085,2,21.63330765,1,21.09502311,1,22.20360331,1,19.72308292,6.08276253,23.60084744,2.236067977,20.80865205,2.828427125,19.23538406,2.828427125,18.86796226,1.414213562,21.09502311,3.605551275,17.88854382,3.16227766,18.35755975,4.242640687,18.86796226,5,17.20465053,5.830951895,15.8113883,4.242640687,16.64331698,6.708203932,17.49285568,5.830951895,14.31782106,6.403124237,15.26433752,6.708203932,16.1245155,7.071067812,15.23154621,7.071067812,14.31782106,8.246211251
16.2788206,9.848857802,18.43908891,8.94427191,18.02775638,8.485281374,19.41648784,10.29563014,17.49285568,7.810249676,17.80449381,7.211102551,19.20937271,6.403124237,17.20465053,10.81665383,18.02775638,5.099019514,18.02775638,20.39607805,19.41648784,9.848857802,16.64331698,6.403124237,17.4642492,6.708203932,14.86606875,7.280109889,16.55294536,7.071067812,15.65247584,8.062257748,15.23154621,5.656854249,13.92838828,6.32455532,15.23154621,6.403124237,14.86606875,7.280109889,14.56021978,7.615773106,12.64911064,8.062257748,11.18033989,8.544003745,12.36931688,8.544003745,12.16552506,8.544003745,11.18033989,10.77032961
8.485281374,20.24845673,8.485281374,19.41648784,11.40175425,19.23538406,10,18.86796226,10.81665383,17.49285568,10.63014581,18.35755975,9.848857802,17.49285568,12.52996409,17.20465053,10.77032961,17.02938637,10.19803903,16.64331698,10.77032961,16.40121947,9.486832981,15.8113883,10.77032961,15.8113883,10.19803903,16.40121947,11.18033989,15.62049935,10.04987562,14.2126704,11.18033989,13.60147051,9.219544457,14.14213562,9,14.4222051,10.04987562,14.14213562,9.055385138,14.2126704,8.246211251,14.14213562,8.062257748,15.55634919,10.44030651,13.45362405,8.246211251,15,7.211102551,14.14213562
11.40175425,17.02938637,10.44030651,18.60107524,7.615773106,19.20937271,7.615773106,18.60107524,7.615773106,17.49285568,7.615773106,18.02775638,7.211102551,19.41648784,7.615773106,18.02775638,8.062257748,17.49285568,7.810249676,17.88854382,7.810249676,17.20465053,5,17,6.708203932,17.4642492,5.656854249,16.55294536,6.403124237,16.1245155,6.708203932,15.26433752,6.708203932,16.55294536,7.615773106,15.23154621,6.32455532,14.76482306,6.32455532,13,5.830951895,13.92838828,8.544003745,13.92838828,8.062257748,11.40175425,8.062257748,13.60147051,7.280109889,10.77032961,9.848857802,12.64911064
5,24.18677324,6,23.85372088,4.123105626,22.47220505,5,24.69817807,5.830951895,23.85372088,4.472135955,23.02172887,7.071067812,22.82542442,5.656854249,23.85372088,6.08276253,22.20360331,5.099019514,22.20360331,6.08276253,22.47220505,7.280109889,22.02271555,6.32455532,21.09502311,7.071067812,20.61552813,6.08276253,20.61552813,6,20.24845673,7.071067812,19.41648784,7,19.20937271,8.062257748,19.20937271,5.385164807,20,7.280109889,18.60107524,7.280109889,18.60107524,5.830951895,18.43908891,7.211102551,18.02775638,6.403124237,19.20937271,9.219544457,16.40121947
19.41648784,7.211102551,18.35755975,8.485281374,19.72308292,7.071067812,18.02775638,7.810249676,17.49285568,9.219544457,18.35755975,8.062257748,19.23538406,8.602325267,16.64331698,8.94427191,18.02775638,9.219544457,16.64331698,9.055385138,17.20465053,10.44030651,16.40121947,10.19803903,15.8113883,9.486832981,14.2126704,9.219544457,15,9.055385138,15,10.04987562,14.86606875,9.055385138,14.86606875,9,13.45362405,8.062257748,14.86606875,7.071067812,12.72792206,8.062257748,13.45362405,8.246211251,12.04159458,8.544003745,14.2126704,7.211102551,12.72792206,7.615773106,14.86606875,8.062257748
23.02172887,6,24.69817807,3,23.85372088,6.32455532,23.85372088,6.32455532,25.23885893,5,23.60084744,7.211102551,23.60084744,6.403124237,21.9544984,5,22.47220505,6.708203932,21.63330765,5.099019514,22.20360331,7.615773106,21.63330765,6.32455532,20.80865205,7.071067812,20,7.615773106,18.60107524,7.280109889,20.80865205,7.071067812,20.80865205,8.062257748,20,6,18.60107524,7,18.02775638,6,18.60107524,7.071067812,16.40121947,6.32455532,18.60107524,7.615773106,18.60107524,6.708203932,17.80449381,6.403124237,19.41648784,8.602325267
22.20360331,6.08276253,21.63330765,4.472135955,21.9544984,6.708203932,23.32380758,5.830951895,22.8035085,5.656854249,21.09502311,6.403124237,22.47220505,8.485281374,21.63330765,6.32455532,21.63330765,7.211102551,18.86796226,7.810249676,20.80865205,7.615773106,19.72308292,7.280109889,20,7.071067812,18.60107524,8.062257748,17.20465053,8.062257748,19.41648784,8.062257748,18.02775638,6.08276253,18.60107524,8,17.20465053,7.071067812,17.20465053,6.08276253,17.20465053,7.615773106,15.8113883,7.615773106,15.8113883,8.062257748,16.40121947,8.602325267,15,8.062257748,16.64331698,8.485281374
19.41648784,8.246211251,18.86796226,6.403124237,19.41648784,8.602325267,19.41648784,7.810249676,18.86796226,7.810249676,20.80865205,8.485281374,17.49285568,8.602325267,17.20465053,8.602325267,16.64331698,9.219544457,15.55634919,8.602325267,17.20465053,9.433981132,17.80449381,9.848857802,15.8113883,8.544003745,14.4222051,7.615773106,15.8113883,8.544003745,16.40121947,8.94427191,14.86606875,8.544003745,14.86606875,7.280109889,15.55634919,7.280109889,14.14213562,8.246211251,14.2126704,7,13.60147051,8,14.2126704,7.071067812,12.72792206,7.071067812,14.86606875,6.08276253,15.62049935,7.280109889
18.38477631,15.65247584,20,14.4222051,20,13.89244399,20.24845673,12.08304597,21.09502311,13.03840481,21.63330765,13.89244399,18.86796226,12.20655562,18.35755975,11.40175425,20.1246118,12.04159458,19.23538406,12.04159458,19.6977156,10.63014581,21.1896201,10.63014581,19.31320792,12.04159458,18.38477631,9.219544457,17.08800749,10,17.08800749,10,17.08800749,10.63014581,16.76305461,9.848857802,15.29705854,10.63014581,13.34166406,10.81665383,15.29705854,12.20655562,16.03121954,12.20655562,13.03840481,11.66190379,15.13274595,11.18033989,15,12.20655562,15,12.80624847
20.24845673,5.099019514,21.63330765,5.385164807,23.02172887,4.472135955,21.09502311,4.242640687,20.24845673,3.605551275,20.24845673,3,20.59126028,4.123105626,18.86796226,3.16227766,19.23538406,3.16227766,20.1246118,4.123105626,19.72308292,3,18.78829423,4,18.78829423,5,17.88854382,6.08276253,17,5,17,5.099019514,16.15549442,5.385164807,15.65247584,7,17.4642492,6.08276253,14.31782106,6.08276253,15.23154621,7.280109889,14.86606875,8.062257748,13.60147051,9.055385138,13.92838828,9.055385138,13.60147051,9.219544457,13,10
5.099019514,23.85372088,6.32455532,24.69817807,5.385164807,23.85372088,7.810249676,24.18677324,7.810249676,24.69817807,6.708203932,23.32380758,7.810249676,22.47220505,8.544003745,22.47220505,7.615773106,22.20360331,9.219544457,22.20360331,7.280109889,21.09502311,8.062257748,20.24845673,8.062257748,20.24845673,8.062257748,18.02775638,7.071067812,20,9,19.41648784,8,18.60107524,8.246211251,17.80449381,8.062257748,18.60107524,7.071067812,17.80449381,9.219544457,18.02775638,8.602325267,17.80449381,7.211102551,16.40121947,7.810249676,17.80449381,8.485281374,17.80449381,7.810249676,17.80449381
21.40093456,4.472135955,20.80865205,3.16227766,20.80865205,2.236067977,20.80865205,1.414213562,20.24845673,2.236067977,20.80865205,1.414213562,19.41648784,1.414213562,18.02775638,1,20.24845673,3.16227766,20,2.236067977,19.41648784,2.236067977,17.49285568,2.236067977,17.49285568,2.828427125,18.86796226,2.828427125,17.49285568,3.605551275,17.49285568,3.605551275,17.49285568,5,16.40121947,4.472135955,15.8113883,5,16.64331698,4.472135955,16.40121947,5,13.89244399,5.385164807,15.26433752,6.403124237,14.76482306,7.280109889,12.80624847,6.32455532,14.76482306,7.280109889
21.9544984,13.03840481,22.36067977,12.72792206,21.09502311,12.72792206,22.47220505,12.80624847,21.9544984,12.04159458,20.24845673,13.60147051,20.80865205,13.45362405,19.72308292,15.26433752,20,14.31782106,19.20937271,13.41640786,20,13,17.80449381,13.41640786,17.20465053,13.92838828,17.20465053,13.92838828,18.60107524,12.08304597,17.02938637,11.70469991,17.02938637,14.56021978,17.69180601,13.60147051,16.40121947,11.18033989,16.97056275,10.04987562,15.55634919,13.15294644,14.86606875,11.04536102,17.02938637,10.19803903,17.02938637,10.19803903,15.55634919,10.19803903,17.02938637,11.18033989
13.92838828,16.2788206,13.89244399,15.8113883,12.08304597,17.80449381,11.18033989,17.20465053,11.66190379,17.20465053,9.486832981,16.64331698,10.29563014,16.64331698,9.848857802,16.64331698,10,17.49285568,10,13.89244399,9.219544457,16.1245155,7.810249676,15.8113883,8.485281374,14.76482306,8.062257748,15.23154621,8.602325267,15,9.219544457,16.1245155,7.071067812,15.23154621,10,14.31782106,8.062257748,13.92838828,8.602325267,11.70469991,7.615773106,13.60147051,9.433981132,11.70469991,10,12.64911064,10.29563014,12.16552506,11.18033989,11.18033989,12.20655562,12.04159458
18.02775638,9.433981132,18.02775638,8.602325267,19.23538406,10.63014581,18.35755975,8.602325267,18.02775638,10.29563014,18.86796226,10.81665383,17.49285568,10.29563014,17.20465053,10.29563014,15.8113883,11.66190379,14.4222051,9.486832981,14.4222051,10.77032961,16.64331698,10.44030651,15.65247584,9.486832981,14.2126704,10.44030651,15,10.19803903,13.60147051,10.19803903,13.60147051,11,12.80624847,10.04987562,13.60147051,9.055385138,12.20655562,8.062257748,13.45362405,9.055385138,13.45362405,8.062257748,13.60147051,9.486832981,12.04159458,7.615773106,13.45362405,7.615773106,13.45362405,8.062257748
14.14213562,53.90732789,2,54.3783045,7.071067812,52.15361924,4.242640687,57.7754273,9.433981132,55.4436651,15.8113883,54.56189146,15,50.11985634,12,43.9089968,7.280109889,51.66236541,21.02379604,37.10795063,17.88854382,52.43090692,15.29705854,46.06517123,13.34166406,48.02082881,12.36931688,49.40647731,12.04159458,39.44616585,17.02938637,46.61544808,15.8113883,49.04079934,15.23154621,42.20189569,14.76482306,47.70744177,14.86606875,39.66106403,9.219544457,39.11521443,13.45362405,39.11521443,19.84943324,33.12099032,22.47220505,42.80186912,19.72308292,32.75667871,23.85372088,41.0487515
15.65247584,18.43908891,13.41640786,21.40093456,15.23154621,20.80865205,14.4222051,21.09502311,13.89244399,20,13.60147051,20.80865205,14.2126704,20.24845673,10.63014581,19.72308292,12.20655562,21.47091055,12.04159458,20.1246118,12.72792206,20.1246118,11.3137085,19.23538406,11.3137085,19.23538406,11.40175425,17.88854382,11.3137085,18.78829423,12.20655562,18.38477631,11.40175425,17.4642492,11.40175425,16.15549442,11.66190379,15.65247584,12.20655562,14.86606875,12.52996409,15.5241747,12.52996409,13.60147051,11.18033989,13.60147051,13.03840481,13.60147051,12.52996409,12.04159458,14.76482306,14.14213562
16.55294536,12.80624847,17,12.80624847,16.1245155,12.72792206,17,13.45362405,16.1245155,14.2126704,15.23154621,14.2126704,14.76482306,15,14.4222051,14.4222051,13.89244399,13.60147051,11.66190379,13.60147051,15.8113883,14.76482306,13.60147051,14.4222051,13.45362405,13.41640786,12.04159458,12.08304597,12.04159458,15.23154621,13.45362405,14.86606875,12.04159458,13.60147051,12.04159458,13,12.04159458,12.36931688,12.04159458,12.16552506,12.04159458,12.36931688,11.3137085,11.04536102,12.80624847,12.04159458,11.40175425,9.055385138,13.45362405,10.04987562,13.45362405,10.04987562
7.810249676,19.72308292,7.810249676,18.86796226,8.485281374,19.41648784,9.433981132,18.60107524,10,18.86796226,10,18.60107524,11.18033989,16.64331698,10.77032961,17.02938637,10.29563014,17.02938637,10.81665383,17.20465053,11.18033989,16.40121947,9.486832981,17.02938637,10.19803903,17.20465053,10.44030651,17.20465053,10.19803903,15,9.219544457,14.86606875,10.04987562,15,8.062257748,15.62049935,10.04987562,15.62049935,10.04987562,15.62049935,8.062257748,14.2126704,9.219544457,14.86606875,8.246211251,13.45362405,10.44030651,14.86606875,8.544003745,13.60147051,8.062257748,14.86606875
54.20332093,11.18033989,50.21951812,9.219544457,52.69724851,16.40121947,52.35456045,21.40093456,55.1724569,19.41648784,50.80354318,15,55.6057551,15.8113883,48.60041152,15.8113883,38.48376281,15.65247584,40.70626487,21.40093456,46.23851209,19,45.48626166,18.02775638,48.02082881,18,43.26661531,18.02775638,32.64965543,21.21320344,39.44616585,24.04163056,48.91829923,17.02938637,34.88552709,14.14213562,38.07886553,23.85372088,29.54657341,24.41311123,36.24913792,16.40121947,28.63564213,20,26.62705391,13.89244399,33.12099032,26.41968963,33.54101966,26.2488095,30.46309242,33.28663395
15.55634919,14.31782106,15.55634919,15.23154621,14.86606875,13.03840481,17.20465053,14.31782106,17,13.03840481,16.1245155,12.80624847,15.26433752,10.81665383,17.49285568,13.03840481,14.76482306,11.3137085,15.65247584,12.04159458,17.4642492,11.40175425,13.92838828,11.3137085,15.23154621,12.04159458,15.23154621,12.72792206,16.4924225,11.3137085,14.31782106,10.29563014,12.64911064,10.63014581,12.16552506,10.29563014,13.34166406,10.81665383,13.15294644,11.40175425,12.04159458,10.63014581,13.15294644,10.29563014,12.04159458,11.66190379,11.18033989,13.03840481,11.04536102,11.40175425,10.04987562,13.03840481
3.605551275,20.24845673,3.605551275,20.61552813,3.605551275,20.80865205,2.236067977,20.24845673,3.605551275,20.24845673,1,21.09502311,1,21.09502311,2.236067977,20.24845673,2.828427125,19.41648784,1,20,3.16227766,20.59126028,2.828427125,19.23538406,2.236067977,17.88854382,4.472135955,17.88854382,4.123105626,19.23538406,3.605551275,16.64331698,4.472135955,17,2.828427125,16.1245155,5,17,5,17,6.403124237,15.26433752,3.16227766,15.26433752,4.123105626,14.76482306,5.830951895,13.89244399,6.708203932,14.76482306,6.32455532,13
11.3137085,15.65247584,13.45362405,16.55294536,12.04159458,19.23538406,16.1245155,17.08800749,10.63014581,17.49285568,12.20655562,16.1245155,13.89244399,14.76482306,13.89244399,13,17.69180601,16.2788206,14.03566885,14.2126704,13.41640786,14.86606875,15.65247584,12.20655562,13.34166406,11.40175425,13.41640786,12.04159458,15.23154621,12.72792206,13.92838828,12.04159458,14.56021978,13.60147051,11.18033989,12.04159458,13.34166406,12.04159458,12.16552506,12.04159458,11.18033989,10,10.04987562,12.04159458,10.04987562,10.63014581,12,11.40175425,11.04536102,10.63014581,10.19803903,13.45362405
18.43908891,9,18.43908891,8.94427191,20,8.246211251,20.24845673,9.219544457,18.60107524,8.062257748,19.41648784,8.544003745,20.24845673,7.071067812,18.86796226,5.656854249,19.23538406,5.830951895,19.72308292,6.32455532,20.1246118,5,19.23538406,5.385164807,19.23538406,5.656854249,19.6977156,5.830951895,17.88854382,4.472135955,18.38477631,5.385164807,17.08800749,5.385164807,16.15549442,7.071067812,16.55294536,6.32455532,14.86606875,6.08276253,14.86606875,7.071067812,13.92838828,7.280109889,13.60147051,8.246211251,14.56021978,8.246211251,13.34166406,8,13.15294644,10.04987562
2.828427125,22.20360331,2.236067977,21.63330765,3.16227766,21.40093456,2.236067977,22.47220505,2,21.63330765,2.828427125,22.47220505,3.16227766,21.09502311,3.605551275,20.59126028,3,19.72308292,4.472135955,17.88854382,4.123105626,18.86796226,4.472135955,18.86796226,5.099019514,18.02775638,5.099019514,20.24845673,6.708203932,17.49285568,4.472135955,16.64331698,5.830951895,17,5.656854249,16.40121947,7.211102551,16.1245155,7.211102551,16.1245155,6.403124237,15.26433752,5.656854249,15.26433752,7.211102551,13.89244399,7.810249676,13.89244399,8.062257748,14.31782106,8.544003745,15.65247584
12.72792206,20.1246118,12.04159458,20,13.45362405,20.24845673,14.2126704,19.72308292,13.89244399,18.86796226,14.4222051,18.86796226,14.76482306,18.35755975,16.40121947,17.20465053,15.65247584,15.65247584,14.4222051,15.26433752,13.41640786,16.64331698,14.86606875,15.62049935,13,15.62049935,12.64911064,16.40121947,13,15,13.60147051,14.2126704,12.16552506,13.60147051,11.40175425,14.2126704,13.15294644,14.86606875,11.18033989,14.14213562,11.04536102,15,11.04536102,13.45362405,11.04536102,12.72792206,11.18033989,14.14213562,10.19803903,14.14213562,10.19803903,12.72792206
13.60147051,19.23538406,12.04159458,19.41648784,13.45362405,20.80865205,15.8113883,18.86796226,15.8113883,18.02775638,15,18.86796226,14.4222051,17.49285568,14.76482306,18.60107524,14.76482306,17.02938637,13.92838828,15.65247584,15.23154621,15.26433752,14.86606875,17.20465053,17.08800749,16.40121947,13.92838828,17.02938637,14.56021978,14.14213562,14.31782106,14.14213562,13.60147051,14.14213562,10.77032961,14.86606875,13.15294644,16.40121947,11,14.14213562,13.03840481,14.86606875,13.03840481,14.2126704,11.04536102,15,10.19803903,15.8113883,12.16552506,14.86606875,10.19803903,15.55634919
6.708203932,21.09502311,7.810249676,19.72308292,7.810249676,19.41648784,8.485281374,18.60107524,8.602325267,19.72308292,6.403124237,19.72308292,8.602325267,18.02775638,7.211102551,18.86796226,8.602325267,19.20937271,7.280109889,17.02938637,7.280109889,18.86796226,8.544003745,16.64331698,8.246211251,16.1245155,7.280109889,16.64331698,8.062257748,16.40121947,9.055385138,15,8.062257748,15.62049935,7,15,8.062257748,15,8.062257748,15,7.280109889,15.62049935,8.062257748,14.2126704,7.615773106,14.2126704,8.94427191,14.2126704,8.062257748,13.45362405,7.810249676,14.2126704
14.14213562,12.52996409,12.52996409,13.89244399,15,15,17.69180601,12.52996409,20.80865205,9.848857802,17.02938637,13.45362405,19.10497317,9.433981132,14.31782106,9.433981132,15.65247584,7,14.76482306,8.062257748,17.80449381,11.40175425,13.92838828,8.544003745,18.02775638,9.899494937,14.76482306,7.615773106,16.64331698,5.656854249,16.2788206,9.899494937,15.65247584,8.602325267,13,8.602325267,13.41640786,8.485281374,12.52996409,8.485281374,11.18033989,10.29563014,13.60147051,9.219544457,12.36931688,8.062257748,13.34166406,11.40175425,10.77032961,9.486832981,11.18033989,12.20655562
68.68041933,71.02112362,70.83784299,69.65629907,73.4982993,71.02112362,73.4982993,63.51377803,69.0651866,60.46486583,68.00735254,63.00793601,79.92496481,60.44005295,73.06161783,52.34500931,69.26037828,58,72.9451849,52.49761899,76.92203845,56.22277119,75.96051606,53.75872022,70.60453243,56.85068161,69.7782201,52.34500931,59.03388857,50.32891813,70.38465742,50.24937811,66.85057965,54.4885309,52.80151513,50.60632372,55.47071299,48.08326112,56.29387178,52.43090692,56.32051136,47.4341649,62.96824597,51.4003891,49.03060269,55,53.03772242,60,47.01063709,55.6057551,57,59.81638571
14.86606875,19.84943324,14.31782106,20.61552813,13,22.02271555,13.89244399,20.80865205,13.41640786,20.80865205,12.52996409,21.63330765,12.20655562,21.09502311,10.29563014,23.02172887,12.04159458,21.9544984,11.40175425,21.09502311,10.63014581,21.63330765,10.63014581,19.72308292,10.63014581,18.78829423,9.219544457,18.78829423,10.63014581,19.6977156,10.29563014,18.78829423,10.81665383,18.78829423,10.81665383,18.38477631,10.29563014,17.4642492,10.29563014,18.78829423,10.81665383,15.8113883,11.18033989,16.4924225,12.20655562,16.4924225,11.70469991,14.31782106,12.08304597,13.60147051,13.89244399,15.29705854
22.20360331,5,21.63330765,5,21.9544984,5.385164807,20.80865205,6.403124237,20.80865205,6.403124237,21.9544984,4.242640687,20.80865205,4.472135955,18.86796226,6.708203932,21.63330765,6.708203932,19.20937271,6.32455532,19.41648784,8.062257748,19.41648784,7.071067812,18.35755975,7,18.02775638,7,17.80449381,7.071067812,17.20465053,8.062257748,16.64331698,7,18.02775638,6.08276253,16.1245155,7.280109889,17.20465053,6.32455532,16.64331698,6.32455532,16.1245155,6.32455532,16.1245155,5.830951895,15.8113883,7.071067812,15.8113883,7.810249676,15.26433752,7.071067812
20.80865205,5.099019514,21.63330765,3.605551275,22.47220505,3.605551275,20.80865205,5,20.80865205,6.403124237,20.24845673,5.830951895,20,6.32455532,19.41648784,6.708203932,18.86796226,6.708203932,18.86796226,5.099019514,19.41648784,6.32455532,18.60107524,8.062257748,19.72308292,6,17.20465053,6.08276253,17.20465053,7,17.20465053,6.08276253,17.20465053,7.071067812,16.40121947,6.32455532,16.1245155,7.280109889,14.4222051,7.615773106,15,6.403124237,15.8113883,6.403124237,15.8113883,5.830951895,15,7.810249676,14.2126704,7.211102551,16.1245155,9.219544457
55.15432893,18.24828759,53.71219601,23.02172887,54.81788029,16.76305461,51.4781507,17.49285568,47.80167361,10.19803903,47.80167361,13.34166406,51.97114584,10.63014581,49.09175083,5.385164807,52.0096145,7.211102551,40.44749683,10.44030651,49.24428901,20.61552813,47.42362281,6.708203932,45.69463864,7.071067812,48.37354649,5,35.77708764,16.1245155,37.57658846,11.18033989,50.21951812,12.04159458,36.05551275,15.29705854,41.18252056,14.14213562,31.95309062,20.22374842,32.89376841,18.68154169,35.4682957,21.02379604,33.52610923,16.03121954,38.07886553,24.51530134,33.37663854,15.13274595,32.984845,30.06659276
9.848857802,22.8035085,7.615773106,22.8035085,8.94427191,21.9544984,8.062257748,25.23885893,6.708203932,23.02172887,7.211102551,22.47220505,7.211102551,23.70653918,7.810249676,23.02172887,5.656854249,21.9544984,5.830951895,21.47091055,6.403124237,21.47091055,6.708203932,21.47091055,6.708203932,21.47091055,5.385164807,21.02379604,6.708203932,20.1246118,6.08276253,19.6977156,7.280109889,18.78829423,8.246211251,18.38477631,8.544003745,18.02775638,9.219544457,19.31320792,9.486832981,16.76305461,9.055385138,16.76305461,10.44030651,15.5241747,10.77032961,16.4924225,11.40175425,16.4924225,12.36931688,15.5241747
11.18033989,17.69180601,9.486832981,17.80449381,8.94427191,19.84943324,7.615773106,18.02775638,8.062257748,17.49285568,8.544003745,17.49285568,8.062257748,19.41648784,6.403124237,17.49285568,6.708203932,18.35755975,6.403124237,16.1245155,7.071067812,18.35755975,7.071067812,19.23538406,6.708203932,17.4642492,6.32455532,15.65247584,7.211102551,15.65247584,6.708203932,17,6.403124237,16.15549442,7.615773106,14.86606875,7.071067812,15.8113883,7.071067812,13,7.280109889,12.64911064,8.246211251,13.34166406,9.848857802,11.40175425,9.219544457,12.16552506,9.219544457,13.15294644,9.848857802,12.16552506
22.20360331,3.605551275,20.24845673,2.236067977,22.47220505,1.414213562,22.02271555,2.236067977,21.63330765,1.414213562,20.1246118,2.236067977,22.02271555,2,21.40093456,2.236067977,20.1246118,3.605551275,20.24845673,2.236067977,18.86796226,4.472135955,19.6977156,4.123105626,20.24845673,5,17.49285568,5.385164807,19.41648784,3.605551275,16.64331698,5.099019514,17,3.605551275,18.86796226,2.828427125,17.20465053,4.472135955,17.49285568,8.485281374,17.49285568,5.830951895,13.89244399,5.385164807,13.89244399,7.810249676,15.65247584,7.211102551,17,7.071067812,15.65247584,8.94427191
4.123105626,20.80865205,1.414213562,24.41311123,2.236067977,22.20360331,1,22.47220505,1,20.61552813,1,20.24845673,2,20.24845673,1.414213562,21.40093456,2.828427125,18.86796226,3.605551275,19.23538406,4.123105626,18.86796226,2.236067977,18.86796226,3.605551275,20.59126028,4.472135955,20.24845673,5.830951895,18.35755975,5.656854249,17.20465053,5,18.35755975,5.385164807,15.8113883,5.656854249,17,5.656854249,16.64331698,7.211102551,16.1245155,7.280109889,15.65247584,6.708203932,15.26433752,7.280109889,16.1245155,7.280109889,14.4222051,9.219544457,16.1245155
12.80624847,16.55294536,13.45362405,16.64331698,14.14213562,16.64331698,15.8113883,16.1245155,15.62049935,16.1245155,14.2126704,15.8113883,15.26433752,13.60147051,15.26433752,14.4222051,15.8113883,13.03840481,15.26433752,13.03840481,14.76482306,13.60147051,14.86606875,12.80624847,16.15549442,13.45362405,13.92838828,12.80624847,13.92838828,12.04159458,13.60147051,12.80624847,13.92838828,12.80624847,12.36931688,12.04159458,13.34166406,11.3137085,13.15294644,12.04159458,12.16552506,11.3137085,12.04159458,12.04159458,12,12.72792206,11.04536102,12.80624847,11,11.40175425,10.19803903,12.20655562
13.41640786,14.86606875,13,15,13.41640786,15.62049935,13.03840481,15.8113883,10.81665383,15,12.52996409,16.64331698,11.66190379,16.1245155,11.66190379,15.26433752,11.66190379,16.1245155,8.602325267,16.1245155,9.433981132,17,10,15.65247584,8.485281374,15.23154621,10,14.76482306,9.219544457,14.86606875,9.219544457,14.56021978,9.219544457,14.56021978,9.219544457,11.70469991,9.433981132,12.36931688,10.81665383,12.16552506,9.433981132,12.04159458,10,11,10,11.04536102,10.81665383,12,10.29563014,10,11.66190379,11.04536102
10.04987562,17.80449381,9.219544457,19.10497317,8.544003745,19.20937271,7.615773106,18.02775638,8.94427191,18.86796226,6.708203932,19.41648784,6.708203932,19.23538406,4.472135955,18.02775638,7.071067812,18.35755975,5.830951895,17,5,19.23538406,5,18.35755975,4.472135955,17,5.830951895,17.49285568,5.656854249,17,6.32455532,15.65247584,7.071067812,16.55294536,6.32455532,13.92838828,5.385164807,16.15549442,8.246211251,15.8113883,6.32455532,13.60147051,7.280109889,12.64911064,6.32455532,13.92838828,9.055385138,13.34166406,9.055385138,12.36931688,9.486832981,12.16552506
6,19.41648784,4.123105626,19.41648784,5.385164807,20.80865205,5,19.72308292,5,20.80865205,4.242640687,21.09502311,6.403124237,18.35755975,5.830951895,18.86796226,7.211102551,20,6.403124237,18.60107524,6.32455532,18.86796226,7.280109889,19.41648784,6.08276253,17.49285568,7.071067812,17.20465053,6.08276253,16.64331698,6.32455532,15.26433752,7,15.8113883,7.071067812,15.8113883,7.071067812,15.8113883,7.071067812,15.8113883,6.32455532,15.26433752,7.615773106,13.89244399,5.830951895,14.4222051,5.830951895,14.2126704,7.810249676,13.03840481,7.810249676,14.4222051
21.26029163,10.19803903,21.26029163,9.219544457,22.02271555,8.246211251,22.20360331,9.486832981,21.40093456,8.544003745,20.59126028,7.615773106,20.24845673,5.830951895,21.9544984,5.830951895,22.47220505,5.830951895,21.40093456,5.656854249,21.09502311,5.656854249,20.1246118,5.385164807,19.6977156,7.810249676,19.23538406,6.708203932,20.1246118,5.830951895,20.1246118,7.071067812,18.78829423,4.123105626,19.23538406,7.280109889,17.88854382,7.071067812,16.55294536,8.246211251,17.08800749,7.071067812,16.55294536,9.219544457,15.8113883,10.19803903,13,11.40175425,15.8113883,11.40175425,14.86606875,10.19803903
3.605551275,21.63330765,5.656854249,21.09502311,5.656854249,21.09502311,5.830951895,21.63330765,4.242640687,21.09502311,5.830951895,20.80865205,6.32455532,20,7.071067812,20.24845673,7,19.41648784,8.062257748,19.41648784,7.071067812,19.41648784,8,19.41648784,8,18.02775638,8.062257748,17.80449381,8.246211251,17.20465053,6.708203932,17.20465053,8.246211251,17.20465053,6.32455532,15.8113883,8.246211251,16.64331698,7.615773106,15.26433752,7.810249676,15.8113883,7.211102551,15.8113883,7.810249676,15.26433752,7.211102551,14.4222051,8.602325267,13.89244399,9.219544457,14.4222051
4.123105626,20,2,21.40093456,3.16227766,22.02271555,5,22.20360331,3,18.35755975,5,21.40093456,4.472135955,20.24845673,5,20.24845673,3,19.41648784,4.123105626,18.02775638,3.16227766,19.72308292,4.123105626,18.02775638,5,17,5,18.60107524,5.099019514,17.88854382,5.830951895,15.26433752,5.385164807,14.4222051,4.472135955,14.2126704,5.385164807,16.1245155,7.211102551,15.26433752,5.830951895,14.4222051,5.830951895,13.60147051,5.656854249,13.60147051,7.071067812,15.26433752,5.830951895,13.03840481,6.708203932,14.4222051
16.2788206,9.486832981,16.40121947,9.486832981,18.60107524,9.486832981,17.20465053,7.615773106,17.80449381,8.062257748,18.02775638,6.403124237,18.02775638,6.403124237,16.64331698,6.403124237,16.1245155,5.830951895,14.76482306,6.403124237,16.64331698,6.403124237,17,6.403124237,16.1245155,6.403124237,17,6.403124237,16.1245155,6.403124237,15.65247584,6.708203932,15.23154621,6.32455532,13.41640786,6.08276253,13.92838828,6.32455532,14.56021978,7.615773106,11.70469991,7.280109889,11.70469991,8.544003745,11.70469991,9.219544457,12.36931688,8.544003745,12.64911064,9.486832981,11.40175425,10.44030651
20.24845673,5,20.24845673,1.414213562,20.80865205,2.236067977,20.80865205,2.236067977,19.72308292,2.236067977,20.59126028,1.414213562,19.72308292,1,18.86796226,3,18.60107524,3,18.60107524,3,19.41648784,4,18.35755975,5.385164807,18.86796226,4.123105626,18.02775638,3.16227766,17.49285568,4.123105626,17.20465053,5.385164807,17.49285568,5.830951895,15.8113883,5.385164807,15.26433752,5.656854249,14.4222051,5.656854249,14.4222051,5.656854249,13.89244399,5,13.89244399,6.403124237,14.4222051,7.211102551,13.89244399,6.708203932,13.89244399,7.280109889
17.88854382,14.86606875,17,14.2126704,16.1245155,14.2126704,18.02775638,15.8113883,17,16.64331698,17.49285568,15.8113883,15.65247584,15.26433752,14.4222051,16.64331698,16.1245155,16.1245155,13.89244399,16.64331698,14.86606875,16.64331698,14.2126704,16.55294536,13.45362405,16.1245155,13.45362405,15.8113883,12.80624847,14.86606875,12.80624847,14.31782106,12.72792206,15.8113883,12.80624847,13.34166406,13.60147051,13.34166406,12.80624847,12.04159458,13.03840481,11.04536102,13.45362405,12,13.45362405,11,12.80624847,12,13.89244399,12.04159458,14.4222051,12.16552506
14.86606875,14.31782106,15.62049935,13.41640786,15.62049935,14.31782106,15.8113883,11.66190379,16.64331698,13.03840481,17.20465053,12.20655562,16.64331698,12.20655562,17.49285568,12.04159458,18.02775638,12.04159458,16.1245155,11.3137085,17,12.04159458,16.55294536,10.63014581,16.15549442,10.63014581,15.23154621,10.63014581,16.15549442,12.04159458,14.86606875,9.899494937,13.92838828,10,13,9.433981132,12.36931688,10.81665383,14.31782106,10,13.34166406,11.18033989,13.15294644,12.20655562,11.18033989,11.18033989,11.04536102,12.52996409,10.04987562,11.18033989,12,12.52996409
14.14213562,13.41640786,15.62049935,13.41640786,17.20465053,12.52996409,17.20465053,12.20655562,16.64331698,13.03840481,16.64331698,10.81665383,15.8113883,12.80624847,16.64331698,11.40175425,15.65247584,11.40175425,16.15549442,10.63014581,16.55294536,10.63014581,16.55294536,9.899494937,16.55294536,9.899494937,14.31782106,9.899494937,14.86606875,11.3137085,14.86606875,10.81665383,15.23154621,10.29563014,13.60147051,10.81665383,13.60147051,10.81665383,12.16552506,10.81665383,13.34166406,10.81665383,12.16552506,12.52996409,12.16552506,10.29563014,12.04159458,13.03840481,12,11.18033989,10,11.66190379
12.04159458,17,12.04159458,17.88854382,12.72792206,17,12.04159458,18.02775638,12.80624847,16.64331698,12.72792206,18.86796226,12.80624847,17.49285568,12.20655562,16.64331698,12.80624847,15,15.26433752,14.4222051,13.41640786,15.8113883,13.89244399,15,14.31782106,12.80624847,13,14.4222051,12.64911064,13.60147051,11.70469991,14.14213562,13,13.45362405,11.40175425,14.86606875,10.44030651,13.45362405,12.64911064,13.45362405,11.04536102,13.45362405,11.18033989,12.04159458,10.04987562,12.80624847,10,15,11,14.2126704,9,14.86606875
16.1245155,14.14213562,16.64331698,14.2126704,16.1245155,15.26433752,16.64331698,15.8113883,14.4222051,15.8113883,14.4222051,17.20465053,14.4222051,15.8113883,15.8113883,15.26433752,14.2126704,15.65247584,14.86606875,15.26433752,15.55634919,15.65247584,13.45362405,16.15549442,12.04159458,15.23154621,12.04159458,16.15549442,14.2126704,14.56021978,12.04159458,14.86606875,13.60147051,14.86606875,13.45362405,13.60147051,13.45362405,13.34166406,13.45362405,12.36931688,12.20655562,12.16552506,12.04159458,12.36931688,14.2126704,12,14.2126704,11.04536102,12.80624847,11.04536102,14.4222051,11.04536102
14.31782106,18.43908891,13.89244399,17.69180601,11.66190379,17.69180601,12.20655562,17.20465053,11.18033989,18.86796226,12.52996409,18.02775638,12.20655562,18.02775638,11.66190379,19.72308292,10,18.86796226,10.63014581,18.02775638,9.219544457,17,10.81665383,16.1245155,10,17,10,17.4642492,9.219544457,17,10,16.15549442,8.94427191,17.4642492,10.81665383,14.76482306,10.81665383,15.5241747,11.66190379,13,11.18033989,16.2788206,9.848857802,13.92838828,11.66190379,14.31782106,12.52996409,13.34166406,10.77032961,14.14213562,12.52996409,13.34166406
17.02938637,11.40175425,17.02938637,11.66190379,18.43908891,10.29563014,17.02938637,9.433981132,17.80449381,8.94427191,17.02938637,9.433981132,19.41648784,8.485281374,17.49285568,7.810249676,17.49285568,7.211102551,16.64331698,8.94427191,18.35755975,7.211102551,17.49285568,6.403124237,18.86796226,7.810249676,17.88854382,6.403124237,17.88854382,7.071067812,14.76482306,6.708203932,17,6.708203932,15.23154621,8.94427191,14.76482306,8.062257748,13.41640786,7.280109889,15.23154621,9.486832981,13.92838828,8.94427191,12.64911064,9.486832981,13,10.77032961,13,10.77032961,11.40175425,10.19803903
12.72792206,13.89244399,12.72792206,14.76482306,14.14213562,13.89244399,14.2126704,14.4222051,14.2126704,14.4222051,14.14213562,13.60147051,15.8113883,11.66190379,13.89244399,11.40175425,14.4222051,11.40175425,14.4222051,12.80624847,13.89244399,10.63014581,13.41640786,10.63014581,15.23154621,11.3137085,14.76482306,11.3137085,13,10.63014581,13.41640786,10.63014581,13.41640786,11.3137085,12.08304597,12.80624847,12.08304597,10.63014581,12.36931688,11.40175425,11.40175425,10,12.16552506,12.20655562,11.18033989,10.81665383,12.04159458,12.52996409,12.04159458,12.52996409,10.04987562,13.03840481
11.40175425,20.61552813,9.848857802,20.61552813,9.848857802,20.61552813,7.615773106,20,8.544003745,20.80865205,7.211102551,20.80865205,6.708203932,21.09502311,7.810249676,19.72308292,7.071067812,19.72308292,6.403124237,20,6.403124237,19.23538406,7.071067812,19.23538406,7.615773106,20.59126028,8.544003745,17.88854382,7.615773106,17.49285568,7.615773106,18.78829423,6.708203932,17,7.280109889,17,7.280109889,15.65247584,8.246211251,15.8113883,9.486832981,16.15549442,9.486832981,15.23154621,9.486832981,14.86606875,10.44030651,14.86606875,10.19803903,14.86606875,12.64911064,14.56021978
11.3137085,16.64331698,15,14.4222051,14.2126704,15,13.89244399,14.4222051,15,15,13.89244399,14.2126704,14.4222051,13.60147051,13.89244399,12.04159458,13,12.80624847,11.40175425,12.72792206,13,12.80624847,13,13.45362405,13.60147051,12.04159458,13,12.80624847,12.36931688,12.72792206,12.36931688,12.04159458,11.18033989,12.04159458,10.04987562,12.80624847,10.19803903,12.80624847,12,12.04159458,10,12.72792206,9.055385138,12.04159458,10.04987562,12.04159458,9.486832981,12.80624847,9.219544457,13.60147051,9.486832981,12.80624847
18.38477631,8.246211251,17.80449381,9.055385138,18.43908891,8.246211251,18.60107524,8.246211251,18.60107524,8.062257748,17.80449381,7.211102551,20.24845673,6.708203932,18.60107524,5,18.86796226,4.472135955,17.49285568,5,18.86796226,5,17.49285568,5,18.35755975,4.242640687,17.49285568,5,17,3.605551275,17.88854382,4.472135955,17.49285568,4.123105626,15.26433752,6.08276253,17,5.385164807,15.65247584,6.08276253,14.31782106,6.08276253,14.31782106,6.32455532,14.31782106,7.615773106,13.92838828,8.246211251,14.31782106,9.219544457,13.92838828,8.246211251
21.40093456,5,22.8035085,5,24.20743687,6.08276253,23.60084744,4.123105626,22.20360331,4.123105626,22.20360331,3,22.20360331,1,21.63330765,1.414213562,21.63330765,0,20.24845673,1.414213562,22.47220505,1,21.09502311,3,21.63330765,3.16227766,20.80865205,3,19.72308292,3.605551275,18.86796226,4.123105626,19.72308292,5.385164807,18.02775638,4.123105626,18.35755975,5.099019514,17,5.099019514,16.1245155,6.08276253,17.88854382,6.32455532,15.65247584,7.071067812,17.88854382,7.280109889,17.4642492,8,16.55294536,8.062257748
16.55294536,15.55634919,17.88854382,17.02938637,15.26433752,15.62049935,15,16.40121947,14.4222051,15,14.4222051,16.40121947,14.4222051,17.20465053,13.89244399,16.64331698,13.03840481,17.49285568,11.18033989,14.76482306,14.2126704,17.49285568,12.20655562,16.1245155,12.04159458,17.49285568,11.3137085,16.55294536,12.04159458,16.55294536,12.20655562,14.76482306,12.04159458,14.86606875,13.45362405,13,12.04159458,13.92838828,14.2126704,13.92838828,12.72792206,13.92838828,11.40175425,13.34166406,12.80624847,13.15294644,13.60147051,11.18033989,14.4222051,11.04536102,15.8113883,13.03840481
3,19.41648784,2.828427125,20.61552813,5.656854249,22.20360331,4.472135955,20.24845673,4.472135955,20,3.16227766,20,4.472135955,20,5.099019514,19.41648784,4.472135955,18.86796226,5.099019514,19.23538406,5,18.02775638,5.099019514,19.41648784,6.32455532,18.60107524,7.071067812,17.02938637,6.08276253,15.26433752,6.708203932,16.1245155,6.32455532,16.64331698,4.472135955,15.26433752,5,16.64331698,7.211102551,15.8113883,5.830951895,14.76482306,6.403124237,15.26433752,6.708203932,13.89244399,8.602325267,14.76482306,7.615773106,13.89244399,8.062257748,13.03840481
14.86606875,15.8113883,16.2788206,14.76482306,16.2788206,14.76482306,15.62049935,13.89244399,15.65247584,13.89244399,17.02938637,13.89244399,15.8113883,12.20655562,15.26433752,12.72792206,16.1245155,10,16.1245155,9.433981132,16.1245155,11.40175425,15.65247584,12.80624847,16.15549442,11.40175425,15.65247584,12.04159458,14.76482306,11.3137085,13.92838828,11.3137085,14.86606875,12.04159458,14.86606875,10.81665383,13.60147051,11.3137085,14.14213562,10.29563014,12.36931688,11.40175425,12.16552506,12.20655562,11.40175425,12.52996409,11,13.60147051,11.04536102,12.80624847,12,12.08304597
15.65247584,17.02938637,15.23154621,18.43908891,15.23154621,15.62049935,14.31782106,18.43908891,14.4222051,16.40121947,15.26433752,17.80449381,12.52996409,19.41648784,13.03840481,18.60107524,10.81665383,16.40121947,10.81665383,15.8113883,10.63014581,18.86796226,11.40175425,18.35755975,11.3137085,17,10.63014581,17.49285568,11.3137085,17,11.3137085,16.55294536,11.3137085,17.4642492,12.04159458,15.23154621,9.899494937,15.23154621,10.81665383,16.15549442,10.63014581,14.86606875,11.40175425,13.60147051,12.20655562,13.34166406,11.66190379,14.56021978,12.20655562,13.60147051,13.03840481,11.40175425
1.414213562,20,3.605551275,19.41648784,4.472135955,19.72308292,4.123105626,21.63330765,6.08276253,18.60107524,4.123105626,20.61552813,5.099019514,18.86796226,6.32455532,19.10497317,7.071067812,20.61552813,5.656854249,17.20465053,10,17.20465053,7.810249676,19.84943324,6.32455532,17.20465053,6.708203932,15.8113883,6.403124237,15.26433752,6.708203932,16.40121947,7.810249676,15.26433752,5.830951895,15,9.219544457,14.4222051,7.810249676,13.03840481,8.062257748,13.89244399,6.708203932,15.65247584,7.211102551,14.31782106,8.94427191,14.76482306,8.544003745,15.23154621,9.486832981,13.92838828
19.41648784,8.062257748,20.24845673,7.810249676,19.41648784,7.071067812,18.60107524,7.810249676,19.72308292,7.211102551,19.72308292,8.94427191,20.24845673,10.29563014,18.02775638,8.544003745,17.80449381,9.486832981,18.60107524,8.94427191,17.20465053,8.544003745,16.40121947,10.44030651,16.64331698,9.219544457,15.8113883,9.055385138,15,9.055385138,15,11.18033989,13.60147051,9.055385138,14.14213562,9,15,8.062257748,14.86606875,8,14.2126704,8.062257748,13.45362405,8.246211251,14.2126704,8.544003745,13.60147051,8.062257748,14.2126704,8.602325267,14.2126704,9.219544457
6.08276253,33.42154993,6.08276253,34.82814953,5.385164807,35.60898763,4,35.22782991,2,35,2.236067977,34.40930107,1,34.40930107,1.414213562,32.80243893,1.414213562,32.44996148,0,31.6227766,1.414213562,33.01514804,3.605551275,32.44996148,5,32.44996148,4.472135955,31.06444913,4.472135955,29.41088234,5,31.06444913,5,29.41088234,5.830951895,27.20294102,5.385164807,28.3019434,7.615773106,27.29468813,7.615773106,24.69817807,8.544003745,25.55386468,9.486832981,25.55386468,10.04987562,26.92582404,11.18033989,24.69817807,13.34166406,25.05992817
3.605551275,21.63330765,2.828427125,21.40093456,2,21.63330765,2,20.80865205,2.236067977,20.24845673,2.236067977,20.80865205,1,21.9544984,1.414213562,19.72308292,2.236067977,20.24845673,3,19.23538406,3,20.24845673,3.16227766,19.23538406,4,18.86796226,5.099019514,17.49285568,4.123105626,16.64331698,5,18.35755975,5,15.8113883,5.830951895,17,6.708203932,15.8113883,5.656854249,16.1245155,7.071067812,15.65247584,5.830951895,15.26433752,6.403124237,13.89244399,6.708203932,13.41640786,7.211102551,14.31782106,7.280109889,14.31782106
6.708203932,16.64331698,8.485281374,16.40121947,7.810249676,16.64331698,8.602325267,16.1245155,10,15.26433752,7.810249676,16.1245155,8.94427191,16.64331698,8.94427191,15.26433752,8.544003745,16.40121947,8.246211251,15,10.44030651,15.8113883,9.486832981,14.4222051,9.486832981,15,11.18033989,14.2126704,9.055385138,14.2126704,8.062257748,13.60147051,8,13.60147051,8,12.80624847,8,12.80624847,8.062257748,12.80624847,8.246211251,12.20655562,9.055385138,12.04159458,6.32455532,11.40175425,7.615773106,12.80624847,8.062257748,12.04159458,7.615773106,11.40175425
22.47220505,9.486832981,21.9544984,8.602325267,23.02172887,8.485281374,22.82542442,8.485281374,20,8.485281374,21.63330765,9.899494937,20.24845673,10.63014581,20.59126028,10.81665383,20,11.18033989,20.61552813,8.94427191,21.40093456,9.486832981,18.86796226,10.29563014,18.60107524,9.486832981,18.86796226,10.44030651,17.80449381,10.44030651,17.02938637,10.44030651,16.40121947,11.18033989,18.43908891,9.055385138,18.60107524,10.04987562,16.40121947,10,15.62049935,9,15,9,16.40121947,8.246211251,14.86606875,10.44030651,16.40121947,8.94427191,17.02938637,8.94427191
14.76482306,14.14213562,13.60147051,16.40121947,12.20655562,16.40121947,13.03840481,15,11.66190379,15.8113883,12.52996409,16.64331698,12.20655562,14.4222051,10.63014581,16.1245155,10.81665383,15.65247584,12.04159458,15.65247584,10.63014581,16.55294536,10.63014581,16.55294536,10.63014581,15.65247584,10.63014581,15.23154621,10,14.31782106,10.63014581,14.86606875,9.899494937,14.86606875,9.433981132,12.08304597,10,12.36931688,9.433981132,13.34166406,8.602325267,13.03840481,8.94427191,12.04159458,10.81665383,12.16552506,10.29563014,11,11.40175425,10.04987562,10.81665383,10.04987562
15.65247584,12.04159458,15.26433752,13.60147051,13.89244399,14.2126704,14.2126704,13.60147051,13.60147051,14.76482306,14.31782106,14.4222051,13.03840481,14.4222051,12.04159458,14.76482306,13.41640786,13.41640786,12.20655562,13.41640786,12.80624847,13.41640786,11.66190379,14.76482306,11.40175425,13.41640786,11.3137085,13,11.3137085,12.64911064,11.3137085,13.60147051,10.63014581,12.36931688,10.63014581,12.04159458,10.63014581,11.40175425,12.04159458,11.04536102,10,11.04536102,10.81665383,11.04536102,11.40175425,10.04987562,11.66190379,9.219544457,11.40175425,9.219544457,12.20655562,9.219544457
15.65247584,15.55634919,16.1245155,15.62049935,16.1245155,14.2126704,15.8113883,15,15.26433752,15.62049935,15.26433752,14.86606875,16.1245155,15.8113883,14.4222051,16.40121947,13.03840481,15.8113883,13.60147051,15.26433752,14.2126704,15.65247584,12.04159458,15.65247584,11.3137085,16.15549442,12.72792206,16.55294536,12.04159458,15.23154621,12.72792206,16.15549442,12.04159458,13.41640786,11.3137085,13,10.63014581,13.60147051,10.81665383,13.60147051,11.3137085,13.34166406,12.04159458,12.16552506,12.80624847,11.40175425,12.20655562,12.16552506,12.20655562,12.04159458,12.80624847,11
16.1245155,14.86606875,15.23154621,14.14213562,15.65247584,15.55634919,14.76482306,15.62049935,13.92838828,16.40121947,15.26433752,16.2788206,13.41640786,15.62049935,14.4222051,16.1245155,13.89244399,16.1245155,13.45362405,16.1245155,13.03840481,17.80449381,10.81665383,16.55294536,10.63014581,17,11.3137085,14.76482306,10.63014581,16.1245155,12.72792206,13.89244399,10.63014581,14.31782106,12.80624847,13.41640786,10.81665383,12.08304597,11.66190379,13.92838828,10.81665383,13,12.04159458,14.86606875,13.45362405,12.08304597,12.20655562,11.70469991,12.08304597,11.18033989,13.60147051,8.246211251
16.2788206,9.848857802,19.84943324,10.29563014,18.86796226,11.18033989,19.41648784,7.615773106,20,8.485281374,19.41648784,8.485281374,19.41648784,7.211102551,18.35755975,9.219544457,20,7.071067812,19.72308292,7.810249676,17.88854382,6.708203932,19.23538406,7.211102551,17,7.211102551,18.35755975,9.433981132,17.49285568,6.708203932,16.1245155,6.708203932,17,6.708203932,16.55294536,8.544003745,15.23154621,8.544003745,13.89244399,8.246211251,13.92838828,8.544003745,13,9.486832981,12.64911064,10.44030651,13.34166406,10.77032961,12.64911064,10.77032961,12.36931688,11.18033989
16.2788206,12.36931688,17.69180601,11.18033989,16.40121947,10.81665383,17.69180601,11.70469991,17.20465053,10.81665383,16.1245155,10.81665383,19.41648784,9.433981132,17.20465053,9.433981132,17.80449381,8.602325267,18.60107524,9.433981132,16.64331698,9.219544457,16.1245155,8.485281374,17.4642492,8.485281374,14.76482306,10,16.1245155,7.071067812,16.55294536,7.810249676,14.76482306,7.810249676,14.76482306,8.062257748,15.65247584,10,14.31782106,8.062257748,14.86606875,8.94427191,13,9.433981132,11.40175425,8.544003745,13.60147051,10.81665383,11.40175425,10,12.36931688,11.18033989
15.62049935,15.26433752,15,13.03840481,15.8113883,13.89244399,15.8113883,13.03840481,15.8113883,12.20655562,15.26433752,13.89244399,15.8113883,14.4222051,15.8113883,13.60147051,14.76482306,12.04159458,15.23154621,11.40175425,15.65247584,11.40175425,15.65247584,10.63014581,15.23154621,12.04159458,15.23154621,12.04159458,14.86606875,10.63014581,14.31782106,10.63014581,13.60147051,12.04159458,13.15294644,11.3137085,13.15294644,10,12.16552506,9.899494937,13.03840481,10.63014581,12,12.04159458,11.04536102,12.20655562,11,12.20655562,12.04159458,12.04159458,11,11.66190379
22.20360331,5.385164807,21.40093456,5.830951895,21.9544984,5,22.8035085,5,22.47220505,5,20.80865205,5.385164807,21.9544984,5.830951895,20,6.08276253,20.24845673,8,22.8035085,7.280109889,20.80865205,6.708203932,19.72308292,8.062257748,18.86796226,9.055385138,18.86796226,9,19.41648784,6,18.86796226,7,17.49285568,7,17.80449381,7.071067812,16.1245155,7.280109889,16.64331698,7.615773106,15.26433752,7.615773106,14.76482306,7.211102551,16.1245155,9.433981132,15.26433752,7.071067812,13.60147051,7.810249676,13.89244399,7.810249676
22.47220505,4.123105626,23.02172887,4,22.47220505,3.605551275,22.47220505,4.242640687,21.63330765,4.242640687,22.20360331,3.16227766,22.47220505,4.472135955,20.61552813,6.32455532,21.09502311,6.08276253,20.61552813,5,20,6.08276253,19.41648784,7,20.24845673,7.071067812,19.41648784,6.08276253,18.02775638,7,18.02775638,6,16.64331698,7.615773106,16.64331698,7.615773106,18.02775638,6.708203932,15,5.830951895,16.40121947,6.708203932,15.65247584,7.071067812,16.64331698,7.211102551,15.26433752,8.602325267,15.8113883,7.211102551,16.1245155,7.615773106
5.099019514,23.43074903,3,23.02172887,1,22.47220505,0,23.60084744,1,20.80865205,2,22.8035085,2.236067977,22.47220505,1.414213562,21.09502311,1.414213562,21.63330765,3.16227766,21.63330765,2.236067977,21.63330765,4.472135955,20.24845673,5.830951895,21.47091055,4.242640687,19.72308292,5,19.23538406,4.242640687,18.78829423,5.830951895,17.88854382,5.830951895,16.55294536,5.830951895,17.88854382,5.830951895,15.65247584,6.32455532,16.55294536,7.211102551,15.65247584,7.615773106,15.65247584,9.486832981,17.08800749,9,13.60147051,9.055385138,14.86606875
7,22.20360331,5,21.40093456,4,21.40093456,2,23.02172887,4.123105626,22.02271555,3.16227766,22.20360331,1.414213562,23.02172887,0,20.59126028,4.472135955,20.59126028,5,19.72308292,3.16227766,20.59126028,1.414213562,20.59126028,2.828427125,21.9317122,2.236067977,20.1246118,4.123105626,19.23538406,4.242640687,18.78829423,4.123105626,19.6977156,4,17.08800749,5.099019514,17.4642492,6.32455532,17.08800749,6.32455532,16.15549442,6.08276253,14.86606875,7,17.72004515,9.055385138,13.92838828,9.219544457,15.5241747,9,15.29705854
18.60107524,12.08304597,19.20937271,12.72792206,18.02775638,12.04159458,19.72308292,10.81665383,18.78829423,9.433981132,20,9.899494937,21.26029163,10.63014581,18.02775638,5.830951895,17.49285568,6.403124237,18.02775638,6.403124237,17.88854382,7.211102551,18.35755975,8.94427191,18.35755975,8.602325267,17,6.708203932,16.1245155,8.602325267,16.1245155,9.219544457,15.65247584,8.544003745,16.55294536,8.246211251,16.15549442,8.246211251,16.55294536,7.615773106,13.92838828,7.280109889,16.4924225,9.486832981,14.86606875,9.486832981,12.64911064,10.77032961,17.4642492,11.70469991,11.40175425,11.70469991
13.03840481,21.9544984,13.60147051,22.47220505,13.60147051,23.32380758,14.14213562,22.47220505,13.45362405,21.63330765,12.72792206,21.63330765,13.45362405,20.24845673,14.4222051,20,15.8113883,20,16.1245155,18.43908891,14.4222051,19.41648784,13.89244399,17.02938637,15.65247584,19.41648784,14.76482306,18.60107524,14.76482306,17.20465053,13,17.80449381,14.86606875,18.43908891,11.40175425,17.69180601,12.08304597,17.02938637,13.15294644,17.80449381,12.36931688,17.80449381,12.04159458,17.69180601,10.44030651,17.02938637,12.04159458,16.2788206,11,16.97056275,11,18.38477631
20.80865205,7.280109889,20.59126028,5.385164807,19.23538406,7.211102551,20.24845673,7.211102551,18.86796226,7.211102551,18.35755975,5.830951895,18.78829423,7.211102551,20.80865205,6.403124237,17.49285568,9.219544457,17.49285568,8.485281374,17.20465053,7.211102551,17,5.385164807,17.20465053,6.32455532,16.40121947,8.602325267,15,6.08276253,17.49285568,7.071067812,14.4222051,7.071067812,16.40121947,7.071067812,15.26433752,8.062257748,13.60147051,6.08276253,13.60147051,6.32455532,14.31782106,6.403124237,16.1245155,6.708203932,17,8.485281374,12.72792206,7.810249676,15,9.219544457
8.544003745,18.43908891,7.280109889,17.69180601,6.08276253,19.20937271,6.32455532,18.60107524,4.472135955,18.43908891,5.656854249,19.20937271,5.830951895,17.80449381,5,18.43908891,5.830951895,18.02775638,4.242640687,17.80449381,4.472135955,18.60107524,4.472135955,16.64331698,5.385164807,16.64331698,5.385164807,16.64331698,6.708203932,15.8113883,6.708203932,16.64331698,5.830951895,17,6.32455532,15.26433752,7.071067812,15.65247584,6.32455532,14.31782106,7.071067812,15.65247584,7.071067812,13.89244399,8.246211251,13.89244399,8.062257748,14.31782106,9.219544457,13.89244399,10.44030651,14.76482306
20,8.544003745,21.40093456,8.246211251,22.02271555,7.615773106,21.63330765,7.615773106,22.20360331,6.708203932,22.20360331,5.830951895,20.80865205,5.830951895,21.40093456,5.830951895,20.80865205,6.403124237,20.80865205,5.656854249,20.24845673,6.403124237,18.35755975,5.385164807,18.78829423,5.830951895,19.41648784,5.830951895,18.86796226,7.211102551,18.86796226,5.099019514,17.20465053,5.385164807,17.49285568,6.708203932,16.1245155,6.708203932,16.64331698,6.32455532,17.49285568,8.94427191,16.40121947,9.219544457,15.65247584,9.055385138,16.55294536,10.44030651,14.76482306,10.04987562,15.65247584,10.44030651
19.41648784,11.40175425,18.86796226,9.899494937,18.60107524,11.3137085,18.02775638,12.04159458,18.02775638,10.63014581,18.86796226,13.03840481,16.64331698,13.89244399,16.40121947,12.52996409,16.2788206,13.60147051,15.62049935,12.80624847,15.62049935,12.52996409,16.40121947,13,15.62049935,12.08304597,15.55634919,11.40175425,14.86606875,11.70469991,14.14213562,10.77032961,14.2126704,11.70469991,14.86606875,9.219544457,14.14213562,9.219544457,14.2126704,12.04159458,14.14213562,10.04987562,13.45362405,10,13.45362405,10,14.14213562,9.055385138,13.45362405,8.062257748,15.55634919,9.219544457
20.80865205,7.615773106,20.80865205,8.602325267,21.40093456,6.708203932,20,8.062257748,20,7.810249676,20,7.810249676,20,9.219544457,20,7.810249676,18.60107524,10,18.60107524,8.485281374,20,9.433981132,17.80449381,8.94427191,17.80449381,8.94427191,18.43908891,8.062257748,17.02938637,8.94427191,17.80449381,8.544003745,18.43908891,8.544003745,17.69180601,8.246211251,17.80449381,8.246211251,16.2788206,8.062257748,16.2788206,7.280109889,15.55634919,9,17.02938637,8.062257748,17.69180601,7,17.69180601,7.071067812,18.38477631,7.071067812
11.40175425,21.40093456,12.72792206,21.40093456,13.45362405,21.63330765,14.2126704,20.80865205,13.03840481,20.80865205,12.80624847,20.61552813,13.03840481,20.61552813,14.4222051,19.20937271,11.70469991,19.41648784,12.36931688,20,13,19.10497317,13.60147051,19.20937271,13,19.84943324,13.60147051,19.20937271,12.64911064,19.10497317,12.36931688,17.69180601,11.40175425,18.38477631,11.18033989,16.97056275,12.16552506,18.43908891,11,17.69180601,11,16.40121947,11,18.38477631,9.055385138,18.43908891,11.04536102,18.38477631,11.70469991,16.2788206,10.04987562,16.97056275
16.40121947,18.38477631,15.65247584,19.10497317,13.89244399,18.43908891,14.4222051,17.80449381,13.03840481,19.20937271,15.26433752,18.60107524,15,18.60107524,13.60147051,20,14.2126704,19.41648784,13.60147051,17.20465053,12.72792206,18.02775638,12.72792206,17.88854382,12.04159458,18.02775638,11.40175425,17.88854382,12.04159458,17.49285568,9.899494937,17,11.3137085,18.38477631,12.04159458,15.65247584,10.81665383,15.23154621,12.04159458,14.76482306,12.80624847,14.86606875,12.80624847,14.31782106,12.80624847,13.41640786,13.03840481,13.92838828,11.66190379,14.31782106,13.89244399,13.34166406
12.80624847,15.65247584,12.72792206,15.26433752,14.86606875,16.1245155,12.80624847,16.1245155,14.2126704,15.65247584,14.2126704,16.64331698,15.8113883,14.4222051,14.4222051,13.60147051,14.4222051,15,14.76482306,14.14213562,14.76482306,15,13.41640786,13.45362405,13.41640786,13.45362405,14.31782106,12.80624847,13,12.04159458,13,12.80624847,13.41640786,12.04159458,12.08304597,11.40175425,12.64911064,12.04159458,13.60147051,11.3137085,12.64911064,10.81665383,11.40175425,12.04159458,10.19803903,10.63014581,12.04159458,12.72792206,10.04987562,12.04159458,9.055385138,12.80624847
13,14.86606875,11.70469991,17.20465053,13,15,11.18033989,16.40121947,11.18033989,15.8113883,12.20655562,16.64331698,10.29563014,17.49285568,10.29563014,16.64331698,10,16.15549442,9.219544457,14.31782106,10,16.55294536,9.219544457,15.23154621,8.602325267,14.31782106,8.602325267,15.8113883,7.810249676,14.31782106,7.810249676,16.15549442,9.899494937,14.86606875,8.602325267,13.92838828,9.433981132,12.64911064,9.433981132,12.64911064,8.94427191,12.36931688,8.062257748,11.40175425,9.219544457,11.18033989,9.433981132,11.18033989,8.94427191,11,10.81665383,11.04536102
13.41640786,18.43908891,13,17.49285568,13.41640786,17.80449381,13.41640786,18.60107524,11.66190379,17.49285568,13.03840481,18.35755975,11.66190379,17.49285568,10.63014581,17.49285568,10.29563014,17.20465053,12.04159458,20.24845673,9.899494937,18.86796226,9.899494937,17,10,16.55294536,10,17.08800749,8.602325267,15.23154621,10.81665383,17.4642492,8.602325267,15.8113883,10.81665383,14.56021978,8.062257748,13.60147051,10,14.56021978,9.433981132,14.56021978,11.40175425,12.36931688,10.29563014,12.16552506,9.433981132,13.34166406,9.433981132,12.16552506,10.29563014,13.15294644
21.9317122,11.40175425,22.02271555,12.08304597,23.34523506,11.40175425,23.02172887,10.77032961,22.20360331,10.29563014,23.43074903,9.848857802,23.02172887,8.94427191,22.47220505,8.602325267,22.20360331,6.708203932,22.20360331,8.062257748,23.02172887,7.810249676,22.47220505,7.810249676,22.47220505,7.810249676,21.09502311,7.071067812,21.9544984,6.403124237,20.80865205,7.211102551,19.72308292,7.211102551,18.86796226,7.211102551,19.72308292,7.211102551,19.6977156,7.615773106,19.23538406,7.615773106,19.23538406,6.708203932,17.4642492,8.544003745,17.88854382,9.848857802,17,9.848857802,17.08800749,10.77032961
3,22.8035085,1,22.02271555,1.414213562,24.41311123,1,22.8035085,0,23.43074903,1,23.60084744,2,23.43074903,3,23.02172887,2.828427125,21.9544984,4.242640687,20.80865205,3.605551275,22.20360331,4.242640687,20.24845673,5,21.40093456,3.605551275,20,5,20.80865205,5,19.72308292,5.385164807,21.09502311,6.32455532,19.72308292,6.708203932,19.72308292,5.830951895,16.64331698,6.08276253,16.64331698,7.615773106,17,7,16.55294536,8.062257748,16.1245155,9.055385138,17.88854382,8.062257748,17
7.280109889,20.61552813,6.32455532,20,6.08276253,21.40093456,7.615773106,21.63330765,5,19.20937271,4.123105626,20.80865205,4.242640687,19.41648784,5,21.63330765,4.242640687,20,4.472135955,18.86796226,5,20.24845673,4.242640687,19.41648784,3.16227766,18.02775638,3.16227766,18.02775638,4.123105626,18.02775638,5.099019514,19.41648784,4.123105626,18.02775638,6.08276253,17.80449381,5.385164807,18.35755975,5,18.60107524,5.385164807,17,7,17.49285568,6.32455532,16.1245155,7.071067812,16.64331698,9.055385138,15.8113883,8.062257748,17
28.3019434,26.17250466,28.3019434,27.58622845,28.3019434,27.65863337,27.78488798,27.01851217,25.23885893,27.01851217,27.20294102,27.01851217,23.60084744,27.20294102,22.20360331,27.45906044,24.20743687,27.45906044,22.02271555,27.01851217,24.08318916,28.3019434,23.34523506,26.83281573,23.34523506,26.83281573,21.21320344,24.69817807,21.9317122,25.8069758,21.9317122,26.41968963,21.9317122,25.55386468,21.40093456,21.9544984,21.21320344,22.82542442,22.8035085,23.2594067,20.61552813,20.1246118,22.8035085,21.54065923,22.8035085,19.31320792,23.02172887,20.24845673,23.60084744,19.6468827,23.85372088,19.92485885
17,11.40175425,16.55294536,9.899494937,16.1245155,13.45362405,16.64331698,11.40175425,15.26433752,12.80624847,16.1245155,12.80624847,14.76482306,12.80624847,13.60147051,10.81665383,13.60147051,11.66190379,11.66190379,13.45362405,13.45362405,12.08304597,12.04159458,12.52996409,12.04159458,11.66190379,12.04159458,12.08304597,13.60147051,11.18033989,12.72792206,10.77032961,12.72792206,10.77032961,12.04159458,10.77032961,11.3137085,10.77032961,12.80624847,10.19803903,10.81665383,10.44030651,12.04159458,11.18033989,11.40175425,10.19803903,11.66190379,8.062257748,12.20655562,10.04987562,13.60147051,7
8.94427191,18.35755975,8.602325267,18.35755975,8.485281374,19.41648784,9.219544457,18.78829423,9.219544457,18.35755975,8.062257748,18.60107524,10,17.20465053,8.062257748,17.20465053,9.486832981,17.20465053,8.062257748,16.40121947,10.77032961,16.2788206,10.44030651,14.86606875,9.486832981,15.62049935,10.19803903,15.55634919,9.486832981,14.86606875,10.19803903,15,9.219544457,14.86606875,9.055385138,13.45362405,8.544003745,14.86606875,9,14.14213562,8,14.14213562,8.062257748,14.14213562,8,14.14213562,6,13.45362405,8.246211251,14.86606875,8.246211251,15.55634919
18.43908891,4.123105626,18.60107524,4.123105626,18.86796226,3.16227766,19.72308292,2.236067977,18.60107524,2.236067977,19.41648784,1.414213562,19.41648784,1.414213562,18.86796226,1,18.02775638,2,18.02775638,3,18.02775638,2.236067977,17.49285568,2.828427125,18.86796226,3.16227766,18.86796226,3.16227766,16.64331698,3.16227766,18.02775638,2.828427125,16.64331698,3.605551275,17.49285568,4.123105626,15.8113883,4.472135955,15.26433752,5.099019514,15.26433752,4.123105626,13.89244399,4.123105626,13.89244399,5.385164807,14.76482306,6,13.03840481,6,13.41640786,7.280109889
24.20743687,8.062257748,24.41311123,8.246211251,25.23885893,6,25,5,24.41311123,5.385164807,26.62705391,6.403124237,23.85372088,2.828427125,23.32380758,5,24.41311123,1,24.20743687,2.236067977,25,3.605551275,22.20360331,4.472135955,23.60084744,4,21.63330765,3.16227766,20.61552813,3.605551275,21.63330765,4.123105626,21.63330765,6.32455532,20.80865205,6,19.72308292,4,20.80865205,6.08276253,19.41648784,6,20.24845673,6.08276253,18.43908891,7,18.60107524,9,17.80449381,9.055385138,17.49285568,8.062257748
16.40121947,11.70469991,16.40121947,9.486832981,16.40121947,10.77032961,17.49285568,9.848857802,17.20465053,9.219544457,17.20465053,9.219544457,17.49285568,9.219544457,17.49285568,8.485281374,16.40121947,9.433981132,17.20465053,7.211102551,17.20465053,8.485281374,16.64331698,8.485281374,17.20465053,6.403124237,16.1245155,8.94427191,15.8113883,8.485281374,15.65247584,8.94427191,14.76482306,8.062257748,13.89244399,9.433981132,13.41640786,8.602325267,13,9.433981132,12.52996409,9.486832981,12.08304597,11.18033989,13.41640786,9.486832981,12.64911064,10.77032961,12.64911064,9.486832981,13,11.70469991
18.38477631,9.055385138,17.69180601,9.219544457,17.80449381,10.77032961,18.60107524,9.055385138,18.43908891,9.848857802,19.20937271,8.544003745,18.60107524,5.830951895,18.60107524,5.385164807,17.80449381,5.385164807,18.43908891,5.385164807,19.20937271,5.830951895,18.60107524,5,18.02775638,5,17.20465053,5,18.02775638,3.605551275,17.20465053,5,16.64331698,4.472135955,16.64331698,4.472135955,15.8113883,5.656854249,17,5.830951895,16.64331698,4.472135955,14.76482306,6.708203932,14.4222051,6.08276253,15.26433752,7.615773106,13.89244399,7.615773106,14.31782106,8.246211251
17.69180601,8.246211251,17.80449381,8.246211251,18.43908891,8.94427191,17.20465053,7.615773106,17.80449381,6.32455532,17.69180601,5.830951895,17.80449381,6.708203932,18.60107524,6.403124237,18.60107524,4.242640687,18.43908891,5,18.02775638,5.830951895,15.8113883,5.830951895,17.49285568,5.656854249,13.89244399,6.403124237,16.1245155,5.656854249,15.8113883,5.385164807,15.26433752,6.32455532,13.89244399,5.099019514,15.65247584,5.385164807,13.89244399,6.708203932,15.26433752,8.062257748,13.03840481,7.615773106,13.41640786,6.32455532,11.66190379,8.246211251,13.41640786,8.94427191,13.41640786,9.219544457
9.219544457,16.2788206,8.544003745,17.69180601,7.280109889,17.80449381,7.280109889,17.02938637,5.830951895,17.02938637,6.708203932,16.40121947,5.830951895,17.80449381,4.472135955,15.8113883,5.656854249,16.40121947,5.656854249,17.02938637,6.403124237,17.20465053,5.656854249,16.40121947,5,16.40121947,5.830951895,16.64331698,5.385164807,15.8113883,4.472135955,16.40121947,5.385164807,15,5,13.89244399,6.32455532,16.64331698,5.385164807,15,6.32455532,14.4222051,6.32455532,13.89244399,6.32455532,13.89244399,7.280109889,14.4222051,7.280109889,13.89244399,8.544003745,13.89244399
16.40121947,12.08304597,16.2788206,13.41640786,14.86606875,13.41640786,16.40121947,11.18033989,16.2788206,11.18033989,16.97056275,12.52996409,17.02938637,11.66190379,15.62049935,10.29563014,16.2788206,10,16.97056275,9.219544457,17.02938637,10.63014581,17.20465053,10,15,9.899494937,15.8113883,10.81665383,15,9.219544457,15.8113883,8.602325267,15.26433752,9.433981132,15,9.433981132,15.8113883,10.63014581,16.64331698,8.94427191,13.89244399,9.219544457,13.60147051,9.433981132,13.41640786,10.81665383,13.89244399,11.66190379,12.80624847,11.18033989,13.89244399,12.52996409
7.211102551,20.80865205,6.708203932,20.24845673,8.602325267,20.80865205,8.485281374,21.09502311,8.062257748,21.09502311,6.403124237,20.59126028,7.071067812,19.41648784,6.32455532,19.41648784,8.062257748,20,8.94427191,19.10497317,8.94427191,18.02775638,8.544003745,16.64331698,10.44030651,18.86796226,9.848857802,15.8113883,7.280109889,17.20465053,7.280109889,17.20465053,7.071067812,15.8113883,7,14.2126704,7.071067812,16.64331698,8,15,8,15,8.246211251,15.62049935,8.246211251,15,6.708203932,14.2126704,8.544003745,15,8.062257748,14.2126704
8.062257748,20,6.08276253,20.24845673,5.385164807,21.09502311,5.830951895,21.09502311,5,20.24845673,5,21.9544984,5.656854249,21.02379604,4.242640687,19.72308292,4.242640687,19.23538406,3.16227766,17.4642492,4.123105626,18.86796226,4,19.23538406,4.123105626,18.78829423,4.123105626,17,5.099019514,17.4642492,6,17,5.099019514,18.38477631,6.08276253,16.1245155,6,16.15549442,8.062257748,15.23154621,7.071067812,16.15549442,8.246211251,13.60147051,9.219544457,13.60147051,9,12.64911064,9.055385138,12.36931688,10.19803903,14.56021978
24.18677324,10,21.09502311,7.211102551,22.20360331,9.219544457,20.24845673,11.40175425,21.09502311,10.63014581,20.80865205,11.66190379,19.41648784,12.20655562,20.80865205,13.41640786,18.43908891,11.70469991,20,11.18033989,20.61552813,13,19.41648784,11.70469991,18.60107524,11.04536102,19.10497317,10.77032961,19.20937271,12.16552506,17.69180601,11.40175425,17.69180601,11.40175425,19.10497317,10.04987562,17.69180601,11,17.80449381,10.04987562,16.2788206,10.04987562,16.2788206,9.055385138,16.97056275,10.44030651,17.02938637,10.44030651,17.02938637,10.77032961,18.38477631,10.77032961
9.486832981,21.26029163,7.071067812,22.20360331,5.385164807,21.63330765,7.211102551,21.26029163,7.211102551,23.60084744,6.708203932,21.63330765,6.403124237,22.20360331,5.830951895,23.32380758,5.656854249,22.20360331,4.123105626,22.20360331,7.280109889,21.63330765,5,21.40093456,5.099019514,20.24845673,5.385164807,18.60107524,5.385164807,20.24845673,6.08276253,17.49285568,5.099019514,17,8.246211251,17,8.246211251,18.35755975,7.280109889,15.65247584,8.062257748,17,7.280109889,16.55294536,7.280109889,14.86606875,8.062257748,14.31782106,8.246211251,14.56021978,10.77032961,14.86606875
11.40175425,17,12.80624847,18.02775638,13.45362405,17.49285568,12.04159458,17,12.04159458,17.49285568,13.45362405,17.49285568,11.40175425,16.1245155,14.2126704,16.40121947,13.03840481,15.26433752,13.03840481,14.76482306,15.26433752,15,13.89244399,15.8113883,13.89244399,14.2126704,13.41640786,15,13.60147051,13.89244399,13,15,13,13.60147051,10.77032961,13.45362405,13.60147051,13.45362405,12.36931688,12.20655562,12.16552506,12.80624847,11.18033989,12.80624847,10.04987562,12.04159458,11,12.72792206,11,13.45362405,10.04987562,12.72792206
19.20937271,9.848857802,17.80449381,9.486832981,20.61552813,10.77032961,19.20937271,9.486832981,20,9.848857802,20.80865205,8.062257748,20.24845673,8.485281374,17.80449381,7.810249676,18.86796226,5.830951895,17.80449381,6.403124237,19.23538406,7.211102551,18.35755975,6.403124237,17.88854382,7.211102551,17,7.211102551,16.55294536,7.211102551,18.35755975,6.32455532,17,6.32455532,14.76482306,7.615773106,13.41640786,7.615773106,14.31782106,8.062257748,11.66190379,8.544003745,14.31782106,8.544003745,12.08304597,8.544003745,14.56021978,9.848857802,13.92838828,8.94427191,12.64911064,9.486832981
19.41648784,6,22.47220505,8,22.8035085,9.055385138,22.47220505,7.071067812,21.40093456,5.830951895,22.47220505,6.708203932,22.20360331,2.828427125,21.9544984,5,21.40093456,4.472135955,22.20360331,4.242640687,20.59126028,2.236067977,19.72308292,3.16227766,19.72308292,3.605551275,20.1246118,4.472135955,19.23538406,3.605551275,20.1246118,3.605551275,18.86796226,3.16227766,18.35755975,4.123105626,21.02379604,6.32455532,17.4642492,6.08276253,16.55294536,6,15.65247584,6.08276253,15.26433752,7,14.86606875,8,13.41640786,7.071067812,14.31782106,8.246211251
16.15549442,12.04159458,13.41640786,12.04159458,13.89244399,13.45362405,12.52996409,13.45362405,13.03840481,13.60147051,13.60147051,12.80624847,13.41640786,13.03840481,13.03840481,12.52996409,13.89244399,13.03840481,12.20655562,13.60147051,13.89244399,14.31782106,12.20655562,15.23154621,10,13,12.04159458,12.08304597,11.40175425,12.64911064,10.63014581,12.64911064,9.899494937,12.16552506,11.3137085,12.16552506,9.899494937,12.16552506,10.63014581,11.04536102,9.219544457,12.04159458,11.3137085,10.04987562,11.3137085,9,10,9,11.3137085,11.04536102,12.20655562,8.246211251
21.09502311,4,20.24845673,4.472135955,20.61552813,4.472135955,19.41648784,4.472135955,19.41648784,3.605551275,19.72308292,5,18.86796226,6.32455532,18.86796226,5.385164807,20,4.472135955,18.60107524,5,18.02775638,4,18.02775638,5,17.20465053,6,18.43908891,6,17.02938637,6.32455532,17.80449381,7,17.49285568,7.071067812,17.02938637,5.385164807,15.62049935,6.708203932,17.02938637,6.708203932,14.86606875,5.385164807,13.45362405,6.403124237,15.62049935,5.656854249,13.60147051,5.656854249,15.62049935,7.211102551,14.86606875,6.403124237
19.20937271,4.123105626,19.41648784,4.123105626,20,4.123105626,18.86796226,4,18.86796226,3,18.35755975,4.472135955,20.80865205,2.236067977,18.02775638,3.605551275,17.49285568,3.16227766,17,3.605551275,18.86796226,4.472135955,17.20465053,3.16227766,17.49285568,2.236067977,17.49285568,3.16227766,18.60107524,5,17.80449381,5,17.49285568,4.123105626,17.02938637,4.123105626,15.8113883,4,15,4.123105626,13.89244399,6.08276253,15.26433752,5.830951895,15.26433752,5,14.4222051,7.810249676,15.8113883,5.656854249,14.4222051,5
23.43074903,5.385164807,23.02172887,4.123105626,22.20360331,2.236067977,23.02172887,3.16227766,21.63330765,1,22.47220505,1,23.02172887,1,22.47220505,1,22.47220505,2,22.02271555,0,20.80865205,3.16227766,20.80865205,4.242640687,21.09502311,4.242640687,21.09502311,4.242640687,20.80865205,3.605551275,19.72308292,5,19.72308292,4.242640687,18.02775638,4.242640687,19.23538406,4.242640687,19.23538406,5.385164807,18.35755975,4.472135955,18.78829423,7.280109889,17,7.280109889,16.55294536,7.071067812,15.23154621,7.280109889,15.23154621,7.280109889
16.2788206,15.23154621,15.62049935,14.76482306,17.02938637,14.76482306,15.62049935,13.89244399,15.62049935,15.26433752,16.2788206,13.03840481,16.64331698,13,16.64331698,13.60147051,17.20465053,11.66190379,16.64331698,10.29563014,16.1245155,12.80624847,15.8113883,10.63014581,15.26433752,11.3137085,14.76482306,11.40175425,15.65247584,10.81665383,15.26433752,11.3137085,14.31782106,9.899494937,14.31782106,10,15.23154621,10.63014581,13.92838828,10.63014581,13.92838828,10.29563014,13,11.40175425,12.64911064,10.29563014,12.36931688,12.20655562,12.16552506,10.81665383,12.36931688,12.80624847
10.29563014,15.55634919,9.848857802,16.2788206,8.602325267,16.64331698,9.848857802,14.76482306,8.544003745,16.1245155,7.211102551,16.64331698,7.211102551,16.64331698,6.403124237,17.49285568,7.071067812,15.26433752,7.810249676,13.41640786,8.602325267,17,7.810249676,15.23154621,6.403124237,14.76482306,7.211102551,15.65247584,7.211102551,15.23154621,5.830951895,13,8.062257748,12.64911064,8.602325267,12.64911064,8.602325267,13,7.615773106,12.64911064,8.94427191,10.77032961,7.211102551,11.70469991,7.615773106,10.19803903,8.94427191,11.04536102,8.544003745,11.18033989,9.433981132,12.04159458
4.123105626,22.20360331,1.414213562,22.20360331,2.236067977,22.47220505,1.414213562,22.47220505,1,22.20360331,1,21.63330765,1.414213562,21.9544984,0,22.47220505,3.605551275,21.09502311,4.472135955,20.1246118,3.16227766,21.09502311,5,21.47091055,5,18.86796226,2.828427125,20.24845673,5.656854249,20.59126028,4.472135955,18.86796226,5.385164807,19.72308292,5.830951895,18.35755975,5.830951895,18.35755975,7.615773106,17.88854382,7.615773106,16.55294536,6.708203932,16.55294536,8.246211251,15.65247584,7.280109889,14.31782106,7.280109889,15.8113883,8.246211251,15.8113883
8.544003745,18.43908891,8.246211251,17.80449381,6.32455532,17.80449381,6.708203932,17.49285568,6.32455532,17.20465053,6.708203932,18.86796226,6.403124237,18.86796226,5.830951895,18.02775638,5.656854249,17.49285568,6.403124237,18.60107524,5.830951895,19.23538406,5.830951895,17,6.708203932,18.35755975,6.32455532,15.65247584,6.708203932,17,5.830951895,15.23154621,5.099019514,16.15549442,6.708203932,14.31782106,7.280109889,13.92838828,7.071067812,13.92838828,8.062257748,13.60147051,7.280109889,13.60147051,7.280109889,13.60147051,9.219544457,12.36931688,9.055385138,12.16552506,9.486832981,12.36931688
26.90724809,48.7954916,35.38361203,42.54409477,33.83784863,48.41487375,38.48376281,50.80354318,20.61552813,45.45327271,33.24154028,47.80167361,21.09502311,42.01190308,23.32380758,45.607017,21.47091055,34.05877273,30.59411708,38.48376281,22.09072203,49.09175083,21.9317122,69.35416354,18.11077028,53.00943312,12.52996409,56.43580424,26,44.68780594,36.40054945,71.11961755,6.403124237,54.91812087,14.76482306,48.10405388,16.4924225,41.10960958,12.16552506,50.20956084,8.246211251,46.09772229,16.1245155,41.03656906,7.211102551,32.52691193,16.15549442,46.87216658,32.01562119,49.67896939,28.28427125,53.26349594
12.80624847,15.26433752,15,16.64331698,14.14213562,13.89244399,14.14213562,14.76482306,14.86606875,14.4222051,15.62049935,15.26433752,14.14213562,12.80624847,13.60147051,14.2126704,14.2126704,13.89244399,14.2126704,14.2126704,13.89244399,13.60147051,13.89244399,12.04159458,13.89244399,13.45362405,15.26433752,12.72792206,15.65247584,12.80624847,14.31782106,11.3137085,14.31782106,12.04159458,13.41640786,11.3137085,15.23154621,12.04159458,13,12.72792206,12.08304597,12.04159458,11.40175425,11.40175425,10.77032961,12.20655562,12.16552506,12.80624847,10.19803903,12.04159458,11.18033989,12.80624847
51.4003891,15.23154621,52.69724851,7.280109889,53.60037313,9.899494937,51.623638,2.828427125,50.80354318,10.44030651,49.39635614,6,53.60037313,3,43.38202393,7.280109889,62.36986452,8.062257748,50.20956084,3.16227766,51.4781507,13.03840481,48.3011387,7.280109889,47.92702787,14.4222051,46.5295605,13.41640786,42.43819035,16.40121947,52.15361924,10.44030651,43.26661531,12.04159458,43.56604182,17.69180601,40.31128874,15.62049935,38.07886553,19.41648784,36.87817783,16.15549442,35.35533906,19.23538406,34.4818793,13.60147051,40.31128874,18.86796226,38.01315562,21.9544984,38.83297568,17.08800749
22.8035085,5.385164807,24.20743687,4.472135955,25,3.605551275,23.85372088,3.605551275,22.8035085,2.236067977,23.32380758,1.414213562,22.8035085,1,22.47220505,2,23.60084744,0,22.8035085,2.828427125,23.02172887,2,21.63330765,3.605551275,21.63330765,2.236067977,21.63330765,3.605551275,22.20360331,4.242640687,21.40093456,3.605551275,19.72308292,4.242640687,20,3.605551275,19.72308292,5.830951895,19.72308292,5,17.80449381,5,18.86796226,6.708203932,17.49285568,6.403124237,17,7.280109889,18.35755975,7.280109889,19.23538406,8.062257748
23.43074903,6.08276253,23.02172887,3.16227766,23.85372088,4.123105626,21.63330765,5.099019514,21.40093456,3.605551275,21.63330765,2.236067977,23.32380758,4.472135955,20.80865205,5.385164807,20.61552813,5,22.20360331,5,23.02172887,5.099019514,20,6.08276253,21.63330765,6.08276253,21.63330765,6.08276253,20.24845673,4.472135955,18.86796226,7.071067812,18.02775638,6.08276253,19.41648784,6.08276253,20.24845673,6.32455532,18.02775638,8.544003745,16.64331698,7.280109889,18.02775638,6.708203932,18.35755975,6.403124237,17.20465053,7.211102551,15.8113883,5.656854249,16.64331698,7.211102551
4.123105626,20.80865205,4.123105626,21.9544984,5,21.63330765,5,21.09502311,4.242640687,21.63330765,5.656854249,21.63330765,5.385164807,18.86796226,4.472135955,20,6.708203932,18.35755975,6.08276253,18.86796226,5,18.86796226,6.08276253,19.72308292,6,18.86796226,7.071067812,18.86796226,7.071067812,17.49285568,7,17.20465053,7.280109889,16.64331698,6.32455532,15.8113883,7.615773106,18.35755975,7.615773106,15.26433752,6.708203932,15.8113883,7.211102551,14.76482306,6.403124237,15.26433752,7.071067812,16.1245155,7.211102551,15.26433752,8.062257748,14.4222051
14.31782106,13.45362405,12.52996409,15.8113883,14.76482306,15.26433752,13.89244399,15.26433752,13.60147051,14.4222051,13.41640786,16.1245155,12.80624847,17.49285568,11.40175425,17.4642492,12.04159458,17,12.72792206,17.49285568,11.3137085,16.55294536,12.80624847,15.8113883,10.63014581,14.31782106,12.04159458,15.8113883,9.899494937,14.86606875,11.40175425,15.5241747,10,15.5241747,11.40175425,13.60147051,11.40175425,13.34166406,10.81665383,12.36931688,10,12.16552506,11.18033989,11,10.81665383,12.04159458,12.20655562,10.04987562,10.81665383,11.04536102,12.20655562,12.04159458
9.219544457,18.43908891,8.246211251,18.43908891,8.544003745,19.41648784,8.062257748,20.24845673,6.32455532,19.41648784,7.615773106,21.09502311,5.830951895,20.24845673,5.830951895,18.86796226,5.830951895,19.23538406,2.828427125,18.02775638,5.656854249,21.09502311,5.656854249,18.86796226,4.472135955,17.49285568,6.403124237,18.86796226,5.385164807,17,5.099019514,17.49285568,5.099019514,17,5.099019514,14.76482306,5.385164807,17,6.08276253,16.1245155,6.708203932,14.76482306,6.08276253,15.65247584,7.071067812,13.41640786,8,14.31782106,8.062257748,14.31782106,9.219544457,13.60147051
6.708203932,18.02775638,7.071067812,20,8.485281374,19.41648784,7.071067812,21.09502311,6.403124237,20.24845673,7.810249676,20,9.219544457,18.60107524,7.810249676,17.80449381,9.433981132,18.86796226,9.433981132,18.02775638,9.433981132,17.20465053,8.94427191,16.97056275,9.486832981,18.60107524,7.280109889,17.80449381,9.486832981,16.40121947,9.219544457,16.97056275,7.615773106,17.02938637,7.071067812,14.86606875,10.04987562,16.2788206,7.071067812,15.62049935,8,16.2788206,7.071067812,15.55634919,7.280109889,14.86606875,7.280109889,15.55634919,8.544003745,14.86606875,6.32455532,15.62049935
13.89244399,14.86606875,13.03840481,15.62049935,12.52996409,14.86606875,11.66190379,14.2126704,11.40175425,14.14213562,13.41640786,15,12.52996409,14.4222051,11.66190379,15.26433752,10.29563014,14.76482306,10,14.4222051,10,15.65247584,10,14.76482306,10.63014581,13.89244399,9.899494937,15.65247584,9.219544457,13.41640786,10.63014581,13.41640786,9.899494937,13.41640786,9.899494937,13.92838828,10.63014581,13,9.219544457,11.70469991,9.433981132,11.70469991,9.433981132,10.44030651,9.433981132,11.40175425,11.40175425,12.04159458,10.81665383,10.19803903,11.40175425,11.04536102
18.02775638,9.433981132,18.86796226,10,18.02775638,10,18.60107524,9.899494937,16.64331698,9.219544457,17.20465053,10,16.1245155,10,16.1245155,9.433981132,17.20465053,10.29563014,16.40121947,9.486832981,17.20465053,11.18033989,15.8113883,10.44030651,16.40121947,10.44030651,16.40121947,10.44030651,14.4222051,10.77032961,14.2126704,10.44030651,15,10.19803903,14.2126704,9.486832981,14.2126704,9.055385138,13.45362405,10.04987562,13.45362405,8.062257748,12.80624847,9.055385138,12.72792206,9.055385138,13.45362405,8.062257748,12.04159458,8.544003745,14.14213562,9.486832981
4.472135955,19.41648784,4.123105626,19.20937271,4.123105626,20.80865205,2,19.20937271,2.828427125,18.86796226,3,20.24845673,2.236067977,19.41648784,3.16227766,19.72308292,2.236067977,19.41648784,3.16227766,20.24845673,5.099019514,17.49285568,5,18.02775638,5,18.86796226,4,17.20465053,5.099019514,18.02775638,6.08276253,17.49285568,4.472135955,16.64331698,5.385164807,16.40121947,5.830951895,15.8113883,5.830951895,15.26433752,5.830951895,15.8113883,5.656854249,15.8113883,6.403124237,14.4222051,6.403124237,13.89244399,7.211102551,14.76482306,7.211102551,13.60147051
18.35755975,13.45362405,18.02775638,15.55634919,17.49285568,14.2126704,19.41648784,15.62049935,18.02775638,13.89244399,17.20465053,13.60147051,16.40121947,13.89244399,16.64331698,14.31782106,16.40121947,16.1245155,14.86606875,16.40121947,15.55634919,16.15549442,14.2126704,15.65247584,14.2126704,15.23154621,14.2126704,15.5241747,15.62049935,13.60147051,14.86606875,14.56021978,14.86606875,14.56021978,14.2126704,13.34166406,14.86606875,13.34166406,15.55634919,12.16552506,13.45362405,11.18033989,12.04159458,11,12.04159458,13.03840481,12.04159458,12.04159458,12.80624847,10.19803903,13.45362405,10.19803903
11.18033989,31.89043744,10.44030651,32.64965543,9.486832981,34.20526275,9.848857802,33.60059523,8.062257748,32.80243893,8.062257748,33.83784863,7.810249676,34.13209633,7.071067812,31.90611227,5.830951895,31.90611227,6.403124237,31.38470965,7.615773106,33.28663395,7.615773106,33.12099032,8.544003745,32.24903099,6.08276253,31.06444913,7.280109889,30.52867504,8,32.24903099,9.055385138,30.01666204,9.055385138,28.17800561,9.219544457,28.17800561,10,26.83281573,10,26.41968963,11.04536102,24.59674775,11.04536102,22.36067977,14.03566885,25.07987241,15.13274595,24.69817807,15.03329638,23.08679276
12.20655562,18.86796226,12.80624847,18.02775638,14.86606875,18.02775638,14.4222051,17.20465053,13.60147051,17.49285568,15,18.60107524,14.76482306,17.02938637,15.26433752,17.02938637,15.23154621,16.40121947,15.23154621,16.40121947,15.23154621,17.69180601,14.86606875,16.40121947,17.08800749,17.02938637,15.8113883,15,14.56021978,14.86606875,12.64911064,15.55634919,14.31782106,14.14213562,13,14.86606875,14.31782106,15.62049935,13,12.72792206,12.04159458,14.2126704,11.04536102,15.55634919,11.04536102,14.86606875,13.15294644,15,11.18033989,13.60147051,11.40175425,14.86606875
9.486832981,20.51828453,9.486832981,19.84943324,9.486832981,19.79898987,8.94427191,21.40093456,8.544003745,19.84943324,7.615773106,20,6.708203932,22.20360331,6.403124237,20.24845673,7.071067812,21.40093456,7.810249676,21.26029163,7.211102551,21.09502311,7.071067812,20.1246118,6.403124237,19.23538406,7.211102551,18.86796226,6.708203932,19.72308292,6.708203932,19.23538406,6.708203932,18.78829423,7.615773106,18.35755975,8.062257748,17.4642492,7.280109889,16.55294536,7.071067812,15.65247584,8.544003745,16.15549442,8.544003745,15.23154621,8.94427191,15.8113883,9.486832981,15.23154621,10.44030651,15.5241747
11.40175425,19.41648784,10.63014581,18.43908891,12.80624847,19.20937271,12.20655562,19.41648784,13.45362405,18.43908891,11.66190379,20,13.60147051,18.02775638,13.03840481,19.20937271,12.64911064,18.86796226,13,18.60107524,13.92838828,17.80449381,12.52996409,17.80449381,11.70469991,18.60107524,13,19.10497317,11.40175425,16.2788206,11.40175425,16.97056275,12.36931688,16.2788206,11.40175425,16.2788206,12.04159458,17.02938637,14.03566885,14.86606875,10.19803903,15.62049935,11,15.55634919,10.19803903,14.86606875,10,15.55634919,9.486832981,16.40121947,10.44030651,14.2126704
15.65247584,12.80624847,15.23154621,12.72792206,14.4222051,12.72792206,15.26433752,12.80624847,14.4222051,12.80624847,14.4222051,12.80624847,14.76482306,12.80624847,15,13.60147051,14.4222051,13.89244399,12.80624847,10.77032961,13.60147051,13.03840481,12.80624847,13.41640786,13.03840481,13.89244399,12.80624847,12.52996409,12.80624847,13.89244399,12.04159458,13.92838828,11.3137085,13.92838828,12.04159458,12.36931688,10.63014581,10.77032961,11.3137085,12.16552506,11.40175425,11.40175425,11.40175425,10.04987562,11.3137085,11.04536102,12.04159458,10,12.04159458,10,12.80624847,11.04536102
19.79898987,11.18033989,18.38477631,13.60147051,20.51828453,14.31782106,19.10497317,11.40175425,19.10497317,13.41640786,19.84943324,11.66190379,18.60107524,11.40175425,20,11.40175425,20.80865205,9.219544457,20.80865205,12.04159458,20.24845673,11.40175425,18.35755975,10.63014581,17.49285568,9.899494937,19.23538406,10.63014581,19.23538406,10,17,9.219544457,18.78829423,7.810249676,17.4642492,8.602325267,18.38477631,9.219544457,16.15549442,9.219544457,16.76305461,8.602325267,14.86606875,10,14.56021978,10.29563014,14.56021978,10,15.5241747,10.29563014,15.5241747,10.29563014
10.04987562,19.84943324,8,19.84943324,7,21.40093456,6.32455532,20.61552813,7.071067812,20,6,21.26029163,6.08276253,21.40093456,4.123105626,20.80865205,4,18.86796226,4.123105626,20.59126028,4.472135955,19.72308292,3.16227766,19.41648784,3.605551275,21.09502311,3.605551275,19.72308292,2.236067977,19.41648784,3.605551275,20.59126028,3.605551275,18.86796226,4.472135955,17.49285568,3,18.02775638,4.123105626,16.55294536,5,16.55294536,6.08276253,17.49285568,6.08276253,15.65247584,6,15.26433752,7,16.15549442,7.280109889,16.15549442
19.10497317,12.08304597,19.84943324,12.08304597,21.9317122,10.77032961,19.84943324,10.81665383,20.61552813,10.29563014,20.80865205,9.433981132,20,11.40175425,19.41648784,9.219544457,18.86796226,9.219544457,18.86796226,9.219544457,19.72308292,9.219544457,21.09502311,10,20.61552813,8.485281374,18.86796226,8.485281374,18.35755975,8.485281374,19.72308292,8.485281374,19.23538406,7.211102551,18.78829423,6.708203932,17.88854382,7.071067812,17.4642492,8.062257748,16.55294536,8.062257748,17.08800749,9.433981132,14.86606875,8.602325267,15.8113883,9.433981132,15.29705854,8.602325267,15.5241747,10.29563014
20.61552813,5,22.20360331,5.099019514,20.80865205,6.08276253,20.80865205,4.123105626,19.20937271,5.385164807,22.47220505,4.472135955,21.63330765,2.236067977,20.80865205,3.605551275,20.80865205,2.236067977,21.63330765,2,21.09502311,3,20.24845673,3,20.24845673,3,18.86796226,4.123105626,19.72308292,3.16227766,20.59126028,4.123105626,18.35755975,4.472135955,19.23538406,5,17.49285568,4,17.88854382,4.123105626,17,6.08276253,15.65247584,5,16.15549442,7.071067812,15.65247584,7,14.31782106,8,16.15549442,8
12.20655562,16.1245155,12.04159458,16.55294536,10.63014581,17.80449381,13.45362405,18.02775638,13.45362405,18.60107524,13.45362405,17.02938637,15,16.40121947,12.20655562,16.64331698,14.2126704,14.31782106,13.03840481,13.89244399,14.76482306,13.60147051,14.4222051,14.4222051,14.31782106,13.60147051,13.92838828,14.2126704,13.41640786,12.80624847,12.64911064,12.72792206,13.60147051,13.45362405,12.64911064,13.45362405,12.64911064,13.45362405,11.18033989,13.45362405,11.18033989,13.45362405,9.055385138,11.40175425,12,12.04159458,11.04536102,14.86606875,12,13.45362405,10.04987562,14.2126704
17.49285568,14.14213562,16.1245155,14.14213562,18.35755975,14.86606875,17.49285568,14.86606875,15.8113883,15,16.64331698,16.2788206,16.1245155,16.64331698,15.8113883,15.26433752,15.26433752,16.64331698,13.45362405,15.8113883,15,17.49285568,16.40121947,16.55294536,14.2126704,15.65247584,14.2126704,14.31782106,12.80624847,14.76482306,14.86606875,15.23154621,11.40175425,13.92838828,12.04159458,13,12.72792206,13.60147051,11.3137085,14.31782106,12.72792206,13.34166406,12.72792206,12.04159458,12.04159458,12.16552506,14.14213562,12.04159458,12.72792206,12,12.72792206,12
5.830951895,18.86796226,6.403124237,19.72308292,9.219544457,18.35755975,7.615773106,18.86796226,7.211102551,19.41648784,7.810249676,17.49285568,8.602325267,16.40121947,7.615773106,17.49285568,8.062257748,16.1245155,8,16.1245155,8.062257748,17.20465053,7,16.64331698,9,15,7.071067812,15.26433752,8,15,8.062257748,15,7.071067812,15.26433752,8.062257748,13.60147051,8.062257748,14.2126704,6.32455532,15,8.544003745,13.60147051,7.211102551,12.20655562,6.403124237,12.80624847,7.211102551,13.60147051,8.485281374,13.03840481,8.602325267,12.80624847
18.35755975,8.246211251,18.02775638,6.708203932,16.1245155,6.403124237,17.20465053,7.810249676,16.1245155,6.403124237,17,7.071067812,16.1245155,8.485281374,15.26433752,8.062257748,15.8113883,8.94427191,17.02938637,7.615773106,15.62049935,8.062257748,15.26433752,9.055385138,14.4222051,7.615773106,13.03840481,8.246211251,13.60147051,9.055385138,15,8.062257748,13.45362405,8.062257748,12.04159458,9.055385138,13.45362405,8.062257748,12.04159458,7,12.72792206,7.071067812,12.80624847,8.246211251,12.04159458,9.219544457,13.45362405,7.615773106,12.72792206,8.544003745,12.72792206,8.062257748
4.123105626,22.02271555,3.605551275,21.63330765,3.16227766,22.8035085,3.16227766,20,3.605551275,20.24845673,3.16227766,20.24845673,1.414213562,23.02172887,3.605551275,20.80865205,4,19.41648784,4.123105626,18.35755975,4.123105626,20.24845673,4,20,5.099019514,20,7.071067812,19.72308292,5,18.86796226,5.099019514,19.41648784,4.123105626,18.02775638,3.16227766,18.60107524,4.123105626,18.60107524,7.615773106,17.80449381,5.830951895,18.02775638,8.062257748,16.40121947,6.403124237,18.02775638,7.071067812,16.64331698,7.211102551,15,8.062257748,16.64331698
20.80865205,2.828427125,21.63330765,3,22.02271555,1.414213562,22.20360331,2.236067977,22.8035085,2.828427125,20.80865205,2.236067977,22.47220505,1.414213562,20.80865205,2,21.63330765,1,21.09502311,3.16227766,20,3,19.72308292,3.605551275,20.80865205,4.123105626,20.80865205,3,18.86796226,4.123105626,18.86796226,5.385164807,18.02775638,5,18.02775638,5.099019514,18.35755975,5,16.64331698,3.605551275,17.20465053,5.830951895,15.26433752,5.830951895,14.4222051,6.403124237,17.20465053,7.211102551,15.26433752,6.708203932,16.1245155,6.708203932
18.60107524,7.211102551,18.02775638,7.810249676,16.64331698,7.810249676,17.49285568,8.062257748,17.49285568,9.433981132,16.64331698,9.899494937,17.80449381,10,15.8113883,8.062257748,15.8113883,10.29563014,14.76482306,8.062257748,16.40121947,11.70469991,15,9.219544457,15.62049935,9.486832981,15.62049935,9.219544457,13.45362405,9.219544457,13.60147051,10.04987562,13.45362405,9.055385138,13.45362405,10,13.45362405,9.055385138,14.2126704,8,12.80624847,7,12.04159458,8.062257748,13.45362405,7.280109889,12.04159458,7.615773106,12.04159458,6.708203932,13.60147051,8.062257748
10.29563014,16.40121947,10.63014581,15.8113883,10.63014581,17.20465053,11.3137085,15,10.63014581,14.4222051,11.3137085,15.8113883,12.52996409,16.40121947,12.04159458,13.60147051,9,12.52996409,9,14.4222051,10.44030651,15.62049935,11.40175425,14.4222051,11.18033989,14.2126704,11.70469991,13.60147051,11.40175425,14.2126704,11.70469991,12.72792206,11.40175425,12.80624847,8.246211251,13.45362405,10.19803903,13.45362405,10,12.04159458,9.055385138,12.80624847,9.055385138,11.3137085,8,12.72792206,8.246211251,13.45362405,9.219544457,12.80624847,8.246211251,12.04159458
79.0253124,36.79673899,81.0246876,47.4341649,87.6184912,43.13930922,82.20097323,43.9089968,79.30952024,35.77708764,78.87331615,44.10215414,78.74642849,47.85394446,68.50547423,46.64761516,69.4046108,47.01063709,66.4003012,48.41487375,77.46612163,46.5295605,68.50547423,47.5394573,68.00735254,45.39823785,70.60453243,42.3792402,63.00793601,38.89730068,60.87692502,43.32435804,65.94694838,42.44997055,60.10823571,30.3644529,58.13776741,35.17101079,57.38466694,37.05401463,53.75872022,34.23448554,59.66573556,41.0487515,57.28001397,34.525353,58.69412236,34.20526275,64.81512169,33.10589071,63.2534584,43.96589587
17.02938637,13.03840481,17.69180601,13.60147051,18.38477631,12.52996409,19.20937271,12.20655562,17.02938637,11.40175425,17.69180601,11.66190379,17.80449381,10.81665383,16.40121947,10.63014581,18.60107524,9.433981132,18.02775638,10,18.02775638,10.63014581,17,10.63014581,17.49285568,9.219544457,16.1245155,9.899494937,17,9.219544457,16.55294536,9.219544457,17,9.219544457,14.31782106,10,14.86606875,9.219544457,15.8113883,8.602325267,13.92838828,8.485281374,13.92838828,10,12.64911064,10.29563014,13.15294644,10,13.15294644,11.40175425,13.15294644,11.66190379
17.02938637,9.848857802,18.43908891,10.29563014,18.43908891,12.08304597,17.80449381,10.29563014,18.43908891,11.18033989,17.20465053,10.81665383,18.60107524,8.602325267,17.20465053,9.219544457,17.20465053,8.602325267,18.02775638,7.810249676,17.49285568,7.810249676,17.88854382,7.810249676,17.4642492,7.810249676,16.55294536,7.071067812,16.55294536,7.810249676,16.15549442,8.602325267,15.23154621,7.810249676,13.92838828,7.810249676,15.23154621,7.810249676,13.92838828,8.602325267,14.86606875,8.062257748,13.34166406,8.602325267,13.15294644,8.602325267,13.34166406,9.433981132,14.14213562,8.544003745,13.15294644,9.848857802
16.1245155,15,16.1245155,14.2126704,16.55294536,13.45362405,15.26433752,14.14213562,13.89244399,14.14213562,15.26433752,14.2126704,16.1245155,14.4222051,13.89244399,15.62049935,14.76482306,15.62049935,13.89244399,15.62049935,14.4222051,15.8113883,13.60147051,15.26433752,13.03840481,14.76482306,12.80624847,13.41640786,13.60147051,14.76482306,13.60147051,14.31782106,12.80624847,14.76482306,12.72792206,13,12.72792206,13,12.04159458,11.40175425,12.04159458,12.64911064,11.3137085,11.40175425,12.72792206,11.40175425,12.04159458,12.16552506,13.45362405,11.18033989,13.45362405,13
18.38477631,13.92838828,19.10497317,15.23154621,18.38477631,15.23154621,19.10497317,15.65247584,18.43908891,14.31782106,17.80449381,13,19.41648784,12.08304597,18.43908891,12.20655562,17.80449381,11.66190379,20,12.80624847,18.86796226,11.40175425,17,12.04159458,18.78829423,12.04159458,17,10.63014581,18.78829423,10.63014581,18.78829423,10.63014581,18.38477631,10.63014581,17,10.63014581,16.55294536,10.81665383,17.08800749,10.63014581,15.8113883,10,15.8113883,10,14.86606875,10.81665383,15.5241747,11.18033989,14.56021978,11.40175425,14.31782106,11.66190379
20,7,19.20937271,4,20.80865205,5.099019514,21.40093456,6,21.40093456,5.099019514,19.72308292,5,21.63330765,3,20.24845673,3.605551275,20.80865205,2.828427125,22.02271555,5,21.63330765,2,20.59126028,4.472135955,20.59126028,4.123105626,18.86796226,3,18.86796226,4.123105626,19.72308292,4.472135955,18.35755975,5,17.49285568,5,19.23538406,5.099019514,17,6,15.65247584,5.099019514,15.65247584,6.08276253,16.55294536,6.08276253,15.65247584,9,14.86606875,8,15.23154621,8.062257748
9.433981132,17.49285568,10,15.8113883,9.433981132,18.60107524,9.899494937,17.49285568,9.219544457,18.02775638,10.63014581,16.64331698,10.63014581,16.40121947,10,15.8113883,10.81665383,15.8113883,10.44030651,17.20465053,10.77032961,16.40121947,10.77032961,15.62049935,11.18033989,14.2126704,11.18033989,14.4222051,9.848857802,15,11.70469991,14.86606875,10.19803903,14.86606875,9.219544457,15.62049935,10.44030651,14.2126704,10.19803903,14.86606875,10.04987562,13.45362405,10.04987562,13.45362405,8,13.45362405,8.062257748,14.14213562,10.04987562,14.2126704,9.055385138,14.86606875
19.72308292,8.062257748,18.60107524,8.602325267,19.72308292,7.810249676,19.41648784,7.810249676,20.24845673,7.071067812,18.86796226,7.810249676,18.02775638,8.602325267,17.80449381,8.94427191,17,8.062257748,16.64331698,8.94427191,20,10.29563014,18.02775638,8.94427191,16.64331698,9.848857802,17.02938637,9.219544457,16.40121947,9.486832981,17.20465053,10.44030651,17.20465053,9.219544457,15.26433752,10.19803903,15,8.246211251,14.2126704,10.04987562,14.2126704,7,14.2126704,8,14.4222051,8.062257748,15,7.280109889,13.60147051,8.544003745,15,7.615773106
9.055385138,19.10497317,7.071067812,20.51828453,6.08276253,19.20937271,6.708203932,19.41648784,4.472135955,18.60107524,6.08276253,19.41648784,3,19.41648784,5,19.41648784,4.242640687,18.60107524,3.605551275,18.60107524,4.242640687,18.86796226,5,18.86796226,5,18.60107524,5.385164807,18.35755975,3.605551275,18.35755975,3.16227766,17.49285568,4.123105626,17.4642492,5.385164807,13.41640786,5.099019514,16.55294536,4,14.76482306,5,13.41640786,6,15.23154621,6.08276253,13.92838828,7.280109889,14.56021978,7.071067812,13.60147051,7.280109889,12.64911064
17,17.69180601,15.23154621,17.80449381,13.03840481,19.10497317,15.62049935,18.60107524,13.89244399,19.84943324,14.76482306,19.41648784,14.4222051,18.86796226,14.2126704,19.72308292,13.60147051,19.41648784,11.40175425,18.86796226,13.45362405,19.23538406,12.72792206,19.23538406,12.04159458,17.88854382,12.20655562,17.88854382,11.3137085,17.88854382,12.72792206,18.78829423,12.72792206,16.55294536,12.80624847,15.65247584,11.40175425,17.08800749,12.80624847,18.02775638,10.63014581,13.34166406,12.20655562,16.76305461,12.20655562,13.15294644,11.40175425,13.15294644,13.03840481,12.04159458,14.2126704,13
6.32455532,18.60107524,5.830951895,18.60107524,6.32455532,18.60107524,5.830951895,20.24845673,7.211102551,18.35755975,6.403124237,18.60107524,7.810249676,18.35755975,6.32455532,17,7.211102551,17,7.211102551,17,6.08276253,18.02775638,8.062257748,17.69180601,7.280109889,17.20465053,7.071067812,17.20465053,7.071067812,15.26433752,7.280109889,15,7,15,6,14.2126704,9.219544457,15,7.071067812,15.26433752,7.071067812,14.4222051,7.071067812,14.2126704,7.280109889,11.3137085,7.615773106,14.4222051,7.810249676,13.89244399,7.810249676,15.26433752
4.472135955,20.24845673,7.615773106,19.41648784,6.403124237,21.26029163,5.385164807,18.78829423,6.403124237,20,7.810249676,17.88854382,5.830951895,20,6.32455532,17.49285568,8.602325267,18.43908891,6.32455532,17.80449381,7,19.20937271,8.062257748,18.02775638,6,18.60107524,7.071067812,18.86796226,9.219544457,17.49285568,8,17.20465053,8,15.8113883,5,16.64331698,8,16.40121947,7.071067812,14.4222051,6.32455532,13.89244399,7.071067812,15.8113883,8.544003745,13.89244399,7.211102551,15.26433752,8.602325267,13.89244399,8.602325267,13.03840481
17.69180601,8.94427191,19.79898987,8.94427191,21.26029163,8.94427191,19.20937271,9.433981132,18.43908891,8.602325267,19.41648784,8.602325267,20,7.071067812,19.41648784,8.602325267,19.41648784,6.708203932,20.61552813,7.071067812,19.41648784,6.403124237,18.86796226,6.403124237,18.35755975,7.211102551,18.35755975,6.403124237,17,7.071067812,18.35755975,6.403124237,17.4642492,6.403124237,15.65247584,6.32455532,17,6.403124237,15.65247584,7.615773106,15.23154621,8.062257748,14.86606875,8.062257748,13.60147051,7.280109889,13.60147051,6.708203932,13.34166406,8.94427191,13.34166406,9.848857802
21.63330765,6.32455532,21.09502311,7.071067812,20.24845673,5.830951895,20.24845673,6.403124237,18.86796226,5,20.80865205,7.211102551,20.80865205,6.708203932,19.41648784,6.32455532,20.80865205,8.602325267,20,6.708203932,19.41648784,8.94427191,16.64331698,7.280109889,18.02775638,6.32455532,18.43908891,7.071067812,18.02775638,8.062257748,18.43908891,8.062257748,17.20465053,8.062257748,17.20465053,7,17.02938637,9.055385138,14.2126704,6.32455532,15.8113883,6.32455532,14.86606875,5.830951895,13.60147051,8.062257748,14.2126704,6.708203932,14.2126704,7.810249676,15.8113883,7.810249676
18.38477631,11.70469991,18.38477631,13.41640786,18.38477631,12.08304597,19.84943324,13.41640786,18.38477631,11.18033989,19.20937271,11.18033989,18.60107524,10.81665383,19.41648784,10,20.24845673,8.246211251,20.80865205,10.77032961,19.41648784,7.211102551,18.86796226,7.810249676,20.24845673,9.899494937,18.86796226,7.810249676,18.35755975,7.071067812,19.23538406,7.211102551,18.35755975,7.211102551,17,7.810249676,16.1245155,8.602325267,17,10,16.15549442,9.433981132,15.65247584,8.602325267,15.23154621,10.29563014,14.31782106,10.29563014,14.86606875,10.77032961,14.31782106,10.29563014
4.472135955,18.60107524,4.123105626,20,4.123105626,19.84943324,3.16227766,20,3,20,2.236067977,19.72308292,5,20.24845673,4.472135955,19.41648784,5,19.41648784,3.16227766,19.20937271,3.16227766,18.60107524,5,18.02775638,4.123105626,16.64331698,3.16227766,19.41648784,4,17.20465053,5.099019514,17.49285568,5,17.20465053,4,15.26433752,3,16.1245155,4.123105626,15.26433752,4.123105626,13.60147051,5,15.26433752,4.472135955,13.03840481,5.656854249,15.8113883,5,13.60147051,6.403124237,14.76482306
27.01851217,5.099019514,25.8069758,4,27.20294102,2.236067977,25.23885893,2,25.8069758,1.414213562,25.23885893,2.236067977,25.55386468,1.414213562,25,1,25.8069758,1.414213562,24.41311123,1,26.07680962,2,23.60084744,3.16227766,24.18677324,1.414213562,23.02172887,4.472135955,23.32380758,4.472135955,23.60084744,4.242640687,22.82542442,5.656854249,20.80865205,4.242640687,20.80865205,4.472135955,21.09502311,5.830951895,21.9544984,6.708203932,19.23538406,6.08276253,20.1246118,7.280109889,19.23538406,7.071067812,18.78829423,7.280109889,19.23538406,9.219544457
17.49285568,12.04159458,15.65247584,12.04159458,17.80449381,12.72792206,18.02775638,12.04159458,14.4222051,13.60147051,16.64331698,13.03840481,15.8113883,12.08304597,13.89244399,13.89244399,15,13.41640786,16.2788206,11.40175425,15.62049935,11.70469991,14.86606875,13.41640786,14.14213562,12.64911064,13.45362405,12.08304597,13.60147051,13,13.45362405,10.77032961,12.04159458,12.64911064,13.45362405,12.36931688,11.3137085,11.40175425,12.72792206,10.44030651,14.2126704,9.219544457,11.3137085,11.04536102,12.04159458,9.055385138,12.04159458,8,12.04159458,9.055385138,14.86606875,10
19.10497317,11.18033989,19.84943324,9.848857802,18.86796226,11.18033989,20.24845673,12.20655562,20.80865205,12.04159458,20,10,18.86796226,8.485281374,17.49285568,9.219544457,18.35755975,9.899494937,17.4642492,10,19.72308292,8.602325267,17,9.433981132,18.86796226,8.602325267,17.88854382,8.94427191,17.4642492,10.29563014,17.88854382,9.848857802,17,8.94427191,15.26433752,9.433981132,14.31782106,9.433981132,15.23154621,8.94427191,16.15549442,9.219544457,15.5241747,9.848857802,13,8.544003745,14.56021978,10.81665383,13.34166406,10.81665383,13.15294644,11.40175425
17.69180601,12.36931688,19.20937271,10.77032961,18.02775638,9.433981132,18.60107524,10.29563014,17.80449381,9.433981132,17.20465053,8.602325267,18.02775638,7.810249676,16.64331698,7.810249676,16.64331698,6.403124237,17.49285568,5.830951895,18.02775638,7.810249676,15.8113883,7.211102551,16.1245155,7.211102551,15.8113883,8.602325267,15.26433752,8.062257748,16.1245155,7.615773106,14.76482306,8.062257748,13.41640786,8.062257748,15.23154621,7.211102551,13.41640786,6.708203932,12.52996409,8.544003745,12.08304597,8.602325267,12.64911064,8.94427191,11.70469991,8.602325267,12.36931688,10.81665383,12.36931688,9.433981132
12.04159458,20.1246118,13.45362405,20.59126028,12.72792206,19.72308292,13.45362405,18.02775638,13.60147051,20.59126028,12.80624847,19.72308292,15.26433752,18.60107524,15.26433752,17.20465053,14.76482306,17.20465053,13.41640786,16.64331698,14.76482306,15,15.65247584,15.62049935,14.31782106,17.02938637,15.23154621,15.8113883,14.76482306,14.86606875,11.70469991,14.2126704,12.64911064,14.86606875,11.70469991,14.86606875,13.34166406,14.2126704,11.40175425,13.45362405,11.40175425,12.80624847,11.40175425,13.45362405,11.04536102,14.86606875,11.04536102,12.72792206,11.04536102,13.45362405,11,14.14213562
19.10497317,11.70469991,19.20937271,12.08304597,19.84943324,14.31782106,19.20937271,12.08304597,19.84943324,12.52996409,20.80865205,12.52996409,18.60107524,11.18033989,18.35755975,10.63014581,20.80865205,12.04159458,20,10.63014581,20.24845673,9.219544457,20.1246118,10.63014581,19.72308292,9.899494937,19.72308292,9.219544457,19.72308292,9.899494937,18.35755975,8.602325267,18.35755975,9.899494937,16.1245155,8.602325267,16.55294536,9.433981132,16.15549442,10,15.65247584,9.219544457,14.86606875,9.433981132,14.56021978,9.433981132,14.86606875,10.81665383,13.92838828,10.81665383,14.31782106,10.29563014
18.60107524,8.544003745,18.43908891,7.615773106,20,8.94427191,19.72308292,8.062257748,18.86796226,6.403124237,18.60107524,7.211102551,19.41648784,5.656854249,17.20465053,5.385164807,18.02775638,6.403124237,18.60107524,5.830951895,18.02775638,5.385164807,17.20465053,5.099019514,16.64331698,6.708203932,16.64331698,6.32455532,16.1245155,7.280109889,17,6.32455532,17,6.08276253,15.26433752,6.08276253,14.31782106,7.280109889,15.65247584,7.071067812,14.31782106,8.246211251,13.92838828,8.062257748,13.41640786,8.246211251,13,9.486832981,11.70469991,8.544003745,13.92838828,8.544003745
10.44030651,23.43074903,7.280109889,23.02172887,7.280109889,20.80865205,7.615773106,23.60084744,5.385164807,22.8035085,6.403124237,22.8035085,6.403124237,22.47220505,6.708203932,21.63330765,6.403124237,22.47220505,6.708203932,21.9544984,6.708203932,22.47220505,6.708203932,21.09502311,5.830951895,21.09502311,7.280109889,20.24845673,6.708203932,19.23538406,7.071067812,19.72308292,6.32455532,20.1246118,8.062257748,18.78829423,6.08276253,17.88854382,7.071067812,18.35755975,8.246211251,17,8.062257748,16.55294536,8.544003745,18.02775638,10.04987562,16.15549442,9.055385138,14.86606875,10.19803903,15.5241747
5.099019514,22.20360331,4.123105626,23.02172887,3,21.63330765,2.236067977,21.63330765,1.414213562,21.40093456,1.414213562,23.02172887,2,21.09502311,2,21.63330765,2,20.24845673,2.236067977,20.24845673,3.16227766,19.41648784,3.16227766,20.24845673,3.16227766,19.41648784,5,18.86796226,4.472135955,17.49285568,4.123105626,18.60107524,4.472135955,18.86796226,5.099019514,17.49285568,6.32455532,17,6.32455532,14.76482306,6.08276253,15.65247584,6.08276253,16.1245155,6,13.89244399,8,16.1245155,7.071067812,14.31782106,9.055385138,15.65247584
18.43908891,8.246211251,20,7.280109889,20.24845673,7.615773106,20.24845673,6.708203932,19.41648784,6.708203932,18.86796226,6.708203932,18.86796226,5,19.20937271,6.403124237,19.72308292,2.236067977,16.1245155,4.242640687,18.35755975,4.472135955,17,5,17.49285568,5.385164807,16.64331698,6.708203932,16.55294536,4.472135955,16.64331698,5.385164807,16.1245155,5.385164807,14.4222051,7.071067812,15.65247584,6.32455532,14.86606875,7.071067812,15.65247584,7.615773106,13.41640786,7.615773106,13.92838828,9.219544457,13.92838828,9.486832981,13.92838828,9.219544457,13.92838828,8.246211251
7,19.20937271,8.062257748,20,4,20.80865205,5.099019514,18.86796226,5,18.86796226,5.099019514,19.72308292,5,18.02775638,4.123105626,18.86796226,4.242640687,19.20937271,4.123105626,18.35755975,2.828427125,17.49285568,1.414213562,17.49285568,2.236067977,18.35755975,3,16.1245155,3.16227766,17,4.123105626,15.26433752,3,15.23154621,3.16227766,15.26433752,5.099019514,16.15549442,5,14.31782106,5,14.76482306,6.08276253,13.89244399,7,12.52996409,6.08276253,13,6,12.64911064,7.071067812,13.92838828
16.55294536,16.2788206,17,16.2788206,15.65247584,15.55634919,14.76482306,15.62049935,14.31782106,15.62049935,15.26433752,16.40121947,13.89244399,17.20465053,13.89244399,15.26433752,13.60147051,14.4222051,11.66190379,14.76482306,13.45362405,16.1245155,12.80624847,15.65247584,12.04159458,14.31782106,12.72792206,13.41640786,11.40175425,14.31782106,11.3137085,14.86606875,12.04159458,14.86606875,12.72792206,12.64911064,11.3137085,14.56021978,12.04159458,13.60147051,12.04159458,11.40175425,11.40175425,13.34166406,12.04159458,12.04159458,12.04159458,11,12.52996409,11,12.80624847,11
18.43908891,12.52996409,19.20937271,13.03840481,20.80865205,13,20.80865205,11.18033989,19.20937271,11.18033989,19.41648784,11.40175425,20.80865205,10.81665383,20.59126028,12.04159458,19.23538406,8.602325267,17.88854382,8.485281374,18.78829423,10.63014581,16.1245155,8.602325267,19.6977156,9.433981132,18.78829423,10,16.55294536,10.63014581,17.4642492,10,16.76305461,10.63014581,16.15549442,8.94427191,16.15549442,12.20655562,14.56021978,10.29563014,13.60147051,9.848857802,14.56021978,10.29563014,12.36931688,10.81665383,14.03566885,12.52996409,12.36931688,11.66190379,14.14213562,13.03840481
17.69180601,10.44030651,18.43908891,9.486832981,19.20937271,8.94427191,18.86796226,9.486832981,20,10,19.41648784,8.94427191,19.72308292,7.211102551,18.60107524,6.403124237,19.23538406,6.708203932,17,7.810249676,17.49285568,7.071067812,17,7.211102551,17.49285568,7.810249676,18.02775638,7.810249676,18.35755975,7.071067812,16.64331698,7.211102551,16.55294536,6.708203932,17,5.385164807,18.38477631,8.062257748,15.65247584,8.062257748,16.15549442,6.708203932,15.23154621,6.708203932,13.60147051,7.615773106,14.56021978,8.062257748,12.16552506,8.062257748,12.16552506,9.433981132
8.544003745,21.40093456,7.615773106,22.02271555,7.280109889,22.20360331,5.830951895,20.80865205,5.830951895,20.80865205,6.403124237,23.02172887,5.830951895,21.63330765,6.403124237,20.80865205,7.615773106,21.09502311,6.708203932,20,5.385164807,21.09502311,5.830951895,20.59126028,6.32455532,18.35755975,5,19.72308292,6.08276253,18.35755975,7.071067812,19.72308292,5.385164807,18.35755975,6.08276253,17.49285568,7.071067812,17.88854382,7.071067812,16.55294536,7.280109889,16.55294536,8,16.15549442,8.062257748,15.23154621,9.055385138,15.65247584,9.219544457,14.31782106,10.19803903,15.23154621
8.062257748,17.20465053,6,16.40121947,6.32455532,18.02775638,6.32455532,18.02775638,5.830951895,17.20465053,5.830951895,18.02775638,5.830951895,17.20465053,5,17,5,17.49285568,4.472135955,16.64331698,5,16.55294536,4.123105626,16.64331698,3,16.1245155,4,16.1245155,5,15.26433752,4.123105626,16.64331698,4.123105626,14.4222051,4,13.60147051,5,15.26433752,6.08276253,13.89244399,6,14.4222051,6,13.60147051,5.099019514,11.66190379,6,13.03840481,7.071067812,13.41640786,8.246211251,12.52996409
18.43908891,10.19803903,18.02775638,8.544003745,19.20937271,8.94427191,17.49285568,9.486832981,18.86796226,7.615773106,19.41648784,7.615773106,18.35755975,7.211102551,17,7.810249676,18.35755975,5.656854249,19.41648784,5,18.35755975,6.403124237,17.88854382,7.211102551,17.4642492,7.211102551,16.55294536,8.062257748,18.38477631,6.32455532,16.1245155,6.32455532,16.55294536,6.32455532,16.15549442,6.08276253,15.65247584,8.062257748,14.31782106,7.280109889,14.31782106,7.280109889,13.92838828,8.544003745,12.64911064,8.544003745,13.92838828,9.486832981,12.64911064,7.615773106,12.64911064,9.486832981
2.828427125,24.20743687,2.828427125,24.8394847,2,23.85372088,2,25.23885893,2.236067977,23.60084744,1.414213562,26.62705391,2.236067977,24.69817807,1.414213562,21.63330765,2.236067977,23.85372088,2.828427125,23.02172887,3.16227766,23.02172887,5.656854249,23.02172887,5,22.20360331,4.242640687,20.80865205,5.830951895,21.09502311,4,21.09502311,4.472135955,20.24845673,5.830951895,20,5.099019514,18.02775638,6.708203932,18.86796226,7.280109889,17.49285568,7.280109889,17.49285568,6.32455532,19.23538406,8,17.4642492,8,16.15549442,8,16.64331698
7.615773106,20.24845673,5.385164807,20.80865205,5.385164807,20.80865205,6.708203932,23.02172887,6.32455532,19.41648784,5.385164807,22.47220505,5,20.24845673,5,20.59126028,5,22.20360331,6.32455532,21.40093456,7.280109889,20.24845673,6.403124237,20.59126028,6.08276253,19.72308292,5,17.88854382,5.385164807,19.23538406,5,19.6977156,5.099019514,17.88854382,6.32455532,16.55294536,6.08276253,16.55294536,6.08276253,17.08800749,7,15.23154621,7.071067812,14.86606875,6.08276253,12.64911064,7,15.5241747,9.219544457,14.31782106,9.055385138,13.60147051
4.123105626,23.85372088,4.123105626,24.41311123,2.236067977,24.69817807,1,23.85372088,2.236067977,24.69817807,1.414213562,24.41311123,1,22.47220505,1,23.85372088,2.236067977,22.47220505,4.242640687,23.02172887,3.605551275,21.9544984,5,20.24845673,3.605551275,21.9544984,4.242640687,21.09502311,5,20.59126028,5,19.41648784,6.708203932,20.24845673,4.472135955,18.86796226,6.708203932,17.88854382,6.32455532,18.35755975,6.708203932,17,7.280109889,18.35755975,7.071067812,15.65247584,9.219544457,17,9.219544457,15.65247584,9.219544457,16.55294536
19.84943324,8.062257748,20.61552813,8.94427191,20.80865205,8.062257748,20.24845673,5.385164807,21.63330765,5.385164807,20.80865205,5.830951895,22.47220505,5,19.41648784,3.605551275,20.80865205,5,20,4.242640687,20.24845673,4.472135955,19.23538406,4.472135955,19.23538406,5,18.02775638,3.605551275,18.02775638,5.385164807,20.1246118,6,17.88854382,6,16.1245155,5.385164807,17.88854382,5.385164807,15.65247584,6.08276253,16.55294536,5.099019514,15.23154621,7.071067812,14.56021978,6.32455532,12.64911064,8.246211251,14.56021978,8.062257748,14.56021978,8.062257748
12.80624847,15.23154621,13.45362405,16.55294536,14.2126704,15.65247584,14.2126704,13.89244399,15,13.89244399,15.8113883,15.62049935,15,13.60147051,14.76482306,12.80624847,14.76482306,13.45362405,15.26433752,14.86606875,15.23154621,13.45362405,13.41640786,12.04159458,13.92838828,12.04159458,14.56021978,12.04159458,13.41640786,11.40175425,12.64911064,12.04159458,13.92838828,11.40175425,11.70469991,12.04159458,10.77032961,11.3137085,13.60147051,12.72792206,12.16552506,11.40175425,10.19803903,11.40175425,8.062257748,11.66190379,9.055385138,11.40175425,12,12.80624847,11,12.80624847
17.88854382,13.45362405,17.4642492,13.41640786,16.1245155,14.4222051,17.49285568,13.03840481,17.49285568,15.8113883,16.1245155,13.89244399,13.89244399,15.26433752,15.62049935,13.41640786,15.62049935,13.92838828,15.55634919,13.92838828,16.40121947,14.31782106,13.60147051,14.86606875,15,11.70469991,12.72792206,12.64911064,13.45362405,10.77032961,14.14213562,14.56021978,14.2126704,12.36931688,12.80624847,11.40175425,12.04159458,11.40175425,14.2126704,10.44030651,11.40175425,12.16552506,12.20655562,11.04536102,12.72792206,10.04987562,12.20655562,9.055385138,12.80624847,10,13.60147051,10.04987562
12.08304597,18.38477631,10.77032961,17.80449381,11.18033989,17.02938637,11.18033989,17.20465053,10.29563014,16.40121947,11.18033989,18.60107524,7.810249676,17.20465053,6.403124237,17.49285568,8.485281374,17.88854382,8.602325267,16.1245155,8.602325267,17.49285568,10,15.65247584,9.219544457,16.55294536,9.219544457,16.64331698,7.211102551,16.15549442,9.433981132,17,8.062257748,15.65247584,8.062257748,14.76482306,7.615773106,15.65247584,8.544003745,14.31782106,6.708203932,13,7.615773106,13.41640786,7.280109889,12.64911064,10.29563014,11.40175425,8.94427191,11.70469991,9.848857802,11.70469991
23.02172887,4.242640687,23.60084744,2,24.41311123,2,23.85372088,3,24.20743687,1,23.32380758,3.16227766,23.60084744,4.123105626,21.40093456,3.605551275,22.20360331,1.414213562,23.60084744,4.242640687,22.20360331,4.123105626,22.82542442,5.385164807,22.47220505,2.828427125,19.72308292,4.242640687,22.47220505,4.242640687,21.9544984,4.472135955,18.86796226,6.403124237,21.09502311,4.472135955,18.35755975,3.16227766,18.02775638,5.099019514,19.23538406,5.385164807,18.35755975,7.810249676,17,7.810249676,17.08800749,7.615773106,16.1245155,6.08276253,15.65247584,9.848857802
17,15.62049935,16.55294536,16.2788206,15.23154621,17.69180601,14.76482306,15.62049935,14.76482306,15.62049935,15,16.40121947,14.76482306,16.40121947,13.89244399,16.1245155,14.2126704,17.20465053,14.14213562,15.8113883,13.60147051,14.76482306,13.60147051,14.31782106,13.60147051,14.76482306,12.80624847,15.65247584,13.45362405,15.23154621,11.40175425,14.86606875,11.3137085,16.15549442,11.40175425,13,11.3137085,15.8113883,13.45362405,13.60147051,12.80624847,13.34166406,11.3137085,14.31782106,12.04159458,13.15294644,12.20655562,12,12.20655562,14,12.80624847,12.04159458
5.099019514,23.85372088,6.708203932,24.69817807,6.403124237,23.32380758,5,23.85372088,8.485281374,21.09502311,5.656854249,23.02172887,6.403124237,22.47220505,5.830951895,20.80865205,8.94427191,19.41648784,8.544003745,20.80865205,8.246211251,20,8.062257748,21.63330765,8.246211251,19.41648784,9.219544457,19.41648784,7.071067812,19.41648784,8.544003745,18.60107524,6,18.02775638,7.071067812,19.41648784,6.08276253,17.20465053,9.055385138,16.40121947,6.32455532,16.64331698,10.77032961,16.64331698,8.602325267,16.2788206,9.433981132,17.49285568,7.071067812,15.62049935,8.602325267,17.20465053
16.2788206,12.52996409,17.69180601,11.66190379,16.97056275,11.18033989,16.40121947,10.81665383,16.40121947,10.81665383,17.20465053,10.81665383,17.20465053,9.433981132,18.86796226,9.219544457,16.64331698,8.062257748,15.26433752,10,14.76482306,10,15.26433752,10.63014581,15.65247584,9.219544457,14.76482306,9.219544457,14.31782106,9.219544457,13.89244399,8.485281374,13.92838828,8.485281374,13.60147051,9.219544457,13.60147051,8.485281374,14.56021978,7.810249676,13.34166406,8.602325267,12.64911064,8.602325267,10.44030651,8.602325267,12.04159458,10.63014581,12,10,12,9.219544457
7.280109889,19.72308292,6.403124237,20.80865205,7.615773106,21.09502311,8.602325267,20.59126028,7.810249676,21.9544984,7.810249676,21.09502311,7.810249676,20.80865205,8.062257748,18.86796226,6.708203932,18.60107524,7.071067812,19.41648784,7.615773106,19.41648784,8.544003745,18.60107524,8.246211251,15.8113883,8.246211251,17.02938637,9.055385138,16.64331698,7.071067812,15,9.055385138,15,8,15.62049935,8.062257748,17.20465053,9.219544457,15.26433752,7,15.8113883,7.071067812,13.60147051,5.830951895,13.45362405,6.708203932,14.2126704,7.615773106,14.4222051,7.810249676,14.4222051
22.20360331,8.602325267,21.63330765,11.40175425,22.36067977,13.03840481,22.36067977,13.45362405,22.02271555,10.63014581,21.09502311,15.55634919,21.63330765,10.44030651,21.40093456,12.64911064,15.23154621,12.04159458,16.4924225,13.03840481,18.86796226,13.92838828,19.10497317,13.60147051,17.20465053,11.18033989,17.20465053,11.70469991,17.80449381,12.64911064,18.35755975,10.44030651,15.62049935,11.40175425,16.2788206,12.64911064,15.62049935,11.40175425,16.40121947,7.280109889,15.55634919,12.04159458,16.2788206,8.246211251,14.86606875,10,16.2788206,9.055385138,12.80624847,9,15,8.246211251
4.472135955,19.41648784,3.16227766,19.41648784,2.828427125,20,2,19.41648784,2,19.72308292,2,20.24845673,1.414213562,18.86796226,1,18.02775638,1,18.35755975,2.236067977,17.49285568,1,18.35755975,2,16.64331698,4.472135955,18.35755975,3.605551275,19.41648784,3.605551275,16.1245155,5,16.64331698,3.605551275,18.02775638,5.099019514,16.64331698,5,16.1245155,5,15.65247584,4.472135955,13.60147051,5.099019514,15.26433752,4.472135955,14.76482306,7.615773106,13.89244399,6.32455532,14.4222051,7.071067812,13.89244399
21.63330765,6.32455532,21.09502311,5.385164807,21.09502311,5.385164807,21.63330765,5,21.09502311,5,20.80865205,7.071067812,19.41648784,6.32455532,19.41648784,5.830951895,19.41648784,7.211102551,21.26029163,7.211102551,19.84943324,5.830951895,18.60107524,7.071067812,18.60107524,8.246211251,18.60107524,7,16.40121947,6.08276253,16.40121947,7.280109889,16.64331698,7,15.62049935,7.071067812,15.62049935,6,14.4222051,6,16.40121947,6.08276253,16.1245155,6.08276253,17.20465053,6.708203932,15,6.403124237,15.62049935,6.708203932,15.26433752,8.062257748
12.80624847,21.09502311,10.63014581,19.23538406,13.45362405,18.60107524,13.45362405,19.6977156,14.2126704,19.41648784,13.45362405,19.41648784,13.60147051,18.86796226,13.45362405,16.40121947,13.60147051,16.64331698,13.60147051,16.1245155,13,17.02938637,13.41640786,16.40121947,14.31782106,18.60107524,13,16.2788206,12.64911064,15,13.92838828,15.55634919,12.64911064,14.86606875,11.18033989,16.2788206,10.44030651,17.02938637,10.44030651,14.14213562,11.40175425,14.86606875,11.18033989,16.2788206,10.04987562,13.45362405,10.04987562,15.55634919,10,15.62049935,9.055385138,15.55634919
17.69180601,15.65247584,18.38477631,15.26433752,18.43908891,15.26433752,19.20937271,14.4222051,18.02775638,14.2126704,18.60107524,13.60147051,19.41648784,13.03840481,18.86796226,14.2126704,18.35755975,10.81665383,17.49285568,11.40175425,17,13.60147051,17.88854382,12.80624847,17,12.04159458,15.65247584,12.72792206,16.15549442,12.04159458,15.23154621,12.04159458,14.31782106,12.20655562,15.23154621,11.40175425,14.56021978,10.81665383,15.5241747,11.40175425,14.56021978,11.40175425,13.34166406,11.3137085,12.16552506,12.20655562,13.03840481,12.72792206,15,12.80624847,12,13.41640786
18.60107524,3.605551275,20,4.123105626,19.41648784,3,19.41648784,2.236067977,19.41648784,3.16227766,20.24845673,1.414213562,20,1.414213562,19.20937271,2.828427125,18.35755975,2.236067977,16.1245155,2,18.86796226,4.123105626,18.02775638,4.123105626,18.02775638,4,17.20465053,4.123105626,17.80449381,5,17.20465053,4.123105626,16.40121947,5.385164807,17.02938637,3.16227766,15.62049935,5.385164807,15,5,15,5,13.60147051,4.242640687,14.4222051,5,13.60147051,5,15.8113883,5,15.8113883,5.830951895
20,5,20.24845673,2.236067977,19.41648784,2.828427125,19.72308292,5.385164807,19.41648784,5,20.24845673,4.472135955,19.23538406,5,19.41648784,5.385164807,18.35755975,5.385164807,19.41648784,6.708203932,19.41648784,7.280109889,18.02775638,7,18.60107524,5,17.80449381,5,16.40121947,6.08276253,15.8113883,8,18.02775638,8,14.2126704,7.071067812,15,5.385164807,14.4222051,7.280109889,14.2126704,5.385164807,12.20655562,5.385164807,13.60147051,5.656854249,14.4222051,5.656854249,13.03840481,7.071067812,14.4222051,7.211102551
20,8.544003745,20,6.708203932,21.40093456,5.830951895,20.24845673,7.211102551,20.24845673,5.830951895,20.24845673,5.656854249,20,3.605551275,20.24845673,4.242640687,19.41648784,3.16227766,18.60107524,5.385164807,19.72308292,4.123105626,17.49285568,6.708203932,17.49285568,4.123105626,17.20465053,6.32455532,17.49285568,4.472135955,18.86796226,6.08276253,18.02775638,4.472135955,15.8113883,6.08276253,16.64331698,6.08276253,15.65247584,5.099019514,15.23154621,6.32455532,15.23154621,7.071067812,13.41640786,8.062257748,14.86606875,9.219544457,13.92838828,8.544003745,13.92838828,8.062257748
10,18.35755975,11.40175425,18.35755975,12.04159458,18.86796226,12.04159458,18.02775638,12.80624847,18.02775638,11.40175425,18.02775638,13.03840481,17.20465053,12.52996409,17.20465053,13.03840481,15.8113883,13.03840481,15.62049935,12.08304597,16.40121947,11.70469991,16.40121947,12.64911064,15.8113883,12.08304597,15,12.64911064,15,11.70469991,14.2126704,11.40175425,14.2126704,9.219544457,13.45362405,11.18033989,12.04159458,11,12.80624847,12,12.80624847,10.04987562,14.2126704,9.219544457,12.04159458,11.18033989,13.45362405,10.44030651,14.2126704,10.44030651,13.45362405
9.433981132,20.24845673,9.219544457,21.9544984,9.219544457,21.09502311,10.81665383,20.24845673,10.63014581,20.24845673,10.81665383,20.24845673,9.433981132,20.24845673,11.66190379,18.02775638,10.44030651,20,11.40175425,18.60107524,10.44030651,18.02775638,11.18033989,18.60107524,11.40175425,18.02775638,13.34166406,17.80449381,11.18033989,17.20465053,11.04536102,15.8113883,10.04987562,16.64331698,9,15.62049935,10,15.8113883,10,15,10.04987562,14.2126704,9.055385138,14.86606875,9.486832981,15.62049935,10.44030651,15.62049935,9.486832981,13.60147051,8.94427191,15
14.14213562,19.23538406,13.60147051,19.72308292,14.2126704,20.59126028,13.89244399,19.41648784,15.26433752,19.41648784,15.26433752,18.02775638,15.26433752,16.40121947,15.23154621,15.8113883,17.08800749,16.40121947,13.60147051,16.2788206,16.15549442,17.02938637,15.23154621,16.2788206,14.86606875,15.62049935,14.56021978,15.62049935,12.64911064,14.2126704,15.29705854,14.86606875,13.34166406,14.14213562,11.18033989,14.86606875,13.34166406,14.14213562,13.15294644,14.2126704,13.03840481,14.14213562,13.03840481,13.45362405,11.04536102,15,11.40175425,14.86606875,10.44030651,12.72792206,9.219544457,14.86606875
21.9544984,12.80624847,21.9544984,14.2126704,21.9544984,14.86606875,19.72308292,15.8113883,20,15,19.72308292,16.1245155,18.86796226,16.15549442,20.24845673,15.23154621,18.35755975,16.55294536,18.02775638,15.65247584,18.43908891,18.02775638,15.8113883,16.4924225,18.02775638,16.4924225,15.62049935,15.8113883,17.69180601,14.86606875,16.97056275,14.14213562,13.60147051,16,15.55634919,14.14213562,16.2788206,14,15.55634919,13,13.45362405,13.15294644,14.2126704,10.77032961,13.45362405,11.40175425,15.62049935,12.64911064,14.86606875,11.18033989,15.62049935,13.41640786
19.41648784,8.246211251,19.72308292,7.071067812,19.72308292,7.211102551,20.1246118,7.615773106,19.41648784,7.211102551,19.72308292,6.403124237,20.1246118,5.656854249,19.23538406,5,20.24845673,4.472135955,18.35755975,6.708203932,18.78829423,5.385164807,17.88854382,5.385164807,18.02775638,5.385164807,17.88854382,7.071067812,17.4642492,4.123105626,16.55294536,6.08276253,16.55294536,6,15.65247584,6.08276253,15.23154621,6.32455532,15.65247584,6,13.92838828,7.071067812,13.92838828,8.246211251,12.36931688,8,12.64911064,9.486832981,11.70469991,9,12.36931688,10.44030651
20.80865205,3.605551275,22.20360331,4.242640687,22.8035085,2.236067977,20.24845673,3.605551275,22.20360331,2,20.80865205,1,22.20360331,3.16227766,21.09502311,4.242640687,21.63330765,3.605551275,20.61552813,4.123105626,20.24845673,2.236067977,19.41648784,3,19.41648784,3,18.02775638,3,18.02775638,4.123105626,18.60107524,5,19.41648784,3,18.86796226,4.123105626,16.64331698,3.16227766,18.02775638,3.605551275,15.8113883,4.472135955,16.64331698,4.472135955,15.65247584,5,13.89244399,4.472135955,15.26433752,7.071067812,13.60147051,6.32455532
18.02775638,9.219544457,18.35755975,10,18.02775638,8.485281374,17.88854382,8.602325267,16.64331698,10,17.49285568,9.433981132,15.8113883,8.602325267,15.8113883,8.062257748,17.20465053,10.29563014,16.2788206,9.219544457,15,11.66190379,14.2126704,9.486832981,13.60147051,9.848857802,14.4222051,8.544003745,15,8.544003745,14.86606875,8.246211251,13.60147051,9.219544457,12.72792206,8.062257748,14.2126704,5,13.45362405,8.246211251,12.04159458,7,12.80624847,8.062257748,12.04159458,6.08276253,13.60147051,7.071067812,13.45362405,7.280109889,12.04159458,7.280109889
12.20655562,19.79898987,10.81665383,18.60107524,9.848857802,20.24845673,14.14213562,19.10497317,8.94427191,15.65247584,11.40175425,19.20937271,8.94427191,18.86796226,10,17.08800749,8.062257748,19.79898987,5.099019514,21.21320344,7.810249676,18.38477631,8.062257748,19.10497317,11.18033989,17,7.615773106,16.64331698,9.433981132,16.1245155,8.94427191,15.26433752,10.81665383,15.23154621,8.602325267,15.26433752,10.29563014,14.31782106,8.544003745,14.31782106,9.219544457,14.56021978,9.433981132,13.41640786,10.81665383,11.70469991,11.18033989,14.31782106,12.20655562,13.34166406,11.66190379,14.31782106
6.08276253,20.61552813,5.099019514,19.84943324,4.123105626,20.61552813,4,20.80865205,4,20.80865205,3.16227766,22.8035085,3,20,2,20,2.236067977,19.41648784,1.414213562,19.41648784,1,20,1,20,1,18.86796226,1,18.86796226,3,17.49285568,3.16227766,18.02775638,2.236067977,18.02775638,2,16.64331698,4.472135955,16.64331698,5,17,4.123105626,17.49285568,5,16.1245155,5.099019514,16.64331698,5,16.1245155,7,17.49285568,6,15.65247584
11.66190379,16.55294536,12.80624847,16.64331698,12.72792206,16.64331698,12.20655562,16.64331698,12.20655562,15.26433752,13.45362405,15.8113883,12.80624847,13.03840481,13.03840481,15,13.03840481,13.03840481,12.80624847,13.89244399,13.60147051,14.2126704,13.03840481,15,12.52996409,14.4222051,11.66190379,12.72792206,12.08304597,12.80624847,13.41640786,12.04159458,11.18033989,14.2126704,11.18033989,12.72792206,12.08304597,12.80624847,11.40175425,12.80624847,11.40175425,11.3137085,11.18033989,13.45362405,10.44030651,11.3137085,10.04987562,12.04159458,10.04987562,12.04159458,9,12.04159458
17.80449381,10.29563014,18.38477631,9.433981132,20.61552813,9.848857802,18.86796226,9.433981132,19.84943324,8.94427191,18.60107524,8.602325267,18.86796226,7.810249676,18.86796226,6.403124237,18.35755975,7.810249676,19.41648784,7.810249676,19.23538406,7.211102551,19.23538406,7.071067812,17.49285568,7.810249676,17.88854382,6.708203932,16.1245155,5.830951895,16.1245155,7.211102551,16.55294536,6.708203932,16.1245155,6.32455532,15.23154621,8.062257748,13.41640786,7.280109889,15.23154621,6.708203932,13,8.544003745,13.34166406,8.246211251,12.36931688,9.848857802,12.64911064,7.280109889,14.31782106,9.219544457
16.2788206,10.19803903,17.02938637,9.486832981,17.80449381,9.848857802,16.2788206,8.544003745,17.02938637,9.486832981,16.40121947,8.544003745,16.64331698,7.615773106,17.49285568,7.810249676,17.49285568,6.708203932,15.26433752,7.615773106,15.8113883,6.708203932,17.88854382,8.485281374,16.1245155,7.071067812,16.64331698,7.071067812,16.1245155,6.403124237,17,5.656854249,16.1245155,5.830951895,15.65247584,7.810249676,15.65247584,7.810249676,14.31782106,7.615773106,14.76482306,6.708203932,14.31782106,7.211102551,13.41640786,7.280109889,13.92838828,8.94427191,15.8113883,8.94427191,13,8.94427191
20.61552813,9.486832981,20.80865205,9.219544457,21.40093456,8.062257748,22.47220505,8.602325267,21.63330765,7.211102551,21.40093456,9.219544457,22.82542442,5.656854249,21.09502311,8.062257748,21.9544984,6.403124237,23.32380758,6.403124237,22.36067977,6.708203932,21.47091055,7.280109889,20.1246118,7.280109889,20.1246118,7.615773106,20.1246118,7.280109889,21.47091055,6,18.78829423,8,17.49285568,8.062257748,19.6977156,8.062257748,15.65247584,8.062257748,17.08800749,7,16.15549442,7.280109889,13.92838828,10.04987562,14.56021978,9.219544457,14.31782106,9.486832981,13.60147051,10.77032961
5.099019514,20,4.472135955,22.02271555,5.656854249,21.63330765,7.810249676,20,6.403124237,19.20937271,6.403124237,20.61552813,7.280109889,20,7.615773106,18.60107524,5.830951895,19.20937271,7.071067812,18.60107524,5.830951895,18.60107524,7.615773106,17.02938637,7.071067812,18.86796226,7.280109889,15.62049935,6.08276253,16.2788206,5,16.40121947,6.08276253,16.2788206,7,15.55634919,7.071067812,14.86606875,6,16.40121947,6.08276253,15,5.099019514,14.86606875,4.472135955,15,4.472135955,15,6.403124237,15,4.242640687,15
5.830951895,20.80865205,7.071067812,18.86796226,8.485281374,18.86796226,8.602325267,18.86796226,8.602325267,18.60107524,9.219544457,18.86796226,8.602325267,18.60107524,8.062257748,18.60107524,9.486832981,17.02938637,8.062257748,17.02938637,9.486832981,17.20465053,9.486832981,16.40121947,9.486832981,16.40121947,9.219544457,16.2788206,9.219544457,14.86606875,9.055385138,15,8.062257748,14.86606875,8,13.45362405,6.08276253,14.4222051,8.062257748,14.4222051,8,13.60147051,7.071067812,15,7.280109889,13.89244399,6.32455532,14.2126704,7.615773106,13.60147051,6.403124237,13.03840481
18.35755975,11.40175425,17.49285568,12.20655562,18.02775638,11.40175425,17,12.20655562,15.8113883,11.66190379,15.8113883,13.03840481,15.8113883,12.08304597,14.4222051,12.08304597,15,11.70469991,13.45362405,10.44030651,14.2126704,12.52996409,14.2126704,13,12.20655562,11.18033989,12.80624847,11.70469991,12.04159458,10.44030651,13.45362405,10.44030651,12.04159458,11.18033989,12.04159458,10.19803903,12.04159458,9.486832981,12.04159458,10.19803903,11.3137085,9.219544457,12.04159458,8,11.40175425,8.246211251,12.04159458,8.246211251,12.72792206,8.246211251,12.04159458,8.246211251
19.72308292,14.86606875,20.59126028,15.8113883,19.23538406,16.64331698,18.86796226,16.1245155,19.72308292,15.65247584,18.43908891,16.55294536,16.40121947,18.38477631,17.02938637,17.4642492,16.97056275,19.31320792,17.69180601,17.08800749,16.2788206,18.68154169,14.2126704,17.72004515,15.62049935,17.08800749,14.86606875,16.4924225,14.86606875,15.8113883,15,14.56021978,14.2126704,15.5241747,15,13.34166406,14.2126704,14.31782106,15,11.04536102,14.2126704,11.18033989,12.72792206,11.04536102,12.04159458,11,14.14213562,9.055385138,14.2126704,12,13.45362405,10.44030651
16.1245155,12.80624847,17.88854382,15,17.49285568,15.8113883,17,14.4222051,15.65247584,15.26433752,17.20465053,13.89244399,15.8113883,15.8113883,15.8113883,15.8113883,16.97056275,15.8113883,16.97056275,15.8113883,15,17.08800749,12.72792206,15.8113883,13.45362405,16.15549442,13.45362405,15.5241747,14.2126704,15.5241747,14.86606875,15.29705854,12.80624847,16.2788206,14.2126704,12.36931688,14.2126704,13.03840481,12.04159458,12,12.20655562,12.04159458,12.72792206,11,12.72792206,9.055385138,13.45362405,11.18033989,12.20655562,10.44030651,13.45362405,10.19803903
22.47220505,2.236067977,21.9544984,2.828427125,21.63330765,1,26.07680962,1,24.41311123,4.472135955,19.72308292,1,23.60084744,5.099019514,23.43074903,3.605551275,18.11077028,3.605551275,19.10497317,4.242640687,17.72004515,3.16227766,18.38477631,3.16227766,18.78829423,4.472135955,19.23538406,5.830951895,17.20465053,5,18.97366596,5.830951895,17,8.062257748,13.89244399,4.123105626,17.4642492,8.485281374,15.23154621,6,14.31782106,6.32455532,12.08304597,8.062257748,16.76305461,6.08276253,13,7.615773106,12.36931688,10.19803903,13.60147051,8.246211251
17.80449381,9.219544457,18.60107524,9.433981132,18.35755975,9.433981132,20.59126028,9.433981132,19.23538406,7.211102551,18.35755975,9.219544457,19.72308292,6.403124237,19.23538406,7.071067812,19.72308292,8.062257748,19.72308292,8.062257748,18.35755975,6.708203932,19.6977156,6.08276253,18.38477631,8.246211251,17.4642492,7.615773106,17,6.708203932,17.4642492,8.246211251,15.23154621,6.08276253,14.31782106,8.246211251,15.23154621,7.280109889,13.92838828,7.280109889,16.76305461,8,13.60147051,10.04987562,12.36931688,7.615773106,10.77032961,10.77032961,12.36931688,9.055385138,12.36931688,9.219544457
5,20.24845673,6.403124237,20.1246118,5.830951895,21.09502311,6.32455532,21.09502311,6.403124237,21.09502311,7.280109889,21.47091055,8.246211251,18.86796226,8.062257748,19.72308292,8.062257748,19.41648784,8.246211251,18.86796226,9.055385138,19.41648784,9,18.86796226,10.04987562,16.64331698,9.219544457,18.60107524,9.219544457,15.8113883,10.77032961,15.8113883,9.486832981,14.4222051,8.062257748,15,9.848857802,15.26433752,9.219544457,14.4222051,8.602325267,14.4222051,10,14.4222051,9.219544457,13.89244399,8.602325267,13.03840481,10,12.52996409,8.062257748,12.20655562
23.32380758,2.828427125,23.32380758,1,24.41311123,1,22.8035085,2.236067977,22.82542442,2.236067977,21.63330765,4.123105626,21.63330765,4,23.02172887,4.472135955,23.02172887,4,22.20360331,4,20.80865205,5.099019514,20,6.708203932,19.72308292,5.099019514,19.20937271,5.385164807,18.02775638,5,18.43908891,5.385164807,17.20465053,5,17.80449381,7.615773106,17.02938637,5.656854249,15.8113883,6.708203932,16.1245155,5.385164807,15.23154621,7.615773106,16.64331698,8.062257748,13.89244399,8.544003745,14.4222051,7.615773106,15.26433752,8.544003745
24.20743687,4.123105626,24.41311123,3.605551275,24.41311123,3,23.32380758,1,23.60084744,1.414213562,24.69817807,0,25.23885893,1.414213562,23.85372088,3.16227766,23.32380758,4.472135955,23.32380758,4.472135955,23.32380758,4.472135955,21.09502311,5,21.09502311,5.385164807,21.9544984,5,21.09502311,4.242640687,19.72308292,5.656854249,19.72308292,6.403124237,17,5.830951895,19.23538406,5.830951895,18.35755975,6.708203932,17,6.32455532,17,6.32455532,15.65247584,8.544003745,15.65247584,8.246211251,15.23154621,8.062257748,15.65247584,8.062257748
17.49285568,9.219544457,18.86796226,9.899494937,18.35755975,10.81665383,17.49285568,10.81665383,16.1245155,10.29563014,16.64331698,11.18033989,15.8113883,12.08304597,16.64331698,11.18033989,16.40121947,12.52996409,16.2788206,10.77032961,15,12.64911064,12.80624847,12.64911064,12.80624847,12.36931688,14.2126704,10.44030651,13.45362405,10.77032961,12.04159458,11.40175425,12.72792206,10.19803903,13.45362405,9.055385138,12.72792206,8,12.04159458,8.062257748,11.3137085,9.055385138,10.63014581,8.062257748,11.3137085,8.062257748,12.72792206,8.246211251,12.04159458,9.219544457,12.04159458,7.615773106
13.03840481,15.62049935,11.18033989,16.40121947,12.08304597,17.02938637,10.81665383,17,11.40175425,16.1245155,11.40175425,18.02775638,10,17.49285568,11.3137085,16.1245155,9.433981132,17.49285568,8.485281374,15.26433752,9.219544457,17,7.810249676,15.65247584,9.219544457,15.65247584,7.810249676,15.65247584,8.062257748,14.86606875,7.810249676,13.41640786,9.433981132,13.41640786,10.29563014,12.64911064,8.602325267,12.64911064,10.29563014,13.15294644,8.602325267,12.08304597,9.219544457,13.15294644,9.433981132,10.04987562,9.433981132,10.04987562,9.433981132,12,10,12.04159458
4.123105626,21.40093456,4,20.61552813,2.236067977,20.61552813,1.414213562,20,1,21.40093456,3.16227766,20.80865205,1,20.24845673,1.414213562,19.41648784,1,19.41648784,1,18.60107524,2,20,2.236067977,19.41648784,2.236067977,19.41648784,2.236067977,18.86796226,2.236067977,18.02775638,3,17.49285568,3.16227766,17.49285568,3.16227766,18.02775638,4.472135955,17.49285568,5.385164807,18.86796226,5.099019514,17,5.099019514,15.26433752,5.385164807,15.65247584,6,15.65247584,6.08276253,14.76482306,7.071067812,15.26433752
20.61552813,4.123105626,18.60107524,5,19.41648784,3.605551275,18.35755975,4,16.55294536,3,17.49285568,2.236067977,19.41648784,1.414213562,19.41648784,1.414213562,19.72308292,1,17,1,19.41648784,1,19.41648784,3.16227766,18.02775638,4,17.49285568,3.605551275,18.35755975,2.236067977,18.02775638,3.16227766,17.88854382,5,16.40121947,5,17.88854382,5,15.65247584,4.472135955,15.26433752,4.472135955,13.89244399,5.099019514,13.89244399,5.385164807,13.89244399,7.280109889,14.76482306,6.708203932,13.41640786,6.08276253
18.60107524,8.062257748,18.86796226,6.708203932,18.02775638,6.32455532,18.02775638,7.071067812,18.86796226,4.472135955,17.88854382,7.071067812,18.35755975,6.403124237,17.49285568,8.062257748,17.49285568,7.615773106,17.20465053,10,17.80449381,8.94427191,18.60107524,9.848857802,16.40121947,9.219544457,15.8113883,8.544003745,15.8113883,8.544003745,17.02938637,9.219544457,15.8113883,9.055385138,13.45362405,8.246211251,13.60147051,8.062257748,12.80624847,9.055385138,15,8,14.2126704,7.280109889,15,7.280109889,12.20655562,6.08276253,12.80624847,6.32455532,12.04159458,6.708203932
17.02938637,12.08304597,17.02938637,11.66190379,18.43908891,10.29563014,18.43908891,12.52996409,17.80449381,10.81665383,18.02775638,10.77032961,18.02775638,12.20655562,17.80449381,10.63014581,17.20465053,10.63014581,17.88854382,10,18.35755975,11.3137085,17.88854382,9.219544457,15.65247584,10.63014581,17.08800749,8.485281374,17,8.485281374,15.65247584,8.602325267,16.15549442,9.219544457,15.23154621,9.433981132,16.55294536,10,16.15549442,8.94427191,15.8113883,9.219544457,13.60147051,8.94427191,12.36931688,10,13.60147051,9.433981132,12.36931688,8.94427191,13.15294644,9.433981132
18.60107524,8.94427191,20,9.433981132,20,8.602325267,19.23538406,7.810249676,19.41648784,8.062257748,20.24845673,7.211102551,19.72308292,5.830951895,19.23538406,7.211102551,19.72308292,6.708203932,18.60107524,7.211102551,19.23538406,6.32455532,19.72308292,7.615773106,18.78829423,8.544003745,18.78829423,7.071067812,18.78829423,7.280109889,17.49285568,7.071067812,17,8,14.76482306,9,16.1245155,8.246211251,14.76482306,8,13.89244399,9.055385138,13.41640786,8.246211251,11.70469991,9.219544457,13.92838828,9.219544457,13.60147051,9.848857802,11.40175425,10.19803903
20.80865205,2.236067977,18.86796226,2.236067977,21.40093456,1,19.41648784,1,19.23538406,0,20.80865205,1.414213562,20.24845673,2.236067977,18.02775638,2,18.86796226,3,18.02775638,3.16227766,17.20465053,3,18.02775638,4.472135955,17.49285568,4.123105626,16.40121947,5.385164807,17.80449381,4,17.20465053,6.32455532,17.20465053,5.099019514,16.40121947,5.385164807,15,5.385164807,14.2126704,3.605551275,15,7.071067812,14.2126704,3.605551275,14.2126704,5,14.76482306,5.830951895,13.89244399,5.099019514,13.41640786,6.708203932
15,16.97056275,15.65247584,17.02938637,16.1245155,16.2788206,16.1245155,17.02938637,13.60147051,16.40121947,15,17.02938637,12.04159458,18.02775638,13.03840481,17.49285568,12.04159458,17.49285568,11.40175425,16.1245155,14.14213562,18.35755975,11.3137085,17.49285568,12.72792206,17.49285568,11.3137085,17.49285568,12.72792206,16.64331698,12.04159458,16.64331698,12.04159458,14.76482306,10.81665383,14.76482306,12.20655562,14.31782106,10.81665383,14.31782106,11.40175425,13.92838828,10.81665383,12.64911064,10.81665383,13,11.40175425,12.64911064,11.66190379,12.36931688,12.80624847,13.15294644
9.848857802,12.72792206,10.77032961,13.45362405,8.94427191,13.45362405,8.94427191,14.4222051,8.062257748,14.14213562,8.602325267,14.4222051,8.062257748,14.4222051,6.708203932,13.60147051,7.211102551,13.60147051,7.071067812,13.41640786,6.403124237,13.89244399,6.403124237,14.76482306,6.403124237,13.89244399,6.403124237,13.60147051,6.403124237,12.08304597,5.830951895,12.52996409,5.656854249,13.41640786,7.211102551,11.18033989,4.472135955,11.18033989,5.830951895,11.40175425,6.708203932,11.70469991,5,9.848857802,7.211102551,9.848857802,7.615773106,10.44030651,8.062257748,10.19803903,7.211102551,9.055385138
9.848857802,17.20465053,8.062257748,18.86796226,8.062257748,18.02775638,9.219544457,18.02775638,9.219544457,17.49285568,9.219544457,17.49285568,8.602325267,17.80449381,9.219544457,16.64331698,8.485281374,17.80449381,10,17,10.29563014,16.64331698,10.29563014,15.26433752,8.602325267,16.64331698,10.29563014,14.4222051,9.848857802,15,9.848857802,14.4222051,8.94427191,13.89244399,9.486832981,12.80624847,8.246211251,15,7.615773106,13.03840481,8.246211251,13.60147051,8.246211251,14.2126704,8,12.72792206,8,13.60147051,8.062257748,13.03840481,8,13.45362405
24.20743687,5.099019514,24.41311123,4.242640687,23.02172887,4.472135955,24.41311123,3.605551275,23.43074903,4.472135955,22.47220505,5.385164807,22.20360331,6.32455532,21.63330765,7.280109889,20.80865205,6.08276253,22.47220505,5,21.63330765,7.071067812,21.63330765,6.08276253,20.80865205,8.062257748,21.09502311,7,20,5,20.80865205,8.062257748,18.02775638,7.071067812,20,7.280109889,17.80449381,7.280109889,17.80449381,6.32455532,17.20465053,7.615773106,17.80449381,5.830951895,16.40121947,6.403124237,17.20465053,6.403124237,17.20465053,7.071067812,18.02775638,6.403124237
8.94427191,18.43908891,8.544003745,19.20937271,6.708203932,20.61552813,9.219544457,20.80865205,7.211102551,20.80865205,8.602325267,20,6.403124237,20.80865205,5.656854249,20.80865205,5.656854249,18.86796226,5.656854249,17.88854382,7.211102551,18.86796226,7.211102551,18.35755975,7.211102551,18.35755975,6.403124237,16.64331698,6.708203932,18.35755975,6.708203932,17.49285568,5.385164807,17.88854382,8.062257748,17.49285568,7.615773106,16.1245155,8.246211251,16.1245155,8.544003745,15.65247584,8.062257748,15.65247584,8.544003745,13.89244399,9.848857802,13.92838828,9.055385138,13.92838828,9.486832981,13.92838828
5.099019514,25,4.123105626,25.61249695,4,24.41311123,3.605551275,24.41311123,5,25,4.242640687,24.41311123,4.242640687,25.23885893,3.16227766,25.8069758,6.32455532,23.85372088,5.830951895,23.43074903,6.32455532,23.85372088,6.08276253,25.8069758,7.071067812,24.41311123,6.32455532,22.8035085,8.246211251,22.8035085,6.32455532,21.63330765,7.280109889,21.40093456,6.32455532,21.40093456,8.246211251,21.40093456,7.280109889,20.61552813,6.708203932,20.24845673,8.602325267,20.24845673,7.071067812,20,8.602325267,18.02775638,7.810249676,18.86796226,8.485281374,18.02775638
13.03840481,14.76482306,14.4222051,14.76482306,12.80624847,16.55294536,14.2126704,15.65247584,13.60147051,15.65247584,16.2788206,15.23154621,15,12.08304597,13.60147051,15.55634919,20,12.52996409,27.29468813,17.69180601,14.76482306,13.45362405,15.23154621,14.14213562,17.4642492,11.40175425,13.92838828,11.3137085,15.26433752,10.63014581,13.89244399,10.63014581,13.92838828,9.219544457,14.76482306,9.219544457,13.92838828,10,12.64911064,12.04159458,11.70469991,10.63014581,11.40175425,10.63014581,10.77032961,10,13.34166406,10.81665383,13.34166406,11.3137085,13.15294644,10.63014581
2.828427125,25.61249695,4.472135955,25.8069758,5.830951895,25.8069758,2.236067977,26.92582404,1.414213562,25,1,25.8069758,2.236067977,25.23885893,0,25.8069758,1.414213562,24.69817807,1.414213562,23.85372088,3.605551275,24.41311123,4.123105626,23.60084744,2.828427125,24.41311123,4.472135955,23.85372088,4.242640687,23.02172887,5,22.20360331,3.605551275,23.02172887,5.656854249,19.41648784,6.403124237,21.63330765,5.656854249,21.63330765,5.830951895,20.80865205,7.810249676,20.61552813,8.062257748,20,6.32455532,20,6.32455532,20.59126028,7.615773106,19.41648784
22.20360331,2.828427125,23.32380758,2.828427125,23.43074903,3.16227766,23.60084744,3.16227766,23.60084744,2,22.47220505,1,22.20360331,2.236067977,23.02172887,2,22.20360331,4,23.02172887,4.123105626,23.02172887,3.16227766,21.63330765,3.605551275,19.72308292,3,19.41648784,4.472135955,20.24845673,4.242640687,20.24845673,3.605551275,21.09502311,5.385164807,20,4.472135955,18.60107524,4.242640687,18.60107524,5,18.02775638,5,15.8113883,5,16.64331698,5.385164807,17.49285568,6.708203932,16.64331698,8.062257748,17.20465053,6.708203932
23.85372088,7.615773106,23.02172887,7.211102551,24.41311123,9.219544457,22.47220505,9.219544457,23.85372088,9.219544457,22.47220505,9.219544457,24.41311123,9.848857802,22.47220505,8.94427191,22.20360331,9.848857802,22.6715681,8.94427191,20.80865205,9.848857802,21.40093456,11.04536102,20.80865205,10.19803903,18.60107524,10.04987562,18.43908891,10.04987562,19.10497317,10.04987562,19.20937271,11.18033989,17.69180601,10.04987562,17.80449381,10.04987562,18.60107524,8,18.43908891,9,17.02938637,9.055385138,15.62049935,9.219544457,17.02938637,7.280109889,17.02938637,8.544003745,17.80449381,9.848857802
22.8035085,10,22.8035085,7.071067812,22.02271555,8.485281374,22.20360331,10.63014581,21.40093456,9.433981132,20.24845673,11.3137085,20.80865205,11.40175425,20.80865205,11.18033989,21.40093456,11.66190379,22.02271555,9.899494937,22.02271555,11.18033989,20.80865205,10.44030651,18.43908891,10.19803903,19.41648784,9.848857802,18.43908891,10.44030651,19.41648784,10.44030651,17.80449381,10.19803903,17.20465053,9.219544457,16.97056275,9.055385138,17.69180601,10.04987562,15.55634919,10.04987562,16.2788206,9.055385138,17.02938637,8.062257748,16.40121947,6.32455532,17.02938637,7.615773106,17.02938637,9.486832981
23.34523506,18.78829423,21.63330765,17.4642492,23.85372088,14.31782106,27.58622845,21.26029163,26.62705391,20.80865205,25.8069758,16.1245155,23.2594067,18.38477631,28.01785145,13.60147051,29.06888371,15,26.92582404,14.86606875,29.41088234,13.03840481,27.78488798,15,28.31960452,13.60147051,25,10.63014581,25.94224354,13.45362405,24.41311123,13,25.55386468,12.80624847,22.47220505,11.40175425,24.59674775,13.60147051,23.2594067,12.08304597,25.63201124,12.52996409,26,13.41640786,17,15.65247584,26.2488095,17.80449381,17.4642492,12.64911064,21.1896201,18.02775638
4.123105626,20.80865205,4.472135955,19.41648784,3.605551275,20.80865205,3.605551275,20,3.605551275,19.41648784,4.242640687,20,5,22.20360331,4.472135955,18.60107524,5.385164807,20,5.385164807,20.61552813,5.385164807,18.60107524,5.099019514,19.20937271,5,18.60107524,6,18.60107524,6,17.80449381,6,17.80449381,6,17.80449381,6.08276253,17.02938637,7.615773106,16.64331698,5.099019514,16.40121947,6.32455532,16.40121947,6.708203932,16.40121947,6.403124237,15.62049935,7.071067812,15.62049935,7.071067812,15.8113883,6.403124237,14.2126704
18.43908891,7.071067812,18.43908891,8.246211251,20.61552813,7.615773106,19.84943324,7.615773106,18.60107524,8.94427191,16.64331698,5.385164807,17.69180601,5,19.10497317,5.656854249,17.49285568,12.16552506,17.20465053,11.70469991,17.80449381,5.830951895,17.4642492,2.236067977,17.4642492,3.16227766,16.55294536,3.16227766,17.4642492,4,17.20465053,4.123105626,15.65247584,3.605551275,15.62049935,4.472135955,15.26433752,4,15.65247584,5,15.23154621,6.08276253,15.65247584,4.123105626,14.76482306,6.08276253,13.89244399,6.708203932,14.56021978,7.071067812,13.89244399,7.071067812
4,22.20360331,5.656854249,21.40093456,5.656854249,23.02172887,5,22.20360331,5,23.02172887,5.830951895,21.63330765,7.280109889,22.47220505,7.615773106,20,6.08276253,20.80865205,6.32455532,20.80865205,7.280109889,20.24845673,6,18.60107524,7.615773106,20,8,17.20465053,8.062257748,19.72308292,7.071067812,19.20937271,6.08276253,17.80449381,5.385164807,16.40121947,8.062257748,18.35755975,6.708203932,18.02775638,6.32455532,16.40121947,8.246211251,15.8113883,5.656854249,16.1245155,8.602325267,15.26433752,7.810249676,16.64331698,7.071067812,16.64331698
16.64331698,10,17.49285568,9.899494937,16.64331698,9.899494937,15.65247584,10.63014581,15.26433752,9.899494937,15.26433752,10.63014581,15.8113883,11.40175425,16.1245155,12.08304597,14.4222051,11.18033989,13.89244399,10.29563014,15.62049935,12.52996409,15.62049935,10.77032961,12.80624847,10.77032961,12.72792206,11.70469991,13.45362405,11.18033989,14.2126704,11.18033989,12.04159458,11.40175425,13.45362405,10.44030651,13.45362405,9.219544457,14.14213562,11.18033989,12.04159458,9.219544457,12.04159458,9,12.04159458,9,12.72792206,9.055385138,12.04159458,9.055385138,12.72792206,9.219544457
4.123105626,20,5.099019514,21.40093456,5.099019514,20,5,20.24845673,3.605551275,20.80865205,3.16227766,22.02271555,3.605551275,20.80865205,2.828427125,21.40093456,2.828427125,20.80865205,2,22.02271555,3.16227766,20.80865205,2,20.24845673,3.16227766,18.60107524,2.828427125,19.41648784,4,18.86796226,3.16227766,18.60107524,4.123105626,18.86796226,4.123105626,17.80449381,5.099019514,17,5.099019514,17.20465053,5,16.1245155,5,16.1245155,6,14.76482306,5.099019514,15.26433752,6,14.76482306,7.071067812,15.65247584
20.80865205,9.433981132,20.24845673,10,20.80865205,8.602325267,20.24845673,9.899494937,19.20937271,9.219544457,20.24845673,11.3137085,17.20465053,10.63014581,18.60107524,11.18033989,18.43908891,8.94427191,19.10497317,9.433981132,18.60107524,11.18033989,19.20937271,11.40175425,19.84943324,8.94427191,17.80449381,10.77032961,18.02775638,10.77032961,17.02938637,10.44030651,15.55634919,10.44030651,16.2788206,9.219544457,16.2788206,10.44030651,14.86606875,9.219544457,15.55634919,8.062257748,15.62049935,8,14.2126704,8,15.55634919,8.246211251,15.62049935,7.280109889,14.14213562,8.246211251
3.605551275,22.20360331,3,22.8035085,4.242640687,23.02172887,3.16227766,23.60084744,3.605551275,22.47220505,5.385164807,23.85372088,5.385164807,21.40093456,5.099019514,21.40093456,5.385164807,22.02271555,5.830951895,20.80865205,5.099019514,20.80865205,6,22.20360331,7,22.20360331,7,21.40093456,6,19.20937271,5.099019514,18.60107524,5.099019514,19.20937271,5.385164807,19.20937271,6.708203932,19.41648784,5.830951895,19.20937271,7.211102551,18.02775638,7.211102551,17.20465053,5.656854249,17.20465053,7.211102551,17.80449381,7.810249676,16.64331698,8.062257748,17.49285568
15.8113883,17.69180601,14.76482306,17.80449381,15.26433752,19.20937271,13.89244399,19.20937271,14.4222051,18.02775638,15,19.41648784,13.03840481,18.86796226,13.45362405,18.86796226,12.20655562,19.41648784,14.86606875,18.86796226,12.72792206,20.24845673,12.04159458,18.35755975,12.80624847,17.88854382,11.40175425,17.4642492,12.80624847,18.35755975,12.80624847,17.4642492,11.66190379,17.88854382,11.40175425,14.76482306,12.20655562,16.55294536,12.20655562,15.23154621,10.29563014,15.8113883,10.29563014,14.31782106,11.66190379,12.64911064,13.60147051,14.31782106,12.52996409,13.15294644,12.80624847,12.36931688
19.20937271,7.071067812,18.43908891,7.615773106,18.02775638,8.94427191,20,7.615773106,19.20937271,6.403124237,19.41648784,5.385164807,19.72308292,5,18.86796226,2.828427125,18.86796226,5.656854249,19.41648784,6.32455532,19.41648784,6.403124237,17.49285568,4.123105626,19.72308292,5,18.60107524,5.385164807,18.35755975,7.280109889,19.23538406,5.385164807,18.35755975,5.099019514,16.64331698,6.32455532,18.35755975,5.099019514,16.64331698,5,16.1245155,6,15.65247584,6.08276253,15.65247584,6.08276253,14.31782106,8.062257748,13,7.071067812,15.23154621,9.219544457
7.280109889,18.43908891,4.123105626,19.20937271,4.472135955,18.60107524,5,20.24845673,2.828427125,19.41648784,5.385164807,18.86796226,5.830951895,19.72308292,4.472135955,18.60107524,5,18.35755975,5.099019514,18.35755975,4.472135955,18.86796226,3,18.35755975,4.123105626,19.41648784,3,18.35755975,5,17.4642492,4.123105626,18.02775638,5,17.49285568,6,15.65247584,5,16.64331698,6,14.76482306,6.08276253,14.76482306,6,14.76482306,5.099019514,14.31782106,8.062257748,12.08304597,7.071067812,12.64911064,8.246211251,13.92838828
17,14.2126704,15.8113883,16.2788206,15.65247584,12.80624847,15.26433752,14.86606875,15,14.14213562,16.1245155,16.2788206,15.65247584,15.62049935,13.60147051,15.8113883,14.86606875,15,13.03840481,16.2788206,14.2126704,15.8113883,13.45362405,15.23154621,13.45362405,15.23154621,12.04159458,14.76482306,14.2126704,15.26433752,13.45362405,15.23154621,12.72792206,15.23154621,13.45362405,13.92838828,10.63014581,14.31782106,10.81665383,13.60147051,11.3137085,11.18033989,11.3137085,12.64911064,11.3137085,12.36931688,12.72792206,13.15294644,12.72792206,12.36931688,14.2126704,10.04987562
18.60107524,6.08276253,19.41648784,6.403124237,19.41648784,5.830951895,18.02775638,6.403124237,17.20465053,4.242640687,18.02775638,7.071067812,18.02775638,5.830951895,18.02775638,6.708203932,17.80449381,7.211102551,18.43908891,6.403124237,17.80449381,6.708203932,17.20465053,6.32455532,16.64331698,6.32455532,18.02775638,8.062257748,15.8113883,6,15.62049935,6.08276253,15,6.08276253,15.62049935,6.08276253,15,7,14.2126704,6,15,6.08276253,12.20655562,6.08276253,12.80624847,7.280109889,15,5.385164807,12.80624847,5.385164807,15,6.403124237
19.84943324,8.544003745,20.51828453,8.544003745,22.02271555,9.848857802,23.02172887,9.848857802,21.40093456,8.602325267,23.43074903,8.602325267,22.47220505,7.211102551,20.80865205,6.708203932,22.20360331,6.403124237,22.02271555,5.830951895,22.20360331,7.211102551,21.63330765,6.403124237,21.63330765,6.708203932,21.9544984,5.830951895,20.24845673,5.830951895,19.41648784,6.08276253,18.86796226,6.708203932,18.86796226,7.615773106,20.59126028,5,16.64331698,6.708203932,18.86796226,7.280109889,17,7.071067812,16.55294536,8.246211251,17.4642492,8.94427191,17.4642492,8.544003745,16.1245155,9.486832981
16.1245155,9.433981132,17.49285568,8.485281374,16.64331698,9.219544457,16.64331698,9.899494937,16.64331698,9.219544457,18.02775638,11.40175425,16.64331698,9.433981132,16.40121947,11.40175425,15.62049935,10.81665383,14.2126704,11.3137085,15.62049935,12.52996409,15.8113883,12.08304597,14.86606875,11.66190379,14.2126704,11.40175425,13.60147051,9.848857802,14.2126704,11.70469991,12.20655562,10.44030651,12.72792206,9.486832981,14.2126704,11.40175425,12.80624847,9.486832981,12.04159458,9.219544457,12.04159458,9,12.04159458,8,12.04159458,10,12.72792206,8,12.04159458,8.062257748
3.605551275,20,2.828427125,20.61552813,3.605551275,22.8035085,2,20.80865205,2,21.63330765,2,20.80865205,1.414213562,20,3,20.24845673,1.414213562,20.80865205,3.605551275,20.80865205,3.605551275,20.24845673,2.236067977,19.41648784,5.099019514,19.41648784,3.605551275,19.41648784,2.236067977,17.20465053,3.605551275,18.60107524,2,18.86796226,1.414213562,18.60107524,5.385164807,18.02775638,5.830951895,17.49285568,5.385164807,16.64331698,5,17.20465053,4.472135955,15,6.403124237,15.62049935,4.123105626,15,5.385164807,15.26433752
17.02938637,5.385164807,16.64331698,4.242640687,18.86796226,4.472135955,18.02775638,4.242640687,17.20465053,5.656854249,16.40121947,5.656854249,15.8113883,7.211102551,15.8113883,5.830951895,16.40121947,6.403124237,15.8113883,6.403124237,16.64331698,6.708203932,15.8113883,7.071067812,14.2126704,6.708203932,14.86606875,6.08276253,15.8113883,7.071067812,15.62049935,8.246211251,13.60147051,6.08276253,14.2126704,6.08276253,15.62049935,6.08276253,13.60147051,6,12.80624847,7.071067812,13.60147051,6.08276253,12.80624847,6.08276253,13.45362405,6.708203932,12.04159458,5.830951895,12.80624847,5.830951895
23.02172887,4.472135955,22.47220505,3,25.23885893,2.236067977,23.85372088,4.123105626,22.20360331,2.236067977,23.85372088,3,23.60084744,2.828427125,23.02172887,3.16227766,22.8035085,5.099019514,22.20360331,4.123105626,22.20360331,4,22.20360331,5.099019514,21.63330765,4.472135955,20.80865205,3.16227766,20.24845673,6.32455532,19.84943324,6.32455532,20,7.615773106,18.43908891,6.708203932,20.24845673,5.830951895,18.86796226,5.656854249,18.60107524,6.403124237,18.02775638,5.656854249,17.02938637,6.403124237,18.02775638,7.615773106,19.72308292,6.708203932,17.49285568,5.830951895
17.49285568,13.60147051,17.49285568,12.04159458,15.8113883,12.04159458,16.40121947,13.45362405,15.26433752,12.80624847,16.64331698,12.80624847,15,13.60147051,14.4222051,14.2126704,15.8113883,14.2126704,15.55634919,12.20655562,15.26433752,13.41640786,15,13.89244399,14.2126704,13.41640786,14.86606875,14.76482306,14.2126704,13.89244399,14.2126704,12.52996409,12.72792206,13.92838828,13.45362405,11.66190379,14.2126704,12.08304597,13.45362405,10.77032961,14.14213562,10.44030651,13.60147051,11.40175425,12.80624847,10.44030651,13.45362405,11.18033989,12.80624847,10.19803903,14.14213562,10.04987562
23.60084744,6.708203932,23.02172887,7.211102551,23.02172887,7.211102551,21.63330765,8.485281374,21.63330765,6.403124237,23.02172887,7.071067812,21.40093456,8.062257748,20.80865205,8.062257748,21.09502311,8.246211251,20.80865205,6.32455532,21.63330765,7.615773106,20.80865205,7.280109889,20,9.055385138,20,9.219544457,19.84943324,8.062257748,20,9.219544457,18.02775638,9,17.69180601,8.062257748,20,9.055385138,17.80449381,8,18.60107524,6.08276253,17.02938637,7.071067812,16.64331698,6.32455532,17.02938637,7.615773106,17.02938637,6.403124237,18.02775638,7.615773106
21.63330765,10,20.80865205,9.899494937,21.63330765,9.899494937,21.63330765,10.63014581,20.80865205,10,20.80865205,10.81665383,19.72308292,11.18033989,20.24845673,11.66190379,19.20937271,12.52996409,20.61552813,11.40175425,19.84943324,12.52996409,19.20937271,10.44030651,19.10497317,9.486832981,17.69180601,10.44030651,17.80449381,10.44030651,19.10497317,11.40175425,16.40121947,10.04987562,18.43908891,10.04987562,17.02938637,10.04987562,17.02938637,11.04536102,16.2788206,9.219544457,15.62049935,10,15.62049935,8.062257748,16.97056275,8.246211251,16.2788206,8.246211251,14.86606875,9.219544457
15.55634919,16.1245155,16.97056275,15.26433752,18.43908891,16.40121947,17.80449381,14.4222051,17.80449381,12.80624847,17.80449381,14.4222051,18.43908891,13.03840481,16.40121947,13.60147051,19.41648784,13.45362405,17,14.14213562,18.02775638,13.45362405,17,13.45362405,16.1245155,13.45362405,16.55294536,12.04159458,16.15549442,12.72792206,15.65247584,11.3137085,17.08800749,12.20655562,16.15549442,10,13.92838828,10.63014581,15.23154621,12.04159458,15.8113883,10.63014581,14.56021978,12.20655562,13,11.40175425,13.15294644,12.80624847,14.14213562,12.20655562,12.04159458,12.20655562
4.472135955,19.20937271,3,19.41648784,3.16227766,19.20937271,2.828427125,19.20937271,2.828427125,18.60107524,3.16227766,19.41648784,5,19.41648784,3.605551275,17.80449381,3.16227766,18.60107524,4.472135955,17.80449381,4.123105626,18.60107524,4,18.43908891,5,17.80449381,4.123105626,17.80449381,5.099019514,16.40121947,4,17.20465053,5,17.02938637,4.123105626,15.62049935,5.385164807,15.8113883,5.385164807,16.2788206,6.32455532,15,4.472135955,15.62049935,5,14.4222051,6.403124237,15.26433752,6.403124237,14.4222051,5.830951895,14.4222051
19.20937271,5.385164807,19.84943324,5.099019514,20,4,19.41648784,4.123105626,20,3,20,2,20.61552813,1,20.24845673,0,19.41648784,1,18.35755975,0,19.41648784,1.414213562,18.60107524,1,20,2.236067977,20.24845673,2.236067977,17.49285568,1.414213562,18.02775638,2.828427125,17.20465053,2.828427125,17.49285568,3.605551275,17.20465053,3.605551275,16.64331698,4.472135955,15.8113883,4.123105626,16.64331698,4.123105626,15.26433752,5.099019514,15.26433752,6.32455532,14.76482306,6,15.65247584,7
17.02938637,16.15549442,18.38477631,15.65247584,17.02938637,13.89244399,17.02938637,13.89244399,17.80449381,13.89244399,17.80449381,15.26433752,18.60107524,12.80624847,18.86796226,13.03840481,17.80449381,13.60147051,17,13.45362405,18.35755975,12.04159458,17.88854382,12.72792206,17.88854382,13.45362405,17.49285568,12.72792206,17.4642492,12.72792206,17.49285568,12.80624847,16.55294536,12.72792206,14.31782106,11.40175425,15.65247584,12.04159458,16.15549442,12.80624847,14.86606875,10,14.56021978,11.40175425,12.64911064,11.40175425,12.36931688,12.80624847,12.36931688,11.40175425,12.36931688,11.66190379
3.16227766,22.8035085,4.123105626,23.60084744,4.123105626,23.85372088,5.099019514,23.85372088,3,24.41311123,5,23.85372088,3.16227766,22.8035085,3.605551275,21.40093456,4.242640687,22.8035085,4.472135955,24.08318916,4.123105626,22.02271555,4.472135955,22.20360331,4.472135955,21.63330765,4.123105626,20.24845673,4.123105626,21.63330765,6.08276253,20,6.08276253,19.41648784,3,20,5.099019514,19.20937271,4.472135955,19.72308292,5.099019514,17.80449381,6.708203932,17.80449381,5,17.49285568,6.403124237,18.02775638,7.211102551,18.86796226,5,17.20465053
20.59126028,13.60147051,19.23538406,12.80624847,20.24845673,12.52996409,21.09502311,12.80624847,17.80449381,14.2126704,18.86796226,14.86606875,18.86796226,15,18.02775638,13.45362405,16.40121947,13.60147051,16.1245155,13.03840481,18.02775638,13.89244399,16.40121947,14.4222051,17.02938637,14.76482306,16.2788206,14.4222051,14.2126704,14.31782106,15.62049935,13.89244399,17.20465053,14.76482306,14.86606875,12.08304597,16.2788206,13.41640786,14.2126704,13.92838828,14.14213562,13.41640786,14.14213562,12.36931688,14.2126704,12.36931688,14.86606875,12.36931688,14.14213562,12.16552506,15.55634919,12.04159458
2.828427125,22.02271555,2.828427125,21.40093456,3.16227766,19.20937271,2.236067977,21.63330765,3,21.40093456,1,20.61552813,2.236067977,20,4.242640687,20,3.16227766,20.61552813,3,21.26029163,3.16227766,20,2,20,3,18.02775638,4,17.20465053,6,18.02775638,3.16227766,18.02775638,4,17.20465053,4.123105626,16.40121947,5.099019514,17.49285568,5.385164807,16.64331698,3.605551275,16.40121947,5,17.49285568,5,15,6.403124237,15.26433752,7.071067812,16.1245155,5.830951895,15.65247584
6,22.02271555,4,22.20360331,4.123105626,22.02271555,2.236067977,23.02172887,1.414213562,22.20360331,2,21.40093456,0,21.40093456,1.414213562,20.80865205,2,21.63330765,1,22.8035085,2.236067977,21.63330765,1.414213562,20.24845673,3.605551275,21.09502311,2.236067977,20,4,20.24845673,2,19.41648784,2,20.59126028,3,18.02775638,3.605551275,17.49285568,4.242640687,17.88854382,3,18.86796226,5,18.02775638,5.099019514,17,6.08276253,17,7.071067812,15.23154621,8,16.15549442
12.80624847,16.1245155,12.80624847,16.64331698,12.20655562,15.65247584,12.04159458,16.1245155,12.72792206,15.26433752,14.2126704,15.26433752,12.80624847,15,12.80624847,13.60147051,13.60147051,13.89244399,13.60147051,13.03840481,14.4222051,13.03840481,13.03840481,12.20655562,13.60147051,11.40175425,13.03840481,12.20655562,13.03840481,12.80624847,12.52996409,12.80624847,13.41640786,11.40175425,12.52996409,10,12.52996409,11.3137085,12.08304597,11.40175425,11.18033989,11.3137085,11.70469991,12.20655562,9.486832981,12.04159458,9.219544457,11.3137085,10.44030651,12.04159458,10.19803903,12.72792206
16.64331698,13.92838828,14.14213562,14.86606875,15.55634919,15.8113883,16.97056275,13.60147051,16.97056275,13.60147051,17.02938637,13.45362405,16.97056275,10.77032961,12.20655562,12.04159458,15.62049935,10.19803903,15.8113883,10.44030651,17.20465053,10.81665383,17.80449381,9.433981132,17.20465053,11.40175425,17,8.602325267,15.8113883,9.899494937,16.1245155,9.899494937,16.1245155,9.219544457,16.1245155,9.219544457,15.23154621,9.219544457,13.89244399,11.66190379,14.86606875,9.899494937,16.15549442,8.602325267,13,8.602325267,13.92838828,9.899494937,9.433981132,10.63014581,12.36931688,11.3137085
11.66190379,20.51828453,12.08304597,21.26029163,10.29563014,21.26029163,9.433981132,20.24845673,8.062257748,21.26029163,9.433981132,22.02271555,9.433981132,21.40093456,8.062257748,22.20360331,8.485281374,21.40093456,5.830951895,20.24845673,9.219544457,20.80865205,7.810249676,19.41648784,7.211102551,20.80865205,6.708203932,20.80865205,8.602325267,19.72308292,8.062257748,19.41648784,7.211102551,18.35755975,8.602325267,18.02775638,8.062257748,18.78829423,8.544003745,17.88854382,9.848857802,16.55294536,8.544003745,16.1245155,8.062257748,15.23154621,8.94427191,17.08800749,9.848857802,15.5241747,11.66190379,15.23154621
37.80211634,35.84689666,34.71310992,37.21558813,41.72529209,37.58989226,44.10215414,43.18564576,38.18376618,34.88552709,39.62322551,38.41874542,39.69886648,34.05877273,35.84689666,28.60069929,38.94868419,29.15475947,36.23534186,29.83286778,38.58756276,33.9705755,38.94868419,34.43835072,38.07886553,31.11269837,36.67424164,27.65863337,32.64965543,28.60069929,36.23534186,34.66987165,36.23534186,22.6715681,31.78049716,24.20743687,29.06888371,26.07680962,30.01666204,26.87005769,30.8058436,26.41968963,30.08321791,24.20743687,22.36067977,23.60084744,29.27456234,20.24845673,27.01851217,36.06937759,28.16025568,28.01785145
19.20937271,3,19.41648784,3,18.60107524,3.16227766,19.41648784,3.605551275,19.20937271,2.236067977,19.23538406,2.236067977,20.24845673,1,17.80449381,1,19.41648784,1,18.86796226,1.414213562,18.86796226,1,18.02775638,1.414213562,18.02775638,2.236067977,17.49285568,2.236067977,17.20465053,2.236067977,18.60107524,2.828427125,16.64331698,2.828427125,16.40121947,3.605551275,16.64331698,2.828427125,15.8113883,4.242640687,15.8113883,4.242640687,14.4222051,3.605551275,13.89244399,4.123105626,14.76482306,5.385164807,13.89244399,5.099019514,14.31782106,6.08276253
14.31782106,15.55634919,13.41640786,16.97056275,13.89244399,17.02938637,13.03840481,16.2788206,13.41640786,16.64331698,13.60147051,17.02938637,10.81665383,15.62049935,13.03840481,17.49285568,12.04159458,17.80449381,11.3137085,18.60107524,10.81665383,17.49285568,12.04159458,16.1245155,10,17.49285568,11.3137085,16.1245155,11.3137085,15.26433752,9.899494937,17.49285568,10.63014581,15.65247584,10.63014581,14.4222051,9.899494937,16.15549442,10,14.31782106,10.63014581,12.64911064,10,13.41640786,10.63014581,12.64911064,10.81665383,12.36931688,10.81665383,13.34166406,12.20655562,12.36931688
4.123105626,21.40093456,4.472135955,22.20360331,6.403124237,21.40093456,5,21.63330765,5,21.40093456,5,21.40093456,5.656854249,20,5.385164807,20.80865205,5.385164807,19.41648784,5.385164807,18.86796226,6.08276253,20,7.071067812,19.20937271,7.280109889,18.60107524,7,19.20937271,7.071067812,18.02775638,5.099019514,18.43908891,7.071067812,17.20465053,5.099019514,16.40121947,7.071067812,17.02938637,7.071067812,17.20465053,5.385164807,17.20465053,6.708203932,15.8113883,6.403124237,15.8113883,7.211102551,15.8113883,7.071067812,15.8113883,7.810249676,15.8113883
12.08304597,17.02938637,12.52996409,16.97056275,11.18033989,18.43908891,11.66190379,18.43908891,10.29563014,18.60107524,11.66190379,17.80449381,9.433981132,18.60107524,9.219544457,17.80449381,8.062257748,19.41648784,9.219544457,20,9.899494937,18.35755975,9.899494937,18.86796226,9.219544457,17,8.485281374,17.49285568,8.485281374,17,8.602325267,15.65247584,8.485281374,16.1245155,9.433981132,16.1245155,9.433981132,14.31782106,8.602325267,15.23154621,8.602325267,14.31782106,10.29563014,15.23154621,10.81665383,13.60147051,10.81665383,14.56021978,10.81665383,12.64911064,9.433981132,13.60147051
12.20655562,20.59126028,10.81665383,20.59126028,12.04159458,18.86796226,13.45362405,19.41648784,12.72792206,20.24845673,14.2126704,18.60107524,12.80624847,17.49285568,13.89244399,18.60107524,13.03840481,16.40121947,11.70469991,17.80449381,12.52996409,17.80449381,13.41640786,17.02938637,15.23154621,15.8113883,14.31782106,16.2788206,13.92838828,15.8113883,12.08304597,14.14213562,11.70469991,14.86606875,11.18033989,14.14213562,11.70469991,15.55634919,11.70469991,15.55634919,11.18033989,15.55634919,10.04987562,16.2788206,10.04987562,14.86606875,10.04987562,16.2788206,10,14.86606875,9.055385138,15.62049935
17,14.86606875,16.55294536,14.86606875,16.1245155,15.62049935,16.1245155,16.2788206,14.4222051,15.62049935,16.1245155,16.40121947,15.26433752,15.62049935,15,15.62049935,13.03840481,15.8113883,13.03840481,15.26433752,14.4222051,17.20465053,13.03840481,17.20465053,12.04159458,15.26433752,12.72792206,16.64331698,13.45362405,16.64331698,13.45362405,16.1245155,12.80624847,16.1245155,12.04159458,13.41640786,12.04159458,15.65247584,12.04159458,14.31782106,12.04159458,12.08304597,11.3137085,12.64911064,11.3137085,13,12.80624847,13.60147051,13.60147051,13.34166406,12.80624847,12.16552506
8.94427191,22.02271555,9.219544457,21.9317122,5.385164807,23.34523506,7.280109889,23.85372088,5.830951895,23.60084744,5.830951895,22.02271555,5.830951895,21.09502311,5.656854249,22.47220505,3.605551275,21.63330765,4.242640687,20.59126028,6.403124237,22.47220505,6.708203932,21.09502311,5.830951895,21.09502311,5.830951895,20.24845673,4.472135955,21.09502311,6.32455532,20.59126028,5.385164807,18.86796226,7.071067812,18.78829423,7.280109889,19.23538406,7.071067812,19.23538406,6.08276253,17.4642492,8,16.15549442,8.246211251,16.15549442,9.219544457,15.8113883,8.062257748,14.86606875,9.486832981,15.5241747
14.86606875,16.64331698,16.2788206,17,16.97056275,18.02775638,16.64331698,15.26433752,14.86606875,15.8113883,17.69180601,16.1245155,17.69180601,15.26433752,17.20465053,16.2788206,16.1245155,13.41640786,14.76482306,12.08304597,17,15,15.23154621,12.80624847,16.64331698,13.45362405,17,12.04159458,15.65247584,13.03840481,16.1245155,12.72792206,14.76482306,12.04159458,13.41640786,12.20655562,13.92838828,12.72792206,15.8113883,13.45362405,14.14213562,14.14213562,13.60147051,12.04159458,14.56021978,12.04159458,13.34166406,12.04159458,12.16552506,12.04159458,10.04987562,13.45362405
19.84943324,5,19.41648784,5,20,5.099019514,20.61552813,5.099019514,20,5,20.61552813,4,20.24845673,3.16227766,19.41648784,2.828427125,21.40093456,3.16227766,19.84943324,2.236067977,19.41648784,3.16227766,20.24845673,2.236067977,18.02775638,3,17.49285568,3.16227766,18.60107524,3.16227766,19.41648784,3.16227766,18.35755975,4,19.41648784,3.16227766,17.80449381,4,16.1245155,4,17,4.123105626,17,5.099019514,16.55294536,4.123105626,14.76482306,6.32455532,14.76482306,6,16.55294536,7
17.69180601,13,19.84943324,13.41640786,19.10497317,12.52996409,19.84943324,12.08304597,19.84943324,11.66190379,17.80449381,11.18033989,20,10.81665383,19.41648784,10,21.40093456,10.63014581,19.72308292,12.04159458,18.86796226,10.63014581,18.86796226,10.63014581,18.35755975,9.219544457,18.35755975,9.219544457,17.49285568,10,19.23538406,10.81665383,18.38477631,9.219544457,16.1245155,9.433981132,16.55294536,10.29563014,17,10,16.15549442,8.602325267,16.15549442,10,14.31782106,10.29563014,15.29705854,10.81665383,14.31782106,10.81665383,13.34166406,11.18033989
10,24.18677324,8.602325267,21.09502311,10.29563014,21.63330765,10.63014581,20.24845673,9.219544457,21.63330765,12.72792206,19.41648784,10,20,11.18033989,19.20937271,10.81665383,19.41648784,10.29563014,20.61552813,10.77032961,18.60107524,10.77032961,18.60107524,10.77032961,20.61552813,11.40175425,17.80449381,10.19803903,17.20465053,10.77032961,17.69180601,9.219544457,16.40121947,9.219544457,17.69180601,10.19803903,17.80449381,10,17.20465053,10.04987562,16.40121947,11.18033989,17.80449381,9.219544457,16.2788206,9.486832981,17.02938637,10.19803903,16.40121947,9.486832981,16.97056275
11.70469991,16.2788206,10.44030651,14.14213562,9.848857802,16.2788206,10.81665383,16.40121947,8.94427191,16.40121947,10,15.62049935,8.544003745,17.80449381,8.94427191,15,9.219544457,15.8113883,6.403124237,16.40121947,8.602325267,18.02775638,8.485281374,17.20465053,7.810249676,15.65247584,7.810249676,15.26433752,8.602325267,15.65247584,7.810249676,14.76482306,7.810249676,14.76482306,8.062257748,14.76482306,7.810249676,14.76482306,8.602325267,14.86606875,8.94427191,13.92838828,7.615773106,13,8.062257748,12.64911064,8.062257748,12.64911064,8.062257748,10.77032961,9.433981132,11.70469991
8.544003745,19.20937271,7.280109889,20,6.32455532,19.84943324,7.211102551,20.24845673,6.708203932,19.20937271,6.708203932,21.09502311,8.062257748,21.09502311,5.656854249,21.63330765,5,21.09502311,5,20.59126028,6.403124237,21.09502311,6.403124237,20.24845673,5.385164807,19.72308292,5.385164807,20.1246118,5,19.23538406,5.385164807,18.35755975,5.385164807,17,7.280109889,16.1245155,6.708203932,17,8.246211251,16.15549442,8.246211251,17.4642492,8.062257748,15.65247584,6.708203932,15.23154621,8.544003745,14.31782106,10.04987562,14.56021978,9.219544457,14.56021978
15.8113883,12.72792206,16.1245155,16.2788206,15.26433752,14.86606875,16.40121947,15.8113883,15.8113883,16.2788206,16.40121947,16.40121947,15.62049935,16.40121947,14.86606875,15.26433752,13.60147051,15.26433752,12.72792206,14.76482306,14.2126704,14.31782106,14.86606875,15.65247584,14.2126704,13.89244399,14.14213562,14.76482306,13.60147051,17,14.86606875,15.65247584,12.72792206,14.86606875,13.45362405,14.31782106,12.20655562,13.92838828,12.20655562,12.64911064,12.20655562,13.34166406,12.04159458,14.56021978,12.72792206,12.16552506,12.80624847,14.03566885,13.45362405,12.16552506,14.86606875,12.04159458
17.69180601,10.77032961,17.69180601,10,18.43908891,10.77032961,19.84943324,8.062257748,17.80449381,8.602325267,19.20937271,8.602325267,17.80449381,7.810249676,17.80449381,7.071067812,17.20465053,7.810249676,17.20465053,7.810249676,17.20465053,8.602325267,17,9.219544457,16.1245155,7.211102551,16.64331698,8.602325267,17.88854382,7.071067812,17.4642492,8.94427191,15.23154621,7.211102551,14.76482306,8.062257748,14.31782106,8.94427191,14.76482306,8.062257748,15.23154621,8.062257748,14.56021978,8.062257748,13.60147051,8.544003745,12.64911064,8.94427191,13.34166406,8.94427191,12.64911064,8.94427191
9.848857802,17.02938637,9.848857802,16.97056275,8.062257748,17.02938637,8.94427191,17.02938637,8.94427191,17.69180601,9.433981132,18.02775638,8.062257748,18.86796226,7.211102551,16.64331698,7.211102551,17.49285568,7.810249676,16.64331698,7.211102551,18.35755975,7.071067812,16.1245155,5,17.49285568,6.403124237,15.8113883,7.211102551,16.1245155,6.403124237,16.55294536,5.656854249,14.76482306,7.211102551,14.76482306,6.708203932,14.31782106,8.062257748,13.92838828,6.708203932,13,6.708203932,13,8.062257748,13.60147051,8.544003745,13.60147051,7.615773106,13.15294644,9.848857802,13.60147051
13,18.38477631,13.60147051,16.97056275,10.77032961,17.69180601,12.08304597,17.80449381,10.29563014,18.43908891,10.77032961,18.43908891,10.29563014,19.20937271,10.29563014,17.80449381,10.29563014,18.60107524,8.602325267,17.20465053,10,17.80449381,10.81665383,18.02775638,9.899494937,16.1245155,8.602325267,18.02775638,7.810249676,16.64331698,8.485281374,17.49285568,8.485281374,17,8.485281374,17,7.810249676,16.1245155,7.810249676,16.1245155,8.485281374,13.89244399,7.211102551,14.31782106,10.63014581,14.31782106,8.94427191,12.08304597,11.40175425,14.56021978,10.81665383,13
87.66413178,70.83078427,90.44888059,71.61005516,100.6479011,64.66065264,101.6070864,77.20103626,79.63039621,90.21086409,92.84934033,86.82165628,89.87213139,89.0056178,69.07966416,75.47184906,84.38009244,77.52418977,88.52683209,61.40032573,115.5205609,67.89698079,102.4158191,58.24946352,87.20091743,74.46475676,89.87213139,65.11528238,63.5295207,64.63745044,112.5388822,75.07329752,90.55385138,72.13875519,64.84597135,77.98717843,70.09279564,68.60029154,69.65629907,76.6093989,60.14149982,77.07788269,84.72307832,70.17834424,40.45985665,80.80222769,82.63776376,81.68843247,96.10411021,77.3369252,87.80091116,74.95331881
11.18033989,104.6900186,21.02379604,96.17692031,12.80624847,112.4855546,22.09072203,113.406349,11.40175425,102.5524256,11.40175425,101.1385189,26,108.0740487,22.36067977,90.55385138,38.91015292,105.6834897,22.627417,108.3005078,39.20459157,119.503138,52.0096145,96.21330469,45.31004304,98.4073168,28,95.90099061,17.08800749,94.11163584,24.18677324,95.77577982,32.55764119,86.55634003,12.36931688,79.93122043,18.97366596,87.1148667,23.85372088,86.21484791,23.40939982,79.9812478,39.8246155,80.99382693,18.60107524,70.43436661,25,82.68010643,33.83784863,85.42247948,35,85.47514259
8.602325267,15.8113883,10,17.20465053,10.63014581,15.8113883,10,16.64331698,10,16.40121947,10.63014581,15.8113883,10,14.4222051,10,15,10.63014581,14.2126704,10.81665383,12.80624847,11.66190379,14.2126704,11.18033989,15,11.18033989,14.2126704,9.848857802,13.45362405,10.44030651,12.04159458,9.486832981,13.45362405,9.486832981,12.72792206,8.544003745,14.2126704,8.544003745,12.80624847,9.055385138,10.81665383,9.055385138,12.04159458,8.246211251,11.3137085,8.062257748,12.20655562,8,12.72792206,8.062257748,11.3137085,8.246211251,12.04159458
19.10497317,8.246211251,19.84943324,8.246211251,21.40093456,8.544003745,20.80865205,7.280109889,21.40093456,6.708203932,21.40093456,6.708203932,20.61552813,5.830951895,21.40093456,5,20,5,20.24845673,7.211102551,19.41648784,5,18.86796226,5.656854249,19.72308292,5,20.24845673,5,19.72308292,4.472135955,18.35755975,5.385164807,18.02775638,5.385164807,17.20465053,6.32455532,18.02775638,4.472135955,17,6,17,6.08276253,15.65247584,6.32455532,15.65247584,5.385164807,15.23154621,8.246211251,15.65247584,7.280109889,14.31782106,7.615773106
18.38477631,6.08276253,20.51828453,6.08276253,21.40093456,5.099019514,19.84943324,5,20.80865205,4,21.26029163,5.385164807,20.80865205,5.099019514,20.61552813,4,18.78829423,6.32455532,26.2488095,6.32455532,21.63330765,1,21.63330765,2.236067977,20,2.236067977,19.72308292,1,19.20937271,1,21.63330765,2.828427125,17.49285568,2.236067977,18.86796226,2,18.02775638,2.236067977,18.02775638,3.16227766,18.02775638,3.16227766,18.02775638,4,16.64331698,4.472135955,16.1245155,5,16.64331698,5.830951895,16.64331698,5.385164807
4.242640687,20.61552813,4.242640687,21.40093456,4.472135955,21.40093456,1.414213562,21.63330765,2.236067977,20.24845673,3.16227766,21.40093456,3,21.63330765,2.236067977,21.40093456,1.414213562,21.63330765,1.414213562,20,1.414213562,22.02271555,3,20.24845673,3,20.24845673,2.236067977,19.41648784,3,18.86796226,3,20,3,18.86796226,2.828427125,20.61552813,4.123105626,18.86796226,5.385164807,17.20465053,4.472135955,17.49285568,4.242640687,17.20465053,4.242640687,15.8113883,5,16.64331698,5,17.49285568,6.32455532,16.64331698
6.403124237,16.64331698,5,16.40121947,6.403124237,16.40121947,6.403124237,16.40121947,6.403124237,18.02775638,6.403124237,17.02938637,7.211102551,15.26433752,6.32455532,15,7.810249676,19.20937271,7.211102551,11.70469991,7.280109889,14.4222051,7.280109889,13.45362405,6.08276253,16.2788206,6.32455532,13.60147051,6.08276253,14.2126704,7.071067812,14.2126704,7,13.45362405,7.280109889,12.80624847,6,12.72792206,5,12.80624847,6.08276253,12.04159458,5.099019514,12.04159458,6.32455532,11.66190379,5.385164807,12.20655562,4.123105626,12.20655562,6.403124237,12.80624847
10.81665383,17.49285568,11.66190379,18.02775638,11.3137085,17.20465053,12.04159458,18.02775638,12.04159458,16.64331698,12.80624847,16.64331698,12.04159458,16.40121947,13.03840481,15,12.72792206,15.26433752,13.45362405,15,12.80624847,16.40121947,13.03840481,15,12.52996409,15.62049935,13.89244399,14.86606875,12.08304597,14.4222051,13.41640786,14.2126704,11.18033989,12.72792206,9.486832981,12.72792206,11.70469991,13.45362405,12.08304597,13.45362405,11.40175425,12.80624847,11.18033989,12.80624847,9.486832981,13.45362405,10,12.04159458,11,13.45362405,10,14.14213562
13,21.9317122,11.70469991,22.8035085,11.66190379,22.6715681,11.66190379,24.41311123,10.81665383,22.02271555,8.602325267,23.60084744,10.29563014,24.41311123,9.219544457,23.60084744,9.899494937,25,7.810249676,20.59126028,10,22.47220505,9.433981132,19.72308292,7.071067812,21.63330765,10,21.09502311,8.062257748,21.09502311,8.94427191,20.59126028,8.94427191,19.72308292,10.29563014,17.49285568,10,18.78829423,9.848857802,17.88854382,10.77032961,17.4642492,9.433981132,16.55294536,9.848857802,17.08800749,10.77032961,18.68154169,10.44030651,17.08800749,12.52996409,16.76305461
4.123105626,20,4.123105626,20.61552813,3.16227766,21.40093456,1.414213562,20.80865205,2,20.61552813,2.236067977,20,0,21.63330765,2,20,2,19.72308292,2.236067977,17.49285568,2.236067977,20.24845673,1.414213562,20,2.236067977,19.41648784,3.16227766,19.41648784,2.236067977,17.88854382,2.236067977,18.02775638,2.828427125,17.49285568,3,15.26433752,5,15,4,15.23154621,5.099019514,16.1245155,3.16227766,17,6.08276253,13.92838828,7.071067812,13.41640786,7.615773106,13.92838828,7.280109889,12.08304597
8.602325267,15.8113883,10,15.8113883,9.899494937,15.26433752,10,16.1245155,10.63014581,14.4222051,10.63014581,15.26433752,11.3137085,15,10,14.4222051,9.848857802,14.2126704,8.94427191,15,10.77032961,14.2126704,10.77032961,13.60147051,11.18033989,14.2126704,10.29563014,13.45362405,9.486832981,12.20655562,10.77032961,12.72792206,9.486832981,12.80624847,9.219544457,13.45362405,9.219544457,12.04159458,10.19803903,12.20655562,7.071067812,12.04159458,9.219544457,12.04159458,8.062257748,11.40175425,9.219544457,12.04159458,9,10.63014581,9.219544457,12.04159458
14.86606875,11.18033989,12.72792206,12.52996409,14.2126704,12.64911064,15.62049935,10.77032961,14.86606875,11.18033989,14.86606875,12.20655562,15,10.63014581,15,9.433981132,15.26433752,8.602325267,15.26433752,9.433981132,15,9.899494937,14.4222051,8.485281374,15.26433752,9.219544457,14.31782106,8.602325267,14.31782106,9.219544457,13.41640786,9.219544457,13.03840481,7.810249676,13.92838828,7.211102551,13.41640786,10,12.64911064,8.602325267,10.77032961,8.94427191,13,10,11.70469991,9.433981132,10.44030651,10.29563014,11.70469991,10.29563014,11.18033989,9.848857802
81.88406438,65.03076195,90.73588044,78.23042886,87.8179936,78.0320447,103.3924562,66.48308055,95.67131231,72.00694411,93.50935782,57.14017851,84.40379138,72.13875519,82.00609733,61.77378085,99.40321926,66.48308055,76.57675888,70.83784299,85.0411665,89.20201791,76.38062582,80.77747211,86.2670273,75.21303079,86.83317338,68.62215386,79.51100553,54.67174773,92.80086206,80.21221852,82.03657721,62.12889827,87.1148667,46.69047012,82.80700453,54.4885309,75.74298647,52.32590181,79.24645102,56.93856338,82.73451517,65.9241989,76.36753237,41.23105626,96.40020747,62.39390996,86.2670273,74.24284477,86.37129153,61.20457499
19.10497317,9.486832981,20.51828453,8.062257748,20,7.211102551,20.80865205,7.615773106,19.84943324,7.211102551,20.80865205,6.403124237,20.24845673,5.656854249,18.60107524,7.071067812,18.60107524,6.708203932,18.86796226,6.403124237,20.24845673,7.810249676,20.24845673,6.708203932,20.24845673,7.615773106,20,5.830951895,17.88854382,5.830951895,18.86796226,5,16.55294536,6.08276253,16.1245155,7.280109889,17.4642492,6.32455532,16.55294536,6.32455532,15.23154621,7.211102551,14.76482306,7.615773106,14.31782106,8.246211251,14.86606875,9.848857802,15.5241747,7.615773106,14.86606875,8.544003745
8.544003745,18.86796226,9.848857802,18.86796226,9.433981132,19.41648784,7.071067812,18.86796226,9.219544457,18.02775638,9.219544457,18.60107524,8.602325267,18.86796226,9.433981132,18.02775638,9.219544457,17.80449381,9.219544457,17.80449381,10,17.02938637,9.848857802,16.40121947,9.848857802,18.60107524,9.848857802,16.40121947,11.18033989,15.8113883,9.848857802,17.02938637,10.44030651,16.40121947,8.062257748,15.62049935,9.486832981,14.2126704,9.055385138,15,8.062257748,14.2126704,9.055385138,15,8,14.2126704,7,14.86606875,8,14.86606875,8.246211251,14.86606875
11.70469991,17.02938637,11.18033989,14.86606875,11.70469991,17.69180601,11.18033989,18.43908891,10.29563014,17.02938637,10.29563014,17.80449381,9.433981132,17.80449381,9.848857802,18.02775638,8.602325267,17.20465053,9.899494937,15.8113883,9.899494937,17.20465053,9.219544457,16.1245155,7.810249676,16.64331698,7.071067812,16.1245155,9.219544457,16.1245155,7.810249676,16.64331698,7.071067812,16.1245155,7.615773106,16.1245155,9.219544457,14.76482306,8.544003745,14.31782106,6.708203932,13.41640786,7.211102551,14.31782106,7.810249676,13.41640786,8.544003745,11.70469991,8.94427191,13.60147051,9.848857802,12.64911064
7.071067812,34.20526275,8.062257748,34.71310992,7.071067812,36.61966685,5,37.01351105,4.123105626,34.82814953,4,34.82814953,3.16227766,34.40930107,1.414213562,32.20248438,2.236067977,34.40930107,1,33.01514804,1.414213562,35.80502758,1,33.83784863,5,33.83784863,3.605551275,32.20248438,3.16227766,31.40063694,4.242640687,33.28663395,4,31.6227766,4.472135955,30.23243292,5.385164807,29.68164416,6.708203932,28.3019434,5.830951895,28.3019434,7.615773106,26.92582404,7.280109889,26.92582404,9.055385138,28.3019434,9.486832981,27.29468813,9.219544457,25.94224354
13.03840481,17,11.66190379,16.64331698,13.60147051,17.88854382,14.2126704,18.35755975,14.14213562,16.1245155,12.72792206,16.1245155,14.2126704,15.26433752,13.60147051,15.26433752,12.04159458,15,13.03840481,16.2788206,13.03840481,15,13.89244399,15.26433752,13.89244399,13.45362405,13.89244399,14.2126704,13,13.45362405,12.52996409,13.60147051,15.23154621,13.45362405,13,12.72792206,12.52996409,12.80624847,12.64911064,14.14213562,11.70469991,12.72792206,12.64911064,12.72792206,11.40175425,11.3137085,11.18033989,12.72792206,12.36931688,13.45362405,10.04987562,12.04159458
11.40175425,16.64331698,12.04159458,18.02775638,13.45362405,19.41648784,14.2126704,18.86796226,12.80624847,16.64331698,13.45362405,17.20465053,13.60147051,15.8113883,12.80624847,15,14.4222051,15.62049935,12.80624847,16.2788206,12.52996409,16.2788206,13.41640786,15.62049935,13.41640786,13.45362405,12.52996409,14.86606875,12.08304597,14.86606875,13.92838828,13.45362405,12.52996409,13.45362405,11.18033989,14.14213562,12.64911064,14.14213562,12.64911064,13.45362405,10.44030651,13.45362405,11.40175425,13.45362405,10.04987562,12.04159458,9.055385138,13.45362405,9.055385138,13.45362405,10,14.86606875
5,21.40093456,6.32455532,20.80865205,5.830951895,22.02271555,6.403124237,21.09502311,7.071067812,21.63330765,6.403124237,21.40093456,7.071067812,20,6.403124237,20,6.708203932,19.41648784,6.32455532,17.80449381,6.08276253,19.20937271,7.280109889,18.86796226,7.280109889,17.80449381,6.32455532,18.60107524,7.071067812,17.80449381,7.071067812,17.80449381,7.071067812,18.60107524,5,17.80449381,8,17.20465053,7.071067812,17.20465053,6,17.20465053,5.385164807,17.20465053,6.32455532,15.8113883,7.615773106,16.40121947,7.211102551,16.40121947,7.071067812,15
3.605551275,25.8069758,3.605551275,26.2488095,2.236067977,24.8394847,2.236067977,25,1,25.23885893,1,25.61249695,1.414213562,24.41311123,1,25,3.605551275,23.60084744,2,24.8394847,2.236067977,23.60084744,3.16227766,23.60084744,3.605551275,23.85372088,3.605551275,22.20360331,3.16227766,22.20360331,4.123105626,23.02172887,4.472135955,20.80865205,4.242640687,21.63330765,4.472135955,20.24845673,7.071067812,21.63330765,5.656854249,19.41648784,6.403124237,19.72308292,5.830951895,17.49285568,7.211102551,17.80449381,7.211102551,18.86796226,6.708203932,18.35755975
17.49285568,13.60147051,18.35755975,14.2126704,18.86796226,12.80624847,17.49285568,13.45362405,16.64331698,14.14213562,16.64331698,15.62049935,17.20465053,14.2126704,15.8113883,14.2126704,16.40121947,16.2788206,16.2788206,13.60147051,15.62049935,15,14.2126704,15.8113883,15,13.89244399,13.60147051,13.03840481,15.62049935,14.4222051,15.62049935,14.4222051,12.72792206,13.89244399,14.14213562,12.52996409,13.45362405,13.41640786,14.2126704,12.64911064,14.14213562,12.08304597,12.72792206,10.77032961,13.45362405,10.44030651,14.14213562,10.19803903,13.45362405,11.04536102,14.86606875,12.16552506
14.2126704,17.69180601,15,17.69180601,14.4222051,17.80449381,14.14213562,17.69180601,13.60147051,15.8113883,11.66190379,16.64331698,11.3137085,17.80449381,14.2126704,16.64331698,13.60147051,17.20465053,11.40175425,15.26433752,9.433981132,19.41648784,12.04159458,16.15549442,10.63014581,17,9.219544457,16.1245155,8.602325267,16.1245155,10.81665383,16.1245155,11.40175425,15.65247584,10.63014581,14.76482306,11.40175425,18.02775638,10.81665383,16.76305461,12.80624847,13.92838828,8.544003745,14.56021978,10.77032961,10.44030651,11.40175425,10.44030651,12.20655562,9.486832981,11.40175425,16.1245155
9.433981132,18.02775638,10.81665383,18.60107524,10.63014581,18.86796226,11.3137085,18.86796226,11.3137085,18.86796226,11.3137085,18.43908891,13.60147051,17.20465053,11.66190379,17.20465053,12.80624847,17.02938637,12.20655562,17.02938637,11.70469991,17.02938637,9.433981132,16.40121947,11.18033989,16.2788206,11.70469991,15.62049935,11.18033989,15.62049935,12.52996409,14.2126704,10.77032961,14.2126704,10.44030651,14.86606875,9.848857802,15.55634919,9.486832981,15.62049935,9.219544457,14.86606875,9.219544457,14.14213562,8.062257748,13.45362405,8.062257748,14.14213562,9,14.86606875,8.246211251,14.86606875
14.2126704,16.1245155,14.2126704,14.76482306,14.2126704,16.64331698,15,16.64331698,14.2126704,15,14.86606875,15.26433752,15.62049935,14.4222051,14.4222051,13.45362405,15.8113883,12.80624847,15,13.45362405,15.26433752,13.45362405,14.76482306,14.2126704,15.26433752,13.45362405,14.76482306,12.72792206,14.31782106,13.45362405,13.89244399,12.72792206,13.41640786,12.04159458,12.52996409,12.72792206,12.08304597,12.72792206,12.36931688,12.04159458,12.64911064,12.04159458,11.18033989,12.80624847,10.44030651,12.04159458,11.04536102,12.80624847,11.04536102,12.80624847,11.18033989,13.45362405
20,4.472135955,21.40093456,3.16227766,23.02172887,4.242640687,22.20360331,2,21.63330765,3.16227766,22.20360331,2.236067977,20.80865205,2.236067977,21.40093456,2.828427125,21.40093456,4.242640687,21.40093456,2.236067977,21.40093456,3,20.80865205,3.16227766,20.80865205,4.123105626,19.41648784,3.16227766,20.24845673,4,20.24845673,4,18.60107524,4.123105626,19.41648784,4.472135955,18.02775638,4.123105626,17.20465053,4.472135955,15.8113883,4.472135955,17.20465053,4.472135955,16.64331698,5.656854249,15.26433752,4.472135955,17.49285568,5.830951895,15.26433752,6.403124237
18.43908891,7.071067812,18.43908891,8.246211251,20.61552813,8.544003745,21.40093456,8.062257748,20.61552813,7.071067812,18.60107524,5.830951895,18.02775638,4.472135955,20.24845673,4.472135955,18.60107524,5,20,4.472135955,20.61552813,3.605551275,18.86796226,5.830951895,19.41648784,4.123105626,18.60107524,5.099019514,18.02775638,4.123105626,17.49285568,4.123105626,17.20465053,4,17.49285568,4,16.64331698,5.099019514,17,5.099019514,15.26433752,5.099019514,15.65247584,6.708203932,15.65247584,7.071067812,15.23154621,8.246211251,15.23154621,6.32455532,13,8.062257748
2.236067977,20,3.605551275,20.61552813,4,20.80865205,3,20.24845673,2.236067977,20.80865205,3.16227766,20.24845673,2.828427125,19.41648784,2.828427125,19.41648784,4.123105626,19.41648784,3.605551275,18.02775638,3,20.24845673,3.16227766,18.02775638,5,19.41648784,4,18.02775638,4.123105626,17.20465053,4.123105626,17.20465053,4,18.02775638,4.123105626,16.64331698,5.099019514,15,4.472135955,15.8113883,4.472135955,15.8113883,4.472135955,14.4222051,3.605551275,16.64331698,6.403124237,15.26433752,6.403124237,15.26433752,7.211102551,13.89244399
15.8113883,5.656854249,15.8113883,7.211102551,17.20465053,5.830951895,17,6.708203932,16.40121947,5.385164807,18.43908891,6.08276253,13.89244399,8.544003745,14.31782106,6.32455532,20.61552813,10.81665383,22.47220505,8.062257748,16.40121947,8.544003745,15,7.280109889,15.62049935,7.071067812,14.2126704,7,13.45362405,7.071067812,14.86606875,6.08276253,14.76482306,7.280109889,12.72792206,6.708203932,13.41640786,8.246211251,11.40175425,6.32455532,13.03840481,7.280109889,12.20655562,6.403124237,13.60147051,6.403124237,12.52996409,7.810249676,11.66190379,8.602325267,11.66190379,7.211102551
53.60037313,14.14213562,59.6405902,19.23538406,55.22680509,14.31782106,51.10772936,14.31782106,46.75467891,11.3137085,49.73932046,16.2788206,55,10.04987562,46.87216658,3,45.35416188,20.09975124,41.23105626,15.8113883,54.40588203,21.02379604,51.42956348,6.708203932,49.73932046,9.433981132,42.43819035,5.830951895,48.54894438,21,46.95742753,11.70469991,51.31276644,9.055385138,37.21558813,15.8113883,40.81666326,14.2126704,37.58989226,16.03121954,37.58989226,17.72004515,44.77722635,20.39607805,25.94224354,17.4642492,40.31128874,11.40175425,38.62641583,20.09975124,40.80441153,20
20.24845673,10.81665383,18.60107524,10.81665383,19.41648784,11.3137085,18.60107524,12.04159458,19.41648784,9.899494937,18.60107524,12.04159458,18.02775638,12.20655562,18.60107524,11.66190379,17.20465053,12.52996409,17.20465053,13.03840481,18.43908891,13.41640786,16.40121947,12.52996409,15.62049935,12.08304597,16.2788206,12.08304597,16.40121947,12.08304597,17.02938637,11.70469991,14.86606875,11.40175425,16.2788206,11.40175425,15.62049935,10.44030651,15.62049935,10.04987562,14.14213562,11.04536102,13.45362405,9.055385138,14.86606875,8.062257748,14.86606875,10,14.86606875,10.04987562,14.86606875,10.04987562
24.20743687,5,24.41311123,4.472135955,25.8069758,3.16227766,25.8069758,4.472135955,23.60084744,4.123105626,25.23885893,4.123105626,25.8069758,4.242640687,23.02172887,3.605551275,24.20743687,5,23.43074903,5.656854249,24.8394847,7.280109889,23.85372088,5.099019514,23.85372088,5.385164807,22.8035085,6.32455532,22.20360331,5.385164807,22.20360331,6,20.80865205,5,20,5,20,5.385164807,19.20937271,6.32455532,20,5.385164807,19.41648784,5.385164807,18.02775638,6.32455532,19.20937271,6.403124237,18.02775638,7.211102551,19.41648784,7.071067812
16.40121947,3,17.80449381,3.605551275,18.60107524,4,19.20937271,2,18.35755975,2.236067977,16.40121947,2,17.49285568,2,18.60107524,1,16.55294536,2,16.55294536,2,17.20465053,1.414213562,15.8113883,5.099019514,17.20465053,1,16.64331698,2.236067977,15.26433752,2.236067977,15.26433752,4.123105626,14.76482306,5.099019514,15.26433752,4.123105626,14.76482306,4,15.65247584,5.099019514,13.41640786,5.385164807,13.89244399,4,11.18033989,6.08276253,13.41640786,7.071067812,12.08304597,7.071067812,11.70469991,7.071067812
22.02271555,4.123105626,21.40093456,3,22.20360331,2,23.60084744,2.236067977,22.20360331,3.16227766,21.63330765,2.236067977,20.61552813,3.605551275,22.20360331,4.472135955,19.72308292,3.605551275,20,5,21.63330765,4.123105626,21.40093456,4.123105626,21.40093456,6.08276253,18.02775638,5.099019514,18.60107524,5,20,6,18.02775638,4,17.02938637,5,18.02775638,4.123105626,18.02775638,5.385164807,15.8113883,4.472135955,16.64331698,5,15.8113883,6.403124237,16.40121947,6.403124237,17.20465053,6.403124237,16.64331698,6.403124237
20,3.16227766,21.40093456,1.414213562,22.20360331,0,20,0,20.80865205,0,20,2.828427125,20.24845673,2,19.41648784,4.242640687,18.02775638,3.16227766,20.24845673,2,19.41648784,2.236067977,19.41648784,5,19.41648784,3.605551275,18.60107524,3.605551275,18.02775638,5,16.64331698,5,17.49285568,5,16.64331698,4.242640687,17.49285568,5.385164807,16.1245155,5.656854249,16.55294536,4.472135955,17,6.708203932,14.76482306,6.32455532,14.76482306,7.280109889,14.76482306,6.08276253,13.41640786,7.280109889
20.61552813,3.605551275,21.40093456,3.16227766,21.26029163,3.605551275,22.47220505,1,22.02271555,2,22.8035085,2.236067977,21.40093456,2.236067977,20.80865205,4.242640687,21.09502311,2.236067977,20.24845673,2,20.80865205,3,21.63330765,4,20.24845673,4,19.41648784,3.16227766,20,4,20,5.099019514,18.02775638,5.099019514,18.60107524,3.605551275,17.49285568,3.16227766,18.02775638,4.472135955,17.20465053,5,17.20465053,4.242640687,15.8113883,5,16.64331698,7.071067812,15.8113883,6.403124237,16.64331698,7.211102551
14.4222051,17.69180601,13.92838828,17.69180601,13.89244399,17.69180601,13.89244399,19.20937271,12.04159458,17.02938637,13.03840481,18.60107524,11.40175425,17.49285568,12.80624847,18.02775638,12.72792206,16.64331698,11.40175425,15.26433752,12.04159458,16.64331698,10.63014581,16.1245155,10.63014581,17.4642492,11.40175425,17,10.63014581,17.4642492,11.40175425,17,9.219544457,16.15549442,11.40175425,15.23154621,10.63014581,17.4642492,11.40175425,14.86606875,10.81665383,13.92838828,10.81665383,13.92838828,11.40175425,12.36931688,10.81665383,12.64911064,11.40175425,13.34166406,12.20655562,12.04159458
39.66106403,47.20169488,41.0487515,53.26349594,29.73213749,48.16637832,17.69180601,60.8276253,28.60069929,38.07886553,22.6715681,56.72741841,22.47220505,54.20332093,19.92485885,47.88527958,19.84943324,45.27692569,52.63078947,49.40647731,32.14031736,54.58937626,14.56021978,64.00781202,13.34166406,48.60041152,13.60147051,49.1934955,19.31320792,49.40647731,23.85372088,62.96824597,12.80624847,39.81205847,12.08304597,35.38361203,17.20465053,42.52058325,14.86606875,48.41487375,17.20465053,43.8634244,25.23885893,33.42154993,11.66190379,36.40054945,12.16552506,35,24.51530134,49.73932046,18.43908891,45.79301257
8.062257748,16.64331698,7.810249676,18.02775638,7.211102551,17.80449381,9.219544457,18.02775638,7.810249676,16.40121947,9.219544457,17.20465053,9.219544457,17.20465053,8.062257748,15.8113883,8.94427191,16.40121947,8.94427191,16.40121947,10.29563014,16.40121947,9.848857802,15.62049935,10.77032961,17.02938637,9.486832981,15.8113883,9.486832981,15,9.486832981,14.86606875,8.544003745,13.45362405,8.246211251,14.14213562,9.219544457,14.2126704,9,12.80624847,8.062257748,12.80624847,9.055385138,13.45362405,7,12.72792206,8.062257748,12.72792206,9.055385138,13.45362405,8.246211251,14.14213562
18.02775638,12.20655562,18.60107524,10.63014581,17.20465053,10.63014581,16.64331698,11.40175425,18.02775638,11.40175425,18.02775638,12.04159458,17.20465053,12.80624847,17.20465053,12.20655562,16.40121947,12.52996409,17.02938637,13,17.20465053,12.52996409,15.8113883,12.64911064,15.8113883,13,15.8113883,12.52996409,15.62049935,12.08304597,14.86606875,13,15.62049935,12.64911064,14.86606875,10.44030651,12.72792206,11.40175425,14.14213562,10.04987562,13.45362405,11.40175425,12.80624847,9.055385138,13.45362405,9.055385138,15.55634919,9.055385138,13.45362405,9,14.14213562,10.04987562
11.70469991,21.26029163,11.18033989,21.26029163,8.544003745,21.26029163,9.486832981,22.6715681,10.77032961,21.40093456,9.848857802,22.02271555,9.848857802,22.20360331,9.433981132,20.80865205,9.219544457,22.20360331,7.810249676,21.26029163,8.602325267,23.02172887,7.810249676,20.59126028,7.810249676,20.1246118,7.071067812,19.72308292,6.708203932,21.09502311,7.810249676,18.86796226,8.062257748,18.35755975,8.544003745,18.02775638,10.29563014,19.23538406,6.708203932,18.35755975,7.615773106,16.64331698,8.062257748,17,8.544003745,16.1245155,10.77032961,17.4642492,10.44030651,17.08800749,10.81665383,17.08800749
10,18.86796226,10.63014581,20.80865205,10.63014581,20.80865205,10.63014581,21.09502311,10.63014581,19.84943324,10,19.41648784,10.63014581,20,12.20655562,17.80449381,12.20655562,18.02775638,12.20655562,16.64331698,13.92838828,17.80449381,12.08304597,17.20465053,13,18.02775638,11.18033989,17.20465053,11.40175425,17.20465053,11.40175425,16.40121947,11.70469991,16.2788206,9.486832981,15.62049935,10,16.64331698,11.40175425,14.2126704,10.04987562,13.60147051,9.055385138,16.97056275,8,13.45362405,9,16.2788206,10.04987562,14.2126704,8.246211251,14.86606875
14.76482306,19.10497317,13.89244399,17.80449381,14.31782106,19.84943324,14.76482306,20.61552813,12.80624847,20,12.20655562,20,12.80624847,20.80865205,12.80624847,20.80865205,12.04159458,20.24845673,10.63014581,18.86796226,10.63014581,18.86796226,12.04159458,19.72308292,9.899494937,18.35755975,10.63014581,18.86796226,10.63014581,18.35755975,12.20655562,19.23538406,11.3137085,17.88854382,12.20655562,18.35755975,9.219544457,17.4642492,10.81665383,17.08800749,11.18033989,16.15549442,10.29563014,15.23154621,10.29563014,14.86606875,11.66190379,12.64911064,11.18033989,13.60147051,13.03840481,15.5241747
15.55634919,12.64911064,15.62049935,13.03840481,16.2788206,13.89244399,16.40121947,13.41640786,17.02938637,11.18033989,17.02938637,11.18033989,15.8113883,10.81665383,17.20465053,11.40175425,17.20465053,10,14.76482306,9.433981132,15.26433752,9.899494937,16.64331698,11.3137085,15.26433752,10.63014581,16.1245155,10.63014581,14.4222051,10.63014581,16.1245155,9.433981132,16.1245155,9.899494937,14.31782106,8.602325267,15.23154621,9.219544457,13,9.433981132,13,10,13.92838828,9.433981132,12.36931688,9.433981132,13.34166406,9.433981132,12.36931688,11.66190379,12.64911064,10.81665383
12.20655562,17.02938637,10.77032961,14.86606875,11.70469991,15,10.29563014,15.55634919,10.81665383,18.60107524,13,15.26433752,9.219544457,18.43908891,14.31782106,13.45362405,13,12.36931688,10.29563014,12.08304597,13.89244399,16.97056275,11.04536102,14.86606875,11.18033989,14.2126704,10.04987562,15.8113883,10.19803903,13.60147051,12.04159458,13.89244399,8,17.02938637,9.219544457,14.14213562,9.486832981,14.86606875,8.544003745,14.2126704,7.280109889,13.60147051,7.615773106,11.66190379,10.81665383,14.76482306,9.219544457,13.89244399,8.485281374,10.63014581,9.219544457,11.66190379
14.14213562,14.31782106,14.2126704,13.89244399,14.86606875,13.89244399,14.2126704,13.89244399,15.8113883,13.89244399,14.2126704,13.89244399,15,13.03840481,15.8113883,12.80624847,16.64331698,13.03840481,15.8113883,11.66190379,16.64331698,11.40175425,14.76482306,12.80624847,14.76482306,12.80624847,14.76482306,12.80624847,14.76482306,10.63014581,14.76482306,9.899494937,14.31782106,9.899494937,12.08304597,9.219544457,13.92838828,9.899494937,13.92838828,9.219544457,11.70469991,10.63014581,11.40175425,10.81665383,11.18033989,10.63014581,11.18033989,11.3137085,12.16552506,10.63014581,11.18033989,11.3137085
16.97056275,13.41640786,17.02938637,13.89244399,19.20937271,13.89244399,17.80449381,13.89244399,17.20465053,13.03840481,18.02775638,14.4222051,18.02775638,11.66190379,18.02775638,12.80624847,18.02775638,11.40175425,19.41648784,12.20655562,18.02775638,12.04159458,18.86796226,10.63014581,17,10.63014581,19.23538406,11.3137085,17,11.3137085,16.55294536,10,17.88854382,11.66190379,15.23154621,9.433981132,16.76305461,10.63014581,15.23154621,12.20655562,14.31782106,10.63014581,13.60147051,10.81665383,14.86606875,10.29563014,13.34166406,12.20655562,13.34166406,11.66190379,13.15294644,11.66190379
4,20,3.16227766,20.24845673,4.472135955,20.80865205,3.605551275,20.80865205,4.472135955,20.80865205,4.242640687,21.40093456,4.472135955,20.80865205,4.242640687,19.41648784,4.123105626,20,5.099019514,19.84943324,6.08276253,20,4.123105626,19.41648784,6,18.02775638,6,18.60107524,6.08276253,17.20465053,5,18.60107524,5,17.20465053,4.123105626,16.40121947,7.280109889,15.8113883,6.32455532,16.40121947,4.472135955,17.20465053,7.615773106,14.4222051,5,15.8113883,7.071067812,15,5.656854249,15.26433752,7.211102551,15.26433752
17.69180601,9.486832981,17.80449381,8.062257748,17.80449381,8.062257748,18.43908891,7.615773106,18.43908891,8.062257748,18.60107524,8.062257748,18.02775638,6.403124237,18.02775638,6.403124237,19.23538406,5.656854249,16.55294536,5.656854249,18.02775638,5,18.35755975,6.708203932,17.49285568,6.403124237,17.49285568,6.32455532,17.49285568,7.211102551,17.49285568,5.830951895,16.1245155,6.708203932,15.65247584,6.32455532,14.76482306,6.708203932,15.23154621,7.280109889,15.26433752,6.708203932,13.60147051,7.615773106,12.64911064,7.280109889,13,8.246211251,13.60147051,8.94427191,13.92838828,8.544003745
20.24845673,6.32455532,20.24845673,7.615773106,20,5.656854249,20.80865205,5.656854249,20.61552813,5,20.80865205,5.830951895,18.86796226,8.485281374,20,7.280109889,18.35755975,8.602325267,18.60107524,6.08276253,19.41648784,7.280109889,17.20465053,6.08276253,18.02775638,6.32455532,17.80449381,7.280109889,17.20465053,7.280109889,18.60107524,8.246211251,17.80449381,9,15.8113883,7,16.40121947,7.071067812,17.02938637,8,15.62049935,6.708203932,15.8113883,8.246211251,13.60147051,4.472135955,14.2126704,5.830951895,15.26433752,5.656854249,16.64331698,8.062257748
37.53664876,2.828427125,37.80211634,5.385164807,37.01351105,6,38.27531842,4.123105626,36.40054945,2.236067977,38.41874542,1.414213562,37.20215048,4.472135955,34.66987165,4.123105626,37.80211634,4.123105626,35.60898763,5,36.40054945,5.099019514,36.05551275,6.08276253,35,7.280109889,34.20526275,6.08276253,33.01514804,5.099019514,34.82814953,8.062257748,33.28663395,8.062257748,30.8058436,5.099019514,32.44996148,6.32455532,29.41088234,7.615773106,28.01785145,8.062257748,28.60069929,8.485281374,26.62705391,7.810249676,28.01785145,9.219544457,28.65309756,10.44030651,26.92582404,9.848857802
8.246211251,23.60084744,9.219544457,21.26029163,9.219544457,22.8035085,8.246211251,22.8035085,6.708203932,22.02271555,8.544003745,24.20743687,6.403124237,23.02172887,5.385164807,22.02271555,5.656854249,23.32380758,6.403124237,21.63330765,5.830951895,23.02172887,4.472135955,21.9544984,4.123105626,22.47220505,5.385164807,21.9544984,5.385164807,20.80865205,5.099019514,20.24845673,5.385164807,20.59126028,6.08276253,19.41648784,5.385164807,20.1246118,6.08276253,19.72308292,7.071067812,17.49285568,7.071067812,17.49285568,8.062257748,17,7.280109889,17.4642492,8.246211251,16.55294536,8.246211251,16.15549442
23.60084744,5.830951895,22.8035085,6.32455532,22.20360331,6.403124237,22.47220505,5,22.8035085,6.403124237,23.02172887,6.403124237,21.63330765,7.615773106,22.8035085,7.211102551,21.09502311,7.615773106,21.09502311,8.062257748,20.80865205,8.246211251,22.20360331,8.246211251,21.40093456,6,20.61552813,8.062257748,19.41648784,7.071067812,19.84943324,7.280109889,19.41648784,7.071067812,19.41648784,8,18.60107524,7.071067812,18.60107524,7.071067812,17.80449381,9.055385138,17.80449381,7.615773106,19.41648784,8.544003745,16.1245155,7.211102551,15.8113883,6.403124237,16.64331698,8.062257748
18.43908891,8.544003745,17.20465053,9.486832981,17.02938637,9.433981132,18.60107524,8.544003745,17.80449381,8.94427191,18.02775638,8.602325267,18.02775638,6.403124237,16.64331698,8.602325267,17,7.810249676,17,7.071067812,19.23538406,7.211102551,17.49285568,7.810249676,17.49285568,5.656854249,16.64331698,6.708203932,17,6.708203932,15.8113883,6.32455532,15.65247584,6.08276253,14.76482306,5.830951895,16.15549442,6.32455532,14.31782106,8.544003745,15.65247584,7.615773106,14.86606875,7.615773106,11.70469991,9.486832981,13.60147051,9.848857802,13.60147051,7.615773106,13.92838828,9.486832981
17.69180601,12.64911064,19.10497317,13.34166406,19.84943324,14.31782106,17.80449381,13.41640786,19.20937271,12.52996409,18.60107524,11.66190379,19.41648784,10.29563014,20,11.66190379,20.61552813,8.94427191,19.41648784,8.94427191,20.24845673,9.899494937,19.72308292,9.899494937,19.72308292,9.219544457,18.35755975,9.219544457,18.86796226,9.219544457,18.35755975,9.219544457,17.4642492,8.602325267,17.49285568,8.062257748,16.1245155,8.94427191,17,8.602325267,16.55294536,8.602325267,15.65247584,8.062257748,15.23154621,8.544003745,14.56021978,9.848857802,14.31782106,9.848857802,14.31782106,10.81665383
10,17.49285568,10.63014581,18.02775638,11.3137085,18.02775638,12.04159458,17.49285568,11.3137085,17.49285568,11.40175425,17.20465053,12.04159458,17.02938637,11.66190379,16.2788206,11.66190379,15.62049935,11.66190379,16.97056275,13,16.2788206,12.52996409,14.86606875,12.08304597,16.40121947,11.18033989,16.40121947,11.18033989,14.14213562,11.70469991,13.60147051,11.70469991,13.45362405,9.848857802,12.80624847,10.77032961,13.45362405,11.40175425,12.72792206,10.44030651,13.45362405,9.219544457,13.45362405,8.246211251,13.45362405,9.055385138,15.55634919,10,12.80624847,9.055385138,14.14213562
18.86796226,5.099019514,18.02775638,6,19.41648784,5.385164807,19.20937271,6.403124237,16.64331698,5.656854249,18.02775638,6.403124237,18.86796226,6.708203932,18.60107524,5.830951895,16.64331698,5.656854249,17.49285568,7.211102551,16.64331698,5.830951895,17.49285568,6.708203932,17.20465053,7.280109889,16.2788206,6.32455532,15.8113883,6.08276253,17.02938637,7.071067812,15.8113883,6,15.62049935,7.071067812,15,7.071067812,14.4222051,6,13.45362405,6,14.2126704,6.08276253,14.2126704,5.385164807,13.45362405,5.830951895,13.60147051,5.830951895,15.26433752,5.830951895
23.60084744,4,24.41311123,3.16227766,24.41311123,4,23.02172887,4.472135955,23.60084744,3.605551275,23.02172887,3.605551275,23.60084744,5.656854249,23.60084744,5,23.02172887,5.385164807,21.63330765,4.123105626,22.47220505,4.123105626,22.20360331,5.099019514,20.80865205,5.099019514,20.80865205,5,21.09502311,6.08276253,21.40093456,6.08276253,20.24845673,6.08276253,20,6.32455532,19.20937271,6.08276253,18.60107524,4.472135955,18.43908891,6.708203932,17.49285568,5.830951895,16.64331698,5.656854249,16.40121947,5.830951895,16.64331698,7.071067812,17.49285568,7.211102551
9.433981132,18.02775638,9.219544457,18.86796226,10.63014581,19.41648784,10.63014581,18.86796226,11.40175425,18.60107524,10.63014581,18.02775638,11.40175425,18.60107524,11.18033989,17.80449381,10,17.69180601,11.18033989,17.69180601,10.77032961,16.40121947,11.18033989,16.40121947,12.08304597,17.02938637,11.70469991,16.2788206,11.18033989,17.02938637,10.77032961,16.2788206,9.848857802,14.14213562,8.544003745,14.86606875,9.486832981,15.8113883,10.19803903,14.86606875,9.055385138,14.86606875,11,14.14213562,8,14.86606875,8.062257748,14.86606875,9.055385138,15,8.062257748,14.86606875
14.86606875,17.49285568,15.55634919,17,17.80449381,16.1245155,16.40121947,16.64331698,15.62049935,16.40121947,16.2788206,15.8113883,17.80449381,15,17.20465053,16.2788206,16.64331698,14.2126704,15.65247584,14.2126704,16.55294536,14.14213562,16.1245155,12.72792206,16.64331698,13.45362405,15.26433752,13.45362405,16.1245155,12.80624847,16.55294536,13.45362405,14.76482306,13.45362405,14.76482306,12.72792206,13.92838828,12.04159458,14.86606875,12.80624847,13,13.45362405,11.40175425,13.45362405,12.36931688,13.60147051,12.16552506,14.86606875,12.16552506,12.80624847,12.04159458,15
16.1245155,9.219544457,15.26433752,9.219544457,15.26433752,8.602325267,14.4222051,7.810249676,14.76482306,9.219544457,14.4222051,9.433981132,15.23154621,12.04159458,10.77032961,9.486832981,14.86606875,9.219544457,20.59126028,12.80624847,11.18033989,10.04987562,13.60147051,10.77032961,13.60147051,9.848857802,10.63014581,9.433981132,12.72792206,11.18033989,12.04159458,10.19803903,12.80624847,9.486832981,13.45362405,10.44030651,11.3137085,8.544003745,12.72792206,9,12.04159458,7,10.63014581,7.071067812,12.04159458,8,12.04159458,7.280109889,11.40175425,7.071067812,12.04159458,8.246211251
12.04159458,18.60107524,14.14213562,20.59126028,14.86606875,20,14.2126704,19.23538406,14.4222051,19.20937271,14.2126704,18.60107524,14.4222051,15.8113883,12.20655562,15.62049935,13.89244399,16.40121947,14.31782106,16.1245155,14.76482306,16.2788206,13,16.2788206,13.41640786,17.02938637,14.86606875,16.97056275,14.31782106,15.62049935,13,16.2788206,14.56021978,14.86606875,12.36931688,13.45362405,12.16552506,14.86606875,11.18033989,14.2126704,13.15294644,14.2126704,12.16552506,14.86606875,11,13.45362405,11.04536102,13.45362405,11.04536102,13.45362405,10.04987562,14.2126704
22.20360331,2.236067977,24.41311123,1.414213562,22.8035085,1.414213562,24.41311123,1.414213562,22.20360331,2.236067977,23.02172887,2.236067977,23.02172887,3.16227766,21.26029163,5,20.24845673,3.16227766,20.80865205,3.16227766,21.09502311,3,20.80865205,4.123105626,19.41648784,3.16227766,19.20937271,4.123105626,18.60107524,5.385164807,18.02775638,2.828427125,17.49285568,5.830951895,18.60107524,6.403124237,18.60107524,5.385164807,17.49285568,5.656854249,15.8113883,7.211102551,16.64331698,5,15.26433752,5.830951895,15.65247584,7.211102551,17,6.32455532,17.49285568,6.32455532
21.21320344,9.486832981,20.51828453,8.544003745,22.02271555,10.29563014,23.43074903,10.77032961,22.20360331,10.29563014,22.8035085,8.544003745,22.20360331,7.071067812,21.63330765,7.071067812,20,5,20.59126028,6.403124237,22.47220505,6.403124237,21.63330765,5.830951895,21.09502311,7.810249676,20,6.708203932,18.86796226,6.403124237,20.59126028,7.211102551,19.23538406,6.403124237,18.02775638,5.830951895,19.72308292,6.708203932,17.88854382,6.08276253,18.35755975,5.385164807,15.65247584,8.062257748,17.4642492,6.708203932,16.15549442,8.246211251,15.23154621,8.246211251,14.86606875,8.246211251
18.38477631,13.92838828,16.97056275,14.31782106,19.10497317,13.41640786,19.20937271,12.08304597,18.60107524,12.52996409,19.84943324,10.81665383,20.80865205,11.66190379,20.24845673,10.63014581,21.26029163,11.18033989,22.02271555,11.40175425,20.24845673,10,20.24845673,10,20.1246118,10,18.02775638,9.899494937,18.86796226,9.219544457,18.86796226,8.485281374,18.35755975,9.899494937,16.64331698,9.899494937,17,8.485281374,17,10,16.1245155,10,16.55294536,9.433981132,16.55294536,8.94427191,15.23154621,12.20655562,14.86606875,8.602325267,14.86606875,10.81665383
20.61552813,4.472135955,21.40093456,5,20.80865205,6.403124237,20.80865205,6.403124237,20,8.062257748,20,6.708203932,21.40093456,6.32455532,21.63330765,6.708203932,20.61552813,6.32455532,20,5.099019514,19.84943324,6.08276253,18.60107524,7.071067812,19.41648784,9,17.02938637,7,17.20465053,7.071067812,17.69180601,7.071067812,18.02775638,7.071067812,16.2788206,6.08276253,17.20465053,7.071067812,15.8113883,5.385164807,15.26433752,5.385164807,15,5,14.76482306,5.830951895,15.8113883,7.211102551,14.4222051,5.830951895,14.4222051,7.810249676
13.92838828,15.55634919,12.08304597,15.55634919,13,16.2788206,12.52996409,15.62049935,9.433981132,15.8113883,12.52996409,15.62049935,9.848857802,17.20465053,11.40175425,16.1245155,10.29563014,16.40121947,9.433981132,14.4222051,10.63014581,14.4222051,10.63014581,15.26433752,10.63014581,15.8113883,10.63014581,15.8113883,9.899494937,15.23154621,10,13.89244399,9.219544457,14.31782106,10,13.41640786,8.485281374,13.41640786,8.602325267,11.70469991,8.602325267,12.64911064,8.485281374,12.08304597,10.63014581,11.40175425,8.602325267,12.36931688,10.63014581,10.19803903,10,11.18033989
15.8113883,14.14213562,15.26433752,14.86606875,16.64331698,14.2126704,15.26433752,16.40121947,15,13.45362405,15.8113883,15.26433752,13.60147051,15.8113883,14.2126704,16.1245155,13.45362405,14.76482306,12.80624847,14.4222051,14.86606875,14.76482306,13.45362405,13.41640786,14.2126704,13,14.14213562,13.92838828,14.14213562,14.31782106,13.45362405,13,13.45362405,12.64911064,12.04159458,13.92838828,12.72792206,12.08304597,12.04159458,11.70469991,13.45362405,12.36931688,11.40175425,11.40175425,11.40175425,11.04536102,12.04159458,12.04159458,12.80624847,10,12.80624847,11.04536102
15.62049935,18.35755975,13.45362405,17.49285568,14.14213562,19.72308292,14.86606875,18.35755975,15.55634919,17.49285568,15,17.20465053,17.20465053,15.8113883,15.8113883,13.60147051,16.64331698,15,17,15.55634919,15.8113883,14.86606875,16.55294536,13.45362405,15.23154621,14.2126704,14.76482306,12.80624847,13.89244399,14.14213562,14.76482306,12.04159458,15.23154621,14.2126704,13.41640786,14.14213562,14.86606875,13.45362405,14.56021978,14.14213562,14.56021978,12.04159458,12.16552506,13.45362405,12.64911064,13.45362405,12.16552506,14.2126704,11.18033989,13.45362405,12.16552506,14.86606875
19.84943324,3.605551275,20.80865205,2.236067977,22.20360331,1.414213562,22.8035085,1.414213562,19.84943324,0,20.24845673,1,22.20360331,3.16227766,20,1.414213562,22.02271555,3,20.80865205,2.236067977,20,2,18.86796226,3.16227766,18.02775638,2.236067977,18.60107524,2.236067977,19.20937271,2.236067977,18.60107524,4.123105626,18.86796226,5.385164807,18.02775638,2.828427125,18.02775638,3.16227766,16.64331698,4.472135955,16.40121947,3.605551275,16.1245155,4.242640687,14.4222051,5,14.76482306,5.099019514,14.4222051,4.472135955,16.1245155,4.472135955
20.61552813,1.414213562,18.02775638,3.605551275,19.41648784,2,20,2.236067977,19.20937271,2.236067977,21.09502311,1,19.23538406,1.414213562,20,1,18.35755975,4.472135955,14.56021978,3.605551275,18.60107524,3.605551275,18.86796226,2.236067977,18.02775638,3.16227766,17.02938637,2.236067977,16.64331698,2.236067977,17.49285568,4.472135955,17.20465053,3.605551275,16.40121947,5,16.64331698,4.242640687,14.4222051,4.472135955,15,3.605551275,14.76482306,4.472135955,14.31782106,5.385164807,13.89244399,7.615773106,12.52996409,6.32455532,14.31782106,7.280109889
12.80624847,13.60147051,14.14213562,17,14.2126704,14.76482306,14.2126704,16.55294536,14.14213562,15.26433752,14.14213562,14.4222051,15,13.89244399,13.60147051,13.60147051,14.2126704,12.80624847,14.4222051,14.2126704,15.8113883,13.60147051,14.76482306,13.45362405,13.41640786,13.45362405,14.76482306,12.04159458,14.76482306,11.40175425,13.41640786,11.3137085,13.41640786,12.72792206,11.70469991,12.04159458,13,12.04159458,13,10.63014581,12.64911064,11.3137085,12.64911064,10.63014581,9.486832981,11.40175425,10.19803903,12.04159458,10.19803903,12.04159458,11.18033989,11.40175425
29.69848481,20.59126028,29.83286778,20.1246118,31.89043744,19.72308292,32.01562119,18.86796226,30.61045573,17.20465053,31.40063694,18.02775638,31.6227766,15.62049935,29.41088234,15,30.52867504,16.2788206,27.78488798,16.2788206,31.06444913,16.2788206,30.01666204,16.2788206,30.01666204,15.62049935,28.3019434,14.86606875,27.78488798,15.55634919,29.15475947,14.4222051,28.65309756,14.4222051,25.05992817,15,26.41968963,15.62049935,25.49509757,15.26433752,23.2594067,15.65247584,25.07987241,15.26433752,21.54065923,15.26433752,22.13594362,18.86796226,22.56102835,17.49285568,21.58703314,18.35755975
12.80624847,15.26433752,14.14213562,15.65247584,12.72792206,17.20465053,14.14213562,15.65247584,13.60147051,15.26433752,14.4222051,14.4222051,15,13.03840481,14.4222051,14.2126704,13.41640786,13.45362405,12.08304597,16.2788206,13.41640786,14.2126704,13.41640786,13.45362405,13.89244399,12.80624847,13.03840481,12.80624847,12.08304597,12.80624847,13.41640786,13.45362405,13,12.72792206,11.70469991,12.04159458,12.08304597,12.04159458,13.60147051,12.04159458,14.31782106,12.72792206,12.36931688,10.81665383,9.486832981,11.66190379,11,13.45362405,10,11.3137085,10,13.45362405
3.16227766,19.84943324,5.830951895,18.43908891,5,19.41648784,5.830951895,18.60107524,7.211102551,18.86796226,6.403124237,18.02775638,5.656854249,18.43908891,5.830951895,19.20937271,6.708203932,17.80449381,6.08276253,18.60107524,6.08276253,17.20465053,7.280109889,17.20465053,9.055385138,17.02938637,8.062257748,16.64331698,9,14.4222051,7,16.64331698,6,15.62049935,3.16227766,15,6.08276253,15.8113883,8.062257748,15.26433752,5.385164807,14.2126704,5.385164807,15.26433752,6.708203932,12.80624847,7.810249676,13.89244399,5.656854249,14.31782106,7.071067812,13.41640786
17.20465053,12.08304597,16.97056275,12.08304597,16.2788206,12.52996409,17.69180601,12.08304597,17.69180601,11.66190379,17.02938637,11.66190379,17.69180601,11.66190379,18.43908891,11.66190379,17.20465053,8.94427191,16.40121947,9.848857802,17.80449381,10,18.02775638,10,18.86796226,10,17.20465053,9.899494937,17.20465053,8.062257748,17.49285568,9.219544457,17,7.810249676,15.26433752,9.219544457,15.26433752,9.219544457,15.65247584,9.219544457,15.23154621,9.219544457,14.31782106,7.810249676,13.92838828,8.062257748,15.23154621,9.433981132,14.56021978,9.433981132,13.60147051,10
7.280109889,19.20937271,4,17.02938637,6.32455532,18.60107524,5.099019514,20.24845673,3.16227766,19.41648784,4.123105626,20.80865205,5,19.41648784,4.242640687,18.02775638,5.099019514,18.86796226,5,17.49285568,4.472135955,18.86796226,3,18.35755975,3.16227766,17.49285568,4.123105626,17,5.099019514,17,6,17,5.099019514,17,5.099019514,14.76482306,4,15.65247584,6,16.15549442,6.08276253,15.23154621,5,15.23154621,8.062257748,13.92838828,7.280109889,11.70469991,8.062257748,13.92838828,7.071067812,13.34166406
19.20937271,8.544003745,19.20937271,7.280109889,18.43908891,7.280109889,19.41648784,7.615773106,19.41648784,6.708203932,17.49285568,5,18.86796226,4.242640687,19.72308292,5,19.72308292,4.242640687,17.4642492,5.830951895,18.35755975,3.16227766,18.35755975,4.472135955,18.78829423,5.385164807,17,5.385164807,16.1245155,5.385164807,17,6.08276253,15.65247584,6,16.64331698,4.123105626,14.76482306,7.280109889,16.1245155,7.071067812,15.23154621,8,14.86606875,8.062257748,13.60147051,9.219544457,13,8.246211251,13,8.94427191,13.60147051,9.219544457
18.35755975,16.2788206,17.49285568,16.97056275,18.02775638,16.97056275,18.86796226,17.69180601,17.49285568,17.02938637,16.64331698,18.43908891,16.64331698,17.20465053,16.64331698,17.20465053,16.40121947,16.1245155,15.55634919,17.88854382,15.62049935,19.23538406,14.4222051,18.35755975,13.45362405,17,13.45362405,17,12.80624847,15.65247584,13.45362405,17,13.45362405,16.55294536,12.72792206,15.23154621,12.72792206,15.23154621,13.45362405,14.56021978,12.04159458,13.60147051,12.04159458,14.14213562,12.72792206,13.15294644,12.80624847,12.16552506,12.80624847,13.03840481,15.8113883,12
20,7.211102551,21.63330765,6.403124237,20.24845673,7.071067812,21.40093456,7.810249676,20,5.656854249,20.61552813,8.602325267,19.41648784,5.830951895,20,8.062257748,18.86796226,8.544003745,18.02775638,7.615773106,19.41648784,9.486832981,18.60107524,9.486832981,18.43908891,9.486832981,17.02938637,9.219544457,17.20465053,8.246211251,16.40121947,8.062257748,15.8113883,8.246211251,15.62049935,7.071067812,16.2788206,7.280109889,15,7,15.8113883,7.071067812,14.2126704,8,13.89244399,7.280109889,15.8113883,6.708203932,15,7.280109889,15.26433752,7.615773106
18.35755975,8.602325267,17.49285568,8.485281374,19.41648784,9.219544457,16.64331698,9.219544457,17.80449381,8.94427191,17.49285568,9.899494937,18.02775638,10,17.49285568,10.63014581,17.80449381,9.486832981,15.8113883,10.44030651,17.69180601,10.77032961,16.40121947,10.44030651,15,12.08304597,14.2126704,10.77032961,15.55634919,11.18033989,14.2126704,11.70469991,14.2126704,10.19803903,16.40121947,10.19803903,13.45362405,9.219544457,14.2126704,9.055385138,12.80624847,8,14.4222051,7,12.04159458,7,14.14213562,10.19803903,10.63014581,8.062257748,13.45362405,7.280109889
22.02271555,4.123105626,21.40093456,3.605551275,22.8035085,4.123105626,23.02172887,3,22.20360331,2.236067977,22.02271555,2.236067977,22.20360331,2,21.40093456,1.414213562,21.63330765,1,21.09502311,2,21.40093456,2.828427125,21.63330765,3,20.80865205,2.236067977,21.09502311,2.236067977,20.24845673,2.236067977,20,3.605551275,19.72308292,4.472135955,18.60107524,3.605551275,18.02775638,4.123105626,17.80449381,5,17.20465053,5,16.64331698,6,17,7,17.20465053,7,17.49285568,6.08276253,16.64331698,7.071067812
8.246211251,20.51828453,7.211102551,20.61552813,5.830951895,20.61552813,6.403124237,21.9317122,5.099019514,19.84943324,5.385164807,21.21320344,7.211102551,20.51828453,5,21.9317122,5,20.51828453,5,19.84943324,3.605551275,21.26029163,5.385164807,21.21320344,3.605551275,20.61552813,4.242640687,21.21320344,3.605551275,19.10497317,5,19.84943324,2.828427125,19.41648784,4.242640687,17.69180601,3.605551275,19.20937271,3.605551275,18.60107524,3.605551275,19.41648784,2.236067977,18.86796226,4.472135955,18.60107524,5,19.23538406,5,16.64331698,7.071067812,18.35755975
34.40930107,7,34.66987165,6.32455532,35.80502758,5.830951895,36.35931793,5.830951895,33.83784863,5,35.51056181,7.071067812,32.44996148,8.544003745,31.06444913,8.544003745,32.20248438,9.486832981,30.52867504,7.615773106,31.90611227,7.071067812,31.6227766,10.04987562,32.20248438,10.04987562,31.40063694,9,28.60069929,10.04987562,30,10,30,10.04987562,26.2488095,8.246211251,27.20294102,8.062257748,25.8069758,10.44030651,25,10.77032961,25,10.29563014,23.60084744,8.485281374,25.61249695,10.63014581,25.23885893,10.63014581,25,11.40175425
16.1245155,12.72792206,16.55294536,12.80624847,14.76482306,13.45362405,16.55294536,13.03840481,14.76482306,13.03840481,14.31782106,13.03840481,13.41640786,13.89244399,12.52996409,14.76482306,13.03840481,13.89244399,13.60147051,12.52996409,14.4222051,13,13.03840481,13,10.81665383,12.64911064,12.20655562,12.08304597,13.45362405,13,11.3137085,12.64911064,11.66190379,12.36931688,10.63014581,11.18033989,10,12.36931688,10.63014581,11.40175425,11.3137085,10.19803903,10,10,10.81665383,10,10.63014581,11,9.899494937,10.04987562,12.80624847,10.19803903
5.830951895,21.09502311,5.656854249,20.59126028,5.385164807,20.59126028,7.211102551,21.02379604,6.403124237,19.72308292,5.385164807,20.1246118,7.211102551,18.38477631,7.280109889,17.88854382,6.32455532,18.38477631,6.08276253,16.55294536,6.08276253,17.88854382,8,17.4642492,7.071067812,17,6.08276253,14.76482306,7.071067812,14.86606875,6,16.15549442,7.071067812,16.4924225,7.280109889,14.56021978,7.071067812,14.86606875,6.32455532,13.15294644,6.32455532,14.14213562,6.32455532,13,5.385164807,12,4.472135955,11.04536102,5.830951895,11,6.403124237,13.03840481
12.04159458,20,12.80624847,20.61552813,12.72792206,19.20937271,12.72792206,19.41648784,12.80624847,19.41648784,13.60147051,20.61552813,13.60147051,17.02938637,12.80624847,18.43908891,13.60147051,16.40121947,13.03840481,17.02938637,12.52996409,17.80449381,12.52996409,16.40121947,13.03840481,16.2788206,12.52996409,17.02938637,13.41640786,14.86606875,12.52996409,15.55634919,12.52996409,15.62049935,11.18033989,14.14213562,12.52996409,15.62049935,10.77032961,15,11.40175425,13.60147051,10.44030651,13.60147051,9.486832981,13.60147051,10.19803903,14.76482306,10.04987562,14.4222051,9.055385138,13.89244399
18.60107524,12.20655562,20.51828453,12.04159458,20,11.3137085,19.84943324,12.04159458,18.86796226,12.04159458,20.61552813,11.40175425,21.26029163,11.3137085,20.51828453,9.899494937,20.51828453,10.63014581,19.84943324,10.63014581,20.61552813,14.2126704,19.79898987,13.45362405,20.51828453,12.04159458,19.10497317,12.80624847,20.51828453,12.04159458,21.9317122,13.03840481,20.51828453,12.04159458,19.79898987,12.80624847,20.51828453,12.80624847,21.21320344,13.03840481,20.51828453,11.66190379,20.51828453,13.03840481,19.79898987,13.03840481,19.79898987,15,19.84943324,16.1245155,21.26029163,14.76482306
19.23538406,7.211102551,18.78829423,8.062257748,18.02775638,8.94427191,17,8.544003745,16.64331698,8.246211251,16.1245155,9.219544457,16.1245155,8.544003745,14.76482306,10.19803903,15.62049935,9.486832981,14.4222051,9.486832981,14.4222051,8.062257748,14.4222051,9,14.2126704,8.062257748,13.60147051,7.071067812,12.20655562,8.062257748,12.80624847,8.062257748,13.03840481,8.246211251,13.03840481,7.615773106,11.40175425,7.615773106,10.63014581,8.062257748,11.40175425,7.810249676,12.04159458,7.810249676,10.63014581,8.485281374,12.20655562,7.810249676,11.40175425,8.485281374,12.20655562,9.219544457
9.433981132,20.24845673,10.81665383,20.80865205,9.899494937,21.63330765,10.63014581,21.63330765,11.40175425,21.63330765,10.63014581,20.24845673,11.40175425,19.20937271,11.66190379,20.80865205,12.20655562,19.41648784,10.44030651,17.20465053,9.486832981,17.49285568,13.03840481,17.20465053,11.18033989,17.80449381,10.81665383,18.02775638,10.29563014,16.64331698,8.94427191,17.02938637,10.77032961,15.26433752,9.219544457,15.8113883,8.544003745,15.8113883,9.486832981,15,9.055385138,15,9.055385138,15.26433752,7,14.4222051,10,15.8113883,8.246211251,13.89244399,8.544003745,16.1245155
7.810249676,18.02775638,7.810249676,19.72308292,10,18.86796226,9.433981132,17.49285568,8.94427191,17.80449381,8.94427191,16.64331698,9.848857802,18.35755975,8.544003745,16.64331698,10.44030651,16.40121947,10.19803903,15.62049935,9.219544457,16.1245155,9.055385138,15.26433752,10.19803903,15.26433752,10.44030651,12.80624847,9.219544457,15.26433752,10.04987562,14.4222051,9,14.4222051,8.062257748,12.52996409,10.04987562,12.52996409,8.246211251,13.41640786,8.246211251,12.52996409,7.615773106,10.81665383,7.615773106,11.66190379,8.062257748,10.81665383,9.433981132,11.18033989,8.602325267,11.66190379
8.062257748,19.41648784,8.602325267,20.24845673,8.602325267,20.24845673,8.485281374,20,9.899494937,20,9.219544457,20.80865205,9.433981132,20,8.602325267,20,9.433981132,17.49285568,8.94427191,16.64331698,8.94427191,18.02775638,9.848857802,17.80449381,10.77032961,17.20465053,9.486832981,17.02938637,9.486832981,15.8113883,8.544003745,15.62049935,9.219544457,16.40121947,8.062257748,14.86606875,8.062257748,15,9.055385138,15.8113883,9,15.8113883,10.04987562,15,6.08276253,14.4222051,8.246211251,15,9.486832981,13.60147051,7.280109889,14.4222051
8.544003745,17.69180601,10.19803903,17.02938637,8.544003745,17.69180601,9.486832981,17.02938637,8.544003745,16.40121947,7.211102551,17.02938637,7.615773106,18.02775638,6.708203932,17,7.071067812,17,7.211102551,15.65247584,6.403124237,17,5.830951895,16.1245155,6.403124237,15.8113883,5.830951895,16.64331698,7.071067812,16.1245155,6.08276253,16.55294536,7.071067812,17,7.810249676,14.86606875,8.602325267,15.65247584,5.385164807,15.23154621,6.08276253,13.92838828,5.385164807,13,8.602325267,12.08304597,7.615773106,12.64911064,9.486832981,13.92838828,9.486832981,11.40175425
14.86606875,12.08304597,15.55634919,11.18033989,18.38477631,12.64911064,16.97056275,14.4222051,17.02938637,11.18033989,14.76482306,9.848857802,15.26433752,9.848857802,18.43908891,10,16.64331698,8.544003745,19.20937271,8.94427191,18.60107524,9.899494937,16.1245155,9.219544457,16.1245155,8.485281374,15.65247584,8.602325267,15.26433752,7.810249676,16.1245155,8.602325267,14.76482306,7.071067812,15.26433752,6.708203932,14.4222051,7.810249676,13.03840481,9.219544457,13.41640786,8.602325267,14.86606875,8.602325267,13,8.062257748,12.64911064,8.544003745,12.64911064,10,10.77032961,9.433981132
8.062257748,20,8.062257748,21.09502311,8.602325267,20.80865205,9.899494937,21.63330765,9.219544457,20.61552813,10.63014581,20.80865205,7.810249676,20.80865205,9.219544457,20.51828453,10.29563014,18.60107524,10.81665383,18.02775638,8.94427191,19.10497317,10.81665383,17.69180601,12.08304597,19.10497317,9.486832981,19.10497317,8.94427191,17.20465053,9.848857802,17.69180601,9.486832981,17.69180601,9.848857802,16.2788206,9.055385138,17.69180601,10.19803903,17.20465053,10.04987562,16.2788206,9.055385138,17.02938637,8.062257748,16.2788206,10,17.02938637,7.071067812,16.2788206,9.219544457,15.55634919
19.10497317,8.544003745,19.84943324,8.246211251,19.79898987,7.280109889,20,6.32455532,19.84943324,5.830951895,19.20937271,6.32455532,20,5,19.20937271,5,19.41648784,4.123105626,19.84943324,4.472135955,19.41648784,5,20,5.830951895,19.41648784,5.656854249,18.60107524,5,19.41648784,4.242640687,18.43908891,4.123105626,18.02775638,3.16227766,17.20465053,5.385164807,17.20465053,5.385164807,17.49285568,5.385164807,16.1245155,4.123105626,15.26433752,6.32455532,15.26433752,5.385164807,16.1245155,6.32455532,15.26433752,7.615773106,14.31782106,7.615773106
19.41648784,2.828427125,18.60107524,4.123105626,21.40093456,1.414213562,18.02775638,2.236067977,19.20937271,0,19.20937271,2,20,2,20,1,18.86796226,2,18.86796226,3.605551275,18.02775638,4.472135955,18.02775638,2.828427125,20,2.236067977,17.49285568,3.605551275,16.40121947,3.605551275,19.41648784,4.472135955,15.8113883,4.242640687,16.64331698,5,16.1245155,6.403124237,17,5,14.4222051,4.472135955,14.4222051,6.403124237,13.89244399,6.708203932,13.03840481,6.32455532,13.03840481,6.32455532,14.4222051,5.385164807
7.615773106,22.20360331,8.246211251,21.26029163,8.062257748,20.61552813,10.29563014,20,9.433981132,20,7.211102551,20.80865205,7.810249676,22.02271555,9.219544457,19.84943324,8.602325267,19.20937271,9.219544457,19.84943324,11.18033989,17.80449381,9.433981132,19.84943324,10.29563014,20,11.18033989,17.80449381,9.433981132,18.60107524,10.29563014,17.20465053,8.062257748,16.2788206,8.544003745,15.62049935,8.94427191,17.20465053,9.219544457,18.43908891,9.486832981,17.20465053,7.280109889,16.64331698,7.071067812,15.8113883,9.055385138,17.20465053,8,16.64331698,6.08276253,16.40121947
21.40093456,5.830951895,22.6715681,4.123105626,23.60084744,4,22.20360331,4.123105626,23.32380758,2,21.63330765,2.236067977,21.9544984,0,20.61552813,1,22.47220505,1,23.43074903,1,20.61552813,2.236067977,21.9544984,2.236067977,20.24845673,4.242640687,20,2.236067977,20.24845673,2.828427125,18.60107524,2.828427125,17.20465053,3.605551275,19.41648784,5,18.86796226,4.242640687,18.60107524,4.242640687,19.41648784,4.472135955,18.02775638,4.472135955,17.49285568,5.099019514,17.49285568,7.615773106,17,7.071067812,14.76482306,6.08276253
23.60084744,3.605551275,23.60084744,3.16227766,23.85372088,5,22.47220505,1,23.02172887,1.414213562,24.41311123,2.236067977,25.23885893,1,24.41311123,2.236067977,25,2.828427125,25.49509757,1.414213562,23.85372088,3,22.8035085,1.414213562,23.60084744,3.16227766,22.20360331,3.16227766,20.51828453,4.472135955,20,5,20.24845673,4.123105626,21.40093456,5.099019514,20.61552813,4.472135955,17.80449381,5,19.20937271,4.472135955,18.02775638,5.656854249,18.02775638,5.656854249,17.88854382,5.385164807,15.8113883,5.099019514,17.88854382,6.08276253
14.14213562,14.4222051,14.86606875,15.26433752,15.62049935,15.26433752,16.40121947,15.8113883,15,15,15,15.62049935,15.62049935,12.80624847,14.76482306,13.45362405,14.76482306,14.2126704,15,13.45362405,14.76482306,13.45362405,14.76482306,14.14213562,14.76482306,12.72792206,15.8113883,13.45362405,14.76482306,12.80624847,14.76482306,12.04159458,14.31782106,11.40175425,12.08304597,11.40175425,13,12.80624847,12.64911064,12.04159458,12.64911064,11.3137085,12.36931688,12.04159458,11.40175425,12.20655562,11.18033989,13.60147051,11.04536102,13.45362405,11.04536102,12.20655562
21.40093456,7,21.40093456,4.472135955,23.02172887,4.472135955,21.40093456,4.472135955,21.63330765,3.605551275,21.40093456,6.403124237,21.63330765,5,20,6.403124237,21.40093456,5.830951895,22.02271555,6.403124237,20,7.211102551,20.80865205,5.830951895,19.20937271,6.708203932,18.86796226,7.280109889,18.43908891,7.280109889,19.41648784,6.32455532,18.60107524,7.280109889,19.41648784,7,18.02775638,5,17.02938637,7.071067812,16.64331698,6.08276253,16.64331698,6.08276253,15.62049935,6.08276253,16.40121947,6.08276253,17.02938637,5.830951895,16.64331698,6.32455532
16.1245155,10.81665383,18.35755975,10,16.64331698,10,16.1245155,10.63014581,14.76482306,10.63014581,16.64331698,11.40175425,15.26433752,10.81665383,14.4222051,10.81665383,15,11.40175425,15,12.20655562,16.40121947,11.66190379,14.4222051,12.08304597,13.60147051,10.81665383,13.60147051,10.77032961,12.80624847,11.18033989,13.45362405,10.77032961,14.2126704,10.77032961,13.45362405,10.44030651,12.04159458,10.44030651,12.72792206,10.19803903,12.04159458,10.19803903,12.04159458,10,12.04159458,9.055385138,12.04159458,10,11.40175425,9.055385138,12.04159458,9
16.64331698,13.45362405,15.26433752,12.72792206,13.60147051,12.72792206,15,12.72792206,14.76482306,11.40175425,15.26433752,13.60147051,15.26433752,13.03840481,14.4222051,11.66190379,13.45362405,13.89244399,13.45362405,11.66190379,13.45362405,13.41640786,14.14213562,13.41640786,11.66190379,13.41640786,12.72792206,13,12.80624847,10.77032961,12.72792206,13,12.72792206,12.64911064,12.04159458,11.70469991,12.04159458,11.70469991,11.3137085,12.16552506,12.04159458,11.40175425,11.3137085,10.04987562,11.3137085,9.055385138,10.63014581,10.04987562,10.63014581,9.055385138,12.80624847,10.04987562
17.02938637,12.52996409,16.97056275,12.52996409,17.69180601,11.66190379,17.80449381,13.03840481,18.60107524,12.04159458,17.80449381,12.04159458,17.02938637,11.40175425,17.80449381,11.3137085,18.86796226,10,18.60107524,10,17,10,18.02775638,9.899494937,16.1245155,9.219544457,17.20465053,9.219544457,16.1245155,9.219544457,16.1245155,9.219544457,16.55294536,10,16.1245155,9.219544457,14.31782106,9.899494937,15.23154621,11.40175425,13.92838828,9.219544457,13.60147051,10.81665383,13.60147051,10.29563014,13.34166406,10.81665383,12.36931688,10.29563014,12.64911064,11.18033989
9.433981132,16.64331698,9.433981132,18.86796226,11.66190379,18.86796226,10.63014581,18.86796226,10.63014581,16.64331698,10.63014581,17.80449381,10.81665383,18.02775638,10.29563014,17.20465053,10,15.8113883,10.81665383,17.80449381,11.18033989,15.8113883,11.18033989,15.62049935,11.18033989,14.86606875,11.18033989,15,10.29563014,16.40121947,9.848857802,15.62049935,9.848857802,14.2126704,10.44030651,14.86606875,9.486832981,16.40121947,9.219544457,14.2126704,10.44030651,14.2126704,9.055385138,13.45362405,8,13.45362405,7,14.14213562,8,12.72792206,7.071067812,13.45362405
13,16.97056275,11.70469991,18.38477631,12.52996409,19.20937271,10.29563014,17.80449381,11.18033989,18.02775638,12.20655562,19.20937271,12.08304597,19.41648784,10.81665383,17.80449381,8.94427191,19.20937271,9.219544457,19.84943324,7.211102551,19.20937271,8.062257748,18.60107524,8.602325267,19.72308292,8.485281374,19.72308292,7.211102551,17.49285568,8.485281374,17.49285568,7.211102551,17.49285568,8.602325267,18.35755975,7.211102551,15.65247584,7.810249676,17.4642492,7.211102551,16.1245155,8.062257748,14.76482306,8.94427191,13.60147051,10.29563014,13,11.18033989,12.64911064,10.29563014,13.34166406
33.30165161,12.64911064,34.05877273,12.64911064,35.4682957,11.18033989,35.60898763,11.18033989,34.20526275,9.433981132,34.82814953,10.29563014,35.22782991,8.602325267,33.60059523,7.810249676,34.40930107,7.071067812,32.20248438,5.830951895,34.40930107,7.071067812,32.44996148,7.211102551,33.01514804,8.062257748,31.6227766,8.062257748,30.23243292,6.32455532,31.6227766,7.071067812,31.90611227,8.246211251,28.8444102,7.280109889,28.3019434,7.615773106,28.65309756,9.219544457,26.41968963,9.219544457,27.29468813,11.18033989,24.59674775,11.18033989,26.40075756,12.64911064,26,12.64911064,25.49509757,14.14213562
8.94427191,18.02775638,9.433981132,18.86796226,10.81665383,17.49285568,10.63014581,18.02775638,9.219544457,19.41648784,10,18.02775638,10.63014581,17.80449381,9.899494937,16.64331698,11.3137085,15.8113883,12.72792206,17.20465053,11.66190379,17.80449381,9.433981132,17.20465053,8.94427191,17.20465053,11.18033989,16.2788206,10.81665383,15,11.66190379,14.86606875,9.433981132,15.8113883,8.062257748,15,10.44030651,13.45362405,10.77032961,14.2126704,12.16552506,12.80624847,10.19803903,13.45362405,9.055385138,12.04159458,10.04987562,14.86606875,9,12.80624847,8.062257748,14.2126704
20.61552813,5,21.26029163,4,22.02271555,4,20.80865205,4,20,3,20.80865205,2.236067977,20.80865205,2.236067977,20.24845673,2.236067977,19.41648784,2,19.41648784,3.16227766,20.24845673,1,18.60107524,2.236067977,18.86796226,2.236067977,17.49285568,4,17.49285568,1,18.86796226,1.414213562,18.86796226,4,15.8113883,6.08276253,17.49285568,4.123105626,17.49285568,5.099019514,16.64331698,4.123105626,15.26433752,5,15.26433752,7.071067812,16.1245155,6,13.89244399,6.08276253,15.65247584,7.071067812
43.27817002,24.69817807,50.28916384,38.63935817,46.5295605,27.20294102,33.54101966,67.89698079,28.28427125,25.23885893,31,15.26433752,46.87216658,38.01315562,27.65863337,30.61045573,38.20994635,30.46309242,28.63564213,34.98571137,46.87216658,53.74011537,41.34005322,46.61544808,39.05124838,37.48332963,37.58989226,49.40647731,41.88078318,46.87216658,43.8634244,35.51056181,48.82622246,21.02379604,33.42154993,32.75667871,31.30495168,33.24154028,23.70653918,42.80186912,35.11409973,31.144823,42.05948169,38.60051813,20.61552813,35.12833614,41.10960958,32.44996148,47.88527958,42.19004622,46.01086828,47.01063709
8.602325267,16.64331698,9.433981132,15.26433752,9.219544457,16.1245155,10.63014581,17.20465053,12.04159458,17.20465053,9.899494937,16.64331698,11.40175425,15.26433752,10,14.2126704,10.81665383,15.8113883,10.81665383,14.4222051,10.29563014,15.8113883,11.18033989,14.86606875,11.18033989,14.14213562,11.18033989,14.14213562,10.77032961,13.45362405,11.18033989,14.14213562,10.77032961,13.45362405,9.486832981,14.86606875,10.44030651,12.80624847,9.219544457,13.45362405,9.219544457,12.04159458,10.19803903,11.40175425,7.071067812,13.45362405,9,12.80624847,8,12.72792206,8.062257748,13.45362405
17.69180601,13.41640786,17.69180601,13.60147051,17.69180601,13.89244399,19.41648784,12.80624847,17.80449381,11.40175425,17.80449381,11.66190379,17.80449381,10,18.60107524,12.04159458,17.49285568,10.29563014,18.02775638,10,16.55294536,10,16.64331698,10.63014581,16.55294536,10.63014581,17.49285568,11.3137085,17.4642492,9.219544457,16.55294536,11.3137085,16.55294536,10,15.65247584,10.63014581,17,8.602325267,13.92838828,10,14.86606875,8.602325267,15.23154621,9.433981132,12.64911064,10,12.36931688,11.40175425,12.16552506,10.63014581,13.15294644,10.81665383
8.602325267,20.80865205,9.219544457,19.72308292,8.485281374,20,8.602325267,19.41648784,9.219544457,21.40093456,9.219544457,19.41648784,10.81665383,19.41648784,9.219544457,19.20937271,9.486832981,19.20937271,9.486832981,17.80449381,8.544003745,17.69180601,9.486832981,19.20937271,10.44030651,17.02938637,11.70469991,15.62049935,8.544003745,15.62049935,10.19803903,17.02938637,9.486832981,17.02938637,9.219544457,16.2788206,9.219544457,16.2788206,10.04987562,15.55634919,9,15,8,14.86606875,8.062257748,16.2788206,7.280109889,15.62049935,8.246211251,14.2126704,8.94427191,15
17.69180601,11.18033989,17.69180601,11.66190379,19.20937271,11.18033989,18.02775638,11.66190379,17.80449381,10.81665383,19.84943324,10,18.60107524,8.94427191,18.60107524,10.63014581,18.60107524,7.211102551,19.41648784,10,18.35755975,9.219544457,17.49285568,9.219544457,17.49285568,9.219544457,17,9.219544457,17.49285568,7.810249676,17,8.062257748,15.65247584,7.810249676,15.26433752,8.062257748,15.65247584,9.219544457,15.65247584,8.602325267,15.23154621,8.544003745,14.31782106,10.29563014,13.60147051,8.94427191,13.60147051,9.433981132,13.60147051,9.433981132,12.36931688,9.848857802
51.31276644,19.92485885,30.41381265,19.6977156,58.5918083,10.77032961,64.14047084,28.3019434,27.51363298,18.43908891,49.16299421,16.55294536,57.72347876,13.15294644,29.20616373,16.64331698,37.20215048,33.60059523,43.0464865,24.08318916,46.32493929,33.61547263,59.81638571,13.41640786,49.81967483,31.95309062,55.56977596,36.138622,72.83543094,17.4642492,64.47480128,24.0208243,47.01063709,21.58703314,24.04163056,27.89265136,38.20994635,26.62705391,53.60037313,24.18677324,38.89730068,25,36.79673899,31.01612484,24.0208243,39.44616585,37.65634077,28.44292531,64.32728814,34.53983208,44.40720662,33.83784863
19.79898987,8.544003745,19.20937271,8.94427191,19.79898987,8.544003745,19.20937271,8.94427191,19.41648784,8.062257748,19.20937271,8.062257748,21.40093456,7.615773106,19.41648784,6.403124237,19.41648784,7.211102551,18.35755975,7.071067812,21.63330765,6.403124237,19.72308292,6.403124237,19.41648784,7.071067812,18.60107524,6.708203932,18.02775638,5.830951895,20.24845673,6.403124237,17,5.830951895,16.64331698,6.708203932,18.35755975,6.32455532,17.88854382,7.211102551,15.65247584,6.708203932,15.23154621,6.708203932,15.65247584,6.708203932,14.31782106,7.615773106,15.23154621,7.280109889,15.23154621,8.246211251
7,18.43908891,5.099019514,18.43908891,5.099019514,20.80865205,1.414213562,18.38477631,3,18.43908891,4,20.80865205,2,18.86796226,2.236067977,18.60107524,6.08276253,17.88854382,1,14.56021978,0,17.80449381,2.236067977,18.02775638,3,18.86796226,2.236067977,17.80449381,4.123105626,16.1245155,4,18.35755975,3.16227766,18.02775638,5,15.8113883,2.236067977,16.1245155,4,15.65247584,5.385164807,14.76482306,5,16.1245155,5.099019514,13.89244399,6,15.65247584,6.32455532,14.76482306,7,13.41640786
6.08276253,19.79898987,5,19.20937271,5.099019514,19.20937271,4.472135955,20.80865205,3.16227766,20.61552813,3,21.40093456,3.16227766,20.61552813,3.16227766,18.02775638,0,19.20937271,2,18.60107524,2.236067977,18.86796226,1.414213562,20.24845673,1,19.41648784,2,19.72308292,3,16.64331698,4.123105626,18.60107524,2.828427125,18.35755975,2,16.64331698,4.472135955,15.26433752,3.16227766,16.1245155,3.605551275,16.1245155,3.16227766,16.64331698,4,14.31782106,5.385164807,15.26433752,6.08276253,14.31782106,5.099019514,15.23154621
16.40121947,12.04159458,17.20465053,11.3137085,15.8113883,11.3137085,17.20465053,13.45362405,16.64331698,12.04159458,15.8113883,11.40175425,15.8113883,13.60147051,15,12.80624847,16.40121947,13.60147051,14.4222051,13.89244399,14.86606875,13.41640786,12.80624847,13.41640786,14.2126704,12.52996409,12.72792206,13,14.2126704,12.52996409,13.60147051,13.92838828,14.86606875,11.66190379,12.80624847,10.77032961,14.14213562,10.77032961,13.45362405,11.40175425,12.72792206,10.44030651,12.04159458,9.486832981,12.04159458,10.19803903,12.72792206,10,11.3137085,11,11.40175425,10.04987562
16.2788206,12.52996409,17.69180601,13.03840481,17.80449381,13.03840481,18.60107524,11.40175425,18.60107524,11.40175425,17.80449381,11.40175425,17.20465053,10.63014581,17.20465053,9.899494937,18.02775638,9.899494937,17.49285568,9.899494937,17.49285568,10.63014581,17.88854382,10.63014581,17.49285568,11.40175425,17,10.63014581,17,9.219544457,16.1245155,10,16.55294536,10.63014581,15.23154621,9.899494937,16.55294536,9.433981132,16.15549442,9.433981132,13.92838828,8.062257748,14.86606875,8.602325267,14.56021978,10.29563014,13.34166406,10,13.34166406,10.81665383,12.36931688,9.433981132
2.828427125,19.84943324,3.16227766,21.63330765,2,20.61552813,1.414213562,21.09502311,3.605551275,20,2.828427125,19.41648784,3.605551275,19.41648784,2,20.61552813,4.123105626,18.02775638,4.123105626,19.41648784,3.16227766,20.80865205,3,18.86796226,3.605551275,18.86796226,3.16227766,18.60107524,4.123105626,18.35755975,5.099019514,18.86796226,5.099019514,17.49285568,4.242640687,16.40121947,5.385164807,16.64331698,4.472135955,16.64331698,4.472135955,14.4222051,5,14.76482306,5,14.4222051,6.708203932,15.65247584,6.708203932,14.31782106,6.32455532,14.76482306
18.35755975,12.80624847,18.86796226,12.20655562,17.88854382,11.40175425,18.86796226,12.04159458,17.49285568,12.80624847,18.86796226,13.45362405,16.40121947,13.45362405,17.20465053,13.60147051,16.64331698,13.45362405,15.26433752,12.52996409,16.40121947,15,16.40121947,13.03840481,15.8113883,14.4222051,16.40121947,13.60147051,15,13.03840481,15.62049935,13.60147051,13.45362405,12.52996409,14.14213562,11.66190379,14.14213562,13,13.45362405,12.08304597,12.04159458,10.77032961,13.45362405,10.44030651,12.72792206,11.40175425,14.14213562,11.18033989,12.80624847,11.18033989,14.86606875,12
6.08276253,18.43908891,4.472135955,21.26029163,3.16227766,20.51828453,2.236067977,20.80865205,2.828427125,19.20937271,4.123105626,20,2.236067977,19.72308292,3.605551275,19.20937271,2.236067977,19.41648784,4.472135955,17.49285568,5.099019514,19.41648784,4.123105626,18.02775638,5.099019514,18.02775638,4.123105626,18.02775638,4,18.86796226,5.099019514,18.35755975,5,17.88854382,6.08276253,15.26433752,5,17,6.08276253,16.55294536,6.08276253,14.76482306,6.08276253,13.92838828,6.08276253,14.31782106,7,13,7,13.92838828,8.062257748,15.23154621
4.472135955,24.8394847,4.472135955,24.8394847,2.828427125,25.8069758,1,25.23885893,1,25,1.414213562,24.20743687,1.414213562,24.41311123,1,24.20743687,1.414213562,23.60084744,1.414213562,23.02172887,2,24.69817807,3,23.85372088,3.16227766,23.02172887,3.605551275,23.02172887,3.605551275,23.02172887,4.242640687,23.02172887,3.605551275,20.80865205,4.242640687,21.63330765,5.830951895,21.09502311,5.656854249,20.59126028,6.403124237,19.72308292,6.708203932,19.72308292,6.32455532,18.86796226,7.615773106,19.72308292,7.615773106,18.35755975,7.280109889,17.88854382
11.66190379,17.49285568,12.72792206,18.02775638,12.04159458,17.20465053,12.80624847,18.02775638,13.45362405,17.20465053,13.45362405,15.8113883,13.45362405,15.8113883,12.80624847,16.40121947,13.03840481,13.60147051,12.20655562,14.76482306,13.03840481,16.2788206,12.52996409,16.40121947,13.41640786,15,13,15.62049935,12.08304597,15,12.52996409,13.45362405,12.64911064,12.80624847,11.70469991,13.45362405,11.70469991,13.45362405,13.60147051,12.80624847,11.40175425,14.2126704,11.40175425,12.72792206,10.19803903,12.04159458,10.04987562,13.45362405,10.04987562,12.80624847,9.055385138,14.14213562
19.41648784,4.123105626,20.61552813,4.472135955,21.40093456,4.242640687,20,5.830951895,20.80865205,4.242640687,20,5.656854249,18.86796226,5.830951895,18.43908891,6.32455532,18.60107524,6.708203932,18.86796226,5.830951895,18.43908891,7.071067812,17.20465053,7.280109889,18.60107524,6.08276253,17.20465053,6.08276253,17.20465053,7.071067812,17.02938637,7.071067812,16.40121947,6,16.40121947,6.08276253,15.8113883,6.32455532,17.20465053,6.32455532,15,5.385164807,13.60147051,6.708203932,13.60147051,5.830951895,13.60147051,5,13.60147051,7.211102551,15.26433752,7.810249676
20,5.385164807,20.80865205,5.385164807,19.41648784,5.385164807,20.80865205,5,20,5.656854249,19.41648784,5,22.20360331,5.656854249,20,5,20,6.403124237,18.60107524,4.472135955,19.41648784,6.708203932,18.02775638,6.708203932,19.41648784,7.071067812,19.20937271,6.32455532,18.02775638,5.385164807,17.20465053,7.280109889,18.60107524,7.071067812,16.40121947,5.099019514,17.02938637,7,15.62049935,6,15.8113883,6.08276253,14.4222051,5,15.8113883,6.32455532,14.14213562,5.385164807,15.26433752,7.615773106,15.8113883,6.708203932
8.062257748,19.84943324,7.615773106,19.10497317,7.280109889,21.26029163,6.708203932,19.20937271,5.830951895,20,6.708203932,20,7.211102551,20,5.385164807,20,6.708203932,19.72308292,3.605551275,17.88854382,5,18.02775638,5,18.02775638,5.385164807,17.49285568,3.605551275,18.02775638,4.472135955,18.02775638,5.385164807,18.02775638,4.123105626,17.49285568,7.615773106,16.1245155,5.385164807,17,6.08276253,16.64331698,5.385164807,16.55294536,7.280109889,15.26433752,7.615773106,15.23154621,6.08276253,16.55294536,9,16.15549442,9.219544457,15.23154621
8.94427191,17.20465053,11.18033989,18.02775638,10,18.02775638,9.219544457,17.20465053,9.899494937,17.20465053,9.899494937,17.20465053,9.899494937,17.49285568,10,17.20465053,9.433981132,16.64331698,8.94427191,15.8113883,9.433981132,15,10.29563014,16.40121947,11.18033989,15.8113883,9.848857802,16.40121947,9.486832981,13.60147051,9.486832981,12.80624847,10.19803903,15,8.246211251,12.72792206,10.44030651,15.62049935,9.219544457,13.45362405,11.18033989,13.45362405,10.19803903,13.45362405,7,12.80624847,9,15,9.055385138,12.80624847,8.246211251,12.80624847
17.49285568,8.062257748,18.35755975,5.830951895,19.41648784,8.94427191,17.49285568,7.810249676,17.49285568,8.485281374,19.41648784,7.810249676,17.49285568,8.602325267,16.40121947,9.219544457,14.76482306,8.062257748,17,8.062257748,17,9.433981132,14.2126704,9.433981132,14.2126704,9.433981132,15.62049935,9.848857802,15.26433752,10.29563014,14.2126704,9.848857802,15,8.94427191,14.14213562,8.544003745,14.4222051,8.94427191,14.2126704,8.062257748,14.86606875,7,11.40175425,6.08276253,12.80624847,7.071067812,12.80624847,6,13.45362405,9,13.60147051,8.246211251
14.31782106,17.69180601,14.76482306,15.62049935,13.60147051,16.2788206,14.4222051,17.02938637,11.66190379,17.80449381,12.52996409,17.20465053,11.18033989,15.8113883,13.03840481,15.8113883,12.80624847,15.26433752,10,16.1245155,10.63014581,16.64331698,12.20655562,17.20465053,9.899494937,17,10.63014581,15.65247584,10.63014581,16.1245155,10.63014581,17,10.63014581,15.26433752,11.40175425,15.65247584,11.3137085,15.23154621,10.81665383,13.92838828,10,13,10,13,10.63014581,13.34166406,11.3137085,11.40175425,9.433981132,11.40175425,12.20655562,12.36931688
13.41640786,14.86606875,12.52996409,15.55634919,11.18033989,15,10.81665383,14.4222051,10.81665383,15.8113883,12.80624847,15,10.81665383,16.40121947,11.3137085,15.8113883,11.3137085,14.4222051,11.3137085,13.41640786,10.63014581,15.23154621,9.899494937,15.26433752,10,14.76482306,8.602325267,13.41640786,9.899494937,15.23154621,11.3137085,13.92838828,9.899494937,14.76482306,10.63014581,12.64911064,11.3137085,12.36931688,10.63014581,11.40175425,9.219544457,12.16552506,10.63014581,12.36931688,10.63014581,10.19803903,10.81665383,10.04987562,10.63014581,11,10.81665383,11.04536102
3,19.84943324,2.236067977,19.20937271,2.236067977,20,1,18.86796226,1.414213562,20,1,19.20937271,1.414213562,18.86796226,0,18.86796226,1,20,1,18.60107524,2.236067977,20,1,18.02775638,2.828427125,18.02775638,2.828427125,18.60107524,4.242640687,16.64331698,2.236067977,18.86796226,3.605551275,16.64331698,2.236067977,17,4.242640687,15.26433752,6.403124237,15.65247584,4.472135955,14.76482306,4.472135955,13.89244399,4.472135955,13.89244399,5.385164807,15.65247584,6.08276253,14.31782106,6.08276253,14.31782106
3.16227766,25.61249695,4.123105626,25,3.605551275,24.8394847,2.828427125,25.8069758,3.605551275,24.20743687,4.242640687,25.61249695,5,24.20743687,4.123105626,22.8035085,3.605551275,23.02172887,3.605551275,23.60084744,4,23.60084744,5.099019514,22.8035085,5,23.60084744,4,21.63330765,7.071067812,22.47220505,6.08276253,21.40093456,6.32455532,20.80865205,5.099019514,19.20937271,5.385164807,20.80865205,7.211102551,19.41648784,5.830951895,20,7.071067812,18.60107524,5,17.20465053,7.211102551,18.86796226,7.810249676,17.49285568,7.211102551,19.72308292
20.61552813,3.605551275,20.80865205,3,21.40093456,3.16227766,21.40093456,1.414213562,21.40093456,2.828427125,20.80865205,0,20.80865205,0,19.20937271,0,19.84943324,1.414213562,20.61552813,2.828427125,22.20360331,1,19.41648784,2.236067977,20,3.605551275,19.41648784,1.414213562,19.41648784,2.236067977,18.02775638,2.236067977,19.41648784,2.828427125,17.20465053,3.605551275,18.86796226,2.236067977,18.86796226,3.605551275,15.8113883,4.242640687,15.26433752,3.605551275,14.76482306,5,14.76482306,5.830951895,16.1245155,5.385164807,16.1245155,5.385164807
19.41648784,6,19.20937271,5.099019514,20,5.099019514,17.80449381,5.385164807,19.20937271,5,18.35755975,5.099019514,18.86796226,5,18.60107524,5.656854249,17.49285568,6.403124237,17.20465053,6.403124237,18.60107524,5.830951895,17.49285568,5.385164807,16.64331698,4.472135955,16.40121947,5,15.8113883,5.385164807,17.49285568,5.099019514,16.64331698,5.099019514,15.62049935,5,15,4.123105626,14.4222051,7.071067812,14.4222051,5.099019514,14.4222051,5,13.03840481,5.385164807,13.60147051,6.08276253,15,6.708203932,15.26433752,5
18.35755975,10.81665383,19.72308292,12.52996409,17,12.20655562,18.86796226,12.04159458,17,10.63014581,18.35755975,11.40175425,17.80449381,10.63014581,18.02775638,12.20655562,16.64331698,13.03840481,16.64331698,12.52996409,17.20465053,11.40175425,15.8113883,11.66190379,16.1245155,12.20655562,16.40121947,11.18033989,14.4222051,13.41640786,15.62049935,13,13.60147051,12.64911064,13.45362405,9.848857802,14.2126704,10.77032961,12.80624847,11.40175425,13.45362405,12.64911064,13.45362405,11.70469991,15.62049935,8.246211251,14.2126704,10.19803903,13.45362405,8.062257748,14.14213562,8
3.605551275,21.40093456,1.414213562,20.61552813,2,19.84943324,1,21.40093456,2.236067977,20.24845673,1.414213562,21.26029163,1.414213562,21.09502311,2.236067977,18.60107524,3,20.61552813,2,19.20937271,3.16227766,20.80865205,2,20.24845673,4.123105626,18.60107524,4,18.60107524,3.16227766,17.80449381,3.605551275,19.41648784,3.16227766,18.02775638,2.828427125,16.40121947,5,18.86796226,5,16.64331698,4.242640687,18.02775638,5,16.64331698,5.385164807,15.26433752,6.708203932,15.26433752,7.615773106,15.65247584,7.280109889,15.26433752
6,22.8035085,5,23.43074903,4,24.20743687,4.472135955,23.85372088,3,23.60084744,3,22.20360331,3.16227766,24.08318916,3,22.20360331,3.16227766,23.02172887,4,23.32380758,3.16227766,22.20360331,2.236067977,23.02172887,3,22.20360331,2,22.20360331,2.236067977,21.63330765,3.16227766,21.40093456,3.16227766,21.63330765,4,19.41648784,4.472135955,18.86796226,4.472135955,18.86796226,4.472135955,18.86796226,5.099019514,17.49285568,6,18.35755975,7,18.35755975,7.071067812,18.35755975,8,17
18.02775638,12.04159458,17.49285568,12.72792206,17.02938637,13.60147051,18.02775638,12.80624847,15.62049935,12.80624847,17.49285568,15,16.40121947,13.60147051,15.62049935,14.76482306,15.62049935,13.89244399,16.97056275,13.03840481,15.62049935,15.26433752,14.14213562,13,15.62049935,13.92838828,14.86606875,13,14.86606875,14.31782106,15.55634919,13.92838828,14.2126704,12.64911064,14.14213562,11.40175425,14.14213562,12.16552506,14.14213562,11.40175425,14.14213562,11.40175425,13.45362405,11.18033989,12.72792206,11.04536102,14.14213562,10.04987562,14.14213562,9.055385138,13.45362405,11.04536102
24.75883681,6.08276253,24.8394847,6.08276253,26.40075756,6,23.60084744,6,25,3.16227766,25.61249695,5,27.20294102,3.605551275,25.8069758,3,23.60084744,2.236067977,25.61249695,2.236067977,24.41311123,2,24.41311123,1,25.23885893,1,23.02172887,1,23.60084744,2,23.85372088,1,23.02172887,2,22.47220505,1.414213562,22.20360331,2,21.63330765,3.605551275,21.09502311,2.236067977,20.80865205,3,20.80865205,4.123105626,21.09502311,6.08276253,19.72308292,6,19.23538406,8.062257748
5.099019514,20.61552813,5.385164807,20.24845673,4.123105626,20.80865205,5.830951895,21.26029163,5.830951895,19.41648784,2.828427125,19.41648784,5.656854249,22.20360331,4.472135955,20.61552813,4.123105626,18.02775638,5,18.86796226,4.123105626,19.41648784,5.099019514,16.64331698,6.08276253,18.02775638,6.32455532,19.20937271,6.32455532,19.23538406,6.08276253,15.62049935,7,16.40121947,6.08276253,14.86606875,5,17.02938637,5.099019514,16.64331698,7.280109889,16.64331698,5.385164807,16.40121947,3.605551275,15.8113883,5.830951895,17.20465053,6.403124237,16.1245155,5,13.60147051
2.828427125,24.41311123,3,25,3.16227766,23.43074903,2.236067977,24.41311123,3.16227766,24.41311123,4.472135955,23.60084744,4.472135955,22.02271555,4.123105626,23.60084744,4.472135955,20,4.472135955,22.47220505,4.123105626,23.60084744,4,22.02271555,3.16227766,23.43074903,3.605551275,21.63330765,3,21.09502311,4,20.80865205,6.32455532,20,3.16227766,20,6.403124237,20.80865205,7.071067812,18.02775638,5,19.72308292,6.403124237,19.41648784,5.385164807,18.60107524,5.830951895,18.02775638,5.830951895,17.49285568,6.708203932,17.49285568
6.708203932,19.41648784,7.615773106,20.80865205,8.602325267,20.24845673,7.810249676,18.60107524,9.219544457,21.63330765,7.810249676,20,7.810249676,20,7.071067812,18.02775638,9.219544457,17.20465053,8.062257748,19.84943324,8.062257748,19.41648784,8.062257748,18.43908891,7.615773106,17.02938637,7.615773106,17.20465053,6.708203932,17.20465053,7.615773106,16.2788206,8.544003745,16.40121947,7.280109889,15.62049935,6,16.2788206,9,15.8113883,7.280109889,15.8113883,8.062257748,17.02938637,6.08276253,15,6.32455532,17.02938637,6.08276253,15.62049935,6.32455532,14.86606875
16.40121947,15.26433752,17.02938637,15.26433752,15.55634919,15.8113883,16.97056275,15.23154621,17.02938637,15.26433752,19.10497317,13.03840481,17.02938637,13.89244399,17.02938637,14.4222051,15,13.41640786,15.8113883,13.03840481,16.64331698,13.60147051,16.64331698,12.20655562,17.49285568,13.03840481,16.1245155,12.80624847,17,12.20655562,17,12.72792206,17.4642492,12.80624847,14.76482306,11.40175425,14.76482306,12.04159458,14.76482306,14.2126704,14.86606875,12.04159458,13.60147051,13.45362405,14.56021978,12.80624847,14.14213562,13.45362405,14.31782106,10,13.34166406,14.14213562
20,3.16227766,20,4.472135955,20,5,18.60107524,5,18.60107524,4.242640687,19.41648784,5,19.41648784,5.830951895,18.02775638,5.099019514,18.02775638,6.32455532,19.20937271,6,19.41648784,6,18.35755975,6,16.64331698,6,17.20465053,6,16.40121947,6,17.20465053,6.08276253,17.20465053,7.071067812,15.8113883,4.123105626,15.8113883,5.385164807,16.64331698,7.211102551,14.4222051,6.32455532,13.03840481,7.211102551,15.26433752,6.403124237,15,5.830951895,12.04159458,6.403124237,16.1245155,7.810249676
17,14.86606875,15.65247584,14.86606875,17,14.86606875,15.8113883,14.86606875,14.4222051,15.62049935,14.31782106,15.55634919,15.26433752,16.40121947,13.89244399,15,14.2126704,15.8113883,15.55634919,15.26433752,14.4222051,16.64331698,13.45362405,15.26433752,13.45362405,15.23154621,12.20655562,14.31782106,12.72792206,14.76482306,13.45362405,15.23154621,13.45362405,13.92838828,13.45362405,13.41640786,13.60147051,13.92838828,12.04159458,13.34166406,12.04159458,13.60147051,10.63014581,12.64911064,12.80624847,11.40175425,12.80624847,10.44030651,12.20655562,11.18033989,12.80624847,11.18033989
4,18.43908891,5.099019514,20,5.385164807,19.20937271,5,18.60107524,5,17.80449381,4.472135955,18.60107524,5,18.60107524,4.242640687,17.20465053,5.385164807,17.80449381,6.08276253,17.80449381,5.385164807,18.02775638,5.385164807,18.60107524,7.280109889,18.60107524,7,18.02775638,6,16.64331698,6,18.02775638,6,18.86796226,6.08276253,16.1245155,6.08276253,16.64331698,6.08276253,16.64331698,6.32455532,15,5.385164807,13.60147051,6.708203932,13.89244399,6.708203932,14.4222051,6.32455532,13.89244399,7.071067812,15.26433752
5.099019514,19.20937271,4.123105626,20.61552813,4.123105626,20.59126028,3.605551275,20,5,20,4.472135955,20.61552813,5,20.80865205,2.236067977,19.84943324,4.242640687,20,4.472135955,20.61552813,5.385164807,20.24845673,4,18.43908891,6.08276253,18.86796226,5.385164807,19.41648784,6,17.20465053,5.099019514,18.02775638,6.08276253,17.20465053,6,16.64331698,5.099019514,17.49285568,4.472135955,16.64331698,5.830951895,15.8113883,5.385164807,17.49285568,5.656854249,15.26433752,5.656854249,18.02775638,5,15.26433752,7.211102551,15.8113883
9.486832981,19.10497317,9.486832981,19.10497317,8.544003745,20.51828453,9.486832981,20.61552813,7.280109889,19.79898987,7.615773106,21.26029163,7.280109889,20,5.830951895,17.80449381,5.830951895,18.02775638,6.403124237,18.02775638,7.071067812,18.86796226,7.071067812,18.60107524,5.656854249,18.86796226,6.403124237,18.86796226,5,18.35755975,6.403124237,18.35755975,5,16.64331698,6.708203932,16.64331698,5.830951895,17.88854382,5.830951895,17.88854382,5.830951895,16.55294536,7.280109889,15.23154621,8.544003745,13.41640786,8.94427191,16.15549442,8.544003745,16.15549442,8.544003745,13
19.84943324,13.03840481,21.40093456,12.52996409,19.20937271,10.29563014,21.63330765,12.20655562,21.40093456,10,22.02271555,12.04159458,20.24845673,11.40175425,20.80865205,9.219544457,18.86796226,8.485281374,18.35755975,12.04159458,18.86796226,9.219544457,18.86796226,10,20.24845673,9.219544457,18.35755975,11.3137085,19.6977156,10.63014581,19.23538406,10.81665383,17.88854382,8.485281374,16.1245155,9.848857802,17.08800749,10.81665383,16.55294536,8.602325267,16.76305461,9.899494937,14.86606875,9.433981132,14.86606875,10.81665383,14.31782106,10.81665383,13.34166406,10,14.56021978,10.81665383
7.615773106,17.80449381,7.280109889,19.84943324,6.708203932,19.20937271,6.708203932,19.41648784,3.605551275,18.60107524,5.830951895,20,4.472135955,18.60107524,4.472135955,19.41648784,3.605551275,17.20465053,3.605551275,16.64331698,5.656854249,18.02775638,3.605551275,18.86796226,3.16227766,17.20465053,4.123105626,17.20465053,4.123105626,17.49285568,5.099019514,16.64331698,4.472135955,16.1245155,5,16.64331698,5,15.65247584,5.099019514,16.1245155,5.099019514,14.76482306,6,13.89244399,6.32455532,14.31782106,7.280109889,12.08304597,7.280109889,13,7.615773106,12.64911064
19.10497317,9.486832981,18.43908891,9.848857802,19.84943324,8.544003745,19.20937271,8.544003745,19.20937271,8.062257748,19.20937271,8.062257748,19.20937271,7.211102551,19.20937271,7.211102551,19.20937271,7.071067812,19.20937271,7.071067812,19.41648784,6.403124237,18.86796226,5.830951895,17.20465053,6.403124237,18.02775638,6.403124237,18.86796226,5.830951895,18.02775638,6.403124237,16.64331698,5.385164807,16.64331698,5.830951895,16.64331698,5.830951895,15.65247584,6.708203932,16.1245155,6.708203932,14.31782106,6.708203932,14.76482306,7.615773106,15.65247584,8.544003745,14.31782106,7.615773106,13.41640786,8.544003745
18.86796226,10.81665383,20.24845673,11.66190379,17,12.80624847,18.35755975,10.63014581,19.72308292,10,18.35755975,12.04159458,18.35755975,13.45362405,18.02775638,10.63014581,17.49285568,10.63014581,16.1245155,12.04159458,18.02775638,12.04159458,15.8113883,10,16.64331698,12.08304597,16.40121947,11.66190379,16.40121947,10.29563014,15.62049935,11.18033989,14.86606875,12.36931688,14.86606875,9.486832981,15.62049935,9.486832981,14.4222051,11.18033989,14.86606875,11.40175425,14.2126704,10.04987562,12.80624847,11.04536102,14.14213562,9,14.86606875,9,14.86606875,10.04987562
6.08276253,18.60107524,4.123105626,18.43908891,3.16227766,17.20465053,3.605551275,19.10497317,2.828427125,17.80449381,2,17.69180601,3,17.88854382,5.099019514,17.20465053,8,19.10497317,4.472135955,17.80449381,3,17.80449381,4.123105626,18.43908891,3.16227766,17.02938637,4.123105626,17.49285568,5,17.49285568,5.385164807,17.4642492,5,16.64331698,4,18.38477631,5.830951895,17,5.099019514,16.1245155,6.08276253,15.65247584,7,15.65247584,5.099019514,14.31782106,6.08276253,13,7.280109889,12.08304597,7,13
15.55634919,16.64331698,15.55634919,18.35755975,16.2788206,17.88854382,15.62049935,17,17.02938637,14.76482306,15.8113883,15.26433752,16.40121947,15.26433752,15.8113883,15.26433752,15.8113883,15,15.8113883,14.86606875,17.49285568,15.62049935,14.76482306,14.4222051,16.64331698,12.80624847,16.1245155,14.86606875,15.65247584,12.80624847,15.65247584,12.04159458,13.89244399,12.04159458,13,12.80624847,14.76482306,12.04159458,13.92838828,12.04159458,14.31782106,12.72792206,13.60147051,11.3137085,13.34166406,12.04159458,12.64911064,12.80624847,12.36931688,13.60147051,12.04159458,13.60147051
17.02938637,10.77032961,18.38477631,9.848857802,19.10497317,10.29563014,17.80449381,10.77032961,18.43908891,8.94427191,18.43908891,8.602325267,18.43908891,9.433981132,17.80449381,8.94427191,17.80449381,7.810249676,17.80449381,9.899494937,18.60107524,8.602325267,17.49285568,7.810249676,17.49285568,9.219544457,17.49285568,7.071067812,16.64331698,8.485281374,17,7.071067812,17.88854382,7.810249676,16.1245155,7.810249676,16.55294536,6.403124237,16.55294536,7.810249676,16.15549442,9.219544457,15.23154621,7.810249676,13.60147051,7.211102551,13.60147051,8.94427191,12.64911064,8.94427191,14.56021978,9.848857802
4,22.8035085,6.08276253,22.8035085,5.099019514,23.43074903,5,23.02172887,5,22.20360331,4.472135955,22.8035085,5.656854249,22.02271555,5.656854249,22.02271555,5.656854249,21.40093456,6.403124237,19.84943324,5.099019514,23.43074903,5.830951895,20.24845673,6.32455532,22.20360331,6.708203932,19.41648784,6.32455532,22.02271555,5.099019514,21.63330765,7.071067812,19.20937271,4.472135955,19.20937271,6.08276253,18.86796226,5,18.86796226,6.32455532,19.41648784,6.32455532,18.02775638,5.830951895,18.02775638,7.211102551,17.20465053,5,17.20465053,5.656854249,16.64331698
16.97056275,7.280109889,17.20465053,6.32455532,17.69180601,7.071067812,18.02775638,6.32455532,17.69180601,5.385164807,17.80449381,5.385164807,18.60107524,5,16.64331698,4.242640687,16.64331698,5,15.26433752,5,16.64331698,5,16.1245155,5.656854249,16.1245155,5.656854249,16.64331698,5.656854249,16.64331698,4.242640687,16.1245155,4.472135955,17,4.472135955,13.89244399,5.385164807,14.76482306,5.385164807,13.41640786,6.32455532,13.41640786,5.099019514,14.31782106,6.08276253,13,8.246211251,13,8.246211251,13.92838828,7.280109889,12.64911064,8.062257748
12.20655562,18.02775638,13.03840481,18.35755975,14.86606875,18.02775638,14.14213562,20.24845673,14.2126704,19.41648784,14.86606875,16.1245155,15,18.43908891,15,18.60107524,15,15.26433752,13.89244399,15.65247584,15.26433752,15.8113883,14.4222051,16.40121947,13.41640786,17.02938637,12.52996409,15.62049935,14.76482306,14.2126704,14.4222051,15.62049935,13.41640786,15.62049935,12.52996409,14.14213562,13.92838828,14.86606875,11.40175425,14.86606875,11.40175425,13.45362405,12.36931688,14.2126704,11.18033989,14.86606875,11,15.55634919,10.04987562,13.45362405,11,14.86606875
15.8113883,11.40175425,17,12.04159458,14.76482306,12.72792206,15.8113883,11.3137085,13.89244399,11.3137085,15.65247584,12.80624847,14.76482306,11.40175425,13.03840481,11.40175425,12.80624847,10.81665383,13.45362405,11.18033989,12.80624847,13.03840481,12.80624847,12.20655562,12.80624847,11.18033989,13.03840481,12.08304597,11.40175425,10.77032961,13.60147051,11.66190379,11.40175425,12.08304597,12.72792206,10.77032961,10.63014581,11.70469991,11.3137085,9.219544457,11.3137085,9.486832981,12.04159458,9.486832981,12.04159458,9.055385138,12.72792206,10.19803903,12.72792206,9,12.04159458,9
18.86796226,14.14213562,17.20465053,14.86606875,18.02775638,16.2788206,18.60107524,14.86606875,17.49285568,14.4222051,17.20465053,15.62049935,18.86796226,15.62049935,18.60107524,15.8113883,18.60107524,16.64331698,18.38477631,13.89244399,17.02938637,16.1245155,16.40121947,15.65247584,15.62049935,15.26433752,16.2788206,15.65247584,16.97056275,15.23154621,15,14.31782106,15.62049935,13.92838828,14.86606875,14.86606875,14.14213562,14.56021978,15.62049935,13.60147051,14.14213562,12.64911064,13.45362405,13.15294644,14.14213562,12.16552506,14.14213562,12.04159458,15.55634919,11,14.86606875,12.04159458
13.45362405,14.76482306,14.14213562,14.76482306,15.62049935,13.89244399,15,14.4222051,14.86606875,14.4222051,15.62049935,12.80624847,16.2788206,12.80624847,14.4222051,12.04159458,14.86606875,12.04159458,14.4222051,13.45362405,13.89244399,12.04159458,15.26433752,12.80624847,13.03840481,12.80624847,13.89244399,12.80624847,14.76482306,12.04159458,13.03840481,11.3137085,12.52996409,11.3137085,13.41640786,10.63014581,12.08304597,12.04159458,11.70469991,10.63014581,11.40175425,10.63014581,13.34166406,12.72792206,10.44030651,10.81665383,10.04987562,11.40175425,11.04536102,12.04159458,11.04536102,12.04159458
10.29563014,19.72308292,12.20655562,18.86796226,12.20655562,18.86796226,12.04159458,20.1246118,12.04159458,18.60107524,12.20655562,19.41648784,14.86606875,18.35755975,12.72792206,18.02775638,13.45362405,17.02938637,13.60147051,17.80449381,13.45362405,17.02938637,12.80624847,16.40121947,12.08304597,17.02938637,12.52996409,17.69180601,11.70469991,15.26433752,12.08304597,16.2788206,13.41640786,16.40121947,10.77032961,14.14213562,13.60147051,15,10.19803903,15,11.40175425,13.89244399,12.16552506,14.86606875,10.19803903,15.62049935,12.04159458,14.2126704,10.04987562,13.45362405,9.055385138,14.86606875
23.85372088,8.246211251,23.85372088,9.219544457,23.60084744,7.280109889,23.60084744,7.810249676,20.80865205,10,21.09502311,8.062257748,21.09502311,9.219544457,22.02271555,8.485281374,20.80865205,7.071067812,18.86796226,9.899494937,21.63330765,10,19.41648784,8.062257748,19.41648784,8.94427191,20.61552813,8.062257748,20.24845673,8.602325267,19.41648784,8.544003745,19.41648784,9.219544457,17.80449381,7.615773106,19.10497317,9.219544457,18.60107524,8.246211251,18.43908891,8.544003745,17.80449381,8,18.02775638,7.071067812,17.20465053,8.544003745,18.60107524,7.280109889,16.40121947,8.544003745
22.02271555,2.828427125,22.02271555,3.605551275,22.8035085,2.828427125,22.20360331,2.828427125,22.20360331,2,24.20743687,2.236067977,23.43074903,1.414213562,23.60084744,2.236067977,22.8035085,1,22.6715681,1.414213562,22.8035085,1.414213562,22.47220505,2.236067977,23.32380758,3.16227766,20,3,21.40093456,1.414213562,21.63330765,5.385164807,20.24845673,2.828427125,21.09502311,3.605551275,19.41648784,3.605551275,18.86796226,3.605551275,18.02775638,4.123105626,18.35755975,4.123105626,17.49285568,6.403124237,16.64331698,7.071067812,18.35755975,6.32455532,17.49285568,7.211102551
11.70469991,18.43908891,10.77032961,17.02938637,10.29563014,16.2788206,10.77032961,19.20937271,9.433981132,17.69180601,9.433981132,18.43908891,9.433981132,18.43908891,8.062257748,17.20465053,8.485281374,18.60107524,8.485281374,17.20465053,8.485281374,18.02775638,8.602325267,17.49285568,7.810249676,17.20465053,7.071067812,17.20465053,7.071067812,17,7.211102551,17.88854382,7.071067812,16.15549442,7.810249676,14.76482306,7.211102551,15.65247584,6.708203932,14.76482306,8.062257748,14.31782106,8.062257748,13.92838828,8.062257748,13.92838828,9.848857802,13.92838828,8.544003745,13.60147051,9.848857802,13.34166406
